{"level":"info","message":"⌛ Validating parciales/hablemosSinSaber/resoProfes.wlk","timeElapsed":154,"timestamp":"2025-12-12T02:45:07.345Z"}
{"level":"info","message":"⌛ Validating parciales/hablemosSinSaber/resoProfes.wlk","timeElapsed":144,"timestamp":"2025-12-12T02:45:07.498Z"}
{"level":"info","message":"⌛ Validating parciales/hablemosSinSaber/resoProfes.wlk","timeElapsed":144,"timestamp":"2025-12-12T02:45:07.644Z"}
{"level":"info","message":"⌛ Building environment","timeElapsed":105,"timestamp":"2025-12-12T02:45:07.750Z"}
{"level":"info","message":"⌛ Validating parciales/hablemosSinSaber/resoProfes.wlk","timeElapsed":145,"timestamp":"2025-12-12T02:45:07.951Z"}
{"level":"info","message":"⌛ Building environment","timeElapsed":136,"timestamp":"2025-12-12T02:45:08.089Z"}
{"level":"error","message":"✘ Completions for node Self ([113:28, 113:32] - parciales/hablemosSinSaber/resoProfes.wlk) failed: Error: [Self]{294bbc} at parciales/hablemosSinSaber/resoProfes.wlk:113 exhausted all cases without a match [Self]{294bbc} at parciales/hablemosSinSaber/resoProfes.wlk:113 exhausted all cases without a match","stack":"Error: [Self]{294bbc} at parciales/hablemosSinSaber/resoProfes.wlk:113 exhausted all cases without a match\n    at c:\\Users\\edu\\.vscode\\extensions\\uqbar.wollok-lsp-ide-0.5.3\\out\\server\\src\\server.js:38:6142\n    at D2 (c:\\Users\\edu\\.vscode\\extensions\\uqbar.wollok-lsp-ide-0.5.3\\out\\server\\src\\server.js:2384:42)\n    at c:\\Users\\edu\\.vscode\\extensions\\uqbar.wollok-lsp-ide-0.5.3\\out\\server\\src\\server.js:2384:2988\n    at c:\\Users\\edu\\.vscode\\extensions\\uqbar.wollok-lsp-ide-0.5.3\\out\\server\\src\\server.js:2393:8440\n    at c:\\Users\\edu\\.vscode\\extensions\\uqbar.wollok-lsp-ide-0.5.3\\out\\server\\src\\server.js:37:74872\n    at Ye (c:\\Users\\edu\\.vscode\\extensions\\uqbar.wollok-lsp-ide-0.5.3\\out\\server\\src\\server.js:7:8527)\n    at qt (c:\\Users\\edu\\.vscode\\extensions\\uqbar.wollok-lsp-ide-0.5.3\\out\\server\\src\\server.js:7:6189)\n    at ot (c:\\Users\\edu\\.vscode\\extensions\\uqbar.wollok-lsp-ide-0.5.3\\out\\server\\src\\server.js:7:6378)\n    at Immediate._onImmediate (c:\\Users\\edu\\.vscode\\extensions\\uqbar.wollok-lsp-ide-0.5.3\\out\\server\\src\\server.js:7:6142)\n    at process.processImmediate (node:internal/timers:485:21)","timestamp":"2025-12-12T02:45:08.126Z"}
{"level":"error","message":"✘ Completions for node Return (undefined - parciales/hablemosSinSaber/resoProfes.wlk) failed: Error: [Return]{2d7bd8} at parciales/hablemosSinSaber/resoProfes.wlk:-- exhausted all cases without a match [Return]{2d7bd8} at parciales/hablemosSinSaber/resoProfes.wlk:-- exhausted all cases without a match","stack":"Error: [Return]{2d7bd8} at parciales/hablemosSinSaber/resoProfes.wlk:-- exhausted all cases without a match\n    at c:\\Users\\edu\\.vscode\\extensions\\uqbar.wollok-lsp-ide-0.5.3\\out\\server\\src\\server.js:38:6142\n    at D2 (c:\\Users\\edu\\.vscode\\extensions\\uqbar.wollok-lsp-ide-0.5.3\\out\\server\\src\\server.js:2384:42)\n    at Qh (c:\\Users\\edu\\.vscode\\extensions\\uqbar.wollok-lsp-ide-0.5.3\\out\\server\\src\\server.js:2384:1092)\n    at D2 (c:\\Users\\edu\\.vscode\\extensions\\uqbar.wollok-lsp-ide-0.5.3\\out\\server\\src\\server.js:2384:544)\n    at c:\\Users\\edu\\.vscode\\extensions\\uqbar.wollok-lsp-ide-0.5.3\\out\\server\\src\\server.js:2384:2988\n    at c:\\Users\\edu\\.vscode\\extensions\\uqbar.wollok-lsp-ide-0.5.3\\out\\server\\src\\server.js:2393:8440\n    at c:\\Users\\edu\\.vscode\\extensions\\uqbar.wollok-lsp-ide-0.5.3\\out\\server\\src\\server.js:37:74872\n    at Ye (c:\\Users\\edu\\.vscode\\extensions\\uqbar.wollok-lsp-ide-0.5.3\\out\\server\\src\\server.js:7:8527)\n    at qt (c:\\Users\\edu\\.vscode\\extensions\\uqbar.wollok-lsp-ide-0.5.3\\out\\server\\src\\server.js:7:6189)\n    at ot (c:\\Users\\edu\\.vscode\\extensions\\uqbar.wollok-lsp-ide-0.5.3\\out\\server\\src\\server.js:7:6378)","timestamp":"2025-12-12T02:45:08.126Z"}
{"level":"info","message":"⌛ Building environment","timeElapsed":117,"timestamp":"2025-12-12T02:45:08.247Z"}
{"level":"info","message":"⌛ Validating parciales/hablemosSinSaber/resoProfes.wlk","timeElapsed":132,"timestamp":"2025-12-12T02:45:08.430Z"}
{"level":"info","message":"⌛ Validating parciales/hablemosSinSaber/resoProfes.wlk","timeElapsed":131,"timestamp":"2025-12-12T02:45:08.569Z"}
{"level":"info","message":"⌛ Building environment","timeElapsed":119,"timestamp":"2025-12-12T02:45:11.318Z"}
{"level":"info","message":"⌛ Validating parciales/hablemosSinSaber/resoProfes.wlk","timeElapsed":147,"timestamp":"2025-12-12T02:45:11.465Z"}
{"level":"info","message":"⌛ Building environment","timeElapsed":118,"timestamp":"2025-12-12T02:45:11.584Z"}
{"level":"info","message":"⌛ Building environment","timeElapsed":111,"timestamp":"2025-12-12T02:45:11.695Z"}
{"level":"info","message":"⌛ Building environment","timeElapsed":223,"timestamp":"2025-12-12T02:45:11.919Z"}
{"level":"info","message":"⌛ Validating parciales/hablemosSinSaber/resoProfes.wlk","timeElapsed":156,"timestamp":"2025-12-12T02:45:12.075Z"}
{"level":"info","message":"⌛ Validating parciales/hablemosSinSaber/resoProfes.wlk","timeElapsed":135,"timestamp":"2025-12-12T02:45:12.319Z"}
{"level":"info","message":"⌛ Building environment","timeElapsed":119,"timestamp":"2025-12-12T02:45:12.439Z"}
{"level":"info","message":"⌛ Building environment","timeElapsed":117,"timestamp":"2025-12-12T02:45:12.557Z"}
{"level":"info","message":"⌛ Validating parciales/hablemosSinSaber/resoProfes.wlk","timeElapsed":131,"timestamp":"2025-12-12T02:45:12.774Z"}
{"level":"info","message":"⌛ Validating parciales/hablemosSinSaber/resoProfes.wlk","timeElapsed":140,"timestamp":"2025-12-12T02:45:12.915Z"}
{"level":"info","message":"⌛ Validating parciales/hablemosSinSaber/resoProfes.wlk","timeElapsed":125,"timestamp":"2025-12-12T02:45:13.045Z"}
{"level":"info","message":"⌛ Validating parciales/hablemosSinSaber/resoProfes.wlk","timeElapsed":119,"timestamp":"2025-12-12T02:45:13.165Z"}
{"level":"info","message":"⌛ Validating parciales/hablemosSinSaber/resoProfes.wlk","timeElapsed":116,"timestamp":"2025-12-12T02:45:13.287Z"}
{"level":"info","message":"⌛ Building environment","timeElapsed":125,"timestamp":"2025-12-12T02:45:16.318Z"}
{"level":"info","message":"⌛ Validating parciales/hablemosSinSaber/resoProfes.wlk","timeElapsed":119,"timestamp":"2025-12-12T02:45:16.437Z"}
{"level":"info","message":"⌛ Building environment","timeElapsed":108,"timestamp":"2025-12-12T02:45:17.417Z"}
{"level":"info","message":"⌛ Validating parciales/hablemosSinSaber/resoProfes.wlk","timeElapsed":125,"timestamp":"2025-12-12T02:45:17.542Z"}
{"level":"info","message":"⌛ Validating parciales/hablemosSinSaber/resoProfes.wlk","timeElapsed":144,"timestamp":"2025-12-12T02:45:17.945Z"}
{"level":"info","message":"⌛ Validating parciales/hablemosSinSaber/resoProfes.wlk","timeElapsed":118,"timestamp":"2025-12-12T02:45:18.065Z"}
{"level":"info","message":"⌛ Building environment","timeElapsed":106,"timestamp":"2025-12-12T02:45:18.363Z"}
{"level":"info","message":"⌛ Validating parciales/hablemosSinSaber/resoProfes.wlk","timeElapsed":113,"timestamp":"2025-12-12T02:45:18.549Z"}
{"level":"info","message":"⌛ Building environment","timeElapsed":107,"timestamp":"2025-12-12T02:45:18.656Z"}
{"level":"info","message":"⌛ Validating parciales/hablemosSinSaber/resoProfes.wlk","timeElapsed":128,"timestamp":"2025-12-12T02:45:18.784Z"}
{"level":"info","message":"⌛ Validating parciales/hablemosSinSaber/resoProfes.wlk","timeElapsed":147,"timestamp":"2025-12-12T02:45:19.010Z"}
{"level":"info","message":"⌛ Building environment","timeElapsed":126,"timestamp":"2025-12-12T02:45:19.137Z"}
{"level":"info","message":"⌛ Validating parciales/hablemosSinSaber/resoProfes.wlk","timeElapsed":133,"timestamp":"2025-12-12T02:45:19.275Z"}
{"level":"info","message":"⌛ Validating parciales/hablemosSinSaber/resoProfes.wlk","timeElapsed":124,"timestamp":"2025-12-12T02:45:19.403Z"}
{"level":"info","message":"⌛ Validating parciales/hablemosSinSaber/resoProfes.wlk","timeElapsed":117,"timestamp":"2025-12-12T02:45:19.522Z"}
{"level":"info","message":"⌛ Building environment","timeElapsed":141,"timestamp":"2025-12-12T02:45:19.713Z"}
{"level":"info","message":"⌛ Validating parciales/hablemosSinSaber/resoProfes.wlk","timeElapsed":133,"timestamp":"2025-12-12T02:45:19.846Z"}
{"level":"info","message":"⌛ Validating parciales/hablemosSinSaber/resoProfes.wlk","timeElapsed":130,"timestamp":"2025-12-12T02:45:21.326Z"}
{"level":"info","message":"⌛ Building environment","timeElapsed":126,"timestamp":"2025-12-12T02:45:21.656Z"}
{"level":"info","message":"⌛ Validating parciales/hablemosSinSaber/resoProfes.wlk","timeElapsed":152,"timestamp":"2025-12-12T02:45:21.809Z"}
{"level":"info","message":"⌛ Building environment","timeElapsed":101,"timestamp":"2025-12-12T02:45:22.619Z"}
{"level":"info","message":"⌛ Validating parciales/hablemosSinSaber/resoProfes.wlk","timeElapsed":135,"timestamp":"2025-12-12T02:45:22.754Z"}
{"level":"info","message":"⌛ Building environment","timeElapsed":124,"timestamp":"2025-12-12T02:45:22.879Z"}
{"level":"info","message":"⌛ Validating parciales/hablemosSinSaber/resoProfes.wlk","timeElapsed":126,"timestamp":"2025-12-12T02:45:23.005Z"}
{"level":"info","message":"⌛ Building environment","timeElapsed":123,"timestamp":"2025-12-12T02:45:24.241Z"}
{"level":"info","message":"⌛ Validating parciales/hablemosSinSaber/resoProfes.wlk","timeElapsed":146,"timestamp":"2025-12-12T02:45:24.388Z"}
{"level":"info","message":"⌛ Building environment","timeElapsed":121,"timestamp":"2025-12-12T02:45:30.055Z"}
{"level":"info","message":"⌛ Building environment","timeElapsed":112,"timestamp":"2025-12-12T02:45:30.167Z"}
{"level":"info","message":"⌛ Validating parciales/hablemosSinSaber/resoProfes.wlk","timeElapsed":156,"timestamp":"2025-12-12T02:45:30.324Z"}
{"level":"info","message":"⌛ Validating parciales/hablemosSinSaber/resoProfes.wlk","timeElapsed":157,"timestamp":"2025-12-12T02:45:30.483Z"}
{"level":"info","message":"⌛ Validating parciales/hablemosSinSaber/resoProfes.wlk","timeElapsed":130,"timestamp":"2025-12-12T02:45:30.791Z"}
{"level":"info","message":"⌛ Building environment","timeElapsed":116,"timestamp":"2025-12-12T02:45:32.252Z"}
{"level":"error","message":"✘ Completions for node Send ([113:28, 113:62] - parciales/hablemosSinSaber/resoProfes.wlk) failed: Error: [Send]{eef993} at parciales/hablemosSinSaber/resoProfes.wlk:113 exhausted all cases without a match [Send]{eef993} at parciales/hablemosSinSaber/resoProfes.wlk:113 exhausted all cases without a match","stack":"Error: [Send]{eef993} at parciales/hablemosSinSaber/resoProfes.wlk:113 exhausted all cases without a match\n    at c:\\Users\\edu\\.vscode\\extensions\\uqbar.wollok-lsp-ide-0.5.3\\out\\server\\src\\server.js:38:6142\n    at D2 (c:\\Users\\edu\\.vscode\\extensions\\uqbar.wollok-lsp-ide-0.5.3\\out\\server\\src\\server.js:2384:42)\n    at Qh (c:\\Users\\edu\\.vscode\\extensions\\uqbar.wollok-lsp-ide-0.5.3\\out\\server\\src\\server.js:2384:1092)\n    at k6n (c:\\Users\\edu\\.vscode\\extensions\\uqbar.wollok-lsp-ide-0.5.3\\out\\server\\src\\server.js:2384:1248)\n    at c:\\Users\\edu\\.vscode\\extensions\\uqbar.wollok-lsp-ide-0.5.3\\out\\server\\src\\server.js:38:6131\n    at D2 (c:\\Users\\edu\\.vscode\\extensions\\uqbar.wollok-lsp-ide-0.5.3\\out\\server\\src\\server.js:2384:42)\n    at c:\\Users\\edu\\.vscode\\extensions\\uqbar.wollok-lsp-ide-0.5.3\\out\\server\\src\\server.js:2384:2988\n    at c:\\Users\\edu\\.vscode\\extensions\\uqbar.wollok-lsp-ide-0.5.3\\out\\server\\src\\server.js:2393:8440\n    at c:\\Users\\edu\\.vscode\\extensions\\uqbar.wollok-lsp-ide-0.5.3\\out\\server\\src\\server.js:37:74872\n    at Ye (c:\\Users\\edu\\.vscode\\extensions\\uqbar.wollok-lsp-ide-0.5.3\\out\\server\\src\\server.js:7:8527)","timestamp":"2025-12-12T02:45:32.323Z"}
{"level":"error","message":"✘ Completions for node Return (undefined - parciales/hablemosSinSaber/resoProfes.wlk) failed: Error: [Return]{4c48b9} at parciales/hablemosSinSaber/resoProfes.wlk:-- exhausted all cases without a match [Return]{4c48b9} at parciales/hablemosSinSaber/resoProfes.wlk:-- exhausted all cases without a match","stack":"Error: [Return]{4c48b9} at parciales/hablemosSinSaber/resoProfes.wlk:-- exhausted all cases without a match\n    at c:\\Users\\edu\\.vscode\\extensions\\uqbar.wollok-lsp-ide-0.5.3\\out\\server\\src\\server.js:38:6142\n    at D2 (c:\\Users\\edu\\.vscode\\extensions\\uqbar.wollok-lsp-ide-0.5.3\\out\\server\\src\\server.js:2384:42)\n    at Qh (c:\\Users\\edu\\.vscode\\extensions\\uqbar.wollok-lsp-ide-0.5.3\\out\\server\\src\\server.js:2384:1092)\n    at D2 (c:\\Users\\edu\\.vscode\\extensions\\uqbar.wollok-lsp-ide-0.5.3\\out\\server\\src\\server.js:2384:544)\n    at Qh (c:\\Users\\edu\\.vscode\\extensions\\uqbar.wollok-lsp-ide-0.5.3\\out\\server\\src\\server.js:2384:1092)\n    at k6n (c:\\Users\\edu\\.vscode\\extensions\\uqbar.wollok-lsp-ide-0.5.3\\out\\server\\src\\server.js:2384:1248)\n    at c:\\Users\\edu\\.vscode\\extensions\\uqbar.wollok-lsp-ide-0.5.3\\out\\server\\src\\server.js:38:6131\n    at D2 (c:\\Users\\edu\\.vscode\\extensions\\uqbar.wollok-lsp-ide-0.5.3\\out\\server\\src\\server.js:2384:42)\n    at c:\\Users\\edu\\.vscode\\extensions\\uqbar.wollok-lsp-ide-0.5.3\\out\\server\\src\\server.js:2384:2988\n    at c:\\Users\\edu\\.vscode\\extensions\\uqbar.wollok-lsp-ide-0.5.3\\out\\server\\src\\server.js:2393:8440","timestamp":"2025-12-12T02:45:32.323Z"}
{"level":"info","message":"⌛ Building environment","timeElapsed":119,"timestamp":"2025-12-12T02:45:32.446Z"}
{"level":"info","message":"⌛ Validating parciales/hablemosSinSaber/resoProfes.wlk","timeElapsed":165,"timestamp":"2025-12-12T02:45:32.611Z"}
{"level":"info","message":"⌛ Building environment","timeElapsed":107,"timestamp":"2025-12-12T02:45:32.718Z"}
{"level":"info","message":"⌛ Building environment","timeElapsed":102,"timestamp":"2025-12-12T02:45:32.821Z"}
{"level":"info","message":"⌛ Validating parciales/hablemosSinSaber/resoProfes.wlk","timeElapsed":172,"timestamp":"2025-12-12T02:45:33.007Z"}
{"level":"info","message":"⌛ Building environment","timeElapsed":119,"timestamp":"2025-12-12T02:45:33.127Z"}
{"level":"info","message":"⌛ Validating parciales/hablemosSinSaber/resoProfes.wlk","timeElapsed":150,"timestamp":"2025-12-12T02:45:33.319Z"}
{"level":"info","message":"⌛ Validating parciales/hablemosSinSaber/resoProfes.wlk","timeElapsed":140,"timestamp":"2025-12-12T02:45:33.459Z"}
{"level":"info","message":"⌛ Validating parciales/hablemosSinSaber/resoProfes.wlk","timeElapsed":141,"timestamp":"2025-12-12T02:45:33.607Z"}
{"level":"info","message":"⌛ Building environment","timeElapsed":119,"timestamp":"2025-12-12T02:45:43.731Z"}
{"level":"info","message":"⌛ Building environment","timeElapsed":123,"timestamp":"2025-12-12T02:45:43.855Z"}
{"level":"info","message":"⌛ Validating parciales/hablemosSinSaber/resoProfes.wlk","timeElapsed":152,"timestamp":"2025-12-12T02:45:44.007Z"}
{"level":"info","message":"⌛ Building environment","timeElapsed":135,"timestamp":"2025-12-12T02:45:44.144Z"}
{"level":"info","message":"⌛ Validating parciales/hablemosSinSaber/resoProfes.wlk","timeElapsed":163,"timestamp":"2025-12-12T02:45:44.308Z"}
{"level":"info","message":"⌛ Building environment","timeElapsed":106,"timestamp":"2025-12-12T02:45:44.416Z"}
{"level":"info","message":"⌛ Validating parciales/hablemosSinSaber/resoProfes.wlk","timeElapsed":144,"timestamp":"2025-12-12T02:45:44.592Z"}
{"level":"info","message":"⌛ Building environment","timeElapsed":169,"timestamp":"2025-12-12T02:45:44.762Z"}
{"level":"info","message":"⌛ Validating parciales/hablemosSinSaber/resoProfes.wlk","timeElapsed":173,"timestamp":"2025-12-12T02:45:44.947Z"}
{"level":"info","message":"⌛ Validating parciales/hablemosSinSaber/resoProfes.wlk","timeElapsed":154,"timestamp":"2025-12-12T02:45:45.113Z"}
{"level":"info","message":"⌛ Building environment","timeElapsed":117,"timestamp":"2025-12-12T02:45:45.230Z"}
{"level":"info","message":"⌛ Building environment","timeElapsed":120,"timestamp":"2025-12-12T02:45:45.351Z"}
{"level":"info","message":"⌛ Building environment","timeElapsed":188,"timestamp":"2025-12-12T02:45:45.540Z"}
{"level":"info","message":"⌛ Building environment","timeElapsed":103,"timestamp":"2025-12-12T02:45:45.654Z"}
{"level":"info","message":"⌛ Validating parciales/hablemosSinSaber/resoProfes.wlk","timeElapsed":129,"timestamp":"2025-12-12T02:45:45.811Z"}
{"level":"info","message":"⌛ Validating parciales/hablemosSinSaber/resoProfes.wlk","timeElapsed":150,"timestamp":"2025-12-12T02:45:46.059Z"}
{"level":"info","message":"⌛ Validating parciales/hablemosSinSaber/resoProfes.wlk","timeElapsed":117,"timestamp":"2025-12-12T02:45:46.184Z"}
{"level":"info","message":"⌛ Validating parciales/hablemosSinSaber/resoProfes.wlk","timeElapsed":139,"timestamp":"2025-12-12T02:45:46.323Z"}
{"level":"info","message":"⌛ Building environment","timeElapsed":108,"timestamp":"2025-12-12T02:45:46.432Z"}
{"level":"info","message":"⌛ Validating parciales/hablemosSinSaber/resoProfes.wlk","timeElapsed":138,"timestamp":"2025-12-12T02:45:46.788Z"}
{"level":"info","message":"⌛ Building environment","timeElapsed":106,"timestamp":"2025-12-12T02:45:46.896Z"}
{"level":"info","message":"⌛ Validating parciales/hablemosSinSaber/resoProfes.wlk","timeElapsed":124,"timestamp":"2025-12-12T02:45:47.020Z"}
{"level":"info","message":"⌛ Validating parciales/hablemosSinSaber/resoProfes.wlk","timeElapsed":118,"timestamp":"2025-12-12T02:45:47.223Z"}
{"level":"info","message":"⌛ Validating parciales/hablemosSinSaber/resoProfes.wlk","timeElapsed":140,"timestamp":"2025-12-12T02:45:47.364Z"}
{"level":"info","message":"⌛ Validating parciales/hablemosSinSaber/resoProfes.wlk","timeElapsed":118,"timestamp":"2025-12-12T02:45:47.492Z"}
{"level":"info","message":"⌛ Validating parciales/hablemosSinSaber/resoProfes.wlk","timeElapsed":115,"timestamp":"2025-12-12T02:45:47.608Z"}
{"level":"info","message":"⌛ Building environment","timeElapsed":102,"timestamp":"2025-12-12T02:45:47.710Z"}
{"level":"info","message":"⌛ Validating parciales/hablemosSinSaber/resoProfes.wlk","timeElapsed":115,"timestamp":"2025-12-12T02:45:47.951Z"}
{"level":"info","message":"⌛ Validating parciales/hablemosSinSaber/resoProfes.wlk","timeElapsed":134,"timestamp":"2025-12-12T02:45:48.086Z"}
{"level":"info","message":"⌛ Validating parciales/hablemosSinSaber/resoProfes.wlk","timeElapsed":123,"timestamp":"2025-12-12T02:45:48.818Z"}
{"level":"info","message":"⌛ Validating parciales/hablemosSinSaber/resoProfes.wlk","timeElapsed":117,"timestamp":"2025-12-12T02:45:49.125Z"}
{"level":"info","message":"⌛ Validating parciales/hablemosSinSaber/resoProfes.wlk","timeElapsed":124,"timestamp":"2025-12-12T02:45:49.385Z"}
{"level":"info","message":"⌛ Building environment","timeElapsed":105,"timestamp":"2025-12-12T02:45:49.640Z"}
{"level":"info","message":"⌛ Validating parciales/hablemosSinSaber/resoProfes.wlk","timeElapsed":162,"timestamp":"2025-12-12T02:45:49.802Z"}
{"level":"info","message":"⌛ Building environment","timeElapsed":128,"timestamp":"2025-12-12T02:45:50.027Z"}
{"level":"info","message":"⌛ Validating parciales/hablemosSinSaber/resoProfes.wlk","timeElapsed":120,"timestamp":"2025-12-12T02:45:50.216Z"}
{"level":"info","message":"⌛ Validating parciales/hablemosSinSaber/resoProfes.wlk","timeElapsed":109,"timestamp":"2025-12-12T02:45:50.328Z"}
{"level":"info","message":"⌛ Validating parciales/hablemosSinSaber/resoProfes.wlk","timeElapsed":121,"timestamp":"2025-12-12T02:45:50.452Z"}
{"level":"info","message":"⌛ Building environment","timeElapsed":106,"timestamp":"2025-12-12T02:45:50.604Z"}
{"level":"info","message":"⌛ Validating parciales/hablemosSinSaber/resoProfes.wlk","timeElapsed":124,"timestamp":"2025-12-12T02:45:50.753Z"}
{"level":"info","message":"⌛ Building environment","timeElapsed":122,"timestamp":"2025-12-12T02:45:50.875Z"}
{"level":"info","message":"⌛ Validating parciales/hablemosSinSaber/resoProfes.wlk","timeElapsed":122,"timestamp":"2025-12-12T02:45:51.128Z"}
{"level":"info","message":"⌛ Validating parciales/hablemosSinSaber/resoProfes.wlk","timeElapsed":149,"timestamp":"2025-12-12T02:45:51.374Z"}
{"level":"info","message":"⌛ Validating parciales/hablemosSinSaber/resoProfes.wlk","timeElapsed":119,"timestamp":"2025-12-12T02:45:51.497Z"}
{"level":"info","message":"⌛ Building environment","timeElapsed":102,"timestamp":"2025-12-12T02:45:51.600Z"}
{"level":"info","message":"⌛ Validating parciales/hablemosSinSaber/resoProfes.wlk","timeElapsed":123,"timestamp":"2025-12-12T02:45:51.849Z"}
{"level":"info","message":"⌛ Validating parciales/hablemosSinSaber/resoProfes.wlk","timeElapsed":134,"timestamp":"2025-12-12T02:45:51.983Z"}
{"level":"info","message":"⌛ Building environment","timeElapsed":145,"timestamp":"2025-12-12T02:45:52.443Z"}
{"level":"info","message":"⌛ Validating parciales/hablemosSinSaber/resoProfes.wlk","timeElapsed":130,"timestamp":"2025-12-12T02:45:52.574Z"}
{"level":"info","message":"⌛ Building environment","timeElapsed":110,"timestamp":"2025-12-12T02:45:52.684Z"}
{"level":"info","message":"⌛ Validating parciales/hablemosSinSaber/resoProfes.wlk","timeElapsed":146,"timestamp":"2025-12-12T02:45:52.840Z"}
{"level":"info","message":"⌛ Validating parciales/hablemosSinSaber/resoProfes.wlk","timeElapsed":158,"timestamp":"2025-12-12T02:45:52.999Z"}
{"level":"info","message":"⌛ Validating parciales/hablemosSinSaber/resoProfes.wlk","timeElapsed":132,"timestamp":"2025-12-12T02:45:53.142Z"}
{"level":"info","message":"⌛ Validating parciales/hablemosSinSaber/resoProfes.wlk","timeElapsed":147,"timestamp":"2025-12-12T02:45:53.290Z"}
{"level":"info","message":"⌛ Building environment","timeElapsed":129,"timestamp":"2025-12-12T02:45:53.422Z"}
{"level":"info","message":"⌛ Validating parciales/hablemosSinSaber/resoProfes.wlk","timeElapsed":134,"timestamp":"2025-12-12T02:45:53.586Z"}
{"level":"info","message":"⌛ Building environment","timeElapsed":123,"timestamp":"2025-12-12T02:45:53.896Z"}
{"level":"info","message":"⌛ Validating parciales/hablemosSinSaber/resoProfes.wlk","timeElapsed":151,"timestamp":"2025-12-12T02:45:54.048Z"}
{"level":"info","message":"⌛ Building environment","timeElapsed":105,"timestamp":"2025-12-12T02:45:54.920Z"}
{"level":"info","message":"⌛ Validating parciales/hablemosSinSaber/resoProfes.wlk","timeElapsed":152,"timestamp":"2025-12-12T02:45:55.082Z"}
{"level":"info","message":"⌛ Building environment","timeElapsed":117,"timestamp":"2025-12-12T02:45:55.221Z"}
{"level":"info","message":"⌛ Validating parciales/hablemosSinSaber/resoProfes.wlk","timeElapsed":126,"timestamp":"2025-12-12T02:45:55.348Z"}
{"level":"info","message":"⌛ Building environment","timeElapsed":114,"timestamp":"2025-12-12T02:45:55.652Z"}
{"level":"info","message":"⌛ Validating parciales/hablemosSinSaber/resoProfes.wlk","timeElapsed":137,"timestamp":"2025-12-12T02:45:55.918Z"}
{"level":"info","message":"⌛ Validating parciales/hablemosSinSaber/resoProfes.wlk","timeElapsed":145,"timestamp":"2025-12-12T02:45:56.087Z"}
{"level":"info","message":"⌛ Building environment","timeElapsed":104,"timestamp":"2025-12-12T02:45:56.193Z"}
{"level":"info","message":"⌛ Validating parciales/hablemosSinSaber/resoProfes.wlk","timeElapsed":130,"timestamp":"2025-12-12T02:45:56.331Z"}
{"level":"info","message":"⌛ Building environment","timeElapsed":149,"timestamp":"2025-12-12T02:45:59.581Z"}
{"level":"info","message":"⌛ Validating parciales/hablemosSinSaber/resoProfes.wlk","timeElapsed":141,"timestamp":"2025-12-12T02:45:59.723Z"}
{"level":"info","message":"⌛ Building environment","timeElapsed":121,"timestamp":"2025-12-12T02:46:01.399Z"}
{"level":"info","message":"⌛ Validating parciales/hablemosSinSaber/resoProfes.wlk","timeElapsed":147,"timestamp":"2025-12-12T02:46:01.587Z"}
{"level":"info","message":"⌛ Building environment","timeElapsed":126,"timestamp":"2025-12-12T02:46:01.740Z"}
{"level":"info","message":"⌛ Building environment","timeElapsed":119,"timestamp":"2025-12-12T02:46:01.861Z"}
{"level":"info","message":"⌛ Building environment","timeElapsed":122,"timestamp":"2025-12-12T02:46:01.982Z"}
{"level":"info","message":"⌛ Building environment","timeElapsed":111,"timestamp":"2025-12-12T02:46:02.094Z"}
{"level":"info","message":"⌛ Validating parciales/hablemosSinSaber/resoProfes.wlk","timeElapsed":145,"timestamp":"2025-12-12T02:46:02.333Z"}
{"level":"info","message":"⌛ Building environment","timeElapsed":117,"timestamp":"2025-12-12T02:46:02.450Z"}
{"level":"info","message":"⌛ Validating parciales/hablemosSinSaber/resoProfes.wlk","timeElapsed":122,"timestamp":"2025-12-12T02:46:02.666Z"}
{"level":"info","message":"⌛ Validating parciales/hablemosSinSaber/resoProfes.wlk","timeElapsed":155,"timestamp":"2025-12-12T02:46:02.903Z"}
{"level":"info","message":"⌛ Validating parciales/hablemosSinSaber/resoProfes.wlk","timeElapsed":117,"timestamp":"2025-12-12T02:46:03.020Z"}
{"level":"info","message":"⌛ Building environment","timeElapsed":110,"timestamp":"2025-12-12T02:46:03.140Z"}
{"level":"info","message":"⌛ Validating parciales/hablemosSinSaber/resoProfes.wlk","timeElapsed":125,"timestamp":"2025-12-12T02:46:03.265Z"}
{"level":"info","message":"⌛ Validating parciales/hablemosSinSaber/resoProfes.wlk","timeElapsed":119,"timestamp":"2025-12-12T02:46:03.412Z"}
{"level":"info","message":"⌛ Validating parciales/hablemosSinSaber/resoProfes.wlk","timeElapsed":129,"timestamp":"2025-12-12T02:46:03.623Z"}
{"level":"info","message":"⌛ Validating parciales/hablemosSinSaber/resoProfes.wlk","timeElapsed":120,"timestamp":"2025-12-12T02:46:03.783Z"}
{"level":"info","message":"⌛ Building environment","timeElapsed":159,"timestamp":"2025-12-12T02:46:03.944Z"}
{"level":"info","message":"⌛ Validating parciales/hablemosSinSaber/resoProfes.wlk","timeElapsed":141,"timestamp":"2025-12-12T02:46:04.406Z"}
{"level":"info","message":"⌛ Building environment","timeElapsed":105,"timestamp":"2025-12-12T02:46:04.512Z"}
{"level":"info","message":"⌛ Validating parciales/hablemosSinSaber/resoProfes.wlk","timeElapsed":154,"timestamp":"2025-12-12T02:46:04.946Z"}
{"level":"info","message":"⌛ Validating parciales/hablemosSinSaber/resoProfes.wlk","timeElapsed":112,"timestamp":"2025-12-12T02:46:05.060Z"}
{"level":"info","message":"⌛ Validating parciales/hablemosSinSaber/resoProfes.wlk","timeElapsed":113,"timestamp":"2025-12-12T02:46:05.184Z"}
{"level":"info","message":"⌛ Validating parciales/hablemosSinSaber/resoProfes.wlk","timeElapsed":112,"timestamp":"2025-12-12T02:46:05.297Z"}
{"level":"info","message":"⌛ Validating parciales/hablemosSinSaber/resoProfes.wlk","timeElapsed":115,"timestamp":"2025-12-12T02:46:05.414Z"}
{"level":"info","message":"⌛ Validating parciales/hablemosSinSaber/resoProfes.wlk","timeElapsed":115,"timestamp":"2025-12-12T02:46:05.531Z"}
{"level":"info","message":"⌛ Validating parciales/hablemosSinSaber/resoProfes.wlk","timeElapsed":112,"timestamp":"2025-12-12T02:46:05.649Z"}
{"level":"info","message":"⌛ Validating parciales/hablemosSinSaber/resoProfes.wlk","timeElapsed":119,"timestamp":"2025-12-12T02:46:05.768Z"}
{"level":"info","message":"⌛ Building environment","timeElapsed":117,"timestamp":"2025-12-12T02:46:05.888Z"}
{"level":"info","message":"⌛ Building environment","timeElapsed":106,"timestamp":"2025-12-12T02:46:06.216Z"}
{"level":"info","message":"⌛ Building environment","timeElapsed":110,"timestamp":"2025-12-12T02:46:06.326Z"}
{"level":"info","message":"⌛ Validating parciales/hablemosSinSaber/resoProfes.wlk","timeElapsed":122,"timestamp":"2025-12-12T02:46:06.449Z"}
{"level":"info","message":"⌛ Validating parciales/hablemosSinSaber/resoProfes.wlk","timeElapsed":124,"timestamp":"2025-12-12T02:46:06.655Z"}
{"level":"info","message":"⌛ Validating parciales/hablemosSinSaber/resoProfes.wlk","timeElapsed":112,"timestamp":"2025-12-12T02:46:06.768Z"}
{"level":"info","message":"⌛ Validating parciales/hablemosSinSaber/resoProfes.wlk","timeElapsed":123,"timestamp":"2025-12-12T02:46:06.988Z"}
{"level":"info","message":"⌛ Validating parciales/hablemosSinSaber/resoProfes.wlk","timeElapsed":112,"timestamp":"2025-12-12T02:46:07.100Z"}
{"level":"info","message":"⌛ Validating parciales/hablemosSinSaber/resoProfes.wlk","timeElapsed":117,"timestamp":"2025-12-12T02:46:07.223Z"}
{"level":"info","message":"⌛ Validating parciales/hablemosSinSaber/resoProfes.wlk","timeElapsed":119,"timestamp":"2025-12-12T02:46:07.343Z"}
{"level":"error","message":"✘ Completions for node Return ([116:5, 116:13] - parciales/hablemosSinSaber/resoProfes.wlk) failed: Error: [Return]{56f22f} at parciales/hablemosSinSaber/resoProfes.wlk:116 exhausted all cases without a match [Return]{56f22f} at parciales/hablemosSinSaber/resoProfes.wlk:116 exhausted all cases without a match","stack":"Error: [Return]{56f22f} at parciales/hablemosSinSaber/resoProfes.wlk:116 exhausted all cases without a match\n    at c:\\Users\\edu\\.vscode\\extensions\\uqbar.wollok-lsp-ide-0.5.3\\out\\server\\src\\server.js:38:6142\n    at D2 (c:\\Users\\edu\\.vscode\\extensions\\uqbar.wollok-lsp-ide-0.5.3\\out\\server\\src\\server.js:2384:42)\n    at Qh (c:\\Users\\edu\\.vscode\\extensions\\uqbar.wollok-lsp-ide-0.5.3\\out\\server\\src\\server.js:2384:1092)\n    at k6n (c:\\Users\\edu\\.vscode\\extensions\\uqbar.wollok-lsp-ide-0.5.3\\out\\server\\src\\server.js:2384:1248)\n    at c:\\Users\\edu\\.vscode\\extensions\\uqbar.wollok-lsp-ide-0.5.3\\out\\server\\src\\server.js:38:6131\n    at D2 (c:\\Users\\edu\\.vscode\\extensions\\uqbar.wollok-lsp-ide-0.5.3\\out\\server\\src\\server.js:2384:42)\n    at c:\\Users\\edu\\.vscode\\extensions\\uqbar.wollok-lsp-ide-0.5.3\\out\\server\\src\\server.js:2384:2988\n    at c:\\Users\\edu\\.vscode\\extensions\\uqbar.wollok-lsp-ide-0.5.3\\out\\server\\src\\server.js:2393:8440\n    at c:\\Users\\edu\\.vscode\\extensions\\uqbar.wollok-lsp-ide-0.5.3\\out\\server\\src\\server.js:37:74872\n    at Ye (c:\\Users\\edu\\.vscode\\extensions\\uqbar.wollok-lsp-ide-0.5.3\\out\\server\\src\\server.js:7:8527)","timestamp":"2025-12-12T02:46:07.477Z"}
{"level":"info","message":"⌛ Building environment","timeElapsed":128,"timestamp":"2025-12-12T02:46:07.608Z"}
{"level":"info","message":"⌛ Validating parciales/hablemosSinSaber/resoProfes.wlk","timeElapsed":113,"timestamp":"2025-12-12T02:46:07.820Z"}
{"level":"info","message":"⌛ Validating parciales/hablemosSinSaber/resoProfes.wlk","timeElapsed":127,"timestamp":"2025-12-12T02:46:08.031Z"}
{"level":"info","message":"⌛ Validating parciales/hablemosSinSaber/resoProfes.wlk","timeElapsed":115,"timestamp":"2025-12-12T02:46:08.146Z"}
{"level":"info","message":"⌛ Validating parciales/hablemosSinSaber/resoProfes.wlk","timeElapsed":117,"timestamp":"2025-12-12T02:46:08.273Z"}
{"level":"info","message":"⌛ Validating parciales/hablemosSinSaber/resoProfes.wlk","timeElapsed":119,"timestamp":"2025-12-12T02:46:08.617Z"}
{"level":"info","message":"⌛ Validating parciales/hablemosSinSaber/resoProfes.wlk","timeElapsed":108,"timestamp":"2025-12-12T02:46:08.725Z"}
{"level":"info","message":"⌛ Validating parciales/hablemosSinSaber/resoProfes.wlk","timeElapsed":128,"timestamp":"2025-12-12T02:46:09.271Z"}
{"level":"info","message":"⌛ Validating parciales/hablemosSinSaber/resoProfes.wlk","timeElapsed":149,"timestamp":"2025-12-12T02:46:09.421Z"}
{"level":"info","message":"⌛ Validating parciales/hablemosSinSaber/resoProfes.wlk","timeElapsed":121,"timestamp":"2025-12-12T02:46:09.625Z"}
{"level":"info","message":"⌛ Validating parciales/hablemosSinSaber/resoProfes.wlk","timeElapsed":136,"timestamp":"2025-12-12T02:46:10.010Z"}
{"level":"info","message":"⌛ Validating parciales/hablemosSinSaber/resoProfes.wlk","timeElapsed":142,"timestamp":"2025-12-12T02:46:16.114Z"}
{"level":"info","message":"⌛ Validating parciales/hablemosSinSaber/resoProfes.wlk","timeElapsed":142,"timestamp":"2025-12-12T02:46:16.355Z"}
{"level":"info","message":"⌛ Building environment","timeElapsed":127,"timestamp":"2025-12-12T02:46:16.639Z"}
{"level":"info","message":"⌛ Building environment","timeElapsed":102,"timestamp":"2025-12-12T02:46:16.772Z"}
{"level":"info","message":"⌛ Validating parciales/hablemosSinSaber/resoProfes.wlk","timeElapsed":146,"timestamp":"2025-12-12T02:46:16.918Z"}
{"level":"info","message":"⌛ Validating parciales/hablemosSinSaber/resoProfes.wlk","timeElapsed":149,"timestamp":"2025-12-12T02:46:17.162Z"}
{"level":"info","message":"⌛ Validating parciales/hablemosSinSaber/resoProfes.wlk","timeElapsed":136,"timestamp":"2025-12-12T02:46:17.313Z"}
{"level":"info","message":"⌛ Building environment","timeElapsed":101,"timestamp":"2025-12-12T02:46:19.162Z"}
{"level":"info","message":"⌛ Validating parciales/hablemosSinSaber/resoProfes.wlk","timeElapsed":138,"timestamp":"2025-12-12T02:46:19.302Z"}
{"level":"error","message":"✘ Failed to rebuild document Failed to parse parciales/hablemosSinSaber/resoProfes.wlk: \n-- PARSING FAILED --------------------------------------------------\n\nGot the end of the input\n\nExpected one of the following: \n\n' ', '@', 'const', 'method', 'override', 'var', '{', '}', any character/byte, comment, whitespace\n","stack":"Error: Failed to parse parciales/hablemosSinSaber/resoProfes.wlk: \n-- PARSING FAILED --------------------------------------------------\n\nGot the end of the input\n\nExpected one of the following: \n\n' ', '@', 'const', 'method', 'override', 'var', '{', '}', any character/byte, comment, whitespace\n\n    at c:\\Users\\edu\\.vscode\\extensions\\uqbar.wollok-lsp-ide-0.5.3\\out\\server\\src\\server.js:2348:13026\n    at Array.map (<anonymous>)\n    at W1n (c:\\Users\\edu\\.vscode\\extensions\\uqbar.wollok-lsp-ide-0.5.3\\out\\server\\src\\server.js:2348:12950)\n    at U2.buildEnvironmentFrom (c:\\Users\\edu\\.vscode\\extensions\\uqbar.wollok-lsp-ide-0.5.3\\out\\server\\src\\server.js:2393:5254)\n    at U2.updateEnvironmentWith (c:\\Users\\edu\\.vscode\\extensions\\uqbar.wollok-lsp-ide-0.5.3\\out\\server\\src\\server.js:2393:4989)\n    at JF (c:\\Users\\edu\\.vscode\\extensions\\uqbar.wollok-lsp-ide-0.5.3\\out\\server\\src\\server.js:2393:7383)\n    at F3.invoke (c:\\Users\\edu\\.vscode\\extensions\\uqbar.wollok-lsp-ide-0.5.3\\out\\server\\src\\server.js:3:157334)\n    at o.fire (c:\\Users\\edu\\.vscode\\extensions\\uqbar.wollok-lsp-ide-0.5.3\\out\\server\\src\\server.js:3:158104)\n    at c:\\Users\\edu\\.vscode\\extensions\\uqbar.wollok-lsp-ide-0.5.3\\out\\server\\src\\server.js:37:57871\n    at Zr (c:\\Users\\edu\\.vscode\\extensions\\uqbar.wollok-lsp-ide-0.5.3\\out\\server\\src\\server.js:8:1561)","timestamp":"2025-12-12T02:46:21.512Z"}
{"level":"error","message":"✘ Failed to rebuild document Failed to parse parciales/hablemosSinSaber/resoProfes.wlk: \n-- PARSING FAILED --------------------------------------------------\n\nGot the end of the input\n\nExpected one of the following: \n\n' ', '@', 'const', 'method', 'override', 'var', '{', '}', any character/byte, comment, whitespace\n","stack":"Error: Failed to parse parciales/hablemosSinSaber/resoProfes.wlk: \n-- PARSING FAILED --------------------------------------------------\n\nGot the end of the input\n\nExpected one of the following: \n\n' ', '@', 'const', 'method', 'override', 'var', '{', '}', any character/byte, comment, whitespace\n\n    at c:\\Users\\edu\\.vscode\\extensions\\uqbar.wollok-lsp-ide-0.5.3\\out\\server\\src\\server.js:2348:13026\n    at Array.map (<anonymous>)\n    at W1n (c:\\Users\\edu\\.vscode\\extensions\\uqbar.wollok-lsp-ide-0.5.3\\out\\server\\src\\server.js:2348:12950)\n    at U2.buildEnvironmentFrom (c:\\Users\\edu\\.vscode\\extensions\\uqbar.wollok-lsp-ide-0.5.3\\out\\server\\src\\server.js:2393:5254)\n    at U2.updateEnvironmentWith (c:\\Users\\edu\\.vscode\\extensions\\uqbar.wollok-lsp-ide-0.5.3\\out\\server\\src\\server.js:2393:4989)\n    at JF (c:\\Users\\edu\\.vscode\\extensions\\uqbar.wollok-lsp-ide-0.5.3\\out\\server\\src\\server.js:2393:7383)\n    at F3.invoke (c:\\Users\\edu\\.vscode\\extensions\\uqbar.wollok-lsp-ide-0.5.3\\out\\server\\src\\server.js:3:157334)\n    at o.fire (c:\\Users\\edu\\.vscode\\extensions\\uqbar.wollok-lsp-ide-0.5.3\\out\\server\\src\\server.js:3:158104)\n    at c:\\Users\\edu\\.vscode\\extensions\\uqbar.wollok-lsp-ide-0.5.3\\out\\server\\src\\server.js:37:57871\n    at Zr (c:\\Users\\edu\\.vscode\\extensions\\uqbar.wollok-lsp-ide-0.5.3\\out\\server\\src\\server.js:8:1561)","timestamp":"2025-12-12T02:46:21.619Z"}
{"level":"error","message":"✘ Failed to rebuild document Failed to parse parciales/hablemosSinSaber/resoProfes.wlk: \n-- PARSING FAILED --------------------------------------------------\n\nGot the end of the input\n\nExpected one of the following: \n\n' ', '@', 'const', 'method', 'override', 'var', '{', '}', any character/byte, comment, whitespace\n","stack":"Error: Failed to parse parciales/hablemosSinSaber/resoProfes.wlk: \n-- PARSING FAILED --------------------------------------------------\n\nGot the end of the input\n\nExpected one of the following: \n\n' ', '@', 'const', 'method', 'override', 'var', '{', '}', any character/byte, comment, whitespace\n\n    at c:\\Users\\edu\\.vscode\\extensions\\uqbar.wollok-lsp-ide-0.5.3\\out\\server\\src\\server.js:2348:13026\n    at Array.map (<anonymous>)\n    at W1n (c:\\Users\\edu\\.vscode\\extensions\\uqbar.wollok-lsp-ide-0.5.3\\out\\server\\src\\server.js:2348:12950)\n    at U2.buildEnvironmentFrom (c:\\Users\\edu\\.vscode\\extensions\\uqbar.wollok-lsp-ide-0.5.3\\out\\server\\src\\server.js:2393:5254)\n    at U2.updateEnvironmentWith (c:\\Users\\edu\\.vscode\\extensions\\uqbar.wollok-lsp-ide-0.5.3\\out\\server\\src\\server.js:2393:4989)\n    at JF (c:\\Users\\edu\\.vscode\\extensions\\uqbar.wollok-lsp-ide-0.5.3\\out\\server\\src\\server.js:2393:7383)\n    at F3.invoke (c:\\Users\\edu\\.vscode\\extensions\\uqbar.wollok-lsp-ide-0.5.3\\out\\server\\src\\server.js:3:157334)\n    at o.fire (c:\\Users\\edu\\.vscode\\extensions\\uqbar.wollok-lsp-ide-0.5.3\\out\\server\\src\\server.js:3:158104)\n    at c:\\Users\\edu\\.vscode\\extensions\\uqbar.wollok-lsp-ide-0.5.3\\out\\server\\src\\server.js:37:57871\n    at Zr (c:\\Users\\edu\\.vscode\\extensions\\uqbar.wollok-lsp-ide-0.5.3\\out\\server\\src\\server.js:8:1561)","timestamp":"2025-12-12T02:46:21.972Z"}
{"level":"info","message":"⌛ Validating parciales/hablemosSinSaber/resoProfes.wlk","timeElapsed":126,"timestamp":"2025-12-12T02:46:25.128Z"}
{"level":"info","message":"⌛ Validating parciales/hablemosSinSaber/resoProfes.wlk","timeElapsed":114,"timestamp":"2025-12-12T02:46:25.243Z"}
{"level":"info","message":"⌛ Building environment","timeElapsed":136,"timestamp":"2025-12-12T02:46:27.358Z"}
{"level":"info","message":"⌛ Building environment","timeElapsed":106,"timestamp":"2025-12-12T02:46:27.465Z"}
{"level":"info","message":"⌛ Validating parciales/hablemosSinSaber/resoProfes.wlk","timeElapsed":126,"timestamp":"2025-12-12T02:46:27.592Z"}
{"level":"info","message":"⌛ Validating parciales/hablemosSinSaber/resoProfes.wlk","timeElapsed":115,"timestamp":"2025-12-12T02:46:27.710Z"}
{"level":"info","message":"⌛ Building environment","timeElapsed":107,"timestamp":"2025-12-12T02:46:29.547Z"}
{"level":"info","message":"⌛ Building environment","timeElapsed":104,"timestamp":"2025-12-12T02:46:29.684Z"}
{"level":"info","message":"⌛ Validating parciales/hablemosSinSaber/resoProfes.wlk","timeElapsed":142,"timestamp":"2025-12-12T02:46:29.835Z"}
{"level":"info","message":"⌛ Building environment","timeElapsed":119,"timestamp":"2025-12-12T02:46:29.954Z"}
{"level":"info","message":"⌛ Validating parciales/hablemosSinSaber/resoProfes.wlk","timeElapsed":139,"timestamp":"2025-12-12T02:46:30.094Z"}
{"level":"info","message":"⌛ Validating parciales/hablemosSinSaber/resoProfes.wlk","timeElapsed":139,"timestamp":"2025-12-12T02:46:30.239Z"}
{"level":"info","message":"⌛ Validating parciales/hablemosSinSaber/resoProfes.wlk","timeElapsed":142,"timestamp":"2025-12-12T02:46:30.815Z"}
{"level":"info","message":"⌛ Building environment","timeElapsed":150,"timestamp":"2025-12-12T02:46:35.420Z"}
{"level":"info","message":"⌛ Building environment","timeElapsed":119,"timestamp":"2025-12-12T02:46:35.582Z"}
{"level":"info","message":"⌛ Building environment","timeElapsed":128,"timestamp":"2025-12-12T02:46:35.710Z"}
{"level":"info","message":"⌛ Validating parciales/hablemosSinSaber/resoProfes.wlk","timeElapsed":161,"timestamp":"2025-12-12T02:46:35.872Z"}
{"level":"info","message":"⌛ Validating parciales/hablemosSinSaber/resoProfes.wlk","timeElapsed":151,"timestamp":"2025-12-12T02:46:36.118Z"}
{"level":"info","message":"⌛ Validating parciales/hablemosSinSaber/resoProfes.wlk","timeElapsed":136,"timestamp":"2025-12-12T02:46:36.255Z"}
{"level":"info","message":"⌛ Building environment","timeElapsed":123,"timestamp":"2025-12-12T02:46:36.420Z"}
{"level":"info","message":"⌛ Building environment","timeElapsed":123,"timestamp":"2025-12-12T02:46:36.544Z"}
{"level":"info","message":"⌛ Validating parciales/hablemosSinSaber/resoProfes.wlk","timeElapsed":143,"timestamp":"2025-12-12T02:46:36.728Z"}
{"level":"info","message":"⌛ Building environment","timeElapsed":102,"timestamp":"2025-12-12T02:46:36.831Z"}
{"level":"info","message":"⌛ Validating parciales/hablemosSinSaber/resoProfes.wlk","timeElapsed":159,"timestamp":"2025-12-12T02:46:37.027Z"}
{"level":"info","message":"⌛ Building environment","timeElapsed":131,"timestamp":"2025-12-12T02:46:37.158Z"}
{"level":"info","message":"⌛ Validating parciales/hablemosSinSaber/resoProfes.wlk","timeElapsed":144,"timestamp":"2025-12-12T02:46:37.346Z"}
{"level":"info","message":"⌛ Validating parciales/hablemosSinSaber/resoProfes.wlk","timeElapsed":128,"timestamp":"2025-12-12T02:46:37.475Z"}
{"level":"info","message":"⌛ Validating parciales/hablemosSinSaber/resoProfes.wlk","timeElapsed":111,"timestamp":"2025-12-12T02:46:37.595Z"}
{"level":"info","message":"⌛ Validating parciales/hablemosSinSaber/resoProfes.wlk","timeElapsed":120,"timestamp":"2025-12-12T02:46:37.817Z"}
{"level":"info","message":"⌛ Building environment","timeElapsed":115,"timestamp":"2025-12-12T02:46:38.330Z"}
{"level":"info","message":"⌛ Validating parciales/hablemosSinSaber/resoProfes.wlk","timeElapsed":141,"timestamp":"2025-12-12T02:46:38.503Z"}
{"level":"info","message":"⌛ Building environment","timeElapsed":101,"timestamp":"2025-12-12T02:46:38.935Z"}
{"level":"info","message":"⌛ Building environment","timeElapsed":103,"timestamp":"2025-12-12T02:46:39.071Z"}
{"level":"info","message":"⌛ Validating parciales/hablemosSinSaber/resoProfes.wlk","timeElapsed":146,"timestamp":"2025-12-12T02:46:39.217Z"}
{"level":"info","message":"⌛ Validating parciales/hablemosSinSaber/resoProfes.wlk","timeElapsed":141,"timestamp":"2025-12-12T02:46:39.517Z"}
{"level":"info","message":"⌛ Validating parciales/hablemosSinSaber/resoProfes.wlk","timeElapsed":113,"timestamp":"2025-12-12T02:46:39.801Z"}
{"level":"info","message":"⌛ Building environment","timeElapsed":112,"timestamp":"2025-12-12T02:46:39.914Z"}
{"level":"info","message":"⌛ Validating parciales/hablemosSinSaber/resoProfes.wlk","timeElapsed":118,"timestamp":"2025-12-12T02:46:40.155Z"}
{"level":"info","message":"⌛ Validating parciales/hablemosSinSaber/resoProfes.wlk","timeElapsed":122,"timestamp":"2025-12-12T02:46:40.360Z"}
{"level":"info","message":"⌛ Validating parciales/hablemosSinSaber/resoProfes.wlk","timeElapsed":117,"timestamp":"2025-12-12T02:46:40.482Z"}
{"level":"info","message":"⌛ Validating parciales/hablemosSinSaber/resoProfes.wlk","timeElapsed":116,"timestamp":"2025-12-12T02:46:40.599Z"}
{"level":"info","message":"⌛ Building environment","timeElapsed":114,"timestamp":"2025-12-12T02:46:40.772Z"}
{"level":"info","message":"⌛ Validating parciales/hablemosSinSaber/resoProfes.wlk","timeElapsed":127,"timestamp":"2025-12-12T02:46:40.900Z"}
{"level":"info","message":"⌛ Validating parciales/hablemosSinSaber/resoProfes.wlk","timeElapsed":117,"timestamp":"2025-12-12T02:46:41.025Z"}
{"level":"info","message":"⌛ Building environment","timeElapsed":114,"timestamp":"2025-12-12T02:46:41.507Z"}
{"level":"info","message":"⌛ Validating parciales/hablemosSinSaber/resoProfes.wlk","timeElapsed":140,"timestamp":"2025-12-12T02:46:41.688Z"}
{"level":"info","message":"⌛ Building environment","timeElapsed":102,"timestamp":"2025-12-12T02:46:42.527Z"}
{"level":"info","message":"⌛ Validating parciales/hablemosSinSaber/resoProfes.wlk","timeElapsed":126,"timestamp":"2025-12-12T02:46:42.794Z"}
{"level":"info","message":"⌛ Validating parciales/hablemosSinSaber/resoProfes.wlk","timeElapsed":116,"timestamp":"2025-12-12T02:46:42.911Z"}
{"level":"info","message":"⌛ Building environment","timeElapsed":118,"timestamp":"2025-12-12T02:46:43.332Z"}
{"level":"info","message":"⌛ Validating parciales/hablemosSinSaber/resoProfes.wlk","timeElapsed":122,"timestamp":"2025-12-12T02:46:43.455Z"}
{"level":"info","message":"⌛ Validating parciales/hablemosSinSaber/resoProfes.wlk","timeElapsed":113,"timestamp":"2025-12-12T02:46:43.567Z"}
{"level":"info","message":"⌛ Validating parciales/hablemosSinSaber/resoProfes.wlk","timeElapsed":117,"timestamp":"2025-12-12T02:46:43.890Z"}
{"level":"info","message":"⌛ Validating parciales/hablemosSinSaber/resoProfes.wlk","timeElapsed":114,"timestamp":"2025-12-12T02:46:44.004Z"}
{"level":"info","message":"⌛ Validating parciales/hablemosSinSaber/resoProfes.wlk","timeElapsed":123,"timestamp":"2025-12-12T02:46:44.218Z"}
{"level":"info","message":"⌛ Validating parciales/hablemosSinSaber/resoProfes.wlk","timeElapsed":116,"timestamp":"2025-12-12T02:46:44.419Z"}
{"level":"info","message":"⌛ Validating parciales/hablemosSinSaber/resoProfes.wlk","timeElapsed":121,"timestamp":"2025-12-12T02:46:44.743Z"}
{"level":"info","message":"⌛ Building environment","timeElapsed":161,"timestamp":"2025-12-12T02:46:44.905Z"}
{"level":"info","message":"⌛ Building environment","timeElapsed":116,"timestamp":"2025-12-12T02:46:45.149Z"}
{"level":"info","message":"⌛ Validating parciales/hablemosSinSaber/resoProfes.wlk","timeElapsed":131,"timestamp":"2025-12-12T02:46:45.281Z"}
{"level":"info","message":"⌛ Validating parciales/hablemosSinSaber/resoProfes.wlk","timeElapsed":115,"timestamp":"2025-12-12T02:46:45.401Z"}
{"level":"info","message":"⌛ Validating parciales/hablemosSinSaber/resoProfes.wlk","timeElapsed":126,"timestamp":"2025-12-12T02:46:45.527Z"}
{"level":"info","message":"⌛ Validating parciales/hablemosSinSaber/resoProfes.wlk","timeElapsed":116,"timestamp":"2025-12-12T02:46:45.648Z"}
{"level":"info","message":"⌛ Validating parciales/hablemosSinSaber/resoProfes.wlk","timeElapsed":108,"timestamp":"2025-12-12T02:46:45.756Z"}
{"level":"info","message":"⌛ Validating parciales/hablemosSinSaber/resoProfes.wlk","timeElapsed":114,"timestamp":"2025-12-12T02:46:45.875Z"}
{"level":"info","message":"⌛ Validating parciales/hablemosSinSaber/resoProfes.wlk","timeElapsed":118,"timestamp":"2025-12-12T02:46:46.110Z"}
{"level":"info","message":"⌛ Building environment","timeElapsed":106,"timestamp":"2025-12-12T02:47:04.129Z"}
{"level":"info","message":"⌛ Validating parciales/hablemosSinSaber/resoProfes.wlk","timeElapsed":172,"timestamp":"2025-12-12T02:47:04.303Z"}
{"level":"info","message":"⌛ Building environment","timeElapsed":128,"timestamp":"2025-12-12T02:47:04.895Z"}
{"level":"error","message":"✘ Completions for node Return (undefined - parciales/hablemosSinSaber/resoProfes.wlk) failed: Error: [Return]{1e448d} at parciales/hablemosSinSaber/resoProfes.wlk:-- exhausted all cases without a match [Return]{1e448d} at parciales/hablemosSinSaber/resoProfes.wlk:-- exhausted all cases without a match","stack":"Error: [Return]{1e448d} at parciales/hablemosSinSaber/resoProfes.wlk:-- exhausted all cases without a match\n    at c:\\Users\\edu\\.vscode\\extensions\\uqbar.wollok-lsp-ide-0.5.3\\out\\server\\src\\server.js:38:6142\n    at D2 (c:\\Users\\edu\\.vscode\\extensions\\uqbar.wollok-lsp-ide-0.5.3\\out\\server\\src\\server.js:2384:42)\n    at Qh (c:\\Users\\edu\\.vscode\\extensions\\uqbar.wollok-lsp-ide-0.5.3\\out\\server\\src\\server.js:2384:1092)\n    at k6n (c:\\Users\\edu\\.vscode\\extensions\\uqbar.wollok-lsp-ide-0.5.3\\out\\server\\src\\server.js:2384:1248)\n    at c:\\Users\\edu\\.vscode\\extensions\\uqbar.wollok-lsp-ide-0.5.3\\out\\server\\src\\server.js:38:6131\n    at D2 (c:\\Users\\edu\\.vscode\\extensions\\uqbar.wollok-lsp-ide-0.5.3\\out\\server\\src\\server.js:2384:42)\n    at c:\\Users\\edu\\.vscode\\extensions\\uqbar.wollok-lsp-ide-0.5.3\\out\\server\\src\\server.js:2384:2988\n    at c:\\Users\\edu\\.vscode\\extensions\\uqbar.wollok-lsp-ide-0.5.3\\out\\server\\src\\server.js:2393:8440\n    at c:\\Users\\edu\\.vscode\\extensions\\uqbar.wollok-lsp-ide-0.5.3\\out\\server\\src\\server.js:37:74872\n    at Ye (c:\\Users\\edu\\.vscode\\extensions\\uqbar.wollok-lsp-ide-0.5.3\\out\\server\\src\\server.js:7:8527)","timestamp":"2025-12-12T02:47:04.933Z"}
{"level":"info","message":"⌛ Building environment","timeElapsed":121,"timestamp":"2025-12-12T02:47:05.059Z"}
{"level":"info","message":"⌛ Validating parciales/hablemosSinSaber/resoProfes.wlk","timeElapsed":146,"timestamp":"2025-12-12T02:47:05.205Z"}
{"level":"info","message":"⌛ Building environment","timeElapsed":123,"timestamp":"2025-12-12T02:47:05.350Z"}
{"level":"info","message":"⌛ Validating parciales/hablemosSinSaber/resoProfes.wlk","timeElapsed":152,"timestamp":"2025-12-12T02:47:05.502Z"}
{"level":"info","message":"⌛ Building environment","timeElapsed":116,"timestamp":"2025-12-12T02:47:05.618Z"}
{"level":"info","message":"⌛ Building environment","timeElapsed":103,"timestamp":"2025-12-12T02:47:05.721Z"}
{"level":"info","message":"⌛ Validating parciales/hablemosSinSaber/resoProfes.wlk","timeElapsed":146,"timestamp":"2025-12-12T02:47:05.920Z"}
{"level":"info","message":"⌛ Validating parciales/hablemosSinSaber/resoProfes.wlk","timeElapsed":134,"timestamp":"2025-12-12T02:47:06.060Z"}
{"level":"info","message":"⌛ Validating parciales/hablemosSinSaber/resoProfes.wlk","timeElapsed":135,"timestamp":"2025-12-12T02:47:06.195Z"}
{"level":"info","message":"⌛ Building environment","timeElapsed":115,"timestamp":"2025-12-12T02:47:06.632Z"}
{"level":"info","message":"⌛ Validating parciales/hablemosSinSaber/resoProfes.wlk","timeElapsed":129,"timestamp":"2025-12-12T02:47:06.843Z"}
{"level":"info","message":"⌛ Validating parciales/hablemosSinSaber/resoProfes.wlk","timeElapsed":118,"timestamp":"2025-12-12T02:47:07.052Z"}
{"level":"info","message":"⌛ Validating parciales/hablemosSinSaber/resoProfes.wlk","timeElapsed":109,"timestamp":"2025-12-12T02:47:07.160Z"}
{"level":"info","message":"⌛ Validating parciales/hablemosSinSaber/resoProfes.wlk","timeElapsed":144,"timestamp":"2025-12-12T02:47:08.395Z"}
{"level":"info","message":"⌛ Building environment","timeElapsed":128,"timestamp":"2025-12-12T02:47:14.483Z"}
{"level":"info","message":"⌛ Validating parciales/hablemosSinSaber/resoProfes.wlk","timeElapsed":153,"timestamp":"2025-12-12T02:47:14.637Z"}
{"level":"info","message":"⌛ Building environment","timeElapsed":124,"timestamp":"2025-12-12T02:47:16.132Z"}
{"level":"info","message":"⌛ Validating parciales/hablemosSinSaber/resoProfes.wlk","timeElapsed":153,"timestamp":"2025-12-12T02:47:16.285Z"}
{"level":"info","message":"⌛ Building environment","timeElapsed":146,"timestamp":"2025-12-12T02:47:16.432Z"}
{"level":"info","message":"⌛ Validating parciales/hablemosSinSaber/resoProfes.wlk","timeElapsed":153,"timestamp":"2025-12-12T02:47:16.602Z"}
{"level":"info","message":"⌛ Building environment","timeElapsed":119,"timestamp":"2025-12-12T02:47:18.209Z"}
{"level":"info","message":"⌛ Validating parciales/hablemosSinSaber/resoProfes.wlk","timeElapsed":155,"timestamp":"2025-12-12T02:47:18.365Z"}
{"level":"info","message":"⌛ Building environment","timeElapsed":107,"timestamp":"2025-12-12T02:47:19.692Z"}
{"level":"info","message":"⌛ Validating parciales/hablemosSinSaber/resoProfes.wlk","timeElapsed":147,"timestamp":"2025-12-12T02:47:19.883Z"}
{"level":"info","message":"⌛ Building environment","timeElapsed":101,"timestamp":"2025-12-12T02:47:20.621Z"}
{"level":"info","message":"⌛ Building environment","timeElapsed":120,"timestamp":"2025-12-12T02:47:20.742Z"}
{"level":"info","message":"⌛ Validating parciales/hablemosSinSaber/resoProfes.wlk","timeElapsed":151,"timestamp":"2025-12-12T02:47:20.893Z"}
{"level":"info","message":"⌛ Validating parciales/hablemosSinSaber/resoProfes.wlk","timeElapsed":132,"timestamp":"2025-12-12T02:47:21.025Z"}
{"level":"info","message":"⌛ Building environment","timeElapsed":121,"timestamp":"2025-12-12T02:47:21.686Z"}
{"level":"info","message":"⌛ Validating parciales/hablemosSinSaber/resoProfes.wlk","timeElapsed":136,"timestamp":"2025-12-12T02:47:21.823Z"}
{"level":"info","message":"⌛ Building environment","timeElapsed":113,"timestamp":"2025-12-12T02:47:23.440Z"}
{"level":"info","message":"⌛ Validating parciales/hablemosSinSaber/resoProfes.wlk","timeElapsed":132,"timestamp":"2025-12-12T02:47:23.572Z"}
{"level":"info","message":"⌛ Validating parciales/hablemosSinSaber/resoProfes.wlk","timeElapsed":139,"timestamp":"2025-12-12T02:47:24.578Z"}
{"level":"info","message":"⌛ Validating parciales/hablemosSinSaber/resoProfes.wlk","timeElapsed":112,"timestamp":"2025-12-12T02:47:24.689Z"}
{"level":"info","message":"⌛ Validating parciales/hablemosSinSaber/resoProfes.wlk","timeElapsed":114,"timestamp":"2025-12-12T02:47:24.891Z"}
{"level":"info","message":"⌛ Building environment","timeElapsed":102,"timestamp":"2025-12-12T02:47:26.134Z"}
{"level":"info","message":"⌛ Validating parciales/hablemosSinSaber/resoProfes.wlk","timeElapsed":147,"timestamp":"2025-12-12T02:47:26.281Z"}
{"level":"info","message":"⌛ Building environment","timeElapsed":152,"timestamp":"2025-12-12T02:47:26.971Z"}
{"level":"info","message":"⌛ Building environment","timeElapsed":102,"timestamp":"2025-12-12T02:47:27.084Z"}
{"level":"info","message":"⌛ Validating parciales/hablemosSinSaber/resoProfes.wlk","timeElapsed":145,"timestamp":"2025-12-12T02:47:27.229Z"}
{"level":"info","message":"⌛ Validating parciales/hablemosSinSaber/resoProfes.wlk","timeElapsed":142,"timestamp":"2025-12-12T02:47:27.372Z"}
{"level":"info","message":"⌛ Building environment","timeElapsed":147,"timestamp":"2025-12-12T02:47:32.829Z"}
{"level":"info","message":"⌛ Validating parciales/hablemosSinSaber/resoProfes.wlk","timeElapsed":161,"timestamp":"2025-12-12T02:47:32.991Z"}
{"level":"info","message":"⌛ Building environment","timeElapsed":105,"timestamp":"2025-12-12T02:47:33.873Z"}
{"level":"info","message":"⌛ Validating parciales/hablemosSinSaber/resoProfes.wlk","timeElapsed":144,"timestamp":"2025-12-12T02:47:34.018Z"}
{"level":"info","message":"⌛ Building environment","timeElapsed":108,"timestamp":"2025-12-12T02:47:38.739Z"}
{"level":"info","message":"⌛ Validating parciales/hablemosSinSaber/resoProfes.wlk","timeElapsed":126,"timestamp":"2025-12-12T02:47:38.866Z"}
{"level":"error","message":"✘ Failed to rebuild document Failed to parse parciales/hablemosSinSaber/resoProfes.wlk: \n-- PARSING FAILED --------------------------------------------------\n\n  115 |   method cantidadPanelistas() = panelistas.size()\n  116 |   method \n> 117 | }\n      | ^\n\nExpected one of the following: \n\n'!=', '!==', '%', '&&', '*', '**', '+', '-', '->', '..', '..<', '/', '<', '<<', '<<<', '<=', '<=>', '<>', '==', '===', '>', '>..', '>=', '>>', '>>>', '?:', 'and', 'invert', 'negate', 'or', 'plus', '||', identifier, whitespace\n","stack":"Error: Failed to parse parciales/hablemosSinSaber/resoProfes.wlk: \n-- PARSING FAILED --------------------------------------------------\n\n  115 |   method cantidadPanelistas() = panelistas.size()\n  116 |   method \n> 117 | }\n      | ^\n\nExpected one of the following: \n\n'!=', '!==', '%', '&&', '*', '**', '+', '-', '->', '..', '..<', '/', '<', '<<', '<<<', '<=', '<=>', '<>', '==', '===', '>', '>..', '>=', '>>', '>>>', '?:', 'and', 'invert', 'negate', 'or', 'plus', '||', identifier, whitespace\n\n    at c:\\Users\\edu\\.vscode\\extensions\\uqbar.wollok-lsp-ide-0.5.3\\out\\server\\src\\server.js:2348:13026\n    at Array.map (<anonymous>)\n    at W1n (c:\\Users\\edu\\.vscode\\extensions\\uqbar.wollok-lsp-ide-0.5.3\\out\\server\\src\\server.js:2348:12950)\n    at U2.buildEnvironmentFrom (c:\\Users\\edu\\.vscode\\extensions\\uqbar.wollok-lsp-ide-0.5.3\\out\\server\\src\\server.js:2393:5254)\n    at U2.updateEnvironmentWith (c:\\Users\\edu\\.vscode\\extensions\\uqbar.wollok-lsp-ide-0.5.3\\out\\server\\src\\server.js:2393:4989)\n    at JF (c:\\Users\\edu\\.vscode\\extensions\\uqbar.wollok-lsp-ide-0.5.3\\out\\server\\src\\server.js:2393:7383)\n    at F3.invoke (c:\\Users\\edu\\.vscode\\extensions\\uqbar.wollok-lsp-ide-0.5.3\\out\\server\\src\\server.js:3:157334)\n    at o.fire (c:\\Users\\edu\\.vscode\\extensions\\uqbar.wollok-lsp-ide-0.5.3\\out\\server\\src\\server.js:3:158104)\n    at c:\\Users\\edu\\.vscode\\extensions\\uqbar.wollok-lsp-ide-0.5.3\\out\\server\\src\\server.js:37:57871\n    at Zr (c:\\Users\\edu\\.vscode\\extensions\\uqbar.wollok-lsp-ide-0.5.3\\out\\server\\src\\server.js:8:1561)","timestamp":"2025-12-12T02:47:44.109Z"}
{"level":"error","message":"✘ Failed to rebuild document Failed to parse parciales/hablemosSinSaber/resoProfes.wlk: \n-- PARSING FAILED --------------------------------------------------\n\n  115 |   method cantidadPanelistas() = panelistas.size()\n  116 |   method\n> 117 | }\n      | ^\n\nExpected one of the following: \n\n'!=', '!==', '%', '&&', '*', '**', '+', '-', '->', '..', '..<', '/', '<', '<<', '<<<', '<=', '<=>', '<>', '==', '===', '>', '>..', '>=', '>>', '>>>', '?:', 'and', 'invert', 'negate', 'or', 'plus', '||', identifier, whitespace\n","stack":"Error: Failed to parse parciales/hablemosSinSaber/resoProfes.wlk: \n-- PARSING FAILED --------------------------------------------------\n\n  115 |   method cantidadPanelistas() = panelistas.size()\n  116 |   method\n> 117 | }\n      | ^\n\nExpected one of the following: \n\n'!=', '!==', '%', '&&', '*', '**', '+', '-', '->', '..', '..<', '/', '<', '<<', '<<<', '<=', '<=>', '<>', '==', '===', '>', '>..', '>=', '>>', '>>>', '?:', 'and', 'invert', 'negate', 'or', 'plus', '||', identifier, whitespace\n\n    at c:\\Users\\edu\\.vscode\\extensions\\uqbar.wollok-lsp-ide-0.5.3\\out\\server\\src\\server.js:2348:13026\n    at Array.map (<anonymous>)\n    at W1n (c:\\Users\\edu\\.vscode\\extensions\\uqbar.wollok-lsp-ide-0.5.3\\out\\server\\src\\server.js:2348:12950)\n    at U2.buildEnvironmentFrom (c:\\Users\\edu\\.vscode\\extensions\\uqbar.wollok-lsp-ide-0.5.3\\out\\server\\src\\server.js:2393:5254)\n    at U2.updateEnvironmentWith (c:\\Users\\edu\\.vscode\\extensions\\uqbar.wollok-lsp-ide-0.5.3\\out\\server\\src\\server.js:2393:4989)\n    at JF (c:\\Users\\edu\\.vscode\\extensions\\uqbar.wollok-lsp-ide-0.5.3\\out\\server\\src\\server.js:2393:7383)\n    at F3.invoke (c:\\Users\\edu\\.vscode\\extensions\\uqbar.wollok-lsp-ide-0.5.3\\out\\server\\src\\server.js:3:157334)\n    at o.fire (c:\\Users\\edu\\.vscode\\extensions\\uqbar.wollok-lsp-ide-0.5.3\\out\\server\\src\\server.js:3:158104)\n    at c:\\Users\\edu\\.vscode\\extensions\\uqbar.wollok-lsp-ide-0.5.3\\out\\server\\src\\server.js:37:57871\n    at Zr (c:\\Users\\edu\\.vscode\\extensions\\uqbar.wollok-lsp-ide-0.5.3\\out\\server\\src\\server.js:8:1561)","timestamp":"2025-12-12T02:47:45.115Z"}
{"level":"info","message":"⌛ Building environment","timeElapsed":114,"timestamp":"2025-12-12T02:47:45.346Z"}
{"level":"info","message":"⌛ Validating parciales/hablemosSinSaber/resoProfes.wlk","timeElapsed":146,"timestamp":"2025-12-12T02:47:45.492Z"}
{"level":"error","message":"✘ Failed to rebuild document Failed to parse parciales/hablemosSinSaber/resoProfes.wlk: \n-- PARSING FAILED --------------------------------------------------\n\n  115 |   method cantidadPanelistas() = panelistas.size()\n  116 |   method\n> 117 | }\n      | ^\n\nExpected one of the following: \n\n'!=', '!==', '%', '&&', '*', '**', '+', '-', '->', '..', '..<', '/', '<', '<<', '<<<', '<=', '<=>', '<>', '==', '===', '>', '>..', '>=', '>>', '>>>', '?:', 'and', 'invert', 'negate', 'or', 'plus', '||', identifier, whitespace\n","stack":"Error: Failed to parse parciales/hablemosSinSaber/resoProfes.wlk: \n-- PARSING FAILED --------------------------------------------------\n\n  115 |   method cantidadPanelistas() = panelistas.size()\n  116 |   method\n> 117 | }\n      | ^\n\nExpected one of the following: \n\n'!=', '!==', '%', '&&', '*', '**', '+', '-', '->', '..', '..<', '/', '<', '<<', '<<<', '<=', '<=>', '<>', '==', '===', '>', '>..', '>=', '>>', '>>>', '?:', 'and', 'invert', 'negate', 'or', 'plus', '||', identifier, whitespace\n\n    at c:\\Users\\edu\\.vscode\\extensions\\uqbar.wollok-lsp-ide-0.5.3\\out\\server\\src\\server.js:2348:13026\n    at Array.map (<anonymous>)\n    at W1n (c:\\Users\\edu\\.vscode\\extensions\\uqbar.wollok-lsp-ide-0.5.3\\out\\server\\src\\server.js:2348:12950)\n    at U2.buildEnvironmentFrom (c:\\Users\\edu\\.vscode\\extensions\\uqbar.wollok-lsp-ide-0.5.3\\out\\server\\src\\server.js:2393:5254)\n    at U2.updateEnvironmentWith (c:\\Users\\edu\\.vscode\\extensions\\uqbar.wollok-lsp-ide-0.5.3\\out\\server\\src\\server.js:2393:4989)\n    at JF (c:\\Users\\edu\\.vscode\\extensions\\uqbar.wollok-lsp-ide-0.5.3\\out\\server\\src\\server.js:2393:7383)\n    at F3.invoke (c:\\Users\\edu\\.vscode\\extensions\\uqbar.wollok-lsp-ide-0.5.3\\out\\server\\src\\server.js:3:157334)\n    at o.fire (c:\\Users\\edu\\.vscode\\extensions\\uqbar.wollok-lsp-ide-0.5.3\\out\\server\\src\\server.js:3:158104)\n    at c:\\Users\\edu\\.vscode\\extensions\\uqbar.wollok-lsp-ide-0.5.3\\out\\server\\src\\server.js:37:57871\n    at Zr (c:\\Users\\edu\\.vscode\\extensions\\uqbar.wollok-lsp-ide-0.5.3\\out\\server\\src\\server.js:8:1561)","timestamp":"2025-12-12T02:47:46.377Z"}
{"level":"info","message":"⌛ Building environment","timeElapsed":101,"timestamp":"2025-12-12T02:47:47.255Z"}
{"level":"info","message":"⌛ Validating parciales/hablemosSinSaber/resoProfes.wlk","timeElapsed":142,"timestamp":"2025-12-12T02:47:47.398Z"}
{"level":"error","message":"✘ Failed to rebuild document Failed to parse parciales/hablemosSinSaber/resoProfes.wlk: \n-- PARSING FAILED --------------------------------------------------\n\n  114 | \n  115 |   method cantidadPanelistas() = panelistas.size()\n> 116 |   method (tematicas.size() / 2) > () {\n      |          ^\n  117 |     \n  118 |   }\n\nExpected one of the following: \n\n'!=', '!==', '%', '&&', '*', '**', '+', '-', '->', '..', '..<', '/', '<', '<<', '<<<', '<=', '<=>', '<>', '==', '===', '>', '>..', '>=', '>>', '>>>', '?:', 'and', 'invert', 'negate', 'or', 'plus', '||', identifier, whitespace\n","stack":"Error: Failed to parse parciales/hablemosSinSaber/resoProfes.wlk: \n-- PARSING FAILED --------------------------------------------------\n\n  114 | \n  115 |   method cantidadPanelistas() = panelistas.size()\n> 116 |   method (tematicas.size() / 2) > () {\n      |          ^\n  117 |     \n  118 |   }\n\nExpected one of the following: \n\n'!=', '!==', '%', '&&', '*', '**', '+', '-', '->', '..', '..<', '/', '<', '<<', '<<<', '<=', '<=>', '<>', '==', '===', '>', '>..', '>=', '>>', '>>>', '?:', 'and', 'invert', 'negate', 'or', 'plus', '||', identifier, whitespace\n\n    at c:\\Users\\edu\\.vscode\\extensions\\uqbar.wollok-lsp-ide-0.5.3\\out\\server\\src\\server.js:2348:13026\n    at Array.map (<anonymous>)\n    at W1n (c:\\Users\\edu\\.vscode\\extensions\\uqbar.wollok-lsp-ide-0.5.3\\out\\server\\src\\server.js:2348:12950)\n    at U2.buildEnvironmentFrom (c:\\Users\\edu\\.vscode\\extensions\\uqbar.wollok-lsp-ide-0.5.3\\out\\server\\src\\server.js:2393:5254)\n    at U2.updateEnvironmentWith (c:\\Users\\edu\\.vscode\\extensions\\uqbar.wollok-lsp-ide-0.5.3\\out\\server\\src\\server.js:2393:4989)\n    at JF (c:\\Users\\edu\\.vscode\\extensions\\uqbar.wollok-lsp-ide-0.5.3\\out\\server\\src\\server.js:2393:7383)\n    at F3.invoke (c:\\Users\\edu\\.vscode\\extensions\\uqbar.wollok-lsp-ide-0.5.3\\out\\server\\src\\server.js:3:157334)\n    at o.fire (c:\\Users\\edu\\.vscode\\extensions\\uqbar.wollok-lsp-ide-0.5.3\\out\\server\\src\\server.js:3:158104)\n    at c:\\Users\\edu\\.vscode\\extensions\\uqbar.wollok-lsp-ide-0.5.3\\out\\server\\src\\server.js:37:57871\n    at Zr (c:\\Users\\edu\\.vscode\\extensions\\uqbar.wollok-lsp-ide-0.5.3\\out\\server\\src\\server.js:8:1561)","timestamp":"2025-12-12T02:47:48.759Z"}
{"level":"info","message":"⌛ Building environment","timeElapsed":110,"timestamp":"2025-12-12T02:47:50.107Z"}
{"level":"info","message":"⌛ Validating parciales/hablemosSinSaber/resoProfes.wlk","timeElapsed":141,"timestamp":"2025-12-12T02:47:50.249Z"}
{"level":"info","message":"⌛ Building environment","timeElapsed":109,"timestamp":"2025-12-12T02:47:53.210Z"}
{"level":"info","message":"⌛ Validating parciales/hablemosSinSaber/resoProfes.wlk","timeElapsed":159,"timestamp":"2025-12-12T02:47:53.370Z"}
{"level":"error","message":"✘ Failed to get type description: Error: Failed to print, found malformed node Failed to print, found malformed node","node":{"id":"13c4617e-40bd-4cfd-aece-f6884068b1c4","metadata":[],"problems":[{"code":"malformedSentence","sourceMap":{"end":{"column":29,"line":117,"offset":3140},"start":{"column":28,"line":117,"offset":3139}}}],"scope":{"containerScope":{"containerScope":{"containerScope":{"containerScope":{"containerScope":{"containerScope":{"contributions":{},"includedScopes":[]},"contributions":{},"includedScopes":[]},"contributions":{},"includedScopes":[]},"contributions":{},"includedScopes":[]},"contributions":{},"includedScopes":[{"containerScope":{"containerScope":{"containerScope":{"contributions":{},"includedScopes":[]},"contributions":{},"includedScopes":[]},"contributions":{},"includedScopes":[]},"contributions":{},"includedScopes":[]}]},"contributions":{},"includedScopes":[]},"contributions":{},"includedScopes":[]},"sentences":[{"args":[{"id":"3f4ff600-1543-4a0f-b6af-6b7a9122290f","metadata":[],"scope":{"containerScope":{"containerScope":{"containerScope":{"containerScope":{"containerScope":{"containerScope":{"containerScope":{"containerScope":{"contributions":{},"includedScopes":[]},"contributions":{},"includedScopes":[]},"contributions":{},"includedScopes":[]},"contributions":{},"includedScopes":[]},"contributions":{},"includedScopes":[{"containerScope":{"containerScope":{"containerScope":{"contributions":{},"includedScopes":[]},"contributions":{},"includedScopes":[]},"contributions":{},"includedScopes":[]},"contributions":{},"includedScopes":[]}]},"contributions":{},"includedScopes":[]},"contributions":{},"includedScopes":[]},"contributions":{},"includedScopes":[]},"contributions":{},"includedScopes":[]},"sourceMap":{"end":{"column":26,"line":117,"offset":3137},"start":{"column":25,"line":117,"offset":3136}},"value":2}],"id":"25db5052-7fed-4807-95d1-21036457cc7f","message":"/","metadata":[],"receiver":{"args":[],"id":"17a9c1e6-bc48-4991-84d9-9619ffc7066e","message":"size","metadata":[],"receiver":{"id":"2deafef5-5f26-4719-854a-ca81bf223fdd","metadata":[],"name":"tematicas","scope":{"containerScope":{"containerScope":{"containerScope":{"containerScope":{"containerScope":{"containerScope":{"containerScope":{"containerScope":{"containerScope":{"contributions":{},"includedScopes":[]},"contributions":{},"includedScopes":[]},"contributions":{},"includedScopes":[]},"contributions":{},"includedScopes":[]},"contributions":{},"includedScopes":[{"containerScope":{"containerScope":{"containerScope":{"contributions":{},"includedScopes":[]},"contributions":{},"includedScopes":[]},"contributions":{},"includedScopes":[]},"contributions":{},"includedScopes":[]}]},"contributions":{},"includedScopes":[]},"contributions":{},"includedScopes":[]},"contributions":{},"includedScopes":[]},"contributions":{},"includedScopes":[]},"contributions":{},"includedScopes":[]},"sourceMap":{"end":{"column":15,"line":117,"offset":3126},"start":{"column":6,"line":117,"offset":3117}}},"scope":{"containerScope":{"containerScope":{"containerScope":{"containerScope":{"containerScope":{"containerScope":{"containerScope":{"containerScope":{"contributions":{},"includedScopes":[]},"contributions":{},"includedScopes":[]},"contributions":{},"includedScopes":[]},"contributions":{},"includedScopes":[]},"contributions":{},"includedScopes":[{"containerScope":{"containerScope":{"containerScope":{"contributions":{},"includedScopes":[]},"contributions":{},"includedScopes":[]},"contributions":{},"includedScopes":[]},"contributions":{},"includedScopes":[]}]},"contributions":{},"includedScopes":[]},"contributions":{},"includedScopes":[]},"contributions":{},"includedScopes":[]},"contributions":{},"includedScopes":[]},"sourceMap":{"end":{"column":22,"line":117,"offset":3133},"start":{"column":6,"line":117,"offset":3117}}},"scope":{"containerScope":{"containerScope":{"containerScope":{"containerScope":{"containerScope":{"containerScope":{"containerScope":{"contributions":{},"includedScopes":[]},"contributions":{},"includedScopes":[]},"contributions":{},"includedScopes":[]},"contributions":{},"includedScopes":[]},"contributions":{},"includedScopes":[{"containerScope":{"containerScope":{"containerScope":{"contributions":{},"includedScopes":[]},"contributions":{},"includedScopes":[]},"contributions":{},"includedScopes":[]},"contributions":{},"includedScopes":[]}]},"contributions":{},"includedScopes":[]},"contributions":{},"includedScopes":[]},"contributions":{},"includedScopes":[]},"sourceMap":{"end":{"column":26,"line":117,"offset":3137},"start":{"column":6,"line":117,"offset":3117}}}],"sourceMap":{"end":{"column":4,"line":118,"offset":3146},"start":{"column":17,"line":116,"offset":3109}}},"stack":"Error: Failed to print, found malformed node\n    at c:\\Users\\edu\\.vscode\\extensions\\uqbar.wollok-lsp-ide-0.5.3\\out\\server\\src\\server.js:68:3585\n    at c:\\Users\\edu\\.vscode\\extensions\\uqbar.wollok-lsp-ide-0.5.3\\out\\server\\src\\server.js:68:5370\n    at c:\\Users\\edu\\.vscode\\extensions\\uqbar.wollok-lsp-ide-0.5.3\\out\\server\\src\\server.js:38:6131\n    at c:\\Users\\edu\\.vscode\\extensions\\uqbar.wollok-lsp-ide-0.5.3\\out\\server\\src\\server.js:68:3664\n    at Gbn (c:\\Users\\edu\\.vscode\\extensions\\uqbar.wollok-lsp-ide-0.5.3\\out\\server\\src\\server.js:68:3396)\n    at c:\\Users\\edu\\.vscode\\extensions\\uqbar.wollok-lsp-ide-0.5.3\\out\\server\\src\\server.js:2393:847\n    at c:\\Users\\edu\\.vscode\\extensions\\uqbar.wollok-lsp-ide-0.5.3\\out\\server\\src\\server.js:2393:8440\n    at c:\\Users\\edu\\.vscode\\extensions\\uqbar.wollok-lsp-ide-0.5.3\\out\\server\\src\\server.js:37:74770\n    at Ye (c:\\Users\\edu\\.vscode\\extensions\\uqbar.wollok-lsp-ide-0.5.3\\out\\server\\src\\server.js:7:8527)\n    at qt (c:\\Users\\edu\\.vscode\\extensions\\uqbar.wollok-lsp-ide-0.5.3\\out\\server\\src\\server.js:7:6189)","timestamp":"2025-12-12T02:47:59.126Z"}
{"level":"error","message":"✘ Failed to get type description: Error: Failed to print, found malformed node Failed to print, found malformed node","node":{"id":"13c4617e-40bd-4cfd-aece-f6884068b1c4","metadata":[],"problems":[{"code":"malformedSentence","sourceMap":{"end":{"column":29,"line":117,"offset":3140},"start":{"column":28,"line":117,"offset":3139}}}],"scope":{"containerScope":{"containerScope":{"containerScope":{"containerScope":{"containerScope":{"containerScope":{"contributions":{},"includedScopes":[]},"contributions":{},"includedScopes":[]},"contributions":{},"includedScopes":[]},"contributions":{},"includedScopes":[]},"contributions":{},"includedScopes":[{"containerScope":{"containerScope":{"containerScope":{"contributions":{},"includedScopes":[]},"contributions":{},"includedScopes":[]},"contributions":{},"includedScopes":[]},"contributions":{},"includedScopes":[]}]},"contributions":{},"includedScopes":[]},"contributions":{},"includedScopes":[]},"sentences":[{"args":[{"id":"3f4ff600-1543-4a0f-b6af-6b7a9122290f","metadata":[],"scope":{"containerScope":{"containerScope":{"containerScope":{"containerScope":{"containerScope":{"containerScope":{"containerScope":{"containerScope":{"contributions":{},"includedScopes":[]},"contributions":{},"includedScopes":[]},"contributions":{},"includedScopes":[]},"contributions":{},"includedScopes":[]},"contributions":{},"includedScopes":[{"containerScope":{"containerScope":{"containerScope":{"contributions":{},"includedScopes":[]},"contributions":{},"includedScopes":[]},"contributions":{},"includedScopes":[]},"contributions":{},"includedScopes":[]}]},"contributions":{},"includedScopes":[]},"contributions":{},"includedScopes":[]},"contributions":{},"includedScopes":[]},"contributions":{},"includedScopes":[]},"sourceMap":{"end":{"column":26,"line":117,"offset":3137},"start":{"column":25,"line":117,"offset":3136}},"value":2}],"id":"25db5052-7fed-4807-95d1-21036457cc7f","message":"/","metadata":[],"receiver":{"args":[],"id":"17a9c1e6-bc48-4991-84d9-9619ffc7066e","message":"size","metadata":[],"receiver":{"id":"2deafef5-5f26-4719-854a-ca81bf223fdd","metadata":[],"name":"tematicas","scope":{"containerScope":{"containerScope":{"containerScope":{"containerScope":{"containerScope":{"containerScope":{"containerScope":{"containerScope":{"containerScope":{"contributions":{},"includedScopes":[]},"contributions":{},"includedScopes":[]},"contributions":{},"includedScopes":[]},"contributions":{},"includedScopes":[]},"contributions":{},"includedScopes":[{"containerScope":{"containerScope":{"containerScope":{"contributions":{},"includedScopes":[]},"contributions":{},"includedScopes":[]},"contributions":{},"includedScopes":[]},"contributions":{},"includedScopes":[]}]},"contributions":{},"includedScopes":[]},"contributions":{},"includedScopes":[]},"contributions":{},"includedScopes":[]},"contributions":{},"includedScopes":[]},"contributions":{},"includedScopes":[]},"sourceMap":{"end":{"column":15,"line":117,"offset":3126},"start":{"column":6,"line":117,"offset":3117}}},"scope":{"containerScope":{"containerScope":{"containerScope":{"containerScope":{"containerScope":{"containerScope":{"containerScope":{"containerScope":{"contributions":{},"includedScopes":[]},"contributions":{},"includedScopes":[]},"contributions":{},"includedScopes":[]},"contributions":{},"includedScopes":[]},"contributions":{},"includedScopes":[{"containerScope":{"containerScope":{"containerScope":{"contributions":{},"includedScopes":[]},"contributions":{},"includedScopes":[]},"contributions":{},"includedScopes":[]},"contributions":{},"includedScopes":[]}]},"contributions":{},"includedScopes":[]},"contributions":{},"includedScopes":[]},"contributions":{},"includedScopes":[]},"contributions":{},"includedScopes":[]},"sourceMap":{"end":{"column":22,"line":117,"offset":3133},"start":{"column":6,"line":117,"offset":3117}}},"scope":{"containerScope":{"containerScope":{"containerScope":{"containerScope":{"containerScope":{"containerScope":{"containerScope":{"contributions":{},"includedScopes":[]},"contributions":{},"includedScopes":[]},"contributions":{},"includedScopes":[]},"contributions":{},"includedScopes":[]},"contributions":{},"includedScopes":[{"containerScope":{"containerScope":{"containerScope":{"contributions":{},"includedScopes":[]},"contributions":{},"includedScopes":[]},"contributions":{},"includedScopes":[]},"contributions":{},"includedScopes":[]}]},"contributions":{},"includedScopes":[]},"contributions":{},"includedScopes":[]},"contributions":{},"includedScopes":[]},"sourceMap":{"end":{"column":26,"line":117,"offset":3137},"start":{"column":6,"line":117,"offset":3117}}}],"sourceMap":{"end":{"column":4,"line":118,"offset":3146},"start":{"column":17,"line":116,"offset":3109}}},"stack":"Error: Failed to print, found malformed node\n    at c:\\Users\\edu\\.vscode\\extensions\\uqbar.wollok-lsp-ide-0.5.3\\out\\server\\src\\server.js:68:3585\n    at c:\\Users\\edu\\.vscode\\extensions\\uqbar.wollok-lsp-ide-0.5.3\\out\\server\\src\\server.js:68:5370\n    at c:\\Users\\edu\\.vscode\\extensions\\uqbar.wollok-lsp-ide-0.5.3\\out\\server\\src\\server.js:38:6131\n    at c:\\Users\\edu\\.vscode\\extensions\\uqbar.wollok-lsp-ide-0.5.3\\out\\server\\src\\server.js:68:3664\n    at Gbn (c:\\Users\\edu\\.vscode\\extensions\\uqbar.wollok-lsp-ide-0.5.3\\out\\server\\src\\server.js:68:3396)\n    at c:\\Users\\edu\\.vscode\\extensions\\uqbar.wollok-lsp-ide-0.5.3\\out\\server\\src\\server.js:2393:847\n    at c:\\Users\\edu\\.vscode\\extensions\\uqbar.wollok-lsp-ide-0.5.3\\out\\server\\src\\server.js:2393:8440\n    at c:\\Users\\edu\\.vscode\\extensions\\uqbar.wollok-lsp-ide-0.5.3\\out\\server\\src\\server.js:37:74770\n    at Ye (c:\\Users\\edu\\.vscode\\extensions\\uqbar.wollok-lsp-ide-0.5.3\\out\\server\\src\\server.js:7:8527)\n    at qt (c:\\Users\\edu\\.vscode\\extensions\\uqbar.wollok-lsp-ide-0.5.3\\out\\server\\src\\server.js:7:6189)","timestamp":"2025-12-12T02:47:59.513Z"}
{"level":"info","message":"⌛ Building environment","timeElapsed":116,"timestamp":"2025-12-12T02:47:59.670Z"}
{"level":"info","message":"⌛ Validating parciales/hablemosSinSaber/resoProfes.wlk","timeElapsed":124,"timestamp":"2025-12-12T02:47:59.822Z"}
{"level":"info","message":"⌛ Building environment","timeElapsed":120,"timestamp":"2025-12-12T02:48:02.936Z"}
{"level":"info","message":"⌛ Validating parciales/hablemosSinSaber/resoProfes.wlk","timeElapsed":212,"timestamp":"2025-12-12T02:48:03.149Z"}
{"level":"info","message":"⌛ Building environment","timeElapsed":114,"timestamp":"2025-12-12T02:48:04.367Z"}
{"level":"info","message":"⌛ Validating parciales/hablemosSinSaber/resoProfes.wlk","timeElapsed":123,"timestamp":"2025-12-12T02:48:04.591Z"}
{"level":"info","message":"⌛ Validating parciales/hablemosSinSaber/resoProfes.wlk","timeElapsed":118,"timestamp":"2025-12-12T02:48:04.710Z"}
{"level":"info","message":"⌛ Validating parciales/hablemosSinSaber/resoProfes.wlk","timeElapsed":127,"timestamp":"2025-12-12T02:48:04.939Z"}
{"level":"error","message":"✘ Failed to rebuild document Failed to parse parciales/hablemosSinSaber/resoProfes.wlk: \n-- PARSING FAILED --------------------------------------------------\n\n  114 | \n  115 |   method cantidadPanelistas() = panelistas.size()\n> 116 |   method () {\n      |          ^\n  117 |     (tematicas.size() / 2) > \n  118 |   }\n\nExpected one of the following: \n\n'!=', '!==', '%', '&&', '*', '**', '+', '-', '->', '..', '..<', '/', '<', '<<', '<<<', '<=', '<=>', '<>', '==', '===', '>', '>..', '>=', '>>', '>>>', '?:', 'and', 'invert', 'negate', 'or', 'plus', '||', identifier, whitespace\n","stack":"Error: Failed to parse parciales/hablemosSinSaber/resoProfes.wlk: \n-- PARSING FAILED --------------------------------------------------\n\n  114 | \n  115 |   method cantidadPanelistas() = panelistas.size()\n> 116 |   method () {\n      |          ^\n  117 |     (tematicas.size() / 2) > \n  118 |   }\n\nExpected one of the following: \n\n'!=', '!==', '%', '&&', '*', '**', '+', '-', '->', '..', '..<', '/', '<', '<<', '<<<', '<=', '<=>', '<>', '==', '===', '>', '>..', '>=', '>>', '>>>', '?:', 'and', 'invert', 'negate', 'or', 'plus', '||', identifier, whitespace\n\n    at c:\\Users\\edu\\.vscode\\extensions\\uqbar.wollok-lsp-ide-0.5.3\\out\\server\\src\\server.js:2348:13026\n    at Array.map (<anonymous>)\n    at W1n (c:\\Users\\edu\\.vscode\\extensions\\uqbar.wollok-lsp-ide-0.5.3\\out\\server\\src\\server.js:2348:12950)\n    at U2.buildEnvironmentFrom (c:\\Users\\edu\\.vscode\\extensions\\uqbar.wollok-lsp-ide-0.5.3\\out\\server\\src\\server.js:2393:5254)\n    at U2.updateEnvironmentWith (c:\\Users\\edu\\.vscode\\extensions\\uqbar.wollok-lsp-ide-0.5.3\\out\\server\\src\\server.js:2393:4989)\n    at JF (c:\\Users\\edu\\.vscode\\extensions\\uqbar.wollok-lsp-ide-0.5.3\\out\\server\\src\\server.js:2393:7383)\n    at F3.invoke (c:\\Users\\edu\\.vscode\\extensions\\uqbar.wollok-lsp-ide-0.5.3\\out\\server\\src\\server.js:3:157334)\n    at o.fire (c:\\Users\\edu\\.vscode\\extensions\\uqbar.wollok-lsp-ide-0.5.3\\out\\server\\src\\server.js:3:158104)\n    at c:\\Users\\edu\\.vscode\\extensions\\uqbar.wollok-lsp-ide-0.5.3\\out\\server\\src\\server.js:37:57871\n    at Zr (c:\\Users\\edu\\.vscode\\extensions\\uqbar.wollok-lsp-ide-0.5.3\\out\\server\\src\\server.js:8:1561)","timestamp":"2025-12-12T02:48:04.958Z"}
{"level":"info","message":"⌛ Validating parciales/hablemosSinSaber/resoProfes.wlk","timeElapsed":126,"timestamp":"2025-12-12T02:48:05.291Z"}
{"level":"info","message":"⌛ Validating parciales/hablemosSinSaber/resoProfes.wlk","timeElapsed":139,"timestamp":"2025-12-12T02:48:08.886Z"}
{"level":"info","message":"⌛ Building environment","timeElapsed":109,"timestamp":"2025-12-12T02:48:10.517Z"}
{"level":"error","message":"✘ Completions for node Send ([117:5, 118:27] - parciales/hablemosSinSaber/resoProfes.wlk) failed: Error: [Send]{286810} at parciales/hablemosSinSaber/resoProfes.wlk:117 exhausted all cases without a match [Send]{286810} at parciales/hablemosSinSaber/resoProfes.wlk:117 exhausted all cases without a match","stack":"Error: [Send]{286810} at parciales/hablemosSinSaber/resoProfes.wlk:117 exhausted all cases without a match\n    at c:\\Users\\edu\\.vscode\\extensions\\uqbar.wollok-lsp-ide-0.5.3\\out\\server\\src\\server.js:38:6142\n    at D2 (c:\\Users\\edu\\.vscode\\extensions\\uqbar.wollok-lsp-ide-0.5.3\\out\\server\\src\\server.js:2384:42)\n    at c:\\Users\\edu\\.vscode\\extensions\\uqbar.wollok-lsp-ide-0.5.3\\out\\server\\src\\server.js:2384:2988\n    at c:\\Users\\edu\\.vscode\\extensions\\uqbar.wollok-lsp-ide-0.5.3\\out\\server\\src\\server.js:2393:8440\n    at c:\\Users\\edu\\.vscode\\extensions\\uqbar.wollok-lsp-ide-0.5.3\\out\\server\\src\\server.js:37:74872\n    at Ye (c:\\Users\\edu\\.vscode\\extensions\\uqbar.wollok-lsp-ide-0.5.3\\out\\server\\src\\server.js:7:8527)\n    at qt (c:\\Users\\edu\\.vscode\\extensions\\uqbar.wollok-lsp-ide-0.5.3\\out\\server\\src\\server.js:7:6189)\n    at ot (c:\\Users\\edu\\.vscode\\extensions\\uqbar.wollok-lsp-ide-0.5.3\\out\\server\\src\\server.js:7:6378)\n    at Immediate._onImmediate (c:\\Users\\edu\\.vscode\\extensions\\uqbar.wollok-lsp-ide-0.5.3\\out\\server\\src\\server.js:7:6142)\n    at process.processImmediate (node:internal/timers:485:21)","timestamp":"2025-12-12T02:48:10.548Z"}
{"level":"info","message":"⌛ Building environment","timeElapsed":122,"timestamp":"2025-12-12T02:48:10.686Z"}
{"level":"info","message":"⌛ Validating parciales/hablemosSinSaber/resoProfes.wlk","timeElapsed":138,"timestamp":"2025-12-12T02:48:10.824Z"}
{"level":"info","message":"⌛ Building environment","timeElapsed":106,"timestamp":"2025-12-12T02:48:11.024Z"}
{"level":"info","message":"⌛ Validating parciales/hablemosSinSaber/resoProfes.wlk","timeElapsed":116,"timestamp":"2025-12-12T02:48:11.141Z"}
{"level":"info","message":"⌛ Validating parciales/hablemosSinSaber/resoProfes.wlk","timeElapsed":125,"timestamp":"2025-12-12T02:48:11.350Z"}
{"level":"info","message":"⌛ Validating parciales/hablemosSinSaber/resoProfes.wlk","timeElapsed":113,"timestamp":"2025-12-12T02:48:11.469Z"}
{"level":"info","message":"⌛ Validating parciales/hablemosSinSaber/resoProfes.wlk","timeElapsed":157,"timestamp":"2025-12-12T02:48:11.632Z"}
{"level":"info","message":"⌛ Validating parciales/hablemosSinSaber/resoProfes.wlk","timeElapsed":138,"timestamp":"2025-12-12T02:48:11.868Z"}
{"level":"info","message":"⌛ Building environment","timeElapsed":135,"timestamp":"2025-12-12T02:48:19.349Z"}
{"level":"error","message":"✘ Completions for node Variable ([117:5, 117:12] - parciales/hablemosSinSaber/resoProfes.wlk) failed: Error: t [Variable]{480b8c} at parciales/hablemosSinSaber/resoProfes.wlk:117 exhausted all cases without a match t [Variable]{480b8c} at parciales/hablemosSinSaber/resoProfes.wlk:117 exhausted all cases without a match","stack":"Error: t [Variable]{480b8c} at parciales/hablemosSinSaber/resoProfes.wlk:117 exhausted all cases without a match\n    at c:\\Users\\edu\\.vscode\\extensions\\uqbar.wollok-lsp-ide-0.5.3\\out\\server\\src\\server.js:38:6142\n    at D2 (c:\\Users\\edu\\.vscode\\extensions\\uqbar.wollok-lsp-ide-0.5.3\\out\\server\\src\\server.js:2384:42)\n    at c:\\Users\\edu\\.vscode\\extensions\\uqbar.wollok-lsp-ide-0.5.3\\out\\server\\src\\server.js:2384:2988\n    at c:\\Users\\edu\\.vscode\\extensions\\uqbar.wollok-lsp-ide-0.5.3\\out\\server\\src\\server.js:2393:8440\n    at c:\\Users\\edu\\.vscode\\extensions\\uqbar.wollok-lsp-ide-0.5.3\\out\\server\\src\\server.js:37:74872\n    at Ye (c:\\Users\\edu\\.vscode\\extensions\\uqbar.wollok-lsp-ide-0.5.3\\out\\server\\src\\server.js:7:8527)\n    at qt (c:\\Users\\edu\\.vscode\\extensions\\uqbar.wollok-lsp-ide-0.5.3\\out\\server\\src\\server.js:7:6189)\n    at ot (c:\\Users\\edu\\.vscode\\extensions\\uqbar.wollok-lsp-ide-0.5.3\\out\\server\\src\\server.js:7:6378)\n    at Immediate._onImmediate (c:\\Users\\edu\\.vscode\\extensions\\uqbar.wollok-lsp-ide-0.5.3\\out\\server\\src\\server.js:7:6142)\n    at process.processImmediate (node:internal/timers:485:21)","timestamp":"2025-12-12T02:48:19.379Z"}
{"level":"info","message":"⌛ Building environment","timeElapsed":122,"timestamp":"2025-12-12T02:48:19.509Z"}
{"level":"info","message":"⌛ Validating parciales/hablemosSinSaber/resoProfes.wlk","timeElapsed":160,"timestamp":"2025-12-12T02:48:19.670Z"}
{"level":"info","message":"⌛ Building environment","timeElapsed":104,"timestamp":"2025-12-12T02:48:19.775Z"}
{"level":"info","message":"⌛ Validating parciales/hablemosSinSaber/resoProfes.wlk","timeElapsed":154,"timestamp":"2025-12-12T02:48:19.940Z"}
{"level":"info","message":"⌛ Building environment","timeElapsed":157,"timestamp":"2025-12-12T02:48:20.098Z"}
{"level":"info","message":"⌛ Building environment","timeElapsed":123,"timestamp":"2025-12-12T02:48:20.231Z"}
{"level":"info","message":"⌛ Validating parciales/hablemosSinSaber/resoProfes.wlk","timeElapsed":133,"timestamp":"2025-12-12T02:48:20.365Z"}
{"level":"info","message":"⌛ Validating parciales/hablemosSinSaber/resoProfes.wlk","timeElapsed":124,"timestamp":"2025-12-12T02:48:20.578Z"}
{"level":"info","message":"⌛ Validating parciales/hablemosSinSaber/resoProfes.wlk","timeElapsed":117,"timestamp":"2025-12-12T02:48:20.788Z"}
{"level":"info","message":"⌛ Validating parciales/hablemosSinSaber/resoProfes.wlk","timeElapsed":118,"timestamp":"2025-12-12T02:48:20.993Z"}
{"level":"info","message":"⌛ Validating parciales/hablemosSinSaber/resoProfes.wlk","timeElapsed":117,"timestamp":"2025-12-12T02:48:21.114Z"}
{"level":"info","message":"⌛ Building environment","timeElapsed":119,"timestamp":"2025-12-12T02:48:21.233Z"}
{"level":"info","message":"⌛ Validating parciales/hablemosSinSaber/resoProfes.wlk","timeElapsed":130,"timestamp":"2025-12-12T02:48:21.364Z"}
{"level":"info","message":"⌛ Validating parciales/hablemosSinSaber/resoProfes.wlk","timeElapsed":120,"timestamp":"2025-12-12T02:48:21.489Z"}
{"level":"error","message":"✘ Completions for node Variable ([117:5, 117:21] - parciales/hablemosSinSaber/resoProfes.wlk) failed: Error: tematicasI [Variable]{965f82} at parciales/hablemosSinSaber/resoProfes.wlk:117 exhausted all cases without a match tematicasI [Variable]{965f82} at parciales/hablemosSinSaber/resoProfes.wlk:117 exhausted all cases without a match","stack":"Error: tematicasI [Variable]{965f82} at parciales/hablemosSinSaber/resoProfes.wlk:117 exhausted all cases without a match\n    at c:\\Users\\edu\\.vscode\\extensions\\uqbar.wollok-lsp-ide-0.5.3\\out\\server\\src\\server.js:38:6142\n    at D2 (c:\\Users\\edu\\.vscode\\extensions\\uqbar.wollok-lsp-ide-0.5.3\\out\\server\\src\\server.js:2384:42)\n    at c:\\Users\\edu\\.vscode\\extensions\\uqbar.wollok-lsp-ide-0.5.3\\out\\server\\src\\server.js:2384:2988\n    at c:\\Users\\edu\\.vscode\\extensions\\uqbar.wollok-lsp-ide-0.5.3\\out\\server\\src\\server.js:2393:8440\n    at c:\\Users\\edu\\.vscode\\extensions\\uqbar.wollok-lsp-ide-0.5.3\\out\\server\\src\\server.js:37:74872\n    at Ye (c:\\Users\\edu\\.vscode\\extensions\\uqbar.wollok-lsp-ide-0.5.3\\out\\server\\src\\server.js:7:8527)\n    at qt (c:\\Users\\edu\\.vscode\\extensions\\uqbar.wollok-lsp-ide-0.5.3\\out\\server\\src\\server.js:7:6189)\n    at ot (c:\\Users\\edu\\.vscode\\extensions\\uqbar.wollok-lsp-ide-0.5.3\\out\\server\\src\\server.js:7:6378)\n    at Immediate._onImmediate (c:\\Users\\edu\\.vscode\\extensions\\uqbar.wollok-lsp-ide-0.5.3\\out\\server\\src\\server.js:7:6142)\n    at process.processImmediate (node:internal/timers:485:21)","timestamp":"2025-12-12T02:48:21.594Z"}
{"level":"info","message":"⌛ Validating parciales/hablemosSinSaber/resoProfes.wlk","timeElapsed":115,"timestamp":"2025-12-12T02:48:21.814Z"}
{"level":"error","message":"✘ Completions for node Variable ([117:5, 117:25] - parciales/hablemosSinSaber/resoProfes.wlk) failed: Error: tematicasIntre [Variable]{1afb18} at parciales/hablemosSinSaber/resoProfes.wlk:117 exhausted all cases without a match tematicasIntre [Variable]{1afb18} at parciales/hablemosSinSaber/resoProfes.wlk:117 exhausted all cases without a match","stack":"Error: tematicasIntre [Variable]{1afb18} at parciales/hablemosSinSaber/resoProfes.wlk:117 exhausted all cases without a match\n    at c:\\Users\\edu\\.vscode\\extensions\\uqbar.wollok-lsp-ide-0.5.3\\out\\server\\src\\server.js:38:6142\n    at D2 (c:\\Users\\edu\\.vscode\\extensions\\uqbar.wollok-lsp-ide-0.5.3\\out\\server\\src\\server.js:2384:42)\n    at c:\\Users\\edu\\.vscode\\extensions\\uqbar.wollok-lsp-ide-0.5.3\\out\\server\\src\\server.js:2384:2988\n    at c:\\Users\\edu\\.vscode\\extensions\\uqbar.wollok-lsp-ide-0.5.3\\out\\server\\src\\server.js:2393:8440\n    at c:\\Users\\edu\\.vscode\\extensions\\uqbar.wollok-lsp-ide-0.5.3\\out\\server\\src\\server.js:37:74872\n    at Ye (c:\\Users\\edu\\.vscode\\extensions\\uqbar.wollok-lsp-ide-0.5.3\\out\\server\\src\\server.js:7:8527)\n    at qt (c:\\Users\\edu\\.vscode\\extensions\\uqbar.wollok-lsp-ide-0.5.3\\out\\server\\src\\server.js:7:6189)\n    at ot (c:\\Users\\edu\\.vscode\\extensions\\uqbar.wollok-lsp-ide-0.5.3\\out\\server\\src\\server.js:7:6378)\n    at Immediate._onImmediate (c:\\Users\\edu\\.vscode\\extensions\\uqbar.wollok-lsp-ide-0.5.3\\out\\server\\src\\server.js:7:6142)\n    at process.processImmediate (node:internal/timers:485:21)","timestamp":"2025-12-12T02:48:22.112Z"}
{"level":"info","message":"⌛ Validating parciales/hablemosSinSaber/resoProfes.wlk","timeElapsed":120,"timestamp":"2025-12-12T02:48:22.236Z"}
{"level":"info","message":"⌛ Validating parciales/hablemosSinSaber/resoProfes.wlk","timeElapsed":114,"timestamp":"2025-12-12T02:48:22.350Z"}
{"level":"info","message":"⌛ Validating parciales/hablemosSinSaber/resoProfes.wlk","timeElapsed":116,"timestamp":"2025-12-12T02:48:22.467Z"}
{"level":"info","message":"⌛ Validating parciales/hablemosSinSaber/resoProfes.wlk","timeElapsed":121,"timestamp":"2025-12-12T02:48:22.593Z"}
{"level":"error","message":"✘ Completions for node Variable ([117:5, 117:24] - parciales/hablemosSinSaber/resoProfes.wlk) failed: Error: tematicasIntr [Variable]{4e6685} at parciales/hablemosSinSaber/resoProfes.wlk:117 exhausted all cases without a match tematicasIntr [Variable]{4e6685} at parciales/hablemosSinSaber/resoProfes.wlk:117 exhausted all cases without a match","stack":"Error: tematicasIntr [Variable]{4e6685} at parciales/hablemosSinSaber/resoProfes.wlk:117 exhausted all cases without a match\n    at c:\\Users\\edu\\.vscode\\extensions\\uqbar.wollok-lsp-ide-0.5.3\\out\\server\\src\\server.js:38:6142\n    at D2 (c:\\Users\\edu\\.vscode\\extensions\\uqbar.wollok-lsp-ide-0.5.3\\out\\server\\src\\server.js:2384:42)\n    at c:\\Users\\edu\\.vscode\\extensions\\uqbar.wollok-lsp-ide-0.5.3\\out\\server\\src\\server.js:2384:2988\n    at c:\\Users\\edu\\.vscode\\extensions\\uqbar.wollok-lsp-ide-0.5.3\\out\\server\\src\\server.js:2393:8440\n    at c:\\Users\\edu\\.vscode\\extensions\\uqbar.wollok-lsp-ide-0.5.3\\out\\server\\src\\server.js:37:74872\n    at Ye (c:\\Users\\edu\\.vscode\\extensions\\uqbar.wollok-lsp-ide-0.5.3\\out\\server\\src\\server.js:7:8527)\n    at qt (c:\\Users\\edu\\.vscode\\extensions\\uqbar.wollok-lsp-ide-0.5.3\\out\\server\\src\\server.js:7:6189)\n    at ot (c:\\Users\\edu\\.vscode\\extensions\\uqbar.wollok-lsp-ide-0.5.3\\out\\server\\src\\server.js:7:6378)\n    at Immediate._onImmediate (c:\\Users\\edu\\.vscode\\extensions\\uqbar.wollok-lsp-ide-0.5.3\\out\\server\\src\\server.js:7:6142)\n    at process.processImmediate (node:internal/timers:485:21)","timestamp":"2025-12-12T02:48:22.699Z"}
{"level":"info","message":"⌛ Building environment","timeElapsed":146,"timestamp":"2025-12-12T02:48:22.849Z"}
{"level":"error","message":"✘ Completions for node Variable ([117:5, 117:23] - parciales/hablemosSinSaber/resoProfes.wlk) failed: Error: tematicasInt [Variable]{1a0ceb} at parciales/hablemosSinSaber/resoProfes.wlk:117 exhausted all cases without a match tematicasInt [Variable]{1a0ceb} at parciales/hablemosSinSaber/resoProfes.wlk:117 exhausted all cases without a match","stack":"Error: tematicasInt [Variable]{1a0ceb} at parciales/hablemosSinSaber/resoProfes.wlk:117 exhausted all cases without a match\n    at c:\\Users\\edu\\.vscode\\extensions\\uqbar.wollok-lsp-ide-0.5.3\\out\\server\\src\\server.js:38:6142\n    at D2 (c:\\Users\\edu\\.vscode\\extensions\\uqbar.wollok-lsp-ide-0.5.3\\out\\server\\src\\server.js:2384:42)\n    at c:\\Users\\edu\\.vscode\\extensions\\uqbar.wollok-lsp-ide-0.5.3\\out\\server\\src\\server.js:2384:2988\n    at c:\\Users\\edu\\.vscode\\extensions\\uqbar.wollok-lsp-ide-0.5.3\\out\\server\\src\\server.js:2393:8440\n    at c:\\Users\\edu\\.vscode\\extensions\\uqbar.wollok-lsp-ide-0.5.3\\out\\server\\src\\server.js:37:74872\n    at Ye (c:\\Users\\edu\\.vscode\\extensions\\uqbar.wollok-lsp-ide-0.5.3\\out\\server\\src\\server.js:7:8527)\n    at qt (c:\\Users\\edu\\.vscode\\extensions\\uqbar.wollok-lsp-ide-0.5.3\\out\\server\\src\\server.js:7:6189)\n    at ot (c:\\Users\\edu\\.vscode\\extensions\\uqbar.wollok-lsp-ide-0.5.3\\out\\server\\src\\server.js:7:6378)\n    at Immediate._onImmediate (c:\\Users\\edu\\.vscode\\extensions\\uqbar.wollok-lsp-ide-0.5.3\\out\\server\\src\\server.js:7:6142)\n    at process.processImmediate (node:internal/timers:485:21)","timestamp":"2025-12-12T02:48:22.879Z"}
{"level":"info","message":"⌛ Building environment","timeElapsed":139,"timestamp":"2025-12-12T02:48:23.046Z"}
{"level":"info","message":"⌛ Validating parciales/hablemosSinSaber/resoProfes.wlk","timeElapsed":122,"timestamp":"2025-12-12T02:48:23.168Z"}
{"level":"info","message":"⌛ Validating parciales/hablemosSinSaber/resoProfes.wlk","timeElapsed":118,"timestamp":"2025-12-12T02:48:23.465Z"}
{"level":"error","message":"✘ Completions for node Variable ([117:5, 117:27] - parciales/hablemosSinSaber/resoProfes.wlk) failed: Error: tematicasInteres [Variable]{f2e290} at parciales/hablemosSinSaber/resoProfes.wlk:117 exhausted all cases without a match tematicasInteres [Variable]{f2e290} at parciales/hablemosSinSaber/resoProfes.wlk:117 exhausted all cases without a match","stack":"Error: tematicasInteres [Variable]{f2e290} at parciales/hablemosSinSaber/resoProfes.wlk:117 exhausted all cases without a match\n    at c:\\Users\\edu\\.vscode\\extensions\\uqbar.wollok-lsp-ide-0.5.3\\out\\server\\src\\server.js:38:6142\n    at D2 (c:\\Users\\edu\\.vscode\\extensions\\uqbar.wollok-lsp-ide-0.5.3\\out\\server\\src\\server.js:2384:42)\n    at c:\\Users\\edu\\.vscode\\extensions\\uqbar.wollok-lsp-ide-0.5.3\\out\\server\\src\\server.js:2384:2988\n    at c:\\Users\\edu\\.vscode\\extensions\\uqbar.wollok-lsp-ide-0.5.3\\out\\server\\src\\server.js:2393:8440\n    at c:\\Users\\edu\\.vscode\\extensions\\uqbar.wollok-lsp-ide-0.5.3\\out\\server\\src\\server.js:37:74872\n    at Ye (c:\\Users\\edu\\.vscode\\extensions\\uqbar.wollok-lsp-ide-0.5.3\\out\\server\\src\\server.js:7:8527)\n    at qt (c:\\Users\\edu\\.vscode\\extensions\\uqbar.wollok-lsp-ide-0.5.3\\out\\server\\src\\server.js:7:6189)\n    at ot (c:\\Users\\edu\\.vscode\\extensions\\uqbar.wollok-lsp-ide-0.5.3\\out\\server\\src\\server.js:7:6378)\n    at Immediate._onImmediate (c:\\Users\\edu\\.vscode\\extensions\\uqbar.wollok-lsp-ide-0.5.3\\out\\server\\src\\server.js:7:6142)\n    at process.processImmediate (node:internal/timers:485:21)","timestamp":"2025-12-12T02:48:23.573Z"}
{"level":"info","message":"⌛ Validating parciales/hablemosSinSaber/resoProfes.wlk","timeElapsed":117,"timestamp":"2025-12-12T02:48:23.695Z"}
{"level":"info","message":"⌛ Validating parciales/hablemosSinSaber/resoProfes.wlk","timeElapsed":121,"timestamp":"2025-12-12T02:48:23.996Z"}
{"level":"info","message":"⌛ Validating parciales/hablemosSinSaber/resoProfes.wlk","timeElapsed":112,"timestamp":"2025-12-12T02:48:24.193Z"}
{"level":"info","message":"⌛ Validating parciales/hablemosSinSaber/resoProfes.wlk","timeElapsed":116,"timestamp":"2025-12-12T02:48:24.396Z"}
{"level":"info","message":"⌛ Validating parciales/hablemosSinSaber/resoProfes.wlk","timeElapsed":119,"timestamp":"2025-12-12T02:48:24.519Z"}
{"level":"info","message":"⌛ Validating parciales/hablemosSinSaber/resoProfes.wlk","timeElapsed":144,"timestamp":"2025-12-12T02:48:24.664Z"}
{"level":"info","message":"⌛ Validating parciales/hablemosSinSaber/resoProfes.wlk","timeElapsed":115,"timestamp":"2025-12-12T02:48:24.784Z"}
{"level":"info","message":"⌛ Building environment","timeElapsed":108,"timestamp":"2025-12-12T02:48:24.892Z"}
{"level":"info","message":"⌛ Validating parciales/hablemosSinSaber/resoProfes.wlk","timeElapsed":120,"timestamp":"2025-12-12T02:48:25.012Z"}
{"level":"info","message":"⌛ Validating parciales/hablemosSinSaber/resoProfes.wlk","timeElapsed":119,"timestamp":"2025-12-12T02:48:25.221Z"}
{"level":"info","message":"⌛ Validating parciales/hablemosSinSaber/resoProfes.wlk","timeElapsed":118,"timestamp":"2025-12-12T02:48:25.433Z"}
{"level":"info","message":"⌛ Building environment","timeElapsed":103,"timestamp":"2025-12-12T02:48:25.537Z"}
{"level":"info","message":"⌛ Validating parciales/hablemosSinSaber/resoProfes.wlk","timeElapsed":124,"timestamp":"2025-12-12T02:48:25.661Z"}
{"level":"info","message":"⌛ Validating parciales/hablemosSinSaber/resoProfes.wlk","timeElapsed":118,"timestamp":"2025-12-12T02:48:25.778Z"}
{"level":"info","message":"⌛ Validating parciales/hablemosSinSaber/resoProfes.wlk","timeElapsed":116,"timestamp":"2025-12-12T02:48:26.168Z"}
{"level":"info","message":"⌛ Validating parciales/hablemosSinSaber/resoProfes.wlk","timeElapsed":118,"timestamp":"2025-12-12T02:48:26.286Z"}
{"level":"info","message":"⌛ Validating parciales/hablemosSinSaber/resoProfes.wlk","timeElapsed":121,"timestamp":"2025-12-12T02:48:26.416Z"}
{"level":"info","message":"⌛ Validating parciales/hablemosSinSaber/resoProfes.wlk","timeElapsed":134,"timestamp":"2025-12-12T02:48:26.728Z"}
{"level":"info","message":"⌛ Building environment","timeElapsed":140,"timestamp":"2025-12-12T02:48:26.871Z"}
{"level":"info","message":"⌛ Validating parciales/hablemosSinSaber/resoProfes.wlk","timeElapsed":130,"timestamp":"2025-12-12T02:48:27.002Z"}
{"level":"info","message":"⌛ Validating parciales/hablemosSinSaber/resoProfes.wlk","timeElapsed":116,"timestamp":"2025-12-12T02:48:27.118Z"}
{"level":"info","message":"⌛ Validating parciales/hablemosSinSaber/resoProfes.wlk","timeElapsed":142,"timestamp":"2025-12-12T02:48:27.457Z"}
{"level":"info","message":"⌛ Validating parciales/hablemosSinSaber/resoProfes.wlk","timeElapsed":120,"timestamp":"2025-12-12T02:48:27.958Z"}
{"level":"info","message":"⌛ Validating parciales/hablemosSinSaber/resoProfes.wlk","timeElapsed":114,"timestamp":"2025-12-12T02:48:28.157Z"}
{"level":"error","message":"✘ Completions for node Send ([117:34, 118:27] - parciales/hablemosSinSaber/resoProfes.wlk) failed: Error: [Send]{f5e01e} at parciales/hablemosSinSaber/resoProfes.wlk:117 exhausted all cases without a match [Send]{f5e01e} at parciales/hablemosSinSaber/resoProfes.wlk:117 exhausted all cases without a match","stack":"Error: [Send]{f5e01e} at parciales/hablemosSinSaber/resoProfes.wlk:117 exhausted all cases without a match\n    at c:\\Users\\edu\\.vscode\\extensions\\uqbar.wollok-lsp-ide-0.5.3\\out\\server\\src\\server.js:38:6142\n    at D2 (c:\\Users\\edu\\.vscode\\extensions\\uqbar.wollok-lsp-ide-0.5.3\\out\\server\\src\\server.js:2384:42)\n    at c:\\Users\\edu\\.vscode\\extensions\\uqbar.wollok-lsp-ide-0.5.3\\out\\server\\src\\server.js:2384:2988\n    at c:\\Users\\edu\\.vscode\\extensions\\uqbar.wollok-lsp-ide-0.5.3\\out\\server\\src\\server.js:2393:8440\n    at c:\\Users\\edu\\.vscode\\extensions\\uqbar.wollok-lsp-ide-0.5.3\\out\\server\\src\\server.js:37:74872\n    at Ye (c:\\Users\\edu\\.vscode\\extensions\\uqbar.wollok-lsp-ide-0.5.3\\out\\server\\src\\server.js:7:8527)\n    at qt (c:\\Users\\edu\\.vscode\\extensions\\uqbar.wollok-lsp-ide-0.5.3\\out\\server\\src\\server.js:7:6189)\n    at ot (c:\\Users\\edu\\.vscode\\extensions\\uqbar.wollok-lsp-ide-0.5.3\\out\\server\\src\\server.js:7:6378)\n    at Immediate._onImmediate (c:\\Users\\edu\\.vscode\\extensions\\uqbar.wollok-lsp-ide-0.5.3\\out\\server\\src\\server.js:7:6142)\n    at process.processImmediate (node:internal/timers:485:21)","timestamp":"2025-12-12T02:48:28.435Z"}
{"level":"error","message":"✘ Completions for node Variable ([117:5, 118:27] - parciales/hablemosSinSaber/resoProfes.wlk) failed: Error: tematicasInteresante [Variable]{8ea4cf} at parciales/hablemosSinSaber/resoProfes.wlk:117 exhausted all cases without a match tematicasInteresante [Variable]{8ea4cf} at parciales/hablemosSinSaber/resoProfes.wlk:117 exhausted all cases without a match","stack":"Error: tematicasInteresante [Variable]{8ea4cf} at parciales/hablemosSinSaber/resoProfes.wlk:117 exhausted all cases without a match\n    at c:\\Users\\edu\\.vscode\\extensions\\uqbar.wollok-lsp-ide-0.5.3\\out\\server\\src\\server.js:38:6142\n    at D2 (c:\\Users\\edu\\.vscode\\extensions\\uqbar.wollok-lsp-ide-0.5.3\\out\\server\\src\\server.js:2384:42)\n    at Qh (c:\\Users\\edu\\.vscode\\extensions\\uqbar.wollok-lsp-ide-0.5.3\\out\\server\\src\\server.js:2384:1092)\n    at D2 (c:\\Users\\edu\\.vscode\\extensions\\uqbar.wollok-lsp-ide-0.5.3\\out\\server\\src\\server.js:2384:544)\n    at c:\\Users\\edu\\.vscode\\extensions\\uqbar.wollok-lsp-ide-0.5.3\\out\\server\\src\\server.js:2384:2988\n    at c:\\Users\\edu\\.vscode\\extensions\\uqbar.wollok-lsp-ide-0.5.3\\out\\server\\src\\server.js:2393:8440\n    at c:\\Users\\edu\\.vscode\\extensions\\uqbar.wollok-lsp-ide-0.5.3\\out\\server\\src\\server.js:37:74872\n    at Ye (c:\\Users\\edu\\.vscode\\extensions\\uqbar.wollok-lsp-ide-0.5.3\\out\\server\\src\\server.js:7:8527)\n    at qt (c:\\Users\\edu\\.vscode\\extensions\\uqbar.wollok-lsp-ide-0.5.3\\out\\server\\src\\server.js:7:6189)\n    at ot (c:\\Users\\edu\\.vscode\\extensions\\uqbar.wollok-lsp-ide-0.5.3\\out\\server\\src\\server.js:7:6378)","timestamp":"2025-12-12T02:48:28.435Z"}
{"level":"info","message":"⌛ Validating parciales/hablemosSinSaber/resoProfes.wlk","timeElapsed":137,"timestamp":"2025-12-12T02:48:28.577Z"}
{"level":"info","message":"⌛ Building environment","timeElapsed":113,"timestamp":"2025-12-12T02:48:28.690Z"}
{"level":"error","message":"✘ Completions for node Send ([117:34, 118:27] - parciales/hablemosSinSaber/resoProfes.wlk) failed: Error: [Send]{553f4e} at parciales/hablemosSinSaber/resoProfes.wlk:117 exhausted all cases without a match [Send]{553f4e} at parciales/hablemosSinSaber/resoProfes.wlk:117 exhausted all cases without a match","stack":"Error: [Send]{553f4e} at parciales/hablemosSinSaber/resoProfes.wlk:117 exhausted all cases without a match\n    at c:\\Users\\edu\\.vscode\\extensions\\uqbar.wollok-lsp-ide-0.5.3\\out\\server\\src\\server.js:38:6142\n    at D2 (c:\\Users\\edu\\.vscode\\extensions\\uqbar.wollok-lsp-ide-0.5.3\\out\\server\\src\\server.js:2384:42)\n    at c:\\Users\\edu\\.vscode\\extensions\\uqbar.wollok-lsp-ide-0.5.3\\out\\server\\src\\server.js:2384:2988\n    at c:\\Users\\edu\\.vscode\\extensions\\uqbar.wollok-lsp-ide-0.5.3\\out\\server\\src\\server.js:2393:8440\n    at c:\\Users\\edu\\.vscode\\extensions\\uqbar.wollok-lsp-ide-0.5.3\\out\\server\\src\\server.js:37:74872\n    at Ye (c:\\Users\\edu\\.vscode\\extensions\\uqbar.wollok-lsp-ide-0.5.3\\out\\server\\src\\server.js:7:8527)\n    at qt (c:\\Users\\edu\\.vscode\\extensions\\uqbar.wollok-lsp-ide-0.5.3\\out\\server\\src\\server.js:7:6189)\n    at ot (c:\\Users\\edu\\.vscode\\extensions\\uqbar.wollok-lsp-ide-0.5.3\\out\\server\\src\\server.js:7:6378)\n    at Immediate._onImmediate (c:\\Users\\edu\\.vscode\\extensions\\uqbar.wollok-lsp-ide-0.5.3\\out\\server\\src\\server.js:7:6142)\n    at process.processImmediate (node:internal/timers:485:21)","timestamp":"2025-12-12T02:48:28.726Z"}
{"level":"error","message":"✘ Completions for node Variable ([117:5, 118:27] - parciales/hablemosSinSaber/resoProfes.wlk) failed: Error: tematicasInteresante [Variable]{b1d9d3} at parciales/hablemosSinSaber/resoProfes.wlk:117 exhausted all cases without a match tematicasInteresante [Variable]{b1d9d3} at parciales/hablemosSinSaber/resoProfes.wlk:117 exhausted all cases without a match","stack":"Error: tematicasInteresante [Variable]{b1d9d3} at parciales/hablemosSinSaber/resoProfes.wlk:117 exhausted all cases without a match\n    at c:\\Users\\edu\\.vscode\\extensions\\uqbar.wollok-lsp-ide-0.5.3\\out\\server\\src\\server.js:38:6142\n    at D2 (c:\\Users\\edu\\.vscode\\extensions\\uqbar.wollok-lsp-ide-0.5.3\\out\\server\\src\\server.js:2384:42)\n    at Qh (c:\\Users\\edu\\.vscode\\extensions\\uqbar.wollok-lsp-ide-0.5.3\\out\\server\\src\\server.js:2384:1092)\n    at D2 (c:\\Users\\edu\\.vscode\\extensions\\uqbar.wollok-lsp-ide-0.5.3\\out\\server\\src\\server.js:2384:544)\n    at c:\\Users\\edu\\.vscode\\extensions\\uqbar.wollok-lsp-ide-0.5.3\\out\\server\\src\\server.js:2384:2988\n    at c:\\Users\\edu\\.vscode\\extensions\\uqbar.wollok-lsp-ide-0.5.3\\out\\server\\src\\server.js:2393:8440\n    at c:\\Users\\edu\\.vscode\\extensions\\uqbar.wollok-lsp-ide-0.5.3\\out\\server\\src\\server.js:37:74872\n    at Ye (c:\\Users\\edu\\.vscode\\extensions\\uqbar.wollok-lsp-ide-0.5.3\\out\\server\\src\\server.js:7:8527)\n    at qt (c:\\Users\\edu\\.vscode\\extensions\\uqbar.wollok-lsp-ide-0.5.3\\out\\server\\src\\server.js:7:6189)\n    at ot (c:\\Users\\edu\\.vscode\\extensions\\uqbar.wollok-lsp-ide-0.5.3\\out\\server\\src\\server.js:7:6378)","timestamp":"2025-12-12T02:48:28.726Z"}
{"level":"info","message":"⌛ Validating parciales/hablemosSinSaber/resoProfes.wlk","timeElapsed":122,"timestamp":"2025-12-12T02:48:29.045Z"}
{"level":"info","message":"⌛ Validating parciales/hablemosSinSaber/resoProfes.wlk","timeElapsed":113,"timestamp":"2025-12-12T02:48:29.158Z"}
{"level":"info","message":"⌛ Validating parciales/hablemosSinSaber/resoProfes.wlk","timeElapsed":113,"timestamp":"2025-12-12T02:48:29.282Z"}
{"level":"info","message":"⌛ Building environment","timeElapsed":113,"timestamp":"2025-12-12T02:48:29.469Z"}
{"level":"info","message":"⌛ Validating parciales/hablemosSinSaber/resoProfes.wlk","timeElapsed":169,"timestamp":"2025-12-12T02:48:29.677Z"}
{"level":"error","message":"✘ Completions for node Send ([117:34, 118:27] - parciales/hablemosSinSaber/resoProfes.wlk) failed: Error: [Send]{c1c926} at parciales/hablemosSinSaber/resoProfes.wlk:117 exhausted all cases without a match [Send]{c1c926} at parciales/hablemosSinSaber/resoProfes.wlk:117 exhausted all cases without a match","stack":"Error: [Send]{c1c926} at parciales/hablemosSinSaber/resoProfes.wlk:117 exhausted all cases without a match\n    at c:\\Users\\edu\\.vscode\\extensions\\uqbar.wollok-lsp-ide-0.5.3\\out\\server\\src\\server.js:38:6142\n    at D2 (c:\\Users\\edu\\.vscode\\extensions\\uqbar.wollok-lsp-ide-0.5.3\\out\\server\\src\\server.js:2384:42)\n    at c:\\Users\\edu\\.vscode\\extensions\\uqbar.wollok-lsp-ide-0.5.3\\out\\server\\src\\server.js:2384:2988\n    at c:\\Users\\edu\\.vscode\\extensions\\uqbar.wollok-lsp-ide-0.5.3\\out\\server\\src\\server.js:2393:8440\n    at c:\\Users\\edu\\.vscode\\extensions\\uqbar.wollok-lsp-ide-0.5.3\\out\\server\\src\\server.js:37:74872\n    at Ye (c:\\Users\\edu\\.vscode\\extensions\\uqbar.wollok-lsp-ide-0.5.3\\out\\server\\src\\server.js:7:8527)\n    at qt (c:\\Users\\edu\\.vscode\\extensions\\uqbar.wollok-lsp-ide-0.5.3\\out\\server\\src\\server.js:7:6189)\n    at ot (c:\\Users\\edu\\.vscode\\extensions\\uqbar.wollok-lsp-ide-0.5.3\\out\\server\\src\\server.js:7:6378)\n    at Immediate._onImmediate (c:\\Users\\edu\\.vscode\\extensions\\uqbar.wollok-lsp-ide-0.5.3\\out\\server\\src\\server.js:7:6142)\n    at process.processImmediate (node:internal/timers:485:21)","timestamp":"2025-12-12T02:48:30.010Z"}
{"level":"error","message":"✘ Completions for node Variable ([117:5, 118:27] - parciales/hablemosSinSaber/resoProfes.wlk) failed: Error: tematicasInteresante [Variable]{792e2f} at parciales/hablemosSinSaber/resoProfes.wlk:117 exhausted all cases without a match tematicasInteresante [Variable]{792e2f} at parciales/hablemosSinSaber/resoProfes.wlk:117 exhausted all cases without a match","stack":"Error: tematicasInteresante [Variable]{792e2f} at parciales/hablemosSinSaber/resoProfes.wlk:117 exhausted all cases without a match\n    at c:\\Users\\edu\\.vscode\\extensions\\uqbar.wollok-lsp-ide-0.5.3\\out\\server\\src\\server.js:38:6142\n    at D2 (c:\\Users\\edu\\.vscode\\extensions\\uqbar.wollok-lsp-ide-0.5.3\\out\\server\\src\\server.js:2384:42)\n    at Qh (c:\\Users\\edu\\.vscode\\extensions\\uqbar.wollok-lsp-ide-0.5.3\\out\\server\\src\\server.js:2384:1092)\n    at D2 (c:\\Users\\edu\\.vscode\\extensions\\uqbar.wollok-lsp-ide-0.5.3\\out\\server\\src\\server.js:2384:544)\n    at c:\\Users\\edu\\.vscode\\extensions\\uqbar.wollok-lsp-ide-0.5.3\\out\\server\\src\\server.js:2384:2988\n    at c:\\Users\\edu\\.vscode\\extensions\\uqbar.wollok-lsp-ide-0.5.3\\out\\server\\src\\server.js:2393:8440\n    at c:\\Users\\edu\\.vscode\\extensions\\uqbar.wollok-lsp-ide-0.5.3\\out\\server\\src\\server.js:37:74872\n    at Ye (c:\\Users\\edu\\.vscode\\extensions\\uqbar.wollok-lsp-ide-0.5.3\\out\\server\\src\\server.js:7:8527)\n    at qt (c:\\Users\\edu\\.vscode\\extensions\\uqbar.wollok-lsp-ide-0.5.3\\out\\server\\src\\server.js:7:6189)\n    at ot (c:\\Users\\edu\\.vscode\\extensions\\uqbar.wollok-lsp-ide-0.5.3\\out\\server\\src\\server.js:7:6378)","timestamp":"2025-12-12T02:48:30.011Z"}
{"level":"info","message":"⌛ Validating parciales/hablemosSinSaber/resoProfes.wlk","timeElapsed":119,"timestamp":"2025-12-12T02:48:30.143Z"}
{"level":"info","message":"⌛ Building environment","timeElapsed":102,"timestamp":"2025-12-12T02:48:30.330Z"}
{"level":"info","message":"⌛ Validating parciales/hablemosSinSaber/resoProfes.wlk","timeElapsed":124,"timestamp":"2025-12-12T02:48:30.454Z"}
{"level":"info","message":"⌛ Validating parciales/hablemosSinSaber/resoProfes.wlk","timeElapsed":117,"timestamp":"2025-12-12T02:48:30.572Z"}
{"level":"info","message":"⌛ Validating parciales/hablemosSinSaber/resoProfes.wlk","timeElapsed":121,"timestamp":"2025-12-12T02:48:30.792Z"}
{"level":"info","message":"⌛ Building environment","timeElapsed":101,"timestamp":"2025-12-12T02:48:31.302Z"}
{"level":"info","message":"⌛ Validating parciales/hablemosSinSaber/resoProfes.wlk","timeElapsed":124,"timestamp":"2025-12-12T02:48:31.427Z"}
{"level":"error","message":"✘ Completions for node Send ([117:34, 118:27] - parciales/hablemosSinSaber/resoProfes.wlk) failed: Error: [Send]{f29110} at parciales/hablemosSinSaber/resoProfes.wlk:117 exhausted all cases without a match [Send]{f29110} at parciales/hablemosSinSaber/resoProfes.wlk:117 exhausted all cases without a match","stack":"Error: [Send]{f29110} at parciales/hablemosSinSaber/resoProfes.wlk:117 exhausted all cases without a match\n    at c:\\Users\\edu\\.vscode\\extensions\\uqbar.wollok-lsp-ide-0.5.3\\out\\server\\src\\server.js:38:6142\n    at D2 (c:\\Users\\edu\\.vscode\\extensions\\uqbar.wollok-lsp-ide-0.5.3\\out\\server\\src\\server.js:2384:42)\n    at c:\\Users\\edu\\.vscode\\extensions\\uqbar.wollok-lsp-ide-0.5.3\\out\\server\\src\\server.js:2384:2988\n    at c:\\Users\\edu\\.vscode\\extensions\\uqbar.wollok-lsp-ide-0.5.3\\out\\server\\src\\server.js:2393:8440\n    at c:\\Users\\edu\\.vscode\\extensions\\uqbar.wollok-lsp-ide-0.5.3\\out\\server\\src\\server.js:37:74872\n    at Ye (c:\\Users\\edu\\.vscode\\extensions\\uqbar.wollok-lsp-ide-0.5.3\\out\\server\\src\\server.js:7:8527)\n    at qt (c:\\Users\\edu\\.vscode\\extensions\\uqbar.wollok-lsp-ide-0.5.3\\out\\server\\src\\server.js:7:6189)\n    at ot (c:\\Users\\edu\\.vscode\\extensions\\uqbar.wollok-lsp-ide-0.5.3\\out\\server\\src\\server.js:7:6378)\n    at Immediate._onImmediate (c:\\Users\\edu\\.vscode\\extensions\\uqbar.wollok-lsp-ide-0.5.3\\out\\server\\src\\server.js:7:6142)\n    at process.processImmediate (node:internal/timers:485:21)","timestamp":"2025-12-12T02:48:31.696Z"}
{"level":"error","message":"✘ Completions for node Variable ([117:5, 118:27] - parciales/hablemosSinSaber/resoProfes.wlk) failed: Error: tematicasInteresante [Variable]{1ee6c4} at parciales/hablemosSinSaber/resoProfes.wlk:117 exhausted all cases without a match tematicasInteresante [Variable]{1ee6c4} at parciales/hablemosSinSaber/resoProfes.wlk:117 exhausted all cases without a match","stack":"Error: tematicasInteresante [Variable]{1ee6c4} at parciales/hablemosSinSaber/resoProfes.wlk:117 exhausted all cases without a match\n    at c:\\Users\\edu\\.vscode\\extensions\\uqbar.wollok-lsp-ide-0.5.3\\out\\server\\src\\server.js:38:6142\n    at D2 (c:\\Users\\edu\\.vscode\\extensions\\uqbar.wollok-lsp-ide-0.5.3\\out\\server\\src\\server.js:2384:42)\n    at Qh (c:\\Users\\edu\\.vscode\\extensions\\uqbar.wollok-lsp-ide-0.5.3\\out\\server\\src\\server.js:2384:1092)\n    at D2 (c:\\Users\\edu\\.vscode\\extensions\\uqbar.wollok-lsp-ide-0.5.3\\out\\server\\src\\server.js:2384:544)\n    at c:\\Users\\edu\\.vscode\\extensions\\uqbar.wollok-lsp-ide-0.5.3\\out\\server\\src\\server.js:2384:2988\n    at c:\\Users\\edu\\.vscode\\extensions\\uqbar.wollok-lsp-ide-0.5.3\\out\\server\\src\\server.js:2393:8440\n    at c:\\Users\\edu\\.vscode\\extensions\\uqbar.wollok-lsp-ide-0.5.3\\out\\server\\src\\server.js:37:74872\n    at Ye (c:\\Users\\edu\\.vscode\\extensions\\uqbar.wollok-lsp-ide-0.5.3\\out\\server\\src\\server.js:7:8527)\n    at qt (c:\\Users\\edu\\.vscode\\extensions\\uqbar.wollok-lsp-ide-0.5.3\\out\\server\\src\\server.js:7:6189)\n    at ot (c:\\Users\\edu\\.vscode\\extensions\\uqbar.wollok-lsp-ide-0.5.3\\out\\server\\src\\server.js:7:6378)","timestamp":"2025-12-12T02:48:31.696Z"}
{"level":"info","message":"⌛ Building environment","timeElapsed":132,"timestamp":"2025-12-12T02:48:31.840Z"}
{"level":"info","message":"⌛ Validating parciales/hablemosSinSaber/resoProfes.wlk","timeElapsed":123,"timestamp":"2025-12-12T02:48:31.964Z"}
{"level":"info","message":"⌛ Validating parciales/hablemosSinSaber/resoProfes.wlk","timeElapsed":120,"timestamp":"2025-12-12T02:48:32.259Z"}
{"level":"info","message":"⌛ Validating parciales/hablemosSinSaber/resoProfes.wlk","timeElapsed":113,"timestamp":"2025-12-12T02:48:32.373Z"}
{"level":"info","message":"⌛ Validating parciales/hablemosSinSaber/resoProfes.wlk","timeElapsed":134,"timestamp":"2025-12-12T02:48:32.514Z"}
{"level":"info","message":"⌛ Validating parciales/hablemosSinSaber/resoProfes.wlk","timeElapsed":117,"timestamp":"2025-12-12T02:48:32.740Z"}
{"level":"info","message":"⌛ Building environment","timeElapsed":102,"timestamp":"2025-12-12T02:48:33.800Z"}
{"level":"info","message":"⌛ Validating parciales/hablemosSinSaber/resoProfes.wlk","timeElapsed":145,"timestamp":"2025-12-12T02:48:33.945Z"}
{"level":"info","message":"⌛ Building environment","timeElapsed":123,"timestamp":"2025-12-12T02:48:34.738Z"}
{"level":"error","message":"✘ Completions for node Send ([117:34, 118:27] - parciales/hablemosSinSaber/resoProfes.wlk) failed: Error: [Send]{4e22e1} at parciales/hablemosSinSaber/resoProfes.wlk:117 exhausted all cases without a match [Send]{4e22e1} at parciales/hablemosSinSaber/resoProfes.wlk:117 exhausted all cases without a match","stack":"Error: [Send]{4e22e1} at parciales/hablemosSinSaber/resoProfes.wlk:117 exhausted all cases without a match\n    at c:\\Users\\edu\\.vscode\\extensions\\uqbar.wollok-lsp-ide-0.5.3\\out\\server\\src\\server.js:38:6142\n    at D2 (c:\\Users\\edu\\.vscode\\extensions\\uqbar.wollok-lsp-ide-0.5.3\\out\\server\\src\\server.js:2384:42)\n    at c:\\Users\\edu\\.vscode\\extensions\\uqbar.wollok-lsp-ide-0.5.3\\out\\server\\src\\server.js:2384:2988\n    at c:\\Users\\edu\\.vscode\\extensions\\uqbar.wollok-lsp-ide-0.5.3\\out\\server\\src\\server.js:2393:8440\n    at c:\\Users\\edu\\.vscode\\extensions\\uqbar.wollok-lsp-ide-0.5.3\\out\\server\\src\\server.js:37:74872\n    at Ye (c:\\Users\\edu\\.vscode\\extensions\\uqbar.wollok-lsp-ide-0.5.3\\out\\server\\src\\server.js:7:8527)\n    at qt (c:\\Users\\edu\\.vscode\\extensions\\uqbar.wollok-lsp-ide-0.5.3\\out\\server\\src\\server.js:7:6189)\n    at ot (c:\\Users\\edu\\.vscode\\extensions\\uqbar.wollok-lsp-ide-0.5.3\\out\\server\\src\\server.js:7:6378)\n    at Immediate._onImmediate (c:\\Users\\edu\\.vscode\\extensions\\uqbar.wollok-lsp-ide-0.5.3\\out\\server\\src\\server.js:7:6142)\n    at process.processImmediate (node:internal/timers:485:21)","timestamp":"2025-12-12T02:48:34.769Z"}
{"level":"error","message":"✘ Completions for node Variable ([117:5, 118:27] - parciales/hablemosSinSaber/resoProfes.wlk) failed: Error: tematicasInteresante [Variable]{95339c} at parciales/hablemosSinSaber/resoProfes.wlk:117 exhausted all cases without a match tematicasInteresante [Variable]{95339c} at parciales/hablemosSinSaber/resoProfes.wlk:117 exhausted all cases without a match","stack":"Error: tematicasInteresante [Variable]{95339c} at parciales/hablemosSinSaber/resoProfes.wlk:117 exhausted all cases without a match\n    at c:\\Users\\edu\\.vscode\\extensions\\uqbar.wollok-lsp-ide-0.5.3\\out\\server\\src\\server.js:38:6142\n    at D2 (c:\\Users\\edu\\.vscode\\extensions\\uqbar.wollok-lsp-ide-0.5.3\\out\\server\\src\\server.js:2384:42)\n    at Qh (c:\\Users\\edu\\.vscode\\extensions\\uqbar.wollok-lsp-ide-0.5.3\\out\\server\\src\\server.js:2384:1092)\n    at D2 (c:\\Users\\edu\\.vscode\\extensions\\uqbar.wollok-lsp-ide-0.5.3\\out\\server\\src\\server.js:2384:544)\n    at c:\\Users\\edu\\.vscode\\extensions\\uqbar.wollok-lsp-ide-0.5.3\\out\\server\\src\\server.js:2384:2988\n    at c:\\Users\\edu\\.vscode\\extensions\\uqbar.wollok-lsp-ide-0.5.3\\out\\server\\src\\server.js:2393:8440\n    at c:\\Users\\edu\\.vscode\\extensions\\uqbar.wollok-lsp-ide-0.5.3\\out\\server\\src\\server.js:37:74872\n    at Ye (c:\\Users\\edu\\.vscode\\extensions\\uqbar.wollok-lsp-ide-0.5.3\\out\\server\\src\\server.js:7:8527)\n    at qt (c:\\Users\\edu\\.vscode\\extensions\\uqbar.wollok-lsp-ide-0.5.3\\out\\server\\src\\server.js:7:6189)\n    at ot (c:\\Users\\edu\\.vscode\\extensions\\uqbar.wollok-lsp-ide-0.5.3\\out\\server\\src\\server.js:7:6378)","timestamp":"2025-12-12T02:48:34.769Z"}
{"level":"info","message":"⌛ Validating parciales/hablemosSinSaber/resoProfes.wlk","timeElapsed":145,"timestamp":"2025-12-12T02:48:34.918Z"}
{"level":"info","message":"⌛ Validating parciales/hablemosSinSaber/resoProfes.wlk","timeElapsed":119,"timestamp":"2025-12-12T02:48:36.463Z"}
{"level":"info","message":"⌛ Building environment","timeElapsed":155,"timestamp":"2025-12-12T02:48:36.619Z"}
{"level":"info","message":"⌛ Validating parciales/hablemosSinSaber/resoProfes.wlk","timeElapsed":141,"timestamp":"2025-12-12T02:48:36.761Z"}
{"level":"info","message":"⌛ Building environment","timeElapsed":103,"timestamp":"2025-12-12T02:48:36.867Z"}
{"level":"info","message":"⌛ Validating parciales/hablemosSinSaber/resoProfes.wlk","timeElapsed":121,"timestamp":"2025-12-12T02:48:36.989Z"}
{"level":"info","message":"⌛ Validating parciales/hablemosSinSaber/resoProfes.wlk","timeElapsed":124,"timestamp":"2025-12-12T02:48:37.236Z"}
{"level":"info","message":"⌛ Validating parciales/hablemosSinSaber/resoProfes.wlk","timeElapsed":118,"timestamp":"2025-12-12T02:48:37.356Z"}
{"level":"info","message":"⌛ Building environment","timeElapsed":102,"timestamp":"2025-12-12T02:48:37.459Z"}
{"level":"info","message":"⌛ Building environment","timeElapsed":101,"timestamp":"2025-12-12T02:48:37.560Z"}
{"level":"info","message":"⌛ Validating parciales/hablemosSinSaber/resoProfes.wlk","timeElapsed":119,"timestamp":"2025-12-12T02:48:37.770Z"}
{"level":"info","message":"⌛ Validating parciales/hablemosSinSaber/resoProfes.wlk","timeElapsed":115,"timestamp":"2025-12-12T02:48:37.886Z"}
{"level":"info","message":"⌛ Validating parciales/hablemosSinSaber/resoProfes.wlk","timeElapsed":111,"timestamp":"2025-12-12T02:48:38.006Z"}
{"level":"info","message":"⌛ Validating parciales/hablemosSinSaber/resoProfes.wlk","timeElapsed":145,"timestamp":"2025-12-12T02:48:38.778Z"}
{"level":"info","message":"⌛ Building environment","timeElapsed":143,"timestamp":"2025-12-12T02:48:40.350Z"}
{"level":"info","message":"⌛ Validating parciales/hablemosSinSaber/resoProfes.wlk","timeElapsed":144,"timestamp":"2025-12-12T02:48:40.495Z"}
{"level":"info","message":"⌛ Validating parciales/hablemosSinSaber/resoProfes.wlk","timeElapsed":127,"timestamp":"2025-12-12T02:48:40.732Z"}
{"level":"error","message":"✘ Completions for node Return (undefined - parciales/hablemosSinSaber/resoProfes.wlk) failed: Error: [Return]{71f31d} at parciales/hablemosSinSaber/resoProfes.wlk:-- exhausted all cases without a match [Return]{71f31d} at parciales/hablemosSinSaber/resoProfes.wlk:-- exhausted all cases without a match","stack":"Error: [Return]{71f31d} at parciales/hablemosSinSaber/resoProfes.wlk:-- exhausted all cases without a match\n    at c:\\Users\\edu\\.vscode\\extensions\\uqbar.wollok-lsp-ide-0.5.3\\out\\server\\src\\server.js:38:6142\n    at D2 (c:\\Users\\edu\\.vscode\\extensions\\uqbar.wollok-lsp-ide-0.5.3\\out\\server\\src\\server.js:2384:42)\n    at Qh (c:\\Users\\edu\\.vscode\\extensions\\uqbar.wollok-lsp-ide-0.5.3\\out\\server\\src\\server.js:2384:1092)\n    at k6n (c:\\Users\\edu\\.vscode\\extensions\\uqbar.wollok-lsp-ide-0.5.3\\out\\server\\src\\server.js:2384:1248)\n    at c:\\Users\\edu\\.vscode\\extensions\\uqbar.wollok-lsp-ide-0.5.3\\out\\server\\src\\server.js:38:6131\n    at D2 (c:\\Users\\edu\\.vscode\\extensions\\uqbar.wollok-lsp-ide-0.5.3\\out\\server\\src\\server.js:2384:42)\n    at c:\\Users\\edu\\.vscode\\extensions\\uqbar.wollok-lsp-ide-0.5.3\\out\\server\\src\\server.js:2384:2988\n    at c:\\Users\\edu\\.vscode\\extensions\\uqbar.wollok-lsp-ide-0.5.3\\out\\server\\src\\server.js:2393:8440\n    at c:\\Users\\edu\\.vscode\\extensions\\uqbar.wollok-lsp-ide-0.5.3\\out\\server\\src\\server.js:37:74872\n    at Ye (c:\\Users\\edu\\.vscode\\extensions\\uqbar.wollok-lsp-ide-0.5.3\\out\\server\\src\\server.js:7:8527)","timestamp":"2025-12-12T02:48:41.757Z"}
{"level":"info","message":"⌛ Validating parciales/hablemosSinSaber/resoProfes.wlk","timeElapsed":145,"timestamp":"2025-12-12T02:48:41.907Z"}
{"level":"info","message":"⌛ Building environment","timeElapsed":103,"timestamp":"2025-12-12T02:48:42.011Z"}
{"level":"info","message":"⌛ Building environment","timeElapsed":110,"timestamp":"2025-12-12T02:48:42.131Z"}
{"level":"info","message":"⌛ Building environment","timeElapsed":102,"timestamp":"2025-12-12T02:48:42.233Z"}
{"level":"info","message":"⌛ Validating parciales/hablemosSinSaber/resoProfes.wlk","timeElapsed":153,"timestamp":"2025-12-12T02:48:42.386Z"}
{"level":"info","message":"⌛ Validating parciales/hablemosSinSaber/resoProfes.wlk","timeElapsed":136,"timestamp":"2025-12-12T02:48:42.629Z"}
{"level":"info","message":"⌛ Building environment","timeElapsed":108,"timestamp":"2025-12-12T02:48:42.737Z"}
{"level":"info","message":"⌛ Validating parciales/hablemosSinSaber/resoProfes.wlk","timeElapsed":141,"timestamp":"2025-12-12T02:48:42.879Z"}
{"level":"info","message":"⌛ Building environment","timeElapsed":199,"timestamp":"2025-12-12T02:48:43.078Z"}
{"level":"info","message":"⌛ Validating parciales/hablemosSinSaber/resoProfes.wlk","timeElapsed":119,"timestamp":"2025-12-12T02:48:43.198Z"}
{"level":"info","message":"⌛ Validating parciales/hablemosSinSaber/resoProfes.wlk","timeElapsed":121,"timestamp":"2025-12-12T02:48:43.444Z"}
{"level":"info","message":"⌛ Validating parciales/hablemosSinSaber/resoProfes.wlk","timeElapsed":115,"timestamp":"2025-12-12T02:48:43.560Z"}
{"level":"info","message":"⌛ Validating parciales/hablemosSinSaber/resoProfes.wlk","timeElapsed":113,"timestamp":"2025-12-12T02:48:43.680Z"}
{"level":"info","message":"⌛ Building environment","timeElapsed":123,"timestamp":"2025-12-12T02:48:43.806Z"}
{"level":"error","message":"✘ Completions for node Return (undefined - parciales/hablemosSinSaber/resoProfes.wlk) failed: Error: [Return]{583288} at parciales/hablemosSinSaber/resoProfes.wlk:-- exhausted all cases without a match [Return]{583288} at parciales/hablemosSinSaber/resoProfes.wlk:-- exhausted all cases without a match","stack":"Error: [Return]{583288} at parciales/hablemosSinSaber/resoProfes.wlk:-- exhausted all cases without a match\n    at c:\\Users\\edu\\.vscode\\extensions\\uqbar.wollok-lsp-ide-0.5.3\\out\\server\\src\\server.js:38:6142\n    at D2 (c:\\Users\\edu\\.vscode\\extensions\\uqbar.wollok-lsp-ide-0.5.3\\out\\server\\src\\server.js:2384:42)\n    at Qh (c:\\Users\\edu\\.vscode\\extensions\\uqbar.wollok-lsp-ide-0.5.3\\out\\server\\src\\server.js:2384:1092)\n    at k6n (c:\\Users\\edu\\.vscode\\extensions\\uqbar.wollok-lsp-ide-0.5.3\\out\\server\\src\\server.js:2384:1248)\n    at c:\\Users\\edu\\.vscode\\extensions\\uqbar.wollok-lsp-ide-0.5.3\\out\\server\\src\\server.js:38:6131\n    at D2 (c:\\Users\\edu\\.vscode\\extensions\\uqbar.wollok-lsp-ide-0.5.3\\out\\server\\src\\server.js:2384:42)\n    at c:\\Users\\edu\\.vscode\\extensions\\uqbar.wollok-lsp-ide-0.5.3\\out\\server\\src\\server.js:2384:2988\n    at c:\\Users\\edu\\.vscode\\extensions\\uqbar.wollok-lsp-ide-0.5.3\\out\\server\\src\\server.js:2393:8440\n    at c:\\Users\\edu\\.vscode\\extensions\\uqbar.wollok-lsp-ide-0.5.3\\out\\server\\src\\server.js:37:74872\n    at Ye (c:\\Users\\edu\\.vscode\\extensions\\uqbar.wollok-lsp-ide-0.5.3\\out\\server\\src\\server.js:7:8527)","timestamp":"2025-12-12T02:48:43.845Z"}
{"level":"info","message":"⌛ Validating parciales/hablemosSinSaber/resoProfes.wlk","timeElapsed":132,"timestamp":"2025-12-12T02:48:44.082Z"}
{"level":"info","message":"⌛ Validating parciales/hablemosSinSaber/resoProfes.wlk","timeElapsed":120,"timestamp":"2025-12-12T02:48:44.207Z"}
{"level":"info","message":"⌛ Building environment","timeElapsed":105,"timestamp":"2025-12-12T02:48:44.403Z"}
{"level":"info","message":"⌛ Validating parciales/hablemosSinSaber/resoProfes.wlk","timeElapsed":117,"timestamp":"2025-12-12T02:48:44.521Z"}
{"level":"info","message":"⌛ Validating parciales/hablemosSinSaber/resoProfes.wlk","timeElapsed":116,"timestamp":"2025-12-12T02:48:44.638Z"}
{"level":"info","message":"⌛ Building environment","timeElapsed":103,"timestamp":"2025-12-12T02:48:45.223Z"}
{"level":"info","message":"⌛ Validating parciales/hablemosSinSaber/resoProfes.wlk","timeElapsed":144,"timestamp":"2025-12-12T02:48:45.368Z"}
{"level":"info","message":"⌛ Validating parciales/hablemosSinSaber/resoProfes.wlk","timeElapsed":125,"timestamp":"2025-12-12T02:48:45.590Z"}
{"level":"info","message":"⌛ Building environment","timeElapsed":108,"timestamp":"2025-12-12T02:48:45.812Z"}
{"level":"error","message":"✘ Completions for node Return (undefined - parciales/hablemosSinSaber/resoProfes.wlk) failed: Error: [Return]{85e61a} at parciales/hablemosSinSaber/resoProfes.wlk:-- exhausted all cases without a match [Return]{85e61a} at parciales/hablemosSinSaber/resoProfes.wlk:-- exhausted all cases without a match","stack":"Error: [Return]{85e61a} at parciales/hablemosSinSaber/resoProfes.wlk:-- exhausted all cases without a match\n    at c:\\Users\\edu\\.vscode\\extensions\\uqbar.wollok-lsp-ide-0.5.3\\out\\server\\src\\server.js:38:6142\n    at D2 (c:\\Users\\edu\\.vscode\\extensions\\uqbar.wollok-lsp-ide-0.5.3\\out\\server\\src\\server.js:2384:42)\n    at Qh (c:\\Users\\edu\\.vscode\\extensions\\uqbar.wollok-lsp-ide-0.5.3\\out\\server\\src\\server.js:2384:1092)\n    at k6n (c:\\Users\\edu\\.vscode\\extensions\\uqbar.wollok-lsp-ide-0.5.3\\out\\server\\src\\server.js:2384:1248)\n    at c:\\Users\\edu\\.vscode\\extensions\\uqbar.wollok-lsp-ide-0.5.3\\out\\server\\src\\server.js:38:6131\n    at D2 (c:\\Users\\edu\\.vscode\\extensions\\uqbar.wollok-lsp-ide-0.5.3\\out\\server\\src\\server.js:2384:42)\n    at c:\\Users\\edu\\.vscode\\extensions\\uqbar.wollok-lsp-ide-0.5.3\\out\\server\\src\\server.js:2384:2988\n    at c:\\Users\\edu\\.vscode\\extensions\\uqbar.wollok-lsp-ide-0.5.3\\out\\server\\src\\server.js:2393:8440\n    at c:\\Users\\edu\\.vscode\\extensions\\uqbar.wollok-lsp-ide-0.5.3\\out\\server\\src\\server.js:37:74872\n    at Ye (c:\\Users\\edu\\.vscode\\extensions\\uqbar.wollok-lsp-ide-0.5.3\\out\\server\\src\\server.js:7:8527)","timestamp":"2025-12-12T02:48:45.866Z"}
{"level":"info","message":"⌛ Validating parciales/hablemosSinSaber/resoProfes.wlk","timeElapsed":185,"timestamp":"2025-12-12T02:48:46.154Z"}
{"level":"info","message":"⌛ Building environment","timeElapsed":103,"timestamp":"2025-12-12T02:48:46.258Z"}
{"level":"info","message":"⌛ Validating parciales/hablemosSinSaber/resoProfes.wlk","timeElapsed":143,"timestamp":"2025-12-12T02:48:46.402Z"}
{"level":"info","message":"⌛ Validating parciales/hablemosSinSaber/resoProfes.wlk","timeElapsed":120,"timestamp":"2025-12-12T02:48:46.616Z"}
{"level":"info","message":"⌛ Validating parciales/hablemosSinSaber/resoProfes.wlk","timeElapsed":118,"timestamp":"2025-12-12T02:48:46.735Z"}
{"level":"info","message":"⌛ Validating parciales/hablemosSinSaber/resoProfes.wlk","timeElapsed":136,"timestamp":"2025-12-12T02:48:47.085Z"}
{"level":"info","message":"⌛ Building environment","timeElapsed":134,"timestamp":"2025-12-12T02:48:47.219Z"}
{"level":"info","message":"⌛ Validating parciales/hablemosSinSaber/resoProfes.wlk","timeElapsed":118,"timestamp":"2025-12-12T02:48:47.379Z"}
{"level":"info","message":"⌛ Building environment","timeElapsed":109,"timestamp":"2025-12-12T02:48:48.484Z"}
{"level":"info","message":"⌛ Validating parciales/hablemosSinSaber/resoProfes.wlk","timeElapsed":127,"timestamp":"2025-12-12T02:48:48.611Z"}
{"level":"info","message":"⌛ Validating parciales/hablemosSinSaber/resoProfes.wlk","timeElapsed":118,"timestamp":"2025-12-12T02:48:48.729Z"}
{"level":"info","message":"⌛ Validating parciales/hablemosSinSaber/resoProfes.wlk","timeElapsed":114,"timestamp":"2025-12-12T02:48:49.525Z"}
{"level":"info","message":"⌛ Building environment","timeElapsed":145,"timestamp":"2025-12-12T02:48:55.767Z"}
{"level":"error","message":"✘ Completions for node Send ([118:5, 118:31] - parciales/hablemosSinSaber/resoProfes.wlk) failed: Error: [Send]{510be3} at parciales/hablemosSinSaber/resoProfes.wlk:118 exhausted all cases without a match [Send]{510be3} at parciales/hablemosSinSaber/resoProfes.wlk:118 exhausted all cases without a match","stack":"Error: [Send]{510be3} at parciales/hablemosSinSaber/resoProfes.wlk:118 exhausted all cases without a match\n    at c:\\Users\\edu\\.vscode\\extensions\\uqbar.wollok-lsp-ide-0.5.3\\out\\server\\src\\server.js:38:6142\n    at D2 (c:\\Users\\edu\\.vscode\\extensions\\uqbar.wollok-lsp-ide-0.5.3\\out\\server\\src\\server.js:2384:42)\n    at Qh (c:\\Users\\edu\\.vscode\\extensions\\uqbar.wollok-lsp-ide-0.5.3\\out\\server\\src\\server.js:2384:1092)\n    at k6n (c:\\Users\\edu\\.vscode\\extensions\\uqbar.wollok-lsp-ide-0.5.3\\out\\server\\src\\server.js:2384:1248)\n    at c:\\Users\\edu\\.vscode\\extensions\\uqbar.wollok-lsp-ide-0.5.3\\out\\server\\src\\server.js:38:6131\n    at D2 (c:\\Users\\edu\\.vscode\\extensions\\uqbar.wollok-lsp-ide-0.5.3\\out\\server\\src\\server.js:2384:42)\n    at c:\\Users\\edu\\.vscode\\extensions\\uqbar.wollok-lsp-ide-0.5.3\\out\\server\\src\\server.js:2384:2988\n    at c:\\Users\\edu\\.vscode\\extensions\\uqbar.wollok-lsp-ide-0.5.3\\out\\server\\src\\server.js:2393:8440\n    at c:\\Users\\edu\\.vscode\\extensions\\uqbar.wollok-lsp-ide-0.5.3\\out\\server\\src\\server.js:37:74872\n    at Ye (c:\\Users\\edu\\.vscode\\extensions\\uqbar.wollok-lsp-ide-0.5.3\\out\\server\\src\\server.js:7:8527)","timestamp":"2025-12-12T02:48:55.812Z"}
{"level":"info","message":"⌛ Building environment","timeElapsed":107,"timestamp":"2025-12-12T02:48:55.925Z"}
{"level":"info","message":"⌛ Building environment","timeElapsed":188,"timestamp":"2025-12-12T02:48:56.156Z"}
{"level":"info","message":"⌛ Validating parciales/hablemosSinSaber/resoProfes.wlk","timeElapsed":155,"timestamp":"2025-12-12T02:48:56.311Z"}
{"level":"info","message":"⌛ Validating parciales/hablemosSinSaber/resoProfes.wlk","timeElapsed":143,"timestamp":"2025-12-12T02:48:56.455Z"}
{"level":"info","message":"⌛ Validating parciales/hablemosSinSaber/resoProfes.wlk","timeElapsed":137,"timestamp":"2025-12-12T02:48:56.605Z"}
{"level":"info","message":"⌛ Building environment","timeElapsed":107,"timestamp":"2025-12-12T02:48:56.905Z"}
{"level":"info","message":"⌛ Validating parciales/hablemosSinSaber/resoProfes.wlk","timeElapsed":149,"timestamp":"2025-12-12T02:48:57.055Z"}
{"level":"error","message":"✘ Failed to rebuild document Failed to parse parciales/hablemosSinSaber/resoProfes.wlk: \n-- PARSING FAILED --------------------------------------------------\n\n  118 |     (tematicas.size() / 2) > tematicasInteresante\n  119 |   }\n> 120 | }\n      | ^\n\nExpected one of the following: \n\n' ', '@', 'class', 'const', 'describe', 'mixin', 'object', 'only', 'package', 'program', 'test', 'var', '{', EOF, comment, not \"}\", whitespace\n","stack":"Error: Failed to parse parciales/hablemosSinSaber/resoProfes.wlk: \n-- PARSING FAILED --------------------------------------------------\n\n  118 |     (tematicas.size() / 2) > tematicasInteresante\n  119 |   }\n> 120 | }\n      | ^\n\nExpected one of the following: \n\n' ', '@', 'class', 'const', 'describe', 'mixin', 'object', 'only', 'package', 'program', 'test', 'var', '{', EOF, comment, not \"}\", whitespace\n\n    at c:\\Users\\edu\\.vscode\\extensions\\uqbar.wollok-lsp-ide-0.5.3\\out\\server\\src\\server.js:2348:13026\n    at Array.map (<anonymous>)\n    at W1n (c:\\Users\\edu\\.vscode\\extensions\\uqbar.wollok-lsp-ide-0.5.3\\out\\server\\src\\server.js:2348:12950)\n    at U2.buildEnvironmentFrom (c:\\Users\\edu\\.vscode\\extensions\\uqbar.wollok-lsp-ide-0.5.3\\out\\server\\src\\server.js:2393:5254)\n    at U2.updateEnvironmentWith (c:\\Users\\edu\\.vscode\\extensions\\uqbar.wollok-lsp-ide-0.5.3\\out\\server\\src\\server.js:2393:4989)\n    at JF (c:\\Users\\edu\\.vscode\\extensions\\uqbar.wollok-lsp-ide-0.5.3\\out\\server\\src\\server.js:2393:7383)\n    at F3.invoke (c:\\Users\\edu\\.vscode\\extensions\\uqbar.wollok-lsp-ide-0.5.3\\out\\server\\src\\server.js:3:157334)\n    at o.fire (c:\\Users\\edu\\.vscode\\extensions\\uqbar.wollok-lsp-ide-0.5.3\\out\\server\\src\\server.js:3:158104)\n    at c:\\Users\\edu\\.vscode\\extensions\\uqbar.wollok-lsp-ide-0.5.3\\out\\server\\src\\server.js:37:57871\n    at Zr (c:\\Users\\edu\\.vscode\\extensions\\uqbar.wollok-lsp-ide-0.5.3\\out\\server\\src\\server.js:8:1561)","timestamp":"2025-12-12T02:49:12.788Z"}
{"level":"error","message":"✘ Failed to rebuild document Failed to parse parciales/hablemosSinSaber/resoProfes.wlk: \n-- PARSING FAILED --------------------------------------------------\n\n  118 |     (tematicas.size() / 2) > tematicasInteresante\n  119 |   }\n> 120 | }\n      | ^\n\nExpected one of the following: \n\n' ', '@', 'class', 'const', 'describe', 'mixin', 'object', 'only', 'package', 'program', 'test', 'var', '{', EOF, comment, not \"}\", whitespace\n","stack":"Error: Failed to parse parciales/hablemosSinSaber/resoProfes.wlk: \n-- PARSING FAILED --------------------------------------------------\n\n  118 |     (tematicas.size() / 2) > tematicasInteresante\n  119 |   }\n> 120 | }\n      | ^\n\nExpected one of the following: \n\n' ', '@', 'class', 'const', 'describe', 'mixin', 'object', 'only', 'package', 'program', 'test', 'var', '{', EOF, comment, not \"}\", whitespace\n\n    at c:\\Users\\edu\\.vscode\\extensions\\uqbar.wollok-lsp-ide-0.5.3\\out\\server\\src\\server.js:2348:13026\n    at Array.map (<anonymous>)\n    at W1n (c:\\Users\\edu\\.vscode\\extensions\\uqbar.wollok-lsp-ide-0.5.3\\out\\server\\src\\server.js:2348:12950)\n    at U2.buildEnvironmentFrom (c:\\Users\\edu\\.vscode\\extensions\\uqbar.wollok-lsp-ide-0.5.3\\out\\server\\src\\server.js:2393:5254)\n    at U2.updateEnvironmentWith (c:\\Users\\edu\\.vscode\\extensions\\uqbar.wollok-lsp-ide-0.5.3\\out\\server\\src\\server.js:2393:4989)\n    at JF (c:\\Users\\edu\\.vscode\\extensions\\uqbar.wollok-lsp-ide-0.5.3\\out\\server\\src\\server.js:2393:7383)\n    at F3.invoke (c:\\Users\\edu\\.vscode\\extensions\\uqbar.wollok-lsp-ide-0.5.3\\out\\server\\src\\server.js:3:157334)\n    at o.fire (c:\\Users\\edu\\.vscode\\extensions\\uqbar.wollok-lsp-ide-0.5.3\\out\\server\\src\\server.js:3:158104)\n    at c:\\Users\\edu\\.vscode\\extensions\\uqbar.wollok-lsp-ide-0.5.3\\out\\server\\src\\server.js:37:57871\n    at Zr (c:\\Users\\edu\\.vscode\\extensions\\uqbar.wollok-lsp-ide-0.5.3\\out\\server\\src\\server.js:8:1561)","timestamp":"2025-12-12T02:49:12.981Z"}
{"level":"info","message":"⌛ Building environment","timeElapsed":153,"timestamp":"2025-12-12T02:49:15.048Z"}
{"level":"info","message":"⌛ Validating parciales/hablemosSinSaber/resoProfes.wlk","timeElapsed":185,"timestamp":"2025-12-12T02:49:15.235Z"}
{"level":"info","message":"⌛ Validating parciales/hablemosSinSaber/resoProfes.wlk","timeElapsed":147,"timestamp":"2025-12-12T02:49:15.486Z"}
{"level":"info","message":"⌛ Validating parciales/hablemosSinSaber/resoProfes.wlk","timeElapsed":140,"timestamp":"2025-12-12T02:49:16.206Z"}
{"level":"error","message":"✘ Failed to get type description: Error: Failed to print, found malformed node Failed to print, found malformed node","node":{"id":"a3204fc5-d125-4277-acb2-f272f094a96b","members":[{"id":"42301167-fbce-42fb-9772-500d20afb90a","isConstant":true,"isProperty":true,"metadata":[],"name":"panelistas","scope":{"containerScope":{"containerScope":{"containerScope":{"containerScope":{"containerScope":{"contributions":{},"includedScopes":[]},"contributions":{},"includedScopes":[]},"contributions":{},"includedScopes":[]},"contributions":{},"includedScopes":[]},"contributions":{},"includedScopes":[{"containerScope":{"containerScope":{"containerScope":{"contributions":{},"includedScopes":[]},"contributions":{},"includedScopes":[]},"contributions":{},"includedScopes":[]},"contributions":{},"includedScopes":[]}]},"contributions":{},"includedScopes":[]},"sourceMap":{"end":{"column":33,"line":109,"offset":2885},"start":{"column":3,"line":109,"offset":2855}},"value":{"id":"269fd070-e753-4f0f-8cb6-616c166b84fe","metadata":[],"scope":{"containerScope":{"containerScope":{"containerScope":{"containerScope":{"containerScope":{"containerScope":{"contributions":{},"includedScopes":[]},"contributions":{},"includedScopes":[]},"contributions":{},"includedScopes":[]},"contributions":{},"includedScopes":[]},"contributions":{},"includedScopes":[{"containerScope":{"containerScope":{"containerScope":{"contributions":{},"includedScopes":[]},"contributions":{},"includedScopes":[]},"contributions":{},"includedScopes":[]},"contributions":{},"includedScopes":[]}]},"contributions":{},"includedScopes":[]},"contributions":{},"includedScopes":[]},"sourceMap":{"end":{"column":33,"line":109,"offset":2885},"start":{"column":31,"line":109,"offset":2883}},"value":[{"id":"bcab12ef-c9cc-4d94-8527-535a3325bf82","metadata":[],"name":"wollok.lang.List","scope":{"containerScope":{"containerScope":{"containerScope":{"containerScope":{"containerScope":{"containerScope":{"containerScope":{"contributions":{},"includedScopes":[]},"contributions":{},"includedScopes":[]},"contributions":{},"includedScopes":[]},"contributions":{},"includedScopes":[]},"contributions":{},"includedScopes":[{"containerScope":{"containerScope":{"containerScope":{"contributions":{},"includedScopes":[]},"contributions":{},"includedScopes":[]},"contributions":{},"includedScopes":[]},"contributions":{},"includedScopes":[]}]},"contributions":{},"includedScopes":[]},"contributions":{},"includedScopes":[]},"contributions":{},"includedScopes":[]}},[]]}},{"id":"1726cb83-a20f-407b-8a0c-a09a593b5b8c","isConstant":true,"isProperty":true,"metadata":[],"name":"tematicas","scope":{"containerScope":{"containerScope":{"containerScope":{"containerScope":{"containerScope":{"contributions":{},"includedScopes":[]},"contributions":{},"includedScopes":[]},"contributions":{},"includedScopes":[]},"contributions":{},"includedScopes":[]},"contributions":{},"includedScopes":[{"containerScope":{"containerScope":{"containerScope":{"contributions":{},"includedScopes":[]},"contributions":{},"includedScopes":[]},"contributions":{},"includedScopes":[]},"contributions":{},"includedScopes":[]}]},"contributions":{},"includedScopes":[]},"sourceMap":{"end":{"column":32,"line":110,"offset":2918},"start":{"column":3,"line":110,"offset":2889}},"value":{"id":"66b755ed-2212-4fd5-9ddb-47b393f2a1c3","metadata":[],"scope":{"containerScope":{"containerScope":{"containerScope":{"containerScope":{"containerScope":{"containerScope":{"contributions":{},"includedScopes":[]},"contributions":{},"includedScopes":[]},"contributions":{},"includedScopes":[]},"contributions":{},"includedScopes":[]},"contributions":{},"includedScopes":[{"containerScope":{"containerScope":{"containerScope":{"contributions":{},"includedScopes":[]},"contributions":{},"includedScopes":[]},"contributions":{},"includedScopes":[]},"contributions":{},"includedScopes":[]}]},"contributions":{},"includedScopes":[]},"contributions":{},"includedScopes":[]},"sourceMap":{"end":{"column":32,"line":110,"offset":2918},"start":{"column":30,"line":110,"offset":2916}},"value":[{"id":"9a86a1be-a96a-4861-b7fc-03aca41a7473","metadata":[],"name":"wollok.lang.List","scope":{"containerScope":{"containerScope":{"containerScope":{"containerScope":{"containerScope":{"containerScope":{"containerScope":{"contributions":{},"includedScopes":[]},"contributions":{},"includedScopes":[]},"contributions":{},"includedScopes":[]},"contributions":{},"includedScopes":[]},"contributions":{},"includedScopes":[{"containerScope":{"containerScope":{"containerScope":{"contributions":{},"includedScopes":[]},"contributions":{},"includedScopes":[]},"contributions":{},"includedScopes":[]},"contributions":{},"includedScopes":[]}]},"contributions":{},"includedScopes":[]},"contributions":{},"includedScopes":[]},"contributions":{},"includedScopes":[]}},[]]}},{"id":"1a2b700d-3d68-43ae-bfa5-b33fd44a5110","isConstant":false,"isProperty":false,"metadata":[],"name":"emitido","scope":{"containerScope":{"containerScope":{"containerScope":{"containerScope":{"containerScope":{"contributions":{},"includedScopes":[]},"contributions":{},"includedScopes":[]},"contributions":{},"includedScopes":[]},"contributions":{},"includedScopes":[]},"contributions":{},"includedScopes":[{"containerScope":{"containerScope":{"containerScope":{"contributions":{},"includedScopes":[]},"contributions":{},"includedScopes":[]},"contributions":{},"includedScopes":[]},"contributions":{},"includedScopes":[]}]},"contributions":{},"includedScopes":[]},"sourceMap":{"end":{"column":22,"line":111,"offset":2941},"start":{"column":3,"line":111,"offset":2922}},"value":{"id":"d4659292-6b58-4c8f-9b90-fdd185b1aab4","metadata":[],"scope":{"containerScope":{"containerScope":{"containerScope":{"containerScope":{"containerScope":{"containerScope":{"contributions":{},"includedScopes":[]},"contributions":{},"includedScopes":[]},"contributions":{},"includedScopes":[]},"contributions":{},"includedScopes":[]},"contributions":{},"includedScopes":[{"containerScope":{"containerScope":{"containerScope":{"contributions":{},"includedScopes":[]},"contributions":{},"includedScopes":[]},"contributions":{},"includedScopes":[]},"contributions":{},"includedScopes":[]}]},"contributions":{},"includedScopes":[]},"contributions":{},"includedScopes":[]},"sourceMap":{"end":{"column":22,"line":111,"offset":2941},"start":{"column":17,"line":111,"offset":2936}},"value":false}},{"body":{"id":"cfc1b4a7-c510-4bd1-9d04-88f0e928b135","metadata":[],"problems":[],"scope":{"containerScope":{"containerScope":{"containerScope":{"containerScope":{"containerScope":{"containerScope":{"contributions":{},"includedScopes":[]},"contributions":{},"includedScopes":[]},"contributions":{},"includedScopes":[]},"contributions":{},"includedScopes":[]},"contributions":{},"includedScopes":[{"containerScope":{"containerScope":{"containerScope":{"contributions":{},"includedScopes":[]},"contributions":{},"includedScopes":[]},"contributions":{},"includedScopes":[]},"contributions":{},"includedScopes":[]}]},"contributions":{},"includedScopes":[]},"contributions":{},"includedScopes":[]},"sentences":[{"id":"2631b8ae-09f0-46ac-9f3b-ed69ff621ba6","metadata":[],"scope":{"containerScope":{"containerScope":{"containerScope":{"containerScope":{"containerScope":{"containerScope":{"containerScope":{"contributions":{},"includedScopes":[]},"contributions":{},"includedScopes":[]},"contributions":{},"includedScopes":[]},"contributions":{},"includedScopes":[]},"contributions":{},"includedScopes":[{"containerScope":{"containerScope":{"containerScope":{"contributions":{},"includedScopes":[]},"contributions":{},"includedScopes":[]},"contributions":{},"includedScopes":[]},"contributions":{},"includedScopes":[]}]},"contributions":{},"includedScopes":[]},"contributions":{},"includedScopes":[]},"contributions":{},"includedScopes":[]},"value":{"args":[{"args":[],"id":"98cdd8fe-406b-433b-8e52-b0fe03c98d1c","message":"mitadTematicasInteresantes","metadata":[],"receiver":{"id":"820c8405-64d2-46d5-9e93-1961cb5c1d8f","metadata":[],"scope":{"containerScope":{"containerScope":{"containerScope":{"containerScope":{"containerScope":{"containerScope":{"containerScope":{"containerScope":{"containerScope":{"containerScope":{"contributions":{},"includedScopes":[]},"contributions":{},"includedScopes":[]},"contributions":{},"includedScopes":[]},"contributions":{},"includedScopes":[]},"contributions":{},"includedScopes":[{"containerScope":{"containerScope":{"containerScope":{"contributions":{},"includedScopes":[]},"contributions":{},"includedScopes":[]},"contributions":{},"includedScopes":[]},"contributions":{},"includedScopes":[]}]},"contributions":{},"includedScopes":[]},"contributions":{},"includedScopes":[]},"contributions":{},"includedScopes":[]},"contributions":{},"includedScopes":[]},"contributions":{},"includedScopes":[]},"contributions":{},"includedScopes":[]},"sourceMap":{"end":{"column":65,"line":113,"offset":3009},"start":{"column":61,"line":113,"offset":3005}}},"scope":{"containerScope":{"containerScope":{"containerScope":{"containerScope":{"containerScope":{"containerScope":{"containerScope":{"containerScope":{"containerScope":{"contributions":{},"includedScopes":[]},"contributions":{},"includedScopes":[]},"contributions":{},"includedScopes":[]},"contributions":{},"includedScopes":[]},"contributions":{},"includedScopes":[{"containerScope":{"containerScope":{"containerScope":{"contributions":{},"includedScopes":[]},"contributions":{},"includedScopes":[]},"contributions":{},"includedScopes":[]},"contributions":{},"includedScopes":[]}]},"contributions":{},"includedScopes":[]},"contributions":{},"includedScopes":[]},"contributions":{},"includedScopes":[]},"contributions":{},"includedScopes":[]},"contributions":{},"includedScopes":[]},"sourceMap":{"end":{"column":94,"line":113,"offset":3038},"start":{"column":61,"line":113,"offset":3005}}}],"id":"d957f87c-e005-4dd8-b410-c4bc638bf632","message":"&&","metadata":[],"receiver":{"args":[{"id":"d21117ca-c507-4d4c-81c7-92e16216ac55","metadata":[],"scope":{"containerScope":{"containerScope":{"containerScope":{"containerScope":{"containerScope":{"containerScope":{"containerScope":{"containerScope":{"containerScope":{"containerScope":{"contributions":{},"includedScopes":[]},"contributions":{},"includedScopes":[]},"contributions":{},"includedScopes":[]},"contributions":{},"includedScopes":[]},"contributions":{},"includedScopes":[{"containerScope":{"containerScope":{"containerScope":{"contributions":{},"includedScopes":[]},"contributions":{},"includedScopes":[]},"contributions":{},"includedScopes":[]},"contributions":{},"includedScopes":[]}]},"contributions":{},"includedScopes":[]},"contributions":{},"includedScopes":[]},"contributions":{},"includedScopes":[]},"contributions":{},"includedScopes":[]},"contributions":{},"includedScopes":[]},"contributions":{},"includedScopes":[]},"sourceMap":{"end":{"column":57,"line":113,"offset":3001},"start":{"column":56,"line":113,"offset":3000}},"value":2}],"id":"80e51da0-947a-4a5c-8f58-2cd27bd7a9f8","message":">","metadata":[],"receiver":{"args":[],"id":"57c4a35b-369a-404c-9391-1773d8f4d006","message":"cantidadPanelistas","metadata":[],"receiver":{"id":"6957e73b-1515-4cdb-9d6f-2f5e70d66366","metadata":[],"scope":{"containerScope":{"containerScope":{"containerScope":{"containerScope":{"containerScope":{"containerScope":{"containerScope":{"containerScope":{"containerScope":{"containerScope":{"containerScope":{"contributions":{},"includedScopes":[]},"contributions":{},"includedScopes":[]},"contributions":{},"includedScopes":[]},"contributions":{},"includedScopes":[]},"contributions":{},"includedScopes":[{"containerScope":{"containerScope":{"containerScope":{"contributions":{},"includedScopes":[]},"contributions":{},"includedScopes":[]},"contributions":{},"includedScopes":[]},"contributions":{},"includedScopes":[]}]},"contributions":{},"includedScopes":[]},"contributions":{},"includedScopes":[]},"contributions":{},"includedScopes":[]},"contributions":{},"includedScopes":[]},"contributions":{},"includedScopes":[]},"contributions":{},"includedScopes":[]},"contributions":{},"includedScopes":[]},"sourceMap":{"end":{"column":32,"line":113,"offset":2976},"start":{"column":28,"line":113,"offset":2972}}},"scope":{"containerScope":{"containerScope":{"containerScope":{"containerScope":{"containerScope":{"containerScope":{"containerScope":{"containerScope":{"containerScope":{"containerScope":{"contributions":{},"includedScopes":[]},"contributions":{},"includedScopes":[]},"contributions":{},"includedScopes":[]},"contributions":{},"includedScopes":[]},"contributions":{},"includedScopes":[{"containerScope":{"containerScope":{"containerScope":{"contributions":{},"includedScopes":[]},"contributions":{},"includedScopes":[]},"contributions":{},"includedScopes":[]},"contributions":{},"includedScopes":[]}]},"contributions":{},"includedScopes":[]},"contributions":{},"includedScopes":[]},"contributions":{},"includedScopes":[]},"contributions":{},"includedScopes":[]},"contributions":{},"includedScopes":[]},"contributions":{},"includedScopes":[]},"sourceMap":{"end":{"column":53,"line":113,"offset":2997},"start":{"column":28,"line":113,"offset":2972}}},"scope":{"containerScope":{"containerScope":{"containerScope":{"containerScope":{"containerScope":{"containerScope":{"containerScope":{"containerScope":{"containerScope":{"contributions":{},"includedScopes":[]},"contributions":{},"includedScopes":[]},"contributions":{},"includedScopes":[]},"contributions":{},"includedScopes":[]},"contributions":{},"includedScopes":[{"containerScope":{"containerScope":{"containerScope":{"contributions":{},"includedScopes":[]},"contributions":{},"includedScopes":[]},"contributions":{},"includedScopes":[]},"contributions":{},"includedScopes":[]}]},"contributions":{},"includedScopes":[]},"contributions":{},"includedScopes":[]},"contributions":{},"includedScopes":[]},"contributions":{},"includedScopes":[]},"contributions":{},"includedScopes":[]},"sourceMap":{"end":{"column":57,"line":113,"offset":3001},"start":{"column":28,"line":113,"offset":2972}}},"scope":{"containerScope":{"containerScope":{"containerScope":{"containerScope":{"containerScope":{"containerScope":{"containerScope":{"containerScope":{"contributions":{},"includedScopes":[]},"contributions":{},"includedScopes":[]},"contributions":{},"includedScopes":[]},"contributions":{},"includedScopes":[]},"contributions":{},"includedScopes":[{"containerScope":{"containerScope":{"containerScope":{"contributions":{},"includedScopes":[]},"contributions":{},"includedScopes":[]},"contributions":{},"includedScopes":[]},"contributions":{},"includedScopes":[]}]},"contributions":{},"includedScopes":[]},"contributions":{},"includedScopes":[]},"contributions":{},"includedScopes":[]},"contributions":{},"includedScopes":[]},"sourceMap":{"end":{"column":94,"line":113,"offset":3038},"start":{"column":28,"line":113,"offset":2972}}}}],"sourceMap":{"end":{"column":94,"line":113,"offset":3038},"start":{"column":28,"line":113,"offset":2972}}},"compiled":false,"id":"3d834404-1ba4-4ff7-8af2-46d157607864","isOverride":false,"metadata":[],"name":"puedeEmitirse","parameters":[],"problems":[],"scope":{"containerScope":{"containerScope":{"containerScope":{"containerScope":{"containerScope":{"contributions":{},"includedScopes":[]},"contributions":{},"includedScopes":[]},"contributions":{},"includedScopes":[]},"contributions":{},"includedScopes":[]},"contributions":{},"includedScopes":[{"containerScope":{"containerScope":{"containerScope":{"contributions":{},"includedScopes":[]},"contributions":{},"includedScopes":[]},"contributions":{},"includedScopes":[]},"contributions":{},"includedScopes":[]}]},"contributions":{},"includedScopes":[]},"sourceMap":{"end":{"column":94,"line":113,"offset":3038},"start":{"column":3,"line":113,"offset":2947}}},{"body":{"id":"a1928771-41f6-4770-b7db-ee4f1b9b7ca1","metadata":[],"problems":[],"scope":{"containerScope":{"containerScope":{"containerScope":{"containerScope":{"containerScope":{"containerScope":{"contributions":{},"includedScopes":[]},"contributions":{},"includedScopes":[]},"contributions":{},"includedScopes":[]},"contributions":{},"includedScopes":[]},"contributions":{},"includedScopes":[{"containerScope":{"containerScope":{"containerScope":{"contributions":{},"includedScopes":[]},"contributions":{},"includedScopes":[]},"contributions":{},"includedScopes":[]},"contributions":{},"includedScopes":[]}]},"contributions":{},"includedScopes":[]},"contributions":{},"includedScopes":[]},"sentences":[{"id":"e8d32a44-9d57-418d-8c27-a0b3c78d930e","metadata":[],"scope":{"containerScope":{"containerScope":{"containerScope":{"containerScope":{"containerScope":{"containerScope":{"containerScope":{"contributions":{},"includedScopes":[]},"contributions":{},"includedScopes":[]},"contributions":{},"includedScopes":[]},"contributions":{},"includedScopes":[]},"contributions":{},"includedScopes":[{"containerScope":{"containerScope":{"containerScope":{"contributions":{},"includedScopes":[]},"contributions":{},"includedScopes":[]},"contributions":{},"includedScopes":[]},"contributions":{},"includedScopes":[]}]},"contributions":{},"includedScopes":[]},"contributions":{},"includedScopes":[]},"contributions":{},"includedScopes":[]},"value":{"args":[],"id":"6c64ee16-bb03-4211-9cfb-1a3d31f4a0e6","message":"size","metadata":[],"receiver":{"id":"4502a233-bee9-4ec7-a25d-075555920da7","metadata":[],"name":"panelistas","scope":{"containerScope":{"containerScope":{"containerScope":{"containerScope":{"containerScope":{"containerScope":{"containerScope":{"containerScope":{"containerScope":{"contributions":{},"includedScopes":[]},"contributions":{},"includedScopes":[]},"contributions":{},"includedScopes":[]},"contributions":{},"includedScopes":[]},"contributions":{},"includedScopes":[{"containerScope":{"containerScope":{"containerScope":{"contributions":{},"includedScopes":[]},"contributions":{},"includedScopes":[]},"contributions":{},"includedScopes":[]},"contributions":{},"includedScopes":[]}]},"contributions":{},"includedScopes":[]},"contributions":{},"includedScopes":[]},"contributions":{},"includedScopes":[]},"contributions":{},"includedScopes":[]},"contributions":{},"includedScopes":[]},"sourceMap":{"end":{"column":43,"line":115,"offset":3084},"start":{"column":33,"line":115,"offset":3074}}},"scope":{"containerScope":{"containerScope":{"containerScope":{"containerScope":{"containerScope":{"containerScope":{"containerScope":{"containerScope":{"contributions":{},"includedScopes":[]},"contributions":{},"includedScopes":[]},"contributions":{},"includedScopes":[]},"contributions":{},"includedScopes":[]},"contributions":{},"includedScopes":[{"containerScope":{"containerScope":{"containerScope":{"contributions":{},"includedScopes":[]},"contributions":{},"includedScopes":[]},"contributions":{},"includedScopes":[]},"contributions":{},"includedScopes":[]}]},"contributions":{},"includedScopes":[]},"contributions":{},"includedScopes":[]},"contributions":{},"includedScopes":[]},"contributions":{},"includedScopes":[]},"sourceMap":{"end":{"column":50,"line":115,"offset":3091},"start":{"column":33,"line":115,"offset":3074}}}}],"sourceMap":{"end":{"column":50,"line":115,"offset":3091},"start":{"column":33,"line":115,"offset":3074}}},"compiled":false,"id":"3b5f0937-fc2a-4529-8fba-2872c702f624","isOverride":false,"metadata":[],"name":"cantidadPanelistas","parameters":[],"problems":[],"scope":{"containerScope":{"containerScope":{"containerScope":{"containerScope":{"containerScope":{"contributions":{},"includedScopes":[]},"contributions":{},"includedScopes":[]},"contributions":{},"includedScopes":[]},"contributions":{},"includedScopes":[]},"contributions":{},"includedScopes":[{"containerScope":{"containerScope":{"containerScope":{"contributions":{},"includedScopes":[]},"contributions":{},"includedScopes":[]},"contributions":{},"includedScopes":[]},"contributions":{},"includedScopes":[]}]},"contributions":{},"includedScopes":[]},"sourceMap":{"end":{"column":50,"line":115,"offset":3091},"start":{"column":3,"line":115,"offset":3044}}},{"body":{"id":"a60f86ae-bccd-4131-aa6f-b75931acd113","metadata":[],"problems":[],"scope":{"containerScope":{"containerScope":{"containerScope":{"containerScope":{"containerScope":{"containerScope":{"contributions":{},"includedScopes":[]},"contributions":{},"includedScopes":[]},"contributions":{},"includedScopes":[]},"contributions":{},"includedScopes":[]},"contributions":{},"includedScopes":[{"containerScope":{"containerScope":{"containerScope":{"contributions":{},"includedScopes":[]},"contributions":{},"includedScopes":[]},"contributions":{},"includedScopes":[]},"contributions":{},"includedScopes":[]}]},"contributions":{},"includedScopes":[]},"contributions":{},"includedScopes":[]},"sentences":[{"id":"676f5b28-1c16-44e8-93de-6c6e18ad4f62","metadata":[],"scope":{"containerScope":{"containerScope":{"containerScope":{"containerScope":{"containerScope":{"containerScope":{"containerScope":{"contributions":{},"includedScopes":[]},"contributions":{},"includedScopes":[]},"contributions":{},"includedScopes":[]},"contributions":{},"includedScopes":[]},"contributions":{},"includedScopes":[{"containerScope":{"containerScope":{"containerScope":{"contributions":{},"includedScopes":[]},"contributions":{},"includedScopes":[]},"contributions":{},"includedScopes":[]},"contributions":{},"includedScopes":[]}]},"contributions":{},"includedScopes":[]},"contributions":{},"includedScopes":[]},"contributions":{},"includedScopes":[]},"value":{"id":"68d8e355-aad3-4afb-909d-d77efe6d53be","metadata":[],"name":"const","scope":{"containerScope":{"containerScope":{"containerScope":{"containerScope":{"containerScope":{"containerScope":{"containerScope":{"containerScope":{"contributions":{},"includedScopes":[]},"contributions":{},"includedScopes":[]},"contributions":{},"includedScopes":[]},"contributions":{},"includedScopes":[]},"contributions":{},"includedScopes":[{"containerScope":{"containerScope":{"containerScope":{"contributions":{},"includedScopes":[]},"contributions":{},"includedScopes":[]},"contributions":{},"includedScopes":[]},"contributions":{},"includedScopes":[]}]},"contributions":{},"includedScopes":[]},"contributions":{},"includedScopes":[]},"contributions":{},"includedScopes":[]},"contributions":{},"includedScopes":[]},"sourceMap":{"end":{"column":10,"line":117,"offset":3143},"start":{"column":5,"line":117,"offset":3138}}}}],"sourceMap":{"end":{"column":10,"line":117,"offset":3143},"start":{"column":5,"line":117,"offset":3138}}},"compiled":false,"id":"59324f09-9d3d-4136-b55d-ab5645699d53","isOverride":false,"metadata":[],"name":"mitadTematicasInteresantes","parameters":[],"problems":[],"scope":{"containerScope":{"containerScope":{"containerScope":{"containerScope":{"containerScope":{"contributions":{},"includedScopes":[]},"contributions":{},"includedScopes":[]},"contributions":{},"includedScopes":[]},"contributions":{},"includedScopes":[]},"contributions":{},"includedScopes":[{"containerScope":{"containerScope":{"containerScope":{"contributions":{},"includedScopes":[]},"contributions":{},"includedScopes":[]},"contributions":{},"includedScopes":[]},"contributions":{},"includedScopes":[]}]},"contributions":{},"includedScopes":[]},"sourceMap":{"end":{"column":10,"line":117,"offset":3143},"start":{"column":3,"line":116,"offset":3095}}},{"body":{"id":"b01ab4c0-4f89-4ba4-9f83-669372216aec","metadata":[],"scope":{"containerScope":{"containerScope":{"containerScope":{"containerScope":{"containerScope":{"containerScope":{"contributions":{},"includedScopes":[]},"contributions":{},"includedScopes":[]},"contributions":{},"includedScopes":[]},"contributions":{},"includedScopes":[]},"contributions":{},"includedScopes":[{"containerScope":{"containerScope":{"containerScope":{"contributions":{},"includedScopes":[]},"contributions":{},"includedScopes":[]},"contributions":{},"includedScopes":[]},"contributions":{},"includedScopes":[]}]},"contributions":{},"includedScopes":[]},"contributions":{},"includedScopes":[]},"sentences":[{"id":"eb6d0d7a-bc96-4e78-b1b8-30afffa2f3dd","metadata":[],"scope":{"containerScope":{"containerScope":{"containerScope":{"containerScope":{"containerScope":{"containerScope":{"containerScope":{"contributions":{},"includedScopes":[]},"contributions":{},"includedScopes":[]},"contributions":{},"includedScopes":[]},"contributions":{},"includedScopes":[]},"contributions":{},"includedScopes":[{"containerScope":{"containerScope":{"containerScope":{"contributions":{},"includedScopes":[]},"contributions":{},"includedScopes":[]},"contributions":{},"includedScopes":[]},"contributions":{},"includedScopes":[]}]},"contributions":{},"includedScopes":[]},"contributions":{},"includedScopes":[]},"contributions":{},"includedScopes":[]},"value":{"id":"2d22267c-fd9e-4c9d-81de-0a13c7c4eec4","metadata":[],"name":"panelistas","scope":{"containerScope":{"containerScope":{"containerScope":{"containerScope":{"containerScope":{"containerScope":{"containerScope":{"containerScope":{"contributions":{},"includedScopes":[]},"contributions":{},"includedScopes":[]},"contributions":{},"includedScopes":[]},"contributions":{},"includedScopes":[]},"contributions":{},"includedScopes":[{"containerScope":{"containerScope":{"containerScope":{"contributions":{},"includedScopes":[]},"contributions":{},"includedScopes":[]},"contributions":{},"includedScopes":[]},"contributions":{},"includedScopes":[]}]},"contributions":{},"includedScopes":[]},"contributions":{},"includedScopes":[]},"contributions":{},"includedScopes":[]},"contributions":{},"includedScopes":[]}}}]},"compiled":false,"id":"547ebde4-19ee-4dd9-8bf9-7c6c9bb5942f","isOverride":false,"metadata":[],"name":"panelistas","parameters":[],"scope":{"containerScope":{"containerScope":{"containerScope":{"containerScope":{"containerScope":{"contributions":{},"includedScopes":[]},"contributions":{},"includedScopes":[]},"contributions":{},"includedScopes":[]},"contributions":{},"includedScopes":[]},"contributions":{},"includedScopes":[{"containerScope":{"containerScope":{"containerScope":{"contributions":{},"includedScopes":[]},"contributions":{},"includedScopes":[]},"contributions":{},"includedScopes":[]},"contributions":{},"includedScopes":[]}]},"contributions":{},"includedScopes":[]}},{"body":{"id":"3c8ad875-638f-48d5-84f2-5b641d8f1dd9","metadata":[],"scope":{"containerScope":{"containerScope":{"containerScope":{"containerScope":{"containerScope":{"containerScope":{"contributions":{},"includedScopes":[]},"contributions":{},"includedScopes":[]},"contributions":{},"includedScopes":[]},"contributions":{},"includedScopes":[]},"contributions":{},"includedScopes":[{"containerScope":{"containerScope":{"containerScope":{"contributions":{},"includedScopes":[]},"contributions":{},"includedScopes":[]},"contributions":{},"includedScopes":[]},"contributions":{},"includedScopes":[]}]},"contributions":{},"includedScopes":[]},"contributions":{},"includedScopes":[]},"sentences":[{"id":"15f64b7d-7bcc-414c-aae8-a53e2ec79b41","metadata":[],"scope":{"containerScope":{"containerScope":{"containerScope":{"containerScope":{"containerScope":{"containerScope":{"containerScope":{"contributions":{},"includedScopes":[]},"contributions":{},"includedScopes":[]},"contributions":{},"includedScopes":[]},"contributions":{},"includedScopes":[]},"contributions":{},"includedScopes":[{"containerScope":{"containerScope":{"containerScope":{"contributions":{},"includedScopes":[]},"contributions":{},"includedScopes":[]},"contributions":{},"includedScopes":[]},"contributions":{},"includedScopes":[]}]},"contributions":{},"includedScopes":[]},"contributions":{},"includedScopes":[]},"contributions":{},"includedScopes":[]},"value":{"id":"652f2863-bd3e-454c-81b4-08563ea149f7","metadata":[],"name":"tematicas","scope":{"containerScope":{"containerScope":{"containerScope":{"containerScope":{"containerScope":{"containerScope":{"containerScope":{"containerScope":{"contributions":{},"includedScopes":[]},"contributions":{},"includedScopes":[]},"contributions":{},"includedScopes":[]},"contributions":{},"includedScopes":[]},"contributions":{},"includedScopes":[{"containerScope":{"containerScope":{"containerScope":{"contributions":{},"includedScopes":[]},"contributions":{},"includedScopes":[]},"contributions":{},"includedScopes":[]},"contributions":{},"includedScopes":[]}]},"contributions":{},"includedScopes":[]},"contributions":{},"includedScopes":[]},"contributions":{},"includedScopes":[]},"contributions":{},"includedScopes":[]}}}]},"compiled":false,"id":"af65bb70-b6fa-4ee5-a3d4-a48458e1a3fc","isOverride":false,"metadata":[],"name":"tematicas","parameters":[],"scope":{"containerScope":{"containerScope":{"containerScope":{"containerScope":{"containerScope":{"contributions":{},"includedScopes":[]},"contributions":{},"includedScopes":[]},"contributions":{},"includedScopes":[]},"contributions":{},"includedScopes":[]},"contributions":{},"includedScopes":[{"containerScope":{"containerScope":{"containerScope":{"contributions":{},"includedScopes":[]},"contributions":{},"includedScopes":[]},"contributions":{},"includedScopes":[]},"contributions":{},"includedScopes":[]}]},"contributions":{},"includedScopes":[]}}],"metadata":[],"name":"Programa","problems":[{"code":"malformedMember","sourceMap":{"end":{"column":88,"line":117,"offset":3221},"start":{"column":11,"line":117,"offset":3144}}},{"code":"malformedMember","sourceMap":{"end":{"column":50,"line":118,"offset":3272},"start":{"column":5,"line":118,"offset":3227}}}],"scope":{"containerScope":{"containerScope":{"containerScope":{"containerScope":{"contributions":{},"includedScopes":[]},"contributions":{},"includedScopes":[]},"contributions":{},"includedScopes":[]},"contributions":{},"includedScopes":[]},"contributions":{},"includedScopes":[{"containerScope":{"containerScope":{"containerScope":{"contributions":{},"includedScopes":[]},"contributions":{},"includedScopes":[]},"contributions":{},"includedScopes":[]},"contributions":{},"includedScopes":[]}]},"sourceMap":{"end":{"column":2,"line":119,"offset":3275},"start":{"column":1,"line":108,"offset":2835}},"supertypes":[]},"stack":"Error: Failed to print, found malformed node\n    at c:\\Users\\edu\\.vscode\\extensions\\uqbar.wollok-lsp-ide-0.5.3\\out\\server\\src\\server.js:68:3585\n    at Gbn (c:\\Users\\edu\\.vscode\\extensions\\uqbar.wollok-lsp-ide-0.5.3\\out\\server\\src\\server.js:68:3396)\n    at c:\\Users\\edu\\.vscode\\extensions\\uqbar.wollok-lsp-ide-0.5.3\\out\\server\\src\\server.js:2393:847\n    at c:\\Users\\edu\\.vscode\\extensions\\uqbar.wollok-lsp-ide-0.5.3\\out\\server\\src\\server.js:2393:8440\n    at c:\\Users\\edu\\.vscode\\extensions\\uqbar.wollok-lsp-ide-0.5.3\\out\\server\\src\\server.js:37:74770\n    at Ye (c:\\Users\\edu\\.vscode\\extensions\\uqbar.wollok-lsp-ide-0.5.3\\out\\server\\src\\server.js:7:8527)\n    at qt (c:\\Users\\edu\\.vscode\\extensions\\uqbar.wollok-lsp-ide-0.5.3\\out\\server\\src\\server.js:7:6189)\n    at ot (c:\\Users\\edu\\.vscode\\extensions\\uqbar.wollok-lsp-ide-0.5.3\\out\\server\\src\\server.js:7:6378)\n    at Immediate._onImmediate (c:\\Users\\edu\\.vscode\\extensions\\uqbar.wollok-lsp-ide-0.5.3\\out\\server\\src\\server.js:7:6142)\n    at process.processImmediate (node:internal/timers:485:21)","timestamp":"2025-12-12T02:49:37.946Z"}
{"level":"error","message":"✘ Failed to get type description: Error: Failed to print, found malformed node Failed to print, found malformed node","node":{"id":"a3204fc5-d125-4277-acb2-f272f094a96b","members":[{"id":"42301167-fbce-42fb-9772-500d20afb90a","isConstant":true,"isProperty":true,"metadata":[],"name":"panelistas","scope":{"containerScope":{"containerScope":{"containerScope":{"containerScope":{"containerScope":{"contributions":{},"includedScopes":[]},"contributions":{},"includedScopes":[]},"contributions":{},"includedScopes":[]},"contributions":{},"includedScopes":[]},"contributions":{},"includedScopes":[{"containerScope":{"containerScope":{"containerScope":{"contributions":{},"includedScopes":[]},"contributions":{},"includedScopes":[]},"contributions":{},"includedScopes":[]},"contributions":{},"includedScopes":[]}]},"contributions":{},"includedScopes":[]},"sourceMap":{"end":{"column":33,"line":109,"offset":2885},"start":{"column":3,"line":109,"offset":2855}},"value":{"id":"269fd070-e753-4f0f-8cb6-616c166b84fe","metadata":[],"scope":{"containerScope":{"containerScope":{"containerScope":{"containerScope":{"containerScope":{"containerScope":{"contributions":{},"includedScopes":[]},"contributions":{},"includedScopes":[]},"contributions":{},"includedScopes":[]},"contributions":{},"includedScopes":[]},"contributions":{},"includedScopes":[{"containerScope":{"containerScope":{"containerScope":{"contributions":{},"includedScopes":[]},"contributions":{},"includedScopes":[]},"contributions":{},"includedScopes":[]},"contributions":{},"includedScopes":[]}]},"contributions":{},"includedScopes":[]},"contributions":{},"includedScopes":[]},"sourceMap":{"end":{"column":33,"line":109,"offset":2885},"start":{"column":31,"line":109,"offset":2883}},"value":[{"id":"bcab12ef-c9cc-4d94-8527-535a3325bf82","metadata":[],"name":"wollok.lang.List","scope":{"containerScope":{"containerScope":{"containerScope":{"containerScope":{"containerScope":{"containerScope":{"containerScope":{"contributions":{},"includedScopes":[]},"contributions":{},"includedScopes":[]},"contributions":{},"includedScopes":[]},"contributions":{},"includedScopes":[]},"contributions":{},"includedScopes":[{"containerScope":{"containerScope":{"containerScope":{"contributions":{},"includedScopes":[]},"contributions":{},"includedScopes":[]},"contributions":{},"includedScopes":[]},"contributions":{},"includedScopes":[]}]},"contributions":{},"includedScopes":[]},"contributions":{},"includedScopes":[]},"contributions":{},"includedScopes":[]}},[]]}},{"id":"1726cb83-a20f-407b-8a0c-a09a593b5b8c","isConstant":true,"isProperty":true,"metadata":[],"name":"tematicas","scope":{"containerScope":{"containerScope":{"containerScope":{"containerScope":{"containerScope":{"contributions":{},"includedScopes":[]},"contributions":{},"includedScopes":[]},"contributions":{},"includedScopes":[]},"contributions":{},"includedScopes":[]},"contributions":{},"includedScopes":[{"containerScope":{"containerScope":{"containerScope":{"contributions":{},"includedScopes":[]},"contributions":{},"includedScopes":[]},"contributions":{},"includedScopes":[]},"contributions":{},"includedScopes":[]}]},"contributions":{},"includedScopes":[]},"sourceMap":{"end":{"column":32,"line":110,"offset":2918},"start":{"column":3,"line":110,"offset":2889}},"value":{"id":"66b755ed-2212-4fd5-9ddb-47b393f2a1c3","metadata":[],"scope":{"containerScope":{"containerScope":{"containerScope":{"containerScope":{"containerScope":{"containerScope":{"contributions":{},"includedScopes":[]},"contributions":{},"includedScopes":[]},"contributions":{},"includedScopes":[]},"contributions":{},"includedScopes":[]},"contributions":{},"includedScopes":[{"containerScope":{"containerScope":{"containerScope":{"contributions":{},"includedScopes":[]},"contributions":{},"includedScopes":[]},"contributions":{},"includedScopes":[]},"contributions":{},"includedScopes":[]}]},"contributions":{},"includedScopes":[]},"contributions":{},"includedScopes":[]},"sourceMap":{"end":{"column":32,"line":110,"offset":2918},"start":{"column":30,"line":110,"offset":2916}},"value":[{"id":"9a86a1be-a96a-4861-b7fc-03aca41a7473","metadata":[],"name":"wollok.lang.List","scope":{"containerScope":{"containerScope":{"containerScope":{"containerScope":{"containerScope":{"containerScope":{"containerScope":{"contributions":{},"includedScopes":[]},"contributions":{},"includedScopes":[]},"contributions":{},"includedScopes":[]},"contributions":{},"includedScopes":[]},"contributions":{},"includedScopes":[{"containerScope":{"containerScope":{"containerScope":{"contributions":{},"includedScopes":[]},"contributions":{},"includedScopes":[]},"contributions":{},"includedScopes":[]},"contributions":{},"includedScopes":[]}]},"contributions":{},"includedScopes":[]},"contributions":{},"includedScopes":[]},"contributions":{},"includedScopes":[]}},[]]}},{"id":"1a2b700d-3d68-43ae-bfa5-b33fd44a5110","isConstant":false,"isProperty":false,"metadata":[],"name":"emitido","scope":{"containerScope":{"containerScope":{"containerScope":{"containerScope":{"containerScope":{"contributions":{},"includedScopes":[]},"contributions":{},"includedScopes":[]},"contributions":{},"includedScopes":[]},"contributions":{},"includedScopes":[]},"contributions":{},"includedScopes":[{"containerScope":{"containerScope":{"containerScope":{"contributions":{},"includedScopes":[]},"contributions":{},"includedScopes":[]},"contributions":{},"includedScopes":[]},"contributions":{},"includedScopes":[]}]},"contributions":{},"includedScopes":[]},"sourceMap":{"end":{"column":22,"line":111,"offset":2941},"start":{"column":3,"line":111,"offset":2922}},"value":{"id":"d4659292-6b58-4c8f-9b90-fdd185b1aab4","metadata":[],"scope":{"containerScope":{"containerScope":{"containerScope":{"containerScope":{"containerScope":{"containerScope":{"contributions":{},"includedScopes":[]},"contributions":{},"includedScopes":[]},"contributions":{},"includedScopes":[]},"contributions":{},"includedScopes":[]},"contributions":{},"includedScopes":[{"containerScope":{"containerScope":{"containerScope":{"contributions":{},"includedScopes":[]},"contributions":{},"includedScopes":[]},"contributions":{},"includedScopes":[]},"contributions":{},"includedScopes":[]}]},"contributions":{},"includedScopes":[]},"contributions":{},"includedScopes":[]},"sourceMap":{"end":{"column":22,"line":111,"offset":2941},"start":{"column":17,"line":111,"offset":2936}},"value":false}},{"body":{"id":"cfc1b4a7-c510-4bd1-9d04-88f0e928b135","metadata":[],"problems":[],"scope":{"containerScope":{"containerScope":{"containerScope":{"containerScope":{"containerScope":{"containerScope":{"contributions":{},"includedScopes":[]},"contributions":{},"includedScopes":[]},"contributions":{},"includedScopes":[]},"contributions":{},"includedScopes":[]},"contributions":{},"includedScopes":[{"containerScope":{"containerScope":{"containerScope":{"contributions":{},"includedScopes":[]},"contributions":{},"includedScopes":[]},"contributions":{},"includedScopes":[]},"contributions":{},"includedScopes":[]}]},"contributions":{},"includedScopes":[]},"contributions":{},"includedScopes":[]},"sentences":[{"id":"2631b8ae-09f0-46ac-9f3b-ed69ff621ba6","metadata":[],"scope":{"containerScope":{"containerScope":{"containerScope":{"containerScope":{"containerScope":{"containerScope":{"containerScope":{"contributions":{},"includedScopes":[]},"contributions":{},"includedScopes":[]},"contributions":{},"includedScopes":[]},"contributions":{},"includedScopes":[]},"contributions":{},"includedScopes":[{"containerScope":{"containerScope":{"containerScope":{"contributions":{},"includedScopes":[]},"contributions":{},"includedScopes":[]},"contributions":{},"includedScopes":[]},"contributions":{},"includedScopes":[]}]},"contributions":{},"includedScopes":[]},"contributions":{},"includedScopes":[]},"contributions":{},"includedScopes":[]},"value":{"args":[{"args":[],"id":"98cdd8fe-406b-433b-8e52-b0fe03c98d1c","message":"mitadTematicasInteresantes","metadata":[],"receiver":{"id":"820c8405-64d2-46d5-9e93-1961cb5c1d8f","metadata":[],"scope":{"containerScope":{"containerScope":{"containerScope":{"containerScope":{"containerScope":{"containerScope":{"containerScope":{"containerScope":{"containerScope":{"containerScope":{"contributions":{},"includedScopes":[]},"contributions":{},"includedScopes":[]},"contributions":{},"includedScopes":[]},"contributions":{},"includedScopes":[]},"contributions":{},"includedScopes":[{"containerScope":{"containerScope":{"containerScope":{"contributions":{},"includedScopes":[]},"contributions":{},"includedScopes":[]},"contributions":{},"includedScopes":[]},"contributions":{},"includedScopes":[]}]},"contributions":{},"includedScopes":[]},"contributions":{},"includedScopes":[]},"contributions":{},"includedScopes":[]},"contributions":{},"includedScopes":[]},"contributions":{},"includedScopes":[]},"contributions":{},"includedScopes":[]},"sourceMap":{"end":{"column":65,"line":113,"offset":3009},"start":{"column":61,"line":113,"offset":3005}}},"scope":{"containerScope":{"containerScope":{"containerScope":{"containerScope":{"containerScope":{"containerScope":{"containerScope":{"containerScope":{"containerScope":{"contributions":{},"includedScopes":[]},"contributions":{},"includedScopes":[]},"contributions":{},"includedScopes":[]},"contributions":{},"includedScopes":[]},"contributions":{},"includedScopes":[{"containerScope":{"containerScope":{"containerScope":{"contributions":{},"includedScopes":[]},"contributions":{},"includedScopes":[]},"contributions":{},"includedScopes":[]},"contributions":{},"includedScopes":[]}]},"contributions":{},"includedScopes":[]},"contributions":{},"includedScopes":[]},"contributions":{},"includedScopes":[]},"contributions":{},"includedScopes":[]},"contributions":{},"includedScopes":[]},"sourceMap":{"end":{"column":94,"line":113,"offset":3038},"start":{"column":61,"line":113,"offset":3005}}}],"id":"d957f87c-e005-4dd8-b410-c4bc638bf632","message":"&&","metadata":[],"receiver":{"args":[{"id":"d21117ca-c507-4d4c-81c7-92e16216ac55","metadata":[],"scope":{"containerScope":{"containerScope":{"containerScope":{"containerScope":{"containerScope":{"containerScope":{"containerScope":{"containerScope":{"containerScope":{"containerScope":{"contributions":{},"includedScopes":[]},"contributions":{},"includedScopes":[]},"contributions":{},"includedScopes":[]},"contributions":{},"includedScopes":[]},"contributions":{},"includedScopes":[{"containerScope":{"containerScope":{"containerScope":{"contributions":{},"includedScopes":[]},"contributions":{},"includedScopes":[]},"contributions":{},"includedScopes":[]},"contributions":{},"includedScopes":[]}]},"contributions":{},"includedScopes":[]},"contributions":{},"includedScopes":[]},"contributions":{},"includedScopes":[]},"contributions":{},"includedScopes":[]},"contributions":{},"includedScopes":[]},"contributions":{},"includedScopes":[]},"sourceMap":{"end":{"column":57,"line":113,"offset":3001},"start":{"column":56,"line":113,"offset":3000}},"value":2}],"id":"80e51da0-947a-4a5c-8f58-2cd27bd7a9f8","message":">","metadata":[],"receiver":{"args":[],"id":"57c4a35b-369a-404c-9391-1773d8f4d006","message":"cantidadPanelistas","metadata":[],"receiver":{"id":"6957e73b-1515-4cdb-9d6f-2f5e70d66366","metadata":[],"scope":{"containerScope":{"containerScope":{"containerScope":{"containerScope":{"containerScope":{"containerScope":{"containerScope":{"containerScope":{"containerScope":{"containerScope":{"containerScope":{"contributions":{},"includedScopes":[]},"contributions":{},"includedScopes":[]},"contributions":{},"includedScopes":[]},"contributions":{},"includedScopes":[]},"contributions":{},"includedScopes":[{"containerScope":{"containerScope":{"containerScope":{"contributions":{},"includedScopes":[]},"contributions":{},"includedScopes":[]},"contributions":{},"includedScopes":[]},"contributions":{},"includedScopes":[]}]},"contributions":{},"includedScopes":[]},"contributions":{},"includedScopes":[]},"contributions":{},"includedScopes":[]},"contributions":{},"includedScopes":[]},"contributions":{},"includedScopes":[]},"contributions":{},"includedScopes":[]},"contributions":{},"includedScopes":[]},"sourceMap":{"end":{"column":32,"line":113,"offset":2976},"start":{"column":28,"line":113,"offset":2972}}},"scope":{"containerScope":{"containerScope":{"containerScope":{"containerScope":{"containerScope":{"containerScope":{"containerScope":{"containerScope":{"containerScope":{"containerScope":{"contributions":{},"includedScopes":[]},"contributions":{},"includedScopes":[]},"contributions":{},"includedScopes":[]},"contributions":{},"includedScopes":[]},"contributions":{},"includedScopes":[{"containerScope":{"containerScope":{"containerScope":{"contributions":{},"includedScopes":[]},"contributions":{},"includedScopes":[]},"contributions":{},"includedScopes":[]},"contributions":{},"includedScopes":[]}]},"contributions":{},"includedScopes":[]},"contributions":{},"includedScopes":[]},"contributions":{},"includedScopes":[]},"contributions":{},"includedScopes":[]},"contributions":{},"includedScopes":[]},"contributions":{},"includedScopes":[]},"sourceMap":{"end":{"column":53,"line":113,"offset":2997},"start":{"column":28,"line":113,"offset":2972}}},"scope":{"containerScope":{"containerScope":{"containerScope":{"containerScope":{"containerScope":{"containerScope":{"containerScope":{"containerScope":{"containerScope":{"contributions":{},"includedScopes":[]},"contributions":{},"includedScopes":[]},"contributions":{},"includedScopes":[]},"contributions":{},"includedScopes":[]},"contributions":{},"includedScopes":[{"containerScope":{"containerScope":{"containerScope":{"contributions":{},"includedScopes":[]},"contributions":{},"includedScopes":[]},"contributions":{},"includedScopes":[]},"contributions":{},"includedScopes":[]}]},"contributions":{},"includedScopes":[]},"contributions":{},"includedScopes":[]},"contributions":{},"includedScopes":[]},"contributions":{},"includedScopes":[]},"contributions":{},"includedScopes":[]},"sourceMap":{"end":{"column":57,"line":113,"offset":3001},"start":{"column":28,"line":113,"offset":2972}}},"scope":{"containerScope":{"containerScope":{"containerScope":{"containerScope":{"containerScope":{"containerScope":{"containerScope":{"containerScope":{"contributions":{},"includedScopes":[]},"contributions":{},"includedScopes":[]},"contributions":{},"includedScopes":[]},"contributions":{},"includedScopes":[]},"contributions":{},"includedScopes":[{"containerScope":{"containerScope":{"containerScope":{"contributions":{},"includedScopes":[]},"contributions":{},"includedScopes":[]},"contributions":{},"includedScopes":[]},"contributions":{},"includedScopes":[]}]},"contributions":{},"includedScopes":[]},"contributions":{},"includedScopes":[]},"contributions":{},"includedScopes":[]},"contributions":{},"includedScopes":[]},"sourceMap":{"end":{"column":94,"line":113,"offset":3038},"start":{"column":28,"line":113,"offset":2972}}}}],"sourceMap":{"end":{"column":94,"line":113,"offset":3038},"start":{"column":28,"line":113,"offset":2972}}},"compiled":false,"id":"3d834404-1ba4-4ff7-8af2-46d157607864","isOverride":false,"metadata":[],"name":"puedeEmitirse","parameters":[],"problems":[],"scope":{"containerScope":{"containerScope":{"containerScope":{"containerScope":{"containerScope":{"contributions":{},"includedScopes":[]},"contributions":{},"includedScopes":[]},"contributions":{},"includedScopes":[]},"contributions":{},"includedScopes":[]},"contributions":{},"includedScopes":[{"containerScope":{"containerScope":{"containerScope":{"contributions":{},"includedScopes":[]},"contributions":{},"includedScopes":[]},"contributions":{},"includedScopes":[]},"contributions":{},"includedScopes":[]}]},"contributions":{},"includedScopes":[]},"sourceMap":{"end":{"column":94,"line":113,"offset":3038},"start":{"column":3,"line":113,"offset":2947}}},{"body":{"id":"a1928771-41f6-4770-b7db-ee4f1b9b7ca1","metadata":[],"problems":[],"scope":{"containerScope":{"containerScope":{"containerScope":{"containerScope":{"containerScope":{"containerScope":{"contributions":{},"includedScopes":[]},"contributions":{},"includedScopes":[]},"contributions":{},"includedScopes":[]},"contributions":{},"includedScopes":[]},"contributions":{},"includedScopes":[{"containerScope":{"containerScope":{"containerScope":{"contributions":{},"includedScopes":[]},"contributions":{},"includedScopes":[]},"contributions":{},"includedScopes":[]},"contributions":{},"includedScopes":[]}]},"contributions":{},"includedScopes":[]},"contributions":{},"includedScopes":[]},"sentences":[{"id":"e8d32a44-9d57-418d-8c27-a0b3c78d930e","metadata":[],"scope":{"containerScope":{"containerScope":{"containerScope":{"containerScope":{"containerScope":{"containerScope":{"containerScope":{"contributions":{},"includedScopes":[]},"contributions":{},"includedScopes":[]},"contributions":{},"includedScopes":[]},"contributions":{},"includedScopes":[]},"contributions":{},"includedScopes":[{"containerScope":{"containerScope":{"containerScope":{"contributions":{},"includedScopes":[]},"contributions":{},"includedScopes":[]},"contributions":{},"includedScopes":[]},"contributions":{},"includedScopes":[]}]},"contributions":{},"includedScopes":[]},"contributions":{},"includedScopes":[]},"contributions":{},"includedScopes":[]},"value":{"args":[],"id":"6c64ee16-bb03-4211-9cfb-1a3d31f4a0e6","message":"size","metadata":[],"receiver":{"id":"4502a233-bee9-4ec7-a25d-075555920da7","metadata":[],"name":"panelistas","scope":{"containerScope":{"containerScope":{"containerScope":{"containerScope":{"containerScope":{"containerScope":{"containerScope":{"containerScope":{"containerScope":{"contributions":{},"includedScopes":[]},"contributions":{},"includedScopes":[]},"contributions":{},"includedScopes":[]},"contributions":{},"includedScopes":[]},"contributions":{},"includedScopes":[{"containerScope":{"containerScope":{"containerScope":{"contributions":{},"includedScopes":[]},"contributions":{},"includedScopes":[]},"contributions":{},"includedScopes":[]},"contributions":{},"includedScopes":[]}]},"contributions":{},"includedScopes":[]},"contributions":{},"includedScopes":[]},"contributions":{},"includedScopes":[]},"contributions":{},"includedScopes":[]},"contributions":{},"includedScopes":[]},"sourceMap":{"end":{"column":43,"line":115,"offset":3084},"start":{"column":33,"line":115,"offset":3074}}},"scope":{"containerScope":{"containerScope":{"containerScope":{"containerScope":{"containerScope":{"containerScope":{"containerScope":{"containerScope":{"contributions":{},"includedScopes":[]},"contributions":{},"includedScopes":[]},"contributions":{},"includedScopes":[]},"contributions":{},"includedScopes":[]},"contributions":{},"includedScopes":[{"containerScope":{"containerScope":{"containerScope":{"contributions":{},"includedScopes":[]},"contributions":{},"includedScopes":[]},"contributions":{},"includedScopes":[]},"contributions":{},"includedScopes":[]}]},"contributions":{},"includedScopes":[]},"contributions":{},"includedScopes":[]},"contributions":{},"includedScopes":[]},"contributions":{},"includedScopes":[]},"sourceMap":{"end":{"column":50,"line":115,"offset":3091},"start":{"column":33,"line":115,"offset":3074}}}}],"sourceMap":{"end":{"column":50,"line":115,"offset":3091},"start":{"column":33,"line":115,"offset":3074}}},"compiled":false,"id":"3b5f0937-fc2a-4529-8fba-2872c702f624","isOverride":false,"metadata":[],"name":"cantidadPanelistas","parameters":[],"problems":[],"scope":{"containerScope":{"containerScope":{"containerScope":{"containerScope":{"containerScope":{"contributions":{},"includedScopes":[]},"contributions":{},"includedScopes":[]},"contributions":{},"includedScopes":[]},"contributions":{},"includedScopes":[]},"contributions":{},"includedScopes":[{"containerScope":{"containerScope":{"containerScope":{"contributions":{},"includedScopes":[]},"contributions":{},"includedScopes":[]},"contributions":{},"includedScopes":[]},"contributions":{},"includedScopes":[]}]},"contributions":{},"includedScopes":[]},"sourceMap":{"end":{"column":50,"line":115,"offset":3091},"start":{"column":3,"line":115,"offset":3044}}},{"body":{"id":"a60f86ae-bccd-4131-aa6f-b75931acd113","metadata":[],"problems":[],"scope":{"containerScope":{"containerScope":{"containerScope":{"containerScope":{"containerScope":{"containerScope":{"contributions":{},"includedScopes":[]},"contributions":{},"includedScopes":[]},"contributions":{},"includedScopes":[]},"contributions":{},"includedScopes":[]},"contributions":{},"includedScopes":[{"containerScope":{"containerScope":{"containerScope":{"contributions":{},"includedScopes":[]},"contributions":{},"includedScopes":[]},"contributions":{},"includedScopes":[]},"contributions":{},"includedScopes":[]}]},"contributions":{},"includedScopes":[]},"contributions":{},"includedScopes":[]},"sentences":[{"id":"676f5b28-1c16-44e8-93de-6c6e18ad4f62","metadata":[],"scope":{"containerScope":{"containerScope":{"containerScope":{"containerScope":{"containerScope":{"containerScope":{"containerScope":{"contributions":{},"includedScopes":[]},"contributions":{},"includedScopes":[]},"contributions":{},"includedScopes":[]},"contributions":{},"includedScopes":[]},"contributions":{},"includedScopes":[{"containerScope":{"containerScope":{"containerScope":{"contributions":{},"includedScopes":[]},"contributions":{},"includedScopes":[]},"contributions":{},"includedScopes":[]},"contributions":{},"includedScopes":[]}]},"contributions":{},"includedScopes":[]},"contributions":{},"includedScopes":[]},"contributions":{},"includedScopes":[]},"value":{"id":"68d8e355-aad3-4afb-909d-d77efe6d53be","metadata":[],"name":"const","scope":{"containerScope":{"containerScope":{"containerScope":{"containerScope":{"containerScope":{"containerScope":{"containerScope":{"containerScope":{"contributions":{},"includedScopes":[]},"contributions":{},"includedScopes":[]},"contributions":{},"includedScopes":[]},"contributions":{},"includedScopes":[]},"contributions":{},"includedScopes":[{"containerScope":{"containerScope":{"containerScope":{"contributions":{},"includedScopes":[]},"contributions":{},"includedScopes":[]},"contributions":{},"includedScopes":[]},"contributions":{},"includedScopes":[]}]},"contributions":{},"includedScopes":[]},"contributions":{},"includedScopes":[]},"contributions":{},"includedScopes":[]},"contributions":{},"includedScopes":[]},"sourceMap":{"end":{"column":10,"line":117,"offset":3143},"start":{"column":5,"line":117,"offset":3138}}}}],"sourceMap":{"end":{"column":10,"line":117,"offset":3143},"start":{"column":5,"line":117,"offset":3138}}},"compiled":false,"id":"59324f09-9d3d-4136-b55d-ab5645699d53","isOverride":false,"metadata":[],"name":"mitadTematicasInteresantes","parameters":[],"problems":[],"scope":{"containerScope":{"containerScope":{"containerScope":{"containerScope":{"containerScope":{"contributions":{},"includedScopes":[]},"contributions":{},"includedScopes":[]},"contributions":{},"includedScopes":[]},"contributions":{},"includedScopes":[]},"contributions":{},"includedScopes":[{"containerScope":{"containerScope":{"containerScope":{"contributions":{},"includedScopes":[]},"contributions":{},"includedScopes":[]},"contributions":{},"includedScopes":[]},"contributions":{},"includedScopes":[]}]},"contributions":{},"includedScopes":[]},"sourceMap":{"end":{"column":10,"line":117,"offset":3143},"start":{"column":3,"line":116,"offset":3095}}},{"body":{"id":"b01ab4c0-4f89-4ba4-9f83-669372216aec","metadata":[],"scope":{"containerScope":{"containerScope":{"containerScope":{"containerScope":{"containerScope":{"containerScope":{"contributions":{},"includedScopes":[]},"contributions":{},"includedScopes":[]},"contributions":{},"includedScopes":[]},"contributions":{},"includedScopes":[]},"contributions":{},"includedScopes":[{"containerScope":{"containerScope":{"containerScope":{"contributions":{},"includedScopes":[]},"contributions":{},"includedScopes":[]},"contributions":{},"includedScopes":[]},"contributions":{},"includedScopes":[]}]},"contributions":{},"includedScopes":[]},"contributions":{},"includedScopes":[]},"sentences":[{"id":"eb6d0d7a-bc96-4e78-b1b8-30afffa2f3dd","metadata":[],"scope":{"containerScope":{"containerScope":{"containerScope":{"containerScope":{"containerScope":{"containerScope":{"containerScope":{"contributions":{},"includedScopes":[]},"contributions":{},"includedScopes":[]},"contributions":{},"includedScopes":[]},"contributions":{},"includedScopes":[]},"contributions":{},"includedScopes":[{"containerScope":{"containerScope":{"containerScope":{"contributions":{},"includedScopes":[]},"contributions":{},"includedScopes":[]},"contributions":{},"includedScopes":[]},"contributions":{},"includedScopes":[]}]},"contributions":{},"includedScopes":[]},"contributions":{},"includedScopes":[]},"contributions":{},"includedScopes":[]},"value":{"id":"2d22267c-fd9e-4c9d-81de-0a13c7c4eec4","metadata":[],"name":"panelistas","scope":{"containerScope":{"containerScope":{"containerScope":{"containerScope":{"containerScope":{"containerScope":{"containerScope":{"containerScope":{"contributions":{},"includedScopes":[]},"contributions":{},"includedScopes":[]},"contributions":{},"includedScopes":[]},"contributions":{},"includedScopes":[]},"contributions":{},"includedScopes":[{"containerScope":{"containerScope":{"containerScope":{"contributions":{},"includedScopes":[]},"contributions":{},"includedScopes":[]},"contributions":{},"includedScopes":[]},"contributions":{},"includedScopes":[]}]},"contributions":{},"includedScopes":[]},"contributions":{},"includedScopes":[]},"contributions":{},"includedScopes":[]},"contributions":{},"includedScopes":[]}}}]},"compiled":false,"id":"547ebde4-19ee-4dd9-8bf9-7c6c9bb5942f","isOverride":false,"metadata":[],"name":"panelistas","parameters":[],"scope":{"containerScope":{"containerScope":{"containerScope":{"containerScope":{"containerScope":{"contributions":{},"includedScopes":[]},"contributions":{},"includedScopes":[]},"contributions":{},"includedScopes":[]},"contributions":{},"includedScopes":[]},"contributions":{},"includedScopes":[{"containerScope":{"containerScope":{"containerScope":{"contributions":{},"includedScopes":[]},"contributions":{},"includedScopes":[]},"contributions":{},"includedScopes":[]},"contributions":{},"includedScopes":[]}]},"contributions":{},"includedScopes":[]}},{"body":{"id":"3c8ad875-638f-48d5-84f2-5b641d8f1dd9","metadata":[],"scope":{"containerScope":{"containerScope":{"containerScope":{"containerScope":{"containerScope":{"containerScope":{"contributions":{},"includedScopes":[]},"contributions":{},"includedScopes":[]},"contributions":{},"includedScopes":[]},"contributions":{},"includedScopes":[]},"contributions":{},"includedScopes":[{"containerScope":{"containerScope":{"containerScope":{"contributions":{},"includedScopes":[]},"contributions":{},"includedScopes":[]},"contributions":{},"includedScopes":[]},"contributions":{},"includedScopes":[]}]},"contributions":{},"includedScopes":[]},"contributions":{},"includedScopes":[]},"sentences":[{"id":"15f64b7d-7bcc-414c-aae8-a53e2ec79b41","metadata":[],"scope":{"containerScope":{"containerScope":{"containerScope":{"containerScope":{"containerScope":{"containerScope":{"containerScope":{"contributions":{},"includedScopes":[]},"contributions":{},"includedScopes":[]},"contributions":{},"includedScopes":[]},"contributions":{},"includedScopes":[]},"contributions":{},"includedScopes":[{"containerScope":{"containerScope":{"containerScope":{"contributions":{},"includedScopes":[]},"contributions":{},"includedScopes":[]},"contributions":{},"includedScopes":[]},"contributions":{},"includedScopes":[]}]},"contributions":{},"includedScopes":[]},"contributions":{},"includedScopes":[]},"contributions":{},"includedScopes":[]},"value":{"id":"652f2863-bd3e-454c-81b4-08563ea149f7","metadata":[],"name":"tematicas","scope":{"containerScope":{"containerScope":{"containerScope":{"containerScope":{"containerScope":{"containerScope":{"containerScope":{"containerScope":{"contributions":{},"includedScopes":[]},"contributions":{},"includedScopes":[]},"contributions":{},"includedScopes":[]},"contributions":{},"includedScopes":[]},"contributions":{},"includedScopes":[{"containerScope":{"containerScope":{"containerScope":{"contributions":{},"includedScopes":[]},"contributions":{},"includedScopes":[]},"contributions":{},"includedScopes":[]},"contributions":{},"includedScopes":[]}]},"contributions":{},"includedScopes":[]},"contributions":{},"includedScopes":[]},"contributions":{},"includedScopes":[]},"contributions":{},"includedScopes":[]}}}]},"compiled":false,"id":"af65bb70-b6fa-4ee5-a3d4-a48458e1a3fc","isOverride":false,"metadata":[],"name":"tematicas","parameters":[],"scope":{"containerScope":{"containerScope":{"containerScope":{"containerScope":{"containerScope":{"contributions":{},"includedScopes":[]},"contributions":{},"includedScopes":[]},"contributions":{},"includedScopes":[]},"contributions":{},"includedScopes":[]},"contributions":{},"includedScopes":[{"containerScope":{"containerScope":{"containerScope":{"contributions":{},"includedScopes":[]},"contributions":{},"includedScopes":[]},"contributions":{},"includedScopes":[]},"contributions":{},"includedScopes":[]}]},"contributions":{},"includedScopes":[]}}],"metadata":[],"name":"Programa","problems":[{"code":"malformedMember","sourceMap":{"end":{"column":88,"line":117,"offset":3221},"start":{"column":11,"line":117,"offset":3144}}},{"code":"malformedMember","sourceMap":{"end":{"column":50,"line":118,"offset":3272},"start":{"column":5,"line":118,"offset":3227}}}],"scope":{"containerScope":{"containerScope":{"containerScope":{"containerScope":{"contributions":{},"includedScopes":[]},"contributions":{},"includedScopes":[]},"contributions":{},"includedScopes":[]},"contributions":{},"includedScopes":[]},"contributions":{},"includedScopes":[{"containerScope":{"containerScope":{"containerScope":{"contributions":{},"includedScopes":[]},"contributions":{},"includedScopes":[]},"contributions":{},"includedScopes":[]},"contributions":{},"includedScopes":[]}]},"sourceMap":{"end":{"column":2,"line":119,"offset":3275},"start":{"column":1,"line":108,"offset":2835}},"supertypes":[]},"stack":"Error: Failed to print, found malformed node\n    at c:\\Users\\edu\\.vscode\\extensions\\uqbar.wollok-lsp-ide-0.5.3\\out\\server\\src\\server.js:68:3585\n    at Gbn (c:\\Users\\edu\\.vscode\\extensions\\uqbar.wollok-lsp-ide-0.5.3\\out\\server\\src\\server.js:68:3396)\n    at c:\\Users\\edu\\.vscode\\extensions\\uqbar.wollok-lsp-ide-0.5.3\\out\\server\\src\\server.js:2393:847\n    at c:\\Users\\edu\\.vscode\\extensions\\uqbar.wollok-lsp-ide-0.5.3\\out\\server\\src\\server.js:2393:8440\n    at c:\\Users\\edu\\.vscode\\extensions\\uqbar.wollok-lsp-ide-0.5.3\\out\\server\\src\\server.js:37:74770\n    at Ye (c:\\Users\\edu\\.vscode\\extensions\\uqbar.wollok-lsp-ide-0.5.3\\out\\server\\src\\server.js:7:8527)\n    at qt (c:\\Users\\edu\\.vscode\\extensions\\uqbar.wollok-lsp-ide-0.5.3\\out\\server\\src\\server.js:7:6189)\n    at ot (c:\\Users\\edu\\.vscode\\extensions\\uqbar.wollok-lsp-ide-0.5.3\\out\\server\\src\\server.js:7:6378)\n    at Immediate._onImmediate (c:\\Users\\edu\\.vscode\\extensions\\uqbar.wollok-lsp-ide-0.5.3\\out\\server\\src\\server.js:7:6142)\n    at process.processImmediate (node:internal/timers:485:21)","timestamp":"2025-12-12T02:49:38.263Z"}
{"level":"error","message":"✘ Failed to get type description: Error: Failed to print, found malformed node Failed to print, found malformed node","node":{"id":"a3204fc5-d125-4277-acb2-f272f094a96b","members":[{"id":"42301167-fbce-42fb-9772-500d20afb90a","isConstant":true,"isProperty":true,"metadata":[],"name":"panelistas","scope":{"containerScope":{"containerScope":{"containerScope":{"containerScope":{"containerScope":{"contributions":{},"includedScopes":[]},"contributions":{},"includedScopes":[]},"contributions":{},"includedScopes":[]},"contributions":{},"includedScopes":[]},"contributions":{},"includedScopes":[{"containerScope":{"containerScope":{"containerScope":{"contributions":{},"includedScopes":[]},"contributions":{},"includedScopes":[]},"contributions":{},"includedScopes":[]},"contributions":{},"includedScopes":[]}]},"contributions":{},"includedScopes":[]},"sourceMap":{"end":{"column":33,"line":109,"offset":2885},"start":{"column":3,"line":109,"offset":2855}},"value":{"id":"269fd070-e753-4f0f-8cb6-616c166b84fe","metadata":[],"scope":{"containerScope":{"containerScope":{"containerScope":{"containerScope":{"containerScope":{"containerScope":{"contributions":{},"includedScopes":[]},"contributions":{},"includedScopes":[]},"contributions":{},"includedScopes":[]},"contributions":{},"includedScopes":[]},"contributions":{},"includedScopes":[{"containerScope":{"containerScope":{"containerScope":{"contributions":{},"includedScopes":[]},"contributions":{},"includedScopes":[]},"contributions":{},"includedScopes":[]},"contributions":{},"includedScopes":[]}]},"contributions":{},"includedScopes":[]},"contributions":{},"includedScopes":[]},"sourceMap":{"end":{"column":33,"line":109,"offset":2885},"start":{"column":31,"line":109,"offset":2883}},"value":[{"id":"bcab12ef-c9cc-4d94-8527-535a3325bf82","metadata":[],"name":"wollok.lang.List","scope":{"containerScope":{"containerScope":{"containerScope":{"containerScope":{"containerScope":{"containerScope":{"containerScope":{"contributions":{},"includedScopes":[]},"contributions":{},"includedScopes":[]},"contributions":{},"includedScopes":[]},"contributions":{},"includedScopes":[]},"contributions":{},"includedScopes":[{"containerScope":{"containerScope":{"containerScope":{"contributions":{},"includedScopes":[]},"contributions":{},"includedScopes":[]},"contributions":{},"includedScopes":[]},"contributions":{},"includedScopes":[]}]},"contributions":{},"includedScopes":[]},"contributions":{},"includedScopes":[]},"contributions":{},"includedScopes":[]}},[]]}},{"id":"1726cb83-a20f-407b-8a0c-a09a593b5b8c","isConstant":true,"isProperty":true,"metadata":[],"name":"tematicas","scope":{"containerScope":{"containerScope":{"containerScope":{"containerScope":{"containerScope":{"contributions":{},"includedScopes":[]},"contributions":{},"includedScopes":[]},"contributions":{},"includedScopes":[]},"contributions":{},"includedScopes":[]},"contributions":{},"includedScopes":[{"containerScope":{"containerScope":{"containerScope":{"contributions":{},"includedScopes":[]},"contributions":{},"includedScopes":[]},"contributions":{},"includedScopes":[]},"contributions":{},"includedScopes":[]}]},"contributions":{},"includedScopes":[]},"sourceMap":{"end":{"column":32,"line":110,"offset":2918},"start":{"column":3,"line":110,"offset":2889}},"value":{"id":"66b755ed-2212-4fd5-9ddb-47b393f2a1c3","metadata":[],"scope":{"containerScope":{"containerScope":{"containerScope":{"containerScope":{"containerScope":{"containerScope":{"contributions":{},"includedScopes":[]},"contributions":{},"includedScopes":[]},"contributions":{},"includedScopes":[]},"contributions":{},"includedScopes":[]},"contributions":{},"includedScopes":[{"containerScope":{"containerScope":{"containerScope":{"contributions":{},"includedScopes":[]},"contributions":{},"includedScopes":[]},"contributions":{},"includedScopes":[]},"contributions":{},"includedScopes":[]}]},"contributions":{},"includedScopes":[]},"contributions":{},"includedScopes":[]},"sourceMap":{"end":{"column":32,"line":110,"offset":2918},"start":{"column":30,"line":110,"offset":2916}},"value":[{"id":"9a86a1be-a96a-4861-b7fc-03aca41a7473","metadata":[],"name":"wollok.lang.List","scope":{"containerScope":{"containerScope":{"containerScope":{"containerScope":{"containerScope":{"containerScope":{"containerScope":{"contributions":{},"includedScopes":[]},"contributions":{},"includedScopes":[]},"contributions":{},"includedScopes":[]},"contributions":{},"includedScopes":[]},"contributions":{},"includedScopes":[{"containerScope":{"containerScope":{"containerScope":{"contributions":{},"includedScopes":[]},"contributions":{},"includedScopes":[]},"contributions":{},"includedScopes":[]},"contributions":{},"includedScopes":[]}]},"contributions":{},"includedScopes":[]},"contributions":{},"includedScopes":[]},"contributions":{},"includedScopes":[]}},[]]}},{"id":"1a2b700d-3d68-43ae-bfa5-b33fd44a5110","isConstant":false,"isProperty":false,"metadata":[],"name":"emitido","scope":{"containerScope":{"containerScope":{"containerScope":{"containerScope":{"containerScope":{"contributions":{},"includedScopes":[]},"contributions":{},"includedScopes":[]},"contributions":{},"includedScopes":[]},"contributions":{},"includedScopes":[]},"contributions":{},"includedScopes":[{"containerScope":{"containerScope":{"containerScope":{"contributions":{},"includedScopes":[]},"contributions":{},"includedScopes":[]},"contributions":{},"includedScopes":[]},"contributions":{},"includedScopes":[]}]},"contributions":{},"includedScopes":[]},"sourceMap":{"end":{"column":22,"line":111,"offset":2941},"start":{"column":3,"line":111,"offset":2922}},"value":{"id":"d4659292-6b58-4c8f-9b90-fdd185b1aab4","metadata":[],"scope":{"containerScope":{"containerScope":{"containerScope":{"containerScope":{"containerScope":{"containerScope":{"contributions":{},"includedScopes":[]},"contributions":{},"includedScopes":[]},"contributions":{},"includedScopes":[]},"contributions":{},"includedScopes":[]},"contributions":{},"includedScopes":[{"containerScope":{"containerScope":{"containerScope":{"contributions":{},"includedScopes":[]},"contributions":{},"includedScopes":[]},"contributions":{},"includedScopes":[]},"contributions":{},"includedScopes":[]}]},"contributions":{},"includedScopes":[]},"contributions":{},"includedScopes":[]},"sourceMap":{"end":{"column":22,"line":111,"offset":2941},"start":{"column":17,"line":111,"offset":2936}},"value":false}},{"body":{"id":"cfc1b4a7-c510-4bd1-9d04-88f0e928b135","metadata":[],"problems":[],"scope":{"containerScope":{"containerScope":{"containerScope":{"containerScope":{"containerScope":{"containerScope":{"contributions":{},"includedScopes":[]},"contributions":{},"includedScopes":[]},"contributions":{},"includedScopes":[]},"contributions":{},"includedScopes":[]},"contributions":{},"includedScopes":[{"containerScope":{"containerScope":{"containerScope":{"contributions":{},"includedScopes":[]},"contributions":{},"includedScopes":[]},"contributions":{},"includedScopes":[]},"contributions":{},"includedScopes":[]}]},"contributions":{},"includedScopes":[]},"contributions":{},"includedScopes":[]},"sentences":[{"id":"2631b8ae-09f0-46ac-9f3b-ed69ff621ba6","metadata":[],"scope":{"containerScope":{"containerScope":{"containerScope":{"containerScope":{"containerScope":{"containerScope":{"containerScope":{"contributions":{},"includedScopes":[]},"contributions":{},"includedScopes":[]},"contributions":{},"includedScopes":[]},"contributions":{},"includedScopes":[]},"contributions":{},"includedScopes":[{"containerScope":{"containerScope":{"containerScope":{"contributions":{},"includedScopes":[]},"contributions":{},"includedScopes":[]},"contributions":{},"includedScopes":[]},"contributions":{},"includedScopes":[]}]},"contributions":{},"includedScopes":[]},"contributions":{},"includedScopes":[]},"contributions":{},"includedScopes":[]},"value":{"args":[{"args":[],"id":"98cdd8fe-406b-433b-8e52-b0fe03c98d1c","message":"mitadTematicasInteresantes","metadata":[],"receiver":{"id":"820c8405-64d2-46d5-9e93-1961cb5c1d8f","metadata":[],"scope":{"containerScope":{"containerScope":{"containerScope":{"containerScope":{"containerScope":{"containerScope":{"containerScope":{"containerScope":{"containerScope":{"containerScope":{"contributions":{},"includedScopes":[]},"contributions":{},"includedScopes":[]},"contributions":{},"includedScopes":[]},"contributions":{},"includedScopes":[]},"contributions":{},"includedScopes":[{"containerScope":{"containerScope":{"containerScope":{"contributions":{},"includedScopes":[]},"contributions":{},"includedScopes":[]},"contributions":{},"includedScopes":[]},"contributions":{},"includedScopes":[]}]},"contributions":{},"includedScopes":[]},"contributions":{},"includedScopes":[]},"contributions":{},"includedScopes":[]},"contributions":{},"includedScopes":[]},"contributions":{},"includedScopes":[]},"contributions":{},"includedScopes":[]},"sourceMap":{"end":{"column":65,"line":113,"offset":3009},"start":{"column":61,"line":113,"offset":3005}}},"scope":{"containerScope":{"containerScope":{"containerScope":{"containerScope":{"containerScope":{"containerScope":{"containerScope":{"containerScope":{"containerScope":{"contributions":{},"includedScopes":[]},"contributions":{},"includedScopes":[]},"contributions":{},"includedScopes":[]},"contributions":{},"includedScopes":[]},"contributions":{},"includedScopes":[{"containerScope":{"containerScope":{"containerScope":{"contributions":{},"includedScopes":[]},"contributions":{},"includedScopes":[]},"contributions":{},"includedScopes":[]},"contributions":{},"includedScopes":[]}]},"contributions":{},"includedScopes":[]},"contributions":{},"includedScopes":[]},"contributions":{},"includedScopes":[]},"contributions":{},"includedScopes":[]},"contributions":{},"includedScopes":[]},"sourceMap":{"end":{"column":94,"line":113,"offset":3038},"start":{"column":61,"line":113,"offset":3005}}}],"id":"d957f87c-e005-4dd8-b410-c4bc638bf632","message":"&&","metadata":[],"receiver":{"args":[{"id":"d21117ca-c507-4d4c-81c7-92e16216ac55","metadata":[],"scope":{"containerScope":{"containerScope":{"containerScope":{"containerScope":{"containerScope":{"containerScope":{"containerScope":{"containerScope":{"containerScope":{"containerScope":{"contributions":{},"includedScopes":[]},"contributions":{},"includedScopes":[]},"contributions":{},"includedScopes":[]},"contributions":{},"includedScopes":[]},"contributions":{},"includedScopes":[{"containerScope":{"containerScope":{"containerScope":{"contributions":{},"includedScopes":[]},"contributions":{},"includedScopes":[]},"contributions":{},"includedScopes":[]},"contributions":{},"includedScopes":[]}]},"contributions":{},"includedScopes":[]},"contributions":{},"includedScopes":[]},"contributions":{},"includedScopes":[]},"contributions":{},"includedScopes":[]},"contributions":{},"includedScopes":[]},"contributions":{},"includedScopes":[]},"sourceMap":{"end":{"column":57,"line":113,"offset":3001},"start":{"column":56,"line":113,"offset":3000}},"value":2}],"id":"80e51da0-947a-4a5c-8f58-2cd27bd7a9f8","message":">","metadata":[],"receiver":{"args":[],"id":"57c4a35b-369a-404c-9391-1773d8f4d006","message":"cantidadPanelistas","metadata":[],"receiver":{"id":"6957e73b-1515-4cdb-9d6f-2f5e70d66366","metadata":[],"scope":{"containerScope":{"containerScope":{"containerScope":{"containerScope":{"containerScope":{"containerScope":{"containerScope":{"containerScope":{"containerScope":{"containerScope":{"containerScope":{"contributions":{},"includedScopes":[]},"contributions":{},"includedScopes":[]},"contributions":{},"includedScopes":[]},"contributions":{},"includedScopes":[]},"contributions":{},"includedScopes":[{"containerScope":{"containerScope":{"containerScope":{"contributions":{},"includedScopes":[]},"contributions":{},"includedScopes":[]},"contributions":{},"includedScopes":[]},"contributions":{},"includedScopes":[]}]},"contributions":{},"includedScopes":[]},"contributions":{},"includedScopes":[]},"contributions":{},"includedScopes":[]},"contributions":{},"includedScopes":[]},"contributions":{},"includedScopes":[]},"contributions":{},"includedScopes":[]},"contributions":{},"includedScopes":[]},"sourceMap":{"end":{"column":32,"line":113,"offset":2976},"start":{"column":28,"line":113,"offset":2972}}},"scope":{"containerScope":{"containerScope":{"containerScope":{"containerScope":{"containerScope":{"containerScope":{"containerScope":{"containerScope":{"containerScope":{"containerScope":{"contributions":{},"includedScopes":[]},"contributions":{},"includedScopes":[]},"contributions":{},"includedScopes":[]},"contributions":{},"includedScopes":[]},"contributions":{},"includedScopes":[{"containerScope":{"containerScope":{"containerScope":{"contributions":{},"includedScopes":[]},"contributions":{},"includedScopes":[]},"contributions":{},"includedScopes":[]},"contributions":{},"includedScopes":[]}]},"contributions":{},"includedScopes":[]},"contributions":{},"includedScopes":[]},"contributions":{},"includedScopes":[]},"contributions":{},"includedScopes":[]},"contributions":{},"includedScopes":[]},"contributions":{},"includedScopes":[]},"sourceMap":{"end":{"column":53,"line":113,"offset":2997},"start":{"column":28,"line":113,"offset":2972}}},"scope":{"containerScope":{"containerScope":{"containerScope":{"containerScope":{"containerScope":{"containerScope":{"containerScope":{"containerScope":{"containerScope":{"contributions":{},"includedScopes":[]},"contributions":{},"includedScopes":[]},"contributions":{},"includedScopes":[]},"contributions":{},"includedScopes":[]},"contributions":{},"includedScopes":[{"containerScope":{"containerScope":{"containerScope":{"contributions":{},"includedScopes":[]},"contributions":{},"includedScopes":[]},"contributions":{},"includedScopes":[]},"contributions":{},"includedScopes":[]}]},"contributions":{},"includedScopes":[]},"contributions":{},"includedScopes":[]},"contributions":{},"includedScopes":[]},"contributions":{},"includedScopes":[]},"contributions":{},"includedScopes":[]},"sourceMap":{"end":{"column":57,"line":113,"offset":3001},"start":{"column":28,"line":113,"offset":2972}}},"scope":{"containerScope":{"containerScope":{"containerScope":{"containerScope":{"containerScope":{"containerScope":{"containerScope":{"containerScope":{"contributions":{},"includedScopes":[]},"contributions":{},"includedScopes":[]},"contributions":{},"includedScopes":[]},"contributions":{},"includedScopes":[]},"contributions":{},"includedScopes":[{"containerScope":{"containerScope":{"containerScope":{"contributions":{},"includedScopes":[]},"contributions":{},"includedScopes":[]},"contributions":{},"includedScopes":[]},"contributions":{},"includedScopes":[]}]},"contributions":{},"includedScopes":[]},"contributions":{},"includedScopes":[]},"contributions":{},"includedScopes":[]},"contributions":{},"includedScopes":[]},"sourceMap":{"end":{"column":94,"line":113,"offset":3038},"start":{"column":28,"line":113,"offset":2972}}}}],"sourceMap":{"end":{"column":94,"line":113,"offset":3038},"start":{"column":28,"line":113,"offset":2972}}},"compiled":false,"id":"3d834404-1ba4-4ff7-8af2-46d157607864","isOverride":false,"metadata":[],"name":"puedeEmitirse","parameters":[],"problems":[],"scope":{"containerScope":{"containerScope":{"containerScope":{"containerScope":{"containerScope":{"contributions":{},"includedScopes":[]},"contributions":{},"includedScopes":[]},"contributions":{},"includedScopes":[]},"contributions":{},"includedScopes":[]},"contributions":{},"includedScopes":[{"containerScope":{"containerScope":{"containerScope":{"contributions":{},"includedScopes":[]},"contributions":{},"includedScopes":[]},"contributions":{},"includedScopes":[]},"contributions":{},"includedScopes":[]}]},"contributions":{},"includedScopes":[]},"sourceMap":{"end":{"column":94,"line":113,"offset":3038},"start":{"column":3,"line":113,"offset":2947}}},{"body":{"id":"a1928771-41f6-4770-b7db-ee4f1b9b7ca1","metadata":[],"problems":[],"scope":{"containerScope":{"containerScope":{"containerScope":{"containerScope":{"containerScope":{"containerScope":{"contributions":{},"includedScopes":[]},"contributions":{},"includedScopes":[]},"contributions":{},"includedScopes":[]},"contributions":{},"includedScopes":[]},"contributions":{},"includedScopes":[{"containerScope":{"containerScope":{"containerScope":{"contributions":{},"includedScopes":[]},"contributions":{},"includedScopes":[]},"contributions":{},"includedScopes":[]},"contributions":{},"includedScopes":[]}]},"contributions":{},"includedScopes":[]},"contributions":{},"includedScopes":[]},"sentences":[{"id":"e8d32a44-9d57-418d-8c27-a0b3c78d930e","metadata":[],"scope":{"containerScope":{"containerScope":{"containerScope":{"containerScope":{"containerScope":{"containerScope":{"containerScope":{"contributions":{},"includedScopes":[]},"contributions":{},"includedScopes":[]},"contributions":{},"includedScopes":[]},"contributions":{},"includedScopes":[]},"contributions":{},"includedScopes":[{"containerScope":{"containerScope":{"containerScope":{"contributions":{},"includedScopes":[]},"contributions":{},"includedScopes":[]},"contributions":{},"includedScopes":[]},"contributions":{},"includedScopes":[]}]},"contributions":{},"includedScopes":[]},"contributions":{},"includedScopes":[]},"contributions":{},"includedScopes":[]},"value":{"args":[],"id":"6c64ee16-bb03-4211-9cfb-1a3d31f4a0e6","message":"size","metadata":[],"receiver":{"id":"4502a233-bee9-4ec7-a25d-075555920da7","metadata":[],"name":"panelistas","scope":{"containerScope":{"containerScope":{"containerScope":{"containerScope":{"containerScope":{"containerScope":{"containerScope":{"containerScope":{"containerScope":{"contributions":{},"includedScopes":[]},"contributions":{},"includedScopes":[]},"contributions":{},"includedScopes":[]},"contributions":{},"includedScopes":[]},"contributions":{},"includedScopes":[{"containerScope":{"containerScope":{"containerScope":{"contributions":{},"includedScopes":[]},"contributions":{},"includedScopes":[]},"contributions":{},"includedScopes":[]},"contributions":{},"includedScopes":[]}]},"contributions":{},"includedScopes":[]},"contributions":{},"includedScopes":[]},"contributions":{},"includedScopes":[]},"contributions":{},"includedScopes":[]},"contributions":{},"includedScopes":[]},"sourceMap":{"end":{"column":43,"line":115,"offset":3084},"start":{"column":33,"line":115,"offset":3074}}},"scope":{"containerScope":{"containerScope":{"containerScope":{"containerScope":{"containerScope":{"containerScope":{"containerScope":{"containerScope":{"contributions":{},"includedScopes":[]},"contributions":{},"includedScopes":[]},"contributions":{},"includedScopes":[]},"contributions":{},"includedScopes":[]},"contributions":{},"includedScopes":[{"containerScope":{"containerScope":{"containerScope":{"contributions":{},"includedScopes":[]},"contributions":{},"includedScopes":[]},"contributions":{},"includedScopes":[]},"contributions":{},"includedScopes":[]}]},"contributions":{},"includedScopes":[]},"contributions":{},"includedScopes":[]},"contributions":{},"includedScopes":[]},"contributions":{},"includedScopes":[]},"sourceMap":{"end":{"column":50,"line":115,"offset":3091},"start":{"column":33,"line":115,"offset":3074}}}}],"sourceMap":{"end":{"column":50,"line":115,"offset":3091},"start":{"column":33,"line":115,"offset":3074}}},"compiled":false,"id":"3b5f0937-fc2a-4529-8fba-2872c702f624","isOverride":false,"metadata":[],"name":"cantidadPanelistas","parameters":[],"problems":[],"scope":{"containerScope":{"containerScope":{"containerScope":{"containerScope":{"containerScope":{"contributions":{},"includedScopes":[]},"contributions":{},"includedScopes":[]},"contributions":{},"includedScopes":[]},"contributions":{},"includedScopes":[]},"contributions":{},"includedScopes":[{"containerScope":{"containerScope":{"containerScope":{"contributions":{},"includedScopes":[]},"contributions":{},"includedScopes":[]},"contributions":{},"includedScopes":[]},"contributions":{},"includedScopes":[]}]},"contributions":{},"includedScopes":[]},"sourceMap":{"end":{"column":50,"line":115,"offset":3091},"start":{"column":3,"line":115,"offset":3044}}},{"body":{"id":"a60f86ae-bccd-4131-aa6f-b75931acd113","metadata":[],"problems":[],"scope":{"containerScope":{"containerScope":{"containerScope":{"containerScope":{"containerScope":{"containerScope":{"contributions":{},"includedScopes":[]},"contributions":{},"includedScopes":[]},"contributions":{},"includedScopes":[]},"contributions":{},"includedScopes":[]},"contributions":{},"includedScopes":[{"containerScope":{"containerScope":{"containerScope":{"contributions":{},"includedScopes":[]},"contributions":{},"includedScopes":[]},"contributions":{},"includedScopes":[]},"contributions":{},"includedScopes":[]}]},"contributions":{},"includedScopes":[]},"contributions":{},"includedScopes":[]},"sentences":[{"id":"676f5b28-1c16-44e8-93de-6c6e18ad4f62","metadata":[],"scope":{"containerScope":{"containerScope":{"containerScope":{"containerScope":{"containerScope":{"containerScope":{"containerScope":{"contributions":{},"includedScopes":[]},"contributions":{},"includedScopes":[]},"contributions":{},"includedScopes":[]},"contributions":{},"includedScopes":[]},"contributions":{},"includedScopes":[{"containerScope":{"containerScope":{"containerScope":{"contributions":{},"includedScopes":[]},"contributions":{},"includedScopes":[]},"contributions":{},"includedScopes":[]},"contributions":{},"includedScopes":[]}]},"contributions":{},"includedScopes":[]},"contributions":{},"includedScopes":[]},"contributions":{},"includedScopes":[]},"value":{"id":"68d8e355-aad3-4afb-909d-d77efe6d53be","metadata":[],"name":"const","scope":{"containerScope":{"containerScope":{"containerScope":{"containerScope":{"containerScope":{"containerScope":{"containerScope":{"containerScope":{"contributions":{},"includedScopes":[]},"contributions":{},"includedScopes":[]},"contributions":{},"includedScopes":[]},"contributions":{},"includedScopes":[]},"contributions":{},"includedScopes":[{"containerScope":{"containerScope":{"containerScope":{"contributions":{},"includedScopes":[]},"contributions":{},"includedScopes":[]},"contributions":{},"includedScopes":[]},"contributions":{},"includedScopes":[]}]},"contributions":{},"includedScopes":[]},"contributions":{},"includedScopes":[]},"contributions":{},"includedScopes":[]},"contributions":{},"includedScopes":[]},"sourceMap":{"end":{"column":10,"line":117,"offset":3143},"start":{"column":5,"line":117,"offset":3138}}}}],"sourceMap":{"end":{"column":10,"line":117,"offset":3143},"start":{"column":5,"line":117,"offset":3138}}},"compiled":false,"id":"59324f09-9d3d-4136-b55d-ab5645699d53","isOverride":false,"metadata":[],"name":"mitadTematicasInteresantes","parameters":[],"problems":[],"scope":{"containerScope":{"containerScope":{"containerScope":{"containerScope":{"containerScope":{"contributions":{},"includedScopes":[]},"contributions":{},"includedScopes":[]},"contributions":{},"includedScopes":[]},"contributions":{},"includedScopes":[]},"contributions":{},"includedScopes":[{"containerScope":{"containerScope":{"containerScope":{"contributions":{},"includedScopes":[]},"contributions":{},"includedScopes":[]},"contributions":{},"includedScopes":[]},"contributions":{},"includedScopes":[]}]},"contributions":{},"includedScopes":[]},"sourceMap":{"end":{"column":10,"line":117,"offset":3143},"start":{"column":3,"line":116,"offset":3095}}},{"body":{"id":"b01ab4c0-4f89-4ba4-9f83-669372216aec","metadata":[],"scope":{"containerScope":{"containerScope":{"containerScope":{"containerScope":{"containerScope":{"containerScope":{"contributions":{},"includedScopes":[]},"contributions":{},"includedScopes":[]},"contributions":{},"includedScopes":[]},"contributions":{},"includedScopes":[]},"contributions":{},"includedScopes":[{"containerScope":{"containerScope":{"containerScope":{"contributions":{},"includedScopes":[]},"contributions":{},"includedScopes":[]},"contributions":{},"includedScopes":[]},"contributions":{},"includedScopes":[]}]},"contributions":{},"includedScopes":[]},"contributions":{},"includedScopes":[]},"sentences":[{"id":"eb6d0d7a-bc96-4e78-b1b8-30afffa2f3dd","metadata":[],"scope":{"containerScope":{"containerScope":{"containerScope":{"containerScope":{"containerScope":{"containerScope":{"containerScope":{"contributions":{},"includedScopes":[]},"contributions":{},"includedScopes":[]},"contributions":{},"includedScopes":[]},"contributions":{},"includedScopes":[]},"contributions":{},"includedScopes":[{"containerScope":{"containerScope":{"containerScope":{"contributions":{},"includedScopes":[]},"contributions":{},"includedScopes":[]},"contributions":{},"includedScopes":[]},"contributions":{},"includedScopes":[]}]},"contributions":{},"includedScopes":[]},"contributions":{},"includedScopes":[]},"contributions":{},"includedScopes":[]},"value":{"id":"2d22267c-fd9e-4c9d-81de-0a13c7c4eec4","metadata":[],"name":"panelistas","scope":{"containerScope":{"containerScope":{"containerScope":{"containerScope":{"containerScope":{"containerScope":{"containerScope":{"containerScope":{"contributions":{},"includedScopes":[]},"contributions":{},"includedScopes":[]},"contributions":{},"includedScopes":[]},"contributions":{},"includedScopes":[]},"contributions":{},"includedScopes":[{"containerScope":{"containerScope":{"containerScope":{"contributions":{},"includedScopes":[]},"contributions":{},"includedScopes":[]},"contributions":{},"includedScopes":[]},"contributions":{},"includedScopes":[]}]},"contributions":{},"includedScopes":[]},"contributions":{},"includedScopes":[]},"contributions":{},"includedScopes":[]},"contributions":{},"includedScopes":[]}}}]},"compiled":false,"id":"547ebde4-19ee-4dd9-8bf9-7c6c9bb5942f","isOverride":false,"metadata":[],"name":"panelistas","parameters":[],"scope":{"containerScope":{"containerScope":{"containerScope":{"containerScope":{"containerScope":{"contributions":{},"includedScopes":[]},"contributions":{},"includedScopes":[]},"contributions":{},"includedScopes":[]},"contributions":{},"includedScopes":[]},"contributions":{},"includedScopes":[{"containerScope":{"containerScope":{"containerScope":{"contributions":{},"includedScopes":[]},"contributions":{},"includedScopes":[]},"contributions":{},"includedScopes":[]},"contributions":{},"includedScopes":[]}]},"contributions":{},"includedScopes":[]}},{"body":{"id":"3c8ad875-638f-48d5-84f2-5b641d8f1dd9","metadata":[],"scope":{"containerScope":{"containerScope":{"containerScope":{"containerScope":{"containerScope":{"containerScope":{"contributions":{},"includedScopes":[]},"contributions":{},"includedScopes":[]},"contributions":{},"includedScopes":[]},"contributions":{},"includedScopes":[]},"contributions":{},"includedScopes":[{"containerScope":{"containerScope":{"containerScope":{"contributions":{},"includedScopes":[]},"contributions":{},"includedScopes":[]},"contributions":{},"includedScopes":[]},"contributions":{},"includedScopes":[]}]},"contributions":{},"includedScopes":[]},"contributions":{},"includedScopes":[]},"sentences":[{"id":"15f64b7d-7bcc-414c-aae8-a53e2ec79b41","metadata":[],"scope":{"containerScope":{"containerScope":{"containerScope":{"containerScope":{"containerScope":{"containerScope":{"containerScope":{"contributions":{},"includedScopes":[]},"contributions":{},"includedScopes":[]},"contributions":{},"includedScopes":[]},"contributions":{},"includedScopes":[]},"contributions":{},"includedScopes":[{"containerScope":{"containerScope":{"containerScope":{"contributions":{},"includedScopes":[]},"contributions":{},"includedScopes":[]},"contributions":{},"includedScopes":[]},"contributions":{},"includedScopes":[]}]},"contributions":{},"includedScopes":[]},"contributions":{},"includedScopes":[]},"contributions":{},"includedScopes":[]},"value":{"id":"652f2863-bd3e-454c-81b4-08563ea149f7","metadata":[],"name":"tematicas","scope":{"containerScope":{"containerScope":{"containerScope":{"containerScope":{"containerScope":{"containerScope":{"containerScope":{"containerScope":{"contributions":{},"includedScopes":[]},"contributions":{},"includedScopes":[]},"contributions":{},"includedScopes":[]},"contributions":{},"includedScopes":[]},"contributions":{},"includedScopes":[{"containerScope":{"containerScope":{"containerScope":{"contributions":{},"includedScopes":[]},"contributions":{},"includedScopes":[]},"contributions":{},"includedScopes":[]},"contributions":{},"includedScopes":[]}]},"contributions":{},"includedScopes":[]},"contributions":{},"includedScopes":[]},"contributions":{},"includedScopes":[]},"contributions":{},"includedScopes":[]}}}]},"compiled":false,"id":"af65bb70-b6fa-4ee5-a3d4-a48458e1a3fc","isOverride":false,"metadata":[],"name":"tematicas","parameters":[],"scope":{"containerScope":{"containerScope":{"containerScope":{"containerScope":{"containerScope":{"contributions":{},"includedScopes":[]},"contributions":{},"includedScopes":[]},"contributions":{},"includedScopes":[]},"contributions":{},"includedScopes":[]},"contributions":{},"includedScopes":[{"containerScope":{"containerScope":{"containerScope":{"contributions":{},"includedScopes":[]},"contributions":{},"includedScopes":[]},"contributions":{},"includedScopes":[]},"contributions":{},"includedScopes":[]}]},"contributions":{},"includedScopes":[]}}],"metadata":[],"name":"Programa","problems":[{"code":"malformedMember","sourceMap":{"end":{"column":88,"line":117,"offset":3221},"start":{"column":11,"line":117,"offset":3144}}},{"code":"malformedMember","sourceMap":{"end":{"column":50,"line":118,"offset":3272},"start":{"column":5,"line":118,"offset":3227}}}],"scope":{"containerScope":{"containerScope":{"containerScope":{"containerScope":{"contributions":{},"includedScopes":[]},"contributions":{},"includedScopes":[]},"contributions":{},"includedScopes":[]},"contributions":{},"includedScopes":[]},"contributions":{},"includedScopes":[{"containerScope":{"containerScope":{"containerScope":{"contributions":{},"includedScopes":[]},"contributions":{},"includedScopes":[]},"contributions":{},"includedScopes":[]},"contributions":{},"includedScopes":[]}]},"sourceMap":{"end":{"column":2,"line":119,"offset":3275},"start":{"column":1,"line":108,"offset":2835}},"supertypes":[]},"stack":"Error: Failed to print, found malformed node\n    at c:\\Users\\edu\\.vscode\\extensions\\uqbar.wollok-lsp-ide-0.5.3\\out\\server\\src\\server.js:68:3585\n    at Gbn (c:\\Users\\edu\\.vscode\\extensions\\uqbar.wollok-lsp-ide-0.5.3\\out\\server\\src\\server.js:68:3396)\n    at c:\\Users\\edu\\.vscode\\extensions\\uqbar.wollok-lsp-ide-0.5.3\\out\\server\\src\\server.js:2393:847\n    at c:\\Users\\edu\\.vscode\\extensions\\uqbar.wollok-lsp-ide-0.5.3\\out\\server\\src\\server.js:2393:8440\n    at c:\\Users\\edu\\.vscode\\extensions\\uqbar.wollok-lsp-ide-0.5.3\\out\\server\\src\\server.js:37:74770\n    at Ye (c:\\Users\\edu\\.vscode\\extensions\\uqbar.wollok-lsp-ide-0.5.3\\out\\server\\src\\server.js:7:8527)\n    at qt (c:\\Users\\edu\\.vscode\\extensions\\uqbar.wollok-lsp-ide-0.5.3\\out\\server\\src\\server.js:7:6189)\n    at ot (c:\\Users\\edu\\.vscode\\extensions\\uqbar.wollok-lsp-ide-0.5.3\\out\\server\\src\\server.js:7:6378)\n    at Immediate._onImmediate (c:\\Users\\edu\\.vscode\\extensions\\uqbar.wollok-lsp-ide-0.5.3\\out\\server\\src\\server.js:7:6142)\n    at process.processImmediate (node:internal/timers:485:21)","timestamp":"2025-12-12T02:49:38.582Z"}
{"level":"error","message":"✘ Failed to get type description: Error: Failed to print, found malformed node Failed to print, found malformed node","node":{"id":"a3204fc5-d125-4277-acb2-f272f094a96b","members":[{"id":"42301167-fbce-42fb-9772-500d20afb90a","isConstant":true,"isProperty":true,"metadata":[],"name":"panelistas","scope":{"containerScope":{"containerScope":{"containerScope":{"containerScope":{"containerScope":{"contributions":{},"includedScopes":[]},"contributions":{},"includedScopes":[]},"contributions":{},"includedScopes":[]},"contributions":{},"includedScopes":[]},"contributions":{},"includedScopes":[{"containerScope":{"containerScope":{"containerScope":{"contributions":{},"includedScopes":[]},"contributions":{},"includedScopes":[]},"contributions":{},"includedScopes":[]},"contributions":{},"includedScopes":[]}]},"contributions":{},"includedScopes":[]},"sourceMap":{"end":{"column":33,"line":109,"offset":2885},"start":{"column":3,"line":109,"offset":2855}},"value":{"id":"269fd070-e753-4f0f-8cb6-616c166b84fe","metadata":[],"scope":{"containerScope":{"containerScope":{"containerScope":{"containerScope":{"containerScope":{"containerScope":{"contributions":{},"includedScopes":[]},"contributions":{},"includedScopes":[]},"contributions":{},"includedScopes":[]},"contributions":{},"includedScopes":[]},"contributions":{},"includedScopes":[{"containerScope":{"containerScope":{"containerScope":{"contributions":{},"includedScopes":[]},"contributions":{},"includedScopes":[]},"contributions":{},"includedScopes":[]},"contributions":{},"includedScopes":[]}]},"contributions":{},"includedScopes":[]},"contributions":{},"includedScopes":[]},"sourceMap":{"end":{"column":33,"line":109,"offset":2885},"start":{"column":31,"line":109,"offset":2883}},"value":[{"id":"bcab12ef-c9cc-4d94-8527-535a3325bf82","metadata":[],"name":"wollok.lang.List","scope":{"containerScope":{"containerScope":{"containerScope":{"containerScope":{"containerScope":{"containerScope":{"containerScope":{"contributions":{},"includedScopes":[]},"contributions":{},"includedScopes":[]},"contributions":{},"includedScopes":[]},"contributions":{},"includedScopes":[]},"contributions":{},"includedScopes":[{"containerScope":{"containerScope":{"containerScope":{"contributions":{},"includedScopes":[]},"contributions":{},"includedScopes":[]},"contributions":{},"includedScopes":[]},"contributions":{},"includedScopes":[]}]},"contributions":{},"includedScopes":[]},"contributions":{},"includedScopes":[]},"contributions":{},"includedScopes":[]}},[]]}},{"id":"1726cb83-a20f-407b-8a0c-a09a593b5b8c","isConstant":true,"isProperty":true,"metadata":[],"name":"tematicas","scope":{"containerScope":{"containerScope":{"containerScope":{"containerScope":{"containerScope":{"contributions":{},"includedScopes":[]},"contributions":{},"includedScopes":[]},"contributions":{},"includedScopes":[]},"contributions":{},"includedScopes":[]},"contributions":{},"includedScopes":[{"containerScope":{"containerScope":{"containerScope":{"contributions":{},"includedScopes":[]},"contributions":{},"includedScopes":[]},"contributions":{},"includedScopes":[]},"contributions":{},"includedScopes":[]}]},"contributions":{},"includedScopes":[]},"sourceMap":{"end":{"column":32,"line":110,"offset":2918},"start":{"column":3,"line":110,"offset":2889}},"value":{"id":"66b755ed-2212-4fd5-9ddb-47b393f2a1c3","metadata":[],"scope":{"containerScope":{"containerScope":{"containerScope":{"containerScope":{"containerScope":{"containerScope":{"contributions":{},"includedScopes":[]},"contributions":{},"includedScopes":[]},"contributions":{},"includedScopes":[]},"contributions":{},"includedScopes":[]},"contributions":{},"includedScopes":[{"containerScope":{"containerScope":{"containerScope":{"contributions":{},"includedScopes":[]},"contributions":{},"includedScopes":[]},"contributions":{},"includedScopes":[]},"contributions":{},"includedScopes":[]}]},"contributions":{},"includedScopes":[]},"contributions":{},"includedScopes":[]},"sourceMap":{"end":{"column":32,"line":110,"offset":2918},"start":{"column":30,"line":110,"offset":2916}},"value":[{"id":"9a86a1be-a96a-4861-b7fc-03aca41a7473","metadata":[],"name":"wollok.lang.List","scope":{"containerScope":{"containerScope":{"containerScope":{"containerScope":{"containerScope":{"containerScope":{"containerScope":{"contributions":{},"includedScopes":[]},"contributions":{},"includedScopes":[]},"contributions":{},"includedScopes":[]},"contributions":{},"includedScopes":[]},"contributions":{},"includedScopes":[{"containerScope":{"containerScope":{"containerScope":{"contributions":{},"includedScopes":[]},"contributions":{},"includedScopes":[]},"contributions":{},"includedScopes":[]},"contributions":{},"includedScopes":[]}]},"contributions":{},"includedScopes":[]},"contributions":{},"includedScopes":[]},"contributions":{},"includedScopes":[]}},[]]}},{"id":"1a2b700d-3d68-43ae-bfa5-b33fd44a5110","isConstant":false,"isProperty":false,"metadata":[],"name":"emitido","scope":{"containerScope":{"containerScope":{"containerScope":{"containerScope":{"containerScope":{"contributions":{},"includedScopes":[]},"contributions":{},"includedScopes":[]},"contributions":{},"includedScopes":[]},"contributions":{},"includedScopes":[]},"contributions":{},"includedScopes":[{"containerScope":{"containerScope":{"containerScope":{"contributions":{},"includedScopes":[]},"contributions":{},"includedScopes":[]},"contributions":{},"includedScopes":[]},"contributions":{},"includedScopes":[]}]},"contributions":{},"includedScopes":[]},"sourceMap":{"end":{"column":22,"line":111,"offset":2941},"start":{"column":3,"line":111,"offset":2922}},"value":{"id":"d4659292-6b58-4c8f-9b90-fdd185b1aab4","metadata":[],"scope":{"containerScope":{"containerScope":{"containerScope":{"containerScope":{"containerScope":{"containerScope":{"contributions":{},"includedScopes":[]},"contributions":{},"includedScopes":[]},"contributions":{},"includedScopes":[]},"contributions":{},"includedScopes":[]},"contributions":{},"includedScopes":[{"containerScope":{"containerScope":{"containerScope":{"contributions":{},"includedScopes":[]},"contributions":{},"includedScopes":[]},"contributions":{},"includedScopes":[]},"contributions":{},"includedScopes":[]}]},"contributions":{},"includedScopes":[]},"contributions":{},"includedScopes":[]},"sourceMap":{"end":{"column":22,"line":111,"offset":2941},"start":{"column":17,"line":111,"offset":2936}},"value":false}},{"body":{"id":"cfc1b4a7-c510-4bd1-9d04-88f0e928b135","metadata":[],"problems":[],"scope":{"containerScope":{"containerScope":{"containerScope":{"containerScope":{"containerScope":{"containerScope":{"contributions":{},"includedScopes":[]},"contributions":{},"includedScopes":[]},"contributions":{},"includedScopes":[]},"contributions":{},"includedScopes":[]},"contributions":{},"includedScopes":[{"containerScope":{"containerScope":{"containerScope":{"contributions":{},"includedScopes":[]},"contributions":{},"includedScopes":[]},"contributions":{},"includedScopes":[]},"contributions":{},"includedScopes":[]}]},"contributions":{},"includedScopes":[]},"contributions":{},"includedScopes":[]},"sentences":[{"id":"2631b8ae-09f0-46ac-9f3b-ed69ff621ba6","metadata":[],"scope":{"containerScope":{"containerScope":{"containerScope":{"containerScope":{"containerScope":{"containerScope":{"containerScope":{"contributions":{},"includedScopes":[]},"contributions":{},"includedScopes":[]},"contributions":{},"includedScopes":[]},"contributions":{},"includedScopes":[]},"contributions":{},"includedScopes":[{"containerScope":{"containerScope":{"containerScope":{"contributions":{},"includedScopes":[]},"contributions":{},"includedScopes":[]},"contributions":{},"includedScopes":[]},"contributions":{},"includedScopes":[]}]},"contributions":{},"includedScopes":[]},"contributions":{},"includedScopes":[]},"contributions":{},"includedScopes":[]},"value":{"args":[{"args":[],"id":"98cdd8fe-406b-433b-8e52-b0fe03c98d1c","message":"mitadTematicasInteresantes","metadata":[],"receiver":{"id":"820c8405-64d2-46d5-9e93-1961cb5c1d8f","metadata":[],"scope":{"containerScope":{"containerScope":{"containerScope":{"containerScope":{"containerScope":{"containerScope":{"containerScope":{"containerScope":{"containerScope":{"containerScope":{"contributions":{},"includedScopes":[]},"contributions":{},"includedScopes":[]},"contributions":{},"includedScopes":[]},"contributions":{},"includedScopes":[]},"contributions":{},"includedScopes":[{"containerScope":{"containerScope":{"containerScope":{"contributions":{},"includedScopes":[]},"contributions":{},"includedScopes":[]},"contributions":{},"includedScopes":[]},"contributions":{},"includedScopes":[]}]},"contributions":{},"includedScopes":[]},"contributions":{},"includedScopes":[]},"contributions":{},"includedScopes":[]},"contributions":{},"includedScopes":[]},"contributions":{},"includedScopes":[]},"contributions":{},"includedScopes":[]},"sourceMap":{"end":{"column":65,"line":113,"offset":3009},"start":{"column":61,"line":113,"offset":3005}}},"scope":{"containerScope":{"containerScope":{"containerScope":{"containerScope":{"containerScope":{"containerScope":{"containerScope":{"containerScope":{"containerScope":{"contributions":{},"includedScopes":[]},"contributions":{},"includedScopes":[]},"contributions":{},"includedScopes":[]},"contributions":{},"includedScopes":[]},"contributions":{},"includedScopes":[{"containerScope":{"containerScope":{"containerScope":{"contributions":{},"includedScopes":[]},"contributions":{},"includedScopes":[]},"contributions":{},"includedScopes":[]},"contributions":{},"includedScopes":[]}]},"contributions":{},"includedScopes":[]},"contributions":{},"includedScopes":[]},"contributions":{},"includedScopes":[]},"contributions":{},"includedScopes":[]},"contributions":{},"includedScopes":[]},"sourceMap":{"end":{"column":94,"line":113,"offset":3038},"start":{"column":61,"line":113,"offset":3005}}}],"id":"d957f87c-e005-4dd8-b410-c4bc638bf632","message":"&&","metadata":[],"receiver":{"args":[{"id":"d21117ca-c507-4d4c-81c7-92e16216ac55","metadata":[],"scope":{"containerScope":{"containerScope":{"containerScope":{"containerScope":{"containerScope":{"containerScope":{"containerScope":{"containerScope":{"containerScope":{"containerScope":{"contributions":{},"includedScopes":[]},"contributions":{},"includedScopes":[]},"contributions":{},"includedScopes":[]},"contributions":{},"includedScopes":[]},"contributions":{},"includedScopes":[{"containerScope":{"containerScope":{"containerScope":{"contributions":{},"includedScopes":[]},"contributions":{},"includedScopes":[]},"contributions":{},"includedScopes":[]},"contributions":{},"includedScopes":[]}]},"contributions":{},"includedScopes":[]},"contributions":{},"includedScopes":[]},"contributions":{},"includedScopes":[]},"contributions":{},"includedScopes":[]},"contributions":{},"includedScopes":[]},"contributions":{},"includedScopes":[]},"sourceMap":{"end":{"column":57,"line":113,"offset":3001},"start":{"column":56,"line":113,"offset":3000}},"value":2}],"id":"80e51da0-947a-4a5c-8f58-2cd27bd7a9f8","message":">","metadata":[],"receiver":{"args":[],"id":"57c4a35b-369a-404c-9391-1773d8f4d006","message":"cantidadPanelistas","metadata":[],"receiver":{"id":"6957e73b-1515-4cdb-9d6f-2f5e70d66366","metadata":[],"scope":{"containerScope":{"containerScope":{"containerScope":{"containerScope":{"containerScope":{"containerScope":{"containerScope":{"containerScope":{"containerScope":{"containerScope":{"containerScope":{"contributions":{},"includedScopes":[]},"contributions":{},"includedScopes":[]},"contributions":{},"includedScopes":[]},"contributions":{},"includedScopes":[]},"contributions":{},"includedScopes":[{"containerScope":{"containerScope":{"containerScope":{"contributions":{},"includedScopes":[]},"contributions":{},"includedScopes":[]},"contributions":{},"includedScopes":[]},"contributions":{},"includedScopes":[]}]},"contributions":{},"includedScopes":[]},"contributions":{},"includedScopes":[]},"contributions":{},"includedScopes":[]},"contributions":{},"includedScopes":[]},"contributions":{},"includedScopes":[]},"contributions":{},"includedScopes":[]},"contributions":{},"includedScopes":[]},"sourceMap":{"end":{"column":32,"line":113,"offset":2976},"start":{"column":28,"line":113,"offset":2972}}},"scope":{"containerScope":{"containerScope":{"containerScope":{"containerScope":{"containerScope":{"containerScope":{"containerScope":{"containerScope":{"containerScope":{"containerScope":{"contributions":{},"includedScopes":[]},"contributions":{},"includedScopes":[]},"contributions":{},"includedScopes":[]},"contributions":{},"includedScopes":[]},"contributions":{},"includedScopes":[{"containerScope":{"containerScope":{"containerScope":{"contributions":{},"includedScopes":[]},"contributions":{},"includedScopes":[]},"contributions":{},"includedScopes":[]},"contributions":{},"includedScopes":[]}]},"contributions":{},"includedScopes":[]},"contributions":{},"includedScopes":[]},"contributions":{},"includedScopes":[]},"contributions":{},"includedScopes":[]},"contributions":{},"includedScopes":[]},"contributions":{},"includedScopes":[]},"sourceMap":{"end":{"column":53,"line":113,"offset":2997},"start":{"column":28,"line":113,"offset":2972}}},"scope":{"containerScope":{"containerScope":{"containerScope":{"containerScope":{"containerScope":{"containerScope":{"containerScope":{"containerScope":{"containerScope":{"contributions":{},"includedScopes":[]},"contributions":{},"includedScopes":[]},"contributions":{},"includedScopes":[]},"contributions":{},"includedScopes":[]},"contributions":{},"includedScopes":[{"containerScope":{"containerScope":{"containerScope":{"contributions":{},"includedScopes":[]},"contributions":{},"includedScopes":[]},"contributions":{},"includedScopes":[]},"contributions":{},"includedScopes":[]}]},"contributions":{},"includedScopes":[]},"contributions":{},"includedScopes":[]},"contributions":{},"includedScopes":[]},"contributions":{},"includedScopes":[]},"contributions":{},"includedScopes":[]},"sourceMap":{"end":{"column":57,"line":113,"offset":3001},"start":{"column":28,"line":113,"offset":2972}}},"scope":{"containerScope":{"containerScope":{"containerScope":{"containerScope":{"containerScope":{"containerScope":{"containerScope":{"containerScope":{"contributions":{},"includedScopes":[]},"contributions":{},"includedScopes":[]},"contributions":{},"includedScopes":[]},"contributions":{},"includedScopes":[]},"contributions":{},"includedScopes":[{"containerScope":{"containerScope":{"containerScope":{"contributions":{},"includedScopes":[]},"contributions":{},"includedScopes":[]},"contributions":{},"includedScopes":[]},"contributions":{},"includedScopes":[]}]},"contributions":{},"includedScopes":[]},"contributions":{},"includedScopes":[]},"contributions":{},"includedScopes":[]},"contributions":{},"includedScopes":[]},"sourceMap":{"end":{"column":94,"line":113,"offset":3038},"start":{"column":28,"line":113,"offset":2972}}}}],"sourceMap":{"end":{"column":94,"line":113,"offset":3038},"start":{"column":28,"line":113,"offset":2972}}},"compiled":false,"id":"3d834404-1ba4-4ff7-8af2-46d157607864","isOverride":false,"metadata":[],"name":"puedeEmitirse","parameters":[],"problems":[],"scope":{"containerScope":{"containerScope":{"containerScope":{"containerScope":{"containerScope":{"contributions":{},"includedScopes":[]},"contributions":{},"includedScopes":[]},"contributions":{},"includedScopes":[]},"contributions":{},"includedScopes":[]},"contributions":{},"includedScopes":[{"containerScope":{"containerScope":{"containerScope":{"contributions":{},"includedScopes":[]},"contributions":{},"includedScopes":[]},"contributions":{},"includedScopes":[]},"contributions":{},"includedScopes":[]}]},"contributions":{},"includedScopes":[]},"sourceMap":{"end":{"column":94,"line":113,"offset":3038},"start":{"column":3,"line":113,"offset":2947}}},{"body":{"id":"a1928771-41f6-4770-b7db-ee4f1b9b7ca1","metadata":[],"problems":[],"scope":{"containerScope":{"containerScope":{"containerScope":{"containerScope":{"containerScope":{"containerScope":{"contributions":{},"includedScopes":[]},"contributions":{},"includedScopes":[]},"contributions":{},"includedScopes":[]},"contributions":{},"includedScopes":[]},"contributions":{},"includedScopes":[{"containerScope":{"containerScope":{"containerScope":{"contributions":{},"includedScopes":[]},"contributions":{},"includedScopes":[]},"contributions":{},"includedScopes":[]},"contributions":{},"includedScopes":[]}]},"contributions":{},"includedScopes":[]},"contributions":{},"includedScopes":[]},"sentences":[{"id":"e8d32a44-9d57-418d-8c27-a0b3c78d930e","metadata":[],"scope":{"containerScope":{"containerScope":{"containerScope":{"containerScope":{"containerScope":{"containerScope":{"containerScope":{"contributions":{},"includedScopes":[]},"contributions":{},"includedScopes":[]},"contributions":{},"includedScopes":[]},"contributions":{},"includedScopes":[]},"contributions":{},"includedScopes":[{"containerScope":{"containerScope":{"containerScope":{"contributions":{},"includedScopes":[]},"contributions":{},"includedScopes":[]},"contributions":{},"includedScopes":[]},"contributions":{},"includedScopes":[]}]},"contributions":{},"includedScopes":[]},"contributions":{},"includedScopes":[]},"contributions":{},"includedScopes":[]},"value":{"args":[],"id":"6c64ee16-bb03-4211-9cfb-1a3d31f4a0e6","message":"size","metadata":[],"receiver":{"id":"4502a233-bee9-4ec7-a25d-075555920da7","metadata":[],"name":"panelistas","scope":{"containerScope":{"containerScope":{"containerScope":{"containerScope":{"containerScope":{"containerScope":{"containerScope":{"containerScope":{"containerScope":{"contributions":{},"includedScopes":[]},"contributions":{},"includedScopes":[]},"contributions":{},"includedScopes":[]},"contributions":{},"includedScopes":[]},"contributions":{},"includedScopes":[{"containerScope":{"containerScope":{"containerScope":{"contributions":{},"includedScopes":[]},"contributions":{},"includedScopes":[]},"contributions":{},"includedScopes":[]},"contributions":{},"includedScopes":[]}]},"contributions":{},"includedScopes":[]},"contributions":{},"includedScopes":[]},"contributions":{},"includedScopes":[]},"contributions":{},"includedScopes":[]},"contributions":{},"includedScopes":[]},"sourceMap":{"end":{"column":43,"line":115,"offset":3084},"start":{"column":33,"line":115,"offset":3074}}},"scope":{"containerScope":{"containerScope":{"containerScope":{"containerScope":{"containerScope":{"containerScope":{"containerScope":{"containerScope":{"contributions":{},"includedScopes":[]},"contributions":{},"includedScopes":[]},"contributions":{},"includedScopes":[]},"contributions":{},"includedScopes":[]},"contributions":{},"includedScopes":[{"containerScope":{"containerScope":{"containerScope":{"contributions":{},"includedScopes":[]},"contributions":{},"includedScopes":[]},"contributions":{},"includedScopes":[]},"contributions":{},"includedScopes":[]}]},"contributions":{},"includedScopes":[]},"contributions":{},"includedScopes":[]},"contributions":{},"includedScopes":[]},"contributions":{},"includedScopes":[]},"sourceMap":{"end":{"column":50,"line":115,"offset":3091},"start":{"column":33,"line":115,"offset":3074}}}}],"sourceMap":{"end":{"column":50,"line":115,"offset":3091},"start":{"column":33,"line":115,"offset":3074}}},"compiled":false,"id":"3b5f0937-fc2a-4529-8fba-2872c702f624","isOverride":false,"metadata":[],"name":"cantidadPanelistas","parameters":[],"problems":[],"scope":{"containerScope":{"containerScope":{"containerScope":{"containerScope":{"containerScope":{"contributions":{},"includedScopes":[]},"contributions":{},"includedScopes":[]},"contributions":{},"includedScopes":[]},"contributions":{},"includedScopes":[]},"contributions":{},"includedScopes":[{"containerScope":{"containerScope":{"containerScope":{"contributions":{},"includedScopes":[]},"contributions":{},"includedScopes":[]},"contributions":{},"includedScopes":[]},"contributions":{},"includedScopes":[]}]},"contributions":{},"includedScopes":[]},"sourceMap":{"end":{"column":50,"line":115,"offset":3091},"start":{"column":3,"line":115,"offset":3044}}},{"body":{"id":"a60f86ae-bccd-4131-aa6f-b75931acd113","metadata":[],"problems":[],"scope":{"containerScope":{"containerScope":{"containerScope":{"containerScope":{"containerScope":{"containerScope":{"contributions":{},"includedScopes":[]},"contributions":{},"includedScopes":[]},"contributions":{},"includedScopes":[]},"contributions":{},"includedScopes":[]},"contributions":{},"includedScopes":[{"containerScope":{"containerScope":{"containerScope":{"contributions":{},"includedScopes":[]},"contributions":{},"includedScopes":[]},"contributions":{},"includedScopes":[]},"contributions":{},"includedScopes":[]}]},"contributions":{},"includedScopes":[]},"contributions":{},"includedScopes":[]},"sentences":[{"id":"676f5b28-1c16-44e8-93de-6c6e18ad4f62","metadata":[],"scope":{"containerScope":{"containerScope":{"containerScope":{"containerScope":{"containerScope":{"containerScope":{"containerScope":{"contributions":{},"includedScopes":[]},"contributions":{},"includedScopes":[]},"contributions":{},"includedScopes":[]},"contributions":{},"includedScopes":[]},"contributions":{},"includedScopes":[{"containerScope":{"containerScope":{"containerScope":{"contributions":{},"includedScopes":[]},"contributions":{},"includedScopes":[]},"contributions":{},"includedScopes":[]},"contributions":{},"includedScopes":[]}]},"contributions":{},"includedScopes":[]},"contributions":{},"includedScopes":[]},"contributions":{},"includedScopes":[]},"value":{"id":"68d8e355-aad3-4afb-909d-d77efe6d53be","metadata":[],"name":"const","scope":{"containerScope":{"containerScope":{"containerScope":{"containerScope":{"containerScope":{"containerScope":{"containerScope":{"containerScope":{"contributions":{},"includedScopes":[]},"contributions":{},"includedScopes":[]},"contributions":{},"includedScopes":[]},"contributions":{},"includedScopes":[]},"contributions":{},"includedScopes":[{"containerScope":{"containerScope":{"containerScope":{"contributions":{},"includedScopes":[]},"contributions":{},"includedScopes":[]},"contributions":{},"includedScopes":[]},"contributions":{},"includedScopes":[]}]},"contributions":{},"includedScopes":[]},"contributions":{},"includedScopes":[]},"contributions":{},"includedScopes":[]},"contributions":{},"includedScopes":[]},"sourceMap":{"end":{"column":10,"line":117,"offset":3143},"start":{"column":5,"line":117,"offset":3138}}}}],"sourceMap":{"end":{"column":10,"line":117,"offset":3143},"start":{"column":5,"line":117,"offset":3138}}},"compiled":false,"id":"59324f09-9d3d-4136-b55d-ab5645699d53","isOverride":false,"metadata":[],"name":"mitadTematicasInteresantes","parameters":[],"problems":[],"scope":{"containerScope":{"containerScope":{"containerScope":{"containerScope":{"containerScope":{"contributions":{},"includedScopes":[]},"contributions":{},"includedScopes":[]},"contributions":{},"includedScopes":[]},"contributions":{},"includedScopes":[]},"contributions":{},"includedScopes":[{"containerScope":{"containerScope":{"containerScope":{"contributions":{},"includedScopes":[]},"contributions":{},"includedScopes":[]},"contributions":{},"includedScopes":[]},"contributions":{},"includedScopes":[]}]},"contributions":{},"includedScopes":[]},"sourceMap":{"end":{"column":10,"line":117,"offset":3143},"start":{"column":3,"line":116,"offset":3095}}},{"body":{"id":"b01ab4c0-4f89-4ba4-9f83-669372216aec","metadata":[],"scope":{"containerScope":{"containerScope":{"containerScope":{"containerScope":{"containerScope":{"containerScope":{"contributions":{},"includedScopes":[]},"contributions":{},"includedScopes":[]},"contributions":{},"includedScopes":[]},"contributions":{},"includedScopes":[]},"contributions":{},"includedScopes":[{"containerScope":{"containerScope":{"containerScope":{"contributions":{},"includedScopes":[]},"contributions":{},"includedScopes":[]},"contributions":{},"includedScopes":[]},"contributions":{},"includedScopes":[]}]},"contributions":{},"includedScopes":[]},"contributions":{},"includedScopes":[]},"sentences":[{"id":"eb6d0d7a-bc96-4e78-b1b8-30afffa2f3dd","metadata":[],"scope":{"containerScope":{"containerScope":{"containerScope":{"containerScope":{"containerScope":{"containerScope":{"containerScope":{"contributions":{},"includedScopes":[]},"contributions":{},"includedScopes":[]},"contributions":{},"includedScopes":[]},"contributions":{},"includedScopes":[]},"contributions":{},"includedScopes":[{"containerScope":{"containerScope":{"containerScope":{"contributions":{},"includedScopes":[]},"contributions":{},"includedScopes":[]},"contributions":{},"includedScopes":[]},"contributions":{},"includedScopes":[]}]},"contributions":{},"includedScopes":[]},"contributions":{},"includedScopes":[]},"contributions":{},"includedScopes":[]},"value":{"id":"2d22267c-fd9e-4c9d-81de-0a13c7c4eec4","metadata":[],"name":"panelistas","scope":{"containerScope":{"containerScope":{"containerScope":{"containerScope":{"containerScope":{"containerScope":{"containerScope":{"containerScope":{"contributions":{},"includedScopes":[]},"contributions":{},"includedScopes":[]},"contributions":{},"includedScopes":[]},"contributions":{},"includedScopes":[]},"contributions":{},"includedScopes":[{"containerScope":{"containerScope":{"containerScope":{"contributions":{},"includedScopes":[]},"contributions":{},"includedScopes":[]},"contributions":{},"includedScopes":[]},"contributions":{},"includedScopes":[]}]},"contributions":{},"includedScopes":[]},"contributions":{},"includedScopes":[]},"contributions":{},"includedScopes":[]},"contributions":{},"includedScopes":[]}}}]},"compiled":false,"id":"547ebde4-19ee-4dd9-8bf9-7c6c9bb5942f","isOverride":false,"metadata":[],"name":"panelistas","parameters":[],"scope":{"containerScope":{"containerScope":{"containerScope":{"containerScope":{"containerScope":{"contributions":{},"includedScopes":[]},"contributions":{},"includedScopes":[]},"contributions":{},"includedScopes":[]},"contributions":{},"includedScopes":[]},"contributions":{},"includedScopes":[{"containerScope":{"containerScope":{"containerScope":{"contributions":{},"includedScopes":[]},"contributions":{},"includedScopes":[]},"contributions":{},"includedScopes":[]},"contributions":{},"includedScopes":[]}]},"contributions":{},"includedScopes":[]}},{"body":{"id":"3c8ad875-638f-48d5-84f2-5b641d8f1dd9","metadata":[],"scope":{"containerScope":{"containerScope":{"containerScope":{"containerScope":{"containerScope":{"containerScope":{"contributions":{},"includedScopes":[]},"contributions":{},"includedScopes":[]},"contributions":{},"includedScopes":[]},"contributions":{},"includedScopes":[]},"contributions":{},"includedScopes":[{"containerScope":{"containerScope":{"containerScope":{"contributions":{},"includedScopes":[]},"contributions":{},"includedScopes":[]},"contributions":{},"includedScopes":[]},"contributions":{},"includedScopes":[]}]},"contributions":{},"includedScopes":[]},"contributions":{},"includedScopes":[]},"sentences":[{"id":"15f64b7d-7bcc-414c-aae8-a53e2ec79b41","metadata":[],"scope":{"containerScope":{"containerScope":{"containerScope":{"containerScope":{"containerScope":{"containerScope":{"containerScope":{"contributions":{},"includedScopes":[]},"contributions":{},"includedScopes":[]},"contributions":{},"includedScopes":[]},"contributions":{},"includedScopes":[]},"contributions":{},"includedScopes":[{"containerScope":{"containerScope":{"containerScope":{"contributions":{},"includedScopes":[]},"contributions":{},"includedScopes":[]},"contributions":{},"includedScopes":[]},"contributions":{},"includedScopes":[]}]},"contributions":{},"includedScopes":[]},"contributions":{},"includedScopes":[]},"contributions":{},"includedScopes":[]},"value":{"id":"652f2863-bd3e-454c-81b4-08563ea149f7","metadata":[],"name":"tematicas","scope":{"containerScope":{"containerScope":{"containerScope":{"containerScope":{"containerScope":{"containerScope":{"containerScope":{"containerScope":{"contributions":{},"includedScopes":[]},"contributions":{},"includedScopes":[]},"contributions":{},"includedScopes":[]},"contributions":{},"includedScopes":[]},"contributions":{},"includedScopes":[{"containerScope":{"containerScope":{"containerScope":{"contributions":{},"includedScopes":[]},"contributions":{},"includedScopes":[]},"contributions":{},"includedScopes":[]},"contributions":{},"includedScopes":[]}]},"contributions":{},"includedScopes":[]},"contributions":{},"includedScopes":[]},"contributions":{},"includedScopes":[]},"contributions":{},"includedScopes":[]}}}]},"compiled":false,"id":"af65bb70-b6fa-4ee5-a3d4-a48458e1a3fc","isOverride":false,"metadata":[],"name":"tematicas","parameters":[],"scope":{"containerScope":{"containerScope":{"containerScope":{"containerScope":{"containerScope":{"contributions":{},"includedScopes":[]},"contributions":{},"includedScopes":[]},"contributions":{},"includedScopes":[]},"contributions":{},"includedScopes":[]},"contributions":{},"includedScopes":[{"containerScope":{"containerScope":{"containerScope":{"contributions":{},"includedScopes":[]},"contributions":{},"includedScopes":[]},"contributions":{},"includedScopes":[]},"contributions":{},"includedScopes":[]}]},"contributions":{},"includedScopes":[]}}],"metadata":[],"name":"Programa","problems":[{"code":"malformedMember","sourceMap":{"end":{"column":88,"line":117,"offset":3221},"start":{"column":11,"line":117,"offset":3144}}},{"code":"malformedMember","sourceMap":{"end":{"column":50,"line":118,"offset":3272},"start":{"column":5,"line":118,"offset":3227}}}],"scope":{"containerScope":{"containerScope":{"containerScope":{"containerScope":{"contributions":{},"includedScopes":[]},"contributions":{},"includedScopes":[]},"contributions":{},"includedScopes":[]},"contributions":{},"includedScopes":[]},"contributions":{},"includedScopes":[{"containerScope":{"containerScope":{"containerScope":{"contributions":{},"includedScopes":[]},"contributions":{},"includedScopes":[]},"contributions":{},"includedScopes":[]},"contributions":{},"includedScopes":[]}]},"sourceMap":{"end":{"column":2,"line":119,"offset":3275},"start":{"column":1,"line":108,"offset":2835}},"supertypes":[]},"stack":"Error: Failed to print, found malformed node\n    at c:\\Users\\edu\\.vscode\\extensions\\uqbar.wollok-lsp-ide-0.5.3\\out\\server\\src\\server.js:68:3585\n    at Gbn (c:\\Users\\edu\\.vscode\\extensions\\uqbar.wollok-lsp-ide-0.5.3\\out\\server\\src\\server.js:68:3396)\n    at c:\\Users\\edu\\.vscode\\extensions\\uqbar.wollok-lsp-ide-0.5.3\\out\\server\\src\\server.js:2393:847\n    at c:\\Users\\edu\\.vscode\\extensions\\uqbar.wollok-lsp-ide-0.5.3\\out\\server\\src\\server.js:2393:8440\n    at c:\\Users\\edu\\.vscode\\extensions\\uqbar.wollok-lsp-ide-0.5.3\\out\\server\\src\\server.js:37:74770\n    at Ye (c:\\Users\\edu\\.vscode\\extensions\\uqbar.wollok-lsp-ide-0.5.3\\out\\server\\src\\server.js:7:8527)\n    at qt (c:\\Users\\edu\\.vscode\\extensions\\uqbar.wollok-lsp-ide-0.5.3\\out\\server\\src\\server.js:7:6189)\n    at ot (c:\\Users\\edu\\.vscode\\extensions\\uqbar.wollok-lsp-ide-0.5.3\\out\\server\\src\\server.js:7:6378)\n    at Immediate._onImmediate (c:\\Users\\edu\\.vscode\\extensions\\uqbar.wollok-lsp-ide-0.5.3\\out\\server\\src\\server.js:7:6142)\n    at process.processImmediate (node:internal/timers:485:21)","timestamp":"2025-12-12T02:49:38.875Z"}
{"level":"error","message":"✘ Failed to get type description: Error: Failed to print, found malformed node Failed to print, found malformed node","node":{"id":"a3204fc5-d125-4277-acb2-f272f094a96b","members":[{"id":"42301167-fbce-42fb-9772-500d20afb90a","isConstant":true,"isProperty":true,"metadata":[],"name":"panelistas","scope":{"containerScope":{"containerScope":{"containerScope":{"containerScope":{"containerScope":{"contributions":{},"includedScopes":[]},"contributions":{},"includedScopes":[]},"contributions":{},"includedScopes":[]},"contributions":{},"includedScopes":[]},"contributions":{},"includedScopes":[{"containerScope":{"containerScope":{"containerScope":{"contributions":{},"includedScopes":[]},"contributions":{},"includedScopes":[]},"contributions":{},"includedScopes":[]},"contributions":{},"includedScopes":[]}]},"contributions":{},"includedScopes":[]},"sourceMap":{"end":{"column":33,"line":109,"offset":2885},"start":{"column":3,"line":109,"offset":2855}},"value":{"id":"269fd070-e753-4f0f-8cb6-616c166b84fe","metadata":[],"scope":{"containerScope":{"containerScope":{"containerScope":{"containerScope":{"containerScope":{"containerScope":{"contributions":{},"includedScopes":[]},"contributions":{},"includedScopes":[]},"contributions":{},"includedScopes":[]},"contributions":{},"includedScopes":[]},"contributions":{},"includedScopes":[{"containerScope":{"containerScope":{"containerScope":{"contributions":{},"includedScopes":[]},"contributions":{},"includedScopes":[]},"contributions":{},"includedScopes":[]},"contributions":{},"includedScopes":[]}]},"contributions":{},"includedScopes":[]},"contributions":{},"includedScopes":[]},"sourceMap":{"end":{"column":33,"line":109,"offset":2885},"start":{"column":31,"line":109,"offset":2883}},"value":[{"id":"bcab12ef-c9cc-4d94-8527-535a3325bf82","metadata":[],"name":"wollok.lang.List","scope":{"containerScope":{"containerScope":{"containerScope":{"containerScope":{"containerScope":{"containerScope":{"containerScope":{"contributions":{},"includedScopes":[]},"contributions":{},"includedScopes":[]},"contributions":{},"includedScopes":[]},"contributions":{},"includedScopes":[]},"contributions":{},"includedScopes":[{"containerScope":{"containerScope":{"containerScope":{"contributions":{},"includedScopes":[]},"contributions":{},"includedScopes":[]},"contributions":{},"includedScopes":[]},"contributions":{},"includedScopes":[]}]},"contributions":{},"includedScopes":[]},"contributions":{},"includedScopes":[]},"contributions":{},"includedScopes":[]}},[]]}},{"id":"1726cb83-a20f-407b-8a0c-a09a593b5b8c","isConstant":true,"isProperty":true,"metadata":[],"name":"tematicas","scope":{"containerScope":{"containerScope":{"containerScope":{"containerScope":{"containerScope":{"contributions":{},"includedScopes":[]},"contributions":{},"includedScopes":[]},"contributions":{},"includedScopes":[]},"contributions":{},"includedScopes":[]},"contributions":{},"includedScopes":[{"containerScope":{"containerScope":{"containerScope":{"contributions":{},"includedScopes":[]},"contributions":{},"includedScopes":[]},"contributions":{},"includedScopes":[]},"contributions":{},"includedScopes":[]}]},"contributions":{},"includedScopes":[]},"sourceMap":{"end":{"column":32,"line":110,"offset":2918},"start":{"column":3,"line":110,"offset":2889}},"value":{"id":"66b755ed-2212-4fd5-9ddb-47b393f2a1c3","metadata":[],"scope":{"containerScope":{"containerScope":{"containerScope":{"containerScope":{"containerScope":{"containerScope":{"contributions":{},"includedScopes":[]},"contributions":{},"includedScopes":[]},"contributions":{},"includedScopes":[]},"contributions":{},"includedScopes":[]},"contributions":{},"includedScopes":[{"containerScope":{"containerScope":{"containerScope":{"contributions":{},"includedScopes":[]},"contributions":{},"includedScopes":[]},"contributions":{},"includedScopes":[]},"contributions":{},"includedScopes":[]}]},"contributions":{},"includedScopes":[]},"contributions":{},"includedScopes":[]},"sourceMap":{"end":{"column":32,"line":110,"offset":2918},"start":{"column":30,"line":110,"offset":2916}},"value":[{"id":"9a86a1be-a96a-4861-b7fc-03aca41a7473","metadata":[],"name":"wollok.lang.List","scope":{"containerScope":{"containerScope":{"containerScope":{"containerScope":{"containerScope":{"containerScope":{"containerScope":{"contributions":{},"includedScopes":[]},"contributions":{},"includedScopes":[]},"contributions":{},"includedScopes":[]},"contributions":{},"includedScopes":[]},"contributions":{},"includedScopes":[{"containerScope":{"containerScope":{"containerScope":{"contributions":{},"includedScopes":[]},"contributions":{},"includedScopes":[]},"contributions":{},"includedScopes":[]},"contributions":{},"includedScopes":[]}]},"contributions":{},"includedScopes":[]},"contributions":{},"includedScopes":[]},"contributions":{},"includedScopes":[]}},[]]}},{"id":"1a2b700d-3d68-43ae-bfa5-b33fd44a5110","isConstant":false,"isProperty":false,"metadata":[],"name":"emitido","scope":{"containerScope":{"containerScope":{"containerScope":{"containerScope":{"containerScope":{"contributions":{},"includedScopes":[]},"contributions":{},"includedScopes":[]},"contributions":{},"includedScopes":[]},"contributions":{},"includedScopes":[]},"contributions":{},"includedScopes":[{"containerScope":{"containerScope":{"containerScope":{"contributions":{},"includedScopes":[]},"contributions":{},"includedScopes":[]},"contributions":{},"includedScopes":[]},"contributions":{},"includedScopes":[]}]},"contributions":{},"includedScopes":[]},"sourceMap":{"end":{"column":22,"line":111,"offset":2941},"start":{"column":3,"line":111,"offset":2922}},"value":{"id":"d4659292-6b58-4c8f-9b90-fdd185b1aab4","metadata":[],"scope":{"containerScope":{"containerScope":{"containerScope":{"containerScope":{"containerScope":{"containerScope":{"contributions":{},"includedScopes":[]},"contributions":{},"includedScopes":[]},"contributions":{},"includedScopes":[]},"contributions":{},"includedScopes":[]},"contributions":{},"includedScopes":[{"containerScope":{"containerScope":{"containerScope":{"contributions":{},"includedScopes":[]},"contributions":{},"includedScopes":[]},"contributions":{},"includedScopes":[]},"contributions":{},"includedScopes":[]}]},"contributions":{},"includedScopes":[]},"contributions":{},"includedScopes":[]},"sourceMap":{"end":{"column":22,"line":111,"offset":2941},"start":{"column":17,"line":111,"offset":2936}},"value":false}},{"body":{"id":"cfc1b4a7-c510-4bd1-9d04-88f0e928b135","metadata":[],"problems":[],"scope":{"containerScope":{"containerScope":{"containerScope":{"containerScope":{"containerScope":{"containerScope":{"contributions":{},"includedScopes":[]},"contributions":{},"includedScopes":[]},"contributions":{},"includedScopes":[]},"contributions":{},"includedScopes":[]},"contributions":{},"includedScopes":[{"containerScope":{"containerScope":{"containerScope":{"contributions":{},"includedScopes":[]},"contributions":{},"includedScopes":[]},"contributions":{},"includedScopes":[]},"contributions":{},"includedScopes":[]}]},"contributions":{},"includedScopes":[]},"contributions":{},"includedScopes":[]},"sentences":[{"id":"2631b8ae-09f0-46ac-9f3b-ed69ff621ba6","metadata":[],"scope":{"containerScope":{"containerScope":{"containerScope":{"containerScope":{"containerScope":{"containerScope":{"containerScope":{"contributions":{},"includedScopes":[]},"contributions":{},"includedScopes":[]},"contributions":{},"includedScopes":[]},"contributions":{},"includedScopes":[]},"contributions":{},"includedScopes":[{"containerScope":{"containerScope":{"containerScope":{"contributions":{},"includedScopes":[]},"contributions":{},"includedScopes":[]},"contributions":{},"includedScopes":[]},"contributions":{},"includedScopes":[]}]},"contributions":{},"includedScopes":[]},"contributions":{},"includedScopes":[]},"contributions":{},"includedScopes":[]},"value":{"args":[{"args":[],"id":"98cdd8fe-406b-433b-8e52-b0fe03c98d1c","message":"mitadTematicasInteresantes","metadata":[],"receiver":{"id":"820c8405-64d2-46d5-9e93-1961cb5c1d8f","metadata":[],"scope":{"containerScope":{"containerScope":{"containerScope":{"containerScope":{"containerScope":{"containerScope":{"containerScope":{"containerScope":{"containerScope":{"containerScope":{"contributions":{},"includedScopes":[]},"contributions":{},"includedScopes":[]},"contributions":{},"includedScopes":[]},"contributions":{},"includedScopes":[]},"contributions":{},"includedScopes":[{"containerScope":{"containerScope":{"containerScope":{"contributions":{},"includedScopes":[]},"contributions":{},"includedScopes":[]},"contributions":{},"includedScopes":[]},"contributions":{},"includedScopes":[]}]},"contributions":{},"includedScopes":[]},"contributions":{},"includedScopes":[]},"contributions":{},"includedScopes":[]},"contributions":{},"includedScopes":[]},"contributions":{},"includedScopes":[]},"contributions":{},"includedScopes":[]},"sourceMap":{"end":{"column":65,"line":113,"offset":3009},"start":{"column":61,"line":113,"offset":3005}}},"scope":{"containerScope":{"containerScope":{"containerScope":{"containerScope":{"containerScope":{"containerScope":{"containerScope":{"containerScope":{"containerScope":{"contributions":{},"includedScopes":[]},"contributions":{},"includedScopes":[]},"contributions":{},"includedScopes":[]},"contributions":{},"includedScopes":[]},"contributions":{},"includedScopes":[{"containerScope":{"containerScope":{"containerScope":{"contributions":{},"includedScopes":[]},"contributions":{},"includedScopes":[]},"contributions":{},"includedScopes":[]},"contributions":{},"includedScopes":[]}]},"contributions":{},"includedScopes":[]},"contributions":{},"includedScopes":[]},"contributions":{},"includedScopes":[]},"contributions":{},"includedScopes":[]},"contributions":{},"includedScopes":[]},"sourceMap":{"end":{"column":94,"line":113,"offset":3038},"start":{"column":61,"line":113,"offset":3005}}}],"id":"d957f87c-e005-4dd8-b410-c4bc638bf632","message":"&&","metadata":[],"receiver":{"args":[{"id":"d21117ca-c507-4d4c-81c7-92e16216ac55","metadata":[],"scope":{"containerScope":{"containerScope":{"containerScope":{"containerScope":{"containerScope":{"containerScope":{"containerScope":{"containerScope":{"containerScope":{"containerScope":{"contributions":{},"includedScopes":[]},"contributions":{},"includedScopes":[]},"contributions":{},"includedScopes":[]},"contributions":{},"includedScopes":[]},"contributions":{},"includedScopes":[{"containerScope":{"containerScope":{"containerScope":{"contributions":{},"includedScopes":[]},"contributions":{},"includedScopes":[]},"contributions":{},"includedScopes":[]},"contributions":{},"includedScopes":[]}]},"contributions":{},"includedScopes":[]},"contributions":{},"includedScopes":[]},"contributions":{},"includedScopes":[]},"contributions":{},"includedScopes":[]},"contributions":{},"includedScopes":[]},"contributions":{},"includedScopes":[]},"sourceMap":{"end":{"column":57,"line":113,"offset":3001},"start":{"column":56,"line":113,"offset":3000}},"value":2}],"id":"80e51da0-947a-4a5c-8f58-2cd27bd7a9f8","message":">","metadata":[],"receiver":{"args":[],"id":"57c4a35b-369a-404c-9391-1773d8f4d006","message":"cantidadPanelistas","metadata":[],"receiver":{"id":"6957e73b-1515-4cdb-9d6f-2f5e70d66366","metadata":[],"scope":{"containerScope":{"containerScope":{"containerScope":{"containerScope":{"containerScope":{"containerScope":{"containerScope":{"containerScope":{"containerScope":{"containerScope":{"containerScope":{"contributions":{},"includedScopes":[]},"contributions":{},"includedScopes":[]},"contributions":{},"includedScopes":[]},"contributions":{},"includedScopes":[]},"contributions":{},"includedScopes":[{"containerScope":{"containerScope":{"containerScope":{"contributions":{},"includedScopes":[]},"contributions":{},"includedScopes":[]},"contributions":{},"includedScopes":[]},"contributions":{},"includedScopes":[]}]},"contributions":{},"includedScopes":[]},"contributions":{},"includedScopes":[]},"contributions":{},"includedScopes":[]},"contributions":{},"includedScopes":[]},"contributions":{},"includedScopes":[]},"contributions":{},"includedScopes":[]},"contributions":{},"includedScopes":[]},"sourceMap":{"end":{"column":32,"line":113,"offset":2976},"start":{"column":28,"line":113,"offset":2972}}},"scope":{"containerScope":{"containerScope":{"containerScope":{"containerScope":{"containerScope":{"containerScope":{"containerScope":{"containerScope":{"containerScope":{"containerScope":{"contributions":{},"includedScopes":[]},"contributions":{},"includedScopes":[]},"contributions":{},"includedScopes":[]},"contributions":{},"includedScopes":[]},"contributions":{},"includedScopes":[{"containerScope":{"containerScope":{"containerScope":{"contributions":{},"includedScopes":[]},"contributions":{},"includedScopes":[]},"contributions":{},"includedScopes":[]},"contributions":{},"includedScopes":[]}]},"contributions":{},"includedScopes":[]},"contributions":{},"includedScopes":[]},"contributions":{},"includedScopes":[]},"contributions":{},"includedScopes":[]},"contributions":{},"includedScopes":[]},"contributions":{},"includedScopes":[]},"sourceMap":{"end":{"column":53,"line":113,"offset":2997},"start":{"column":28,"line":113,"offset":2972}}},"scope":{"containerScope":{"containerScope":{"containerScope":{"containerScope":{"containerScope":{"containerScope":{"containerScope":{"containerScope":{"containerScope":{"contributions":{},"includedScopes":[]},"contributions":{},"includedScopes":[]},"contributions":{},"includedScopes":[]},"contributions":{},"includedScopes":[]},"contributions":{},"includedScopes":[{"containerScope":{"containerScope":{"containerScope":{"contributions":{},"includedScopes":[]},"contributions":{},"includedScopes":[]},"contributions":{},"includedScopes":[]},"contributions":{},"includedScopes":[]}]},"contributions":{},"includedScopes":[]},"contributions":{},"includedScopes":[]},"contributions":{},"includedScopes":[]},"contributions":{},"includedScopes":[]},"contributions":{},"includedScopes":[]},"sourceMap":{"end":{"column":57,"line":113,"offset":3001},"start":{"column":28,"line":113,"offset":2972}}},"scope":{"containerScope":{"containerScope":{"containerScope":{"containerScope":{"containerScope":{"containerScope":{"containerScope":{"containerScope":{"contributions":{},"includedScopes":[]},"contributions":{},"includedScopes":[]},"contributions":{},"includedScopes":[]},"contributions":{},"includedScopes":[]},"contributions":{},"includedScopes":[{"containerScope":{"containerScope":{"containerScope":{"contributions":{},"includedScopes":[]},"contributions":{},"includedScopes":[]},"contributions":{},"includedScopes":[]},"contributions":{},"includedScopes":[]}]},"contributions":{},"includedScopes":[]},"contributions":{},"includedScopes":[]},"contributions":{},"includedScopes":[]},"contributions":{},"includedScopes":[]},"sourceMap":{"end":{"column":94,"line":113,"offset":3038},"start":{"column":28,"line":113,"offset":2972}}}}],"sourceMap":{"end":{"column":94,"line":113,"offset":3038},"start":{"column":28,"line":113,"offset":2972}}},"compiled":false,"id":"3d834404-1ba4-4ff7-8af2-46d157607864","isOverride":false,"metadata":[],"name":"puedeEmitirse","parameters":[],"problems":[],"scope":{"containerScope":{"containerScope":{"containerScope":{"containerScope":{"containerScope":{"contributions":{},"includedScopes":[]},"contributions":{},"includedScopes":[]},"contributions":{},"includedScopes":[]},"contributions":{},"includedScopes":[]},"contributions":{},"includedScopes":[{"containerScope":{"containerScope":{"containerScope":{"contributions":{},"includedScopes":[]},"contributions":{},"includedScopes":[]},"contributions":{},"includedScopes":[]},"contributions":{},"includedScopes":[]}]},"contributions":{},"includedScopes":[]},"sourceMap":{"end":{"column":94,"line":113,"offset":3038},"start":{"column":3,"line":113,"offset":2947}}},{"body":{"id":"a1928771-41f6-4770-b7db-ee4f1b9b7ca1","metadata":[],"problems":[],"scope":{"containerScope":{"containerScope":{"containerScope":{"containerScope":{"containerScope":{"containerScope":{"contributions":{},"includedScopes":[]},"contributions":{},"includedScopes":[]},"contributions":{},"includedScopes":[]},"contributions":{},"includedScopes":[]},"contributions":{},"includedScopes":[{"containerScope":{"containerScope":{"containerScope":{"contributions":{},"includedScopes":[]},"contributions":{},"includedScopes":[]},"contributions":{},"includedScopes":[]},"contributions":{},"includedScopes":[]}]},"contributions":{},"includedScopes":[]},"contributions":{},"includedScopes":[]},"sentences":[{"id":"e8d32a44-9d57-418d-8c27-a0b3c78d930e","metadata":[],"scope":{"containerScope":{"containerScope":{"containerScope":{"containerScope":{"containerScope":{"containerScope":{"containerScope":{"contributions":{},"includedScopes":[]},"contributions":{},"includedScopes":[]},"contributions":{},"includedScopes":[]},"contributions":{},"includedScopes":[]},"contributions":{},"includedScopes":[{"containerScope":{"containerScope":{"containerScope":{"contributions":{},"includedScopes":[]},"contributions":{},"includedScopes":[]},"contributions":{},"includedScopes":[]},"contributions":{},"includedScopes":[]}]},"contributions":{},"includedScopes":[]},"contributions":{},"includedScopes":[]},"contributions":{},"includedScopes":[]},"value":{"args":[],"id":"6c64ee16-bb03-4211-9cfb-1a3d31f4a0e6","message":"size","metadata":[],"receiver":{"id":"4502a233-bee9-4ec7-a25d-075555920da7","metadata":[],"name":"panelistas","scope":{"containerScope":{"containerScope":{"containerScope":{"containerScope":{"containerScope":{"containerScope":{"containerScope":{"containerScope":{"containerScope":{"contributions":{},"includedScopes":[]},"contributions":{},"includedScopes":[]},"contributions":{},"includedScopes":[]},"contributions":{},"includedScopes":[]},"contributions":{},"includedScopes":[{"containerScope":{"containerScope":{"containerScope":{"contributions":{},"includedScopes":[]},"contributions":{},"includedScopes":[]},"contributions":{},"includedScopes":[]},"contributions":{},"includedScopes":[]}]},"contributions":{},"includedScopes":[]},"contributions":{},"includedScopes":[]},"contributions":{},"includedScopes":[]},"contributions":{},"includedScopes":[]},"contributions":{},"includedScopes":[]},"sourceMap":{"end":{"column":43,"line":115,"offset":3084},"start":{"column":33,"line":115,"offset":3074}}},"scope":{"containerScope":{"containerScope":{"containerScope":{"containerScope":{"containerScope":{"containerScope":{"containerScope":{"containerScope":{"contributions":{},"includedScopes":[]},"contributions":{},"includedScopes":[]},"contributions":{},"includedScopes":[]},"contributions":{},"includedScopes":[]},"contributions":{},"includedScopes":[{"containerScope":{"containerScope":{"containerScope":{"contributions":{},"includedScopes":[]},"contributions":{},"includedScopes":[]},"contributions":{},"includedScopes":[]},"contributions":{},"includedScopes":[]}]},"contributions":{},"includedScopes":[]},"contributions":{},"includedScopes":[]},"contributions":{},"includedScopes":[]},"contributions":{},"includedScopes":[]},"sourceMap":{"end":{"column":50,"line":115,"offset":3091},"start":{"column":33,"line":115,"offset":3074}}}}],"sourceMap":{"end":{"column":50,"line":115,"offset":3091},"start":{"column":33,"line":115,"offset":3074}}},"compiled":false,"id":"3b5f0937-fc2a-4529-8fba-2872c702f624","isOverride":false,"metadata":[],"name":"cantidadPanelistas","parameters":[],"problems":[],"scope":{"containerScope":{"containerScope":{"containerScope":{"containerScope":{"containerScope":{"contributions":{},"includedScopes":[]},"contributions":{},"includedScopes":[]},"contributions":{},"includedScopes":[]},"contributions":{},"includedScopes":[]},"contributions":{},"includedScopes":[{"containerScope":{"containerScope":{"containerScope":{"contributions":{},"includedScopes":[]},"contributions":{},"includedScopes":[]},"contributions":{},"includedScopes":[]},"contributions":{},"includedScopes":[]}]},"contributions":{},"includedScopes":[]},"sourceMap":{"end":{"column":50,"line":115,"offset":3091},"start":{"column":3,"line":115,"offset":3044}}},{"body":{"id":"a60f86ae-bccd-4131-aa6f-b75931acd113","metadata":[],"problems":[],"scope":{"containerScope":{"containerScope":{"containerScope":{"containerScope":{"containerScope":{"containerScope":{"contributions":{},"includedScopes":[]},"contributions":{},"includedScopes":[]},"contributions":{},"includedScopes":[]},"contributions":{},"includedScopes":[]},"contributions":{},"includedScopes":[{"containerScope":{"containerScope":{"containerScope":{"contributions":{},"includedScopes":[]},"contributions":{},"includedScopes":[]},"contributions":{},"includedScopes":[]},"contributions":{},"includedScopes":[]}]},"contributions":{},"includedScopes":[]},"contributions":{},"includedScopes":[]},"sentences":[{"id":"676f5b28-1c16-44e8-93de-6c6e18ad4f62","metadata":[],"scope":{"containerScope":{"containerScope":{"containerScope":{"containerScope":{"containerScope":{"containerScope":{"containerScope":{"contributions":{},"includedScopes":[]},"contributions":{},"includedScopes":[]},"contributions":{},"includedScopes":[]},"contributions":{},"includedScopes":[]},"contributions":{},"includedScopes":[{"containerScope":{"containerScope":{"containerScope":{"contributions":{},"includedScopes":[]},"contributions":{},"includedScopes":[]},"contributions":{},"includedScopes":[]},"contributions":{},"includedScopes":[]}]},"contributions":{},"includedScopes":[]},"contributions":{},"includedScopes":[]},"contributions":{},"includedScopes":[]},"value":{"id":"68d8e355-aad3-4afb-909d-d77efe6d53be","metadata":[],"name":"const","scope":{"containerScope":{"containerScope":{"containerScope":{"containerScope":{"containerScope":{"containerScope":{"containerScope":{"containerScope":{"contributions":{},"includedScopes":[]},"contributions":{},"includedScopes":[]},"contributions":{},"includedScopes":[]},"contributions":{},"includedScopes":[]},"contributions":{},"includedScopes":[{"containerScope":{"containerScope":{"containerScope":{"contributions":{},"includedScopes":[]},"contributions":{},"includedScopes":[]},"contributions":{},"includedScopes":[]},"contributions":{},"includedScopes":[]}]},"contributions":{},"includedScopes":[]},"contributions":{},"includedScopes":[]},"contributions":{},"includedScopes":[]},"contributions":{},"includedScopes":[]},"sourceMap":{"end":{"column":10,"line":117,"offset":3143},"start":{"column":5,"line":117,"offset":3138}}}}],"sourceMap":{"end":{"column":10,"line":117,"offset":3143},"start":{"column":5,"line":117,"offset":3138}}},"compiled":false,"id":"59324f09-9d3d-4136-b55d-ab5645699d53","isOverride":false,"metadata":[],"name":"mitadTematicasInteresantes","parameters":[],"problems":[],"scope":{"containerScope":{"containerScope":{"containerScope":{"containerScope":{"containerScope":{"contributions":{},"includedScopes":[]},"contributions":{},"includedScopes":[]},"contributions":{},"includedScopes":[]},"contributions":{},"includedScopes":[]},"contributions":{},"includedScopes":[{"containerScope":{"containerScope":{"containerScope":{"contributions":{},"includedScopes":[]},"contributions":{},"includedScopes":[]},"contributions":{},"includedScopes":[]},"contributions":{},"includedScopes":[]}]},"contributions":{},"includedScopes":[]},"sourceMap":{"end":{"column":10,"line":117,"offset":3143},"start":{"column":3,"line":116,"offset":3095}}},{"body":{"id":"b01ab4c0-4f89-4ba4-9f83-669372216aec","metadata":[],"scope":{"containerScope":{"containerScope":{"containerScope":{"containerScope":{"containerScope":{"containerScope":{"contributions":{},"includedScopes":[]},"contributions":{},"includedScopes":[]},"contributions":{},"includedScopes":[]},"contributions":{},"includedScopes":[]},"contributions":{},"includedScopes":[{"containerScope":{"containerScope":{"containerScope":{"contributions":{},"includedScopes":[]},"contributions":{},"includedScopes":[]},"contributions":{},"includedScopes":[]},"contributions":{},"includedScopes":[]}]},"contributions":{},"includedScopes":[]},"contributions":{},"includedScopes":[]},"sentences":[{"id":"eb6d0d7a-bc96-4e78-b1b8-30afffa2f3dd","metadata":[],"scope":{"containerScope":{"containerScope":{"containerScope":{"containerScope":{"containerScope":{"containerScope":{"containerScope":{"contributions":{},"includedScopes":[]},"contributions":{},"includedScopes":[]},"contributions":{},"includedScopes":[]},"contributions":{},"includedScopes":[]},"contributions":{},"includedScopes":[{"containerScope":{"containerScope":{"containerScope":{"contributions":{},"includedScopes":[]},"contributions":{},"includedScopes":[]},"contributions":{},"includedScopes":[]},"contributions":{},"includedScopes":[]}]},"contributions":{},"includedScopes":[]},"contributions":{},"includedScopes":[]},"contributions":{},"includedScopes":[]},"value":{"id":"2d22267c-fd9e-4c9d-81de-0a13c7c4eec4","metadata":[],"name":"panelistas","scope":{"containerScope":{"containerScope":{"containerScope":{"containerScope":{"containerScope":{"containerScope":{"containerScope":{"containerScope":{"contributions":{},"includedScopes":[]},"contributions":{},"includedScopes":[]},"contributions":{},"includedScopes":[]},"contributions":{},"includedScopes":[]},"contributions":{},"includedScopes":[{"containerScope":{"containerScope":{"containerScope":{"contributions":{},"includedScopes":[]},"contributions":{},"includedScopes":[]},"contributions":{},"includedScopes":[]},"contributions":{},"includedScopes":[]}]},"contributions":{},"includedScopes":[]},"contributions":{},"includedScopes":[]},"contributions":{},"includedScopes":[]},"contributions":{},"includedScopes":[]}}}]},"compiled":false,"id":"547ebde4-19ee-4dd9-8bf9-7c6c9bb5942f","isOverride":false,"metadata":[],"name":"panelistas","parameters":[],"scope":{"containerScope":{"containerScope":{"containerScope":{"containerScope":{"containerScope":{"contributions":{},"includedScopes":[]},"contributions":{},"includedScopes":[]},"contributions":{},"includedScopes":[]},"contributions":{},"includedScopes":[]},"contributions":{},"includedScopes":[{"containerScope":{"containerScope":{"containerScope":{"contributions":{},"includedScopes":[]},"contributions":{},"includedScopes":[]},"contributions":{},"includedScopes":[]},"contributions":{},"includedScopes":[]}]},"contributions":{},"includedScopes":[]}},{"body":{"id":"3c8ad875-638f-48d5-84f2-5b641d8f1dd9","metadata":[],"scope":{"containerScope":{"containerScope":{"containerScope":{"containerScope":{"containerScope":{"containerScope":{"contributions":{},"includedScopes":[]},"contributions":{},"includedScopes":[]},"contributions":{},"includedScopes":[]},"contributions":{},"includedScopes":[]},"contributions":{},"includedScopes":[{"containerScope":{"containerScope":{"containerScope":{"contributions":{},"includedScopes":[]},"contributions":{},"includedScopes":[]},"contributions":{},"includedScopes":[]},"contributions":{},"includedScopes":[]}]},"contributions":{},"includedScopes":[]},"contributions":{},"includedScopes":[]},"sentences":[{"id":"15f64b7d-7bcc-414c-aae8-a53e2ec79b41","metadata":[],"scope":{"containerScope":{"containerScope":{"containerScope":{"containerScope":{"containerScope":{"containerScope":{"containerScope":{"contributions":{},"includedScopes":[]},"contributions":{},"includedScopes":[]},"contributions":{},"includedScopes":[]},"contributions":{},"includedScopes":[]},"contributions":{},"includedScopes":[{"containerScope":{"containerScope":{"containerScope":{"contributions":{},"includedScopes":[]},"contributions":{},"includedScopes":[]},"contributions":{},"includedScopes":[]},"contributions":{},"includedScopes":[]}]},"contributions":{},"includedScopes":[]},"contributions":{},"includedScopes":[]},"contributions":{},"includedScopes":[]},"value":{"id":"652f2863-bd3e-454c-81b4-08563ea149f7","metadata":[],"name":"tematicas","scope":{"containerScope":{"containerScope":{"containerScope":{"containerScope":{"containerScope":{"containerScope":{"containerScope":{"containerScope":{"contributions":{},"includedScopes":[]},"contributions":{},"includedScopes":[]},"contributions":{},"includedScopes":[]},"contributions":{},"includedScopes":[]},"contributions":{},"includedScopes":[{"containerScope":{"containerScope":{"containerScope":{"contributions":{},"includedScopes":[]},"contributions":{},"includedScopes":[]},"contributions":{},"includedScopes":[]},"contributions":{},"includedScopes":[]}]},"contributions":{},"includedScopes":[]},"contributions":{},"includedScopes":[]},"contributions":{},"includedScopes":[]},"contributions":{},"includedScopes":[]}}}]},"compiled":false,"id":"af65bb70-b6fa-4ee5-a3d4-a48458e1a3fc","isOverride":false,"metadata":[],"name":"tematicas","parameters":[],"scope":{"containerScope":{"containerScope":{"containerScope":{"containerScope":{"containerScope":{"contributions":{},"includedScopes":[]},"contributions":{},"includedScopes":[]},"contributions":{},"includedScopes":[]},"contributions":{},"includedScopes":[]},"contributions":{},"includedScopes":[{"containerScope":{"containerScope":{"containerScope":{"contributions":{},"includedScopes":[]},"contributions":{},"includedScopes":[]},"contributions":{},"includedScopes":[]},"contributions":{},"includedScopes":[]}]},"contributions":{},"includedScopes":[]}}],"metadata":[],"name":"Programa","problems":[{"code":"malformedMember","sourceMap":{"end":{"column":88,"line":117,"offset":3221},"start":{"column":11,"line":117,"offset":3144}}},{"code":"malformedMember","sourceMap":{"end":{"column":50,"line":118,"offset":3272},"start":{"column":5,"line":118,"offset":3227}}}],"scope":{"containerScope":{"containerScope":{"containerScope":{"containerScope":{"contributions":{},"includedScopes":[]},"contributions":{},"includedScopes":[]},"contributions":{},"includedScopes":[]},"contributions":{},"includedScopes":[]},"contributions":{},"includedScopes":[{"containerScope":{"containerScope":{"containerScope":{"contributions":{},"includedScopes":[]},"contributions":{},"includedScopes":[]},"contributions":{},"includedScopes":[]},"contributions":{},"includedScopes":[]}]},"sourceMap":{"end":{"column":2,"line":119,"offset":3275},"start":{"column":1,"line":108,"offset":2835}},"supertypes":[]},"stack":"Error: Failed to print, found malformed node\n    at c:\\Users\\edu\\.vscode\\extensions\\uqbar.wollok-lsp-ide-0.5.3\\out\\server\\src\\server.js:68:3585\n    at Gbn (c:\\Users\\edu\\.vscode\\extensions\\uqbar.wollok-lsp-ide-0.5.3\\out\\server\\src\\server.js:68:3396)\n    at c:\\Users\\edu\\.vscode\\extensions\\uqbar.wollok-lsp-ide-0.5.3\\out\\server\\src\\server.js:2393:847\n    at c:\\Users\\edu\\.vscode\\extensions\\uqbar.wollok-lsp-ide-0.5.3\\out\\server\\src\\server.js:2393:8440\n    at c:\\Users\\edu\\.vscode\\extensions\\uqbar.wollok-lsp-ide-0.5.3\\out\\server\\src\\server.js:37:74770\n    at Ye (c:\\Users\\edu\\.vscode\\extensions\\uqbar.wollok-lsp-ide-0.5.3\\out\\server\\src\\server.js:7:8527)\n    at qt (c:\\Users\\edu\\.vscode\\extensions\\uqbar.wollok-lsp-ide-0.5.3\\out\\server\\src\\server.js:7:6189)\n    at ot (c:\\Users\\edu\\.vscode\\extensions\\uqbar.wollok-lsp-ide-0.5.3\\out\\server\\src\\server.js:7:6378)\n    at Immediate._onImmediate (c:\\Users\\edu\\.vscode\\extensions\\uqbar.wollok-lsp-ide-0.5.3\\out\\server\\src\\server.js:7:6142)\n    at process.processImmediate (node:internal/timers:485:21)","timestamp":"2025-12-12T02:49:40.430Z"}
{"level":"info","message":"⌛ Building environment","timeElapsed":135,"timestamp":"2025-12-12T02:49:46.389Z"}
{"level":"error","message":"✘ Completions for node Send ([113:61, 113:69] - parciales/hablemosSinSaber/resoProfes.wlk) failed: Error: [Send]{fe5404} at parciales/hablemosSinSaber/resoProfes.wlk:113 exhausted all cases without a match [Send]{fe5404} at parciales/hablemosSinSaber/resoProfes.wlk:113 exhausted all cases without a match","stack":"Error: [Send]{fe5404} at parciales/hablemosSinSaber/resoProfes.wlk:113 exhausted all cases without a match\n    at c:\\Users\\edu\\.vscode\\extensions\\uqbar.wollok-lsp-ide-0.5.3\\out\\server\\src\\server.js:38:6142\n    at D2 (c:\\Users\\edu\\.vscode\\extensions\\uqbar.wollok-lsp-ide-0.5.3\\out\\server\\src\\server.js:2384:42)\n    at c:\\Users\\edu\\.vscode\\extensions\\uqbar.wollok-lsp-ide-0.5.3\\out\\server\\src\\server.js:2384:2988\n    at c:\\Users\\edu\\.vscode\\extensions\\uqbar.wollok-lsp-ide-0.5.3\\out\\server\\src\\server.js:2393:8440\n    at c:\\Users\\edu\\.vscode\\extensions\\uqbar.wollok-lsp-ide-0.5.3\\out\\server\\src\\server.js:37:74872\n    at Ye (c:\\Users\\edu\\.vscode\\extensions\\uqbar.wollok-lsp-ide-0.5.3\\out\\server\\src\\server.js:7:8527)\n    at qt (c:\\Users\\edu\\.vscode\\extensions\\uqbar.wollok-lsp-ide-0.5.3\\out\\server\\src\\server.js:7:6189)\n    at ot (c:\\Users\\edu\\.vscode\\extensions\\uqbar.wollok-lsp-ide-0.5.3\\out\\server\\src\\server.js:7:6378)\n    at Immediate._onImmediate (c:\\Users\\edu\\.vscode\\extensions\\uqbar.wollok-lsp-ide-0.5.3\\out\\server\\src\\server.js:7:6142)\n    at process.processImmediate (node:internal/timers:485:21)","timestamp":"2025-12-12T02:49:46.425Z"}
{"level":"error","message":"✘ Completions for node Send ([113:28, 113:69] - parciales/hablemosSinSaber/resoProfes.wlk) failed: Error: [Send]{02cd82} at parciales/hablemosSinSaber/resoProfes.wlk:113 exhausted all cases without a match [Send]{02cd82} at parciales/hablemosSinSaber/resoProfes.wlk:113 exhausted all cases without a match","stack":"Error: [Send]{02cd82} at parciales/hablemosSinSaber/resoProfes.wlk:113 exhausted all cases without a match\n    at c:\\Users\\edu\\.vscode\\extensions\\uqbar.wollok-lsp-ide-0.5.3\\out\\server\\src\\server.js:38:6142\n    at D2 (c:\\Users\\edu\\.vscode\\extensions\\uqbar.wollok-lsp-ide-0.5.3\\out\\server\\src\\server.js:2384:42)\n    at Qh (c:\\Users\\edu\\.vscode\\extensions\\uqbar.wollok-lsp-ide-0.5.3\\out\\server\\src\\server.js:2384:1092)\n    at D2 (c:\\Users\\edu\\.vscode\\extensions\\uqbar.wollok-lsp-ide-0.5.3\\out\\server\\src\\server.js:2384:544)\n    at c:\\Users\\edu\\.vscode\\extensions\\uqbar.wollok-lsp-ide-0.5.3\\out\\server\\src\\server.js:2384:2988\n    at c:\\Users\\edu\\.vscode\\extensions\\uqbar.wollok-lsp-ide-0.5.3\\out\\server\\src\\server.js:2393:8440\n    at c:\\Users\\edu\\.vscode\\extensions\\uqbar.wollok-lsp-ide-0.5.3\\out\\server\\src\\server.js:37:74872\n    at Ye (c:\\Users\\edu\\.vscode\\extensions\\uqbar.wollok-lsp-ide-0.5.3\\out\\server\\src\\server.js:7:8527)\n    at qt (c:\\Users\\edu\\.vscode\\extensions\\uqbar.wollok-lsp-ide-0.5.3\\out\\server\\src\\server.js:7:6189)\n    at ot (c:\\Users\\edu\\.vscode\\extensions\\uqbar.wollok-lsp-ide-0.5.3\\out\\server\\src\\server.js:7:6378)","timestamp":"2025-12-12T02:49:46.425Z"}
{"level":"error","message":"✘ Completions for node Return (undefined - parciales/hablemosSinSaber/resoProfes.wlk) failed: Error: [Return]{8d4761} at parciales/hablemosSinSaber/resoProfes.wlk:-- exhausted all cases without a match [Return]{8d4761} at parciales/hablemosSinSaber/resoProfes.wlk:-- exhausted all cases without a match","stack":"Error: [Return]{8d4761} at parciales/hablemosSinSaber/resoProfes.wlk:-- exhausted all cases without a match\n    at c:\\Users\\edu\\.vscode\\extensions\\uqbar.wollok-lsp-ide-0.5.3\\out\\server\\src\\server.js:38:6142\n    at D2 (c:\\Users\\edu\\.vscode\\extensions\\uqbar.wollok-lsp-ide-0.5.3\\out\\server\\src\\server.js:2384:42)\n    at Qh (c:\\Users\\edu\\.vscode\\extensions\\uqbar.wollok-lsp-ide-0.5.3\\out\\server\\src\\server.js:2384:1092)\n    at D2 (c:\\Users\\edu\\.vscode\\extensions\\uqbar.wollok-lsp-ide-0.5.3\\out\\server\\src\\server.js:2384:544)\n    at Qh (c:\\Users\\edu\\.vscode\\extensions\\uqbar.wollok-lsp-ide-0.5.3\\out\\server\\src\\server.js:2384:1092)\n    at D2 (c:\\Users\\edu\\.vscode\\extensions\\uqbar.wollok-lsp-ide-0.5.3\\out\\server\\src\\server.js:2384:544)\n    at c:\\Users\\edu\\.vscode\\extensions\\uqbar.wollok-lsp-ide-0.5.3\\out\\server\\src\\server.js:2384:2988\n    at c:\\Users\\edu\\.vscode\\extensions\\uqbar.wollok-lsp-ide-0.5.3\\out\\server\\src\\server.js:2393:8440\n    at c:\\Users\\edu\\.vscode\\extensions\\uqbar.wollok-lsp-ide-0.5.3\\out\\server\\src\\server.js:37:74872\n    at Ye (c:\\Users\\edu\\.vscode\\extensions\\uqbar.wollok-lsp-ide-0.5.3\\out\\server\\src\\server.js:7:8527)","timestamp":"2025-12-12T02:49:46.425Z"}
{"level":"info","message":"⌛ Building environment","timeElapsed":121,"timestamp":"2025-12-12T02:49:46.550Z"}
{"level":"info","message":"⌛ Validating parciales/hablemosSinSaber/resoProfes.wlk","timeElapsed":157,"timestamp":"2025-12-12T02:49:46.717Z"}
{"level":"info","message":"⌛ Validating parciales/hablemosSinSaber/resoProfes.wlk","timeElapsed":160,"timestamp":"2025-12-12T02:49:46.878Z"}
{"level":"info","message":"⌛ Building environment","timeElapsed":112,"timestamp":"2025-12-12T02:49:47.001Z"}
{"level":"error","message":"✘ Completions for node Send ([113:61, 113:71] - parciales/hablemosSinSaber/resoProfes.wlk) failed: Error: [Send]{22d937} at parciales/hablemosSinSaber/resoProfes.wlk:113 exhausted all cases without a match [Send]{22d937} at parciales/hablemosSinSaber/resoProfes.wlk:113 exhausted all cases without a match","stack":"Error: [Send]{22d937} at parciales/hablemosSinSaber/resoProfes.wlk:113 exhausted all cases without a match\n    at c:\\Users\\edu\\.vscode\\extensions\\uqbar.wollok-lsp-ide-0.5.3\\out\\server\\src\\server.js:38:6142\n    at D2 (c:\\Users\\edu\\.vscode\\extensions\\uqbar.wollok-lsp-ide-0.5.3\\out\\server\\src\\server.js:2384:42)\n    at c:\\Users\\edu\\.vscode\\extensions\\uqbar.wollok-lsp-ide-0.5.3\\out\\server\\src\\server.js:2384:2988\n    at c:\\Users\\edu\\.vscode\\extensions\\uqbar.wollok-lsp-ide-0.5.3\\out\\server\\src\\server.js:2393:8440\n    at c:\\Users\\edu\\.vscode\\extensions\\uqbar.wollok-lsp-ide-0.5.3\\out\\server\\src\\server.js:37:74872\n    at Ye (c:\\Users\\edu\\.vscode\\extensions\\uqbar.wollok-lsp-ide-0.5.3\\out\\server\\src\\server.js:7:8527)\n    at qt (c:\\Users\\edu\\.vscode\\extensions\\uqbar.wollok-lsp-ide-0.5.3\\out\\server\\src\\server.js:7:6189)\n    at ot (c:\\Users\\edu\\.vscode\\extensions\\uqbar.wollok-lsp-ide-0.5.3\\out\\server\\src\\server.js:7:6378)\n    at Immediate._onImmediate (c:\\Users\\edu\\.vscode\\extensions\\uqbar.wollok-lsp-ide-0.5.3\\out\\server\\src\\server.js:7:6142)\n    at process.processImmediate (node:internal/timers:485:21)","timestamp":"2025-12-12T02:49:47.042Z"}
{"level":"error","message":"✘ Completions for node Send ([113:28, 113:71] - parciales/hablemosSinSaber/resoProfes.wlk) failed: Error: [Send]{6219bd} at parciales/hablemosSinSaber/resoProfes.wlk:113 exhausted all cases without a match [Send]{6219bd} at parciales/hablemosSinSaber/resoProfes.wlk:113 exhausted all cases without a match","stack":"Error: [Send]{6219bd} at parciales/hablemosSinSaber/resoProfes.wlk:113 exhausted all cases without a match\n    at c:\\Users\\edu\\.vscode\\extensions\\uqbar.wollok-lsp-ide-0.5.3\\out\\server\\src\\server.js:38:6142\n    at D2 (c:\\Users\\edu\\.vscode\\extensions\\uqbar.wollok-lsp-ide-0.5.3\\out\\server\\src\\server.js:2384:42)\n    at Qh (c:\\Users\\edu\\.vscode\\extensions\\uqbar.wollok-lsp-ide-0.5.3\\out\\server\\src\\server.js:2384:1092)\n    at D2 (c:\\Users\\edu\\.vscode\\extensions\\uqbar.wollok-lsp-ide-0.5.3\\out\\server\\src\\server.js:2384:544)\n    at c:\\Users\\edu\\.vscode\\extensions\\uqbar.wollok-lsp-ide-0.5.3\\out\\server\\src\\server.js:2384:2988\n    at c:\\Users\\edu\\.vscode\\extensions\\uqbar.wollok-lsp-ide-0.5.3\\out\\server\\src\\server.js:2393:8440\n    at c:\\Users\\edu\\.vscode\\extensions\\uqbar.wollok-lsp-ide-0.5.3\\out\\server\\src\\server.js:37:74872\n    at Ye (c:\\Users\\edu\\.vscode\\extensions\\uqbar.wollok-lsp-ide-0.5.3\\out\\server\\src\\server.js:7:8527)\n    at qt (c:\\Users\\edu\\.vscode\\extensions\\uqbar.wollok-lsp-ide-0.5.3\\out\\server\\src\\server.js:7:6189)\n    at ot (c:\\Users\\edu\\.vscode\\extensions\\uqbar.wollok-lsp-ide-0.5.3\\out\\server\\src\\server.js:7:6378)","timestamp":"2025-12-12T02:49:47.043Z"}
{"level":"error","message":"✘ Completions for node Return (undefined - parciales/hablemosSinSaber/resoProfes.wlk) failed: Error: [Return]{f54239} at parciales/hablemosSinSaber/resoProfes.wlk:-- exhausted all cases without a match [Return]{f54239} at parciales/hablemosSinSaber/resoProfes.wlk:-- exhausted all cases without a match","stack":"Error: [Return]{f54239} at parciales/hablemosSinSaber/resoProfes.wlk:-- exhausted all cases without a match\n    at c:\\Users\\edu\\.vscode\\extensions\\uqbar.wollok-lsp-ide-0.5.3\\out\\server\\src\\server.js:38:6142\n    at D2 (c:\\Users\\edu\\.vscode\\extensions\\uqbar.wollok-lsp-ide-0.5.3\\out\\server\\src\\server.js:2384:42)\n    at Qh (c:\\Users\\edu\\.vscode\\extensions\\uqbar.wollok-lsp-ide-0.5.3\\out\\server\\src\\server.js:2384:1092)\n    at D2 (c:\\Users\\edu\\.vscode\\extensions\\uqbar.wollok-lsp-ide-0.5.3\\out\\server\\src\\server.js:2384:544)\n    at Qh (c:\\Users\\edu\\.vscode\\extensions\\uqbar.wollok-lsp-ide-0.5.3\\out\\server\\src\\server.js:2384:1092)\n    at D2 (c:\\Users\\edu\\.vscode\\extensions\\uqbar.wollok-lsp-ide-0.5.3\\out\\server\\src\\server.js:2384:544)\n    at c:\\Users\\edu\\.vscode\\extensions\\uqbar.wollok-lsp-ide-0.5.3\\out\\server\\src\\server.js:2384:2988\n    at c:\\Users\\edu\\.vscode\\extensions\\uqbar.wollok-lsp-ide-0.5.3\\out\\server\\src\\server.js:2393:8440\n    at c:\\Users\\edu\\.vscode\\extensions\\uqbar.wollok-lsp-ide-0.5.3\\out\\server\\src\\server.js:37:74872\n    at Ye (c:\\Users\\edu\\.vscode\\extensions\\uqbar.wollok-lsp-ide-0.5.3\\out\\server\\src\\server.js:7:8527)","timestamp":"2025-12-12T02:49:47.043Z"}
{"level":"info","message":"⌛ Building environment","timeElapsed":114,"timestamp":"2025-12-12T02:49:47.164Z"}
{"level":"info","message":"⌛ Validating parciales/hablemosSinSaber/resoProfes.wlk","timeElapsed":145,"timestamp":"2025-12-12T02:49:47.310Z"}
{"level":"info","message":"⌛ Validating parciales/hablemosSinSaber/resoProfes.wlk","timeElapsed":137,"timestamp":"2025-12-12T02:49:47.459Z"}
{"level":"info","message":"⌛ Building environment","timeElapsed":114,"timestamp":"2025-12-12T02:49:47.613Z"}
{"level":"info","message":"⌛ Validating parciales/hablemosSinSaber/resoProfes.wlk","timeElapsed":128,"timestamp":"2025-12-12T02:49:47.751Z"}
{"level":"error","message":"✘ Completions for node Send ([113:61, 113:72] - parciales/hablemosSinSaber/resoProfes.wlk) failed: Error: [Send]{307e37} at parciales/hablemosSinSaber/resoProfes.wlk:113 exhausted all cases without a match [Send]{307e37} at parciales/hablemosSinSaber/resoProfes.wlk:113 exhausted all cases without a match","stack":"Error: [Send]{307e37} at parciales/hablemosSinSaber/resoProfes.wlk:113 exhausted all cases without a match\n    at c:\\Users\\edu\\.vscode\\extensions\\uqbar.wollok-lsp-ide-0.5.3\\out\\server\\src\\server.js:38:6142\n    at D2 (c:\\Users\\edu\\.vscode\\extensions\\uqbar.wollok-lsp-ide-0.5.3\\out\\server\\src\\server.js:2384:42)\n    at c:\\Users\\edu\\.vscode\\extensions\\uqbar.wollok-lsp-ide-0.5.3\\out\\server\\src\\server.js:2384:2988\n    at c:\\Users\\edu\\.vscode\\extensions\\uqbar.wollok-lsp-ide-0.5.3\\out\\server\\src\\server.js:2393:8440\n    at c:\\Users\\edu\\.vscode\\extensions\\uqbar.wollok-lsp-ide-0.5.3\\out\\server\\src\\server.js:37:74872\n    at Ye (c:\\Users\\edu\\.vscode\\extensions\\uqbar.wollok-lsp-ide-0.5.3\\out\\server\\src\\server.js:7:8527)\n    at qt (c:\\Users\\edu\\.vscode\\extensions\\uqbar.wollok-lsp-ide-0.5.3\\out\\server\\src\\server.js:7:6189)\n    at ot (c:\\Users\\edu\\.vscode\\extensions\\uqbar.wollok-lsp-ide-0.5.3\\out\\server\\src\\server.js:7:6378)\n    at Immediate._onImmediate (c:\\Users\\edu\\.vscode\\extensions\\uqbar.wollok-lsp-ide-0.5.3\\out\\server\\src\\server.js:7:6142)\n    at process.processImmediate (node:internal/timers:485:21)","timestamp":"2025-12-12T02:49:47.875Z"}
{"level":"error","message":"✘ Completions for node Send ([113:28, 113:72] - parciales/hablemosSinSaber/resoProfes.wlk) failed: Error: [Send]{61a654} at parciales/hablemosSinSaber/resoProfes.wlk:113 exhausted all cases without a match [Send]{61a654} at parciales/hablemosSinSaber/resoProfes.wlk:113 exhausted all cases without a match","stack":"Error: [Send]{61a654} at parciales/hablemosSinSaber/resoProfes.wlk:113 exhausted all cases without a match\n    at c:\\Users\\edu\\.vscode\\extensions\\uqbar.wollok-lsp-ide-0.5.3\\out\\server\\src\\server.js:38:6142\n    at D2 (c:\\Users\\edu\\.vscode\\extensions\\uqbar.wollok-lsp-ide-0.5.3\\out\\server\\src\\server.js:2384:42)\n    at Qh (c:\\Users\\edu\\.vscode\\extensions\\uqbar.wollok-lsp-ide-0.5.3\\out\\server\\src\\server.js:2384:1092)\n    at D2 (c:\\Users\\edu\\.vscode\\extensions\\uqbar.wollok-lsp-ide-0.5.3\\out\\server\\src\\server.js:2384:544)\n    at c:\\Users\\edu\\.vscode\\extensions\\uqbar.wollok-lsp-ide-0.5.3\\out\\server\\src\\server.js:2384:2988\n    at c:\\Users\\edu\\.vscode\\extensions\\uqbar.wollok-lsp-ide-0.5.3\\out\\server\\src\\server.js:2393:8440\n    at c:\\Users\\edu\\.vscode\\extensions\\uqbar.wollok-lsp-ide-0.5.3\\out\\server\\src\\server.js:37:74872\n    at Ye (c:\\Users\\edu\\.vscode\\extensions\\uqbar.wollok-lsp-ide-0.5.3\\out\\server\\src\\server.js:7:8527)\n    at qt (c:\\Users\\edu\\.vscode\\extensions\\uqbar.wollok-lsp-ide-0.5.3\\out\\server\\src\\server.js:7:6189)\n    at ot (c:\\Users\\edu\\.vscode\\extensions\\uqbar.wollok-lsp-ide-0.5.3\\out\\server\\src\\server.js:7:6378)","timestamp":"2025-12-12T02:49:47.875Z"}
{"level":"error","message":"✘ Completions for node Return (undefined - parciales/hablemosSinSaber/resoProfes.wlk) failed: Error: [Return]{fc0cd9} at parciales/hablemosSinSaber/resoProfes.wlk:-- exhausted all cases without a match [Return]{fc0cd9} at parciales/hablemosSinSaber/resoProfes.wlk:-- exhausted all cases without a match","stack":"Error: [Return]{fc0cd9} at parciales/hablemosSinSaber/resoProfes.wlk:-- exhausted all cases without a match\n    at c:\\Users\\edu\\.vscode\\extensions\\uqbar.wollok-lsp-ide-0.5.3\\out\\server\\src\\server.js:38:6142\n    at D2 (c:\\Users\\edu\\.vscode\\extensions\\uqbar.wollok-lsp-ide-0.5.3\\out\\server\\src\\server.js:2384:42)\n    at Qh (c:\\Users\\edu\\.vscode\\extensions\\uqbar.wollok-lsp-ide-0.5.3\\out\\server\\src\\server.js:2384:1092)\n    at D2 (c:\\Users\\edu\\.vscode\\extensions\\uqbar.wollok-lsp-ide-0.5.3\\out\\server\\src\\server.js:2384:544)\n    at Qh (c:\\Users\\edu\\.vscode\\extensions\\uqbar.wollok-lsp-ide-0.5.3\\out\\server\\src\\server.js:2384:1092)\n    at D2 (c:\\Users\\edu\\.vscode\\extensions\\uqbar.wollok-lsp-ide-0.5.3\\out\\server\\src\\server.js:2384:544)\n    at c:\\Users\\edu\\.vscode\\extensions\\uqbar.wollok-lsp-ide-0.5.3\\out\\server\\src\\server.js:2384:2988\n    at c:\\Users\\edu\\.vscode\\extensions\\uqbar.wollok-lsp-ide-0.5.3\\out\\server\\src\\server.js:2393:8440\n    at c:\\Users\\edu\\.vscode\\extensions\\uqbar.wollok-lsp-ide-0.5.3\\out\\server\\src\\server.js:37:74872\n    at Ye (c:\\Users\\edu\\.vscode\\extensions\\uqbar.wollok-lsp-ide-0.5.3\\out\\server\\src\\server.js:7:8527)","timestamp":"2025-12-12T02:49:47.875Z"}
{"level":"info","message":"⌛ Validating parciales/hablemosSinSaber/resoProfes.wlk","timeElapsed":122,"timestamp":"2025-12-12T02:49:48.000Z"}
{"level":"error","message":"✘ Completions for node Send ([113:61, 113:73] - parciales/hablemosSinSaber/resoProfes.wlk) failed: Error: [Send]{dce79e} at parciales/hablemosSinSaber/resoProfes.wlk:113 exhausted all cases without a match [Send]{dce79e} at parciales/hablemosSinSaber/resoProfes.wlk:113 exhausted all cases without a match","stack":"Error: [Send]{dce79e} at parciales/hablemosSinSaber/resoProfes.wlk:113 exhausted all cases without a match\n    at c:\\Users\\edu\\.vscode\\extensions\\uqbar.wollok-lsp-ide-0.5.3\\out\\server\\src\\server.js:38:6142\n    at D2 (c:\\Users\\edu\\.vscode\\extensions\\uqbar.wollok-lsp-ide-0.5.3\\out\\server\\src\\server.js:2384:42)\n    at c:\\Users\\edu\\.vscode\\extensions\\uqbar.wollok-lsp-ide-0.5.3\\out\\server\\src\\server.js:2384:2988\n    at c:\\Users\\edu\\.vscode\\extensions\\uqbar.wollok-lsp-ide-0.5.3\\out\\server\\src\\server.js:2393:8440\n    at c:\\Users\\edu\\.vscode\\extensions\\uqbar.wollok-lsp-ide-0.5.3\\out\\server\\src\\server.js:37:74872\n    at Ye (c:\\Users\\edu\\.vscode\\extensions\\uqbar.wollok-lsp-ide-0.5.3\\out\\server\\src\\server.js:7:8527)\n    at qt (c:\\Users\\edu\\.vscode\\extensions\\uqbar.wollok-lsp-ide-0.5.3\\out\\server\\src\\server.js:7:6189)\n    at ot (c:\\Users\\edu\\.vscode\\extensions\\uqbar.wollok-lsp-ide-0.5.3\\out\\server\\src\\server.js:7:6378)\n    at Immediate._onImmediate (c:\\Users\\edu\\.vscode\\extensions\\uqbar.wollok-lsp-ide-0.5.3\\out\\server\\src\\server.js:7:6142)\n    at process.processImmediate (node:internal/timers:485:21)","timestamp":"2025-12-12T02:49:48.398Z"}
{"level":"error","message":"✘ Completions for node Send ([113:28, 113:73] - parciales/hablemosSinSaber/resoProfes.wlk) failed: Error: [Send]{f4f824} at parciales/hablemosSinSaber/resoProfes.wlk:113 exhausted all cases without a match [Send]{f4f824} at parciales/hablemosSinSaber/resoProfes.wlk:113 exhausted all cases without a match","stack":"Error: [Send]{f4f824} at parciales/hablemosSinSaber/resoProfes.wlk:113 exhausted all cases without a match\n    at c:\\Users\\edu\\.vscode\\extensions\\uqbar.wollok-lsp-ide-0.5.3\\out\\server\\src\\server.js:38:6142\n    at D2 (c:\\Users\\edu\\.vscode\\extensions\\uqbar.wollok-lsp-ide-0.5.3\\out\\server\\src\\server.js:2384:42)\n    at Qh (c:\\Users\\edu\\.vscode\\extensions\\uqbar.wollok-lsp-ide-0.5.3\\out\\server\\src\\server.js:2384:1092)\n    at D2 (c:\\Users\\edu\\.vscode\\extensions\\uqbar.wollok-lsp-ide-0.5.3\\out\\server\\src\\server.js:2384:544)\n    at c:\\Users\\edu\\.vscode\\extensions\\uqbar.wollok-lsp-ide-0.5.3\\out\\server\\src\\server.js:2384:2988\n    at c:\\Users\\edu\\.vscode\\extensions\\uqbar.wollok-lsp-ide-0.5.3\\out\\server\\src\\server.js:2393:8440\n    at c:\\Users\\edu\\.vscode\\extensions\\uqbar.wollok-lsp-ide-0.5.3\\out\\server\\src\\server.js:37:74872\n    at Ye (c:\\Users\\edu\\.vscode\\extensions\\uqbar.wollok-lsp-ide-0.5.3\\out\\server\\src\\server.js:7:8527)\n    at qt (c:\\Users\\edu\\.vscode\\extensions\\uqbar.wollok-lsp-ide-0.5.3\\out\\server\\src\\server.js:7:6189)\n    at ot (c:\\Users\\edu\\.vscode\\extensions\\uqbar.wollok-lsp-ide-0.5.3\\out\\server\\src\\server.js:7:6378)","timestamp":"2025-12-12T02:49:48.398Z"}
{"level":"error","message":"✘ Completions for node Return (undefined - parciales/hablemosSinSaber/resoProfes.wlk) failed: Error: [Return]{ac7404} at parciales/hablemosSinSaber/resoProfes.wlk:-- exhausted all cases without a match [Return]{ac7404} at parciales/hablemosSinSaber/resoProfes.wlk:-- exhausted all cases without a match","stack":"Error: [Return]{ac7404} at parciales/hablemosSinSaber/resoProfes.wlk:-- exhausted all cases without a match\n    at c:\\Users\\edu\\.vscode\\extensions\\uqbar.wollok-lsp-ide-0.5.3\\out\\server\\src\\server.js:38:6142\n    at D2 (c:\\Users\\edu\\.vscode\\extensions\\uqbar.wollok-lsp-ide-0.5.3\\out\\server\\src\\server.js:2384:42)\n    at Qh (c:\\Users\\edu\\.vscode\\extensions\\uqbar.wollok-lsp-ide-0.5.3\\out\\server\\src\\server.js:2384:1092)\n    at D2 (c:\\Users\\edu\\.vscode\\extensions\\uqbar.wollok-lsp-ide-0.5.3\\out\\server\\src\\server.js:2384:544)\n    at Qh (c:\\Users\\edu\\.vscode\\extensions\\uqbar.wollok-lsp-ide-0.5.3\\out\\server\\src\\server.js:2384:1092)\n    at D2 (c:\\Users\\edu\\.vscode\\extensions\\uqbar.wollok-lsp-ide-0.5.3\\out\\server\\src\\server.js:2384:544)\n    at c:\\Users\\edu\\.vscode\\extensions\\uqbar.wollok-lsp-ide-0.5.3\\out\\server\\src\\server.js:2384:2988\n    at c:\\Users\\edu\\.vscode\\extensions\\uqbar.wollok-lsp-ide-0.5.3\\out\\server\\src\\server.js:2393:8440\n    at c:\\Users\\edu\\.vscode\\extensions\\uqbar.wollok-lsp-ide-0.5.3\\out\\server\\src\\server.js:37:74872\n    at Ye (c:\\Users\\edu\\.vscode\\extensions\\uqbar.wollok-lsp-ide-0.5.3\\out\\server\\src\\server.js:7:8527)","timestamp":"2025-12-12T02:49:48.399Z"}
{"level":"info","message":"⌛ Validating parciales/hablemosSinSaber/resoProfes.wlk","timeElapsed":145,"timestamp":"2025-12-12T02:49:48.556Z"}
{"level":"info","message":"⌛ Building environment","timeElapsed":112,"timestamp":"2025-12-12T02:49:48.669Z"}
{"level":"error","message":"✘ Completions for node Send ([113:61, 113:74] - parciales/hablemosSinSaber/resoProfes.wlk) failed: Error: [Send]{e74d15} at parciales/hablemosSinSaber/resoProfes.wlk:113 exhausted all cases without a match [Send]{e74d15} at parciales/hablemosSinSaber/resoProfes.wlk:113 exhausted all cases without a match","stack":"Error: [Send]{e74d15} at parciales/hablemosSinSaber/resoProfes.wlk:113 exhausted all cases without a match\n    at c:\\Users\\edu\\.vscode\\extensions\\uqbar.wollok-lsp-ide-0.5.3\\out\\server\\src\\server.js:38:6142\n    at D2 (c:\\Users\\edu\\.vscode\\extensions\\uqbar.wollok-lsp-ide-0.5.3\\out\\server\\src\\server.js:2384:42)\n    at c:\\Users\\edu\\.vscode\\extensions\\uqbar.wollok-lsp-ide-0.5.3\\out\\server\\src\\server.js:2384:2988\n    at c:\\Users\\edu\\.vscode\\extensions\\uqbar.wollok-lsp-ide-0.5.3\\out\\server\\src\\server.js:2393:8440\n    at c:\\Users\\edu\\.vscode\\extensions\\uqbar.wollok-lsp-ide-0.5.3\\out\\server\\src\\server.js:37:74872\n    at Ye (c:\\Users\\edu\\.vscode\\extensions\\uqbar.wollok-lsp-ide-0.5.3\\out\\server\\src\\server.js:7:8527)\n    at qt (c:\\Users\\edu\\.vscode\\extensions\\uqbar.wollok-lsp-ide-0.5.3\\out\\server\\src\\server.js:7:6189)\n    at ot (c:\\Users\\edu\\.vscode\\extensions\\uqbar.wollok-lsp-ide-0.5.3\\out\\server\\src\\server.js:7:6378)\n    at Immediate._onImmediate (c:\\Users\\edu\\.vscode\\extensions\\uqbar.wollok-lsp-ide-0.5.3\\out\\server\\src\\server.js:7:6142)\n    at process.processImmediate (node:internal/timers:485:21)","timestamp":"2025-12-12T02:49:48.703Z"}
{"level":"error","message":"✘ Completions for node Send ([113:28, 113:74] - parciales/hablemosSinSaber/resoProfes.wlk) failed: Error: [Send]{c62a2f} at parciales/hablemosSinSaber/resoProfes.wlk:113 exhausted all cases without a match [Send]{c62a2f} at parciales/hablemosSinSaber/resoProfes.wlk:113 exhausted all cases without a match","stack":"Error: [Send]{c62a2f} at parciales/hablemosSinSaber/resoProfes.wlk:113 exhausted all cases without a match\n    at c:\\Users\\edu\\.vscode\\extensions\\uqbar.wollok-lsp-ide-0.5.3\\out\\server\\src\\server.js:38:6142\n    at D2 (c:\\Users\\edu\\.vscode\\extensions\\uqbar.wollok-lsp-ide-0.5.3\\out\\server\\src\\server.js:2384:42)\n    at Qh (c:\\Users\\edu\\.vscode\\extensions\\uqbar.wollok-lsp-ide-0.5.3\\out\\server\\src\\server.js:2384:1092)\n    at D2 (c:\\Users\\edu\\.vscode\\extensions\\uqbar.wollok-lsp-ide-0.5.3\\out\\server\\src\\server.js:2384:544)\n    at c:\\Users\\edu\\.vscode\\extensions\\uqbar.wollok-lsp-ide-0.5.3\\out\\server\\src\\server.js:2384:2988\n    at c:\\Users\\edu\\.vscode\\extensions\\uqbar.wollok-lsp-ide-0.5.3\\out\\server\\src\\server.js:2393:8440\n    at c:\\Users\\edu\\.vscode\\extensions\\uqbar.wollok-lsp-ide-0.5.3\\out\\server\\src\\server.js:37:74872\n    at Ye (c:\\Users\\edu\\.vscode\\extensions\\uqbar.wollok-lsp-ide-0.5.3\\out\\server\\src\\server.js:7:8527)\n    at qt (c:\\Users\\edu\\.vscode\\extensions\\uqbar.wollok-lsp-ide-0.5.3\\out\\server\\src\\server.js:7:6189)\n    at ot (c:\\Users\\edu\\.vscode\\extensions\\uqbar.wollok-lsp-ide-0.5.3\\out\\server\\src\\server.js:7:6378)","timestamp":"2025-12-12T02:49:48.703Z"}
{"level":"error","message":"✘ Completions for node Return (undefined - parciales/hablemosSinSaber/resoProfes.wlk) failed: Error: [Return]{c2c7be} at parciales/hablemosSinSaber/resoProfes.wlk:-- exhausted all cases without a match [Return]{c2c7be} at parciales/hablemosSinSaber/resoProfes.wlk:-- exhausted all cases without a match","stack":"Error: [Return]{c2c7be} at parciales/hablemosSinSaber/resoProfes.wlk:-- exhausted all cases without a match\n    at c:\\Users\\edu\\.vscode\\extensions\\uqbar.wollok-lsp-ide-0.5.3\\out\\server\\src\\server.js:38:6142\n    at D2 (c:\\Users\\edu\\.vscode\\extensions\\uqbar.wollok-lsp-ide-0.5.3\\out\\server\\src\\server.js:2384:42)\n    at Qh (c:\\Users\\edu\\.vscode\\extensions\\uqbar.wollok-lsp-ide-0.5.3\\out\\server\\src\\server.js:2384:1092)\n    at D2 (c:\\Users\\edu\\.vscode\\extensions\\uqbar.wollok-lsp-ide-0.5.3\\out\\server\\src\\server.js:2384:544)\n    at Qh (c:\\Users\\edu\\.vscode\\extensions\\uqbar.wollok-lsp-ide-0.5.3\\out\\server\\src\\server.js:2384:1092)\n    at D2 (c:\\Users\\edu\\.vscode\\extensions\\uqbar.wollok-lsp-ide-0.5.3\\out\\server\\src\\server.js:2384:544)\n    at c:\\Users\\edu\\.vscode\\extensions\\uqbar.wollok-lsp-ide-0.5.3\\out\\server\\src\\server.js:2384:2988\n    at c:\\Users\\edu\\.vscode\\extensions\\uqbar.wollok-lsp-ide-0.5.3\\out\\server\\src\\server.js:2393:8440\n    at c:\\Users\\edu\\.vscode\\extensions\\uqbar.wollok-lsp-ide-0.5.3\\out\\server\\src\\server.js:37:74872\n    at Ye (c:\\Users\\edu\\.vscode\\extensions\\uqbar.wollok-lsp-ide-0.5.3\\out\\server\\src\\server.js:7:8527)","timestamp":"2025-12-12T02:49:48.704Z"}
{"level":"info","message":"⌛ Building environment","timeElapsed":105,"timestamp":"2025-12-12T02:49:48.813Z"}
{"level":"info","message":"⌛ Validating parciales/hablemosSinSaber/resoProfes.wlk","timeElapsed":149,"timestamp":"2025-12-12T02:49:48.962Z"}
{"level":"info","message":"⌛ Building environment","timeElapsed":143,"timestamp":"2025-12-12T02:49:49.107Z"}
{"level":"error","message":"✘ Completions for node Send ([113:61, 113:76] - parciales/hablemosSinSaber/resoProfes.wlk) failed: Error: [Send]{b064fe} at parciales/hablemosSinSaber/resoProfes.wlk:113 exhausted all cases without a match [Send]{b064fe} at parciales/hablemosSinSaber/resoProfes.wlk:113 exhausted all cases without a match","stack":"Error: [Send]{b064fe} at parciales/hablemosSinSaber/resoProfes.wlk:113 exhausted all cases without a match\n    at c:\\Users\\edu\\.vscode\\extensions\\uqbar.wollok-lsp-ide-0.5.3\\out\\server\\src\\server.js:38:6142\n    at D2 (c:\\Users\\edu\\.vscode\\extensions\\uqbar.wollok-lsp-ide-0.5.3\\out\\server\\src\\server.js:2384:42)\n    at c:\\Users\\edu\\.vscode\\extensions\\uqbar.wollok-lsp-ide-0.5.3\\out\\server\\src\\server.js:2384:2988\n    at c:\\Users\\edu\\.vscode\\extensions\\uqbar.wollok-lsp-ide-0.5.3\\out\\server\\src\\server.js:2393:8440\n    at c:\\Users\\edu\\.vscode\\extensions\\uqbar.wollok-lsp-ide-0.5.3\\out\\server\\src\\server.js:37:74872\n    at Ye (c:\\Users\\edu\\.vscode\\extensions\\uqbar.wollok-lsp-ide-0.5.3\\out\\server\\src\\server.js:7:8527)\n    at qt (c:\\Users\\edu\\.vscode\\extensions\\uqbar.wollok-lsp-ide-0.5.3\\out\\server\\src\\server.js:7:6189)\n    at ot (c:\\Users\\edu\\.vscode\\extensions\\uqbar.wollok-lsp-ide-0.5.3\\out\\server\\src\\server.js:7:6378)\n    at Immediate._onImmediate (c:\\Users\\edu\\.vscode\\extensions\\uqbar.wollok-lsp-ide-0.5.3\\out\\server\\src\\server.js:7:6142)\n    at process.processImmediate (node:internal/timers:485:21)","timestamp":"2025-12-12T02:49:49.139Z"}
{"level":"error","message":"✘ Completions for node Send ([113:28, 113:76] - parciales/hablemosSinSaber/resoProfes.wlk) failed: Error: [Send]{7c88b7} at parciales/hablemosSinSaber/resoProfes.wlk:113 exhausted all cases without a match [Send]{7c88b7} at parciales/hablemosSinSaber/resoProfes.wlk:113 exhausted all cases without a match","stack":"Error: [Send]{7c88b7} at parciales/hablemosSinSaber/resoProfes.wlk:113 exhausted all cases without a match\n    at c:\\Users\\edu\\.vscode\\extensions\\uqbar.wollok-lsp-ide-0.5.3\\out\\server\\src\\server.js:38:6142\n    at D2 (c:\\Users\\edu\\.vscode\\extensions\\uqbar.wollok-lsp-ide-0.5.3\\out\\server\\src\\server.js:2384:42)\n    at Qh (c:\\Users\\edu\\.vscode\\extensions\\uqbar.wollok-lsp-ide-0.5.3\\out\\server\\src\\server.js:2384:1092)\n    at D2 (c:\\Users\\edu\\.vscode\\extensions\\uqbar.wollok-lsp-ide-0.5.3\\out\\server\\src\\server.js:2384:544)\n    at c:\\Users\\edu\\.vscode\\extensions\\uqbar.wollok-lsp-ide-0.5.3\\out\\server\\src\\server.js:2384:2988\n    at c:\\Users\\edu\\.vscode\\extensions\\uqbar.wollok-lsp-ide-0.5.3\\out\\server\\src\\server.js:2393:8440\n    at c:\\Users\\edu\\.vscode\\extensions\\uqbar.wollok-lsp-ide-0.5.3\\out\\server\\src\\server.js:37:74872\n    at Ye (c:\\Users\\edu\\.vscode\\extensions\\uqbar.wollok-lsp-ide-0.5.3\\out\\server\\src\\server.js:7:8527)\n    at qt (c:\\Users\\edu\\.vscode\\extensions\\uqbar.wollok-lsp-ide-0.5.3\\out\\server\\src\\server.js:7:6189)\n    at ot (c:\\Users\\edu\\.vscode\\extensions\\uqbar.wollok-lsp-ide-0.5.3\\out\\server\\src\\server.js:7:6378)","timestamp":"2025-12-12T02:49:49.139Z"}
{"level":"error","message":"✘ Completions for node Return (undefined - parciales/hablemosSinSaber/resoProfes.wlk) failed: Error: [Return]{8b0204} at parciales/hablemosSinSaber/resoProfes.wlk:-- exhausted all cases without a match [Return]{8b0204} at parciales/hablemosSinSaber/resoProfes.wlk:-- exhausted all cases without a match","stack":"Error: [Return]{8b0204} at parciales/hablemosSinSaber/resoProfes.wlk:-- exhausted all cases without a match\n    at c:\\Users\\edu\\.vscode\\extensions\\uqbar.wollok-lsp-ide-0.5.3\\out\\server\\src\\server.js:38:6142\n    at D2 (c:\\Users\\edu\\.vscode\\extensions\\uqbar.wollok-lsp-ide-0.5.3\\out\\server\\src\\server.js:2384:42)\n    at Qh (c:\\Users\\edu\\.vscode\\extensions\\uqbar.wollok-lsp-ide-0.5.3\\out\\server\\src\\server.js:2384:1092)\n    at D2 (c:\\Users\\edu\\.vscode\\extensions\\uqbar.wollok-lsp-ide-0.5.3\\out\\server\\src\\server.js:2384:544)\n    at Qh (c:\\Users\\edu\\.vscode\\extensions\\uqbar.wollok-lsp-ide-0.5.3\\out\\server\\src\\server.js:2384:1092)\n    at D2 (c:\\Users\\edu\\.vscode\\extensions\\uqbar.wollok-lsp-ide-0.5.3\\out\\server\\src\\server.js:2384:544)\n    at c:\\Users\\edu\\.vscode\\extensions\\uqbar.wollok-lsp-ide-0.5.3\\out\\server\\src\\server.js:2384:2988\n    at c:\\Users\\edu\\.vscode\\extensions\\uqbar.wollok-lsp-ide-0.5.3\\out\\server\\src\\server.js:2393:8440\n    at c:\\Users\\edu\\.vscode\\extensions\\uqbar.wollok-lsp-ide-0.5.3\\out\\server\\src\\server.js:37:74872\n    at Ye (c:\\Users\\edu\\.vscode\\extensions\\uqbar.wollok-lsp-ide-0.5.3\\out\\server\\src\\server.js:7:8527)","timestamp":"2025-12-12T02:49:49.139Z"}
{"level":"info","message":"⌛ Building environment","timeElapsed":108,"timestamp":"2025-12-12T02:49:49.251Z"}
{"level":"info","message":"⌛ Validating parciales/hablemosSinSaber/resoProfes.wlk","timeElapsed":132,"timestamp":"2025-12-12T02:49:49.383Z"}
{"level":"info","message":"⌛ Validating parciales/hablemosSinSaber/resoProfes.wlk","timeElapsed":118,"timestamp":"2025-12-12T02:49:49.588Z"}
{"level":"info","message":"⌛ Validating parciales/hablemosSinSaber/resoProfes.wlk","timeElapsed":115,"timestamp":"2025-12-12T02:49:49.713Z"}
{"level":"error","message":"✘ Completions for node Send ([113:61, 113:79] - parciales/hablemosSinSaber/resoProfes.wlk) failed: Error: [Send]{90f9e8} at parciales/hablemosSinSaber/resoProfes.wlk:113 exhausted all cases without a match [Send]{90f9e8} at parciales/hablemosSinSaber/resoProfes.wlk:113 exhausted all cases without a match","stack":"Error: [Send]{90f9e8} at parciales/hablemosSinSaber/resoProfes.wlk:113 exhausted all cases without a match\n    at c:\\Users\\edu\\.vscode\\extensions\\uqbar.wollok-lsp-ide-0.5.3\\out\\server\\src\\server.js:38:6142\n    at D2 (c:\\Users\\edu\\.vscode\\extensions\\uqbar.wollok-lsp-ide-0.5.3\\out\\server\\src\\server.js:2384:42)\n    at c:\\Users\\edu\\.vscode\\extensions\\uqbar.wollok-lsp-ide-0.5.3\\out\\server\\src\\server.js:2384:2988\n    at c:\\Users\\edu\\.vscode\\extensions\\uqbar.wollok-lsp-ide-0.5.3\\out\\server\\src\\server.js:2393:8440\n    at c:\\Users\\edu\\.vscode\\extensions\\uqbar.wollok-lsp-ide-0.5.3\\out\\server\\src\\server.js:37:74872\n    at Ye (c:\\Users\\edu\\.vscode\\extensions\\uqbar.wollok-lsp-ide-0.5.3\\out\\server\\src\\server.js:7:8527)\n    at qt (c:\\Users\\edu\\.vscode\\extensions\\uqbar.wollok-lsp-ide-0.5.3\\out\\server\\src\\server.js:7:6189)\n    at ot (c:\\Users\\edu\\.vscode\\extensions\\uqbar.wollok-lsp-ide-0.5.3\\out\\server\\src\\server.js:7:6378)\n    at Immediate._onImmediate (c:\\Users\\edu\\.vscode\\extensions\\uqbar.wollok-lsp-ide-0.5.3\\out\\server\\src\\server.js:7:6142)\n    at process.processImmediate (node:internal/timers:485:21)","timestamp":"2025-12-12T02:49:49.820Z"}
{"level":"error","message":"✘ Completions for node Send ([113:28, 113:79] - parciales/hablemosSinSaber/resoProfes.wlk) failed: Error: [Send]{36dfe4} at parciales/hablemosSinSaber/resoProfes.wlk:113 exhausted all cases without a match [Send]{36dfe4} at parciales/hablemosSinSaber/resoProfes.wlk:113 exhausted all cases without a match","stack":"Error: [Send]{36dfe4} at parciales/hablemosSinSaber/resoProfes.wlk:113 exhausted all cases without a match\n    at c:\\Users\\edu\\.vscode\\extensions\\uqbar.wollok-lsp-ide-0.5.3\\out\\server\\src\\server.js:38:6142\n    at D2 (c:\\Users\\edu\\.vscode\\extensions\\uqbar.wollok-lsp-ide-0.5.3\\out\\server\\src\\server.js:2384:42)\n    at Qh (c:\\Users\\edu\\.vscode\\extensions\\uqbar.wollok-lsp-ide-0.5.3\\out\\server\\src\\server.js:2384:1092)\n    at D2 (c:\\Users\\edu\\.vscode\\extensions\\uqbar.wollok-lsp-ide-0.5.3\\out\\server\\src\\server.js:2384:544)\n    at c:\\Users\\edu\\.vscode\\extensions\\uqbar.wollok-lsp-ide-0.5.3\\out\\server\\src\\server.js:2384:2988\n    at c:\\Users\\edu\\.vscode\\extensions\\uqbar.wollok-lsp-ide-0.5.3\\out\\server\\src\\server.js:2393:8440\n    at c:\\Users\\edu\\.vscode\\extensions\\uqbar.wollok-lsp-ide-0.5.3\\out\\server\\src\\server.js:37:74872\n    at Ye (c:\\Users\\edu\\.vscode\\extensions\\uqbar.wollok-lsp-ide-0.5.3\\out\\server\\src\\server.js:7:8527)\n    at qt (c:\\Users\\edu\\.vscode\\extensions\\uqbar.wollok-lsp-ide-0.5.3\\out\\server\\src\\server.js:7:6189)\n    at ot (c:\\Users\\edu\\.vscode\\extensions\\uqbar.wollok-lsp-ide-0.5.3\\out\\server\\src\\server.js:7:6378)","timestamp":"2025-12-12T02:49:49.821Z"}
{"level":"error","message":"✘ Completions for node Return (undefined - parciales/hablemosSinSaber/resoProfes.wlk) failed: Error: [Return]{11126a} at parciales/hablemosSinSaber/resoProfes.wlk:-- exhausted all cases without a match [Return]{11126a} at parciales/hablemosSinSaber/resoProfes.wlk:-- exhausted all cases without a match","stack":"Error: [Return]{11126a} at parciales/hablemosSinSaber/resoProfes.wlk:-- exhausted all cases without a match\n    at c:\\Users\\edu\\.vscode\\extensions\\uqbar.wollok-lsp-ide-0.5.3\\out\\server\\src\\server.js:38:6142\n    at D2 (c:\\Users\\edu\\.vscode\\extensions\\uqbar.wollok-lsp-ide-0.5.3\\out\\server\\src\\server.js:2384:42)\n    at Qh (c:\\Users\\edu\\.vscode\\extensions\\uqbar.wollok-lsp-ide-0.5.3\\out\\server\\src\\server.js:2384:1092)\n    at D2 (c:\\Users\\edu\\.vscode\\extensions\\uqbar.wollok-lsp-ide-0.5.3\\out\\server\\src\\server.js:2384:544)\n    at Qh (c:\\Users\\edu\\.vscode\\extensions\\uqbar.wollok-lsp-ide-0.5.3\\out\\server\\src\\server.js:2384:1092)\n    at D2 (c:\\Users\\edu\\.vscode\\extensions\\uqbar.wollok-lsp-ide-0.5.3\\out\\server\\src\\server.js:2384:544)\n    at c:\\Users\\edu\\.vscode\\extensions\\uqbar.wollok-lsp-ide-0.5.3\\out\\server\\src\\server.js:2384:2988\n    at c:\\Users\\edu\\.vscode\\extensions\\uqbar.wollok-lsp-ide-0.5.3\\out\\server\\src\\server.js:2393:8440\n    at c:\\Users\\edu\\.vscode\\extensions\\uqbar.wollok-lsp-ide-0.5.3\\out\\server\\src\\server.js:37:74872\n    at Ye (c:\\Users\\edu\\.vscode\\extensions\\uqbar.wollok-lsp-ide-0.5.3\\out\\server\\src\\server.js:7:8527)","timestamp":"2025-12-12T02:49:49.821Z"}
{"level":"info","message":"⌛ Validating parciales/hablemosSinSaber/resoProfes.wlk","timeElapsed":120,"timestamp":"2025-12-12T02:49:50.033Z"}
{"level":"info","message":"⌛ Validating parciales/hablemosSinSaber/resoProfes.wlk","timeElapsed":121,"timestamp":"2025-12-12T02:49:50.324Z"}
{"level":"error","message":"✘ Completions for node Send ([113:61, 113:83] - parciales/hablemosSinSaber/resoProfes.wlk) failed: Error: [Send]{1f95f1} at parciales/hablemosSinSaber/resoProfes.wlk:113 exhausted all cases without a match [Send]{1f95f1} at parciales/hablemosSinSaber/resoProfes.wlk:113 exhausted all cases without a match","stack":"Error: [Send]{1f95f1} at parciales/hablemosSinSaber/resoProfes.wlk:113 exhausted all cases without a match\n    at c:\\Users\\edu\\.vscode\\extensions\\uqbar.wollok-lsp-ide-0.5.3\\out\\server\\src\\server.js:38:6142\n    at D2 (c:\\Users\\edu\\.vscode\\extensions\\uqbar.wollok-lsp-ide-0.5.3\\out\\server\\src\\server.js:2384:42)\n    at c:\\Users\\edu\\.vscode\\extensions\\uqbar.wollok-lsp-ide-0.5.3\\out\\server\\src\\server.js:2384:2988\n    at c:\\Users\\edu\\.vscode\\extensions\\uqbar.wollok-lsp-ide-0.5.3\\out\\server\\src\\server.js:2393:8440\n    at c:\\Users\\edu\\.vscode\\extensions\\uqbar.wollok-lsp-ide-0.5.3\\out\\server\\src\\server.js:37:74872\n    at Ye (c:\\Users\\edu\\.vscode\\extensions\\uqbar.wollok-lsp-ide-0.5.3\\out\\server\\src\\server.js:7:8527)\n    at qt (c:\\Users\\edu\\.vscode\\extensions\\uqbar.wollok-lsp-ide-0.5.3\\out\\server\\src\\server.js:7:6189)\n    at ot (c:\\Users\\edu\\.vscode\\extensions\\uqbar.wollok-lsp-ide-0.5.3\\out\\server\\src\\server.js:7:6378)\n    at Immediate._onImmediate (c:\\Users\\edu\\.vscode\\extensions\\uqbar.wollok-lsp-ide-0.5.3\\out\\server\\src\\server.js:7:6142)\n    at process.processImmediate (node:internal/timers:485:21)","timestamp":"2025-12-12T02:49:50.431Z"}
{"level":"error","message":"✘ Completions for node Send ([113:28, 113:83] - parciales/hablemosSinSaber/resoProfes.wlk) failed: Error: [Send]{82f1a3} at parciales/hablemosSinSaber/resoProfes.wlk:113 exhausted all cases without a match [Send]{82f1a3} at parciales/hablemosSinSaber/resoProfes.wlk:113 exhausted all cases without a match","stack":"Error: [Send]{82f1a3} at parciales/hablemosSinSaber/resoProfes.wlk:113 exhausted all cases without a match\n    at c:\\Users\\edu\\.vscode\\extensions\\uqbar.wollok-lsp-ide-0.5.3\\out\\server\\src\\server.js:38:6142\n    at D2 (c:\\Users\\edu\\.vscode\\extensions\\uqbar.wollok-lsp-ide-0.5.3\\out\\server\\src\\server.js:2384:42)\n    at Qh (c:\\Users\\edu\\.vscode\\extensions\\uqbar.wollok-lsp-ide-0.5.3\\out\\server\\src\\server.js:2384:1092)\n    at D2 (c:\\Users\\edu\\.vscode\\extensions\\uqbar.wollok-lsp-ide-0.5.3\\out\\server\\src\\server.js:2384:544)\n    at c:\\Users\\edu\\.vscode\\extensions\\uqbar.wollok-lsp-ide-0.5.3\\out\\server\\src\\server.js:2384:2988\n    at c:\\Users\\edu\\.vscode\\extensions\\uqbar.wollok-lsp-ide-0.5.3\\out\\server\\src\\server.js:2393:8440\n    at c:\\Users\\edu\\.vscode\\extensions\\uqbar.wollok-lsp-ide-0.5.3\\out\\server\\src\\server.js:37:74872\n    at Ye (c:\\Users\\edu\\.vscode\\extensions\\uqbar.wollok-lsp-ide-0.5.3\\out\\server\\src\\server.js:7:8527)\n    at qt (c:\\Users\\edu\\.vscode\\extensions\\uqbar.wollok-lsp-ide-0.5.3\\out\\server\\src\\server.js:7:6189)\n    at ot (c:\\Users\\edu\\.vscode\\extensions\\uqbar.wollok-lsp-ide-0.5.3\\out\\server\\src\\server.js:7:6378)","timestamp":"2025-12-12T02:49:50.431Z"}
{"level":"error","message":"✘ Completions for node Return (undefined - parciales/hablemosSinSaber/resoProfes.wlk) failed: Error: [Return]{977db0} at parciales/hablemosSinSaber/resoProfes.wlk:-- exhausted all cases without a match [Return]{977db0} at parciales/hablemosSinSaber/resoProfes.wlk:-- exhausted all cases without a match","stack":"Error: [Return]{977db0} at parciales/hablemosSinSaber/resoProfes.wlk:-- exhausted all cases without a match\n    at c:\\Users\\edu\\.vscode\\extensions\\uqbar.wollok-lsp-ide-0.5.3\\out\\server\\src\\server.js:38:6142\n    at D2 (c:\\Users\\edu\\.vscode\\extensions\\uqbar.wollok-lsp-ide-0.5.3\\out\\server\\src\\server.js:2384:42)\n    at Qh (c:\\Users\\edu\\.vscode\\extensions\\uqbar.wollok-lsp-ide-0.5.3\\out\\server\\src\\server.js:2384:1092)\n    at D2 (c:\\Users\\edu\\.vscode\\extensions\\uqbar.wollok-lsp-ide-0.5.3\\out\\server\\src\\server.js:2384:544)\n    at Qh (c:\\Users\\edu\\.vscode\\extensions\\uqbar.wollok-lsp-ide-0.5.3\\out\\server\\src\\server.js:2384:1092)\n    at D2 (c:\\Users\\edu\\.vscode\\extensions\\uqbar.wollok-lsp-ide-0.5.3\\out\\server\\src\\server.js:2384:544)\n    at c:\\Users\\edu\\.vscode\\extensions\\uqbar.wollok-lsp-ide-0.5.3\\out\\server\\src\\server.js:2384:2988\n    at c:\\Users\\edu\\.vscode\\extensions\\uqbar.wollok-lsp-ide-0.5.3\\out\\server\\src\\server.js:2393:8440\n    at c:\\Users\\edu\\.vscode\\extensions\\uqbar.wollok-lsp-ide-0.5.3\\out\\server\\src\\server.js:37:74872\n    at Ye (c:\\Users\\edu\\.vscode\\extensions\\uqbar.wollok-lsp-ide-0.5.3\\out\\server\\src\\server.js:7:8527)","timestamp":"2025-12-12T02:49:50.431Z"}
{"level":"info","message":"⌛ Validating parciales/hablemosSinSaber/resoProfes.wlk","timeElapsed":116,"timestamp":"2025-12-12T02:49:50.558Z"}
{"level":"info","message":"⌛ Building environment","timeElapsed":237,"timestamp":"2025-12-12T02:49:50.796Z"}
{"level":"info","message":"⌛ Validating parciales/hablemosSinSaber/resoProfes.wlk","timeElapsed":131,"timestamp":"2025-12-12T02:49:50.927Z"}
{"level":"info","message":"⌛ Validating parciales/hablemosSinSaber/resoProfes.wlk","timeElapsed":122,"timestamp":"2025-12-12T02:49:51.049Z"}
{"level":"info","message":"⌛ Validating parciales/hablemosSinSaber/resoProfes.wlk","timeElapsed":115,"timestamp":"2025-12-12T02:49:51.175Z"}
{"level":"info","message":"⌛ Validating parciales/hablemosSinSaber/resoProfes.wlk","timeElapsed":116,"timestamp":"2025-12-12T02:49:51.291Z"}
{"level":"error","message":"✘ Completions for node Send ([113:61, 113:85] - parciales/hablemosSinSaber/resoProfes.wlk) failed: Error: [Send]{cfa517} at parciales/hablemosSinSaber/resoProfes.wlk:113 exhausted all cases without a match [Send]{cfa517} at parciales/hablemosSinSaber/resoProfes.wlk:113 exhausted all cases without a match","stack":"Error: [Send]{cfa517} at parciales/hablemosSinSaber/resoProfes.wlk:113 exhausted all cases without a match\n    at c:\\Users\\edu\\.vscode\\extensions\\uqbar.wollok-lsp-ide-0.5.3\\out\\server\\src\\server.js:38:6142\n    at D2 (c:\\Users\\edu\\.vscode\\extensions\\uqbar.wollok-lsp-ide-0.5.3\\out\\server\\src\\server.js:2384:42)\n    at c:\\Users\\edu\\.vscode\\extensions\\uqbar.wollok-lsp-ide-0.5.3\\out\\server\\src\\server.js:2384:2988\n    at c:\\Users\\edu\\.vscode\\extensions\\uqbar.wollok-lsp-ide-0.5.3\\out\\server\\src\\server.js:2393:8440\n    at c:\\Users\\edu\\.vscode\\extensions\\uqbar.wollok-lsp-ide-0.5.3\\out\\server\\src\\server.js:37:74872\n    at Ye (c:\\Users\\edu\\.vscode\\extensions\\uqbar.wollok-lsp-ide-0.5.3\\out\\server\\src\\server.js:7:8527)\n    at qt (c:\\Users\\edu\\.vscode\\extensions\\uqbar.wollok-lsp-ide-0.5.3\\out\\server\\src\\server.js:7:6189)\n    at ot (c:\\Users\\edu\\.vscode\\extensions\\uqbar.wollok-lsp-ide-0.5.3\\out\\server\\src\\server.js:7:6378)\n    at Immediate._onImmediate (c:\\Users\\edu\\.vscode\\extensions\\uqbar.wollok-lsp-ide-0.5.3\\out\\server\\src\\server.js:7:6142)\n    at process.processImmediate (node:internal/timers:485:21)","timestamp":"2025-12-12T02:49:51.415Z"}
{"level":"error","message":"✘ Completions for node Send ([113:28, 113:85] - parciales/hablemosSinSaber/resoProfes.wlk) failed: Error: [Send]{e22747} at parciales/hablemosSinSaber/resoProfes.wlk:113 exhausted all cases without a match [Send]{e22747} at parciales/hablemosSinSaber/resoProfes.wlk:113 exhausted all cases without a match","stack":"Error: [Send]{e22747} at parciales/hablemosSinSaber/resoProfes.wlk:113 exhausted all cases without a match\n    at c:\\Users\\edu\\.vscode\\extensions\\uqbar.wollok-lsp-ide-0.5.3\\out\\server\\src\\server.js:38:6142\n    at D2 (c:\\Users\\edu\\.vscode\\extensions\\uqbar.wollok-lsp-ide-0.5.3\\out\\server\\src\\server.js:2384:42)\n    at Qh (c:\\Users\\edu\\.vscode\\extensions\\uqbar.wollok-lsp-ide-0.5.3\\out\\server\\src\\server.js:2384:1092)\n    at D2 (c:\\Users\\edu\\.vscode\\extensions\\uqbar.wollok-lsp-ide-0.5.3\\out\\server\\src\\server.js:2384:544)\n    at c:\\Users\\edu\\.vscode\\extensions\\uqbar.wollok-lsp-ide-0.5.3\\out\\server\\src\\server.js:2384:2988\n    at c:\\Users\\edu\\.vscode\\extensions\\uqbar.wollok-lsp-ide-0.5.3\\out\\server\\src\\server.js:2393:8440\n    at c:\\Users\\edu\\.vscode\\extensions\\uqbar.wollok-lsp-ide-0.5.3\\out\\server\\src\\server.js:37:74872\n    at Ye (c:\\Users\\edu\\.vscode\\extensions\\uqbar.wollok-lsp-ide-0.5.3\\out\\server\\src\\server.js:7:8527)\n    at qt (c:\\Users\\edu\\.vscode\\extensions\\uqbar.wollok-lsp-ide-0.5.3\\out\\server\\src\\server.js:7:6189)\n    at ot (c:\\Users\\edu\\.vscode\\extensions\\uqbar.wollok-lsp-ide-0.5.3\\out\\server\\src\\server.js:7:6378)","timestamp":"2025-12-12T02:49:51.415Z"}
{"level":"error","message":"✘ Completions for node Return (undefined - parciales/hablemosSinSaber/resoProfes.wlk) failed: Error: [Return]{d47b97} at parciales/hablemosSinSaber/resoProfes.wlk:-- exhausted all cases without a match [Return]{d47b97} at parciales/hablemosSinSaber/resoProfes.wlk:-- exhausted all cases without a match","stack":"Error: [Return]{d47b97} at parciales/hablemosSinSaber/resoProfes.wlk:-- exhausted all cases without a match\n    at c:\\Users\\edu\\.vscode\\extensions\\uqbar.wollok-lsp-ide-0.5.3\\out\\server\\src\\server.js:38:6142\n    at D2 (c:\\Users\\edu\\.vscode\\extensions\\uqbar.wollok-lsp-ide-0.5.3\\out\\server\\src\\server.js:2384:42)\n    at Qh (c:\\Users\\edu\\.vscode\\extensions\\uqbar.wollok-lsp-ide-0.5.3\\out\\server\\src\\server.js:2384:1092)\n    at D2 (c:\\Users\\edu\\.vscode\\extensions\\uqbar.wollok-lsp-ide-0.5.3\\out\\server\\src\\server.js:2384:544)\n    at Qh (c:\\Users\\edu\\.vscode\\extensions\\uqbar.wollok-lsp-ide-0.5.3\\out\\server\\src\\server.js:2384:1092)\n    at D2 (c:\\Users\\edu\\.vscode\\extensions\\uqbar.wollok-lsp-ide-0.5.3\\out\\server\\src\\server.js:2384:544)\n    at c:\\Users\\edu\\.vscode\\extensions\\uqbar.wollok-lsp-ide-0.5.3\\out\\server\\src\\server.js:2384:2988\n    at c:\\Users\\edu\\.vscode\\extensions\\uqbar.wollok-lsp-ide-0.5.3\\out\\server\\src\\server.js:2393:8440\n    at c:\\Users\\edu\\.vscode\\extensions\\uqbar.wollok-lsp-ide-0.5.3\\out\\server\\src\\server.js:37:74872\n    at Ye (c:\\Users\\edu\\.vscode\\extensions\\uqbar.wollok-lsp-ide-0.5.3\\out\\server\\src\\server.js:7:8527)","timestamp":"2025-12-12T02:49:51.415Z"}
{"level":"info","message":"⌛ Validating parciales/hablemosSinSaber/resoProfes.wlk","timeElapsed":116,"timestamp":"2025-12-12T02:49:51.892Z"}
{"level":"info","message":"⌛ Validating parciales/hablemosSinSaber/resoProfes.wlk","timeElapsed":112,"timestamp":"2025-12-12T02:49:52.009Z"}
{"level":"info","message":"⌛ Validating parciales/hablemosSinSaber/resoProfes.wlk","timeElapsed":110,"timestamp":"2025-12-12T02:49:52.124Z"}
{"level":"info","message":"⌛ Validating parciales/hablemosSinSaber/resoProfes.wlk","timeElapsed":119,"timestamp":"2025-12-12T02:49:52.243Z"}
{"level":"info","message":"⌛ Validating parciales/hablemosSinSaber/resoProfes.wlk","timeElapsed":146,"timestamp":"2025-12-12T02:49:52.389Z"}
{"level":"info","message":"⌛ Validating parciales/hablemosSinSaber/resoProfes.wlk","timeElapsed":121,"timestamp":"2025-12-12T02:49:56.709Z"}
{"level":"info","message":"⌛ Validating parciales/hablemosSinSaber/resoProfes.wlk","timeElapsed":116,"timestamp":"2025-12-12T02:49:56.826Z"}
{"level":"info","message":"⌛ Validating parciales/hablemosSinSaber/resoProfes.wlk","timeElapsed":115,"timestamp":"2025-12-12T02:49:57.062Z"}
{"level":"info","message":"⌛ Validating parciales/hablemosSinSaber/resoProfes.wlk","timeElapsed":117,"timestamp":"2025-12-12T02:49:57.406Z"}
{"level":"info","message":"⌛ Validating parciales/hablemosSinSaber/resoProfes.wlk","timeElapsed":114,"timestamp":"2025-12-12T02:49:57.845Z"}
{"level":"info","message":"⌛ Validating parciales/hablemosSinSaber/resoProfes.wlk","timeElapsed":119,"timestamp":"2025-12-12T02:49:58.169Z"}
{"level":"info","message":"⌛ Validating parciales/hablemosSinSaber/resoProfes.wlk","timeElapsed":117,"timestamp":"2025-12-12T02:49:58.286Z"}
{"level":"info","message":"⌛ Validating parciales/hablemosSinSaber/resoProfes.wlk","timeElapsed":123,"timestamp":"2025-12-12T02:49:58.701Z"}
{"level":"info","message":"⌛ Validating parciales/hablemosSinSaber/resoProfes.wlk","timeElapsed":112,"timestamp":"2025-12-12T02:49:58.813Z"}
{"level":"info","message":"⌛ Validating parciales/hablemosSinSaber/resoProfes.wlk","timeElapsed":118,"timestamp":"2025-12-12T02:49:58.941Z"}
{"level":"info","message":"⌛ Building environment","timeElapsed":178,"timestamp":"2025-12-12T02:49:59.119Z"}
{"level":"info","message":"⌛ Building environment","timeElapsed":201,"timestamp":"2025-12-12T02:49:59.347Z"}
{"level":"info","message":"⌛ Validating parciales/hablemosSinSaber/resoProfes.wlk","timeElapsed":121,"timestamp":"2025-12-12T02:49:59.654Z"}
{"level":"info","message":"⌛ Validating parciales/hablemosSinSaber/resoProfes.wlk","timeElapsed":123,"timestamp":"2025-12-12T02:49:59.869Z"}
{"level":"info","message":"⌛ Validating parciales/hablemosSinSaber/resoProfes.wlk","timeElapsed":122,"timestamp":"2025-12-12T02:50:00.083Z"}
{"level":"info","message":"⌛ Validating parciales/hablemosSinSaber/resoProfes.wlk","timeElapsed":111,"timestamp":"2025-12-12T02:50:00.195Z"}
{"level":"info","message":"⌛ Validating parciales/hablemosSinSaber/resoProfes.wlk","timeElapsed":124,"timestamp":"2025-12-12T02:50:00.405Z"}
{"level":"info","message":"⌛ Building environment","timeElapsed":101,"timestamp":"2025-12-12T02:50:00.710Z"}
{"level":"info","message":"⌛ Validating parciales/hablemosSinSaber/resoProfes.wlk","timeElapsed":119,"timestamp":"2025-12-12T02:50:00.829Z"}
{"level":"info","message":"⌛ Building environment","timeElapsed":117,"timestamp":"2025-12-12T02:50:00.947Z"}
{"level":"info","message":"⌛ Validating parciales/hablemosSinSaber/resoProfes.wlk","timeElapsed":129,"timestamp":"2025-12-12T02:50:01.170Z"}
{"level":"info","message":"⌛ Validating parciales/hablemosSinSaber/resoProfes.wlk","timeElapsed":124,"timestamp":"2025-12-12T02:50:01.379Z"}
{"level":"info","message":"⌛ Validating parciales/hablemosSinSaber/resoProfes.wlk","timeElapsed":113,"timestamp":"2025-12-12T02:50:01.492Z"}
{"level":"info","message":"⌛ Validating parciales/hablemosSinSaber/resoProfes.wlk","timeElapsed":121,"timestamp":"2025-12-12T02:50:01.729Z"}
{"level":"info","message":"⌛ Validating parciales/hablemosSinSaber/resoProfes.wlk","timeElapsed":127,"timestamp":"2025-12-12T02:50:02.108Z"}
{"level":"info","message":"⌛ Validating parciales/hablemosSinSaber/resoProfes.wlk","timeElapsed":116,"timestamp":"2025-12-12T02:50:02.226Z"}
{"level":"info","message":"⌛ Validating parciales/hablemosSinSaber/resoProfes.wlk","timeElapsed":107,"timestamp":"2025-12-12T02:50:02.346Z"}
{"level":"info","message":"⌛ Validating parciales/hablemosSinSaber/resoProfes.wlk","timeElapsed":109,"timestamp":"2025-12-12T02:50:02.456Z"}
{"level":"info","message":"⌛ Validating parciales/hablemosSinSaber/resoProfes.wlk","timeElapsed":122,"timestamp":"2025-12-12T02:50:02.663Z"}
{"level":"info","message":"⌛ Validating parciales/hablemosSinSaber/resoProfes.wlk","timeElapsed":113,"timestamp":"2025-12-12T02:50:02.781Z"}
{"level":"info","message":"⌛ Validating parciales/hablemosSinSaber/resoProfes.wlk","timeElapsed":116,"timestamp":"2025-12-12T02:50:02.898Z"}
{"level":"info","message":"⌛ Validating parciales/hablemosSinSaber/resoProfes.wlk","timeElapsed":112,"timestamp":"2025-12-12T02:50:03.017Z"}
{"level":"info","message":"⌛ Validating parciales/hablemosSinSaber/resoProfes.wlk","timeElapsed":120,"timestamp":"2025-12-12T02:50:03.225Z"}
{"level":"info","message":"⌛ Validating parciales/hablemosSinSaber/resoProfes.wlk","timeElapsed":117,"timestamp":"2025-12-12T02:50:03.519Z"}
{"level":"info","message":"⌛ Validating parciales/hablemosSinSaber/resoProfes.wlk","timeElapsed":116,"timestamp":"2025-12-12T02:50:03.636Z"}
{"level":"info","message":"⌛ Building environment","timeElapsed":141,"timestamp":"2025-12-12T02:50:06.757Z"}
{"level":"error","message":"✘ Completions for node Return (undefined - parciales/hablemosSinSaber/resoProfes.wlk) failed: Error: [Return]{e2c747} at parciales/hablemosSinSaber/resoProfes.wlk:-- exhausted all cases without a match [Return]{e2c747} at parciales/hablemosSinSaber/resoProfes.wlk:-- exhausted all cases without a match","stack":"Error: [Return]{e2c747} at parciales/hablemosSinSaber/resoProfes.wlk:-- exhausted all cases without a match\n    at c:\\Users\\edu\\.vscode\\extensions\\uqbar.wollok-lsp-ide-0.5.3\\out\\server\\src\\server.js:38:6142\n    at D2 (c:\\Users\\edu\\.vscode\\extensions\\uqbar.wollok-lsp-ide-0.5.3\\out\\server\\src\\server.js:2384:42)\n    at Qh (c:\\Users\\edu\\.vscode\\extensions\\uqbar.wollok-lsp-ide-0.5.3\\out\\server\\src\\server.js:2384:1092)\n    at k6n (c:\\Users\\edu\\.vscode\\extensions\\uqbar.wollok-lsp-ide-0.5.3\\out\\server\\src\\server.js:2384:1248)\n    at c:\\Users\\edu\\.vscode\\extensions\\uqbar.wollok-lsp-ide-0.5.3\\out\\server\\src\\server.js:38:6131\n    at D2 (c:\\Users\\edu\\.vscode\\extensions\\uqbar.wollok-lsp-ide-0.5.3\\out\\server\\src\\server.js:2384:42)\n    at c:\\Users\\edu\\.vscode\\extensions\\uqbar.wollok-lsp-ide-0.5.3\\out\\server\\src\\server.js:2384:2988\n    at c:\\Users\\edu\\.vscode\\extensions\\uqbar.wollok-lsp-ide-0.5.3\\out\\server\\src\\server.js:2393:8440\n    at c:\\Users\\edu\\.vscode\\extensions\\uqbar.wollok-lsp-ide-0.5.3\\out\\server\\src\\server.js:37:74872\n    at Ye (c:\\Users\\edu\\.vscode\\extensions\\uqbar.wollok-lsp-ide-0.5.3\\out\\server\\src\\server.js:7:8527)","timestamp":"2025-12-12T02:50:06.793Z"}
{"level":"info","message":"⌛ Validating parciales/hablemosSinSaber/resoProfes.wlk","timeElapsed":120,"timestamp":"2025-12-12T02:50:07.014Z"}
{"level":"info","message":"⌛ Validating parciales/hablemosSinSaber/resoProfes.wlk","timeElapsed":119,"timestamp":"2025-12-12T02:50:07.216Z"}
{"level":"info","message":"⌛ Validating parciales/hablemosSinSaber/resoProfes.wlk","timeElapsed":121,"timestamp":"2025-12-12T02:50:07.554Z"}
{"level":"info","message":"⌛ Validating parciales/hablemosSinSaber/resoProfes.wlk","timeElapsed":126,"timestamp":"2025-12-12T02:50:07.766Z"}
{"level":"info","message":"⌛ Validating parciales/hablemosSinSaber/resoProfes.wlk","timeElapsed":117,"timestamp":"2025-12-12T02:50:07.884Z"}
{"level":"info","message":"⌛ Validating parciales/hablemosSinSaber/resoProfes.wlk","timeElapsed":125,"timestamp":"2025-12-12T02:50:08.284Z"}
{"level":"info","message":"⌛ Building environment","timeElapsed":322,"timestamp":"2025-12-12T02:50:08.606Z"}
{"level":"info","message":"⌛ Building environment","timeElapsed":543,"timestamp":"2025-12-12T02:50:09.333Z"}
{"level":"info","message":"⌛ Validating parciales/hablemosSinSaber/resoProfes.wlk","timeElapsed":113,"timestamp":"2025-12-12T02:50:09.446Z"}
{"level":"info","message":"⌛ Validating parciales/hablemosSinSaber/resoProfes.wlk","timeElapsed":115,"timestamp":"2025-12-12T02:50:09.561Z"}
{"level":"info","message":"⌛ Validating parciales/hablemosSinSaber/resoProfes.wlk","timeElapsed":112,"timestamp":"2025-12-12T02:50:09.673Z"}
{"level":"info","message":"⌛ Validating parciales/hablemosSinSaber/resoProfes.wlk","timeElapsed":116,"timestamp":"2025-12-12T02:50:09.803Z"}
{"level":"info","message":"⌛ Validating parciales/hablemosSinSaber/resoProfes.wlk","timeElapsed":119,"timestamp":"2025-12-12T02:50:09.922Z"}
{"level":"info","message":"⌛ Validating parciales/hablemosSinSaber/resoProfes.wlk","timeElapsed":118,"timestamp":"2025-12-12T02:50:10.040Z"}
{"level":"info","message":"⌛ Validating parciales/hablemosSinSaber/resoProfes.wlk","timeElapsed":111,"timestamp":"2025-12-12T02:50:10.152Z"}
{"level":"info","message":"⌛ Building environment","timeElapsed":105,"timestamp":"2025-12-12T02:50:10.259Z"}
{"level":"info","message":"⌛ Validating parciales/hablemosSinSaber/resoProfes.wlk","timeElapsed":113,"timestamp":"2025-12-12T02:50:10.579Z"}
{"level":"info","message":"⌛ Validating parciales/hablemosSinSaber/resoProfes.wlk","timeElapsed":119,"timestamp":"2025-12-12T02:50:10.780Z"}
{"level":"info","message":"⌛ Validating parciales/hablemosSinSaber/resoProfes.wlk","timeElapsed":113,"timestamp":"2025-12-12T02:50:10.893Z"}
{"level":"info","message":"⌛ Validating parciales/hablemosSinSaber/resoProfes.wlk","timeElapsed":113,"timestamp":"2025-12-12T02:50:11.015Z"}
{"level":"info","message":"⌛ Validating parciales/hablemosSinSaber/resoProfes.wlk","timeElapsed":124,"timestamp":"2025-12-12T02:50:11.693Z"}
{"level":"info","message":"⌛ Building environment","timeElapsed":171,"timestamp":"2025-12-12T02:50:11.869Z"}
{"level":"info","message":"⌛ Validating parciales/hablemosSinSaber/resoProfes.wlk","timeElapsed":129,"timestamp":"2025-12-12T02:50:12.116Z"}
{"level":"info","message":"⌛ Validating parciales/hablemosSinSaber/resoProfes.wlk","timeElapsed":128,"timestamp":"2025-12-12T02:50:12.376Z"}
{"level":"info","message":"⌛ Validating parciales/hablemosSinSaber/resoProfes.wlk","timeElapsed":122,"timestamp":"2025-12-12T02:50:12.700Z"}
{"level":"info","message":"⌛ Validating parciales/hablemosSinSaber/resoProfes.wlk","timeElapsed":112,"timestamp":"2025-12-12T02:50:12.812Z"}
{"level":"info","message":"⌛ Validating parciales/hablemosSinSaber/resoProfes.wlk","timeElapsed":116,"timestamp":"2025-12-12T02:50:12.935Z"}
{"level":"info","message":"⌛ Building environment","timeElapsed":105,"timestamp":"2025-12-12T02:50:13.042Z"}
{"level":"info","message":"⌛ Validating parciales/hablemosSinSaber/resoProfes.wlk","timeElapsed":123,"timestamp":"2025-12-12T02:50:13.577Z"}
{"level":"info","message":"⌛ Validating parciales/hablemosSinSaber/resoProfes.wlk","timeElapsed":122,"timestamp":"2025-12-12T02:50:13.786Z"}
{"level":"info","message":"⌛ Building environment","timeElapsed":137,"timestamp":"2025-12-12T02:50:13.925Z"}
{"level":"info","message":"⌛ Validating parciales/hablemosSinSaber/resoProfes.wlk","timeElapsed":137,"timestamp":"2025-12-12T02:50:14.063Z"}
{"level":"info","message":"⌛ Validating parciales/hablemosSinSaber/resoProfes.wlk","timeElapsed":131,"timestamp":"2025-12-12T02:50:14.194Z"}
{"level":"info","message":"⌛ Validating parciales/hablemosSinSaber/resoProfes.wlk","timeElapsed":114,"timestamp":"2025-12-12T02:50:14.320Z"}
{"level":"info","message":"⌛ Validating parciales/hablemosSinSaber/resoProfes.wlk","timeElapsed":123,"timestamp":"2025-12-12T02:50:14.637Z"}
{"level":"info","message":"⌛ Validating parciales/hablemosSinSaber/resoProfes.wlk","timeElapsed":116,"timestamp":"2025-12-12T02:50:14.842Z"}
{"level":"info","message":"⌛ Validating parciales/hablemosSinSaber/resoProfes.wlk","timeElapsed":151,"timestamp":"2025-12-12T02:50:15.246Z"}
{"level":"info","message":"⌛ Validating parciales/hablemosSinSaber/resoProfes.wlk","timeElapsed":115,"timestamp":"2025-12-12T02:50:15.364Z"}
{"level":"info","message":"⌛ Validating parciales/hablemosSinSaber/resoProfes.wlk","timeElapsed":110,"timestamp":"2025-12-12T02:50:15.486Z"}
{"level":"info","message":"⌛ Validating parciales/hablemosSinSaber/resoProfes.wlk","timeElapsed":115,"timestamp":"2025-12-12T02:50:15.602Z"}
{"level":"info","message":"⌛ Validating parciales/hablemosSinSaber/resoProfes.wlk","timeElapsed":111,"timestamp":"2025-12-12T02:50:15.715Z"}
{"level":"info","message":"⌛ Validating parciales/hablemosSinSaber/resoProfes.wlk","timeElapsed":108,"timestamp":"2025-12-12T02:50:15.824Z"}
{"level":"info","message":"⌛ Building environment","timeElapsed":147,"timestamp":"2025-12-12T02:50:16.681Z"}
{"level":"info","message":"⌛ Validating parciales/hablemosSinSaber/resoProfes.wlk","timeElapsed":137,"timestamp":"2025-12-12T02:50:16.819Z"}
{"level":"info","message":"⌛ Building environment","timeElapsed":103,"timestamp":"2025-12-12T02:50:17.046Z"}
{"level":"info","message":"⌛ Validating parciales/hablemosSinSaber/resoProfes.wlk","timeElapsed":129,"timestamp":"2025-12-12T02:50:17.214Z"}
{"level":"info","message":"⌛ Building environment","timeElapsed":104,"timestamp":"2025-12-12T02:50:17.645Z"}
{"level":"info","message":"⌛ Validating parciales/hablemosSinSaber/resoProfes.wlk","timeElapsed":135,"timestamp":"2025-12-12T02:50:17.780Z"}
{"level":"info","message":"⌛ Validating parciales/hablemosSinSaber/resoProfes.wlk","timeElapsed":157,"timestamp":"2025-12-12T02:50:19.247Z"}
{"level":"info","message":"⌛ Building environment","timeElapsed":135,"timestamp":"2025-12-12T02:50:19.627Z"}
{"level":"info","message":"⌛ Validating parciales/hablemosSinSaber/resoProfes.wlk","timeElapsed":126,"timestamp":"2025-12-12T02:50:19.753Z"}
{"level":"info","message":"⌛ Validating parciales/hablemosSinSaber/resoProfes.wlk","timeElapsed":127,"timestamp":"2025-12-12T02:50:20.090Z"}
{"level":"info","message":"⌛ Validating parciales/hablemosSinSaber/resoProfes.wlk","timeElapsed":128,"timestamp":"2025-12-12T02:50:20.218Z"}
{"level":"info","message":"⌛ Validating parciales/hablemosSinSaber/resoProfes.wlk","timeElapsed":111,"timestamp":"2025-12-12T02:50:20.335Z"}
{"level":"info","message":"⌛ Validating parciales/hablemosSinSaber/resoProfes.wlk","timeElapsed":145,"timestamp":"2025-12-12T02:50:20.481Z"}
{"level":"info","message":"⌛ Building environment","timeElapsed":106,"timestamp":"2025-12-12T02:50:22.552Z"}
{"level":"info","message":"⌛ Validating parciales/hablemosSinSaber/resoProfes.wlk","timeElapsed":138,"timestamp":"2025-12-12T02:50:22.690Z"}
{"level":"info","message":"⌛ Validating parciales/hablemosSinSaber/resoProfes.wlk","timeElapsed":153,"timestamp":"2025-12-12T02:50:23.702Z"}
{"level":"info","message":"⌛ Building environment","timeElapsed":105,"timestamp":"2025-12-12T02:50:23.810Z"}
{"level":"info","message":"⌛ Validating parciales/hablemosSinSaber/resoProfes.wlk","timeElapsed":118,"timestamp":"2025-12-12T02:50:24.028Z"}
{"level":"info","message":"⌛ Validating parciales/hablemosSinSaber/resoProfes.wlk","timeElapsed":112,"timestamp":"2025-12-12T02:50:24.140Z"}
{"level":"info","message":"⌛ Validating parciales/hablemosSinSaber/resoProfes.wlk","timeElapsed":126,"timestamp":"2025-12-12T02:50:25.227Z"}
{"level":"info","message":"⌛ Building environment","timeElapsed":110,"timestamp":"2025-12-12T02:50:25.868Z"}
{"level":"info","message":"⌛ Validating parciales/hablemosSinSaber/resoProfes.wlk","timeElapsed":143,"timestamp":"2025-12-12T02:50:26.012Z"}
{"level":"info","message":"⌛ Validating parciales/hablemosSinSaber/resoProfes.wlk","timeElapsed":137,"timestamp":"2025-12-12T02:50:26.250Z"}
{"level":"error","message":"✘ Completions for node Send ([116:36, 116:76] - parciales/hablemosSinSaber/resoProfes.wlk) failed: Error: [Send]{3d3b0a} at parciales/hablemosSinSaber/resoProfes.wlk:116 exhausted all cases without a match [Send]{3d3b0a} at parciales/hablemosSinSaber/resoProfes.wlk:116 exhausted all cases without a match","stack":"Error: [Send]{3d3b0a} at parciales/hablemosSinSaber/resoProfes.wlk:116 exhausted all cases without a match\n    at c:\\Users\\edu\\.vscode\\extensions\\uqbar.wollok-lsp-ide-0.5.3\\out\\server\\src\\server.js:38:6142\n    at D2 (c:\\Users\\edu\\.vscode\\extensions\\uqbar.wollok-lsp-ide-0.5.3\\out\\server\\src\\server.js:2384:42)\n    at Qh (c:\\Users\\edu\\.vscode\\extensions\\uqbar.wollok-lsp-ide-0.5.3\\out\\server\\src\\server.js:2384:1092)\n    at k6n (c:\\Users\\edu\\.vscode\\extensions\\uqbar.wollok-lsp-ide-0.5.3\\out\\server\\src\\server.js:2384:1248)\n    at c:\\Users\\edu\\.vscode\\extensions\\uqbar.wollok-lsp-ide-0.5.3\\out\\server\\src\\server.js:38:6131\n    at D2 (c:\\Users\\edu\\.vscode\\extensions\\uqbar.wollok-lsp-ide-0.5.3\\out\\server\\src\\server.js:2384:42)\n    at c:\\Users\\edu\\.vscode\\extensions\\uqbar.wollok-lsp-ide-0.5.3\\out\\server\\src\\server.js:2384:2988\n    at c:\\Users\\edu\\.vscode\\extensions\\uqbar.wollok-lsp-ide-0.5.3\\out\\server\\src\\server.js:2393:8440\n    at c:\\Users\\edu\\.vscode\\extensions\\uqbar.wollok-lsp-ide-0.5.3\\out\\server\\src\\server.js:37:74872\n    at Ye (c:\\Users\\edu\\.vscode\\extensions\\uqbar.wollok-lsp-ide-0.5.3\\out\\server\\src\\server.js:7:8527)","timestamp":"2025-12-12T02:50:26.570Z"}
{"level":"error","message":"✘ Completions for node Return (undefined - parciales/hablemosSinSaber/resoProfes.wlk) failed: Error: [Return]{55a7a0} at parciales/hablemosSinSaber/resoProfes.wlk:-- exhausted all cases without a match [Return]{55a7a0} at parciales/hablemosSinSaber/resoProfes.wlk:-- exhausted all cases without a match","stack":"Error: [Return]{55a7a0} at parciales/hablemosSinSaber/resoProfes.wlk:-- exhausted all cases without a match\n    at c:\\Users\\edu\\.vscode\\extensions\\uqbar.wollok-lsp-ide-0.5.3\\out\\server\\src\\server.js:38:6142\n    at D2 (c:\\Users\\edu\\.vscode\\extensions\\uqbar.wollok-lsp-ide-0.5.3\\out\\server\\src\\server.js:2384:42)\n    at Qh (c:\\Users\\edu\\.vscode\\extensions\\uqbar.wollok-lsp-ide-0.5.3\\out\\server\\src\\server.js:2384:1092)\n    at D2 (c:\\Users\\edu\\.vscode\\extensions\\uqbar.wollok-lsp-ide-0.5.3\\out\\server\\src\\server.js:2384:544)\n    at Qh (c:\\Users\\edu\\.vscode\\extensions\\uqbar.wollok-lsp-ide-0.5.3\\out\\server\\src\\server.js:2384:1092)\n    at k6n (c:\\Users\\edu\\.vscode\\extensions\\uqbar.wollok-lsp-ide-0.5.3\\out\\server\\src\\server.js:2384:1248)\n    at c:\\Users\\edu\\.vscode\\extensions\\uqbar.wollok-lsp-ide-0.5.3\\out\\server\\src\\server.js:38:6131\n    at D2 (c:\\Users\\edu\\.vscode\\extensions\\uqbar.wollok-lsp-ide-0.5.3\\out\\server\\src\\server.js:2384:42)\n    at c:\\Users\\edu\\.vscode\\extensions\\uqbar.wollok-lsp-ide-0.5.3\\out\\server\\src\\server.js:2384:2988\n    at c:\\Users\\edu\\.vscode\\extensions\\uqbar.wollok-lsp-ide-0.5.3\\out\\server\\src\\server.js:2393:8440","timestamp":"2025-12-12T02:50:26.570Z"}
{"level":"info","message":"⌛ Validating parciales/hablemosSinSaber/resoProfes.wlk","timeElapsed":116,"timestamp":"2025-12-12T02:50:26.696Z"}
{"level":"info","message":"⌛ Building environment","timeElapsed":133,"timestamp":"2025-12-12T02:50:26.829Z"}
{"level":"info","message":"⌛ Building environment","timeElapsed":163,"timestamp":"2025-12-12T02:50:26.992Z"}
{"level":"info","message":"⌛ Validating parciales/hablemosSinSaber/resoProfes.wlk","timeElapsed":125,"timestamp":"2025-12-12T02:50:27.205Z"}
{"level":"info","message":"⌛ Validating parciales/hablemosSinSaber/resoProfes.wlk","timeElapsed":121,"timestamp":"2025-12-12T02:50:27.447Z"}
{"level":"info","message":"⌛ Validating parciales/hablemosSinSaber/resoProfes.wlk","timeElapsed":109,"timestamp":"2025-12-12T02:50:27.556Z"}
{"level":"info","message":"⌛ Validating parciales/hablemosSinSaber/resoProfes.wlk","timeElapsed":105,"timestamp":"2025-12-12T02:50:27.666Z"}
{"level":"info","message":"⌛ Building environment","timeElapsed":102,"timestamp":"2025-12-12T02:50:28.315Z"}
{"level":"info","message":"⌛ Validating parciales/hablemosSinSaber/resoProfes.wlk","timeElapsed":154,"timestamp":"2025-12-12T02:50:28.470Z"}
{"level":"info","message":"⌛ Building environment","timeElapsed":237,"timestamp":"2025-12-12T02:50:28.710Z"}
{"level":"info","message":"⌛ Building environment","timeElapsed":111,"timestamp":"2025-12-12T02:50:28.831Z"}
{"level":"info","message":"⌛ Building environment","timeElapsed":119,"timestamp":"2025-12-12T02:50:28.951Z"}
{"level":"info","message":"⌛ Building environment","timeElapsed":101,"timestamp":"2025-12-12T02:50:29.052Z"}
{"level":"info","message":"⌛ Validating parciales/hablemosSinSaber/resoProfes.wlk","timeElapsed":155,"timestamp":"2025-12-12T02:50:29.219Z"}
{"level":"info","message":"⌛ Validating parciales/hablemosSinSaber/resoProfes.wlk","timeElapsed":140,"timestamp":"2025-12-12T02:50:29.359Z"}
{"level":"info","message":"⌛ Validating parciales/hablemosSinSaber/resoProfes.wlk","timeElapsed":166,"timestamp":"2025-12-12T02:50:29.537Z"}
{"level":"info","message":"⌛ Validating parciales/hablemosSinSaber/resoProfes.wlk","timeElapsed":117,"timestamp":"2025-12-12T02:50:29.654Z"}
{"level":"info","message":"⌛ Building environment","timeElapsed":113,"timestamp":"2025-12-12T02:50:30.425Z"}
{"level":"info","message":"⌛ Building environment","timeElapsed":135,"timestamp":"2025-12-12T02:50:30.560Z"}
{"level":"info","message":"⌛ Validating parciales/hablemosSinSaber/resoProfes.wlk","timeElapsed":151,"timestamp":"2025-12-12T02:50:30.711Z"}
{"level":"info","message":"⌛ Validating parciales/hablemosSinSaber/resoProfes.wlk","timeElapsed":147,"timestamp":"2025-12-12T02:50:30.954Z"}
{"level":"info","message":"⌛ Validating parciales/hablemosSinSaber/resoProfes.wlk","timeElapsed":134,"timestamp":"2025-12-12T02:50:31.096Z"}
{"level":"info","message":"⌛ Validating parciales/hablemosSinSaber/resoProfes.wlk","timeElapsed":120,"timestamp":"2025-12-12T02:50:31.670Z"}
{"level":"info","message":"⌛ Validating parciales/hablemosSinSaber/resoProfes.wlk","timeElapsed":123,"timestamp":"2025-12-12T02:50:31.907Z"}
{"level":"info","message":"⌛ Building environment","timeElapsed":103,"timestamp":"2025-12-12T02:50:32.493Z"}
{"level":"info","message":"⌛ Building environment","timeElapsed":158,"timestamp":"2025-12-12T02:50:32.689Z"}
{"level":"info","message":"⌛ Validating parciales/hablemosSinSaber/resoProfes.wlk","timeElapsed":149,"timestamp":"2025-12-12T02:50:32.838Z"}
{"level":"info","message":"⌛ Validating parciales/hablemosSinSaber/resoProfes.wlk","timeElapsed":144,"timestamp":"2025-12-12T02:50:33.128Z"}
{"level":"info","message":"⌛ Building environment","timeElapsed":105,"timestamp":"2025-12-12T02:50:33.233Z"}
{"level":"info","message":"⌛ Building environment","timeElapsed":102,"timestamp":"2025-12-12T02:50:33.336Z"}
{"level":"info","message":"⌛ Validating parciales/hablemosSinSaber/resoProfes.wlk","timeElapsed":140,"timestamp":"2025-12-12T02:50:33.476Z"}
{"level":"info","message":"⌛ Validating parciales/hablemosSinSaber/resoProfes.wlk","timeElapsed":111,"timestamp":"2025-12-12T02:50:33.795Z"}
{"level":"info","message":"⌛ Validating parciales/hablemosSinSaber/resoProfes.wlk","timeElapsed":112,"timestamp":"2025-12-12T02:50:33.908Z"}
{"level":"info","message":"⌛ Validating parciales/hablemosSinSaber/resoProfes.wlk","timeElapsed":119,"timestamp":"2025-12-12T02:50:34.061Z"}
{"level":"info","message":"⌛ Validating parciales/hablemosSinSaber/resoProfes.wlk","timeElapsed":118,"timestamp":"2025-12-12T02:50:34.179Z"}
{"level":"info","message":"⌛ Building environment","timeElapsed":135,"timestamp":"2025-12-12T02:50:36.411Z"}
{"level":"info","message":"⌛ Validating parciales/hablemosSinSaber/resoProfes.wlk","timeElapsed":141,"timestamp":"2025-12-12T02:50:36.553Z"}
{"level":"info","message":"⌛ Building environment","timeElapsed":101,"timestamp":"2025-12-12T02:50:37.181Z"}
{"level":"info","message":"⌛ Building environment","timeElapsed":116,"timestamp":"2025-12-12T02:50:37.297Z"}
{"level":"info","message":"⌛ Validating parciales/hablemosSinSaber/resoProfes.wlk","timeElapsed":143,"timestamp":"2025-12-12T02:50:37.455Z"}
{"level":"info","message":"⌛ Validating parciales/hablemosSinSaber/resoProfes.wlk","timeElapsed":111,"timestamp":"2025-12-12T02:50:37.567Z"}
{"level":"info","message":"⌛ Validating parciales/hablemosSinSaber/resoProfes.wlk","timeElapsed":130,"timestamp":"2025-12-12T02:50:40.081Z"}
{"level":"info","message":"⌛ Validating parciales/hablemosSinSaber/resoProfes.wlk","timeElapsed":114,"timestamp":"2025-12-12T02:50:41.091Z"}
{"level":"info","message":"⌛ Validating parciales/hablemosSinSaber/resoProfes.wlk","timeElapsed":115,"timestamp":"2025-12-12T02:50:41.450Z"}
{"level":"info","message":"⌛ Building environment","timeElapsed":138,"timestamp":"2025-12-12T02:50:45.151Z"}
{"level":"info","message":"⌛ Building environment","timeElapsed":103,"timestamp":"2025-12-12T02:50:45.294Z"}
{"level":"info","message":"⌛ Validating parciales/hablemosSinSaber/resoProfes.wlk","timeElapsed":139,"timestamp":"2025-12-12T02:50:45.433Z"}
{"level":"info","message":"⌛ Validating parciales/hablemosSinSaber/resoProfes.wlk","timeElapsed":113,"timestamp":"2025-12-12T02:50:45.547Z"}
{"level":"info","message":"⌛ Validating parciales/hablemosSinSaber/resoProfes.wlk","timeElapsed":148,"timestamp":"2025-12-12T02:50:46.282Z"}
{"level":"info","message":"⌛ Building environment","timeElapsed":102,"timestamp":"2025-12-12T02:50:46.894Z"}
{"level":"info","message":"⌛ Validating parciales/hablemosSinSaber/resoProfes.wlk","timeElapsed":140,"timestamp":"2025-12-12T02:50:47.034Z"}
{"level":"info","message":"⌛ Building environment","timeElapsed":107,"timestamp":"2025-12-12T02:50:47.142Z"}
{"level":"info","message":"⌛ Validating parciales/hablemosSinSaber/resoProfes.wlk","timeElapsed":129,"timestamp":"2025-12-12T02:50:47.271Z"}
{"level":"info","message":"⌛ Validating parciales/hablemosSinSaber/resoProfes.wlk","timeElapsed":119,"timestamp":"2025-12-12T02:50:48.242Z"}
{"level":"info","message":"⌛ Validating parciales/hablemosSinSaber/resoProfes.wlk","timeElapsed":106,"timestamp":"2025-12-12T02:50:48.349Z"}
{"level":"info","message":"⌛ Building environment","timeElapsed":145,"timestamp":"2025-12-12T02:50:49.344Z"}
{"level":"info","message":"⌛ Validating parciales/hablemosSinSaber/resoProfes.wlk","timeElapsed":141,"timestamp":"2025-12-12T02:50:49.485Z"}
{"level":"info","message":"⌛ Building environment","timeElapsed":172,"timestamp":"2025-12-12T02:50:50.128Z"}
{"level":"info","message":"⌛ Building environment","timeElapsed":112,"timestamp":"2025-12-12T02:50:50.282Z"}
{"level":"info","message":"⌛ Validating parciales/hablemosSinSaber/resoProfes.wlk","timeElapsed":128,"timestamp":"2025-12-12T02:50:50.411Z"}
{"level":"info","message":"⌛ Building environment","timeElapsed":123,"timestamp":"2025-12-12T02:50:50.535Z"}
{"level":"info","message":"⌛ Building environment","timeElapsed":111,"timestamp":"2025-12-12T02:50:50.647Z"}
{"level":"info","message":"⌛ Validating parciales/hablemosSinSaber/resoProfes.wlk","timeElapsed":127,"timestamp":"2025-12-12T02:50:50.775Z"}
{"level":"info","message":"⌛ Validating parciales/hablemosSinSaber/resoProfes.wlk","timeElapsed":126,"timestamp":"2025-12-12T02:50:51.211Z"}
{"level":"info","message":"⌛ Building environment","timeElapsed":103,"timestamp":"2025-12-12T02:50:51.314Z"}
{"level":"info","message":"⌛ Validating parciales/hablemosSinSaber/resoProfes.wlk","timeElapsed":121,"timestamp":"2025-12-12T02:50:51.436Z"}
{"level":"info","message":"⌛ Validating parciales/hablemosSinSaber/resoProfes.wlk","timeElapsed":117,"timestamp":"2025-12-12T02:50:51.557Z"}
{"level":"info","message":"⌛ Validating parciales/hablemosSinSaber/resoProfes.wlk","timeElapsed":112,"timestamp":"2025-12-12T02:50:51.671Z"}
{"level":"info","message":"⌛ Validating parciales/hablemosSinSaber/resoProfes.wlk","timeElapsed":112,"timestamp":"2025-12-12T02:50:51.787Z"}
{"level":"info","message":"⌛ Validating parciales/hablemosSinSaber/resoProfes.wlk","timeElapsed":120,"timestamp":"2025-12-12T02:50:52.032Z"}
{"level":"info","message":"⌛ Validating parciales/hablemosSinSaber/resoProfes.wlk","timeElapsed":127,"timestamp":"2025-12-12T02:50:52.336Z"}
{"level":"info","message":"⌛ Validating parciales/hablemosSinSaber/resoProfes.wlk","timeElapsed":118,"timestamp":"2025-12-12T02:50:52.662Z"}
{"level":"info","message":"⌛ Building environment","timeElapsed":129,"timestamp":"2025-12-12T02:50:52.792Z"}
{"level":"info","message":"⌛ Validating parciales/hablemosSinSaber/resoProfes.wlk","timeElapsed":118,"timestamp":"2025-12-12T02:50:52.911Z"}
{"level":"info","message":"⌛ Validating parciales/hablemosSinSaber/resoProfes.wlk","timeElapsed":121,"timestamp":"2025-12-12T02:50:53.112Z"}
{"level":"info","message":"⌛ Validating parciales/hablemosSinSaber/resoProfes.wlk","timeElapsed":114,"timestamp":"2025-12-12T02:50:53.430Z"}
{"level":"info","message":"⌛ Validating parciales/hablemosSinSaber/resoProfes.wlk","timeElapsed":115,"timestamp":"2025-12-12T02:50:53.546Z"}
{"level":"info","message":"⌛ Validating parciales/hablemosSinSaber/resoProfes.wlk","timeElapsed":124,"timestamp":"2025-12-12T02:50:53.671Z"}
{"level":"info","message":"⌛ Validating parciales/hablemosSinSaber/resoProfes.wlk","timeElapsed":140,"timestamp":"2025-12-12T02:50:53.813Z"}
{"level":"info","message":"⌛ Validating parciales/hablemosSinSaber/resoProfes.wlk","timeElapsed":123,"timestamp":"2025-12-12T02:50:53.937Z"}
{"level":"info","message":"⌛ Building environment","timeElapsed":103,"timestamp":"2025-12-12T02:50:54.045Z"}
{"level":"info","message":"⌛ Validating parciales/hablemosSinSaber/resoProfes.wlk","timeElapsed":118,"timestamp":"2025-12-12T02:50:54.481Z"}
{"level":"info","message":"⌛ Validating parciales/hablemosSinSaber/resoProfes.wlk","timeElapsed":120,"timestamp":"2025-12-12T02:50:54.711Z"}
{"level":"info","message":"⌛ Validating parciales/hablemosSinSaber/resoProfes.wlk","timeElapsed":119,"timestamp":"2025-12-12T02:50:54.916Z"}
{"level":"info","message":"⌛ Validating parciales/hablemosSinSaber/resoProfes.wlk","timeElapsed":113,"timestamp":"2025-12-12T02:50:55.029Z"}
{"level":"info","message":"⌛ Building environment","timeElapsed":110,"timestamp":"2025-12-12T02:50:55.139Z"}
{"level":"info","message":"⌛ Building environment","timeElapsed":154,"timestamp":"2025-12-12T02:50:55.293Z"}
{"level":"info","message":"⌛ Validating parciales/hablemosSinSaber/resoProfes.wlk","timeElapsed":139,"timestamp":"2025-12-12T02:50:55.432Z"}
{"level":"info","message":"⌛ Validating parciales/hablemosSinSaber/resoProfes.wlk","timeElapsed":114,"timestamp":"2025-12-12T02:50:55.848Z"}
{"level":"info","message":"⌛ Validating parciales/hablemosSinSaber/resoProfes.wlk","timeElapsed":113,"timestamp":"2025-12-12T02:50:55.967Z"}
{"level":"info","message":"⌛ Validating parciales/hablemosSinSaber/resoProfes.wlk","timeElapsed":121,"timestamp":"2025-12-12T02:50:56.172Z"}
{"level":"info","message":"⌛ Validating parciales/hablemosSinSaber/resoProfes.wlk","timeElapsed":113,"timestamp":"2025-12-12T02:50:56.289Z"}
{"level":"info","message":"⌛ Validating parciales/hablemosSinSaber/resoProfes.wlk","timeElapsed":121,"timestamp":"2025-12-12T02:50:56.411Z"}
{"level":"info","message":"⌛ Validating parciales/hablemosSinSaber/resoProfes.wlk","timeElapsed":115,"timestamp":"2025-12-12T02:50:56.531Z"}
{"level":"info","message":"⌛ Validating parciales/hablemosSinSaber/resoProfes.wlk","timeElapsed":113,"timestamp":"2025-12-12T02:50:56.645Z"}
{"level":"info","message":"⌛ Validating parciales/hablemosSinSaber/resoProfes.wlk","timeElapsed":121,"timestamp":"2025-12-12T02:50:56.853Z"}
{"level":"info","message":"⌛ Building environment","timeElapsed":172,"timestamp":"2025-12-12T02:50:59.879Z"}
{"level":"error","message":"✘ Completions for node Return (undefined - parciales/hablemosSinSaber/resoProfes.wlk) failed: Error: [Return]{793fac} at parciales/hablemosSinSaber/resoProfes.wlk:-- exhausted all cases without a match [Return]{793fac} at parciales/hablemosSinSaber/resoProfes.wlk:-- exhausted all cases without a match","stack":"Error: [Return]{793fac} at parciales/hablemosSinSaber/resoProfes.wlk:-- exhausted all cases without a match\n    at c:\\Users\\edu\\.vscode\\extensions\\uqbar.wollok-lsp-ide-0.5.3\\out\\server\\src\\server.js:38:6142\n    at D2 (c:\\Users\\edu\\.vscode\\extensions\\uqbar.wollok-lsp-ide-0.5.3\\out\\server\\src\\server.js:2384:42)\n    at Qh (c:\\Users\\edu\\.vscode\\extensions\\uqbar.wollok-lsp-ide-0.5.3\\out\\server\\src\\server.js:2384:1092)\n    at k6n (c:\\Users\\edu\\.vscode\\extensions\\uqbar.wollok-lsp-ide-0.5.3\\out\\server\\src\\server.js:2384:1248)\n    at c:\\Users\\edu\\.vscode\\extensions\\uqbar.wollok-lsp-ide-0.5.3\\out\\server\\src\\server.js:38:6131\n    at D2 (c:\\Users\\edu\\.vscode\\extensions\\uqbar.wollok-lsp-ide-0.5.3\\out\\server\\src\\server.js:2384:42)\n    at c:\\Users\\edu\\.vscode\\extensions\\uqbar.wollok-lsp-ide-0.5.3\\out\\server\\src\\server.js:2384:2988\n    at c:\\Users\\edu\\.vscode\\extensions\\uqbar.wollok-lsp-ide-0.5.3\\out\\server\\src\\server.js:2393:8440\n    at c:\\Users\\edu\\.vscode\\extensions\\uqbar.wollok-lsp-ide-0.5.3\\out\\server\\src\\server.js:37:74872\n    at Ye (c:\\Users\\edu\\.vscode\\extensions\\uqbar.wollok-lsp-ide-0.5.3\\out\\server\\src\\server.js:7:8527)","timestamp":"2025-12-12T02:50:59.917Z"}
{"level":"info","message":"⌛ Building environment","timeElapsed":128,"timestamp":"2025-12-12T02:51:00.057Z"}
{"level":"info","message":"⌛ Building environment","timeElapsed":107,"timestamp":"2025-12-12T02:51:00.165Z"}
{"level":"info","message":"⌛ Validating parciales/hablemosSinSaber/resoProfes.wlk","timeElapsed":142,"timestamp":"2025-12-12T02:51:00.307Z"}
{"level":"info","message":"⌛ Building environment","timeElapsed":193,"timestamp":"2025-12-12T02:51:00.502Z"}
{"level":"info","message":"⌛ Validating parciales/hablemosSinSaber/resoProfes.wlk","timeElapsed":180,"timestamp":"2025-12-12T02:51:00.683Z"}
{"level":"info","message":"⌛ Validating parciales/hablemosSinSaber/resoProfes.wlk","timeElapsed":143,"timestamp":"2025-12-12T02:51:00.932Z"}
{"level":"info","message":"⌛ Validating parciales/hablemosSinSaber/resoProfes.wlk","timeElapsed":139,"timestamp":"2025-12-12T02:51:01.077Z"}
{"level":"info","message":"⌛ Validating parciales/hablemosSinSaber/resoProfes.wlk","timeElapsed":135,"timestamp":"2025-12-12T02:51:01.218Z"}
{"level":"info","message":"⌛ Building environment","timeElapsed":107,"timestamp":"2025-12-12T02:51:02.155Z"}
{"level":"info","message":"⌛ Validating parciales/hablemosSinSaber/resoProfes.wlk","timeElapsed":141,"timestamp":"2025-12-12T02:51:02.296Z"}
{"level":"info","message":"⌛ Building environment","timeElapsed":124,"timestamp":"2025-12-12T02:51:02.439Z"}
{"level":"info","message":"⌛ Validating parciales/hablemosSinSaber/resoProfes.wlk","timeElapsed":148,"timestamp":"2025-12-12T02:51:02.635Z"}
{"level":"info","message":"⌛ Validating parciales/hablemosSinSaber/resoProfes.wlk","timeElapsed":140,"timestamp":"2025-12-12T02:51:02.882Z"}
{"level":"info","message":"⌛ Building environment","timeElapsed":132,"timestamp":"2025-12-12T02:51:04.272Z"}
{"level":"info","message":"⌛ Validating parciales/hablemosSinSaber/resoProfes.wlk","timeElapsed":122,"timestamp":"2025-12-12T02:51:04.493Z"}
{"level":"info","message":"⌛ Validating parciales/hablemosSinSaber/resoProfes.wlk","timeElapsed":107,"timestamp":"2025-12-12T02:51:04.600Z"}
{"level":"info","message":"⌛ Validating parciales/hablemosSinSaber/resoProfes.wlk","timeElapsed":111,"timestamp":"2025-12-12T02:51:05.066Z"}
{"level":"info","message":"⌛ Building environment","timeElapsed":143,"timestamp":"2025-12-12T02:51:05.930Z"}
{"level":"info","message":"⌛ Validating parciales/hablemosSinSaber/resoProfes.wlk","timeElapsed":118,"timestamp":"2025-12-12T02:51:06.049Z"}
{"level":"info","message":"⌛ Building environment","timeElapsed":103,"timestamp":"2025-12-12T02:51:06.409Z"}
{"level":"info","message":"⌛ Building environment","timeElapsed":104,"timestamp":"2025-12-12T02:51:06.543Z"}
{"level":"info","message":"⌛ Validating parciales/hablemosSinSaber/resoProfes.wlk","timeElapsed":144,"timestamp":"2025-12-12T02:51:06.688Z"}
{"level":"info","message":"⌛ Validating parciales/hablemosSinSaber/resoProfes.wlk","timeElapsed":145,"timestamp":"2025-12-12T02:51:06.939Z"}
{"level":"info","message":"⌛ Validating parciales/hablemosSinSaber/resoProfes.wlk","timeElapsed":132,"timestamp":"2025-12-12T02:51:07.076Z"}
{"level":"info","message":"⌛ Building environment","timeElapsed":105,"timestamp":"2025-12-12T02:51:07.219Z"}
{"level":"info","message":"⌛ Validating parciales/hablemosSinSaber/resoProfes.wlk","timeElapsed":140,"timestamp":"2025-12-12T02:51:07.361Z"}
{"level":"info","message":"⌛ Validating parciales/hablemosSinSaber/resoProfes.wlk","timeElapsed":121,"timestamp":"2025-12-12T02:51:09.174Z"}
{"level":"info","message":"⌛ Validating parciales/hablemosSinSaber/resoProfes.wlk","timeElapsed":115,"timestamp":"2025-12-12T02:51:09.573Z"}
{"level":"info","message":"⌛ Validating parciales/hablemosSinSaber/resoProfes.wlk","timeElapsed":140,"timestamp":"2025-12-12T02:51:09.714Z"}
{"level":"info","message":"⌛ Building environment","timeElapsed":101,"timestamp":"2025-12-12T02:51:09.815Z"}
{"level":"info","message":"⌛ Validating parciales/hablemosSinSaber/resoProfes.wlk","timeElapsed":128,"timestamp":"2025-12-12T02:51:09.971Z"}
{"level":"info","message":"⌛ Building environment","timeElapsed":103,"timestamp":"2025-12-12T02:51:10.164Z"}
{"level":"info","message":"⌛ Validating parciales/hablemosSinSaber/resoProfes.wlk","timeElapsed":121,"timestamp":"2025-12-12T02:51:10.290Z"}
{"level":"info","message":"⌛ Validating parciales/hablemosSinSaber/resoProfes.wlk","timeElapsed":114,"timestamp":"2025-12-12T02:51:10.413Z"}
{"level":"info","message":"⌛ Validating parciales/hablemosSinSaber/resoProfes.wlk","timeElapsed":114,"timestamp":"2025-12-12T02:51:10.527Z"}
{"level":"info","message":"⌛ Building environment","timeElapsed":103,"timestamp":"2025-12-12T02:51:10.750Z"}
{"level":"info","message":"⌛ Validating parciales/hablemosSinSaber/resoProfes.wlk","timeElapsed":143,"timestamp":"2025-12-12T02:51:10.893Z"}
{"level":"info","message":"⌛ Validating parciales/hablemosSinSaber/resoProfes.wlk","timeElapsed":117,"timestamp":"2025-12-12T02:51:11.011Z"}
{"level":"info","message":"⌛ Building environment","timeElapsed":115,"timestamp":"2025-12-12T02:51:11.260Z"}
{"level":"info","message":"⌛ Validating parciales/hablemosSinSaber/resoProfes.wlk","timeElapsed":117,"timestamp":"2025-12-12T02:51:11.377Z"}
{"level":"info","message":"⌛ Validating parciales/hablemosSinSaber/resoProfes.wlk","timeElapsed":123,"timestamp":"2025-12-12T02:51:11.611Z"}
{"level":"info","message":"⌛ Validating parciales/hablemosSinSaber/resoProfes.wlk","timeElapsed":121,"timestamp":"2025-12-12T02:51:12.012Z"}
{"level":"info","message":"⌛ Validating parciales/hablemosSinSaber/resoProfes.wlk","timeElapsed":114,"timestamp":"2025-12-12T02:51:12.246Z"}
{"level":"info","message":"⌛ Validating parciales/hablemosSinSaber/resoProfes.wlk","timeElapsed":112,"timestamp":"2025-12-12T02:51:12.359Z"}
{"level":"info","message":"⌛ Validating parciales/hablemosSinSaber/resoProfes.wlk","timeElapsed":115,"timestamp":"2025-12-12T02:51:12.479Z"}
{"level":"info","message":"⌛ Validating parciales/hablemosSinSaber/resoProfes.wlk","timeElapsed":114,"timestamp":"2025-12-12T02:51:12.594Z"}
{"level":"info","message":"⌛ Building environment","timeElapsed":116,"timestamp":"2025-12-12T02:51:20.990Z"}
{"level":"info","message":"⌛ Validating parciales/hablemosSinSaber/resoProfes.wlk","timeElapsed":147,"timestamp":"2025-12-12T02:51:21.139Z"}
{"level":"info","message":"⌛ Building environment","timeElapsed":110,"timestamp":"2025-12-12T02:51:24.052Z"}
{"level":"info","message":"⌛ Validating parciales/hablemosSinSaber/resoProfes.wlk","timeElapsed":127,"timestamp":"2025-12-12T02:51:24.179Z"}
{"level":"info","message":"⌛ Building environment","timeElapsed":114,"timestamp":"2025-12-12T02:51:24.736Z"}
{"level":"info","message":"⌛ Validating parciales/hablemosSinSaber/resoProfes.wlk","timeElapsed":150,"timestamp":"2025-12-12T02:51:24.887Z"}
{"level":"info","message":"⌛ Building environment","timeElapsed":129,"timestamp":"2025-12-12T02:51:36.272Z"}
{"level":"error","message":"✘ Completions for node Return (undefined - parciales/hablemosSinSaber/resoProfes.wlk) failed: Error: [Return]{badc9e} at parciales/hablemosSinSaber/resoProfes.wlk:-- exhausted all cases without a match [Return]{badc9e} at parciales/hablemosSinSaber/resoProfes.wlk:-- exhausted all cases without a match","stack":"Error: [Return]{badc9e} at parciales/hablemosSinSaber/resoProfes.wlk:-- exhausted all cases without a match\n    at c:\\Users\\edu\\.vscode\\extensions\\uqbar.wollok-lsp-ide-0.5.3\\out\\server\\src\\server.js:38:6142\n    at D2 (c:\\Users\\edu\\.vscode\\extensions\\uqbar.wollok-lsp-ide-0.5.3\\out\\server\\src\\server.js:2384:42)\n    at Qh (c:\\Users\\edu\\.vscode\\extensions\\uqbar.wollok-lsp-ide-0.5.3\\out\\server\\src\\server.js:2384:1092)\n    at k6n (c:\\Users\\edu\\.vscode\\extensions\\uqbar.wollok-lsp-ide-0.5.3\\out\\server\\src\\server.js:2384:1248)\n    at c:\\Users\\edu\\.vscode\\extensions\\uqbar.wollok-lsp-ide-0.5.3\\out\\server\\src\\server.js:38:6131\n    at D2 (c:\\Users\\edu\\.vscode\\extensions\\uqbar.wollok-lsp-ide-0.5.3\\out\\server\\src\\server.js:2384:42)\n    at c:\\Users\\edu\\.vscode\\extensions\\uqbar.wollok-lsp-ide-0.5.3\\out\\server\\src\\server.js:2384:2988\n    at c:\\Users\\edu\\.vscode\\extensions\\uqbar.wollok-lsp-ide-0.5.3\\out\\server\\src\\server.js:2393:8440\n    at c:\\Users\\edu\\.vscode\\extensions\\uqbar.wollok-lsp-ide-0.5.3\\out\\server\\src\\server.js:37:74872\n    at Ye (c:\\Users\\edu\\.vscode\\extensions\\uqbar.wollok-lsp-ide-0.5.3\\out\\server\\src\\server.js:7:8527)","timestamp":"2025-12-12T02:51:36.313Z"}
{"level":"info","message":"⌛ Building environment","timeElapsed":116,"timestamp":"2025-12-12T02:51:36.433Z"}
{"level":"info","message":"⌛ Building environment","timeElapsed":110,"timestamp":"2025-12-12T02:51:36.553Z"}
{"level":"info","message":"⌛ Validating parciales/hablemosSinSaber/resoProfes.wlk","timeElapsed":179,"timestamp":"2025-12-12T02:51:36.734Z"}
{"level":"info","message":"⌛ Building environment","timeElapsed":126,"timestamp":"2025-12-12T02:51:36.860Z"}
{"level":"info","message":"⌛ Validating parciales/hablemosSinSaber/resoProfes.wlk","timeElapsed":145,"timestamp":"2025-12-12T02:51:37.006Z"}
{"level":"info","message":"⌛ Validating parciales/hablemosSinSaber/resoProfes.wlk","timeElapsed":144,"timestamp":"2025-12-12T02:51:37.150Z"}
{"level":"info","message":"⌛ Validating parciales/hablemosSinSaber/resoProfes.wlk","timeElapsed":138,"timestamp":"2025-12-12T02:51:37.299Z"}
{"level":"info","message":"⌛ Building environment","timeElapsed":109,"timestamp":"2025-12-12T02:51:37.414Z"}
{"level":"info","message":"⌛ Building environment","timeElapsed":123,"timestamp":"2025-12-12T02:51:37.537Z"}
{"level":"info","message":"⌛ Validating parciales/hablemosSinSaber/resoProfes.wlk","timeElapsed":145,"timestamp":"2025-12-12T02:51:37.683Z"}
{"level":"info","message":"⌛ Validating parciales/hablemosSinSaber/resoProfes.wlk","timeElapsed":137,"timestamp":"2025-12-12T02:51:37.821Z"}
{"level":"info","message":"⌛ Building environment","timeElapsed":127,"timestamp":"2025-12-12T02:51:37.959Z"}
{"level":"info","message":"⌛ Validating parciales/hablemosSinSaber/resoProfes.wlk","timeElapsed":147,"timestamp":"2025-12-12T02:51:38.107Z"}
{"level":"info","message":"⌛ Validating parciales/hablemosSinSaber/resoProfes.wlk","timeElapsed":121,"timestamp":"2025-12-12T02:51:39.638Z"}
{"level":"info","message":"⌛ Building environment","timeElapsed":103,"timestamp":"2025-12-12T02:51:40.101Z"}
{"level":"info","message":"⌛ Validating parciales/hablemosSinSaber/resoProfes.wlk","timeElapsed":123,"timestamp":"2025-12-12T02:51:40.331Z"}
{"level":"info","message":"⌛ Validating parciales/hablemosSinSaber/resoProfes.wlk","timeElapsed":120,"timestamp":"2025-12-12T02:51:40.538Z"}
{"level":"info","message":"⌛ Building environment","timeElapsed":125,"timestamp":"2025-12-12T02:51:40.746Z"}
{"level":"info","message":"⌛ Validating parciales/hablemosSinSaber/resoProfes.wlk","timeElapsed":122,"timestamp":"2025-12-12T02:51:40.869Z"}
{"level":"info","message":"⌛ Validating parciales/hablemosSinSaber/resoProfes.wlk","timeElapsed":110,"timestamp":"2025-12-12T02:51:40.986Z"}
{"level":"info","message":"⌛ Validating parciales/hablemosSinSaber/resoProfes.wlk","timeElapsed":110,"timestamp":"2025-12-12T02:51:41.098Z"}
{"level":"info","message":"⌛ Validating parciales/hablemosSinSaber/resoProfes.wlk","timeElapsed":125,"timestamp":"2025-12-12T02:51:41.663Z"}
{"level":"info","message":"⌛ Validating parciales/hablemosSinSaber/resoProfes.wlk","timeElapsed":123,"timestamp":"2025-12-12T02:51:42.053Z"}
{"level":"info","message":"⌛ Building environment","timeElapsed":104,"timestamp":"2025-12-12T02:51:42.687Z"}
{"level":"info","message":"⌛ Validating parciales/hablemosSinSaber/resoProfes.wlk","timeElapsed":137,"timestamp":"2025-12-12T02:51:42.825Z"}
{"level":"error","message":"✘ Completions for node Return (undefined - parciales/hablemosSinSaber/resoProfes.wlk) failed: Error: [Return]{7a7a3f} at parciales/hablemosSinSaber/resoProfes.wlk:-- exhausted all cases without a match [Return]{7a7a3f} at parciales/hablemosSinSaber/resoProfes.wlk:-- exhausted all cases without a match","stack":"Error: [Return]{7a7a3f} at parciales/hablemosSinSaber/resoProfes.wlk:-- exhausted all cases without a match\n    at c:\\Users\\edu\\.vscode\\extensions\\uqbar.wollok-lsp-ide-0.5.3\\out\\server\\src\\server.js:38:6142\n    at D2 (c:\\Users\\edu\\.vscode\\extensions\\uqbar.wollok-lsp-ide-0.5.3\\out\\server\\src\\server.js:2384:42)\n    at Qh (c:\\Users\\edu\\.vscode\\extensions\\uqbar.wollok-lsp-ide-0.5.3\\out\\server\\src\\server.js:2384:1092)\n    at k6n (c:\\Users\\edu\\.vscode\\extensions\\uqbar.wollok-lsp-ide-0.5.3\\out\\server\\src\\server.js:2384:1248)\n    at c:\\Users\\edu\\.vscode\\extensions\\uqbar.wollok-lsp-ide-0.5.3\\out\\server\\src\\server.js:38:6131\n    at D2 (c:\\Users\\edu\\.vscode\\extensions\\uqbar.wollok-lsp-ide-0.5.3\\out\\server\\src\\server.js:2384:42)\n    at c:\\Users\\edu\\.vscode\\extensions\\uqbar.wollok-lsp-ide-0.5.3\\out\\server\\src\\server.js:2384:2988\n    at c:\\Users\\edu\\.vscode\\extensions\\uqbar.wollok-lsp-ide-0.5.3\\out\\server\\src\\server.js:2393:8440\n    at c:\\Users\\edu\\.vscode\\extensions\\uqbar.wollok-lsp-ide-0.5.3\\out\\server\\src\\server.js:37:74872\n    at Ye (c:\\Users\\edu\\.vscode\\extensions\\uqbar.wollok-lsp-ide-0.5.3\\out\\server\\src\\server.js:7:8527)","timestamp":"2025-12-12T02:51:43.690Z"}
{"level":"info","message":"⌛ Validating parciales/hablemosSinSaber/resoProfes.wlk","timeElapsed":123,"timestamp":"2025-12-12T02:51:43.825Z"}
{"level":"info","message":"⌛ Validating parciales/hablemosSinSaber/resoProfes.wlk","timeElapsed":112,"timestamp":"2025-12-12T02:51:44.212Z"}
{"level":"info","message":"⌛ Validating parciales/hablemosSinSaber/resoProfes.wlk","timeElapsed":110,"timestamp":"2025-12-12T02:51:44.322Z"}
{"level":"info","message":"⌛ Validating parciales/hablemosSinSaber/resoProfes.wlk","timeElapsed":112,"timestamp":"2025-12-12T02:51:44.446Z"}
{"level":"info","message":"⌛ Building environment","timeElapsed":158,"timestamp":"2025-12-12T02:51:44.605Z"}
{"level":"info","message":"⌛ Building environment","timeElapsed":149,"timestamp":"2025-12-12T02:51:44.761Z"}
{"level":"info","message":"⌛ Validating parciales/hablemosSinSaber/resoProfes.wlk","timeElapsed":140,"timestamp":"2025-12-12T02:51:44.902Z"}
{"level":"info","message":"⌛ Validating parciales/hablemosSinSaber/resoProfes.wlk","timeElapsed":136,"timestamp":"2025-12-12T02:51:45.131Z"}
{"level":"info","message":"⌛ Building environment","timeElapsed":109,"timestamp":"2025-12-12T02:51:45.241Z"}
{"level":"info","message":"⌛ Validating parciales/hablemosSinSaber/resoProfes.wlk","timeElapsed":118,"timestamp":"2025-12-12T02:51:45.359Z"}
{"level":"info","message":"⌛ Validating parciales/hablemosSinSaber/resoProfes.wlk","timeElapsed":121,"timestamp":"2025-12-12T02:51:45.485Z"}
{"level":"info","message":"⌛ Building environment","timeElapsed":107,"timestamp":"2025-12-12T02:51:45.762Z"}
{"level":"info","message":"⌛ Validating parciales/hablemosSinSaber/resoProfes.wlk","timeElapsed":129,"timestamp":"2025-12-12T02:51:45.891Z"}
{"level":"info","message":"⌛ Validating parciales/hablemosSinSaber/resoProfes.wlk","timeElapsed":118,"timestamp":"2025-12-12T02:51:46.008Z"}
{"level":"info","message":"⌛ Validating parciales/hablemosSinSaber/resoProfes.wlk","timeElapsed":125,"timestamp":"2025-12-12T02:51:46.134Z"}
{"level":"info","message":"⌛ Validating parciales/hablemosSinSaber/resoProfes.wlk","timeElapsed":126,"timestamp":"2025-12-12T02:51:46.453Z"}
{"level":"info","message":"⌛ Validating parciales/hablemosSinSaber/resoProfes.wlk","timeElapsed":116,"timestamp":"2025-12-12T02:51:46.688Z"}
{"level":"info","message":"⌛ Validating parciales/hablemosSinSaber/resoProfes.wlk","timeElapsed":132,"timestamp":"2025-12-12T02:51:46.905Z"}
{"level":"info","message":"⌛ Building environment","timeElapsed":203,"timestamp":"2025-12-12T02:51:47.205Z"}
{"level":"info","message":"⌛ Validating parciales/hablemosSinSaber/resoProfes.wlk","timeElapsed":113,"timestamp":"2025-12-12T02:51:47.329Z"}
{"level":"info","message":"⌛ Validating parciales/hablemosSinSaber/resoProfes.wlk","timeElapsed":121,"timestamp":"2025-12-12T02:51:47.628Z"}
{"level":"info","message":"⌛ Validating parciales/hablemosSinSaber/resoProfes.wlk","timeElapsed":115,"timestamp":"2025-12-12T02:51:47.832Z"}
{"level":"info","message":"⌛ Validating parciales/hablemosSinSaber/resoProfes.wlk","timeElapsed":116,"timestamp":"2025-12-12T02:51:48.041Z"}
{"level":"info","message":"⌛ Validating parciales/hablemosSinSaber/resoProfes.wlk","timeElapsed":113,"timestamp":"2025-12-12T02:51:48.154Z"}
{"level":"info","message":"⌛ Validating parciales/hablemosSinSaber/resoProfes.wlk","timeElapsed":117,"timestamp":"2025-12-12T02:51:48.282Z"}
{"level":"info","message":"⌛ Validating parciales/hablemosSinSaber/resoProfes.wlk","timeElapsed":114,"timestamp":"2025-12-12T02:51:48.480Z"}
{"level":"error","message":"✘ Completions for node Return (undefined - parciales/hablemosSinSaber/resoProfes.wlk) failed: Error: [Return]{8cf149} at parciales/hablemosSinSaber/resoProfes.wlk:-- exhausted all cases without a match [Return]{8cf149} at parciales/hablemosSinSaber/resoProfes.wlk:-- exhausted all cases without a match","stack":"Error: [Return]{8cf149} at parciales/hablemosSinSaber/resoProfes.wlk:-- exhausted all cases without a match\n    at c:\\Users\\edu\\.vscode\\extensions\\uqbar.wollok-lsp-ide-0.5.3\\out\\server\\src\\server.js:38:6142\n    at D2 (c:\\Users\\edu\\.vscode\\extensions\\uqbar.wollok-lsp-ide-0.5.3\\out\\server\\src\\server.js:2384:42)\n    at Qh (c:\\Users\\edu\\.vscode\\extensions\\uqbar.wollok-lsp-ide-0.5.3\\out\\server\\src\\server.js:2384:1092)\n    at k6n (c:\\Users\\edu\\.vscode\\extensions\\uqbar.wollok-lsp-ide-0.5.3\\out\\server\\src\\server.js:2384:1248)\n    at c:\\Users\\edu\\.vscode\\extensions\\uqbar.wollok-lsp-ide-0.5.3\\out\\server\\src\\server.js:38:6131\n    at D2 (c:\\Users\\edu\\.vscode\\extensions\\uqbar.wollok-lsp-ide-0.5.3\\out\\server\\src\\server.js:2384:42)\n    at c:\\Users\\edu\\.vscode\\extensions\\uqbar.wollok-lsp-ide-0.5.3\\out\\server\\src\\server.js:2384:2988\n    at c:\\Users\\edu\\.vscode\\extensions\\uqbar.wollok-lsp-ide-0.5.3\\out\\server\\src\\server.js:2393:8440\n    at c:\\Users\\edu\\.vscode\\extensions\\uqbar.wollok-lsp-ide-0.5.3\\out\\server\\src\\server.js:37:74872\n    at Ye (c:\\Users\\edu\\.vscode\\extensions\\uqbar.wollok-lsp-ide-0.5.3\\out\\server\\src\\server.js:7:8527)","timestamp":"2025-12-12T02:51:48.599Z"}
{"level":"info","message":"⌛ Validating parciales/hablemosSinSaber/resoProfes.wlk","timeElapsed":120,"timestamp":"2025-12-12T02:51:48.903Z"}
{"level":"info","message":"⌛ Validating parciales/hablemosSinSaber/resoProfes.wlk","timeElapsed":109,"timestamp":"2025-12-12T02:51:49.013Z"}
{"level":"info","message":"⌛ Validating parciales/hablemosSinSaber/resoProfes.wlk","timeElapsed":113,"timestamp":"2025-12-12T02:51:49.131Z"}
{"level":"info","message":"⌛ Validating parciales/hablemosSinSaber/resoProfes.wlk","timeElapsed":113,"timestamp":"2025-12-12T02:51:49.249Z"}
{"level":"info","message":"⌛ Validating parciales/hablemosSinSaber/resoProfes.wlk","timeElapsed":129,"timestamp":"2025-12-12T02:51:49.467Z"}
{"level":"info","message":"⌛ Validating parciales/hablemosSinSaber/resoProfes.wlk","timeElapsed":117,"timestamp":"2025-12-12T02:51:49.707Z"}
{"level":"info","message":"⌛ Building environment","timeElapsed":107,"timestamp":"2025-12-12T02:51:51.234Z"}
{"level":"info","message":"⌛ Building environment","timeElapsed":170,"timestamp":"2025-12-12T02:51:51.405Z"}
{"level":"info","message":"⌛ Validating parciales/hablemosSinSaber/resoProfes.wlk","timeElapsed":166,"timestamp":"2025-12-12T02:51:51.571Z"}
{"level":"info","message":"⌛ Validating parciales/hablemosSinSaber/resoProfes.wlk","timeElapsed":165,"timestamp":"2025-12-12T02:51:51.736Z"}
{"level":"info","message":"⌛ Validating parciales/hablemosSinSaber/resoProfes.wlk","timeElapsed":117,"timestamp":"2025-12-12T02:51:52.229Z"}
{"level":"info","message":"⌛ Building environment","timeElapsed":143,"timestamp":"2025-12-12T02:52:19.382Z"}
{"level":"info","message":"⌛ Validating parciales/hablemosSinSaber/resoProfes.wlk","timeElapsed":142,"timestamp":"2025-12-12T02:52:19.597Z"}
{"level":"info","message":"⌛ Building environment","timeElapsed":134,"timestamp":"2025-12-12T02:52:23.410Z"}
{"level":"info","message":"⌛ Validating parciales/hablemosSinSaber/resoProfes.wlk","timeElapsed":179,"timestamp":"2025-12-12T02:52:23.589Z"}
{"level":"info","message":"⌛ Building environment","timeElapsed":109,"timestamp":"2025-12-12T02:52:30.933Z"}
{"level":"info","message":"⌛ Validating parciales/hablemosSinSaber/resoProfes.wlk","timeElapsed":121,"timestamp":"2025-12-12T02:52:31.055Z"}
{"level":"info","message":"⌛ Building environment","timeElapsed":191,"timestamp":"2025-12-12T02:59:47.965Z"}
{"level":"info","message":"⌛ Building environment","timeElapsed":136,"timestamp":"2025-12-12T02:59:48.102Z"}
{"level":"info","message":"⌛ Validating parciales/hablemosSinSaber/resoProfes.wlk","timeElapsed":126,"timestamp":"2025-12-12T02:59:48.229Z"}
{"level":"info","message":"⌛ Validating parciales/hablemosSinSaber/resoProfes.wlk","timeElapsed":132,"timestamp":"2025-12-12T02:59:48.362Z"}
{"level":"info","message":"⌛ Building environment","timeElapsed":138,"timestamp":"2025-12-12T03:04:06.902Z"}
{"level":"info","message":"⌛ Building environment","timeElapsed":121,"timestamp":"2025-12-12T03:04:07.102Z"}
{"level":"info","message":"⌛ Validating parciales/hablemosSinSaber/resoProfes.wlk","timeElapsed":153,"timestamp":"2025-12-12T03:04:07.263Z"}
{"level":"info","message":"⌛ Building environment","timeElapsed":117,"timestamp":"2025-12-12T03:04:07.380Z"}
{"level":"info","message":"⌛ Validating parciales/hablemosSinSaber/resoProfes.wlk","timeElapsed":169,"timestamp":"2025-12-12T03:04:07.549Z"}
{"level":"info","message":"⌛ Validating parciales/hablemosSinSaber/resoProfes.wlk","timeElapsed":146,"timestamp":"2025-12-12T03:04:07.738Z"}
{"level":"info","message":"⌛ Building environment","timeElapsed":122,"timestamp":"2025-12-12T03:04:07.861Z"}
{"level":"info","message":"⌛ Validating parciales/hablemosSinSaber/resoProfes.wlk","timeElapsed":146,"timestamp":"2025-12-12T03:04:08.015Z"}
{"level":"info","message":"⌛ Building environment","timeElapsed":115,"timestamp":"2025-12-12T03:04:09.247Z"}
{"level":"info","message":"⌛ Validating parciales/hablemosSinSaber/resoProfes.wlk","timeElapsed":125,"timestamp":"2025-12-12T03:04:09.446Z"}
{"level":"info","message":"⌛ Building environment","timeElapsed":132,"timestamp":"2025-12-12T03:04:09.679Z"}
{"level":"info","message":"⌛ Validating parciales/hablemosSinSaber/resoProfes.wlk","timeElapsed":142,"timestamp":"2025-12-12T03:04:09.822Z"}
{"level":"info","message":"⌛ Building environment","timeElapsed":115,"timestamp":"2025-12-12T03:04:09.937Z"}
{"level":"info","message":"⌛ Validating parciales/hablemosSinSaber/resoProfes.wlk","timeElapsed":126,"timestamp":"2025-12-12T03:04:10.072Z"}
{"level":"info","message":"⌛ Validating parciales/hablemosSinSaber/resoProfes.wlk","timeElapsed":125,"timestamp":"2025-12-12T03:04:10.463Z"}
{"level":"info","message":"⌛ Building environment","timeElapsed":108,"timestamp":"2025-12-12T03:04:10.572Z"}
{"level":"info","message":"⌛ Validating parciales/hablemosSinSaber/resoProfes.wlk","timeElapsed":123,"timestamp":"2025-12-12T03:04:10.702Z"}
{"level":"info","message":"⌛ Validating parciales/hablemosSinSaber/resoProfes.wlk","timeElapsed":115,"timestamp":"2025-12-12T03:04:10.818Z"}
{"level":"info","message":"⌛ Validating parciales/hablemosSinSaber/resoProfes.wlk","timeElapsed":114,"timestamp":"2025-12-12T03:04:10.938Z"}
{"level":"info","message":"⌛ Building environment","timeElapsed":103,"timestamp":"2025-12-12T03:04:11.516Z"}
{"level":"info","message":"⌛ Validating parciales/hablemosSinSaber/resoProfes.wlk","timeElapsed":138,"timestamp":"2025-12-12T03:04:11.699Z"}
{"level":"info","message":"⌛ Building environment","timeElapsed":108,"timestamp":"2025-12-12T03:04:13.397Z"}
{"level":"info","message":"⌛ Validating parciales/hablemosSinSaber/resoProfes.wlk","timeElapsed":123,"timestamp":"2025-12-12T03:04:13.656Z"}
{"level":"info","message":"⌛ Validating parciales/hablemosSinSaber/resoProfes.wlk","timeElapsed":120,"timestamp":"2025-12-12T03:04:13.862Z"}
{"level":"info","message":"⌛ Validating parciales/hablemosSinSaber/resoProfes.wlk","timeElapsed":124,"timestamp":"2025-12-12T03:04:14.202Z"}
{"level":"info","message":"⌛ Validating parciales/hablemosSinSaber/resoProfes.wlk","timeElapsed":113,"timestamp":"2025-12-12T03:04:14.315Z"}
{"level":"info","message":"⌛ Validating parciales/hablemosSinSaber/resoProfes.wlk","timeElapsed":120,"timestamp":"2025-12-12T03:04:14.434Z"}
{"level":"info","message":"⌛ Validating parciales/hablemosSinSaber/resoProfes.wlk","timeElapsed":123,"timestamp":"2025-12-12T03:04:15.187Z"}
{"level":"info","message":"⌛ Validating parciales/hablemosSinSaber/resoProfes.wlk","timeElapsed":124,"timestamp":"2025-12-12T03:04:15.401Z"}
{"level":"info","message":"⌛ Building environment","timeElapsed":139,"timestamp":"2025-12-12T03:04:15.540Z"}
{"level":"info","message":"⌛ Validating parciales/hablemosSinSaber/resoProfes.wlk","timeElapsed":125,"timestamp":"2025-12-12T03:04:15.753Z"}
{"level":"info","message":"⌛ Validating parciales/hablemosSinSaber/resoProfes.wlk","timeElapsed":122,"timestamp":"2025-12-12T03:04:15.966Z"}
{"level":"info","message":"⌛ Validating parciales/hablemosSinSaber/resoProfes.wlk","timeElapsed":122,"timestamp":"2025-12-12T03:04:16.203Z"}
{"level":"info","message":"⌛ Validating parciales/hablemosSinSaber/resoProfes.wlk","timeElapsed":115,"timestamp":"2025-12-12T03:04:16.319Z"}
{"level":"info","message":"⌛ Validating parciales/hablemosSinSaber/resoProfes.wlk","timeElapsed":121,"timestamp":"2025-12-12T03:04:16.649Z"}
{"level":"info","message":"⌛ Validating parciales/hablemosSinSaber/resoProfes.wlk","timeElapsed":114,"timestamp":"2025-12-12T03:04:16.764Z"}
{"level":"info","message":"⌛ Validating parciales/hablemosSinSaber/resoProfes.wlk","timeElapsed":119,"timestamp":"2025-12-12T03:04:17.072Z"}
{"level":"info","message":"⌛ Validating parciales/hablemosSinSaber/resoProfes.wlk","timeElapsed":147,"timestamp":"2025-12-12T03:04:17.457Z"}
{"level":"info","message":"⌛ Building environment","timeElapsed":186,"timestamp":"2025-12-12T03:04:17.645Z"}
{"level":"info","message":"⌛ Validating parciales/hablemosSinSaber/resoProfes.wlk","timeElapsed":130,"timestamp":"2025-12-12T03:04:17.829Z"}
{"level":"info","message":"⌛ Building environment","timeElapsed":142,"timestamp":"2025-12-12T03:04:18.147Z"}
{"level":"info","message":"⌛ Validating parciales/hablemosSinSaber/resoProfes.wlk","timeElapsed":137,"timestamp":"2025-12-12T03:04:18.325Z"}
{"level":"info","message":"⌛ Validating parciales/hablemosSinSaber/resoProfes.wlk","timeElapsed":122,"timestamp":"2025-12-12T03:04:18.752Z"}
{"level":"info","message":"⌛ Validating parciales/hablemosSinSaber/resoProfes.wlk","timeElapsed":115,"timestamp":"2025-12-12T03:04:18.867Z"}
{"level":"info","message":"⌛ Building environment","timeElapsed":103,"timestamp":"2025-12-12T03:04:19.054Z"}
{"level":"info","message":"⌛ Validating parciales/hablemosSinSaber/resoProfes.wlk","timeElapsed":110,"timestamp":"2025-12-12T03:04:19.192Z"}
{"level":"info","message":"⌛ Validating parciales/hablemosSinSaber/resoProfes.wlk","timeElapsed":122,"timestamp":"2025-12-12T03:04:19.314Z"}
{"level":"info","message":"⌛ Validating parciales/hablemosSinSaber/resoProfes.wlk","timeElapsed":118,"timestamp":"2025-12-12T03:04:19.433Z"}
{"level":"info","message":"⌛ Validating parciales/hablemosSinSaber/resoProfes.wlk","timeElapsed":151,"timestamp":"2025-12-12T03:04:19.957Z"}
{"level":"info","message":"⌛ Validating parciales/hablemosSinSaber/resoProfes.wlk","timeElapsed":137,"timestamp":"2025-12-12T03:04:20.800Z"}
{"level":"info","message":"⌛ Building environment","timeElapsed":108,"timestamp":"2025-12-12T03:04:21.103Z"}
{"level":"info","message":"⌛ Validating parciales/hablemosSinSaber/resoProfes.wlk","timeElapsed":123,"timestamp":"2025-12-12T03:04:21.364Z"}
{"level":"info","message":"⌛ Building environment","timeElapsed":188,"timestamp":"2025-12-12T03:04:21.552Z"}
{"level":"info","message":"⌛ Validating parciales/hablemosSinSaber/resoProfes.wlk","timeElapsed":117,"timestamp":"2025-12-12T03:04:21.669Z"}
{"level":"info","message":"⌛ Building environment","timeElapsed":101,"timestamp":"2025-12-12T03:04:21.770Z"}
{"level":"info","message":"⌛ Validating parciales/hablemosSinSaber/resoProfes.wlk","timeElapsed":125,"timestamp":"2025-12-12T03:04:22.026Z"}
{"level":"info","message":"⌛ Validating parciales/hablemosSinSaber/resoProfes.wlk","timeElapsed":118,"timestamp":"2025-12-12T03:04:22.145Z"}
{"level":"info","message":"⌛ Validating parciales/hablemosSinSaber/resoProfes.wlk","timeElapsed":117,"timestamp":"2025-12-12T03:04:22.263Z"}
{"level":"info","message":"⌛ Validating parciales/hablemosSinSaber/resoProfes.wlk","timeElapsed":122,"timestamp":"2025-12-12T03:04:22.518Z"}
{"level":"info","message":"⌛ Building environment","timeElapsed":107,"timestamp":"2025-12-12T03:04:22.893Z"}
{"level":"info","message":"⌛ Validating parciales/hablemosSinSaber/resoProfes.wlk","timeElapsed":143,"timestamp":"2025-12-12T03:04:23.037Z"}
{"level":"info","message":"⌛ Validating parciales/hablemosSinSaber/resoProfes.wlk","timeElapsed":149,"timestamp":"2025-12-12T03:04:23.382Z"}
{"level":"info","message":"⌛ Validating parciales/hablemosSinSaber/resoProfes.wlk","timeElapsed":115,"timestamp":"2025-12-12T03:04:23.773Z"}
{"level":"info","message":"⌛ Validating parciales/hablemosSinSaber/resoProfes.wlk","timeElapsed":106,"timestamp":"2025-12-12T03:04:23.879Z"}
{"level":"info","message":"⌛ Validating parciales/hablemosSinSaber/resoProfes.wlk","timeElapsed":112,"timestamp":"2025-12-12T03:04:24.004Z"}
{"level":"info","message":"⌛ Building environment","timeElapsed":107,"timestamp":"2025-12-12T03:04:24.217Z"}
{"level":"info","message":"⌛ Validating parciales/hablemosSinSaber/resoProfes.wlk","timeElapsed":125,"timestamp":"2025-12-12T03:04:24.474Z"}
{"level":"info","message":"⌛ Validating parciales/hablemosSinSaber/resoProfes.wlk","timeElapsed":118,"timestamp":"2025-12-12T03:04:24.681Z"}
{"level":"info","message":"⌛ Validating parciales/hablemosSinSaber/resoProfes.wlk","timeElapsed":127,"timestamp":"2025-12-12T03:04:25.012Z"}
{"level":"info","message":"⌛ Validating parciales/hablemosSinSaber/resoProfes.wlk","timeElapsed":129,"timestamp":"2025-12-12T03:04:25.142Z"}
{"level":"info","message":"⌛ Validating parciales/hablemosSinSaber/resoProfes.wlk","timeElapsed":117,"timestamp":"2025-12-12T03:04:25.260Z"}
{"level":"info","message":"⌛ Building environment","timeElapsed":109,"timestamp":"2025-12-12T03:04:26.059Z"}
{"level":"info","message":"⌛ Validating parciales/hablemosSinSaber/resoProfes.wlk","timeElapsed":156,"timestamp":"2025-12-12T03:04:26.255Z"}
{"level":"info","message":"⌛ Validating parciales/hablemosSinSaber/resoProfes.wlk","timeElapsed":138,"timestamp":"2025-12-12T03:04:26.618Z"}
{"level":"info","message":"⌛ Building environment","timeElapsed":105,"timestamp":"2025-12-12T03:04:26.723Z"}
{"level":"info","message":"⌛ Validating parciales/hablemosSinSaber/resoProfes.wlk","timeElapsed":125,"timestamp":"2025-12-12T03:04:26.888Z"}
{"level":"info","message":"⌛ Building environment","timeElapsed":190,"timestamp":"2025-12-12T03:04:27.167Z"}
{"level":"info","message":"⌛ Validating parciales/hablemosSinSaber/resoProfes.wlk","timeElapsed":114,"timestamp":"2025-12-12T03:04:27.386Z"}
{"level":"info","message":"⌛ Validating parciales/hablemosSinSaber/resoProfes.wlk","timeElapsed":118,"timestamp":"2025-12-12T03:04:27.514Z"}
{"level":"info","message":"⌛ Validating parciales/hablemosSinSaber/resoProfes.wlk","timeElapsed":128,"timestamp":"2025-12-12T03:04:27.647Z"}
{"level":"info","message":"⌛ Validating parciales/hablemosSinSaber/resoProfes.wlk","timeElapsed":129,"timestamp":"2025-12-12T03:04:27.776Z"}
{"level":"info","message":"⌛ Building environment","timeElapsed":210,"timestamp":"2025-12-12T03:04:27.986Z"}
{"level":"info","message":"⌛ Validating parciales/hablemosSinSaber/resoProfes.wlk","timeElapsed":113,"timestamp":"2025-12-12T03:04:28.103Z"}
{"level":"info","message":"⌛ Building environment","timeElapsed":264,"timestamp":"2025-12-12T03:04:28.885Z"}
{"level":"info","message":"⌛ Building environment","timeElapsed":146,"timestamp":"2025-12-12T03:04:29.042Z"}
{"level":"info","message":"⌛ Validating parciales/hablemosSinSaber/resoProfes.wlk","timeElapsed":127,"timestamp":"2025-12-12T03:04:29.170Z"}
{"level":"info","message":"⌛ Validating parciales/hablemosSinSaber/resoProfes.wlk","timeElapsed":114,"timestamp":"2025-12-12T03:04:29.284Z"}
{"level":"info","message":"⌛ Building environment","timeElapsed":118,"timestamp":"2025-12-12T03:04:30.045Z"}
{"level":"info","message":"⌛ Validating parciales/hablemosSinSaber/resoProfes.wlk","timeElapsed":163,"timestamp":"2025-12-12T03:04:30.208Z"}
{"level":"info","message":"⌛ Validating parciales/hablemosSinSaber/resoProfes.wlk","timeElapsed":127,"timestamp":"2025-12-12T03:04:30.335Z"}
{"level":"info","message":"⌛ Building environment","timeElapsed":141,"timestamp":"2025-12-12T03:04:33.915Z"}
{"level":"info","message":"⌛ Validating parciales/hablemosSinSaber/resoProfes.wlk","timeElapsed":142,"timestamp":"2025-12-12T03:04:34.058Z"}
{"level":"info","message":"⌛ Building environment","timeElapsed":113,"timestamp":"2025-12-12T03:04:34.936Z"}
{"level":"info","message":"⌛ Building environment","timeElapsed":110,"timestamp":"2025-12-12T03:04:35.047Z"}
{"level":"info","message":"⌛ Building environment","timeElapsed":115,"timestamp":"2025-12-12T03:04:35.196Z"}
{"level":"info","message":"⌛ Validating parciales/hablemosSinSaber/resoProfes.wlk","timeElapsed":182,"timestamp":"2025-12-12T03:04:35.379Z"}
{"level":"info","message":"⌛ Validating parciales/hablemosSinSaber/resoProfes.wlk","timeElapsed":145,"timestamp":"2025-12-12T03:04:35.524Z"}
{"level":"info","message":"⌛ Building environment","timeElapsed":107,"timestamp":"2025-12-12T03:04:35.631Z"}
{"level":"info","message":"⌛ Validating parciales/hablemosSinSaber/resoProfes.wlk","timeElapsed":184,"timestamp":"2025-12-12T03:04:35.851Z"}
{"level":"info","message":"⌛ Building environment","timeElapsed":124,"timestamp":"2025-12-12T03:04:35.975Z"}
{"level":"info","message":"⌛ Validating parciales/hablemosSinSaber/resoProfes.wlk","timeElapsed":126,"timestamp":"2025-12-12T03:04:36.264Z"}
{"level":"info","message":"⌛ Validating parciales/hablemosSinSaber/resoProfes.wlk","timeElapsed":117,"timestamp":"2025-12-12T03:04:36.524Z"}
{"level":"info","message":"⌛ Validating parciales/hablemosSinSaber/resoProfes.wlk","timeElapsed":111,"timestamp":"2025-12-12T03:04:36.636Z"}
{"level":"info","message":"⌛ Validating parciales/hablemosSinSaber/resoProfes.wlk","timeElapsed":117,"timestamp":"2025-12-12T03:04:36.845Z"}
{"level":"info","message":"⌛ Validating parciales/hablemosSinSaber/resoProfes.wlk","timeElapsed":118,"timestamp":"2025-12-12T03:04:37.064Z"}
{"level":"info","message":"⌛ Building environment","timeElapsed":108,"timestamp":"2025-12-12T03:04:37.297Z"}
{"level":"info","message":"⌛ Validating parciales/hablemosSinSaber/resoProfes.wlk","timeElapsed":125,"timestamp":"2025-12-12T03:04:37.422Z"}
{"level":"info","message":"⌛ Validating parciales/hablemosSinSaber/resoProfes.wlk","timeElapsed":119,"timestamp":"2025-12-12T03:04:37.715Z"}
{"level":"info","message":"⌛ Validating parciales/hablemosSinSaber/resoProfes.wlk","timeElapsed":117,"timestamp":"2025-12-12T03:04:37.920Z"}
{"level":"info","message":"⌛ Validating parciales/hablemosSinSaber/resoProfes.wlk","timeElapsed":110,"timestamp":"2025-12-12T03:04:38.035Z"}
{"level":"info","message":"⌛ Validating parciales/hablemosSinSaber/resoProfes.wlk","timeElapsed":111,"timestamp":"2025-12-12T03:04:38.146Z"}
{"level":"info","message":"⌛ Validating parciales/hablemosSinSaber/resoProfes.wlk","timeElapsed":120,"timestamp":"2025-12-12T03:04:38.275Z"}
{"level":"info","message":"⌛ Validating parciales/hablemosSinSaber/resoProfes.wlk","timeElapsed":118,"timestamp":"2025-12-12T03:04:38.504Z"}
{"level":"info","message":"⌛ Validating parciales/hablemosSinSaber/resoProfes.wlk","timeElapsed":128,"timestamp":"2025-12-12T03:04:38.935Z"}
{"level":"info","message":"⌛ Validating parciales/hablemosSinSaber/resoProfes.wlk","timeElapsed":113,"timestamp":"2025-12-12T03:04:39.048Z"}
{"level":"info","message":"⌛ Building environment","timeElapsed":159,"timestamp":"2025-12-12T03:04:39.207Z"}
{"level":"info","message":"⌛ Validating parciales/hablemosSinSaber/resoProfes.wlk","timeElapsed":113,"timestamp":"2025-12-12T03:04:39.357Z"}
{"level":"info","message":"⌛ Building environment","timeElapsed":144,"timestamp":"2025-12-12T03:04:39.673Z"}
{"level":"info","message":"⌛ Building environment","timeElapsed":146,"timestamp":"2025-12-12T03:04:39.820Z"}
{"level":"info","message":"⌛ Validating parciales/hablemosSinSaber/resoProfes.wlk","timeElapsed":125,"timestamp":"2025-12-12T03:04:39.946Z"}
{"level":"info","message":"⌛ Validating parciales/hablemosSinSaber/resoProfes.wlk","timeElapsed":119,"timestamp":"2025-12-12T03:04:40.070Z"}
{"level":"info","message":"⌛ Validating parciales/hablemosSinSaber/resoProfes.wlk","timeElapsed":111,"timestamp":"2025-12-12T03:04:40.182Z"}
{"level":"info","message":"⌛ Validating parciales/hablemosSinSaber/resoProfes.wlk","timeElapsed":116,"timestamp":"2025-12-12T03:04:40.304Z"}
{"level":"info","message":"⌛ Validating parciales/hablemosSinSaber/resoProfes.wlk","timeElapsed":116,"timestamp":"2025-12-12T03:04:40.420Z"}
{"level":"info","message":"⌛ Building environment","timeElapsed":117,"timestamp":"2025-12-12T03:04:43.674Z"}
{"level":"info","message":"⌛ Building environment","timeElapsed":107,"timestamp":"2025-12-12T03:04:43.825Z"}
{"level":"info","message":"⌛ Validating parciales/hablemosSinSaber/resoProfes.wlk","timeElapsed":150,"timestamp":"2025-12-12T03:04:43.984Z"}
{"level":"info","message":"⌛ Building environment","timeElapsed":172,"timestamp":"2025-12-12T03:04:44.157Z"}
{"level":"info","message":"⌛ Building environment","timeElapsed":108,"timestamp":"2025-12-12T03:04:44.265Z"}
{"level":"info","message":"⌛ Validating parciales/hablemosSinSaber/resoProfes.wlk","timeElapsed":148,"timestamp":"2025-12-12T03:04:44.414Z"}
{"level":"info","message":"⌛ Validating parciales/hablemosSinSaber/resoProfes.wlk","timeElapsed":143,"timestamp":"2025-12-12T03:04:44.563Z"}
{"level":"info","message":"⌛ Validating parciales/hablemosSinSaber/resoProfes.wlk","timeElapsed":138,"timestamp":"2025-12-12T03:04:44.708Z"}
{"level":"info","message":"⌛ Building environment","timeElapsed":106,"timestamp":"2025-12-12T03:04:44.921Z"}
{"level":"info","message":"⌛ Validating parciales/hablemosSinSaber/resoProfes.wlk","timeElapsed":144,"timestamp":"2025-12-12T03:04:45.105Z"}
{"level":"info","message":"⌛ Validating parciales/hablemosSinSaber/resoProfes.wlk","timeElapsed":155,"timestamp":"2025-12-12T03:04:45.262Z"}
{"level":"info","message":"⌛ Building environment","timeElapsed":106,"timestamp":"2025-12-12T03:04:45.972Z"}
{"level":"info","message":"⌛ Validating parciales/hablemosSinSaber/resoProfes.wlk","timeElapsed":145,"timestamp":"2025-12-12T03:04:46.118Z"}
{"level":"info","message":"⌛ Building environment","timeElapsed":113,"timestamp":"2025-12-12T03:04:46.232Z"}
{"level":"info","message":"⌛ Building environment","timeElapsed":105,"timestamp":"2025-12-12T03:04:46.338Z"}
{"level":"info","message":"⌛ Validating parciales/hablemosSinSaber/resoProfes.wlk","timeElapsed":134,"timestamp":"2025-12-12T03:04:46.484Z"}
{"level":"info","message":"⌛ Validating parciales/hablemosSinSaber/resoProfes.wlk","timeElapsed":114,"timestamp":"2025-12-12T03:04:46.599Z"}
{"level":"info","message":"⌛ Building environment","timeElapsed":169,"timestamp":"2025-12-12T03:04:47.168Z"}
{"level":"info","message":"⌛ Validating parciales/hablemosSinSaber/resoProfes.wlk","timeElapsed":124,"timestamp":"2025-12-12T03:04:47.293Z"}
{"level":"info","message":"⌛ Validating parciales/hablemosSinSaber/resoProfes.wlk","timeElapsed":118,"timestamp":"2025-12-12T03:04:47.510Z"}
{"level":"info","message":"⌛ Building environment","timeElapsed":106,"timestamp":"2025-12-12T03:04:48.188Z"}
{"level":"info","message":"⌛ Validating parciales/hablemosSinSaber/resoProfes.wlk","timeElapsed":141,"timestamp":"2025-12-12T03:04:48.330Z"}
{"level":"error","message":"✘ Completions for node Return (undefined - parciales/hablemosSinSaber/resoProfes.wlk) failed: Error: [Return]{78b5c3} at parciales/hablemosSinSaber/resoProfes.wlk:-- exhausted all cases without a match [Return]{78b5c3} at parciales/hablemosSinSaber/resoProfes.wlk:-- exhausted all cases without a match","stack":"Error: [Return]{78b5c3} at parciales/hablemosSinSaber/resoProfes.wlk:-- exhausted all cases without a match\n    at c:\\Users\\edu\\.vscode\\extensions\\uqbar.wollok-lsp-ide-0.5.3\\out\\server\\src\\server.js:38:6142\n    at D2 (c:\\Users\\edu\\.vscode\\extensions\\uqbar.wollok-lsp-ide-0.5.3\\out\\server\\src\\server.js:2384:42)\n    at Qh (c:\\Users\\edu\\.vscode\\extensions\\uqbar.wollok-lsp-ide-0.5.3\\out\\server\\src\\server.js:2384:1092)\n    at k6n (c:\\Users\\edu\\.vscode\\extensions\\uqbar.wollok-lsp-ide-0.5.3\\out\\server\\src\\server.js:2384:1248)\n    at c:\\Users\\edu\\.vscode\\extensions\\uqbar.wollok-lsp-ide-0.5.3\\out\\server\\src\\server.js:38:6131\n    at D2 (c:\\Users\\edu\\.vscode\\extensions\\uqbar.wollok-lsp-ide-0.5.3\\out\\server\\src\\server.js:2384:42)\n    at c:\\Users\\edu\\.vscode\\extensions\\uqbar.wollok-lsp-ide-0.5.3\\out\\server\\src\\server.js:2384:2988\n    at c:\\Users\\edu\\.vscode\\extensions\\uqbar.wollok-lsp-ide-0.5.3\\out\\server\\src\\server.js:2393:8440\n    at c:\\Users\\edu\\.vscode\\extensions\\uqbar.wollok-lsp-ide-0.5.3\\out\\server\\src\\server.js:37:74872\n    at Ye (c:\\Users\\edu\\.vscode\\extensions\\uqbar.wollok-lsp-ide-0.5.3\\out\\server\\src\\server.js:7:8527)","timestamp":"2025-12-12T03:04:49.602Z"}
{"level":"info","message":"⌛ Validating parciales/hablemosSinSaber/resoProfes.wlk","timeElapsed":126,"timestamp":"2025-12-12T03:04:49.834Z"}
{"level":"info","message":"⌛ Validating parciales/hablemosSinSaber/resoProfes.wlk","timeElapsed":122,"timestamp":"2025-12-12T03:04:50.138Z"}
{"level":"info","message":"⌛ Building environment","timeElapsed":104,"timestamp":"2025-12-12T03:04:50.242Z"}
{"level":"info","message":"⌛ Validating parciales/hablemosSinSaber/resoProfes.wlk","timeElapsed":123,"timestamp":"2025-12-12T03:04:50.364Z"}
{"level":"info","message":"⌛ Building environment","timeElapsed":133,"timestamp":"2025-12-12T03:04:50.499Z"}
{"level":"info","message":"⌛ Validating parciales/hablemosSinSaber/resoProfes.wlk","timeElapsed":144,"timestamp":"2025-12-12T03:04:50.643Z"}
{"level":"info","message":"⌛ Building environment","timeElapsed":122,"timestamp":"2025-12-12T03:04:50.768Z"}
{"level":"info","message":"⌛ Building environment","timeElapsed":126,"timestamp":"2025-12-12T03:04:50.894Z"}
{"level":"info","message":"⌛ Validating parciales/hablemosSinSaber/resoProfes.wlk","timeElapsed":133,"timestamp":"2025-12-12T03:04:51.028Z"}
{"level":"error","message":"✘ Completions for node Return (undefined - parciales/hablemosSinSaber/resoProfes.wlk) failed: Error: [Return]{17f225} at parciales/hablemosSinSaber/resoProfes.wlk:-- exhausted all cases without a match [Return]{17f225} at parciales/hablemosSinSaber/resoProfes.wlk:-- exhausted all cases without a match","stack":"Error: [Return]{17f225} at parciales/hablemosSinSaber/resoProfes.wlk:-- exhausted all cases without a match\n    at c:\\Users\\edu\\.vscode\\extensions\\uqbar.wollok-lsp-ide-0.5.3\\out\\server\\src\\server.js:38:6142\n    at D2 (c:\\Users\\edu\\.vscode\\extensions\\uqbar.wollok-lsp-ide-0.5.3\\out\\server\\src\\server.js:2384:42)\n    at Qh (c:\\Users\\edu\\.vscode\\extensions\\uqbar.wollok-lsp-ide-0.5.3\\out\\server\\src\\server.js:2384:1092)\n    at k6n (c:\\Users\\edu\\.vscode\\extensions\\uqbar.wollok-lsp-ide-0.5.3\\out\\server\\src\\server.js:2384:1248)\n    at c:\\Users\\edu\\.vscode\\extensions\\uqbar.wollok-lsp-ide-0.5.3\\out\\server\\src\\server.js:38:6131\n    at D2 (c:\\Users\\edu\\.vscode\\extensions\\uqbar.wollok-lsp-ide-0.5.3\\out\\server\\src\\server.js:2384:42)\n    at c:\\Users\\edu\\.vscode\\extensions\\uqbar.wollok-lsp-ide-0.5.3\\out\\server\\src\\server.js:2384:2988\n    at c:\\Users\\edu\\.vscode\\extensions\\uqbar.wollok-lsp-ide-0.5.3\\out\\server\\src\\server.js:2393:8440\n    at c:\\Users\\edu\\.vscode\\extensions\\uqbar.wollok-lsp-ide-0.5.3\\out\\server\\src\\server.js:37:74872\n    at Ye (c:\\Users\\edu\\.vscode\\extensions\\uqbar.wollok-lsp-ide-0.5.3\\out\\server\\src\\server.js:7:8527)","timestamp":"2025-12-12T03:04:51.149Z"}
{"level":"info","message":"⌛ Validating parciales/hablemosSinSaber/resoProfes.wlk","timeElapsed":125,"timestamp":"2025-12-12T03:04:51.277Z"}
{"level":"info","message":"⌛ Validating parciales/hablemosSinSaber/resoProfes.wlk","timeElapsed":114,"timestamp":"2025-12-12T03:04:51.397Z"}
{"level":"info","message":"⌛ Validating parciales/hablemosSinSaber/resoProfes.wlk","timeElapsed":121,"timestamp":"2025-12-12T03:04:51.518Z"}
{"level":"info","message":"⌛ Validating parciales/hablemosSinSaber/resoProfes.wlk","timeElapsed":121,"timestamp":"2025-12-12T03:04:51.725Z"}
{"level":"info","message":"⌛ Validating parciales/hablemosSinSaber/resoProfes.wlk","timeElapsed":128,"timestamp":"2025-12-12T03:04:52.038Z"}
{"level":"info","message":"⌛ Building environment","timeElapsed":117,"timestamp":"2025-12-12T03:04:52.159Z"}
{"level":"info","message":"⌛ Validating parciales/hablemosSinSaber/resoProfes.wlk","timeElapsed":125,"timestamp":"2025-12-12T03:04:52.283Z"}
{"level":"error","message":"✘ Completions for node Return (undefined - parciales/hablemosSinSaber/resoProfes.wlk) failed: Error: [Return]{21f1c7} at parciales/hablemosSinSaber/resoProfes.wlk:-- exhausted all cases without a match [Return]{21f1c7} at parciales/hablemosSinSaber/resoProfes.wlk:-- exhausted all cases without a match","stack":"Error: [Return]{21f1c7} at parciales/hablemosSinSaber/resoProfes.wlk:-- exhausted all cases without a match\n    at c:\\Users\\edu\\.vscode\\extensions\\uqbar.wollok-lsp-ide-0.5.3\\out\\server\\src\\server.js:38:6142\n    at D2 (c:\\Users\\edu\\.vscode\\extensions\\uqbar.wollok-lsp-ide-0.5.3\\out\\server\\src\\server.js:2384:42)\n    at Qh (c:\\Users\\edu\\.vscode\\extensions\\uqbar.wollok-lsp-ide-0.5.3\\out\\server\\src\\server.js:2384:1092)\n    at k6n (c:\\Users\\edu\\.vscode\\extensions\\uqbar.wollok-lsp-ide-0.5.3\\out\\server\\src\\server.js:2384:1248)\n    at c:\\Users\\edu\\.vscode\\extensions\\uqbar.wollok-lsp-ide-0.5.3\\out\\server\\src\\server.js:38:6131\n    at D2 (c:\\Users\\edu\\.vscode\\extensions\\uqbar.wollok-lsp-ide-0.5.3\\out\\server\\src\\server.js:2384:42)\n    at c:\\Users\\edu\\.vscode\\extensions\\uqbar.wollok-lsp-ide-0.5.3\\out\\server\\src\\server.js:2384:2988\n    at c:\\Users\\edu\\.vscode\\extensions\\uqbar.wollok-lsp-ide-0.5.3\\out\\server\\src\\server.js:2393:8440\n    at c:\\Users\\edu\\.vscode\\extensions\\uqbar.wollok-lsp-ide-0.5.3\\out\\server\\src\\server.js:37:74872\n    at Ye (c:\\Users\\edu\\.vscode\\extensions\\uqbar.wollok-lsp-ide-0.5.3\\out\\server\\src\\server.js:7:8527)","timestamp":"2025-12-12T03:04:52.405Z"}
{"level":"info","message":"⌛ Validating parciales/hablemosSinSaber/resoProfes.wlk","timeElapsed":122,"timestamp":"2025-12-12T03:04:52.531Z"}
{"level":"info","message":"⌛ Validating parciales/hablemosSinSaber/resoProfes.wlk","timeElapsed":118,"timestamp":"2025-12-12T03:04:52.919Z"}
{"level":"info","message":"⌛ Validating parciales/hablemosSinSaber/resoProfes.wlk","timeElapsed":110,"timestamp":"2025-12-12T03:04:53.034Z"}
{"level":"info","message":"⌛ Validating parciales/hablemosSinSaber/resoProfes.wlk","timeElapsed":118,"timestamp":"2025-12-12T03:04:53.153Z"}
{"level":"info","message":"⌛ Validating parciales/hablemosSinSaber/resoProfes.wlk","timeElapsed":117,"timestamp":"2025-12-12T03:04:53.270Z"}
{"level":"info","message":"⌛ Validating parciales/hablemosSinSaber/resoProfes.wlk","timeElapsed":117,"timestamp":"2025-12-12T03:04:53.391Z"}
{"level":"info","message":"⌛ Building environment","timeElapsed":102,"timestamp":"2025-12-12T03:04:53.576Z"}
{"level":"info","message":"⌛ Validating parciales/hablemosSinSaber/resoProfes.wlk","timeElapsed":118,"timestamp":"2025-12-12T03:04:53.729Z"}
{"level":"info","message":"⌛ Building environment","timeElapsed":125,"timestamp":"2025-12-12T03:04:53.855Z"}
{"level":"error","message":"✘ Completions for node Return (undefined - parciales/hablemosSinSaber/resoProfes.wlk) failed: Error: [Return]{116bd5} at parciales/hablemosSinSaber/resoProfes.wlk:-- exhausted all cases without a match [Return]{116bd5} at parciales/hablemosSinSaber/resoProfes.wlk:-- exhausted all cases without a match","stack":"Error: [Return]{116bd5} at parciales/hablemosSinSaber/resoProfes.wlk:-- exhausted all cases without a match\n    at c:\\Users\\edu\\.vscode\\extensions\\uqbar.wollok-lsp-ide-0.5.3\\out\\server\\src\\server.js:38:6142\n    at D2 (c:\\Users\\edu\\.vscode\\extensions\\uqbar.wollok-lsp-ide-0.5.3\\out\\server\\src\\server.js:2384:42)\n    at Qh (c:\\Users\\edu\\.vscode\\extensions\\uqbar.wollok-lsp-ide-0.5.3\\out\\server\\src\\server.js:2384:1092)\n    at k6n (c:\\Users\\edu\\.vscode\\extensions\\uqbar.wollok-lsp-ide-0.5.3\\out\\server\\src\\server.js:2384:1248)\n    at c:\\Users\\edu\\.vscode\\extensions\\uqbar.wollok-lsp-ide-0.5.3\\out\\server\\src\\server.js:38:6131\n    at D2 (c:\\Users\\edu\\.vscode\\extensions\\uqbar.wollok-lsp-ide-0.5.3\\out\\server\\src\\server.js:2384:42)\n    at c:\\Users\\edu\\.vscode\\extensions\\uqbar.wollok-lsp-ide-0.5.3\\out\\server\\src\\server.js:2384:2988\n    at c:\\Users\\edu\\.vscode\\extensions\\uqbar.wollok-lsp-ide-0.5.3\\out\\server\\src\\server.js:2393:8440\n    at c:\\Users\\edu\\.vscode\\extensions\\uqbar.wollok-lsp-ide-0.5.3\\out\\server\\src\\server.js:37:74872\n    at Ye (c:\\Users\\edu\\.vscode\\extensions\\uqbar.wollok-lsp-ide-0.5.3\\out\\server\\src\\server.js:7:8527)","timestamp":"2025-12-12T03:04:53.894Z"}
{"level":"info","message":"⌛ Validating parciales/hablemosSinSaber/resoProfes.wlk","timeElapsed":117,"timestamp":"2025-12-12T03:04:54.020Z"}
{"level":"error","message":"✘ Completions for node Return (undefined - parciales/hablemosSinSaber/resoProfes.wlk) failed: Error: [Return]{486f37} at parciales/hablemosSinSaber/resoProfes.wlk:-- exhausted all cases without a match [Return]{486f37} at parciales/hablemosSinSaber/resoProfes.wlk:-- exhausted all cases without a match","stack":"Error: [Return]{486f37} at parciales/hablemosSinSaber/resoProfes.wlk:-- exhausted all cases without a match\n    at c:\\Users\\edu\\.vscode\\extensions\\uqbar.wollok-lsp-ide-0.5.3\\out\\server\\src\\server.js:38:6142\n    at D2 (c:\\Users\\edu\\.vscode\\extensions\\uqbar.wollok-lsp-ide-0.5.3\\out\\server\\src\\server.js:2384:42)\n    at Qh (c:\\Users\\edu\\.vscode\\extensions\\uqbar.wollok-lsp-ide-0.5.3\\out\\server\\src\\server.js:2384:1092)\n    at k6n (c:\\Users\\edu\\.vscode\\extensions\\uqbar.wollok-lsp-ide-0.5.3\\out\\server\\src\\server.js:2384:1248)\n    at c:\\Users\\edu\\.vscode\\extensions\\uqbar.wollok-lsp-ide-0.5.3\\out\\server\\src\\server.js:38:6131\n    at D2 (c:\\Users\\edu\\.vscode\\extensions\\uqbar.wollok-lsp-ide-0.5.3\\out\\server\\src\\server.js:2384:42)\n    at c:\\Users\\edu\\.vscode\\extensions\\uqbar.wollok-lsp-ide-0.5.3\\out\\server\\src\\server.js:2384:2988\n    at c:\\Users\\edu\\.vscode\\extensions\\uqbar.wollok-lsp-ide-0.5.3\\out\\server\\src\\server.js:2393:8440\n    at c:\\Users\\edu\\.vscode\\extensions\\uqbar.wollok-lsp-ide-0.5.3\\out\\server\\src\\server.js:37:74872\n    at Ye (c:\\Users\\edu\\.vscode\\extensions\\uqbar.wollok-lsp-ide-0.5.3\\out\\server\\src\\server.js:7:8527)","timestamp":"2025-12-12T03:04:54.167Z"}
{"level":"info","message":"⌛ Building environment","timeElapsed":140,"timestamp":"2025-12-12T03:04:54.310Z"}
{"level":"info","message":"⌛ Validating parciales/hablemosSinSaber/resoProfes.wlk","timeElapsed":116,"timestamp":"2025-12-12T03:04:54.467Z"}
{"level":"info","message":"⌛ Validating parciales/hablemosSinSaber/resoProfes.wlk","timeElapsed":136,"timestamp":"2025-12-12T03:04:54.605Z"}
{"level":"info","message":"⌛ Validating parciales/hablemosSinSaber/resoProfes.wlk","timeElapsed":113,"timestamp":"2025-12-12T03:04:54.725Z"}
{"level":"info","message":"⌛ Building environment","timeElapsed":107,"timestamp":"2025-12-12T03:04:55.403Z"}
{"level":"error","message":"✘ Completions for node Return (undefined - parciales/hablemosSinSaber/resoProfes.wlk) failed: Error: [Return]{067262} at parciales/hablemosSinSaber/resoProfes.wlk:-- exhausted all cases without a match [Return]{067262} at parciales/hablemosSinSaber/resoProfes.wlk:-- exhausted all cases without a match","stack":"Error: [Return]{067262} at parciales/hablemosSinSaber/resoProfes.wlk:-- exhausted all cases without a match\n    at c:\\Users\\edu\\.vscode\\extensions\\uqbar.wollok-lsp-ide-0.5.3\\out\\server\\src\\server.js:38:6142\n    at D2 (c:\\Users\\edu\\.vscode\\extensions\\uqbar.wollok-lsp-ide-0.5.3\\out\\server\\src\\server.js:2384:42)\n    at Qh (c:\\Users\\edu\\.vscode\\extensions\\uqbar.wollok-lsp-ide-0.5.3\\out\\server\\src\\server.js:2384:1092)\n    at k6n (c:\\Users\\edu\\.vscode\\extensions\\uqbar.wollok-lsp-ide-0.5.3\\out\\server\\src\\server.js:2384:1248)\n    at c:\\Users\\edu\\.vscode\\extensions\\uqbar.wollok-lsp-ide-0.5.3\\out\\server\\src\\server.js:38:6131\n    at D2 (c:\\Users\\edu\\.vscode\\extensions\\uqbar.wollok-lsp-ide-0.5.3\\out\\server\\src\\server.js:2384:42)\n    at c:\\Users\\edu\\.vscode\\extensions\\uqbar.wollok-lsp-ide-0.5.3\\out\\server\\src\\server.js:2384:2988\n    at c:\\Users\\edu\\.vscode\\extensions\\uqbar.wollok-lsp-ide-0.5.3\\out\\server\\src\\server.js:2393:8440\n    at c:\\Users\\edu\\.vscode\\extensions\\uqbar.wollok-lsp-ide-0.5.3\\out\\server\\src\\server.js:37:74872\n    at Ye (c:\\Users\\edu\\.vscode\\extensions\\uqbar.wollok-lsp-ide-0.5.3\\out\\server\\src\\server.js:7:8527)","timestamp":"2025-12-12T03:04:55.447Z"}
{"level":"info","message":"⌛ Validating parciales/hablemosSinSaber/resoProfes.wlk","timeElapsed":118,"timestamp":"2025-12-12T03:04:55.568Z"}
{"level":"info","message":"⌛ Building environment","timeElapsed":114,"timestamp":"2025-12-12T03:04:58.159Z"}
{"level":"info","message":"⌛ Validating parciales/hablemosSinSaber/resoProfes.wlk","timeElapsed":142,"timestamp":"2025-12-12T03:04:58.302Z"}
{"level":"info","message":"⌛ Building environment","timeElapsed":120,"timestamp":"2025-12-12T03:05:00.831Z"}
{"level":"info","message":"⌛ Validating parciales/hablemosSinSaber/resoProfes.wlk","timeElapsed":148,"timestamp":"2025-12-12T03:05:01.060Z"}
{"level":"info","message":"⌛ Building environment","timeElapsed":144,"timestamp":"2025-12-12T03:05:01.358Z"}
{"level":"info","message":"⌛ Building environment","timeElapsed":122,"timestamp":"2025-12-12T03:05:01.482Z"}
{"level":"info","message":"⌛ Validating parciales/hablemosSinSaber/resoProfes.wlk","timeElapsed":166,"timestamp":"2025-12-12T03:05:01.660Z"}
{"level":"info","message":"⌛ Building environment","timeElapsed":127,"timestamp":"2025-12-12T03:05:01.788Z"}
{"level":"info","message":"⌛ Validating parciales/hablemosSinSaber/resoProfes.wlk","timeElapsed":126,"timestamp":"2025-12-12T03:05:01.915Z"}
{"level":"info","message":"⌛ Validating parciales/hablemosSinSaber/resoProfes.wlk","timeElapsed":118,"timestamp":"2025-12-12T03:05:02.040Z"}
{"level":"info","message":"⌛ Building environment","timeElapsed":127,"timestamp":"2025-12-12T03:05:02.672Z"}
{"level":"info","message":"⌛ Validating parciales/hablemosSinSaber/resoProfes.wlk","timeElapsed":126,"timestamp":"2025-12-12T03:05:02.806Z"}
{"level":"info","message":"⌛ Building environment","timeElapsed":105,"timestamp":"2025-12-12T03:05:02.912Z"}
{"level":"info","message":"⌛ Validating parciales/hablemosSinSaber/resoProfes.wlk","timeElapsed":123,"timestamp":"2025-12-12T03:05:03.122Z"}
{"level":"info","message":"⌛ Validating parciales/hablemosSinSaber/resoProfes.wlk","timeElapsed":116,"timestamp":"2025-12-12T03:05:03.240Z"}
{"level":"info","message":"⌛ Building environment","timeElapsed":105,"timestamp":"2025-12-12T03:05:08.573Z"}
{"level":"info","message":"⌛ Validating parciales/hablemosSinSaber/resoProfes.wlk","timeElapsed":124,"timestamp":"2025-12-12T03:05:08.698Z"}
{"level":"info","message":"⌛ Validating parciales/hablemosSinSaber/resoProfes.wlk","timeElapsed":114,"timestamp":"2025-12-12T03:05:08.906Z"}
{"level":"info","message":"⌛ Building environment","timeElapsed":124,"timestamp":"2025-12-12T03:05:09.031Z"}
{"level":"info","message":"⌛ Validating parciales/hablemosSinSaber/resoProfes.wlk","timeElapsed":130,"timestamp":"2025-12-12T03:05:09.255Z"}
{"level":"info","message":"⌛ Validating parciales/hablemosSinSaber/resoProfes.wlk","timeElapsed":114,"timestamp":"2025-12-12T03:05:09.368Z"}
{"level":"info","message":"⌛ Validating parciales/hablemosSinSaber/resoProfes.wlk","timeElapsed":118,"timestamp":"2025-12-12T03:05:09.675Z"}
{"level":"info","message":"⌛ Validating parciales/hablemosSinSaber/resoProfes.wlk","timeElapsed":120,"timestamp":"2025-12-12T03:05:09.795Z"}
{"level":"info","message":"⌛ Validating parciales/hablemosSinSaber/resoProfes.wlk","timeElapsed":127,"timestamp":"2025-12-12T03:05:10.017Z"}
{"level":"info","message":"⌛ Validating parciales/hablemosSinSaber/resoProfes.wlk","timeElapsed":122,"timestamp":"2025-12-12T03:05:10.328Z"}
{"level":"info","message":"⌛ Validating parciales/hablemosSinSaber/resoProfes.wlk","timeElapsed":119,"timestamp":"2025-12-12T03:05:10.541Z"}
{"level":"info","message":"⌛ Building environment","timeElapsed":165,"timestamp":"2025-12-12T03:05:10.707Z"}
{"level":"info","message":"⌛ Validating parciales/hablemosSinSaber/resoProfes.wlk","timeElapsed":124,"timestamp":"2025-12-12T03:05:10.863Z"}
{"level":"info","message":"⌛ Validating parciales/hablemosSinSaber/resoProfes.wlk","timeElapsed":110,"timestamp":"2025-12-12T03:05:10.974Z"}
{"level":"info","message":"⌛ Building environment","timeElapsed":152,"timestamp":"2025-12-12T03:05:11.534Z"}
{"level":"info","message":"⌛ Building environment","timeElapsed":119,"timestamp":"2025-12-12T03:05:11.661Z"}
{"level":"info","message":"⌛ Validating parciales/hablemosSinSaber/resoProfes.wlk","timeElapsed":207,"timestamp":"2025-12-12T03:05:11.871Z"}
{"level":"info","message":"⌛ Validating parciales/hablemosSinSaber/resoProfes.wlk","timeElapsed":125,"timestamp":"2025-12-12T03:05:11.995Z"}
{"level":"info","message":"⌛ Building environment","timeElapsed":136,"timestamp":"2025-12-12T03:05:12.131Z"}
{"level":"info","message":"⌛ Validating parciales/hablemosSinSaber/resoProfes.wlk","timeElapsed":119,"timestamp":"2025-12-12T03:05:12.359Z"}
{"level":"info","message":"⌛ Building environment","timeElapsed":106,"timestamp":"2025-12-12T03:05:12.466Z"}
{"level":"info","message":"⌛ Validating parciales/hablemosSinSaber/resoProfes.wlk","timeElapsed":157,"timestamp":"2025-12-12T03:05:12.632Z"}
{"level":"info","message":"⌛ Validating parciales/hablemosSinSaber/resoProfes.wlk","timeElapsed":127,"timestamp":"2025-12-12T03:05:12.760Z"}
{"level":"info","message":"⌛ Building environment","timeElapsed":103,"timestamp":"2025-12-12T03:05:12.960Z"}
{"level":"info","message":"⌛ Building environment","timeElapsed":115,"timestamp":"2025-12-12T03:05:13.164Z"}
{"level":"error","message":"✘ Completions for node Return (undefined - parciales/hablemosSinSaber/resoProfes.wlk) failed: Error: [Return]{ac10fc} at parciales/hablemosSinSaber/resoProfes.wlk:-- exhausted all cases without a match [Return]{ac10fc} at parciales/hablemosSinSaber/resoProfes.wlk:-- exhausted all cases without a match","stack":"Error: [Return]{ac10fc} at parciales/hablemosSinSaber/resoProfes.wlk:-- exhausted all cases without a match\n    at c:\\Users\\edu\\.vscode\\extensions\\uqbar.wollok-lsp-ide-0.5.3\\out\\server\\src\\server.js:38:6142\n    at D2 (c:\\Users\\edu\\.vscode\\extensions\\uqbar.wollok-lsp-ide-0.5.3\\out\\server\\src\\server.js:2384:42)\n    at Qh (c:\\Users\\edu\\.vscode\\extensions\\uqbar.wollok-lsp-ide-0.5.3\\out\\server\\src\\server.js:2384:1092)\n    at k6n (c:\\Users\\edu\\.vscode\\extensions\\uqbar.wollok-lsp-ide-0.5.3\\out\\server\\src\\server.js:2384:1248)\n    at c:\\Users\\edu\\.vscode\\extensions\\uqbar.wollok-lsp-ide-0.5.3\\out\\server\\src\\server.js:38:6131\n    at D2 (c:\\Users\\edu\\.vscode\\extensions\\uqbar.wollok-lsp-ide-0.5.3\\out\\server\\src\\server.js:2384:42)\n    at c:\\Users\\edu\\.vscode\\extensions\\uqbar.wollok-lsp-ide-0.5.3\\out\\server\\src\\server.js:2384:2988\n    at c:\\Users\\edu\\.vscode\\extensions\\uqbar.wollok-lsp-ide-0.5.3\\out\\server\\src\\server.js:2393:8440\n    at c:\\Users\\edu\\.vscode\\extensions\\uqbar.wollok-lsp-ide-0.5.3\\out\\server\\src\\server.js:37:74872\n    at Ye (c:\\Users\\edu\\.vscode\\extensions\\uqbar.wollok-lsp-ide-0.5.3\\out\\server\\src\\server.js:7:8527)","timestamp":"2025-12-12T03:05:13.204Z"}
{"level":"error","message":"✘ Completions for node Return (undefined - parciales/hablemosSinSaber/resoProfes.wlk) failed: Error: [Return]{0cdc51} at parciales/hablemosSinSaber/resoProfes.wlk:-- exhausted all cases without a match [Return]{0cdc51} at parciales/hablemosSinSaber/resoProfes.wlk:-- exhausted all cases without a match","stack":"Error: [Return]{0cdc51} at parciales/hablemosSinSaber/resoProfes.wlk:-- exhausted all cases without a match\n    at c:\\Users\\edu\\.vscode\\extensions\\uqbar.wollok-lsp-ide-0.5.3\\out\\server\\src\\server.js:38:6142\n    at D2 (c:\\Users\\edu\\.vscode\\extensions\\uqbar.wollok-lsp-ide-0.5.3\\out\\server\\src\\server.js:2384:42)\n    at Qh (c:\\Users\\edu\\.vscode\\extensions\\uqbar.wollok-lsp-ide-0.5.3\\out\\server\\src\\server.js:2384:1092)\n    at k6n (c:\\Users\\edu\\.vscode\\extensions\\uqbar.wollok-lsp-ide-0.5.3\\out\\server\\src\\server.js:2384:1248)\n    at c:\\Users\\edu\\.vscode\\extensions\\uqbar.wollok-lsp-ide-0.5.3\\out\\server\\src\\server.js:38:6131\n    at D2 (c:\\Users\\edu\\.vscode\\extensions\\uqbar.wollok-lsp-ide-0.5.3\\out\\server\\src\\server.js:2384:42)\n    at c:\\Users\\edu\\.vscode\\extensions\\uqbar.wollok-lsp-ide-0.5.3\\out\\server\\src\\server.js:2384:2988\n    at c:\\Users\\edu\\.vscode\\extensions\\uqbar.wollok-lsp-ide-0.5.3\\out\\server\\src\\server.js:2393:8440\n    at c:\\Users\\edu\\.vscode\\extensions\\uqbar.wollok-lsp-ide-0.5.3\\out\\server\\src\\server.js:37:74872\n    at Ye (c:\\Users\\edu\\.vscode\\extensions\\uqbar.wollok-lsp-ide-0.5.3\\out\\server\\src\\server.js:7:8527)","timestamp":"2025-12-12T03:05:13.329Z"}
{"level":"info","message":"⌛ Validating parciales/hablemosSinSaber/resoProfes.wlk","timeElapsed":120,"timestamp":"2025-12-12T03:05:13.459Z"}
{"level":"error","message":"✘ Completions for node Return (undefined - parciales/hablemosSinSaber/resoProfes.wlk) failed: Error: [Return]{a1a123} at parciales/hablemosSinSaber/resoProfes.wlk:-- exhausted all cases without a match [Return]{a1a123} at parciales/hablemosSinSaber/resoProfes.wlk:-- exhausted all cases without a match","stack":"Error: [Return]{a1a123} at parciales/hablemosSinSaber/resoProfes.wlk:-- exhausted all cases without a match\n    at c:\\Users\\edu\\.vscode\\extensions\\uqbar.wollok-lsp-ide-0.5.3\\out\\server\\src\\server.js:38:6142\n    at D2 (c:\\Users\\edu\\.vscode\\extensions\\uqbar.wollok-lsp-ide-0.5.3\\out\\server\\src\\server.js:2384:42)\n    at Qh (c:\\Users\\edu\\.vscode\\extensions\\uqbar.wollok-lsp-ide-0.5.3\\out\\server\\src\\server.js:2384:1092)\n    at k6n (c:\\Users\\edu\\.vscode\\extensions\\uqbar.wollok-lsp-ide-0.5.3\\out\\server\\src\\server.js:2384:1248)\n    at c:\\Users\\edu\\.vscode\\extensions\\uqbar.wollok-lsp-ide-0.5.3\\out\\server\\src\\server.js:38:6131\n    at D2 (c:\\Users\\edu\\.vscode\\extensions\\uqbar.wollok-lsp-ide-0.5.3\\out\\server\\src\\server.js:2384:42)\n    at c:\\Users\\edu\\.vscode\\extensions\\uqbar.wollok-lsp-ide-0.5.3\\out\\server\\src\\server.js:2384:2988\n    at c:\\Users\\edu\\.vscode\\extensions\\uqbar.wollok-lsp-ide-0.5.3\\out\\server\\src\\server.js:2393:8440\n    at c:\\Users\\edu\\.vscode\\extensions\\uqbar.wollok-lsp-ide-0.5.3\\out\\server\\src\\server.js:37:74872\n    at Ye (c:\\Users\\edu\\.vscode\\extensions\\uqbar.wollok-lsp-ide-0.5.3\\out\\server\\src\\server.js:7:8527)","timestamp":"2025-12-12T03:05:13.575Z"}
{"level":"error","message":"✘ Completions for node Return (undefined - parciales/hablemosSinSaber/resoProfes.wlk) failed: Error: [Return]{0028a1} at parciales/hablemosSinSaber/resoProfes.wlk:-- exhausted all cases without a match [Return]{0028a1} at parciales/hablemosSinSaber/resoProfes.wlk:-- exhausted all cases without a match","stack":"Error: [Return]{0028a1} at parciales/hablemosSinSaber/resoProfes.wlk:-- exhausted all cases without a match\n    at c:\\Users\\edu\\.vscode\\extensions\\uqbar.wollok-lsp-ide-0.5.3\\out\\server\\src\\server.js:38:6142\n    at D2 (c:\\Users\\edu\\.vscode\\extensions\\uqbar.wollok-lsp-ide-0.5.3\\out\\server\\src\\server.js:2384:42)\n    at Qh (c:\\Users\\edu\\.vscode\\extensions\\uqbar.wollok-lsp-ide-0.5.3\\out\\server\\src\\server.js:2384:1092)\n    at k6n (c:\\Users\\edu\\.vscode\\extensions\\uqbar.wollok-lsp-ide-0.5.3\\out\\server\\src\\server.js:2384:1248)\n    at c:\\Users\\edu\\.vscode\\extensions\\uqbar.wollok-lsp-ide-0.5.3\\out\\server\\src\\server.js:38:6131\n    at D2 (c:\\Users\\edu\\.vscode\\extensions\\uqbar.wollok-lsp-ide-0.5.3\\out\\server\\src\\server.js:2384:42)\n    at c:\\Users\\edu\\.vscode\\extensions\\uqbar.wollok-lsp-ide-0.5.3\\out\\server\\src\\server.js:2384:2988\n    at c:\\Users\\edu\\.vscode\\extensions\\uqbar.wollok-lsp-ide-0.5.3\\out\\server\\src\\server.js:2393:8440\n    at c:\\Users\\edu\\.vscode\\extensions\\uqbar.wollok-lsp-ide-0.5.3\\out\\server\\src\\server.js:37:74872\n    at Ye (c:\\Users\\edu\\.vscode\\extensions\\uqbar.wollok-lsp-ide-0.5.3\\out\\server\\src\\server.js:7:8527)","timestamp":"2025-12-12T03:05:13.707Z"}
{"level":"info","message":"⌛ Validating parciales/hablemosSinSaber/resoProfes.wlk","timeElapsed":126,"timestamp":"2025-12-12T03:05:13.837Z"}
{"level":"info","message":"⌛ Validating parciales/hablemosSinSaber/resoProfes.wlk","timeElapsed":118,"timestamp":"2025-12-12T03:05:13.955Z"}
{"level":"info","message":"⌛ Validating parciales/hablemosSinSaber/resoProfes.wlk","timeElapsed":120,"timestamp":"2025-12-12T03:05:14.074Z"}
{"level":"info","message":"⌛ Validating parciales/hablemosSinSaber/resoProfes.wlk","timeElapsed":125,"timestamp":"2025-12-12T03:05:14.288Z"}
{"level":"info","message":"⌛ Validating parciales/hablemosSinSaber/resoProfes.wlk","timeElapsed":127,"timestamp":"2025-12-12T03:05:14.498Z"}
{"level":"info","message":"⌛ Validating parciales/hablemosSinSaber/resoProfes.wlk","timeElapsed":117,"timestamp":"2025-12-12T03:05:14.622Z"}
{"level":"info","message":"⌛ Building environment","timeElapsed":114,"timestamp":"2025-12-12T03:05:14.835Z"}
{"level":"info","message":"⌛ Validating parciales/hablemosSinSaber/resoProfes.wlk","timeElapsed":124,"timestamp":"2025-12-12T03:05:14.960Z"}
{"level":"info","message":"⌛ Building environment","timeElapsed":135,"timestamp":"2025-12-12T03:05:15.096Z"}
{"level":"info","message":"⌛ Validating parciales/hablemosSinSaber/resoProfes.wlk","timeElapsed":120,"timestamp":"2025-12-12T03:05:15.308Z"}
{"level":"info","message":"⌛ Validating parciales/hablemosSinSaber/resoProfes.wlk","timeElapsed":145,"timestamp":"2025-12-12T03:05:15.638Z"}
{"level":"info","message":"⌛ Validating parciales/hablemosSinSaber/resoProfes.wlk","timeElapsed":113,"timestamp":"2025-12-12T03:05:15.754Z"}
{"level":"info","message":"⌛ Building environment","timeElapsed":127,"timestamp":"2025-12-12T03:05:15.883Z"}
{"level":"info","message":"⌛ Validating parciales/hablemosSinSaber/resoProfes.wlk","timeElapsed":118,"timestamp":"2025-12-12T03:05:16.000Z"}
{"level":"info","message":"⌛ Validating parciales/hablemosSinSaber/resoProfes.wlk","timeElapsed":115,"timestamp":"2025-12-12T03:05:16.121Z"}
{"level":"info","message":"⌛ Validating parciales/hablemosSinSaber/resoProfes.wlk","timeElapsed":126,"timestamp":"2025-12-12T03:05:16.336Z"}
{"level":"info","message":"⌛ Validating parciales/hablemosSinSaber/resoProfes.wlk","timeElapsed":113,"timestamp":"2025-12-12T03:05:16.450Z"}
{"level":"info","message":"⌛ Validating parciales/hablemosSinSaber/resoProfes.wlk","timeElapsed":112,"timestamp":"2025-12-12T03:05:16.568Z"}
{"level":"info","message":"⌛ Validating parciales/hablemosSinSaber/resoProfes.wlk","timeElapsed":110,"timestamp":"2025-12-12T03:05:16.678Z"}
{"level":"info","message":"⌛ Building environment","timeElapsed":107,"timestamp":"2025-12-12T03:05:21.627Z"}
{"level":"error","message":"✘ Completions for node Return (undefined - parciales/hablemosSinSaber/resoProfes.wlk) failed: Error: [Return]{482466} at parciales/hablemosSinSaber/resoProfes.wlk:-- exhausted all cases without a match [Return]{482466} at parciales/hablemosSinSaber/resoProfes.wlk:-- exhausted all cases without a match","stack":"Error: [Return]{482466} at parciales/hablemosSinSaber/resoProfes.wlk:-- exhausted all cases without a match\n    at c:\\Users\\edu\\.vscode\\extensions\\uqbar.wollok-lsp-ide-0.5.3\\out\\server\\src\\server.js:38:6142\n    at D2 (c:\\Users\\edu\\.vscode\\extensions\\uqbar.wollok-lsp-ide-0.5.3\\out\\server\\src\\server.js:2384:42)\n    at Qh (c:\\Users\\edu\\.vscode\\extensions\\uqbar.wollok-lsp-ide-0.5.3\\out\\server\\src\\server.js:2384:1092)\n    at k6n (c:\\Users\\edu\\.vscode\\extensions\\uqbar.wollok-lsp-ide-0.5.3\\out\\server\\src\\server.js:2384:1248)\n    at c:\\Users\\edu\\.vscode\\extensions\\uqbar.wollok-lsp-ide-0.5.3\\out\\server\\src\\server.js:38:6131\n    at D2 (c:\\Users\\edu\\.vscode\\extensions\\uqbar.wollok-lsp-ide-0.5.3\\out\\server\\src\\server.js:2384:42)\n    at c:\\Users\\edu\\.vscode\\extensions\\uqbar.wollok-lsp-ide-0.5.3\\out\\server\\src\\server.js:2384:2988\n    at c:\\Users\\edu\\.vscode\\extensions\\uqbar.wollok-lsp-ide-0.5.3\\out\\server\\src\\server.js:2393:8440\n    at c:\\Users\\edu\\.vscode\\extensions\\uqbar.wollok-lsp-ide-0.5.3\\out\\server\\src\\server.js:37:74872\n    at Ye (c:\\Users\\edu\\.vscode\\extensions\\uqbar.wollok-lsp-ide-0.5.3\\out\\server\\src\\server.js:7:8527)","timestamp":"2025-12-12T03:05:21.720Z"}
{"level":"info","message":"⌛ Validating parciales/hablemosSinSaber/resoProfes.wlk","timeElapsed":158,"timestamp":"2025-12-12T03:05:21.882Z"}
{"level":"info","message":"⌛ Building environment","timeElapsed":178,"timestamp":"2025-12-12T03:05:22.060Z"}
{"level":"info","message":"⌛ Building environment","timeElapsed":122,"timestamp":"2025-12-12T03:05:22.183Z"}
{"level":"info","message":"⌛ Building environment","timeElapsed":124,"timestamp":"2025-12-12T03:05:22.308Z"}
{"level":"info","message":"⌛ Building environment","timeElapsed":120,"timestamp":"2025-12-12T03:05:22.429Z"}
{"level":"info","message":"⌛ Validating parciales/hablemosSinSaber/resoProfes.wlk","timeElapsed":154,"timestamp":"2025-12-12T03:05:22.664Z"}
{"level":"info","message":"⌛ Validating parciales/hablemosSinSaber/resoProfes.wlk","timeElapsed":143,"timestamp":"2025-12-12T03:05:22.806Z"}
{"level":"info","message":"⌛ Validating parciales/hablemosSinSaber/resoProfes.wlk","timeElapsed":142,"timestamp":"2025-12-12T03:05:22.957Z"}
{"level":"info","message":"⌛ Validating parciales/hablemosSinSaber/resoProfes.wlk","timeElapsed":147,"timestamp":"2025-12-12T03:05:23.105Z"}
{"level":"info","message":"⌛ Building environment","timeElapsed":134,"timestamp":"2025-12-12T03:05:23.240Z"}
{"level":"info","message":"⌛ Building environment","timeElapsed":118,"timestamp":"2025-12-12T03:05:23.359Z"}
{"level":"info","message":"⌛ Validating parciales/hablemosSinSaber/resoProfes.wlk","timeElapsed":149,"timestamp":"2025-12-12T03:05:23.508Z"}
{"level":"info","message":"⌛ Building environment","timeElapsed":106,"timestamp":"2025-12-12T03:05:23.615Z"}
{"level":"info","message":"⌛ Validating parciales/hablemosSinSaber/resoProfes.wlk","timeElapsed":151,"timestamp":"2025-12-12T03:05:23.779Z"}
{"level":"info","message":"⌛ Building environment","timeElapsed":102,"timestamp":"2025-12-12T03:05:23.881Z"}
{"level":"info","message":"⌛ Building environment","timeElapsed":139,"timestamp":"2025-12-12T03:05:24.021Z"}
{"level":"info","message":"⌛ Validating parciales/hablemosSinSaber/resoProfes.wlk","timeElapsed":139,"timestamp":"2025-12-12T03:05:24.161Z"}
{"level":"info","message":"⌛ Validating parciales/hablemosSinSaber/resoProfes.wlk","timeElapsed":120,"timestamp":"2025-12-12T03:05:24.371Z"}
{"level":"info","message":"⌛ Validating parciales/hablemosSinSaber/resoProfes.wlk","timeElapsed":111,"timestamp":"2025-12-12T03:05:24.487Z"}
{"level":"info","message":"⌛ Validating parciales/hablemosSinSaber/resoProfes.wlk","timeElapsed":115,"timestamp":"2025-12-12T03:05:24.694Z"}
{"level":"info","message":"⌛ Validating parciales/hablemosSinSaber/resoProfes.wlk","timeElapsed":122,"timestamp":"2025-12-12T03:05:24.902Z"}
{"level":"info","message":"⌛ Validating parciales/hablemosSinSaber/resoProfes.wlk","timeElapsed":118,"timestamp":"2025-12-12T03:05:25.020Z"}
{"level":"info","message":"⌛ Validating parciales/hablemosSinSaber/resoProfes.wlk","timeElapsed":121,"timestamp":"2025-12-12T03:05:25.302Z"}
{"level":"info","message":"⌛ Validating parciales/hablemosSinSaber/resoProfes.wlk","timeElapsed":122,"timestamp":"2025-12-12T03:05:25.541Z"}
{"level":"info","message":"⌛ Building environment","timeElapsed":143,"timestamp":"2025-12-12T03:05:25.805Z"}
{"level":"info","message":"⌛ Validating parciales/hablemosSinSaber/resoProfes.wlk","timeElapsed":121,"timestamp":"2025-12-12T03:05:25.927Z"}
{"level":"info","message":"⌛ Validating parciales/hablemosSinSaber/resoProfes.wlk","timeElapsed":117,"timestamp":"2025-12-12T03:05:26.174Z"}
{"level":"info","message":"⌛ Validating parciales/hablemosSinSaber/resoProfes.wlk","timeElapsed":114,"timestamp":"2025-12-12T03:05:26.287Z"}
{"level":"info","message":"⌛ Validating parciales/hablemosSinSaber/resoProfes.wlk","timeElapsed":118,"timestamp":"2025-12-12T03:05:26.941Z"}
{"level":"error","message":"✘ Completions for node Send ([127:36, 127:55] - parciales/hablemosSinSaber/resoProfes.wlk) failed: Error: [Send]{050bff} at parciales/hablemosSinSaber/resoProfes.wlk:127 exhausted all cases without a match [Send]{050bff} at parciales/hablemosSinSaber/resoProfes.wlk:127 exhausted all cases without a match","stack":"Error: [Send]{050bff} at parciales/hablemosSinSaber/resoProfes.wlk:127 exhausted all cases without a match\n    at c:\\Users\\edu\\.vscode\\extensions\\uqbar.wollok-lsp-ide-0.5.3\\out\\server\\src\\server.js:38:6142\n    at D2 (c:\\Users\\edu\\.vscode\\extensions\\uqbar.wollok-lsp-ide-0.5.3\\out\\server\\src\\server.js:2384:42)\n    at Qh (c:\\Users\\edu\\.vscode\\extensions\\uqbar.wollok-lsp-ide-0.5.3\\out\\server\\src\\server.js:2384:1092)\n    at k6n (c:\\Users\\edu\\.vscode\\extensions\\uqbar.wollok-lsp-ide-0.5.3\\out\\server\\src\\server.js:2384:1248)\n    at c:\\Users\\edu\\.vscode\\extensions\\uqbar.wollok-lsp-ide-0.5.3\\out\\server\\src\\server.js:38:6131\n    at D2 (c:\\Users\\edu\\.vscode\\extensions\\uqbar.wollok-lsp-ide-0.5.3\\out\\server\\src\\server.js:2384:42)\n    at c:\\Users\\edu\\.vscode\\extensions\\uqbar.wollok-lsp-ide-0.5.3\\out\\server\\src\\server.js:2384:2988\n    at c:\\Users\\edu\\.vscode\\extensions\\uqbar.wollok-lsp-ide-0.5.3\\out\\server\\src\\server.js:2393:8440\n    at c:\\Users\\edu\\.vscode\\extensions\\uqbar.wollok-lsp-ide-0.5.3\\out\\server\\src\\server.js:37:74872\n    at Ye (c:\\Users\\edu\\.vscode\\extensions\\uqbar.wollok-lsp-ide-0.5.3\\out\\server\\src\\server.js:7:8527)","timestamp":"2025-12-12T03:05:28.689Z"}
{"level":"error","message":"✘ Completions for node Return (undefined - parciales/hablemosSinSaber/resoProfes.wlk) failed: Error: [Return]{281a3a} at parciales/hablemosSinSaber/resoProfes.wlk:-- exhausted all cases without a match [Return]{281a3a} at parciales/hablemosSinSaber/resoProfes.wlk:-- exhausted all cases without a match","stack":"Error: [Return]{281a3a} at parciales/hablemosSinSaber/resoProfes.wlk:-- exhausted all cases without a match\n    at c:\\Users\\edu\\.vscode\\extensions\\uqbar.wollok-lsp-ide-0.5.3\\out\\server\\src\\server.js:38:6142\n    at D2 (c:\\Users\\edu\\.vscode\\extensions\\uqbar.wollok-lsp-ide-0.5.3\\out\\server\\src\\server.js:2384:42)\n    at Qh (c:\\Users\\edu\\.vscode\\extensions\\uqbar.wollok-lsp-ide-0.5.3\\out\\server\\src\\server.js:2384:1092)\n    at D2 (c:\\Users\\edu\\.vscode\\extensions\\uqbar.wollok-lsp-ide-0.5.3\\out\\server\\src\\server.js:2384:544)\n    at Qh (c:\\Users\\edu\\.vscode\\extensions\\uqbar.wollok-lsp-ide-0.5.3\\out\\server\\src\\server.js:2384:1092)\n    at k6n (c:\\Users\\edu\\.vscode\\extensions\\uqbar.wollok-lsp-ide-0.5.3\\out\\server\\src\\server.js:2384:1248)\n    at c:\\Users\\edu\\.vscode\\extensions\\uqbar.wollok-lsp-ide-0.5.3\\out\\server\\src\\server.js:38:6131\n    at D2 (c:\\Users\\edu\\.vscode\\extensions\\uqbar.wollok-lsp-ide-0.5.3\\out\\server\\src\\server.js:2384:42)\n    at c:\\Users\\edu\\.vscode\\extensions\\uqbar.wollok-lsp-ide-0.5.3\\out\\server\\src\\server.js:2384:2988\n    at c:\\Users\\edu\\.vscode\\extensions\\uqbar.wollok-lsp-ide-0.5.3\\out\\server\\src\\server.js:2393:8440","timestamp":"2025-12-12T03:05:28.689Z"}
{"level":"info","message":"⌛ Building environment","timeElapsed":141,"timestamp":"2025-12-12T03:05:28.833Z"}
{"level":"info","message":"⌛ Validating parciales/hablemosSinSaber/resoProfes.wlk","timeElapsed":121,"timestamp":"2025-12-12T03:05:28.953Z"}
{"level":"info","message":"⌛ Validating parciales/hablemosSinSaber/resoProfes.wlk","timeElapsed":121,"timestamp":"2025-12-12T03:05:29.263Z"}
{"level":"info","message":"⌛ Validating parciales/hablemosSinSaber/resoProfes.wlk","timeElapsed":126,"timestamp":"2025-12-12T03:05:29.475Z"}
{"level":"info","message":"⌛ Building environment","timeElapsed":134,"timestamp":"2025-12-12T03:05:29.611Z"}
{"level":"info","message":"⌛ Validating parciales/hablemosSinSaber/resoProfes.wlk","timeElapsed":136,"timestamp":"2025-12-12T03:05:29.748Z"}
{"level":"info","message":"⌛ Building environment","timeElapsed":101,"timestamp":"2025-12-12T03:05:29.942Z"}
{"level":"info","message":"⌛ Validating parciales/hablemosSinSaber/resoProfes.wlk","timeElapsed":135,"timestamp":"2025-12-12T03:05:30.078Z"}
{"level":"error","message":"✘ Completions for node Send ([127:36, 127:63] - parciales/hablemosSinSaber/resoProfes.wlk) failed: Error: [Send]{a059e6} at parciales/hablemosSinSaber/resoProfes.wlk:127 exhausted all cases without a match [Send]{a059e6} at parciales/hablemosSinSaber/resoProfes.wlk:127 exhausted all cases without a match","stack":"Error: [Send]{a059e6} at parciales/hablemosSinSaber/resoProfes.wlk:127 exhausted all cases without a match\n    at c:\\Users\\edu\\.vscode\\extensions\\uqbar.wollok-lsp-ide-0.5.3\\out\\server\\src\\server.js:38:6142\n    at D2 (c:\\Users\\edu\\.vscode\\extensions\\uqbar.wollok-lsp-ide-0.5.3\\out\\server\\src\\server.js:2384:42)\n    at Qh (c:\\Users\\edu\\.vscode\\extensions\\uqbar.wollok-lsp-ide-0.5.3\\out\\server\\src\\server.js:2384:1092)\n    at k6n (c:\\Users\\edu\\.vscode\\extensions\\uqbar.wollok-lsp-ide-0.5.3\\out\\server\\src\\server.js:2384:1248)\n    at c:\\Users\\edu\\.vscode\\extensions\\uqbar.wollok-lsp-ide-0.5.3\\out\\server\\src\\server.js:38:6131\n    at D2 (c:\\Users\\edu\\.vscode\\extensions\\uqbar.wollok-lsp-ide-0.5.3\\out\\server\\src\\server.js:2384:42)\n    at c:\\Users\\edu\\.vscode\\extensions\\uqbar.wollok-lsp-ide-0.5.3\\out\\server\\src\\server.js:2384:2988\n    at c:\\Users\\edu\\.vscode\\extensions\\uqbar.wollok-lsp-ide-0.5.3\\out\\server\\src\\server.js:2393:8440\n    at c:\\Users\\edu\\.vscode\\extensions\\uqbar.wollok-lsp-ide-0.5.3\\out\\server\\src\\server.js:37:74872\n    at Ye (c:\\Users\\edu\\.vscode\\extensions\\uqbar.wollok-lsp-ide-0.5.3\\out\\server\\src\\server.js:7:8527)","timestamp":"2025-12-12T03:05:30.199Z"}
{"level":"error","message":"✘ Completions for node Return (undefined - parciales/hablemosSinSaber/resoProfes.wlk) failed: Error: [Return]{33f04c} at parciales/hablemosSinSaber/resoProfes.wlk:-- exhausted all cases without a match [Return]{33f04c} at parciales/hablemosSinSaber/resoProfes.wlk:-- exhausted all cases without a match","stack":"Error: [Return]{33f04c} at parciales/hablemosSinSaber/resoProfes.wlk:-- exhausted all cases without a match\n    at c:\\Users\\edu\\.vscode\\extensions\\uqbar.wollok-lsp-ide-0.5.3\\out\\server\\src\\server.js:38:6142\n    at D2 (c:\\Users\\edu\\.vscode\\extensions\\uqbar.wollok-lsp-ide-0.5.3\\out\\server\\src\\server.js:2384:42)\n    at Qh (c:\\Users\\edu\\.vscode\\extensions\\uqbar.wollok-lsp-ide-0.5.3\\out\\server\\src\\server.js:2384:1092)\n    at D2 (c:\\Users\\edu\\.vscode\\extensions\\uqbar.wollok-lsp-ide-0.5.3\\out\\server\\src\\server.js:2384:544)\n    at Qh (c:\\Users\\edu\\.vscode\\extensions\\uqbar.wollok-lsp-ide-0.5.3\\out\\server\\src\\server.js:2384:1092)\n    at k6n (c:\\Users\\edu\\.vscode\\extensions\\uqbar.wollok-lsp-ide-0.5.3\\out\\server\\src\\server.js:2384:1248)\n    at c:\\Users\\edu\\.vscode\\extensions\\uqbar.wollok-lsp-ide-0.5.3\\out\\server\\src\\server.js:38:6131\n    at D2 (c:\\Users\\edu\\.vscode\\extensions\\uqbar.wollok-lsp-ide-0.5.3\\out\\server\\src\\server.js:2384:42)\n    at c:\\Users\\edu\\.vscode\\extensions\\uqbar.wollok-lsp-ide-0.5.3\\out\\server\\src\\server.js:2384:2988\n    at c:\\Users\\edu\\.vscode\\extensions\\uqbar.wollok-lsp-ide-0.5.3\\out\\server\\src\\server.js:2393:8440","timestamp":"2025-12-12T03:05:30.199Z"}
{"level":"info","message":"⌛ Validating parciales/hablemosSinSaber/resoProfes.wlk","timeElapsed":116,"timestamp":"2025-12-12T03:05:30.318Z"}
{"level":"error","message":"✘ Completions for node Send ([127:36, 127:62] - parciales/hablemosSinSaber/resoProfes.wlk) failed: Error: [Send]{47aab3} at parciales/hablemosSinSaber/resoProfes.wlk:127 exhausted all cases without a match [Send]{47aab3} at parciales/hablemosSinSaber/resoProfes.wlk:127 exhausted all cases without a match","stack":"Error: [Send]{47aab3} at parciales/hablemosSinSaber/resoProfes.wlk:127 exhausted all cases without a match\n    at c:\\Users\\edu\\.vscode\\extensions\\uqbar.wollok-lsp-ide-0.5.3\\out\\server\\src\\server.js:38:6142\n    at D2 (c:\\Users\\edu\\.vscode\\extensions\\uqbar.wollok-lsp-ide-0.5.3\\out\\server\\src\\server.js:2384:42)\n    at Qh (c:\\Users\\edu\\.vscode\\extensions\\uqbar.wollok-lsp-ide-0.5.3\\out\\server\\src\\server.js:2384:1092)\n    at k6n (c:\\Users\\edu\\.vscode\\extensions\\uqbar.wollok-lsp-ide-0.5.3\\out\\server\\src\\server.js:2384:1248)\n    at c:\\Users\\edu\\.vscode\\extensions\\uqbar.wollok-lsp-ide-0.5.3\\out\\server\\src\\server.js:38:6131\n    at D2 (c:\\Users\\edu\\.vscode\\extensions\\uqbar.wollok-lsp-ide-0.5.3\\out\\server\\src\\server.js:2384:42)\n    at c:\\Users\\edu\\.vscode\\extensions\\uqbar.wollok-lsp-ide-0.5.3\\out\\server\\src\\server.js:2384:2988\n    at c:\\Users\\edu\\.vscode\\extensions\\uqbar.wollok-lsp-ide-0.5.3\\out\\server\\src\\server.js:2393:8440\n    at c:\\Users\\edu\\.vscode\\extensions\\uqbar.wollok-lsp-ide-0.5.3\\out\\server\\src\\server.js:37:74872\n    at Ye (c:\\Users\\edu\\.vscode\\extensions\\uqbar.wollok-lsp-ide-0.5.3\\out\\server\\src\\server.js:7:8527)","timestamp":"2025-12-12T03:05:30.440Z"}
{"level":"error","message":"✘ Completions for node Return (undefined - parciales/hablemosSinSaber/resoProfes.wlk) failed: Error: [Return]{be4572} at parciales/hablemosSinSaber/resoProfes.wlk:-- exhausted all cases without a match [Return]{be4572} at parciales/hablemosSinSaber/resoProfes.wlk:-- exhausted all cases without a match","stack":"Error: [Return]{be4572} at parciales/hablemosSinSaber/resoProfes.wlk:-- exhausted all cases without a match\n    at c:\\Users\\edu\\.vscode\\extensions\\uqbar.wollok-lsp-ide-0.5.3\\out\\server\\src\\server.js:38:6142\n    at D2 (c:\\Users\\edu\\.vscode\\extensions\\uqbar.wollok-lsp-ide-0.5.3\\out\\server\\src\\server.js:2384:42)\n    at Qh (c:\\Users\\edu\\.vscode\\extensions\\uqbar.wollok-lsp-ide-0.5.3\\out\\server\\src\\server.js:2384:1092)\n    at D2 (c:\\Users\\edu\\.vscode\\extensions\\uqbar.wollok-lsp-ide-0.5.3\\out\\server\\src\\server.js:2384:544)\n    at Qh (c:\\Users\\edu\\.vscode\\extensions\\uqbar.wollok-lsp-ide-0.5.3\\out\\server\\src\\server.js:2384:1092)\n    at k6n (c:\\Users\\edu\\.vscode\\extensions\\uqbar.wollok-lsp-ide-0.5.3\\out\\server\\src\\server.js:2384:1248)\n    at c:\\Users\\edu\\.vscode\\extensions\\uqbar.wollok-lsp-ide-0.5.3\\out\\server\\src\\server.js:38:6131\n    at D2 (c:\\Users\\edu\\.vscode\\extensions\\uqbar.wollok-lsp-ide-0.5.3\\out\\server\\src\\server.js:2384:42)\n    at c:\\Users\\edu\\.vscode\\extensions\\uqbar.wollok-lsp-ide-0.5.3\\out\\server\\src\\server.js:2384:2988\n    at c:\\Users\\edu\\.vscode\\extensions\\uqbar.wollok-lsp-ide-0.5.3\\out\\server\\src\\server.js:2393:8440","timestamp":"2025-12-12T03:05:30.440Z"}
{"level":"info","message":"⌛ Validating parciales/hablemosSinSaber/resoProfes.wlk","timeElapsed":115,"timestamp":"2025-12-12T03:05:30.566Z"}
{"level":"info","message":"⌛ Validating parciales/hablemosSinSaber/resoProfes.wlk","timeElapsed":116,"timestamp":"2025-12-12T03:05:30.682Z"}
{"level":"info","message":"⌛ Validating parciales/hablemosSinSaber/resoProfes.wlk","timeElapsed":117,"timestamp":"2025-12-12T03:05:30.808Z"}
{"level":"info","message":"⌛ Validating parciales/hablemosSinSaber/resoProfes.wlk","timeElapsed":111,"timestamp":"2025-12-12T03:05:30.919Z"}
{"level":"info","message":"⌛ Building environment","timeElapsed":138,"timestamp":"2025-12-12T03:05:33.147Z"}
{"level":"info","message":"⌛ Validating parciales/hablemosSinSaber/resoProfes.wlk","timeElapsed":149,"timestamp":"2025-12-12T03:05:33.297Z"}
{"level":"info","message":"⌛ Validating parciales/hablemosSinSaber/resoProfes.wlk","timeElapsed":139,"timestamp":"2025-12-12T03:05:33.544Z"}
{"level":"info","message":"⌛ Building environment","timeElapsed":150,"timestamp":"2025-12-12T03:05:33.815Z"}
{"level":"info","message":"⌛ Building environment","timeElapsed":109,"timestamp":"2025-12-12T03:05:33.958Z"}
{"level":"info","message":"⌛ Building environment","timeElapsed":109,"timestamp":"2025-12-12T03:05:34.074Z"}
{"level":"info","message":"⌛ Validating parciales/hablemosSinSaber/resoProfes.wlk","timeElapsed":144,"timestamp":"2025-12-12T03:05:34.218Z"}
{"level":"info","message":"⌛ Validating parciales/hablemosSinSaber/resoProfes.wlk","timeElapsed":139,"timestamp":"2025-12-12T03:05:34.358Z"}
{"level":"info","message":"⌛ Validating parciales/hablemosSinSaber/resoProfes.wlk","timeElapsed":142,"timestamp":"2025-12-12T03:05:34.512Z"}
{"level":"info","message":"⌛ Validating parciales/hablemosSinSaber/resoProfes.wlk","timeElapsed":124,"timestamp":"2025-12-12T03:05:34.733Z"}
{"level":"info","message":"⌛ Building environment","timeElapsed":109,"timestamp":"2025-12-12T03:05:36.243Z"}
{"level":"info","message":"⌛ Building environment","timeElapsed":113,"timestamp":"2025-12-12T03:05:36.391Z"}
{"level":"info","message":"⌛ Validating parciales/hablemosSinSaber/resoProfes.wlk","timeElapsed":150,"timestamp":"2025-12-12T03:05:36.551Z"}
{"level":"info","message":"⌛ Validating parciales/hablemosSinSaber/resoProfes.wlk","timeElapsed":131,"timestamp":"2025-12-12T03:05:36.683Z"}
{"level":"info","message":"⌛ Building environment","timeElapsed":115,"timestamp":"2025-12-12T03:05:36.801Z"}
{"level":"info","message":"⌛ Building environment","timeElapsed":102,"timestamp":"2025-12-12T03:05:36.939Z"}
{"level":"info","message":"⌛ Building environment","timeElapsed":118,"timestamp":"2025-12-12T03:05:37.057Z"}
{"level":"info","message":"⌛ Building environment","timeElapsed":245,"timestamp":"2025-12-12T03:05:37.303Z"}
{"level":"info","message":"⌛ Validating parciales/hablemosSinSaber/resoProfes.wlk","timeElapsed":142,"timestamp":"2025-12-12T03:05:37.446Z"}
{"level":"info","message":"⌛ Validating parciales/hablemosSinSaber/resoProfes.wlk","timeElapsed":156,"timestamp":"2025-12-12T03:05:37.604Z"}
{"level":"info","message":"⌛ Validating parciales/hablemosSinSaber/resoProfes.wlk","timeElapsed":126,"timestamp":"2025-12-12T03:05:37.742Z"}
{"level":"info","message":"⌛ Building environment","timeElapsed":104,"timestamp":"2025-12-12T03:05:37.846Z"}
{"level":"info","message":"⌛ Validating parciales/hablemosSinSaber/resoProfes.wlk","timeElapsed":112,"timestamp":"2025-12-12T03:05:37.994Z"}
{"level":"info","message":"⌛ Building environment","timeElapsed":110,"timestamp":"2025-12-12T03:05:38.192Z"}
{"level":"info","message":"⌛ Building environment","timeElapsed":152,"timestamp":"2025-12-12T03:05:38.345Z"}
{"level":"info","message":"⌛ Validating parciales/hablemosSinSaber/resoProfes.wlk","timeElapsed":115,"timestamp":"2025-12-12T03:05:38.549Z"}
{"level":"info","message":"⌛ Validating parciales/hablemosSinSaber/resoProfes.wlk","timeElapsed":117,"timestamp":"2025-12-12T03:05:38.672Z"}
{"level":"info","message":"⌛ Validating parciales/hablemosSinSaber/resoProfes.wlk","timeElapsed":118,"timestamp":"2025-12-12T03:05:38.791Z"}
{"level":"info","message":"⌛ Validating parciales/hablemosSinSaber/resoProfes.wlk","timeElapsed":116,"timestamp":"2025-12-12T03:05:38.912Z"}
{"level":"info","message":"⌛ Validating parciales/hablemosSinSaber/resoProfes.wlk","timeElapsed":110,"timestamp":"2025-12-12T03:05:39.023Z"}
{"level":"info","message":"⌛ Building environment","timeElapsed":135,"timestamp":"2025-12-12T03:05:56.567Z"}
{"level":"error","message":"✘ Completions for node Parameter ([130:22, 130:23] - parciales/hablemosSinSaber/resoProfes.wlk) failed: Error: [Parameter]{fad414} at parciales/hablemosSinSaber/resoProfes.wlk:130 exhausted all cases without a match [Parameter]{fad414} at parciales/hablemosSinSaber/resoProfes.wlk:130 exhausted all cases without a match","stack":"Error: [Parameter]{fad414} at parciales/hablemosSinSaber/resoProfes.wlk:130 exhausted all cases without a match\n    at c:\\Users\\edu\\.vscode\\extensions\\uqbar.wollok-lsp-ide-0.5.3\\out\\server\\src\\server.js:38:6142\n    at D2 (c:\\Users\\edu\\.vscode\\extensions\\uqbar.wollok-lsp-ide-0.5.3\\out\\server\\src\\server.js:2384:42)\n    at c:\\Users\\edu\\.vscode\\extensions\\uqbar.wollok-lsp-ide-0.5.3\\out\\server\\src\\server.js:2384:2988\n    at c:\\Users\\edu\\.vscode\\extensions\\uqbar.wollok-lsp-ide-0.5.3\\out\\server\\src\\server.js:2393:8440\n    at c:\\Users\\edu\\.vscode\\extensions\\uqbar.wollok-lsp-ide-0.5.3\\out\\server\\src\\server.js:37:74872\n    at Ye (c:\\Users\\edu\\.vscode\\extensions\\uqbar.wollok-lsp-ide-0.5.3\\out\\server\\src\\server.js:7:8527)\n    at qt (c:\\Users\\edu\\.vscode\\extensions\\uqbar.wollok-lsp-ide-0.5.3\\out\\server\\src\\server.js:7:6189)\n    at ot (c:\\Users\\edu\\.vscode\\extensions\\uqbar.wollok-lsp-ide-0.5.3\\out\\server\\src\\server.js:7:6378)\n    at Immediate._onImmediate (c:\\Users\\edu\\.vscode\\extensions\\uqbar.wollok-lsp-ide-0.5.3\\out\\server\\src\\server.js:7:6142)\n    at process.processImmediate (node:internal/timers:485:21)","timestamp":"2025-12-12T03:05:56.603Z"}
{"level":"info","message":"⌛ Building environment","timeElapsed":128,"timestamp":"2025-12-12T03:05:56.735Z"}
{"level":"info","message":"⌛ Validating parciales/hablemosSinSaber/resoProfes.wlk","timeElapsed":153,"timestamp":"2025-12-12T03:05:56.888Z"}
{"level":"info","message":"⌛ Building environment","timeElapsed":106,"timestamp":"2025-12-12T03:05:56.994Z"}
{"level":"error","message":"✘ Completions for node Parameter ([130:22, 130:25] - parciales/hablemosSinSaber/resoProfes.wlk) failed: Error: [Parameter]{4c9d89} at parciales/hablemosSinSaber/resoProfes.wlk:130 exhausted all cases without a match [Parameter]{4c9d89} at parciales/hablemosSinSaber/resoProfes.wlk:130 exhausted all cases without a match","stack":"Error: [Parameter]{4c9d89} at parciales/hablemosSinSaber/resoProfes.wlk:130 exhausted all cases without a match\n    at c:\\Users\\edu\\.vscode\\extensions\\uqbar.wollok-lsp-ide-0.5.3\\out\\server\\src\\server.js:38:6142\n    at D2 (c:\\Users\\edu\\.vscode\\extensions\\uqbar.wollok-lsp-ide-0.5.3\\out\\server\\src\\server.js:2384:42)\n    at c:\\Users\\edu\\.vscode\\extensions\\uqbar.wollok-lsp-ide-0.5.3\\out\\server\\src\\server.js:2384:2988\n    at c:\\Users\\edu\\.vscode\\extensions\\uqbar.wollok-lsp-ide-0.5.3\\out\\server\\src\\server.js:2393:8440\n    at c:\\Users\\edu\\.vscode\\extensions\\uqbar.wollok-lsp-ide-0.5.3\\out\\server\\src\\server.js:37:74872\n    at Ye (c:\\Users\\edu\\.vscode\\extensions\\uqbar.wollok-lsp-ide-0.5.3\\out\\server\\src\\server.js:7:8527)\n    at qt (c:\\Users\\edu\\.vscode\\extensions\\uqbar.wollok-lsp-ide-0.5.3\\out\\server\\src\\server.js:7:6189)\n    at ot (c:\\Users\\edu\\.vscode\\extensions\\uqbar.wollok-lsp-ide-0.5.3\\out\\server\\src\\server.js:7:6378)\n    at Immediate._onImmediate (c:\\Users\\edu\\.vscode\\extensions\\uqbar.wollok-lsp-ide-0.5.3\\out\\server\\src\\server.js:7:6142)\n    at process.processImmediate (node:internal/timers:485:21)","timestamp":"2025-12-12T03:05:57.030Z"}
{"level":"info","message":"⌛ Validating parciales/hablemosSinSaber/resoProfes.wlk","timeElapsed":155,"timestamp":"2025-12-12T03:05:57.190Z"}
{"level":"info","message":"⌛ Validating parciales/hablemosSinSaber/resoProfes.wlk","timeElapsed":140,"timestamp":"2025-12-12T03:05:57.344Z"}
{"level":"info","message":"⌛ Building environment","timeElapsed":107,"timestamp":"2025-12-12T03:05:57.453Z"}
{"level":"error","message":"✘ Completions for node Parameter ([130:22, 130:26] - parciales/hablemosSinSaber/resoProfes.wlk) failed: Error: [Parameter]{40fbc2} at parciales/hablemosSinSaber/resoProfes.wlk:130 exhausted all cases without a match [Parameter]{40fbc2} at parciales/hablemosSinSaber/resoProfes.wlk:130 exhausted all cases without a match","stack":"Error: [Parameter]{40fbc2} at parciales/hablemosSinSaber/resoProfes.wlk:130 exhausted all cases without a match\n    at c:\\Users\\edu\\.vscode\\extensions\\uqbar.wollok-lsp-ide-0.5.3\\out\\server\\src\\server.js:38:6142\n    at D2 (c:\\Users\\edu\\.vscode\\extensions\\uqbar.wollok-lsp-ide-0.5.3\\out\\server\\src\\server.js:2384:42)\n    at c:\\Users\\edu\\.vscode\\extensions\\uqbar.wollok-lsp-ide-0.5.3\\out\\server\\src\\server.js:2384:2988\n    at c:\\Users\\edu\\.vscode\\extensions\\uqbar.wollok-lsp-ide-0.5.3\\out\\server\\src\\server.js:2393:8440\n    at c:\\Users\\edu\\.vscode\\extensions\\uqbar.wollok-lsp-ide-0.5.3\\out\\server\\src\\server.js:37:74872\n    at Ye (c:\\Users\\edu\\.vscode\\extensions\\uqbar.wollok-lsp-ide-0.5.3\\out\\server\\src\\server.js:7:8527)\n    at qt (c:\\Users\\edu\\.vscode\\extensions\\uqbar.wollok-lsp-ide-0.5.3\\out\\server\\src\\server.js:7:6189)\n    at ot (c:\\Users\\edu\\.vscode\\extensions\\uqbar.wollok-lsp-ide-0.5.3\\out\\server\\src\\server.js:7:6378)\n    at Immediate._onImmediate (c:\\Users\\edu\\.vscode\\extensions\\uqbar.wollok-lsp-ide-0.5.3\\out\\server\\src\\server.js:7:6142)\n    at process.processImmediate (node:internal/timers:485:21)","timestamp":"2025-12-12T03:05:57.479Z"}
{"level":"error","message":"✘ Completions for node Parameter ([130:22, 130:25] - parciales/hablemosSinSaber/resoProfes.wlk) failed: Error: [Parameter]{1cf5c1} at parciales/hablemosSinSaber/resoProfes.wlk:130 exhausted all cases without a match [Parameter]{1cf5c1} at parciales/hablemosSinSaber/resoProfes.wlk:130 exhausted all cases without a match","stack":"Error: [Parameter]{1cf5c1} at parciales/hablemosSinSaber/resoProfes.wlk:130 exhausted all cases without a match\n    at c:\\Users\\edu\\.vscode\\extensions\\uqbar.wollok-lsp-ide-0.5.3\\out\\server\\src\\server.js:38:6142\n    at D2 (c:\\Users\\edu\\.vscode\\extensions\\uqbar.wollok-lsp-ide-0.5.3\\out\\server\\src\\server.js:2384:42)\n    at c:\\Users\\edu\\.vscode\\extensions\\uqbar.wollok-lsp-ide-0.5.3\\out\\server\\src\\server.js:2384:2988\n    at c:\\Users\\edu\\.vscode\\extensions\\uqbar.wollok-lsp-ide-0.5.3\\out\\server\\src\\server.js:2393:8440\n    at c:\\Users\\edu\\.vscode\\extensions\\uqbar.wollok-lsp-ide-0.5.3\\out\\server\\src\\server.js:37:74872\n    at Ye (c:\\Users\\edu\\.vscode\\extensions\\uqbar.wollok-lsp-ide-0.5.3\\out\\server\\src\\server.js:7:8527)\n    at qt (c:\\Users\\edu\\.vscode\\extensions\\uqbar.wollok-lsp-ide-0.5.3\\out\\server\\src\\server.js:7:6189)\n    at ot (c:\\Users\\edu\\.vscode\\extensions\\uqbar.wollok-lsp-ide-0.5.3\\out\\server\\src\\server.js:7:6378)\n    at Immediate._onImmediate (c:\\Users\\edu\\.vscode\\extensions\\uqbar.wollok-lsp-ide-0.5.3\\out\\server\\src\\server.js:7:6142)\n    at process.processImmediate (node:internal/timers:485:21)","timestamp":"2025-12-12T03:05:57.610Z"}
{"level":"info","message":"⌛ Validating parciales/hablemosSinSaber/resoProfes.wlk","timeElapsed":126,"timestamp":"2025-12-12T03:05:57.739Z"}
{"level":"info","message":"⌛ Validating parciales/hablemosSinSaber/resoProfes.wlk","timeElapsed":114,"timestamp":"2025-12-12T03:05:57.854Z"}
{"level":"error","message":"✘ Completions for node Parameter ([130:22, 130:26] - parciales/hablemosSinSaber/resoProfes.wlk) failed: Error: [Parameter]{a7aae4} at parciales/hablemosSinSaber/resoProfes.wlk:130 exhausted all cases without a match [Parameter]{a7aae4} at parciales/hablemosSinSaber/resoProfes.wlk:130 exhausted all cases without a match","stack":"Error: [Parameter]{a7aae4} at parciales/hablemosSinSaber/resoProfes.wlk:130 exhausted all cases without a match\n    at c:\\Users\\edu\\.vscode\\extensions\\uqbar.wollok-lsp-ide-0.5.3\\out\\server\\src\\server.js:38:6142\n    at D2 (c:\\Users\\edu\\.vscode\\extensions\\uqbar.wollok-lsp-ide-0.5.3\\out\\server\\src\\server.js:2384:42)\n    at c:\\Users\\edu\\.vscode\\extensions\\uqbar.wollok-lsp-ide-0.5.3\\out\\server\\src\\server.js:2384:2988\n    at c:\\Users\\edu\\.vscode\\extensions\\uqbar.wollok-lsp-ide-0.5.3\\out\\server\\src\\server.js:2393:8440\n    at c:\\Users\\edu\\.vscode\\extensions\\uqbar.wollok-lsp-ide-0.5.3\\out\\server\\src\\server.js:37:74872\n    at Ye (c:\\Users\\edu\\.vscode\\extensions\\uqbar.wollok-lsp-ide-0.5.3\\out\\server\\src\\server.js:7:8527)\n    at qt (c:\\Users\\edu\\.vscode\\extensions\\uqbar.wollok-lsp-ide-0.5.3\\out\\server\\src\\server.js:7:6189)\n    at ot (c:\\Users\\edu\\.vscode\\extensions\\uqbar.wollok-lsp-ide-0.5.3\\out\\server\\src\\server.js:7:6378)\n    at Immediate._onImmediate (c:\\Users\\edu\\.vscode\\extensions\\uqbar.wollok-lsp-ide-0.5.3\\out\\server\\src\\server.js:7:6142)\n    at process.processImmediate (node:internal/timers:485:21)","timestamp":"2025-12-12T03:05:57.972Z"}
{"level":"info","message":"⌛ Validating parciales/hablemosSinSaber/resoProfes.wlk","timeElapsed":119,"timestamp":"2025-12-12T03:05:58.100Z"}
{"level":"info","message":"⌛ Building environment","timeElapsed":102,"timestamp":"2025-12-12T03:05:58.203Z"}
{"level":"error","message":"✘ Completions for node Parameter ([130:22, 130:28] - parciales/hablemosSinSaber/resoProfes.wlk) failed: Error: [Parameter]{9f1764} at parciales/hablemosSinSaber/resoProfes.wlk:130 exhausted all cases without a match [Parameter]{9f1764} at parciales/hablemosSinSaber/resoProfes.wlk:130 exhausted all cases without a match","stack":"Error: [Parameter]{9f1764} at parciales/hablemosSinSaber/resoProfes.wlk:130 exhausted all cases without a match\n    at c:\\Users\\edu\\.vscode\\extensions\\uqbar.wollok-lsp-ide-0.5.3\\out\\server\\src\\server.js:38:6142\n    at D2 (c:\\Users\\edu\\.vscode\\extensions\\uqbar.wollok-lsp-ide-0.5.3\\out\\server\\src\\server.js:2384:42)\n    at c:\\Users\\edu\\.vscode\\extensions\\uqbar.wollok-lsp-ide-0.5.3\\out\\server\\src\\server.js:2384:2988\n    at c:\\Users\\edu\\.vscode\\extensions\\uqbar.wollok-lsp-ide-0.5.3\\out\\server\\src\\server.js:2393:8440\n    at c:\\Users\\edu\\.vscode\\extensions\\uqbar.wollok-lsp-ide-0.5.3\\out\\server\\src\\server.js:37:74872\n    at Ye (c:\\Users\\edu\\.vscode\\extensions\\uqbar.wollok-lsp-ide-0.5.3\\out\\server\\src\\server.js:7:8527)\n    at qt (c:\\Users\\edu\\.vscode\\extensions\\uqbar.wollok-lsp-ide-0.5.3\\out\\server\\src\\server.js:7:6189)\n    at ot (c:\\Users\\edu\\.vscode\\extensions\\uqbar.wollok-lsp-ide-0.5.3\\out\\server\\src\\server.js:7:6378)\n    at Immediate._onImmediate (c:\\Users\\edu\\.vscode\\extensions\\uqbar.wollok-lsp-ide-0.5.3\\out\\server\\src\\server.js:7:6142)\n    at process.processImmediate (node:internal/timers:485:21)","timestamp":"2025-12-12T03:05:58.336Z"}
{"level":"info","message":"⌛ Validating parciales/hablemosSinSaber/resoProfes.wlk","timeElapsed":121,"timestamp":"2025-12-12T03:05:58.559Z"}
{"level":"info","message":"⌛ Validating parciales/hablemosSinSaber/resoProfes.wlk","timeElapsed":112,"timestamp":"2025-12-12T03:05:58.672Z"}
{"level":"info","message":"⌛ Building environment","timeElapsed":123,"timestamp":"2025-12-12T03:05:58.883Z"}
{"level":"error","message":"✘ Completions for node Parameter ([130:22, 130:32] - parciales/hablemosSinSaber/resoProfes.wlk) failed: Error: [Parameter]{44f796} at parciales/hablemosSinSaber/resoProfes.wlk:130 exhausted all cases without a match [Parameter]{44f796} at parciales/hablemosSinSaber/resoProfes.wlk:130 exhausted all cases without a match","stack":"Error: [Parameter]{44f796} at parciales/hablemosSinSaber/resoProfes.wlk:130 exhausted all cases without a match\n    at c:\\Users\\edu\\.vscode\\extensions\\uqbar.wollok-lsp-ide-0.5.3\\out\\server\\src\\server.js:38:6142\n    at D2 (c:\\Users\\edu\\.vscode\\extensions\\uqbar.wollok-lsp-ide-0.5.3\\out\\server\\src\\server.js:2384:42)\n    at c:\\Users\\edu\\.vscode\\extensions\\uqbar.wollok-lsp-ide-0.5.3\\out\\server\\src\\server.js:2384:2988\n    at c:\\Users\\edu\\.vscode\\extensions\\uqbar.wollok-lsp-ide-0.5.3\\out\\server\\src\\server.js:2393:8440\n    at c:\\Users\\edu\\.vscode\\extensions\\uqbar.wollok-lsp-ide-0.5.3\\out\\server\\src\\server.js:37:74872\n    at Ye (c:\\Users\\edu\\.vscode\\extensions\\uqbar.wollok-lsp-ide-0.5.3\\out\\server\\src\\server.js:7:8527)\n    at qt (c:\\Users\\edu\\.vscode\\extensions\\uqbar.wollok-lsp-ide-0.5.3\\out\\server\\src\\server.js:7:6189)\n    at ot (c:\\Users\\edu\\.vscode\\extensions\\uqbar.wollok-lsp-ide-0.5.3\\out\\server\\src\\server.js:7:6378)\n    at Immediate._onImmediate (c:\\Users\\edu\\.vscode\\extensions\\uqbar.wollok-lsp-ide-0.5.3\\out\\server\\src\\server.js:7:6142)\n    at process.processImmediate (node:internal/timers:485:21)","timestamp":"2025-12-12T03:05:59.010Z"}
{"level":"info","message":"⌛ Validating parciales/hablemosSinSaber/resoProfes.wlk","timeElapsed":119,"timestamp":"2025-12-12T03:05:59.133Z"}
{"level":"info","message":"⌛ Validating parciales/hablemosSinSaber/resoProfes.wlk","timeElapsed":117,"timestamp":"2025-12-12T03:05:59.251Z"}
{"level":"error","message":"✘ Completions for node Parameter ([130:22, 130:31] - parciales/hablemosSinSaber/resoProfes.wlk) failed: Error: [Parameter]{21dded} at parciales/hablemosSinSaber/resoProfes.wlk:130 exhausted all cases without a match [Parameter]{21dded} at parciales/hablemosSinSaber/resoProfes.wlk:130 exhausted all cases without a match","stack":"Error: [Parameter]{21dded} at parciales/hablemosSinSaber/resoProfes.wlk:130 exhausted all cases without a match\n    at c:\\Users\\edu\\.vscode\\extensions\\uqbar.wollok-lsp-ide-0.5.3\\out\\server\\src\\server.js:38:6142\n    at D2 (c:\\Users\\edu\\.vscode\\extensions\\uqbar.wollok-lsp-ide-0.5.3\\out\\server\\src\\server.js:2384:42)\n    at c:\\Users\\edu\\.vscode\\extensions\\uqbar.wollok-lsp-ide-0.5.3\\out\\server\\src\\server.js:2384:2988\n    at c:\\Users\\edu\\.vscode\\extensions\\uqbar.wollok-lsp-ide-0.5.3\\out\\server\\src\\server.js:2393:8440\n    at c:\\Users\\edu\\.vscode\\extensions\\uqbar.wollok-lsp-ide-0.5.3\\out\\server\\src\\server.js:37:74872\n    at Ye (c:\\Users\\edu\\.vscode\\extensions\\uqbar.wollok-lsp-ide-0.5.3\\out\\server\\src\\server.js:7:8527)\n    at qt (c:\\Users\\edu\\.vscode\\extensions\\uqbar.wollok-lsp-ide-0.5.3\\out\\server\\src\\server.js:7:6189)\n    at ot (c:\\Users\\edu\\.vscode\\extensions\\uqbar.wollok-lsp-ide-0.5.3\\out\\server\\src\\server.js:7:6378)\n    at Immediate._onImmediate (c:\\Users\\edu\\.vscode\\extensions\\uqbar.wollok-lsp-ide-0.5.3\\out\\server\\src\\server.js:7:6142)\n    at process.processImmediate (node:internal/timers:485:21)","timestamp":"2025-12-12T03:05:59.361Z"}
{"level":"info","message":"⌛ Validating parciales/hablemosSinSaber/resoProfes.wlk","timeElapsed":127,"timestamp":"2025-12-12T03:05:59.493Z"}
{"level":"error","message":"✘ Completions for node Parameter ([130:22, 130:30] - parciales/hablemosSinSaber/resoProfes.wlk) failed: Error: [Parameter]{dddcbd} at parciales/hablemosSinSaber/resoProfes.wlk:130 exhausted all cases without a match [Parameter]{dddcbd} at parciales/hablemosSinSaber/resoProfes.wlk:130 exhausted all cases without a match","stack":"Error: [Parameter]{dddcbd} at parciales/hablemosSinSaber/resoProfes.wlk:130 exhausted all cases without a match\n    at c:\\Users\\edu\\.vscode\\extensions\\uqbar.wollok-lsp-ide-0.5.3\\out\\server\\src\\server.js:38:6142\n    at D2 (c:\\Users\\edu\\.vscode\\extensions\\uqbar.wollok-lsp-ide-0.5.3\\out\\server\\src\\server.js:2384:42)\n    at c:\\Users\\edu\\.vscode\\extensions\\uqbar.wollok-lsp-ide-0.5.3\\out\\server\\src\\server.js:2384:2988\n    at c:\\Users\\edu\\.vscode\\extensions\\uqbar.wollok-lsp-ide-0.5.3\\out\\server\\src\\server.js:2393:8440\n    at c:\\Users\\edu\\.vscode\\extensions\\uqbar.wollok-lsp-ide-0.5.3\\out\\server\\src\\server.js:37:74872\n    at Ye (c:\\Users\\edu\\.vscode\\extensions\\uqbar.wollok-lsp-ide-0.5.3\\out\\server\\src\\server.js:7:8527)\n    at qt (c:\\Users\\edu\\.vscode\\extensions\\uqbar.wollok-lsp-ide-0.5.3\\out\\server\\src\\server.js:7:6189)\n    at ot (c:\\Users\\edu\\.vscode\\extensions\\uqbar.wollok-lsp-ide-0.5.3\\out\\server\\src\\server.js:7:6378)\n    at Immediate._onImmediate (c:\\Users\\edu\\.vscode\\extensions\\uqbar.wollok-lsp-ide-0.5.3\\out\\server\\src\\server.js:7:6142)\n    at process.processImmediate (node:internal/timers:485:21)","timestamp":"2025-12-12T03:05:59.610Z"}
{"level":"info","message":"⌛ Validating parciales/hablemosSinSaber/resoProfes.wlk","timeElapsed":113,"timestamp":"2025-12-12T03:05:59.726Z"}
{"level":"error","message":"✘ Completions for node Parameter ([130:22, 130:29] - parciales/hablemosSinSaber/resoProfes.wlk) failed: Error: [Parameter]{dd03b3} at parciales/hablemosSinSaber/resoProfes.wlk:130 exhausted all cases without a match [Parameter]{dd03b3} at parciales/hablemosSinSaber/resoProfes.wlk:130 exhausted all cases without a match","stack":"Error: [Parameter]{dd03b3} at parciales/hablemosSinSaber/resoProfes.wlk:130 exhausted all cases without a match\n    at c:\\Users\\edu\\.vscode\\extensions\\uqbar.wollok-lsp-ide-0.5.3\\out\\server\\src\\server.js:38:6142\n    at D2 (c:\\Users\\edu\\.vscode\\extensions\\uqbar.wollok-lsp-ide-0.5.3\\out\\server\\src\\server.js:2384:42)\n    at c:\\Users\\edu\\.vscode\\extensions\\uqbar.wollok-lsp-ide-0.5.3\\out\\server\\src\\server.js:2384:2988\n    at c:\\Users\\edu\\.vscode\\extensions\\uqbar.wollok-lsp-ide-0.5.3\\out\\server\\src\\server.js:2393:8440\n    at c:\\Users\\edu\\.vscode\\extensions\\uqbar.wollok-lsp-ide-0.5.3\\out\\server\\src\\server.js:37:74872\n    at Ye (c:\\Users\\edu\\.vscode\\extensions\\uqbar.wollok-lsp-ide-0.5.3\\out\\server\\src\\server.js:7:8527)\n    at qt (c:\\Users\\edu\\.vscode\\extensions\\uqbar.wollok-lsp-ide-0.5.3\\out\\server\\src\\server.js:7:6189)\n    at ot (c:\\Users\\edu\\.vscode\\extensions\\uqbar.wollok-lsp-ide-0.5.3\\out\\server\\src\\server.js:7:6378)\n    at Immediate._onImmediate (c:\\Users\\edu\\.vscode\\extensions\\uqbar.wollok-lsp-ide-0.5.3\\out\\server\\src\\server.js:7:6142)\n    at process.processImmediate (node:internal/timers:485:21)","timestamp":"2025-12-12T03:05:59.836Z"}
{"level":"info","message":"⌛ Validating parciales/hablemosSinSaber/resoProfes.wlk","timeElapsed":121,"timestamp":"2025-12-12T03:05:59.961Z"}
{"level":"info","message":"⌛ Validating parciales/hablemosSinSaber/resoProfes.wlk","timeElapsed":120,"timestamp":"2025-12-12T03:06:00.082Z"}
{"level":"info","message":"⌛ Validating parciales/hablemosSinSaber/resoProfes.wlk","timeElapsed":123,"timestamp":"2025-12-12T03:06:00.205Z"}
{"level":"error","message":"✘ Completions for node Parameter ([130:22, 130:30] - parciales/hablemosSinSaber/resoProfes.wlk) failed: Error: [Parameter]{180e0e} at parciales/hablemosSinSaber/resoProfes.wlk:130 exhausted all cases without a match [Parameter]{180e0e} at parciales/hablemosSinSaber/resoProfes.wlk:130 exhausted all cases without a match","stack":"Error: [Parameter]{180e0e} at parciales/hablemosSinSaber/resoProfes.wlk:130 exhausted all cases without a match\n    at c:\\Users\\edu\\.vscode\\extensions\\uqbar.wollok-lsp-ide-0.5.3\\out\\server\\src\\server.js:38:6142\n    at D2 (c:\\Users\\edu\\.vscode\\extensions\\uqbar.wollok-lsp-ide-0.5.3\\out\\server\\src\\server.js:2384:42)\n    at c:\\Users\\edu\\.vscode\\extensions\\uqbar.wollok-lsp-ide-0.5.3\\out\\server\\src\\server.js:2384:2988\n    at c:\\Users\\edu\\.vscode\\extensions\\uqbar.wollok-lsp-ide-0.5.3\\out\\server\\src\\server.js:2393:8440\n    at c:\\Users\\edu\\.vscode\\extensions\\uqbar.wollok-lsp-ide-0.5.3\\out\\server\\src\\server.js:37:74872\n    at Ye (c:\\Users\\edu\\.vscode\\extensions\\uqbar.wollok-lsp-ide-0.5.3\\out\\server\\src\\server.js:7:8527)\n    at qt (c:\\Users\\edu\\.vscode\\extensions\\uqbar.wollok-lsp-ide-0.5.3\\out\\server\\src\\server.js:7:6189)\n    at ot (c:\\Users\\edu\\.vscode\\extensions\\uqbar.wollok-lsp-ide-0.5.3\\out\\server\\src\\server.js:7:6378)\n    at Immediate._onImmediate (c:\\Users\\edu\\.vscode\\extensions\\uqbar.wollok-lsp-ide-0.5.3\\out\\server\\src\\server.js:7:6142)\n    at process.processImmediate (node:internal/timers:485:21)","timestamp":"2025-12-12T03:06:00.341Z"}
{"level":"info","message":"⌛ Validating parciales/hablemosSinSaber/resoProfes.wlk","timeElapsed":121,"timestamp":"2025-12-12T03:06:00.660Z"}
{"level":"info","message":"⌛ Validating parciales/hablemosSinSaber/resoProfes.wlk","timeElapsed":115,"timestamp":"2025-12-12T03:06:00.780Z"}
{"level":"info","message":"⌛ Validating parciales/hablemosSinSaber/resoProfes.wlk","timeElapsed":144,"timestamp":"2025-12-12T03:06:00.938Z"}
{"level":"info","message":"⌛ Building environment","timeElapsed":105,"timestamp":"2025-12-12T03:06:01.045Z"}
{"level":"error","message":"✘ Completions for node Parameter ([130:22, 130:33] - parciales/hablemosSinSaber/resoProfes.wlk) failed: Error: [Parameter]{2b2408} at parciales/hablemosSinSaber/resoProfes.wlk:130 exhausted all cases without a match [Parameter]{2b2408} at parciales/hablemosSinSaber/resoProfes.wlk:130 exhausted all cases without a match","stack":"Error: [Parameter]{2b2408} at parciales/hablemosSinSaber/resoProfes.wlk:130 exhausted all cases without a match\n    at c:\\Users\\edu\\.vscode\\extensions\\uqbar.wollok-lsp-ide-0.5.3\\out\\server\\src\\server.js:38:6142\n    at D2 (c:\\Users\\edu\\.vscode\\extensions\\uqbar.wollok-lsp-ide-0.5.3\\out\\server\\src\\server.js:2384:42)\n    at c:\\Users\\edu\\.vscode\\extensions\\uqbar.wollok-lsp-ide-0.5.3\\out\\server\\src\\server.js:2384:2988\n    at c:\\Users\\edu\\.vscode\\extensions\\uqbar.wollok-lsp-ide-0.5.3\\out\\server\\src\\server.js:2393:8440\n    at c:\\Users\\edu\\.vscode\\extensions\\uqbar.wollok-lsp-ide-0.5.3\\out\\server\\src\\server.js:37:74872\n    at Ye (c:\\Users\\edu\\.vscode\\extensions\\uqbar.wollok-lsp-ide-0.5.3\\out\\server\\src\\server.js:7:8527)\n    at qt (c:\\Users\\edu\\.vscode\\extensions\\uqbar.wollok-lsp-ide-0.5.3\\out\\server\\src\\server.js:7:6189)\n    at ot (c:\\Users\\edu\\.vscode\\extensions\\uqbar.wollok-lsp-ide-0.5.3\\out\\server\\src\\server.js:7:6378)\n    at Immediate._onImmediate (c:\\Users\\edu\\.vscode\\extensions\\uqbar.wollok-lsp-ide-0.5.3\\out\\server\\src\\server.js:7:6142)\n    at process.processImmediate (node:internal/timers:485:21)","timestamp":"2025-12-12T03:06:01.074Z"}
{"level":"info","message":"⌛ Validating parciales/hablemosSinSaber/resoProfes.wlk","timeElapsed":121,"timestamp":"2025-12-12T03:06:01.200Z"}
{"level":"info","message":"⌛ Building environment","timeElapsed":116,"timestamp":"2025-12-12T03:06:11.373Z"}
{"level":"info","message":"⌛ Building environment","timeElapsed":132,"timestamp":"2025-12-12T03:06:11.586Z"}
{"level":"info","message":"⌛ Validating parciales/hablemosSinSaber/resoProfes.wlk","timeElapsed":187,"timestamp":"2025-12-12T03:06:11.773Z"}
{"level":"info","message":"⌛ Building environment","timeElapsed":121,"timestamp":"2025-12-12T03:06:11.894Z"}
{"level":"info","message":"⌛ Building environment","timeElapsed":115,"timestamp":"2025-12-12T03:06:12.024Z"}
{"level":"info","message":"⌛ Validating parciales/hablemosSinSaber/resoProfes.wlk","timeElapsed":152,"timestamp":"2025-12-12T03:06:12.177Z"}
{"level":"info","message":"⌛ Building environment","timeElapsed":126,"timestamp":"2025-12-12T03:06:12.330Z"}
{"level":"info","message":"⌛ Building environment","timeElapsed":109,"timestamp":"2025-12-12T03:06:12.439Z"}
{"level":"info","message":"⌛ Validating parciales/hablemosSinSaber/resoProfes.wlk","timeElapsed":164,"timestamp":"2025-12-12T03:06:12.603Z"}
{"level":"info","message":"⌛ Building environment","timeElapsed":145,"timestamp":"2025-12-12T03:06:12.749Z"}
{"level":"info","message":"⌛ Validating parciales/hablemosSinSaber/resoProfes.wlk","timeElapsed":152,"timestamp":"2025-12-12T03:06:12.901Z"}
{"level":"info","message":"⌛ Validating parciales/hablemosSinSaber/resoProfes.wlk","timeElapsed":139,"timestamp":"2025-12-12T03:06:13.054Z"}
{"level":"info","message":"⌛ Building environment","timeElapsed":101,"timestamp":"2025-12-12T03:06:13.156Z"}
{"level":"info","message":"⌛ Validating parciales/hablemosSinSaber/resoProfes.wlk","timeElapsed":135,"timestamp":"2025-12-12T03:06:13.291Z"}
{"level":"info","message":"⌛ Validating parciales/hablemosSinSaber/resoProfes.wlk","timeElapsed":120,"timestamp":"2025-12-12T03:06:13.535Z"}
{"level":"info","message":"⌛ Validating parciales/hablemosSinSaber/resoProfes.wlk","timeElapsed":118,"timestamp":"2025-12-12T03:06:13.659Z"}
{"level":"info","message":"⌛ Validating parciales/hablemosSinSaber/resoProfes.wlk","timeElapsed":118,"timestamp":"2025-12-12T03:06:13.777Z"}
{"level":"info","message":"⌛ Building environment","timeElapsed":123,"timestamp":"2025-12-12T03:06:15.044Z"}
{"level":"info","message":"⌛ Building environment","timeElapsed":149,"timestamp":"2025-12-12T03:06:15.193Z"}
{"level":"info","message":"⌛ Validating parciales/hablemosSinSaber/resoProfes.wlk","timeElapsed":149,"timestamp":"2025-12-12T03:06:15.343Z"}
{"level":"info","message":"⌛ Building environment","timeElapsed":102,"timestamp":"2025-12-12T03:06:15.446Z"}
{"level":"info","message":"⌛ Validating parciales/hablemosSinSaber/resoProfes.wlk","timeElapsed":146,"timestamp":"2025-12-12T03:06:15.592Z"}
{"level":"info","message":"⌛ Validating parciales/hablemosSinSaber/resoProfes.wlk","timeElapsed":137,"timestamp":"2025-12-12T03:06:15.735Z"}
{"level":"info","message":"⌛ Validating parciales/hablemosSinSaber/resoProfes.wlk","timeElapsed":122,"timestamp":"2025-12-12T03:06:15.951Z"}
{"level":"info","message":"⌛ Building environment","timeElapsed":103,"timestamp":"2025-12-12T03:06:16.177Z"}
{"level":"info","message":"⌛ Validating parciales/hablemosSinSaber/resoProfes.wlk","timeElapsed":141,"timestamp":"2025-12-12T03:06:16.326Z"}
{"level":"info","message":"⌛ Validating parciales/hablemosSinSaber/resoProfes.wlk","timeElapsed":132,"timestamp":"2025-12-12T03:06:16.868Z"}
{"level":"info","message":"⌛ Building environment","timeElapsed":117,"timestamp":"2025-12-12T03:06:17.239Z"}
{"level":"error","message":"✘ Completions for node Send ([131:5, 131:26] - parciales/hablemosSinSaber/resoProfes.wlk) failed: Error: [Send]{2695b1} at parciales/hablemosSinSaber/resoProfes.wlk:131 exhausted all cases without a match [Send]{2695b1} at parciales/hablemosSinSaber/resoProfes.wlk:131 exhausted all cases without a match","stack":"Error: [Send]{2695b1} at parciales/hablemosSinSaber/resoProfes.wlk:131 exhausted all cases without a match\n    at c:\\Users\\edu\\.vscode\\extensions\\uqbar.wollok-lsp-ide-0.5.3\\out\\server\\src\\server.js:38:6142\n    at D2 (c:\\Users\\edu\\.vscode\\extensions\\uqbar.wollok-lsp-ide-0.5.3\\out\\server\\src\\server.js:2384:42)\n    at Qh (c:\\Users\\edu\\.vscode\\extensions\\uqbar.wollok-lsp-ide-0.5.3\\out\\server\\src\\server.js:2384:1092)\n    at k6n (c:\\Users\\edu\\.vscode\\extensions\\uqbar.wollok-lsp-ide-0.5.3\\out\\server\\src\\server.js:2384:1248)\n    at c:\\Users\\edu\\.vscode\\extensions\\uqbar.wollok-lsp-ide-0.5.3\\out\\server\\src\\server.js:38:6131\n    at D2 (c:\\Users\\edu\\.vscode\\extensions\\uqbar.wollok-lsp-ide-0.5.3\\out\\server\\src\\server.js:2384:42)\n    at c:\\Users\\edu\\.vscode\\extensions\\uqbar.wollok-lsp-ide-0.5.3\\out\\server\\src\\server.js:2384:2988\n    at c:\\Users\\edu\\.vscode\\extensions\\uqbar.wollok-lsp-ide-0.5.3\\out\\server\\src\\server.js:2393:8440\n    at c:\\Users\\edu\\.vscode\\extensions\\uqbar.wollok-lsp-ide-0.5.3\\out\\server\\src\\server.js:37:74872\n    at Ye (c:\\Users\\edu\\.vscode\\extensions\\uqbar.wollok-lsp-ide-0.5.3\\out\\server\\src\\server.js:7:8527)","timestamp":"2025-12-12T03:06:17.277Z"}
{"level":"info","message":"⌛ Validating parciales/hablemosSinSaber/resoProfes.wlk","timeElapsed":145,"timestamp":"2025-12-12T03:06:17.426Z"}
{"level":"info","message":"⌛ Building environment","timeElapsed":103,"timestamp":"2025-12-12T03:06:18.062Z"}
{"level":"info","message":"⌛ Validating parciales/hablemosSinSaber/resoProfes.wlk","timeElapsed":144,"timestamp":"2025-12-12T03:06:18.213Z"}
{"level":"info","message":"⌛ Building environment","timeElapsed":143,"timestamp":"2025-12-12T03:06:19.158Z"}
{"level":"info","message":"⌛ Validating parciales/hablemosSinSaber/resoProfes.wlk","timeElapsed":152,"timestamp":"2025-12-12T03:06:19.311Z"}
{"level":"info","message":"⌛ Building environment","timeElapsed":163,"timestamp":"2025-12-12T03:06:19.474Z"}
{"level":"info","message":"⌛ Validating parciales/hablemosSinSaber/resoProfes.wlk","timeElapsed":145,"timestamp":"2025-12-12T03:06:19.628Z"}
{"level":"info","message":"⌛ Building environment","timeElapsed":138,"timestamp":"2025-12-12T03:06:20.625Z"}
{"level":"info","message":"⌛ Validating parciales/hablemosSinSaber/resoProfes.wlk","timeElapsed":156,"timestamp":"2025-12-12T03:06:20.781Z"}
{"level":"info","message":"⌛ Building environment","timeElapsed":117,"timestamp":"2025-12-12T03:06:22.958Z"}
{"level":"error","message":"✘ Completions for node Return (undefined - parciales/hablemosSinSaber/resoProfes.wlk) failed: Error: [Return]{2ba524} at parciales/hablemosSinSaber/resoProfes.wlk:-- exhausted all cases without a match [Return]{2ba524} at parciales/hablemosSinSaber/resoProfes.wlk:-- exhausted all cases without a match","stack":"Error: [Return]{2ba524} at parciales/hablemosSinSaber/resoProfes.wlk:-- exhausted all cases without a match\n    at c:\\Users\\edu\\.vscode\\extensions\\uqbar.wollok-lsp-ide-0.5.3\\out\\server\\src\\server.js:38:6142\n    at D2 (c:\\Users\\edu\\.vscode\\extensions\\uqbar.wollok-lsp-ide-0.5.3\\out\\server\\src\\server.js:2384:42)\n    at Qh (c:\\Users\\edu\\.vscode\\extensions\\uqbar.wollok-lsp-ide-0.5.3\\out\\server\\src\\server.js:2384:1092)\n    at k6n (c:\\Users\\edu\\.vscode\\extensions\\uqbar.wollok-lsp-ide-0.5.3\\out\\server\\src\\server.js:2384:1248)\n    at c:\\Users\\edu\\.vscode\\extensions\\uqbar.wollok-lsp-ide-0.5.3\\out\\server\\src\\server.js:38:6131\n    at D2 (c:\\Users\\edu\\.vscode\\extensions\\uqbar.wollok-lsp-ide-0.5.3\\out\\server\\src\\server.js:2384:42)\n    at c:\\Users\\edu\\.vscode\\extensions\\uqbar.wollok-lsp-ide-0.5.3\\out\\server\\src\\server.js:2384:2988\n    at c:\\Users\\edu\\.vscode\\extensions\\uqbar.wollok-lsp-ide-0.5.3\\out\\server\\src\\server.js:2393:8440\n    at c:\\Users\\edu\\.vscode\\extensions\\uqbar.wollok-lsp-ide-0.5.3\\out\\server\\src\\server.js:37:74872\n    at Ye (c:\\Users\\edu\\.vscode\\extensions\\uqbar.wollok-lsp-ide-0.5.3\\out\\server\\src\\server.js:7:8527)","timestamp":"2025-12-12T03:06:23.002Z"}
{"level":"info","message":"⌛ Building environment","timeElapsed":114,"timestamp":"2025-12-12T03:06:23.120Z"}
{"level":"info","message":"⌛ Validating parciales/hablemosSinSaber/resoProfes.wlk","timeElapsed":172,"timestamp":"2025-12-12T03:06:23.292Z"}
{"level":"info","message":"⌛ Building environment","timeElapsed":127,"timestamp":"2025-12-12T03:06:23.419Z"}
{"level":"info","message":"⌛ Validating parciales/hablemosSinSaber/resoProfes.wlk","timeElapsed":147,"timestamp":"2025-12-12T03:06:23.567Z"}
{"level":"info","message":"⌛ Building environment","timeElapsed":103,"timestamp":"2025-12-12T03:06:23.670Z"}
{"level":"info","message":"⌛ Building environment","timeElapsed":105,"timestamp":"2025-12-12T03:06:23.776Z"}
{"level":"info","message":"⌛ Building environment","timeElapsed":120,"timestamp":"2025-12-12T03:06:23.896Z"}
{"level":"info","message":"⌛ Building environment","timeElapsed":153,"timestamp":"2025-12-12T03:06:24.049Z"}
{"level":"info","message":"⌛ Validating parciales/hablemosSinSaber/resoProfes.wlk","timeElapsed":145,"timestamp":"2025-12-12T03:06:24.195Z"}
{"level":"info","message":"⌛ Validating parciales/hablemosSinSaber/resoProfes.wlk","timeElapsed":142,"timestamp":"2025-12-12T03:06:24.447Z"}
{"level":"info","message":"⌛ Building environment","timeElapsed":105,"timestamp":"2025-12-12T03:06:24.552Z"}
{"level":"info","message":"⌛ Validating parciales/hablemosSinSaber/resoProfes.wlk","timeElapsed":142,"timestamp":"2025-12-12T03:06:24.694Z"}
{"level":"info","message":"⌛ Validating parciales/hablemosSinSaber/resoProfes.wlk","timeElapsed":136,"timestamp":"2025-12-12T03:06:24.831Z"}
{"level":"info","message":"⌛ Validating parciales/hablemosSinSaber/resoProfes.wlk","timeElapsed":123,"timestamp":"2025-12-12T03:06:25.079Z"}
{"level":"info","message":"⌛ Validating parciales/hablemosSinSaber/resoProfes.wlk","timeElapsed":117,"timestamp":"2025-12-12T03:06:25.203Z"}
{"level":"info","message":"⌛ Building environment","timeElapsed":117,"timestamp":"2025-12-12T03:06:25.320Z"}
{"level":"error","message":"✘ Completions for node Return (undefined - parciales/hablemosSinSaber/resoProfes.wlk) failed: Error: [Return]{daf84e} at parciales/hablemosSinSaber/resoProfes.wlk:-- exhausted all cases without a match [Return]{daf84e} at parciales/hablemosSinSaber/resoProfes.wlk:-- exhausted all cases without a match","stack":"Error: [Return]{daf84e} at parciales/hablemosSinSaber/resoProfes.wlk:-- exhausted all cases without a match\n    at c:\\Users\\edu\\.vscode\\extensions\\uqbar.wollok-lsp-ide-0.5.3\\out\\server\\src\\server.js:38:6142\n    at D2 (c:\\Users\\edu\\.vscode\\extensions\\uqbar.wollok-lsp-ide-0.5.3\\out\\server\\src\\server.js:2384:42)\n    at Qh (c:\\Users\\edu\\.vscode\\extensions\\uqbar.wollok-lsp-ide-0.5.3\\out\\server\\src\\server.js:2384:1092)\n    at k6n (c:\\Users\\edu\\.vscode\\extensions\\uqbar.wollok-lsp-ide-0.5.3\\out\\server\\src\\server.js:2384:1248)\n    at c:\\Users\\edu\\.vscode\\extensions\\uqbar.wollok-lsp-ide-0.5.3\\out\\server\\src\\server.js:38:6131\n    at D2 (c:\\Users\\edu\\.vscode\\extensions\\uqbar.wollok-lsp-ide-0.5.3\\out\\server\\src\\server.js:2384:42)\n    at c:\\Users\\edu\\.vscode\\extensions\\uqbar.wollok-lsp-ide-0.5.3\\out\\server\\src\\server.js:2384:2988\n    at c:\\Users\\edu\\.vscode\\extensions\\uqbar.wollok-lsp-ide-0.5.3\\out\\server\\src\\server.js:2393:8440\n    at c:\\Users\\edu\\.vscode\\extensions\\uqbar.wollok-lsp-ide-0.5.3\\out\\server\\src\\server.js:37:74872\n    at Ye (c:\\Users\\edu\\.vscode\\extensions\\uqbar.wollok-lsp-ide-0.5.3\\out\\server\\src\\server.js:7:8527)","timestamp":"2025-12-12T03:06:25.361Z"}
{"level":"info","message":"⌛ Validating parciales/hablemosSinSaber/resoProfes.wlk","timeElapsed":129,"timestamp":"2025-12-12T03:06:25.494Z"}
{"level":"info","message":"⌛ Validating parciales/hablemosSinSaber/resoProfes.wlk","timeElapsed":114,"timestamp":"2025-12-12T03:06:25.616Z"}
{"level":"info","message":"⌛ Building environment","timeElapsed":130,"timestamp":"2025-12-12T03:06:25.747Z"}
{"level":"info","message":"⌛ Validating parciales/hablemosSinSaber/resoProfes.wlk","timeElapsed":126,"timestamp":"2025-12-12T03:06:25.965Z"}
{"level":"info","message":"⌛ Validating parciales/hablemosSinSaber/resoProfes.wlk","timeElapsed":119,"timestamp":"2025-12-12T03:06:26.184Z"}
{"level":"info","message":"⌛ Validating parciales/hablemosSinSaber/resoProfes.wlk","timeElapsed":124,"timestamp":"2025-12-12T03:06:26.308Z"}
{"level":"info","message":"⌛ Building environment","timeElapsed":248,"timestamp":"2025-12-12T03:06:26.557Z"}
{"level":"info","message":"⌛ Validating parciales/hablemosSinSaber/resoProfes.wlk","timeElapsed":135,"timestamp":"2025-12-12T03:06:26.692Z"}
{"level":"error","message":"✘ Completions for node Return (undefined - parciales/hablemosSinSaber/resoProfes.wlk) failed: Error: [Return]{9acca2} at parciales/hablemosSinSaber/resoProfes.wlk:-- exhausted all cases without a match [Return]{9acca2} at parciales/hablemosSinSaber/resoProfes.wlk:-- exhausted all cases without a match","stack":"Error: [Return]{9acca2} at parciales/hablemosSinSaber/resoProfes.wlk:-- exhausted all cases without a match\n    at c:\\Users\\edu\\.vscode\\extensions\\uqbar.wollok-lsp-ide-0.5.3\\out\\server\\src\\server.js:38:6142\n    at D2 (c:\\Users\\edu\\.vscode\\extensions\\uqbar.wollok-lsp-ide-0.5.3\\out\\server\\src\\server.js:2384:42)\n    at Qh (c:\\Users\\edu\\.vscode\\extensions\\uqbar.wollok-lsp-ide-0.5.3\\out\\server\\src\\server.js:2384:1092)\n    at k6n (c:\\Users\\edu\\.vscode\\extensions\\uqbar.wollok-lsp-ide-0.5.3\\out\\server\\src\\server.js:2384:1248)\n    at c:\\Users\\edu\\.vscode\\extensions\\uqbar.wollok-lsp-ide-0.5.3\\out\\server\\src\\server.js:38:6131\n    at D2 (c:\\Users\\edu\\.vscode\\extensions\\uqbar.wollok-lsp-ide-0.5.3\\out\\server\\src\\server.js:2384:42)\n    at c:\\Users\\edu\\.vscode\\extensions\\uqbar.wollok-lsp-ide-0.5.3\\out\\server\\src\\server.js:2384:2988\n    at c:\\Users\\edu\\.vscode\\extensions\\uqbar.wollok-lsp-ide-0.5.3\\out\\server\\src\\server.js:2393:8440\n    at c:\\Users\\edu\\.vscode\\extensions\\uqbar.wollok-lsp-ide-0.5.3\\out\\server\\src\\server.js:37:74872\n    at Ye (c:\\Users\\edu\\.vscode\\extensions\\uqbar.wollok-lsp-ide-0.5.3\\out\\server\\src\\server.js:7:8527)","timestamp":"2025-12-12T03:06:26.828Z"}
{"level":"info","message":"⌛ Validating parciales/hablemosSinSaber/resoProfes.wlk","timeElapsed":127,"timestamp":"2025-12-12T03:06:27.150Z"}
{"level":"info","message":"⌛ Validating parciales/hablemosSinSaber/resoProfes.wlk","timeElapsed":116,"timestamp":"2025-12-12T03:06:27.277Z"}
{"level":"info","message":"⌛ Validating parciales/hablemosSinSaber/resoProfes.wlk","timeElapsed":118,"timestamp":"2025-12-12T03:06:27.395Z"}
{"level":"info","message":"⌛ Validating parciales/hablemosSinSaber/resoProfes.wlk","timeElapsed":114,"timestamp":"2025-12-12T03:06:27.514Z"}
{"level":"info","message":"⌛ Validating parciales/hablemosSinSaber/resoProfes.wlk","timeElapsed":123,"timestamp":"2025-12-12T03:06:28.105Z"}
{"level":"info","message":"⌛ Validating parciales/hablemosSinSaber/resoProfes.wlk","timeElapsed":128,"timestamp":"2025-12-12T03:06:28.316Z"}
{"level":"info","message":"⌛ Validating parciales/hablemosSinSaber/resoProfes.wlk","timeElapsed":119,"timestamp":"2025-12-12T03:06:28.524Z"}
{"level":"info","message":"⌛ Validating parciales/hablemosSinSaber/resoProfes.wlk","timeElapsed":119,"timestamp":"2025-12-12T03:06:28.677Z"}
{"level":"info","message":"⌛ Validating parciales/hablemosSinSaber/resoProfes.wlk","timeElapsed":116,"timestamp":"2025-12-12T03:06:28.793Z"}
{"level":"info","message":"⌛ Validating parciales/hablemosSinSaber/resoProfes.wlk","timeElapsed":120,"timestamp":"2025-12-12T03:06:28.919Z"}
{"level":"info","message":"⌛ Validating parciales/hablemosSinSaber/resoProfes.wlk","timeElapsed":119,"timestamp":"2025-12-12T03:06:29.038Z"}
{"level":"info","message":"⌛ Building environment","timeElapsed":107,"timestamp":"2025-12-12T03:06:29.233Z"}
{"level":"info","message":"⌛ Validating parciales/hablemosSinSaber/resoProfes.wlk","timeElapsed":119,"timestamp":"2025-12-12T03:06:29.540Z"}
{"level":"info","message":"⌛ Validating parciales/hablemosSinSaber/resoProfes.wlk","timeElapsed":121,"timestamp":"2025-12-12T03:06:29.755Z"}
{"level":"info","message":"⌛ Building environment","timeElapsed":188,"timestamp":"2025-12-12T03:06:29.944Z"}
{"level":"info","message":"⌛ Validating parciales/hablemosSinSaber/resoProfes.wlk","timeElapsed":122,"timestamp":"2025-12-12T03:06:30.066Z"}
{"level":"info","message":"⌛ Validating parciales/hablemosSinSaber/resoProfes.wlk","timeElapsed":121,"timestamp":"2025-12-12T03:06:30.187Z"}
{"level":"info","message":"⌛ Validating parciales/hablemosSinSaber/resoProfes.wlk","timeElapsed":116,"timestamp":"2025-12-12T03:06:30.304Z"}
{"level":"info","message":"⌛ Validating parciales/hablemosSinSaber/resoProfes.wlk","timeElapsed":120,"timestamp":"2025-12-12T03:06:30.428Z"}
{"level":"info","message":"⌛ Building environment","timeElapsed":193,"timestamp":"2025-12-12T03:06:30.627Z"}
{"level":"info","message":"⌛ Building environment","timeElapsed":119,"timestamp":"2025-12-12T03:06:30.754Z"}
{"level":"info","message":"⌛ Validating parciales/hablemosSinSaber/resoProfes.wlk","timeElapsed":119,"timestamp":"2025-12-12T03:06:30.967Z"}
{"level":"info","message":"⌛ Validating parciales/hablemosSinSaber/resoProfes.wlk","timeElapsed":116,"timestamp":"2025-12-12T03:06:31.092Z"}
{"level":"info","message":"⌛ Validating parciales/hablemosSinSaber/resoProfes.wlk","timeElapsed":109,"timestamp":"2025-12-12T03:06:31.202Z"}
{"level":"info","message":"⌛ Validating parciales/hablemosSinSaber/resoProfes.wlk","timeElapsed":120,"timestamp":"2025-12-12T03:06:31.411Z"}
{"level":"info","message":"⌛ Building environment","timeElapsed":103,"timestamp":"2025-12-12T03:06:31.601Z"}
{"level":"info","message":"⌛ Validating parciales/hablemosSinSaber/resoProfes.wlk","timeElapsed":122,"timestamp":"2025-12-12T03:06:31.724Z"}
{"level":"info","message":"⌛ Validating parciales/hablemosSinSaber/resoProfes.wlk","timeElapsed":120,"timestamp":"2025-12-12T03:06:31.939Z"}
{"level":"info","message":"⌛ Validating parciales/hablemosSinSaber/resoProfes.wlk","timeElapsed":124,"timestamp":"2025-12-12T03:06:32.149Z"}
{"level":"info","message":"⌛ Building environment","timeElapsed":145,"timestamp":"2025-12-12T03:06:32.296Z"}
{"level":"info","message":"⌛ Validating parciales/hablemosSinSaber/resoProfes.wlk","timeElapsed":121,"timestamp":"2025-12-12T03:06:32.417Z"}
{"level":"info","message":"⌛ Validating parciales/hablemosSinSaber/resoProfes.wlk","timeElapsed":115,"timestamp":"2025-12-12T03:06:32.536Z"}
{"level":"info","message":"⌛ Building environment","timeElapsed":101,"timestamp":"2025-12-12T03:06:32.769Z"}
{"level":"info","message":"⌛ Validating parciales/hablemosSinSaber/resoProfes.wlk","timeElapsed":146,"timestamp":"2025-12-12T03:06:32.915Z"}
{"level":"info","message":"⌛ Validating parciales/hablemosSinSaber/resoProfes.wlk","timeElapsed":123,"timestamp":"2025-12-12T03:06:38.490Z"}
{"level":"info","message":"⌛ Validating parciales/hablemosSinSaber/resoProfes.wlk","timeElapsed":119,"timestamp":"2025-12-12T03:06:38.716Z"}
{"level":"info","message":"⌛ Building environment","timeElapsed":115,"timestamp":"2025-12-12T03:06:42.640Z"}
{"level":"info","message":"⌛ Validating parciales/hablemosSinSaber/resoProfes.wlk","timeElapsed":144,"timestamp":"2025-12-12T03:06:42.815Z"}
{"level":"info","message":"⌛ Building environment","timeElapsed":103,"timestamp":"2025-12-12T03:06:42.918Z"}
{"level":"info","message":"⌛ Validating parciales/hablemosSinSaber/resoProfes.wlk","timeElapsed":139,"timestamp":"2025-12-12T03:06:43.066Z"}
{"level":"info","message":"⌛ Building environment","timeElapsed":101,"timestamp":"2025-12-12T03:06:46.519Z"}
{"level":"info","message":"⌛ Validating parciales/hablemosSinSaber/resoProfes.wlk","timeElapsed":140,"timestamp":"2025-12-12T03:06:46.660Z"}
{"level":"info","message":"⌛ Building environment","timeElapsed":114,"timestamp":"2025-12-12T03:06:47.607Z"}
{"level":"info","message":"⌛ Building environment","timeElapsed":112,"timestamp":"2025-12-12T03:06:47.752Z"}
{"level":"info","message":"⌛ Validating parciales/hablemosSinSaber/resoProfes.wlk","timeElapsed":146,"timestamp":"2025-12-12T03:06:47.908Z"}
{"level":"info","message":"⌛ Building environment","timeElapsed":106,"timestamp":"2025-12-12T03:06:48.014Z"}
{"level":"info","message":"⌛ Building environment","timeElapsed":116,"timestamp":"2025-12-12T03:06:48.163Z"}
{"level":"info","message":"⌛ Validating parciales/hablemosSinSaber/resoProfes.wlk","timeElapsed":147,"timestamp":"2025-12-12T03:06:48.321Z"}
{"level":"info","message":"⌛ Building environment","timeElapsed":106,"timestamp":"2025-12-12T03:06:48.428Z"}
{"level":"info","message":"⌛ Building environment","timeElapsed":110,"timestamp":"2025-12-12T03:06:48.538Z"}
{"level":"info","message":"⌛ Building environment","timeElapsed":186,"timestamp":"2025-12-12T03:06:48.725Z"}
{"level":"info","message":"⌛ Validating parciales/hablemosSinSaber/resoProfes.wlk","timeElapsed":159,"timestamp":"2025-12-12T03:06:48.884Z"}
{"level":"info","message":"⌛ Validating parciales/hablemosSinSaber/resoProfes.wlk","timeElapsed":123,"timestamp":"2025-12-12T03:06:49.121Z"}
{"level":"info","message":"⌛ Validating parciales/hablemosSinSaber/resoProfes.wlk","timeElapsed":118,"timestamp":"2025-12-12T03:06:49.429Z"}
{"level":"info","message":"⌛ Validating parciales/hablemosSinSaber/resoProfes.wlk","timeElapsed":121,"timestamp":"2025-12-12T03:06:49.554Z"}
{"level":"info","message":"⌛ Validating parciales/hablemosSinSaber/resoProfes.wlk","timeElapsed":115,"timestamp":"2025-12-12T03:06:49.675Z"}
{"level":"info","message":"⌛ Validating parciales/hablemosSinSaber/resoProfes.wlk","timeElapsed":119,"timestamp":"2025-12-12T03:06:49.884Z"}
{"level":"info","message":"⌛ Validating parciales/hablemosSinSaber/resoProfes.wlk","timeElapsed":123,"timestamp":"2025-12-12T03:06:50.094Z"}
{"level":"info","message":"⌛ Validating parciales/hablemosSinSaber/resoProfes.wlk","timeElapsed":116,"timestamp":"2025-12-12T03:06:50.215Z"}
{"level":"info","message":"⌛ Validating parciales/hablemosSinSaber/resoProfes.wlk","timeElapsed":117,"timestamp":"2025-12-12T03:06:50.457Z"}
{"level":"info","message":"⌛ Validating parciales/hablemosSinSaber/resoProfes.wlk","timeElapsed":118,"timestamp":"2025-12-12T03:06:50.670Z"}
{"level":"info","message":"⌛ Building environment","timeElapsed":334,"timestamp":"2025-12-12T03:06:51.005Z"}
{"level":"info","message":"⌛ Building environment","timeElapsed":108,"timestamp":"2025-12-12T03:06:51.113Z"}
{"level":"info","message":"⌛ Building environment","timeElapsed":109,"timestamp":"2025-12-12T03:06:51.222Z"}
{"level":"info","message":"⌛ Validating parciales/hablemosSinSaber/resoProfes.wlk","timeElapsed":121,"timestamp":"2025-12-12T03:06:51.343Z"}
{"level":"info","message":"⌛ Building environment","timeElapsed":404,"timestamp":"2025-12-12T03:06:51.748Z"}
{"level":"info","message":"⌛ Validating parciales/hablemosSinSaber/resoProfes.wlk","timeElapsed":117,"timestamp":"2025-12-12T03:06:52.102Z"}
{"level":"info","message":"⌛ Validating parciales/hablemosSinSaber/resoProfes.wlk","timeElapsed":120,"timestamp":"2025-12-12T03:06:52.232Z"}
{"level":"info","message":"⌛ Validating parciales/hablemosSinSaber/resoProfes.wlk","timeElapsed":121,"timestamp":"2025-12-12T03:06:52.353Z"}
{"level":"info","message":"⌛ Validating parciales/hablemosSinSaber/resoProfes.wlk","timeElapsed":119,"timestamp":"2025-12-12T03:06:52.473Z"}
{"level":"info","message":"⌛ Validating parciales/hablemosSinSaber/resoProfes.wlk","timeElapsed":111,"timestamp":"2025-12-12T03:06:52.584Z"}
{"level":"info","message":"⌛ Validating parciales/hablemosSinSaber/resoProfes.wlk","timeElapsed":108,"timestamp":"2025-12-12T03:06:52.695Z"}
{"level":"info","message":"⌛ Validating parciales/hablemosSinSaber/resoProfes.wlk","timeElapsed":112,"timestamp":"2025-12-12T03:06:52.809Z"}
{"level":"info","message":"⌛ Validating parciales/hablemosSinSaber/resoProfes.wlk","timeElapsed":121,"timestamp":"2025-12-12T03:06:53.162Z"}
{"level":"info","message":"⌛ Validating parciales/hablemosSinSaber/resoProfes.wlk","timeElapsed":117,"timestamp":"2025-12-12T03:06:53.280Z"}
{"level":"info","message":"⌛ Validating parciales/hablemosSinSaber/resoProfes.wlk","timeElapsed":124,"timestamp":"2025-12-12T03:06:53.579Z"}
{"level":"info","message":"⌛ Validating parciales/hablemosSinSaber/resoProfes.wlk","timeElapsed":116,"timestamp":"2025-12-12T03:06:53.695Z"}
{"level":"info","message":"⌛ Validating parciales/hablemosSinSaber/resoProfes.wlk","timeElapsed":116,"timestamp":"2025-12-12T03:06:53.908Z"}
{"level":"info","message":"⌛ Building environment","timeElapsed":106,"timestamp":"2025-12-12T03:06:54.605Z"}
{"level":"info","message":"⌛ Validating parciales/hablemosSinSaber/resoProfes.wlk","timeElapsed":136,"timestamp":"2025-12-12T03:06:54.741Z"}
{"level":"info","message":"⌛ Building environment","timeElapsed":124,"timestamp":"2025-12-12T03:06:54.926Z"}
{"level":"info","message":"⌛ Validating parciales/hablemosSinSaber/resoProfes.wlk","timeElapsed":124,"timestamp":"2025-12-12T03:06:55.149Z"}
{"level":"info","message":"⌛ Validating parciales/hablemosSinSaber/resoProfes.wlk","timeElapsed":118,"timestamp":"2025-12-12T03:06:55.270Z"}
{"level":"info","message":"⌛ Building environment","timeElapsed":163,"timestamp":"2025-12-12T03:06:56.292Z"}
{"level":"error","message":"✘ Completions for node Assignment ([135:5, 135:16] - parciales/hablemosSinSaber/resoProfes.wlk) failed: Error: [Assignment]{c8d7da} at parciales/hablemosSinSaber/resoProfes.wlk:135 exhausted all cases without a match [Assignment]{c8d7da} at parciales/hablemosSinSaber/resoProfes.wlk:135 exhausted all cases without a match","stack":"Error: [Assignment]{c8d7da} at parciales/hablemosSinSaber/resoProfes.wlk:135 exhausted all cases without a match\n    at c:\\Users\\edu\\.vscode\\extensions\\uqbar.wollok-lsp-ide-0.5.3\\out\\server\\src\\server.js:38:6142\n    at D2 (c:\\Users\\edu\\.vscode\\extensions\\uqbar.wollok-lsp-ide-0.5.3\\out\\server\\src\\server.js:2384:42)\n    at Qh (c:\\Users\\edu\\.vscode\\extensions\\uqbar.wollok-lsp-ide-0.5.3\\out\\server\\src\\server.js:2384:1092)\n    at k6n (c:\\Users\\edu\\.vscode\\extensions\\uqbar.wollok-lsp-ide-0.5.3\\out\\server\\src\\server.js:2384:1248)\n    at c:\\Users\\edu\\.vscode\\extensions\\uqbar.wollok-lsp-ide-0.5.3\\out\\server\\src\\server.js:38:6131\n    at D2 (c:\\Users\\edu\\.vscode\\extensions\\uqbar.wollok-lsp-ide-0.5.3\\out\\server\\src\\server.js:2384:42)\n    at c:\\Users\\edu\\.vscode\\extensions\\uqbar.wollok-lsp-ide-0.5.3\\out\\server\\src\\server.js:2384:2988\n    at c:\\Users\\edu\\.vscode\\extensions\\uqbar.wollok-lsp-ide-0.5.3\\out\\server\\src\\server.js:2393:8440\n    at c:\\Users\\edu\\.vscode\\extensions\\uqbar.wollok-lsp-ide-0.5.3\\out\\server\\src\\server.js:37:74872\n    at Ye (c:\\Users\\edu\\.vscode\\extensions\\uqbar.wollok-lsp-ide-0.5.3\\out\\server\\src\\server.js:7:8527)","timestamp":"2025-12-12T03:06:56.338Z"}
{"level":"info","message":"⌛ Building environment","timeElapsed":120,"timestamp":"2025-12-12T03:06:56.462Z"}
{"level":"info","message":"⌛ Validating parciales/hablemosSinSaber/resoProfes.wlk","timeElapsed":149,"timestamp":"2025-12-12T03:06:56.625Z"}
{"level":"info","message":"⌛ Building environment","timeElapsed":115,"timestamp":"2025-12-12T03:06:56.740Z"}
{"level":"info","message":"⌛ Building environment","timeElapsed":110,"timestamp":"2025-12-12T03:06:56.852Z"}
{"level":"info","message":"⌛ Validating parciales/hablemosSinSaber/resoProfes.wlk","timeElapsed":149,"timestamp":"2025-12-12T03:06:57.001Z"}
{"level":"info","message":"⌛ Validating parciales/hablemosSinSaber/resoProfes.wlk","timeElapsed":136,"timestamp":"2025-12-12T03:06:57.144Z"}
{"level":"info","message":"⌛ Validating parciales/hablemosSinSaber/resoProfes.wlk","timeElapsed":139,"timestamp":"2025-12-12T03:06:57.285Z"}
{"level":"info","message":"⌛ Building environment","timeElapsed":132,"timestamp":"2025-12-12T03:07:04.278Z"}
{"level":"info","message":"⌛ Validating parciales/hablemosSinSaber/resoProfes.wlk","timeElapsed":198,"timestamp":"2025-12-12T03:07:04.512Z"}
{"level":"info","message":"⌛ Building environment","timeElapsed":119,"timestamp":"2025-12-12T03:07:07.145Z"}
{"level":"info","message":"⌛ Validating parciales/hablemosSinSaber/resoProfes.wlk","timeElapsed":142,"timestamp":"2025-12-12T03:07:07.288Z"}
{"level":"info","message":"⌛ Building environment","timeElapsed":178,"timestamp":"2025-12-12T03:07:12.430Z"}
{"level":"info","message":"⌛ Building environment","timeElapsed":134,"timestamp":"2025-12-12T03:07:12.564Z"}
{"level":"info","message":"⌛ Validating parciales/hablemosSinSaber/resoProfes.wlk","timeElapsed":154,"timestamp":"2025-12-12T03:07:12.719Z"}
{"level":"info","message":"⌛ Validating parciales/hablemosSinSaber/resoProfes.wlk","timeElapsed":139,"timestamp":"2025-12-12T03:07:12.858Z"}
{"level":"info","message":"⌛ Building environment","timeElapsed":112,"timestamp":"2025-12-12T03:07:13.539Z"}
{"level":"info","message":"⌛ Building environment","timeElapsed":102,"timestamp":"2025-12-12T03:07:13.670Z"}
{"level":"info","message":"⌛ Validating parciales/hablemosSinSaber/resoProfes.wlk","timeElapsed":122,"timestamp":"2025-12-12T03:07:13.801Z"}
{"level":"info","message":"⌛ Validating parciales/hablemosSinSaber/resoProfes.wlk","timeElapsed":124,"timestamp":"2025-12-12T03:07:14.015Z"}
{"level":"info","message":"⌛ Validating parciales/hablemosSinSaber/resoProfes.wlk","timeElapsed":116,"timestamp":"2025-12-12T03:07:14.138Z"}
{"level":"info","message":"⌛ Building environment","timeElapsed":119,"timestamp":"2025-12-12T03:07:16.511Z"}
{"level":"info","message":"⌛ Validating parciales/hablemosSinSaber/resoProfes.wlk","timeElapsed":177,"timestamp":"2025-12-12T03:07:16.697Z"}
{"level":"info","message":"⌛ Building environment","timeElapsed":108,"timestamp":"2025-12-12T03:07:16.889Z"}
{"level":"info","message":"⌛ Building environment","timeElapsed":116,"timestamp":"2025-12-12T03:07:17.041Z"}
{"level":"info","message":"⌛ Validating parciales/hablemosSinSaber/resoProfes.wlk","timeElapsed":142,"timestamp":"2025-12-12T03:07:17.183Z"}
{"level":"info","message":"⌛ Validating parciales/hablemosSinSaber/resoProfes.wlk","timeElapsed":143,"timestamp":"2025-12-12T03:07:17.326Z"}
{"level":"info","message":"⌛ Building environment","timeElapsed":150,"timestamp":"2025-12-12T03:07:17.970Z"}
{"level":"info","message":"⌛ Validating parciales/hablemosSinSaber/resoProfes.wlk","timeElapsed":152,"timestamp":"2025-12-12T03:07:18.123Z"}
{"level":"info","message":"⌛ Building environment","timeElapsed":123,"timestamp":"2025-12-12T03:07:18.524Z"}
{"level":"info","message":"⌛ Validating parciales/hablemosSinSaber/resoProfes.wlk","timeElapsed":116,"timestamp":"2025-12-12T03:07:18.667Z"}
{"level":"info","message":"⌛ Validating parciales/hablemosSinSaber/resoProfes.wlk","timeElapsed":118,"timestamp":"2025-12-12T03:07:18.986Z"}
{"level":"info","message":"⌛ Validating parciales/hablemosSinSaber/resoProfes.wlk","timeElapsed":122,"timestamp":"2025-12-12T03:07:19.325Z"}
{"level":"info","message":"⌛ Validating parciales/hablemosSinSaber/resoProfes.wlk","timeElapsed":122,"timestamp":"2025-12-12T03:07:19.447Z"}
{"level":"info","message":"⌛ Validating parciales/hablemosSinSaber/resoProfes.wlk","timeElapsed":119,"timestamp":"2025-12-12T03:07:19.879Z"}
{"level":"info","message":"⌛ Validating parciales/hablemosSinSaber/resoProfes.wlk","timeElapsed":119,"timestamp":"2025-12-12T03:07:20.086Z"}
{"level":"info","message":"⌛ Validating parciales/hablemosSinSaber/resoProfes.wlk","timeElapsed":136,"timestamp":"2025-12-12T03:07:20.223Z"}
{"level":"info","message":"⌛ Validating parciales/hablemosSinSaber/resoProfes.wlk","timeElapsed":165,"timestamp":"2025-12-12T03:07:20.449Z"}
{"level":"info","message":"⌛ Building environment","timeElapsed":134,"timestamp":"2025-12-12T03:07:34.328Z"}
{"level":"info","message":"⌛ Building environment","timeElapsed":115,"timestamp":"2025-12-12T03:07:34.484Z"}
{"level":"info","message":"⌛ Validating parciales/hablemosSinSaber/resoProfes.wlk","timeElapsed":152,"timestamp":"2025-12-12T03:07:34.644Z"}
{"level":"info","message":"⌛ Validating parciales/hablemosSinSaber/resoProfes.wlk","timeElapsed":141,"timestamp":"2025-12-12T03:07:34.785Z"}
{"level":"info","message":"⌛ Building environment","timeElapsed":105,"timestamp":"2025-12-12T03:07:36.051Z"}
{"level":"info","message":"⌛ Validating parciales/hablemosSinSaber/resoProfes.wlk","timeElapsed":151,"timestamp":"2025-12-12T03:07:36.202Z"}
{"level":"info","message":"⌛ Building environment","timeElapsed":115,"timestamp":"2025-12-12T03:07:38.111Z"}
{"level":"info","message":"⌛ Validating parciales/hablemosSinSaber/resoProfes.wlk","timeElapsed":123,"timestamp":"2025-12-12T03:07:38.234Z"}
{"level":"info","message":"⌛ Building environment","timeElapsed":101,"timestamp":"2025-12-12T03:07:39.757Z"}
{"level":"error","message":"✘ Completions for node Send ([139:8, 139:10] - parciales/hablemosSinSaber/resoProfes.wlk) failed: Error: [Send]{20ea78} at parciales/hablemosSinSaber/resoProfes.wlk:139 exhausted all cases without a match [Send]{20ea78} at parciales/hablemosSinSaber/resoProfes.wlk:139 exhausted all cases without a match","stack":"Error: [Send]{20ea78} at parciales/hablemosSinSaber/resoProfes.wlk:139 exhausted all cases without a match\n    at c:\\Users\\edu\\.vscode\\extensions\\uqbar.wollok-lsp-ide-0.5.3\\out\\server\\src\\server.js:38:6142\n    at D2 (c:\\Users\\edu\\.vscode\\extensions\\uqbar.wollok-lsp-ide-0.5.3\\out\\server\\src\\server.js:2384:42)\n    at Qh (c:\\Users\\edu\\.vscode\\extensions\\uqbar.wollok-lsp-ide-0.5.3\\out\\server\\src\\server.js:2384:1092)\n    at k6n (c:\\Users\\edu\\.vscode\\extensions\\uqbar.wollok-lsp-ide-0.5.3\\out\\server\\src\\server.js:2384:1248)\n    at c:\\Users\\edu\\.vscode\\extensions\\uqbar.wollok-lsp-ide-0.5.3\\out\\server\\src\\server.js:38:6131\n    at D2 (c:\\Users\\edu\\.vscode\\extensions\\uqbar.wollok-lsp-ide-0.5.3\\out\\server\\src\\server.js:2384:42)\n    at c:\\Users\\edu\\.vscode\\extensions\\uqbar.wollok-lsp-ide-0.5.3\\out\\server\\src\\server.js:2384:2988\n    at c:\\Users\\edu\\.vscode\\extensions\\uqbar.wollok-lsp-ide-0.5.3\\out\\server\\src\\server.js:2393:8440\n    at c:\\Users\\edu\\.vscode\\extensions\\uqbar.wollok-lsp-ide-0.5.3\\out\\server\\src\\server.js:37:74872\n    at Ye (c:\\Users\\edu\\.vscode\\extensions\\uqbar.wollok-lsp-ide-0.5.3\\out\\server\\src\\server.js:7:8527)","timestamp":"2025-12-12T03:07:39.828Z"}
{"level":"error","message":"✘ Completions for node Send ([139:5, 139:11] - parciales/hablemosSinSaber/resoProfes.wlk) failed: Error: [Send]{e4cb55} at parciales/hablemosSinSaber/resoProfes.wlk:139 exhausted all cases without a match [Send]{e4cb55} at parciales/hablemosSinSaber/resoProfes.wlk:139 exhausted all cases without a match","stack":"Error: [Send]{e4cb55} at parciales/hablemosSinSaber/resoProfes.wlk:139 exhausted all cases without a match\n    at c:\\Users\\edu\\.vscode\\extensions\\uqbar.wollok-lsp-ide-0.5.3\\out\\server\\src\\server.js:38:6142\n    at D2 (c:\\Users\\edu\\.vscode\\extensions\\uqbar.wollok-lsp-ide-0.5.3\\out\\server\\src\\server.js:2384:42)\n    at Qh (c:\\Users\\edu\\.vscode\\extensions\\uqbar.wollok-lsp-ide-0.5.3\\out\\server\\src\\server.js:2384:1092)\n    at D2 (c:\\Users\\edu\\.vscode\\extensions\\uqbar.wollok-lsp-ide-0.5.3\\out\\server\\src\\server.js:2384:544)\n    at Qh (c:\\Users\\edu\\.vscode\\extensions\\uqbar.wollok-lsp-ide-0.5.3\\out\\server\\src\\server.js:2384:1092)\n    at k6n (c:\\Users\\edu\\.vscode\\extensions\\uqbar.wollok-lsp-ide-0.5.3\\out\\server\\src\\server.js:2384:1248)\n    at c:\\Users\\edu\\.vscode\\extensions\\uqbar.wollok-lsp-ide-0.5.3\\out\\server\\src\\server.js:38:6131\n    at D2 (c:\\Users\\edu\\.vscode\\extensions\\uqbar.wollok-lsp-ide-0.5.3\\out\\server\\src\\server.js:2384:42)\n    at c:\\Users\\edu\\.vscode\\extensions\\uqbar.wollok-lsp-ide-0.5.3\\out\\server\\src\\server.js:2384:2988\n    at c:\\Users\\edu\\.vscode\\extensions\\uqbar.wollok-lsp-ide-0.5.3\\out\\server\\src\\server.js:2393:8440","timestamp":"2025-12-12T03:07:39.828Z"}
{"level":"info","message":"⌛ Validating parciales/hablemosSinSaber/resoProfes.wlk","timeElapsed":126,"timestamp":"2025-12-12T03:07:39.958Z"}
{"level":"info","message":"⌛ Building environment","timeElapsed":120,"timestamp":"2025-12-12T03:07:40.300Z"}
{"level":"info","message":"⌛ Validating parciales/hablemosSinSaber/resoProfes.wlk","timeElapsed":151,"timestamp":"2025-12-12T03:07:40.453Z"}
{"level":"info","message":"⌛ Building environment","timeElapsed":115,"timestamp":"2025-12-12T03:07:40.569Z"}
{"level":"info","message":"⌛ Building environment","timeElapsed":148,"timestamp":"2025-12-12T03:07:40.718Z"}
{"level":"info","message":"⌛ Building environment","timeElapsed":121,"timestamp":"2025-12-12T03:07:40.840Z"}
{"level":"info","message":"⌛ Validating parciales/hablemosSinSaber/resoProfes.wlk","timeElapsed":143,"timestamp":"2025-12-12T03:07:40.983Z"}
{"level":"info","message":"⌛ Building environment","timeElapsed":107,"timestamp":"2025-12-12T03:07:41.091Z"}
{"level":"info","message":"⌛ Validating parciales/hablemosSinSaber/resoProfes.wlk","timeElapsed":135,"timestamp":"2025-12-12T03:07:41.226Z"}
{"level":"info","message":"⌛ Validating parciales/hablemosSinSaber/resoProfes.wlk","timeElapsed":117,"timestamp":"2025-12-12T03:07:41.433Z"}
{"level":"info","message":"⌛ Validating parciales/hablemosSinSaber/resoProfes.wlk","timeElapsed":131,"timestamp":"2025-12-12T03:07:41.568Z"}
{"level":"info","message":"⌛ Validating parciales/hablemosSinSaber/resoProfes.wlk","timeElapsed":130,"timestamp":"2025-12-12T03:07:41.700Z"}
{"level":"info","message":"⌛ Building environment","timeElapsed":159,"timestamp":"2025-12-12T03:07:47.526Z"}
{"level":"info","message":"⌛ Validating parciales/hablemosSinSaber/resoProfes.wlk","timeElapsed":166,"timestamp":"2025-12-12T03:07:47.693Z"}
{"level":"info","message":"⌛ Building environment","timeElapsed":105,"timestamp":"2025-12-12T03:07:47.798Z"}
{"level":"info","message":"⌛ Validating parciales/hablemosSinSaber/resoProfes.wlk","timeElapsed":145,"timestamp":"2025-12-12T03:07:47.952Z"}
{"level":"info","message":"⌛ Building environment","timeElapsed":124,"timestamp":"2025-12-12T03:07:59.394Z"}
{"level":"info","message":"⌛ Validating parciales/hablemosSinSaber/resoProfes.wlk","timeElapsed":152,"timestamp":"2025-12-12T03:07:59.546Z"}
{"level":"info","message":"⌛ Validating parciales/hablemosSinSaber/resoProfes.wlk","timeElapsed":130,"timestamp":"2025-12-12T03:08:01.958Z"}
{"level":"info","message":"⌛ Validating parciales/hablemosSinSaber/resoProfes.wlk","timeElapsed":149,"timestamp":"2025-12-12T03:08:02.288Z"}
{"level":"info","message":"⌛ Building environment","timeElapsed":107,"timestamp":"2025-12-12T03:08:02.397Z"}
{"level":"info","message":"⌛ Validating parciales/hablemosSinSaber/resoProfes.wlk","timeElapsed":122,"timestamp":"2025-12-12T03:08:02.551Z"}
{"level":"info","message":"⌛ Validating parciales/hablemosSinSaber/resoProfes.wlk","timeElapsed":122,"timestamp":"2025-12-12T03:08:02.797Z"}
{"level":"info","message":"⌛ Validating parciales/hablemosSinSaber/resoProfes.wlk","timeElapsed":113,"timestamp":"2025-12-12T03:08:02.917Z"}
{"level":"info","message":"⌛ Building environment","timeElapsed":109,"timestamp":"2025-12-12T03:08:03.182Z"}
{"level":"info","message":"⌛ Validating parciales/hablemosSinSaber/resoProfes.wlk","timeElapsed":128,"timestamp":"2025-12-12T03:08:03.354Z"}
{"level":"info","message":"⌛ Building environment","timeElapsed":113,"timestamp":"2025-12-12T03:08:03.468Z"}
{"level":"info","message":"⌛ Building environment","timeElapsed":101,"timestamp":"2025-12-12T03:08:03.605Z"}
{"level":"info","message":"⌛ Validating parciales/hablemosSinSaber/resoProfes.wlk","timeElapsed":121,"timestamp":"2025-12-12T03:08:03.758Z"}
{"level":"info","message":"⌛ Validating parciales/hablemosSinSaber/resoProfes.wlk","timeElapsed":118,"timestamp":"2025-12-12T03:08:04.015Z"}
{"level":"info","message":"⌛ Building environment","timeElapsed":114,"timestamp":"2025-12-12T03:08:04.129Z"}
{"level":"info","message":"⌛ Validating parciales/hablemosSinSaber/resoProfes.wlk","timeElapsed":123,"timestamp":"2025-12-12T03:08:04.340Z"}
{"level":"info","message":"⌛ Validating parciales/hablemosSinSaber/resoProfes.wlk","timeElapsed":127,"timestamp":"2025-12-12T03:08:04.647Z"}
{"level":"info","message":"⌛ Validating parciales/hablemosSinSaber/resoProfes.wlk","timeElapsed":116,"timestamp":"2025-12-12T03:08:04.765Z"}
{"level":"info","message":"⌛ Validating parciales/hablemosSinSaber/resoProfes.wlk","timeElapsed":114,"timestamp":"2025-12-12T03:08:04.976Z"}
{"level":"info","message":"⌛ Validating parciales/hablemosSinSaber/resoProfes.wlk","timeElapsed":125,"timestamp":"2025-12-12T03:08:05.101Z"}
{"level":"info","message":"⌛ Validating parciales/hablemosSinSaber/resoProfes.wlk","timeElapsed":126,"timestamp":"2025-12-12T03:08:05.362Z"}
{"level":"info","message":"⌛ Validating parciales/hablemosSinSaber/resoProfes.wlk","timeElapsed":129,"timestamp":"2025-12-12T03:08:05.581Z"}
{"level":"info","message":"⌛ Building environment","timeElapsed":162,"timestamp":"2025-12-12T03:08:05.838Z"}
{"level":"info","message":"⌛ Validating parciales/hablemosSinSaber/resoProfes.wlk","timeElapsed":120,"timestamp":"2025-12-12T03:08:06.152Z"}
{"level":"info","message":"⌛ Building environment","timeElapsed":171,"timestamp":"2025-12-12T03:08:06.408Z"}
{"level":"info","message":"⌛ Validating parciales/hablemosSinSaber/resoProfes.wlk","timeElapsed":127,"timestamp":"2025-12-12T03:08:06.573Z"}
{"level":"info","message":"⌛ Validating parciales/hablemosSinSaber/resoProfes.wlk","timeElapsed":118,"timestamp":"2025-12-12T03:08:06.691Z"}
{"level":"info","message":"⌛ Validating parciales/hablemosSinSaber/resoProfes.wlk","timeElapsed":121,"timestamp":"2025-12-12T03:08:06.818Z"}
{"level":"info","message":"⌛ Validating parciales/hablemosSinSaber/resoProfes.wlk","timeElapsed":116,"timestamp":"2025-12-12T03:08:06.934Z"}
{"level":"info","message":"⌛ Validating parciales/hablemosSinSaber/resoProfes.wlk","timeElapsed":157,"timestamp":"2025-12-12T03:08:07.091Z"}
{"level":"info","message":"⌛ Validating parciales/hablemosSinSaber/resoProfes.wlk","timeElapsed":112,"timestamp":"2025-12-12T03:08:07.212Z"}
{"level":"info","message":"⌛ Validating parciales/hablemosSinSaber/resoProfes.wlk","timeElapsed":115,"timestamp":"2025-12-12T03:08:07.545Z"}
{"level":"info","message":"⌛ Validating parciales/hablemosSinSaber/resoProfes.wlk","timeElapsed":117,"timestamp":"2025-12-12T03:08:07.662Z"}
{"level":"info","message":"⌛ Building environment","timeElapsed":109,"timestamp":"2025-12-12T03:08:08.326Z"}
{"level":"info","message":"⌛ Building environment","timeElapsed":118,"timestamp":"2025-12-12T03:08:08.479Z"}
{"level":"info","message":"⌛ Validating parciales/hablemosSinSaber/resoProfes.wlk","timeElapsed":191,"timestamp":"2025-12-12T03:08:08.671Z"}
{"level":"info","message":"⌛ Building environment","timeElapsed":160,"timestamp":"2025-12-12T03:08:08.831Z"}
{"level":"info","message":"⌛ Validating parciales/hablemosSinSaber/resoProfes.wlk","timeElapsed":144,"timestamp":"2025-12-12T03:08:08.975Z"}
{"level":"info","message":"⌛ Building environment","timeElapsed":107,"timestamp":"2025-12-12T03:08:09.116Z"}
{"level":"info","message":"⌛ Building environment","timeElapsed":108,"timestamp":"2025-12-12T03:08:09.224Z"}
{"level":"info","message":"⌛ Validating parciales/hablemosSinSaber/resoProfes.wlk","timeElapsed":141,"timestamp":"2025-12-12T03:08:09.366Z"}
{"level":"info","message":"⌛ Validating parciales/hablemosSinSaber/resoProfes.wlk","timeElapsed":139,"timestamp":"2025-12-12T03:08:09.517Z"}
{"level":"info","message":"⌛ Validating parciales/hablemosSinSaber/resoProfes.wlk","timeElapsed":138,"timestamp":"2025-12-12T03:08:09.655Z"}
{"level":"info","message":"⌛ Building environment","timeElapsed":101,"timestamp":"2025-12-12T03:08:09.887Z"}
{"level":"info","message":"⌛ Validating parciales/hablemosSinSaber/resoProfes.wlk","timeElapsed":136,"timestamp":"2025-12-12T03:08:10.031Z"}
{"level":"info","message":"⌛ Validating parciales/hablemosSinSaber/resoProfes.wlk","timeElapsed":114,"timestamp":"2025-12-12T03:08:10.334Z"}
{"level":"info","message":"⌛ Validating parciales/hablemosSinSaber/resoProfes.wlk","timeElapsed":114,"timestamp":"2025-12-12T03:08:10.448Z"}
{"level":"info","message":"⌛ Building environment","timeElapsed":106,"timestamp":"2025-12-12T03:08:11.142Z"}
{"level":"info","message":"⌛ Validating parciales/hablemosSinSaber/resoProfes.wlk","timeElapsed":144,"timestamp":"2025-12-12T03:08:11.321Z"}
{"level":"info","message":"⌛ Building environment","timeElapsed":107,"timestamp":"2025-12-12T03:08:11.428Z"}
{"level":"info","message":"⌛ Building environment","timeElapsed":110,"timestamp":"2025-12-12T03:08:11.546Z"}
{"level":"info","message":"⌛ Validating parciales/hablemosSinSaber/resoProfes.wlk","timeElapsed":146,"timestamp":"2025-12-12T03:08:11.732Z"}
{"level":"info","message":"⌛ Validating parciales/hablemosSinSaber/resoProfes.wlk","timeElapsed":133,"timestamp":"2025-12-12T03:08:11.865Z"}
{"level":"info","message":"⌛ Building environment","timeElapsed":114,"timestamp":"2025-12-12T03:08:11.986Z"}
{"level":"info","message":"⌛ Building environment","timeElapsed":116,"timestamp":"2025-12-12T03:08:12.138Z"}
{"level":"info","message":"⌛ Building environment","timeElapsed":152,"timestamp":"2025-12-12T03:08:12.290Z"}
{"level":"info","message":"⌛ Validating parciales/hablemosSinSaber/resoProfes.wlk","timeElapsed":115,"timestamp":"2025-12-12T03:08:12.405Z"}
{"level":"info","message":"⌛ Building environment","timeElapsed":148,"timestamp":"2025-12-12T03:08:12.553Z"}
{"level":"info","message":"⌛ Validating parciales/hablemosSinSaber/resoProfes.wlk","timeElapsed":119,"timestamp":"2025-12-12T03:08:12.673Z"}
{"level":"info","message":"⌛ Validating parciales/hablemosSinSaber/resoProfes.wlk","timeElapsed":115,"timestamp":"2025-12-12T03:08:12.908Z"}
{"level":"info","message":"⌛ Validating parciales/hablemosSinSaber/resoProfes.wlk","timeElapsed":130,"timestamp":"2025-12-12T03:08:13.216Z"}
{"level":"info","message":"⌛ Validating parciales/hablemosSinSaber/resoProfes.wlk","timeElapsed":116,"timestamp":"2025-12-12T03:08:13.345Z"}
{"level":"info","message":"⌛ Validating parciales/hablemosSinSaber/resoProfes.wlk","timeElapsed":122,"timestamp":"2025-12-12T03:08:13.467Z"}
{"level":"info","message":"⌛ Validating parciales/hablemosSinSaber/resoProfes.wlk","timeElapsed":143,"timestamp":"2025-12-12T03:08:13.611Z"}
{"level":"info","message":"⌛ Building environment","timeElapsed":115,"timestamp":"2025-12-12T03:08:13.844Z"}
{"level":"info","message":"⌛ Validating parciales/hablemosSinSaber/resoProfes.wlk","timeElapsed":125,"timestamp":"2025-12-12T03:08:13.970Z"}
{"level":"info","message":"⌛ Building environment","timeElapsed":123,"timestamp":"2025-12-12T03:08:19.440Z"}
{"level":"info","message":"⌛ Validating parciales/hablemosSinSaber/resoProfes.wlk","timeElapsed":141,"timestamp":"2025-12-12T03:08:19.582Z"}
{"level":"info","message":"⌛ Building environment","timeElapsed":116,"timestamp":"2025-12-12T03:08:19.908Z"}
{"level":"info","message":"⌛ Building environment","timeElapsed":133,"timestamp":"2025-12-12T03:08:20.094Z"}
{"level":"info","message":"⌛ Validating parciales/hablemosSinSaber/resoProfes.wlk","timeElapsed":150,"timestamp":"2025-12-12T03:08:20.245Z"}
{"level":"info","message":"⌛ Building environment","timeElapsed":106,"timestamp":"2025-12-12T03:08:20.351Z"}
{"level":"info","message":"⌛ Building environment","timeElapsed":117,"timestamp":"2025-12-12T03:08:20.477Z"}
{"level":"info","message":"⌛ Validating parciales/hablemosSinSaber/resoProfes.wlk","timeElapsed":124,"timestamp":"2025-12-12T03:08:20.602Z"}
{"level":"info","message":"⌛ Validating parciales/hablemosSinSaber/resoProfes.wlk","timeElapsed":110,"timestamp":"2025-12-12T03:08:20.713Z"}
{"level":"info","message":"⌛ Validating parciales/hablemosSinSaber/resoProfes.wlk","timeElapsed":120,"timestamp":"2025-12-12T03:08:20.837Z"}
{"level":"info","message":"⌛ Building environment","timeElapsed":112,"timestamp":"2025-12-12T03:08:21.403Z"}
{"level":"info","message":"⌛ Building environment","timeElapsed":125,"timestamp":"2025-12-12T03:08:21.589Z"}
{"level":"info","message":"⌛ Validating parciales/hablemosSinSaber/resoProfes.wlk","timeElapsed":151,"timestamp":"2025-12-12T03:08:21.740Z"}
{"level":"info","message":"⌛ Validating parciales/hablemosSinSaber/resoProfes.wlk","timeElapsed":141,"timestamp":"2025-12-12T03:08:21.881Z"}
{"level":"info","message":"⌛ Building environment","timeElapsed":107,"timestamp":"2025-12-12T03:08:22.003Z"}
{"level":"info","message":"⌛ Validating parciales/hablemosSinSaber/resoProfes.wlk","timeElapsed":144,"timestamp":"2025-12-12T03:08:22.158Z"}
{"level":"info","message":"⌛ Building environment","timeElapsed":102,"timestamp":"2025-12-12T03:08:22.262Z"}
{"level":"error","message":"✘ Completions for node Return ([140:5, 140:13] - parciales/hablemosSinSaber/resoProfes.wlk) failed: Error: [Return]{61dd40} at parciales/hablemosSinSaber/resoProfes.wlk:140 exhausted all cases without a match [Return]{61dd40} at parciales/hablemosSinSaber/resoProfes.wlk:140 exhausted all cases without a match","stack":"Error: [Return]{61dd40} at parciales/hablemosSinSaber/resoProfes.wlk:140 exhausted all cases without a match\n    at c:\\Users\\edu\\.vscode\\extensions\\uqbar.wollok-lsp-ide-0.5.3\\out\\server\\src\\server.js:38:6142\n    at D2 (c:\\Users\\edu\\.vscode\\extensions\\uqbar.wollok-lsp-ide-0.5.3\\out\\server\\src\\server.js:2384:42)\n    at Qh (c:\\Users\\edu\\.vscode\\extensions\\uqbar.wollok-lsp-ide-0.5.3\\out\\server\\src\\server.js:2384:1092)\n    at k6n (c:\\Users\\edu\\.vscode\\extensions\\uqbar.wollok-lsp-ide-0.5.3\\out\\server\\src\\server.js:2384:1248)\n    at c:\\Users\\edu\\.vscode\\extensions\\uqbar.wollok-lsp-ide-0.5.3\\out\\server\\src\\server.js:38:6131\n    at D2 (c:\\Users\\edu\\.vscode\\extensions\\uqbar.wollok-lsp-ide-0.5.3\\out\\server\\src\\server.js:2384:42)\n    at c:\\Users\\edu\\.vscode\\extensions\\uqbar.wollok-lsp-ide-0.5.3\\out\\server\\src\\server.js:2384:2988\n    at c:\\Users\\edu\\.vscode\\extensions\\uqbar.wollok-lsp-ide-0.5.3\\out\\server\\src\\server.js:2393:8440\n    at c:\\Users\\edu\\.vscode\\extensions\\uqbar.wollok-lsp-ide-0.5.3\\out\\server\\src\\server.js:37:74872\n    at Ye (c:\\Users\\edu\\.vscode\\extensions\\uqbar.wollok-lsp-ide-0.5.3\\out\\server\\src\\server.js:7:8527)","timestamp":"2025-12-12T03:08:22.299Z"}
{"level":"info","message":"⌛ Validating parciales/hablemosSinSaber/resoProfes.wlk","timeElapsed":142,"timestamp":"2025-12-12T03:08:22.454Z"}
{"level":"info","message":"⌛ Building environment","timeElapsed":105,"timestamp":"2025-12-12T03:08:22.559Z"}
{"level":"info","message":"⌛ Validating parciales/hablemosSinSaber/resoProfes.wlk","timeElapsed":122,"timestamp":"2025-12-12T03:08:22.687Z"}
{"level":"info","message":"⌛ Building environment","timeElapsed":108,"timestamp":"2025-12-12T03:08:23.136Z"}
{"level":"error","message":"✘ Completions for node Return ([140:5, 140:13] - parciales/hablemosSinSaber/resoProfes.wlk) failed: Error: [Return]{f6265b} at parciales/hablemosSinSaber/resoProfes.wlk:140 exhausted all cases without a match [Return]{f6265b} at parciales/hablemosSinSaber/resoProfes.wlk:140 exhausted all cases without a match","stack":"Error: [Return]{f6265b} at parciales/hablemosSinSaber/resoProfes.wlk:140 exhausted all cases without a match\n    at c:\\Users\\edu\\.vscode\\extensions\\uqbar.wollok-lsp-ide-0.5.3\\out\\server\\src\\server.js:38:6142\n    at D2 (c:\\Users\\edu\\.vscode\\extensions\\uqbar.wollok-lsp-ide-0.5.3\\out\\server\\src\\server.js:2384:42)\n    at Qh (c:\\Users\\edu\\.vscode\\extensions\\uqbar.wollok-lsp-ide-0.5.3\\out\\server\\src\\server.js:2384:1092)\n    at k6n (c:\\Users\\edu\\.vscode\\extensions\\uqbar.wollok-lsp-ide-0.5.3\\out\\server\\src\\server.js:2384:1248)\n    at c:\\Users\\edu\\.vscode\\extensions\\uqbar.wollok-lsp-ide-0.5.3\\out\\server\\src\\server.js:38:6131\n    at D2 (c:\\Users\\edu\\.vscode\\extensions\\uqbar.wollok-lsp-ide-0.5.3\\out\\server\\src\\server.js:2384:42)\n    at c:\\Users\\edu\\.vscode\\extensions\\uqbar.wollok-lsp-ide-0.5.3\\out\\server\\src\\server.js:2384:2988\n    at c:\\Users\\edu\\.vscode\\extensions\\uqbar.wollok-lsp-ide-0.5.3\\out\\server\\src\\server.js:2393:8440\n    at c:\\Users\\edu\\.vscode\\extensions\\uqbar.wollok-lsp-ide-0.5.3\\out\\server\\src\\server.js:37:74872\n    at Ye (c:\\Users\\edu\\.vscode\\extensions\\uqbar.wollok-lsp-ide-0.5.3\\out\\server\\src\\server.js:7:8527)","timestamp":"2025-12-12T03:08:23.172Z"}
{"level":"info","message":"⌛ Building environment","timeElapsed":106,"timestamp":"2025-12-12T03:08:23.290Z"}
{"level":"info","message":"⌛ Validating parciales/hablemosSinSaber/resoProfes.wlk","timeElapsed":125,"timestamp":"2025-12-12T03:08:23.415Z"}
{"level":"info","message":"⌛ Validating parciales/hablemosSinSaber/resoProfes.wlk","timeElapsed":120,"timestamp":"2025-12-12T03:08:23.626Z"}
{"level":"info","message":"⌛ Building environment","timeElapsed":123,"timestamp":"2025-12-12T03:08:23.749Z"}
{"level":"info","message":"⌛ Validating parciales/hablemosSinSaber/resoProfes.wlk","timeElapsed":116,"timestamp":"2025-12-12T03:08:23.866Z"}
{"level":"info","message":"⌛ Validating parciales/hablemosSinSaber/resoProfes.wlk","timeElapsed":152,"timestamp":"2025-12-12T03:08:24.052Z"}
{"level":"info","message":"⌛ Building environment","timeElapsed":135,"timestamp":"2025-12-12T03:08:24.289Z"}
{"level":"info","message":"⌛ Validating parciales/hablemosSinSaber/resoProfes.wlk","timeElapsed":146,"timestamp":"2025-12-12T03:08:24.436Z"}
{"level":"info","message":"⌛ Building environment","timeElapsed":117,"timestamp":"2025-12-12T03:08:24.598Z"}
{"level":"info","message":"⌛ Validating parciales/hablemosSinSaber/resoProfes.wlk","timeElapsed":142,"timestamp":"2025-12-12T03:08:24.753Z"}
{"level":"info","message":"⌛ Building environment","timeElapsed":108,"timestamp":"2025-12-12T03:08:26.794Z"}
{"level":"error","message":"✘ Completions for node Return ([140:5, 140:22] - parciales/hablemosSinSaber/resoProfes.wlk) failed: Error: [Return]{b47ca3} at parciales/hablemosSinSaber/resoProfes.wlk:140 exhausted all cases without a match [Return]{b47ca3} at parciales/hablemosSinSaber/resoProfes.wlk:140 exhausted all cases without a match","stack":"Error: [Return]{b47ca3} at parciales/hablemosSinSaber/resoProfes.wlk:140 exhausted all cases without a match\n    at c:\\Users\\edu\\.vscode\\extensions\\uqbar.wollok-lsp-ide-0.5.3\\out\\server\\src\\server.js:38:6142\n    at D2 (c:\\Users\\edu\\.vscode\\extensions\\uqbar.wollok-lsp-ide-0.5.3\\out\\server\\src\\server.js:2384:42)\n    at Qh (c:\\Users\\edu\\.vscode\\extensions\\uqbar.wollok-lsp-ide-0.5.3\\out\\server\\src\\server.js:2384:1092)\n    at k6n (c:\\Users\\edu\\.vscode\\extensions\\uqbar.wollok-lsp-ide-0.5.3\\out\\server\\src\\server.js:2384:1248)\n    at c:\\Users\\edu\\.vscode\\extensions\\uqbar.wollok-lsp-ide-0.5.3\\out\\server\\src\\server.js:38:6131\n    at D2 (c:\\Users\\edu\\.vscode\\extensions\\uqbar.wollok-lsp-ide-0.5.3\\out\\server\\src\\server.js:2384:42)\n    at c:\\Users\\edu\\.vscode\\extensions\\uqbar.wollok-lsp-ide-0.5.3\\out\\server\\src\\server.js:2384:2988\n    at c:\\Users\\edu\\.vscode\\extensions\\uqbar.wollok-lsp-ide-0.5.3\\out\\server\\src\\server.js:2393:8440\n    at c:\\Users\\edu\\.vscode\\extensions\\uqbar.wollok-lsp-ide-0.5.3\\out\\server\\src\\server.js:37:74872\n    at Ye (c:\\Users\\edu\\.vscode\\extensions\\uqbar.wollok-lsp-ide-0.5.3\\out\\server\\src\\server.js:7:8527)","timestamp":"2025-12-12T03:08:26.835Z"}
{"level":"info","message":"⌛ Validating parciales/hablemosSinSaber/resoProfes.wlk","timeElapsed":142,"timestamp":"2025-12-12T03:08:26.991Z"}
{"level":"info","message":"⌛ Building environment","timeElapsed":123,"timestamp":"2025-12-12T03:08:27.115Z"}
{"level":"info","message":"⌛ Validating parciales/hablemosSinSaber/resoProfes.wlk","timeElapsed":150,"timestamp":"2025-12-12T03:08:27.304Z"}
{"level":"info","message":"⌛ Building environment","timeElapsed":107,"timestamp":"2025-12-12T03:08:27.420Z"}
{"level":"info","message":"⌛ Building environment","timeElapsed":106,"timestamp":"2025-12-12T03:08:27.527Z"}
{"level":"info","message":"⌛ Validating parciales/hablemosSinSaber/resoProfes.wlk","timeElapsed":154,"timestamp":"2025-12-12T03:08:27.681Z"}
{"level":"info","message":"⌛ Validating parciales/hablemosSinSaber/resoProfes.wlk","timeElapsed":132,"timestamp":"2025-12-12T03:08:27.813Z"}
{"level":"info","message":"⌛ Building environment","timeElapsed":120,"timestamp":"2025-12-12T03:08:28.034Z"}
{"level":"info","message":"⌛ Validating parciales/hablemosSinSaber/resoProfes.wlk","timeElapsed":122,"timestamp":"2025-12-12T03:08:28.157Z"}
{"level":"info","message":"⌛ Validating parciales/hablemosSinSaber/resoProfes.wlk","timeElapsed":109,"timestamp":"2025-12-12T03:08:28.267Z"}
{"level":"info","message":"⌛ Building environment","timeElapsed":117,"timestamp":"2025-12-12T03:08:29.849Z"}
{"level":"info","message":"⌛ Validating parciales/hablemosSinSaber/resoProfes.wlk","timeElapsed":143,"timestamp":"2025-12-12T03:08:29.993Z"}
{"level":"info","message":"⌛ Building environment","timeElapsed":157,"timestamp":"2025-12-12T03:08:33.292Z"}
{"level":"info","message":"⌛ Validating parciales/hablemosSinSaber/resoProfes.wlk","timeElapsed":142,"timestamp":"2025-12-12T03:08:33.435Z"}
{"level":"info","message":"⌛ Building environment","timeElapsed":127,"timestamp":"2025-12-12T03:08:34.726Z"}
{"level":"error","message":"✘ Completions for node Return (undefined - parciales/hablemosSinSaber/resoProfes.wlk) failed: Error: [Return]{d1ebbb} at parciales/hablemosSinSaber/resoProfes.wlk:-- exhausted all cases without a match [Return]{d1ebbb} at parciales/hablemosSinSaber/resoProfes.wlk:-- exhausted all cases without a match","stack":"Error: [Return]{d1ebbb} at parciales/hablemosSinSaber/resoProfes.wlk:-- exhausted all cases without a match\n    at c:\\Users\\edu\\.vscode\\extensions\\uqbar.wollok-lsp-ide-0.5.3\\out\\server\\src\\server.js:38:6142\n    at D2 (c:\\Users\\edu\\.vscode\\extensions\\uqbar.wollok-lsp-ide-0.5.3\\out\\server\\src\\server.js:2384:42)\n    at Qh (c:\\Users\\edu\\.vscode\\extensions\\uqbar.wollok-lsp-ide-0.5.3\\out\\server\\src\\server.js:2384:1092)\n    at k6n (c:\\Users\\edu\\.vscode\\extensions\\uqbar.wollok-lsp-ide-0.5.3\\out\\server\\src\\server.js:2384:1248)\n    at c:\\Users\\edu\\.vscode\\extensions\\uqbar.wollok-lsp-ide-0.5.3\\out\\server\\src\\server.js:38:6131\n    at D2 (c:\\Users\\edu\\.vscode\\extensions\\uqbar.wollok-lsp-ide-0.5.3\\out\\server\\src\\server.js:2384:42)\n    at c:\\Users\\edu\\.vscode\\extensions\\uqbar.wollok-lsp-ide-0.5.3\\out\\server\\src\\server.js:2384:2988\n    at c:\\Users\\edu\\.vscode\\extensions\\uqbar.wollok-lsp-ide-0.5.3\\out\\server\\src\\server.js:2393:8440\n    at c:\\Users\\edu\\.vscode\\extensions\\uqbar.wollok-lsp-ide-0.5.3\\out\\server\\src\\server.js:37:74872\n    at Ye (c:\\Users\\edu\\.vscode\\extensions\\uqbar.wollok-lsp-ide-0.5.3\\out\\server\\src\\server.js:7:8527)","timestamp":"2025-12-12T03:08:34.765Z"}
{"level":"info","message":"⌛ Building environment","timeElapsed":127,"timestamp":"2025-12-12T03:08:34.903Z"}
{"level":"info","message":"⌛ Validating parciales/hablemosSinSaber/resoProfes.wlk","timeElapsed":191,"timestamp":"2025-12-12T03:08:35.096Z"}
{"level":"info","message":"⌛ Building environment","timeElapsed":127,"timestamp":"2025-12-12T03:08:35.223Z"}
{"level":"info","message":"⌛ Building environment","timeElapsed":122,"timestamp":"2025-12-12T03:08:35.346Z"}
{"level":"info","message":"⌛ Validating parciales/hablemosSinSaber/resoProfes.wlk","timeElapsed":120,"timestamp":"2025-12-12T03:08:35.466Z"}
{"level":"info","message":"⌛ Building environment","timeElapsed":101,"timestamp":"2025-12-12T03:08:35.568Z"}
{"level":"info","message":"⌛ Building environment","timeElapsed":152,"timestamp":"2025-12-12T03:08:35.720Z"}
{"level":"info","message":"⌛ Validating parciales/hablemosSinSaber/resoProfes.wlk","timeElapsed":123,"timestamp":"2025-12-12T03:08:35.936Z"}
{"level":"info","message":"⌛ Validating parciales/hablemosSinSaber/resoProfes.wlk","timeElapsed":115,"timestamp":"2025-12-12T03:08:36.145Z"}
{"level":"info","message":"⌛ Building environment","timeElapsed":118,"timestamp":"2025-12-12T03:08:36.263Z"}
{"level":"info","message":"⌛ Validating parciales/hablemosSinSaber/resoProfes.wlk","timeElapsed":118,"timestamp":"2025-12-12T03:08:36.381Z"}
{"level":"info","message":"⌛ Validating parciales/hablemosSinSaber/resoProfes.wlk","timeElapsed":117,"timestamp":"2025-12-12T03:08:36.499Z"}
{"level":"info","message":"⌛ Validating parciales/hablemosSinSaber/resoProfes.wlk","timeElapsed":111,"timestamp":"2025-12-12T03:08:36.620Z"}
{"level":"info","message":"⌛ Validating parciales/hablemosSinSaber/resoProfes.wlk","timeElapsed":115,"timestamp":"2025-12-12T03:08:36.736Z"}
{"level":"info","message":"⌛ Validating parciales/hablemosSinSaber/resoProfes.wlk","timeElapsed":121,"timestamp":"2025-12-12T03:08:36.941Z"}
{"level":"info","message":"⌛ Validating parciales/hablemosSinSaber/resoProfes.wlk","timeElapsed":125,"timestamp":"2025-12-12T03:08:37.245Z"}
{"level":"info","message":"⌛ Validating parciales/hablemosSinSaber/resoProfes.wlk","timeElapsed":111,"timestamp":"2025-12-12T03:08:37.362Z"}
{"level":"info","message":"⌛ Validating parciales/hablemosSinSaber/resoProfes.wlk","timeElapsed":114,"timestamp":"2025-12-12T03:08:37.479Z"}
{"level":"error","message":"✘ Completions for node Return (undefined - parciales/hablemosSinSaber/resoProfes.wlk) failed: Error: [Return]{85184b} at parciales/hablemosSinSaber/resoProfes.wlk:-- exhausted all cases without a match [Return]{85184b} at parciales/hablemosSinSaber/resoProfes.wlk:-- exhausted all cases without a match","stack":"Error: [Return]{85184b} at parciales/hablemosSinSaber/resoProfes.wlk:-- exhausted all cases without a match\n    at c:\\Users\\edu\\.vscode\\extensions\\uqbar.wollok-lsp-ide-0.5.3\\out\\server\\src\\server.js:38:6142\n    at D2 (c:\\Users\\edu\\.vscode\\extensions\\uqbar.wollok-lsp-ide-0.5.3\\out\\server\\src\\server.js:2384:42)\n    at Qh (c:\\Users\\edu\\.vscode\\extensions\\uqbar.wollok-lsp-ide-0.5.3\\out\\server\\src\\server.js:2384:1092)\n    at k6n (c:\\Users\\edu\\.vscode\\extensions\\uqbar.wollok-lsp-ide-0.5.3\\out\\server\\src\\server.js:2384:1248)\n    at c:\\Users\\edu\\.vscode\\extensions\\uqbar.wollok-lsp-ide-0.5.3\\out\\server\\src\\server.js:38:6131\n    at D2 (c:\\Users\\edu\\.vscode\\extensions\\uqbar.wollok-lsp-ide-0.5.3\\out\\server\\src\\server.js:2384:42)\n    at c:\\Users\\edu\\.vscode\\extensions\\uqbar.wollok-lsp-ide-0.5.3\\out\\server\\src\\server.js:2384:2988\n    at c:\\Users\\edu\\.vscode\\extensions\\uqbar.wollok-lsp-ide-0.5.3\\out\\server\\src\\server.js:2393:8440\n    at c:\\Users\\edu\\.vscode\\extensions\\uqbar.wollok-lsp-ide-0.5.3\\out\\server\\src\\server.js:37:74872\n    at Ye (c:\\Users\\edu\\.vscode\\extensions\\uqbar.wollok-lsp-ide-0.5.3\\out\\server\\src\\server.js:7:8527)","timestamp":"2025-12-12T03:08:37.692Z"}
{"level":"info","message":"⌛ Validating parciales/hablemosSinSaber/resoProfes.wlk","timeElapsed":129,"timestamp":"2025-12-12T03:08:37.935Z"}
{"level":"info","message":"⌛ Validating parciales/hablemosSinSaber/resoProfes.wlk","timeElapsed":122,"timestamp":"2025-12-12T03:08:38.149Z"}
{"level":"info","message":"⌛ Building environment","timeElapsed":181,"timestamp":"2025-12-12T03:08:38.329Z"}
{"level":"info","message":"⌛ Validating parciales/hablemosSinSaber/resoProfes.wlk","timeElapsed":117,"timestamp":"2025-12-12T03:08:38.542Z"}
{"level":"info","message":"⌛ Building environment","timeElapsed":135,"timestamp":"2025-12-12T03:08:38.679Z"}
{"level":"info","message":"⌛ Building environment","timeElapsed":111,"timestamp":"2025-12-12T03:08:38.791Z"}
{"level":"info","message":"⌛ Validating parciales/hablemosSinSaber/resoProfes.wlk","timeElapsed":124,"timestamp":"2025-12-12T03:08:38.915Z"}
{"level":"info","message":"⌛ Validating parciales/hablemosSinSaber/resoProfes.wlk","timeElapsed":124,"timestamp":"2025-12-12T03:08:39.133Z"}
{"level":"info","message":"⌛ Validating parciales/hablemosSinSaber/resoProfes.wlk","timeElapsed":117,"timestamp":"2025-12-12T03:08:39.260Z"}
{"level":"info","message":"⌛ Validating parciales/hablemosSinSaber/resoProfes.wlk","timeElapsed":119,"timestamp":"2025-12-12T03:08:39.470Z"}
{"level":"info","message":"⌛ Building environment","timeElapsed":107,"timestamp":"2025-12-12T03:08:39.578Z"}
{"level":"info","message":"⌛ Validating parciales/hablemosSinSaber/resoProfes.wlk","timeElapsed":119,"timestamp":"2025-12-12T03:08:39.740Z"}
{"level":"info","message":"⌛ Validating parciales/hablemosSinSaber/resoProfes.wlk","timeElapsed":118,"timestamp":"2025-12-12T03:08:39.858Z"}
{"level":"info","message":"⌛ Validating parciales/hablemosSinSaber/resoProfes.wlk","timeElapsed":107,"timestamp":"2025-12-12T03:08:39.966Z"}
{"level":"info","message":"⌛ Validating parciales/hablemosSinSaber/resoProfes.wlk","timeElapsed":118,"timestamp":"2025-12-12T03:08:40.085Z"}
{"level":"info","message":"⌛ Validating parciales/hablemosSinSaber/resoProfes.wlk","timeElapsed":124,"timestamp":"2025-12-12T03:08:40.609Z"}
{"level":"info","message":"⌛ Validating parciales/hablemosSinSaber/resoProfes.wlk","timeElapsed":121,"timestamp":"2025-12-12T03:08:40.730Z"}
{"level":"info","message":"⌛ Validating parciales/hablemosSinSaber/resoProfes.wlk","timeElapsed":118,"timestamp":"2025-12-12T03:08:40.849Z"}
{"level":"info","message":"⌛ Validating parciales/hablemosSinSaber/resoProfes.wlk","timeElapsed":135,"timestamp":"2025-12-12T03:08:40.995Z"}
{"level":"info","message":"⌛ Validating parciales/hablemosSinSaber/resoProfes.wlk","timeElapsed":121,"timestamp":"2025-12-12T03:08:42.724Z"}
{"level":"info","message":"⌛ Building environment","timeElapsed":114,"timestamp":"2025-12-12T03:08:43.410Z"}
{"level":"info","message":"⌛ Validating parciales/hablemosSinSaber/resoProfes.wlk","timeElapsed":139,"timestamp":"2025-12-12T03:08:43.549Z"}
{"level":"info","message":"⌛ Building environment","timeElapsed":155,"timestamp":"2025-12-12T03:08:44.165Z"}
{"level":"info","message":"⌛ Validating parciales/hablemosSinSaber/resoProfes.wlk","timeElapsed":116,"timestamp":"2025-12-12T03:08:44.289Z"}
{"level":"info","message":"⌛ Building environment","timeElapsed":104,"timestamp":"2025-12-12T03:08:46.797Z"}
{"level":"info","message":"⌛ Validating parciales/hablemosSinSaber/resoProfes.wlk","timeElapsed":145,"timestamp":"2025-12-12T03:08:46.951Z"}
{"level":"info","message":"⌛ Building environment","timeElapsed":110,"timestamp":"2025-12-12T03:08:47.061Z"}
{"level":"info","message":"⌛ Validating parciales/hablemosSinSaber/resoProfes.wlk","timeElapsed":138,"timestamp":"2025-12-12T03:08:47.200Z"}
{"level":"info","message":"⌛ Building environment","timeElapsed":111,"timestamp":"2025-12-12T03:08:47.580Z"}
{"level":"info","message":"⌛ Building environment","timeElapsed":109,"timestamp":"2025-12-12T03:08:47.725Z"}
{"level":"info","message":"⌛ Validating parciales/hablemosSinSaber/resoProfes.wlk","timeElapsed":152,"timestamp":"2025-12-12T03:08:47.877Z"}
{"level":"info","message":"⌛ Building environment","timeElapsed":101,"timestamp":"2025-12-12T03:08:47.979Z"}
{"level":"info","message":"⌛ Validating parciales/hablemosSinSaber/resoProfes.wlk","timeElapsed":139,"timestamp":"2025-12-12T03:08:48.127Z"}
{"level":"info","message":"⌛ Validating parciales/hablemosSinSaber/resoProfes.wlk","timeElapsed":141,"timestamp":"2025-12-12T03:08:48.273Z"}
{"level":"info","message":"⌛ Building environment","timeElapsed":109,"timestamp":"2025-12-12T03:08:49.494Z"}
{"level":"info","message":"⌛ Validating parciales/hablemosSinSaber/resoProfes.wlk","timeElapsed":133,"timestamp":"2025-12-12T03:08:49.628Z"}
{"level":"info","message":"⌛ Building environment","timeElapsed":134,"timestamp":"2025-12-12T03:08:50.809Z"}
{"level":"info","message":"⌛ Validating parciales/hablemosSinSaber/resoProfes.wlk","timeElapsed":141,"timestamp":"2025-12-12T03:08:50.991Z"}
{"level":"info","message":"⌛ Building environment","timeElapsed":142,"timestamp":"2025-12-12T03:08:51.371Z"}
{"level":"info","message":"⌛ Building environment","timeElapsed":103,"timestamp":"2025-12-12T03:08:51.564Z"}
{"level":"info","message":"⌛ Validating parciales/hablemosSinSaber/resoProfes.wlk","timeElapsed":122,"timestamp":"2025-12-12T03:08:51.685Z"}
{"level":"info","message":"⌛ Building environment","timeElapsed":137,"timestamp":"2025-12-12T03:08:51.823Z"}
{"level":"info","message":"⌛ Validating parciales/hablemosSinSaber/resoProfes.wlk","timeElapsed":122,"timestamp":"2025-12-12T03:08:51.945Z"}
{"level":"info","message":"⌛ Validating parciales/hablemosSinSaber/resoProfes.wlk","timeElapsed":113,"timestamp":"2025-12-12T03:08:52.070Z"}
{"level":"info","message":"⌛ Validating parciales/hablemosSinSaber/resoProfes.wlk","timeElapsed":115,"timestamp":"2025-12-12T03:08:52.185Z"}
{"level":"info","message":"⌛ Building environment","timeElapsed":124,"timestamp":"2025-12-12T03:08:52.309Z"}
{"level":"info","message":"⌛ Validating parciales/hablemosSinSaber/resoProfes.wlk","timeElapsed":117,"timestamp":"2025-12-12T03:08:52.434Z"}
{"level":"info","message":"⌛ Validating parciales/hablemosSinSaber/resoProfes.wlk","timeElapsed":117,"timestamp":"2025-12-12T03:08:52.739Z"}
{"level":"info","message":"⌛ Validating parciales/hablemosSinSaber/resoProfes.wlk","timeElapsed":122,"timestamp":"2025-12-12T03:08:52.960Z"}
{"level":"info","message":"⌛ Validating parciales/hablemosSinSaber/resoProfes.wlk","timeElapsed":118,"timestamp":"2025-12-12T03:08:53.201Z"}
{"level":"info","message":"⌛ Validating parciales/hablemosSinSaber/resoProfes.wlk","timeElapsed":119,"timestamp":"2025-12-12T03:08:53.511Z"}
{"level":"info","message":"⌛ Validating parciales/hablemosSinSaber/resoProfes.wlk","timeElapsed":120,"timestamp":"2025-12-12T03:08:53.720Z"}
{"level":"info","message":"⌛ Validating parciales/hablemosSinSaber/resoProfes.wlk","timeElapsed":116,"timestamp":"2025-12-12T03:08:53.840Z"}
{"level":"info","message":"⌛ Building environment","timeElapsed":158,"timestamp":"2025-12-12T03:08:54.000Z"}
{"level":"info","message":"⌛ Validating parciales/hablemosSinSaber/resoProfes.wlk","timeElapsed":124,"timestamp":"2025-12-12T03:08:54.123Z"}
{"level":"info","message":"⌛ Validating parciales/hablemosSinSaber/resoProfes.wlk","timeElapsed":125,"timestamp":"2025-12-12T03:08:54.327Z"}
{"level":"info","message":"⌛ Building environment","timeElapsed":111,"timestamp":"2025-12-12T03:08:54.438Z"}
{"level":"info","message":"⌛ Validating parciales/hablemosSinSaber/resoProfes.wlk","timeElapsed":123,"timestamp":"2025-12-12T03:08:54.562Z"}
{"level":"info","message":"⌛ Validating parciales/hablemosSinSaber/resoProfes.wlk","timeElapsed":118,"timestamp":"2025-12-12T03:08:54.686Z"}
{"level":"info","message":"⌛ Building environment","timeElapsed":115,"timestamp":"2025-12-12T03:08:54.990Z"}
{"level":"info","message":"⌛ Validating parciales/hablemosSinSaber/resoProfes.wlk","timeElapsed":127,"timestamp":"2025-12-12T03:08:55.339Z"}
{"level":"info","message":"⌛ Building environment","timeElapsed":106,"timestamp":"2025-12-12T03:08:55.623Z"}
{"level":"info","message":"⌛ Validating parciales/hablemosSinSaber/resoProfes.wlk","timeElapsed":119,"timestamp":"2025-12-12T03:08:55.742Z"}
{"level":"info","message":"⌛ Validating parciales/hablemosSinSaber/resoProfes.wlk","timeElapsed":113,"timestamp":"2025-12-12T03:08:55.854Z"}
{"level":"info","message":"⌛ Validating parciales/hablemosSinSaber/resoProfes.wlk","timeElapsed":117,"timestamp":"2025-12-12T03:08:55.972Z"}
{"level":"info","message":"⌛ Validating parciales/hablemosSinSaber/resoProfes.wlk","timeElapsed":115,"timestamp":"2025-12-12T03:08:56.097Z"}
{"level":"info","message":"⌛ Validating parciales/hablemosSinSaber/resoProfes.wlk","timeElapsed":121,"timestamp":"2025-12-12T03:08:56.218Z"}
{"level":"info","message":"⌛ Building environment","timeElapsed":162,"timestamp":"2025-12-12T03:08:56.381Z"}
{"level":"info","message":"⌛ Validating parciales/hablemosSinSaber/resoProfes.wlk","timeElapsed":140,"timestamp":"2025-12-12T03:08:56.566Z"}
{"level":"info","message":"⌛ Validating parciales/hablemosSinSaber/resoProfes.wlk","timeElapsed":137,"timestamp":"2025-12-12T03:08:56.703Z"}
{"level":"info","message":"⌛ Validating parciales/hablemosSinSaber/resoProfes.wlk","timeElapsed":122,"timestamp":"2025-12-12T03:08:56.832Z"}
{"level":"info","message":"⌛ Validating parciales/hablemosSinSaber/resoProfes.wlk","timeElapsed":121,"timestamp":"2025-12-12T03:08:57.137Z"}
{"level":"info","message":"⌛ Validating parciales/hablemosSinSaber/resoProfes.wlk","timeElapsed":119,"timestamp":"2025-12-12T03:08:57.663Z"}
{"level":"info","message":"⌛ Validating parciales/hablemosSinSaber/resoProfes.wlk","timeElapsed":122,"timestamp":"2025-12-12T03:08:57.786Z"}
{"level":"info","message":"⌛ Validating parciales/hablemosSinSaber/resoProfes.wlk","timeElapsed":117,"timestamp":"2025-12-12T03:08:57.915Z"}
{"level":"info","message":"⌛ Validating parciales/hablemosSinSaber/resoProfes.wlk","timeElapsed":110,"timestamp":"2025-12-12T03:08:58.025Z"}
{"level":"info","message":"⌛ Validating parciales/hablemosSinSaber/resoProfes.wlk","timeElapsed":113,"timestamp":"2025-12-12T03:08:58.143Z"}
{"level":"info","message":"⌛ Validating parciales/hablemosSinSaber/resoProfes.wlk","timeElapsed":114,"timestamp":"2025-12-12T03:08:58.257Z"}
{"level":"info","message":"⌛ Building environment","timeElapsed":114,"timestamp":"2025-12-12T03:08:58.523Z"}
{"level":"info","message":"⌛ Validating parciales/hablemosSinSaber/resoProfes.wlk","timeElapsed":184,"timestamp":"2025-12-12T03:08:58.708Z"}
{"level":"info","message":"⌛ Building environment","timeElapsed":161,"timestamp":"2025-12-12T03:08:58.871Z"}
{"level":"info","message":"⌛ Validating parciales/hablemosSinSaber/resoProfes.wlk","timeElapsed":149,"timestamp":"2025-12-12T03:08:59.028Z"}
{"level":"info","message":"⌛ Building environment","timeElapsed":139,"timestamp":"2025-12-12T03:08:59.561Z"}
{"level":"info","message":"⌛ Validating parciales/hablemosSinSaber/resoProfes.wlk","timeElapsed":150,"timestamp":"2025-12-12T03:08:59.711Z"}
{"level":"info","message":"⌛ Validating parciales/hablemosSinSaber/resoProfes.wlk","timeElapsed":122,"timestamp":"2025-12-12T03:08:59.940Z"}
{"level":"info","message":"⌛ Building environment","timeElapsed":102,"timestamp":"2025-12-12T03:09:09.526Z"}
{"level":"info","message":"⌛ Validating parciales/hablemosSinSaber/resoProfes.wlk","timeElapsed":135,"timestamp":"2025-12-12T03:09:09.662Z"}
{"level":"info","message":"⌛ Building environment","timeElapsed":119,"timestamp":"2025-12-12T03:09:11.934Z"}
{"level":"info","message":"⌛ Validating parciales/hablemosSinSaber/resoProfes.wlk","timeElapsed":129,"timestamp":"2025-12-12T03:09:12.063Z"}
{"level":"info","message":"⌛ Building environment","timeElapsed":134,"timestamp":"2025-12-12T03:09:12.198Z"}
{"level":"info","message":"⌛ Validating parciales/hablemosSinSaber/resoProfes.wlk","timeElapsed":133,"timestamp":"2025-12-12T03:09:12.332Z"}
{"level":"info","message":"⌛ Building environment","timeElapsed":125,"timestamp":"2025-12-12T03:09:14.170Z"}
{"level":"info","message":"⌛ Building environment","timeElapsed":183,"timestamp":"2025-12-12T03:09:14.403Z"}
{"level":"info","message":"⌛ Validating parciales/hablemosSinSaber/resoProfes.wlk","timeElapsed":148,"timestamp":"2025-12-12T03:09:14.552Z"}
{"level":"info","message":"⌛ Validating parciales/hablemosSinSaber/resoProfes.wlk","timeElapsed":144,"timestamp":"2025-12-12T03:09:14.711Z"}
{"level":"info","message":"⌛ Building environment","timeElapsed":104,"timestamp":"2025-12-12T03:09:14.816Z"}
{"level":"info","message":"⌛ Building environment","timeElapsed":119,"timestamp":"2025-12-12T03:09:14.940Z"}
{"level":"info","message":"⌛ Validating parciales/hablemosSinSaber/resoProfes.wlk","timeElapsed":142,"timestamp":"2025-12-12T03:09:15.082Z"}
{"level":"info","message":"⌛ Validating parciales/hablemosSinSaber/resoProfes.wlk","timeElapsed":139,"timestamp":"2025-12-12T03:09:15.227Z"}
{"level":"info","message":"⌛ Building environment","timeElapsed":118,"timestamp":"2025-12-12T03:09:15.863Z"}
{"level":"info","message":"⌛ Validating parciales/hablemosSinSaber/resoProfes.wlk","timeElapsed":151,"timestamp":"2025-12-12T03:09:16.015Z"}
{"level":"info","message":"⌛ Building environment","timeElapsed":156,"timestamp":"2025-12-12T03:09:17.096Z"}
{"level":"info","message":"⌛ Validating parciales/hablemosSinSaber/resoProfes.wlk","timeElapsed":150,"timestamp":"2025-12-12T03:09:17.246Z"}
{"level":"info","message":"⌛ Building environment","timeElapsed":113,"timestamp":"2025-12-12T03:09:17.462Z"}
{"level":"error","message":"✘ Completions for node Send ([144:8, 144:10] - parciales/hablemosSinSaber/resoProfes.wlk) failed: Error: [Send]{6cd6d0} at parciales/hablemosSinSaber/resoProfes.wlk:144 exhausted all cases without a match [Send]{6cd6d0} at parciales/hablemosSinSaber/resoProfes.wlk:144 exhausted all cases without a match","stack":"Error: [Send]{6cd6d0} at parciales/hablemosSinSaber/resoProfes.wlk:144 exhausted all cases without a match\n    at c:\\Users\\edu\\.vscode\\extensions\\uqbar.wollok-lsp-ide-0.5.3\\out\\server\\src\\server.js:38:6142\n    at D2 (c:\\Users\\edu\\.vscode\\extensions\\uqbar.wollok-lsp-ide-0.5.3\\out\\server\\src\\server.js:2384:42)\n    at Qh (c:\\Users\\edu\\.vscode\\extensions\\uqbar.wollok-lsp-ide-0.5.3\\out\\server\\src\\server.js:2384:1092)\n    at k6n (c:\\Users\\edu\\.vscode\\extensions\\uqbar.wollok-lsp-ide-0.5.3\\out\\server\\src\\server.js:2384:1248)\n    at c:\\Users\\edu\\.vscode\\extensions\\uqbar.wollok-lsp-ide-0.5.3\\out\\server\\src\\server.js:38:6131\n    at D2 (c:\\Users\\edu\\.vscode\\extensions\\uqbar.wollok-lsp-ide-0.5.3\\out\\server\\src\\server.js:2384:42)\n    at c:\\Users\\edu\\.vscode\\extensions\\uqbar.wollok-lsp-ide-0.5.3\\out\\server\\src\\server.js:2384:2988\n    at c:\\Users\\edu\\.vscode\\extensions\\uqbar.wollok-lsp-ide-0.5.3\\out\\server\\src\\server.js:2393:8440\n    at c:\\Users\\edu\\.vscode\\extensions\\uqbar.wollok-lsp-ide-0.5.3\\out\\server\\src\\server.js:37:74872\n    at Ye (c:\\Users\\edu\\.vscode\\extensions\\uqbar.wollok-lsp-ide-0.5.3\\out\\server\\src\\server.js:7:8527)","timestamp":"2025-12-12T03:09:17.499Z"}
{"level":"error","message":"✘ Completions for node Send ([144:5, 144:11] - parciales/hablemosSinSaber/resoProfes.wlk) failed: Error: [Send]{c21dfa} at parciales/hablemosSinSaber/resoProfes.wlk:144 exhausted all cases without a match [Send]{c21dfa} at parciales/hablemosSinSaber/resoProfes.wlk:144 exhausted all cases without a match","stack":"Error: [Send]{c21dfa} at parciales/hablemosSinSaber/resoProfes.wlk:144 exhausted all cases without a match\n    at c:\\Users\\edu\\.vscode\\extensions\\uqbar.wollok-lsp-ide-0.5.3\\out\\server\\src\\server.js:38:6142\n    at D2 (c:\\Users\\edu\\.vscode\\extensions\\uqbar.wollok-lsp-ide-0.5.3\\out\\server\\src\\server.js:2384:42)\n    at Qh (c:\\Users\\edu\\.vscode\\extensions\\uqbar.wollok-lsp-ide-0.5.3\\out\\server\\src\\server.js:2384:1092)\n    at D2 (c:\\Users\\edu\\.vscode\\extensions\\uqbar.wollok-lsp-ide-0.5.3\\out\\server\\src\\server.js:2384:544)\n    at Qh (c:\\Users\\edu\\.vscode\\extensions\\uqbar.wollok-lsp-ide-0.5.3\\out\\server\\src\\server.js:2384:1092)\n    at k6n (c:\\Users\\edu\\.vscode\\extensions\\uqbar.wollok-lsp-ide-0.5.3\\out\\server\\src\\server.js:2384:1248)\n    at c:\\Users\\edu\\.vscode\\extensions\\uqbar.wollok-lsp-ide-0.5.3\\out\\server\\src\\server.js:38:6131\n    at D2 (c:\\Users\\edu\\.vscode\\extensions\\uqbar.wollok-lsp-ide-0.5.3\\out\\server\\src\\server.js:2384:42)\n    at c:\\Users\\edu\\.vscode\\extensions\\uqbar.wollok-lsp-ide-0.5.3\\out\\server\\src\\server.js:2384:2988\n    at c:\\Users\\edu\\.vscode\\extensions\\uqbar.wollok-lsp-ide-0.5.3\\out\\server\\src\\server.js:2393:8440","timestamp":"2025-12-12T03:09:17.499Z"}
{"level":"info","message":"⌛ Building environment","timeElapsed":127,"timestamp":"2025-12-12T03:09:17.632Z"}
{"level":"info","message":"⌛ Validating parciales/hablemosSinSaber/resoProfes.wlk","timeElapsed":143,"timestamp":"2025-12-12T03:09:17.775Z"}
{"level":"info","message":"⌛ Building environment","timeElapsed":102,"timestamp":"2025-12-12T03:09:17.877Z"}
{"level":"info","message":"⌛ Validating parciales/hablemosSinSaber/resoProfes.wlk","timeElapsed":123,"timestamp":"2025-12-12T03:09:18.102Z"}
{"level":"info","message":"⌛ Building environment","timeElapsed":103,"timestamp":"2025-12-12T03:09:18.205Z"}
{"level":"info","message":"⌛ Building environment","timeElapsed":130,"timestamp":"2025-12-12T03:09:18.437Z"}
{"level":"info","message":"⌛ Validating parciales/hablemosSinSaber/resoProfes.wlk","timeElapsed":126,"timestamp":"2025-12-12T03:09:18.563Z"}
{"level":"info","message":"⌛ Validating parciales/hablemosSinSaber/resoProfes.wlk","timeElapsed":117,"timestamp":"2025-12-12T03:09:18.680Z"}
{"level":"info","message":"⌛ Validating parciales/hablemosSinSaber/resoProfes.wlk","timeElapsed":114,"timestamp":"2025-12-12T03:09:18.799Z"}
{"level":"info","message":"⌛ Validating parciales/hablemosSinSaber/resoProfes.wlk","timeElapsed":119,"timestamp":"2025-12-12T03:09:18.918Z"}
{"level":"info","message":"⌛ Validating parciales/hablemosSinSaber/resoProfes.wlk","timeElapsed":115,"timestamp":"2025-12-12T03:09:19.038Z"}
{"level":"info","message":"⌛ Building environment","timeElapsed":113,"timestamp":"2025-12-12T03:09:20.467Z"}
{"level":"info","message":"⌛ Validating parciales/hablemosSinSaber/resoProfes.wlk","timeElapsed":130,"timestamp":"2025-12-12T03:09:20.605Z"}
{"level":"info","message":"⌛ Validating parciales/hablemosSinSaber/resoProfes.wlk","timeElapsed":118,"timestamp":"2025-12-12T03:09:20.810Z"}
{"level":"info","message":"⌛ Building environment","timeElapsed":107,"timestamp":"2025-12-12T03:09:21.158Z"}
{"level":"info","message":"⌛ Validating parciales/hablemosSinSaber/resoProfes.wlk","timeElapsed":141,"timestamp":"2025-12-12T03:09:21.307Z"}
{"level":"info","message":"⌛ Building environment","timeElapsed":140,"timestamp":"2025-12-12T03:09:22.307Z"}
{"level":"info","message":"⌛ Validating parciales/hablemosSinSaber/resoProfes.wlk","timeElapsed":157,"timestamp":"2025-12-12T03:09:22.465Z"}
{"level":"info","message":"⌛ Building environment","timeElapsed":177,"timestamp":"2025-12-12T03:09:22.656Z"}
{"level":"info","message":"⌛ Validating parciales/hablemosSinSaber/resoProfes.wlk","timeElapsed":147,"timestamp":"2025-12-12T03:09:22.816Z"}
{"level":"info","message":"⌛ Building environment","timeElapsed":123,"timestamp":"2025-12-12T03:09:32.026Z"}
{"level":"error","message":"✘ Completions for node If ([144:5, 146:6] - parciales/hablemosSinSaber/resoProfes.wlk) failed: Error: [If]{e2c077} at parciales/hablemosSinSaber/resoProfes.wlk:144 exhausted all cases without a match [If]{e2c077} at parciales/hablemosSinSaber/resoProfes.wlk:144 exhausted all cases without a match","stack":"Error: [If]{e2c077} at parciales/hablemosSinSaber/resoProfes.wlk:144 exhausted all cases without a match\n    at c:\\Users\\edu\\.vscode\\extensions\\uqbar.wollok-lsp-ide-0.5.3\\out\\server\\src\\server.js:38:6142\n    at D2 (c:\\Users\\edu\\.vscode\\extensions\\uqbar.wollok-lsp-ide-0.5.3\\out\\server\\src\\server.js:2384:42)\n    at Qh (c:\\Users\\edu\\.vscode\\extensions\\uqbar.wollok-lsp-ide-0.5.3\\out\\server\\src\\server.js:2384:1092)\n    at v6n (c:\\Users\\edu\\.vscode\\extensions\\uqbar.wollok-lsp-ide-0.5.3\\out\\server\\src\\server.js:2384:818)\n    at c:\\Users\\edu\\.vscode\\extensions\\uqbar.wollok-lsp-ide-0.5.3\\out\\server\\src\\server.js:38:6131\n    at D2 (c:\\Users\\edu\\.vscode\\extensions\\uqbar.wollok-lsp-ide-0.5.3\\out\\server\\src\\server.js:2384:42)\n    at Qh (c:\\Users\\edu\\.vscode\\extensions\\uqbar.wollok-lsp-ide-0.5.3\\out\\server\\src\\server.js:2384:1092)\n    at k6n (c:\\Users\\edu\\.vscode\\extensions\\uqbar.wollok-lsp-ide-0.5.3\\out\\server\\src\\server.js:2384:1248)\n    at c:\\Users\\edu\\.vscode\\extensions\\uqbar.wollok-lsp-ide-0.5.3\\out\\server\\src\\server.js:38:6131\n    at D2 (c:\\Users\\edu\\.vscode\\extensions\\uqbar.wollok-lsp-ide-0.5.3\\out\\server\\src\\server.js:2384:42)","timestamp":"2025-12-12T03:09:32.109Z"}
{"level":"info","message":"⌛ Building environment","timeElapsed":125,"timestamp":"2025-12-12T03:09:32.238Z"}
{"level":"info","message":"⌛ Validating parciales/hablemosSinSaber/resoProfes.wlk","timeElapsed":156,"timestamp":"2025-12-12T03:09:32.394Z"}
{"level":"info","message":"⌛ Building environment","timeElapsed":154,"timestamp":"2025-12-12T03:09:32.550Z"}
{"level":"info","message":"⌛ Validating parciales/hablemosSinSaber/resoProfes.wlk","timeElapsed":163,"timestamp":"2025-12-12T03:09:32.714Z"}
{"level":"info","message":"⌛ Validating parciales/hablemosSinSaber/resoProfes.wlk","timeElapsed":150,"timestamp":"2025-12-12T03:09:32.882Z"}
{"level":"info","message":"⌛ Validating parciales/hablemosSinSaber/resoProfes.wlk","timeElapsed":131,"timestamp":"2025-12-12T03:09:34.048Z"}
{"level":"info","message":"⌛ Building environment","timeElapsed":101,"timestamp":"2025-12-12T03:09:34.152Z"}
{"level":"info","message":"⌛ Validating parciales/hablemosSinSaber/resoProfes.wlk","timeElapsed":142,"timestamp":"2025-12-12T03:09:34.296Z"}
{"level":"info","message":"⌛ Building environment","timeElapsed":109,"timestamp":"2025-12-12T03:09:35.670Z"}
{"level":"error","message":"✘ Completions for node If ([144:5, 146:6] - parciales/hablemosSinSaber/resoProfes.wlk) failed: Error: [If]{66dd5f} at parciales/hablemosSinSaber/resoProfes.wlk:144 exhausted all cases without a match [If]{66dd5f} at parciales/hablemosSinSaber/resoProfes.wlk:144 exhausted all cases without a match","stack":"Error: [If]{66dd5f} at parciales/hablemosSinSaber/resoProfes.wlk:144 exhausted all cases without a match\n    at c:\\Users\\edu\\.vscode\\extensions\\uqbar.wollok-lsp-ide-0.5.3\\out\\server\\src\\server.js:38:6142\n    at D2 (c:\\Users\\edu\\.vscode\\extensions\\uqbar.wollok-lsp-ide-0.5.3\\out\\server\\src\\server.js:2384:42)\n    at Qh (c:\\Users\\edu\\.vscode\\extensions\\uqbar.wollok-lsp-ide-0.5.3\\out\\server\\src\\server.js:2384:1092)\n    at v6n (c:\\Users\\edu\\.vscode\\extensions\\uqbar.wollok-lsp-ide-0.5.3\\out\\server\\src\\server.js:2384:818)\n    at c:\\Users\\edu\\.vscode\\extensions\\uqbar.wollok-lsp-ide-0.5.3\\out\\server\\src\\server.js:38:6131\n    at D2 (c:\\Users\\edu\\.vscode\\extensions\\uqbar.wollok-lsp-ide-0.5.3\\out\\server\\src\\server.js:2384:42)\n    at Qh (c:\\Users\\edu\\.vscode\\extensions\\uqbar.wollok-lsp-ide-0.5.3\\out\\server\\src\\server.js:2384:1092)\n    at k6n (c:\\Users\\edu\\.vscode\\extensions\\uqbar.wollok-lsp-ide-0.5.3\\out\\server\\src\\server.js:2384:1248)\n    at c:\\Users\\edu\\.vscode\\extensions\\uqbar.wollok-lsp-ide-0.5.3\\out\\server\\src\\server.js:38:6131\n    at D2 (c:\\Users\\edu\\.vscode\\extensions\\uqbar.wollok-lsp-ide-0.5.3\\out\\server\\src\\server.js:2384:42)","timestamp":"2025-12-12T03:09:35.713Z"}
{"level":"info","message":"⌛ Validating parciales/hablemosSinSaber/resoProfes.wlk","timeElapsed":147,"timestamp":"2025-12-12T03:09:35.864Z"}
{"level":"info","message":"⌛ Building environment","timeElapsed":101,"timestamp":"2025-12-12T03:09:35.972Z"}
{"level":"error","message":"✘ Completions for node If ([144:5, 146:6] - parciales/hablemosSinSaber/resoProfes.wlk) failed: Error: [If]{c4eef0} at parciales/hablemosSinSaber/resoProfes.wlk:144 exhausted all cases without a match [If]{c4eef0} at parciales/hablemosSinSaber/resoProfes.wlk:144 exhausted all cases without a match","stack":"Error: [If]{c4eef0} at parciales/hablemosSinSaber/resoProfes.wlk:144 exhausted all cases without a match\n    at c:\\Users\\edu\\.vscode\\extensions\\uqbar.wollok-lsp-ide-0.5.3\\out\\server\\src\\server.js:38:6142\n    at D2 (c:\\Users\\edu\\.vscode\\extensions\\uqbar.wollok-lsp-ide-0.5.3\\out\\server\\src\\server.js:2384:42)\n    at Qh (c:\\Users\\edu\\.vscode\\extensions\\uqbar.wollok-lsp-ide-0.5.3\\out\\server\\src\\server.js:2384:1092)\n    at v6n (c:\\Users\\edu\\.vscode\\extensions\\uqbar.wollok-lsp-ide-0.5.3\\out\\server\\src\\server.js:2384:818)\n    at c:\\Users\\edu\\.vscode\\extensions\\uqbar.wollok-lsp-ide-0.5.3\\out\\server\\src\\server.js:38:6131\n    at D2 (c:\\Users\\edu\\.vscode\\extensions\\uqbar.wollok-lsp-ide-0.5.3\\out\\server\\src\\server.js:2384:42)\n    at Qh (c:\\Users\\edu\\.vscode\\extensions\\uqbar.wollok-lsp-ide-0.5.3\\out\\server\\src\\server.js:2384:1092)\n    at k6n (c:\\Users\\edu\\.vscode\\extensions\\uqbar.wollok-lsp-ide-0.5.3\\out\\server\\src\\server.js:2384:1248)\n    at c:\\Users\\edu\\.vscode\\extensions\\uqbar.wollok-lsp-ide-0.5.3\\out\\server\\src\\server.js:38:6131\n    at D2 (c:\\Users\\edu\\.vscode\\extensions\\uqbar.wollok-lsp-ide-0.5.3\\out\\server\\src\\server.js:2384:42)","timestamp":"2025-12-12T03:09:36.009Z"}
{"level":"info","message":"⌛ Validating parciales/hablemosSinSaber/resoProfes.wlk","timeElapsed":149,"timestamp":"2025-12-12T03:09:36.176Z"}
{"level":"info","message":"⌛ Building environment","timeElapsed":130,"timestamp":"2025-12-12T03:09:36.663Z"}
{"level":"error","message":"✘ Completions for node If ([144:5, 146:6] - parciales/hablemosSinSaber/resoProfes.wlk) failed: Error: [If]{ecedc9} at parciales/hablemosSinSaber/resoProfes.wlk:144 exhausted all cases without a match [If]{ecedc9} at parciales/hablemosSinSaber/resoProfes.wlk:144 exhausted all cases without a match","stack":"Error: [If]{ecedc9} at parciales/hablemosSinSaber/resoProfes.wlk:144 exhausted all cases without a match\n    at c:\\Users\\edu\\.vscode\\extensions\\uqbar.wollok-lsp-ide-0.5.3\\out\\server\\src\\server.js:38:6142\n    at D2 (c:\\Users\\edu\\.vscode\\extensions\\uqbar.wollok-lsp-ide-0.5.3\\out\\server\\src\\server.js:2384:42)\n    at Qh (c:\\Users\\edu\\.vscode\\extensions\\uqbar.wollok-lsp-ide-0.5.3\\out\\server\\src\\server.js:2384:1092)\n    at v6n (c:\\Users\\edu\\.vscode\\extensions\\uqbar.wollok-lsp-ide-0.5.3\\out\\server\\src\\server.js:2384:818)\n    at c:\\Users\\edu\\.vscode\\extensions\\uqbar.wollok-lsp-ide-0.5.3\\out\\server\\src\\server.js:38:6131\n    at D2 (c:\\Users\\edu\\.vscode\\extensions\\uqbar.wollok-lsp-ide-0.5.3\\out\\server\\src\\server.js:2384:42)\n    at Qh (c:\\Users\\edu\\.vscode\\extensions\\uqbar.wollok-lsp-ide-0.5.3\\out\\server\\src\\server.js:2384:1092)\n    at k6n (c:\\Users\\edu\\.vscode\\extensions\\uqbar.wollok-lsp-ide-0.5.3\\out\\server\\src\\server.js:2384:1248)\n    at c:\\Users\\edu\\.vscode\\extensions\\uqbar.wollok-lsp-ide-0.5.3\\out\\server\\src\\server.js:38:6131\n    at D2 (c:\\Users\\edu\\.vscode\\extensions\\uqbar.wollok-lsp-ide-0.5.3\\out\\server\\src\\server.js:2384:42)","timestamp":"2025-12-12T03:09:36.705Z"}
{"level":"info","message":"⌛ Validating parciales/hablemosSinSaber/resoProfes.wlk","timeElapsed":141,"timestamp":"2025-12-12T03:09:36.858Z"}
{"level":"info","message":"⌛ Building environment","timeElapsed":112,"timestamp":"2025-12-12T03:09:36.970Z"}
{"level":"info","message":"⌛ Validating parciales/hablemosSinSaber/resoProfes.wlk","timeElapsed":142,"timestamp":"2025-12-12T03:09:37.117Z"}
{"level":"info","message":"⌛ Building environment","timeElapsed":112,"timestamp":"2025-12-12T03:09:37.838Z"}
{"level":"info","message":"⌛ Validating parciales/hablemosSinSaber/resoProfes.wlk","timeElapsed":124,"timestamp":"2025-12-12T03:09:37.962Z"}
{"level":"error","message":"✘ Completions for node Throw ([145:9, 145:16] - parciales/hablemosSinSaber/resoProfes.wlk) failed: Error: [Throw]{16b80a} at parciales/hablemosSinSaber/resoProfes.wlk:145 exhausted all cases without a match [Throw]{16b80a} at parciales/hablemosSinSaber/resoProfes.wlk:145 exhausted all cases without a match","stack":"Error: [Throw]{16b80a} at parciales/hablemosSinSaber/resoProfes.wlk:145 exhausted all cases without a match\n    at c:\\Users\\edu\\.vscode\\extensions\\uqbar.wollok-lsp-ide-0.5.3\\out\\server\\src\\server.js:38:6142\n    at D2 (c:\\Users\\edu\\.vscode\\extensions\\uqbar.wollok-lsp-ide-0.5.3\\out\\server\\src\\server.js:2384:42)\n    at Qh (c:\\Users\\edu\\.vscode\\extensions\\uqbar.wollok-lsp-ide-0.5.3\\out\\server\\src\\server.js:2384:1092)\n    at k6n (c:\\Users\\edu\\.vscode\\extensions\\uqbar.wollok-lsp-ide-0.5.3\\out\\server\\src\\server.js:2384:1248)\n    at c:\\Users\\edu\\.vscode\\extensions\\uqbar.wollok-lsp-ide-0.5.3\\out\\server\\src\\server.js:38:6131\n    at D2 (c:\\Users\\edu\\.vscode\\extensions\\uqbar.wollok-lsp-ide-0.5.3\\out\\server\\src\\server.js:2384:42)\n    at c:\\Users\\edu\\.vscode\\extensions\\uqbar.wollok-lsp-ide-0.5.3\\out\\server\\src\\server.js:2384:2988\n    at c:\\Users\\edu\\.vscode\\extensions\\uqbar.wollok-lsp-ide-0.5.3\\out\\server\\src\\server.js:2393:8440\n    at c:\\Users\\edu\\.vscode\\extensions\\uqbar.wollok-lsp-ide-0.5.3\\out\\server\\src\\server.js:37:74872\n    at Ye (c:\\Users\\edu\\.vscode\\extensions\\uqbar.wollok-lsp-ide-0.5.3\\out\\server\\src\\server.js:7:8527)","timestamp":"2025-12-12T03:09:38.086Z"}
{"level":"error","message":"✘ Completions for node If ([144:5, 146:6] - parciales/hablemosSinSaber/resoProfes.wlk) failed: Error: [If]{d5f3cf} at parciales/hablemosSinSaber/resoProfes.wlk:144 exhausted all cases without a match [If]{d5f3cf} at parciales/hablemosSinSaber/resoProfes.wlk:144 exhausted all cases without a match","stack":"Error: [If]{d5f3cf} at parciales/hablemosSinSaber/resoProfes.wlk:144 exhausted all cases without a match\n    at c:\\Users\\edu\\.vscode\\extensions\\uqbar.wollok-lsp-ide-0.5.3\\out\\server\\src\\server.js:38:6142\n    at D2 (c:\\Users\\edu\\.vscode\\extensions\\uqbar.wollok-lsp-ide-0.5.3\\out\\server\\src\\server.js:2384:42)\n    at Qh (c:\\Users\\edu\\.vscode\\extensions\\uqbar.wollok-lsp-ide-0.5.3\\out\\server\\src\\server.js:2384:1092)\n    at v6n (c:\\Users\\edu\\.vscode\\extensions\\uqbar.wollok-lsp-ide-0.5.3\\out\\server\\src\\server.js:2384:818)\n    at c:\\Users\\edu\\.vscode\\extensions\\uqbar.wollok-lsp-ide-0.5.3\\out\\server\\src\\server.js:38:6131\n    at D2 (c:\\Users\\edu\\.vscode\\extensions\\uqbar.wollok-lsp-ide-0.5.3\\out\\server\\src\\server.js:2384:42)\n    at Qh (c:\\Users\\edu\\.vscode\\extensions\\uqbar.wollok-lsp-ide-0.5.3\\out\\server\\src\\server.js:2384:1092)\n    at D2 (c:\\Users\\edu\\.vscode\\extensions\\uqbar.wollok-lsp-ide-0.5.3\\out\\server\\src\\server.js:2384:544)\n    at Qh (c:\\Users\\edu\\.vscode\\extensions\\uqbar.wollok-lsp-ide-0.5.3\\out\\server\\src\\server.js:2384:1092)\n    at k6n (c:\\Users\\edu\\.vscode\\extensions\\uqbar.wollok-lsp-ide-0.5.3\\out\\server\\src\\server.js:2384:1248)","timestamp":"2025-12-12T03:09:38.086Z"}
{"level":"info","message":"⌛ Validating parciales/hablemosSinSaber/resoProfes.wlk","timeElapsed":120,"timestamp":"2025-12-12T03:09:38.306Z"}
{"level":"info","message":"⌛ Validating parciales/hablemosSinSaber/resoProfes.wlk","timeElapsed":118,"timestamp":"2025-12-12T03:09:38.514Z"}
{"level":"info","message":"⌛ Validating parciales/hablemosSinSaber/resoProfes.wlk","timeElapsed":121,"timestamp":"2025-12-12T03:09:38.640Z"}
{"level":"info","message":"⌛ Building environment","timeElapsed":223,"timestamp":"2025-12-12T03:09:39.341Z"}
{"level":"info","message":"⌛ Building environment","timeElapsed":154,"timestamp":"2025-12-12T03:09:39.495Z"}
{"level":"info","message":"⌛ Validating parciales/hablemosSinSaber/resoProfes.wlk","timeElapsed":157,"timestamp":"2025-12-12T03:09:39.652Z"}
{"level":"info","message":"⌛ Validating parciales/hablemosSinSaber/resoProfes.wlk","timeElapsed":135,"timestamp":"2025-12-12T03:09:39.802Z"}
{"level":"info","message":"⌛ Building environment","timeElapsed":116,"timestamp":"2025-12-12T03:09:40.531Z"}
{"level":"info","message":"⌛ Validating parciales/hablemosSinSaber/resoProfes.wlk","timeElapsed":143,"timestamp":"2025-12-12T03:09:40.676Z"}
{"level":"info","message":"⌛ Building environment","timeElapsed":106,"timestamp":"2025-12-12T03:09:41.718Z"}
{"level":"error","message":"✘ Completions for node If ([144:5, 146:6] - parciales/hablemosSinSaber/resoProfes.wlk) failed: Error: [If]{e259f0} at parciales/hablemosSinSaber/resoProfes.wlk:144 exhausted all cases without a match [If]{e259f0} at parciales/hablemosSinSaber/resoProfes.wlk:144 exhausted all cases without a match","stack":"Error: [If]{e259f0} at parciales/hablemosSinSaber/resoProfes.wlk:144 exhausted all cases without a match\n    at c:\\Users\\edu\\.vscode\\extensions\\uqbar.wollok-lsp-ide-0.5.3\\out\\server\\src\\server.js:38:6142\n    at D2 (c:\\Users\\edu\\.vscode\\extensions\\uqbar.wollok-lsp-ide-0.5.3\\out\\server\\src\\server.js:2384:42)\n    at Qh (c:\\Users\\edu\\.vscode\\extensions\\uqbar.wollok-lsp-ide-0.5.3\\out\\server\\src\\server.js:2384:1092)\n    at v6n (c:\\Users\\edu\\.vscode\\extensions\\uqbar.wollok-lsp-ide-0.5.3\\out\\server\\src\\server.js:2384:818)\n    at c:\\Users\\edu\\.vscode\\extensions\\uqbar.wollok-lsp-ide-0.5.3\\out\\server\\src\\server.js:38:6131\n    at D2 (c:\\Users\\edu\\.vscode\\extensions\\uqbar.wollok-lsp-ide-0.5.3\\out\\server\\src\\server.js:2384:42)\n    at Qh (c:\\Users\\edu\\.vscode\\extensions\\uqbar.wollok-lsp-ide-0.5.3\\out\\server\\src\\server.js:2384:1092)\n    at k6n (c:\\Users\\edu\\.vscode\\extensions\\uqbar.wollok-lsp-ide-0.5.3\\out\\server\\src\\server.js:2384:1248)\n    at c:\\Users\\edu\\.vscode\\extensions\\uqbar.wollok-lsp-ide-0.5.3\\out\\server\\src\\server.js:38:6131\n    at D2 (c:\\Users\\edu\\.vscode\\extensions\\uqbar.wollok-lsp-ide-0.5.3\\out\\server\\src\\server.js:2384:42)","timestamp":"2025-12-12T03:09:41.761Z"}
{"level":"info","message":"⌛ Validating parciales/hablemosSinSaber/resoProfes.wlk","timeElapsed":152,"timestamp":"2025-12-12T03:09:41.917Z"}
{"level":"info","message":"⌛ Building environment","timeElapsed":178,"timestamp":"2025-12-12T03:09:42.097Z"}
{"level":"info","message":"⌛ Building environment","timeElapsed":163,"timestamp":"2025-12-12T03:09:42.272Z"}
{"level":"info","message":"⌛ Building environment","timeElapsed":132,"timestamp":"2025-12-12T03:09:42.404Z"}
{"level":"info","message":"⌛ Validating parciales/hablemosSinSaber/resoProfes.wlk","timeElapsed":155,"timestamp":"2025-12-12T03:09:42.559Z"}
{"level":"info","message":"⌛ Building environment","timeElapsed":105,"timestamp":"2025-12-12T03:09:42.665Z"}
{"level":"info","message":"⌛ Building environment","timeElapsed":116,"timestamp":"2025-12-12T03:09:42.781Z"}
{"level":"info","message":"⌛ Validating parciales/hablemosSinSaber/resoProfes.wlk","timeElapsed":153,"timestamp":"2025-12-12T03:09:42.943Z"}
{"level":"info","message":"⌛ Validating parciales/hablemosSinSaber/resoProfes.wlk","timeElapsed":138,"timestamp":"2025-12-12T03:09:43.081Z"}
{"level":"info","message":"⌛ Building environment","timeElapsed":132,"timestamp":"2025-12-12T03:09:43.224Z"}
{"level":"info","message":"⌛ Validating parciales/hablemosSinSaber/resoProfes.wlk","timeElapsed":120,"timestamp":"2025-12-12T03:09:43.345Z"}
{"level":"info","message":"⌛ Validating parciales/hablemosSinSaber/resoProfes.wlk","timeElapsed":112,"timestamp":"2025-12-12T03:09:43.457Z"}
{"level":"info","message":"⌛ Validating parciales/hablemosSinSaber/resoProfes.wlk","timeElapsed":118,"timestamp":"2025-12-12T03:09:43.585Z"}
{"level":"info","message":"⌛ Building environment","timeElapsed":115,"timestamp":"2025-12-12T03:09:44.859Z"}
{"level":"info","message":"⌛ Validating parciales/hablemosSinSaber/resoProfes.wlk","timeElapsed":141,"timestamp":"2025-12-12T03:09:45.000Z"}
{"level":"info","message":"⌛ Building environment","timeElapsed":114,"timestamp":"2025-12-12T03:09:45.709Z"}
{"level":"error","message":"✘ Completions for node Send ([145:19, 145:37] - parciales/hablemosSinSaber/resoProfes.wlk) failed: Error: [Send]{da4001} at parciales/hablemosSinSaber/resoProfes.wlk:145 exhausted all cases without a match [Send]{da4001} at parciales/hablemosSinSaber/resoProfes.wlk:145 exhausted all cases without a match","stack":"Error: [Send]{da4001} at parciales/hablemosSinSaber/resoProfes.wlk:145 exhausted all cases without a match\n    at c:\\Users\\edu\\.vscode\\extensions\\uqbar.wollok-lsp-ide-0.5.3\\out\\server\\src\\server.js:38:6142\n    at D2 (c:\\Users\\edu\\.vscode\\extensions\\uqbar.wollok-lsp-ide-0.5.3\\out\\server\\src\\server.js:2384:42)\n    at Qh (c:\\Users\\edu\\.vscode\\extensions\\uqbar.wollok-lsp-ide-0.5.3\\out\\server\\src\\server.js:2384:1092)\n    at k6n (c:\\Users\\edu\\.vscode\\extensions\\uqbar.wollok-lsp-ide-0.5.3\\out\\server\\src\\server.js:2384:1248)\n    at c:\\Users\\edu\\.vscode\\extensions\\uqbar.wollok-lsp-ide-0.5.3\\out\\server\\src\\server.js:38:6131\n    at D2 (c:\\Users\\edu\\.vscode\\extensions\\uqbar.wollok-lsp-ide-0.5.3\\out\\server\\src\\server.js:2384:42)\n    at c:\\Users\\edu\\.vscode\\extensions\\uqbar.wollok-lsp-ide-0.5.3\\out\\server\\src\\server.js:2384:2988\n    at c:\\Users\\edu\\.vscode\\extensions\\uqbar.wollok-lsp-ide-0.5.3\\out\\server\\src\\server.js:2393:8440\n    at c:\\Users\\edu\\.vscode\\extensions\\uqbar.wollok-lsp-ide-0.5.3\\out\\server\\src\\server.js:37:74872\n    at Ye (c:\\Users\\edu\\.vscode\\extensions\\uqbar.wollok-lsp-ide-0.5.3\\out\\server\\src\\server.js:7:8527)","timestamp":"2025-12-12T03:09:45.740Z"}
{"level":"error","message":"✘ Completions for node If ([144:5, 146:6] - parciales/hablemosSinSaber/resoProfes.wlk) failed: Error: [If]{9ae82c} at parciales/hablemosSinSaber/resoProfes.wlk:144 exhausted all cases without a match [If]{9ae82c} at parciales/hablemosSinSaber/resoProfes.wlk:144 exhausted all cases without a match","stack":"Error: [If]{9ae82c} at parciales/hablemosSinSaber/resoProfes.wlk:144 exhausted all cases without a match\n    at c:\\Users\\edu\\.vscode\\extensions\\uqbar.wollok-lsp-ide-0.5.3\\out\\server\\src\\server.js:38:6142\n    at D2 (c:\\Users\\edu\\.vscode\\extensions\\uqbar.wollok-lsp-ide-0.5.3\\out\\server\\src\\server.js:2384:42)\n    at Qh (c:\\Users\\edu\\.vscode\\extensions\\uqbar.wollok-lsp-ide-0.5.3\\out\\server\\src\\server.js:2384:1092)\n    at v6n (c:\\Users\\edu\\.vscode\\extensions\\uqbar.wollok-lsp-ide-0.5.3\\out\\server\\src\\server.js:2384:818)\n    at c:\\Users\\edu\\.vscode\\extensions\\uqbar.wollok-lsp-ide-0.5.3\\out\\server\\src\\server.js:38:6131\n    at D2 (c:\\Users\\edu\\.vscode\\extensions\\uqbar.wollok-lsp-ide-0.5.3\\out\\server\\src\\server.js:2384:42)\n    at Qh (c:\\Users\\edu\\.vscode\\extensions\\uqbar.wollok-lsp-ide-0.5.3\\out\\server\\src\\server.js:2384:1092)\n    at D2 (c:\\Users\\edu\\.vscode\\extensions\\uqbar.wollok-lsp-ide-0.5.3\\out\\server\\src\\server.js:2384:544)\n    at Qh (c:\\Users\\edu\\.vscode\\extensions\\uqbar.wollok-lsp-ide-0.5.3\\out\\server\\src\\server.js:2384:1092)\n    at k6n (c:\\Users\\edu\\.vscode\\extensions\\uqbar.wollok-lsp-ide-0.5.3\\out\\server\\src\\server.js:2384:1248)","timestamp":"2025-12-12T03:09:45.741Z"}
{"level":"info","message":"⌛ Validating parciales/hablemosSinSaber/resoProfes.wlk","timeElapsed":126,"timestamp":"2025-12-12T03:09:45.962Z"}
{"level":"info","message":"⌛ Validating parciales/hablemosSinSaber/resoProfes.wlk","timeElapsed":114,"timestamp":"2025-12-12T03:09:46.077Z"}
{"level":"info","message":"⌛ Validating parciales/hablemosSinSaber/resoProfes.wlk","timeElapsed":113,"timestamp":"2025-12-12T03:09:46.284Z"}
{"level":"info","message":"⌛ Building environment","timeElapsed":111,"timestamp":"2025-12-12T03:09:46.631Z"}
{"level":"info","message":"⌛ Validating parciales/hablemosSinSaber/resoProfes.wlk","timeElapsed":150,"timestamp":"2025-12-12T03:09:46.789Z"}
{"level":"info","message":"⌛ Building environment","timeElapsed":170,"timestamp":"2025-12-12T03:09:46.959Z"}
{"level":"info","message":"⌛ Validating parciales/hablemosSinSaber/resoProfes.wlk","timeElapsed":193,"timestamp":"2025-12-12T03:09:47.157Z"}
{"level":"info","message":"⌛ Validating parciales/hablemosSinSaber/resoProfes.wlk","timeElapsed":127,"timestamp":"2025-12-12T03:09:47.392Z"}
{"level":"info","message":"⌛ Validating parciales/hablemosSinSaber/resoProfes.wlk","timeElapsed":122,"timestamp":"2025-12-12T03:09:47.605Z"}
{"level":"info","message":"⌛ Building environment","timeElapsed":122,"timestamp":"2025-12-12T03:09:49.097Z"}
{"level":"info","message":"⌛ Validating parciales/hablemosSinSaber/resoProfes.wlk","timeElapsed":147,"timestamp":"2025-12-12T03:09:49.245Z"}
{"level":"info","message":"⌛ Building environment","timeElapsed":108,"timestamp":"2025-12-12T03:09:49.353Z"}
{"level":"info","message":"⌛ Building environment","timeElapsed":119,"timestamp":"2025-12-12T03:09:49.472Z"}
{"level":"info","message":"⌛ Validating parciales/hablemosSinSaber/resoProfes.wlk","timeElapsed":172,"timestamp":"2025-12-12T03:09:49.645Z"}
{"level":"info","message":"⌛ Validating parciales/hablemosSinSaber/resoProfes.wlk","timeElapsed":174,"timestamp":"2025-12-12T03:09:49.820Z"}
{"level":"info","message":"⌛ Building environment","timeElapsed":144,"timestamp":"2025-12-12T03:09:50.257Z"}
{"level":"info","message":"⌛ Validating parciales/hablemosSinSaber/resoProfes.wlk","timeElapsed":143,"timestamp":"2025-12-12T03:09:50.402Z"}
{"level":"info","message":"⌛ Building environment","timeElapsed":113,"timestamp":"2025-12-12T03:09:50.808Z"}
{"level":"info","message":"⌛ Validating parciales/hablemosSinSaber/resoProfes.wlk","timeElapsed":151,"timestamp":"2025-12-12T03:09:50.961Z"}
{"level":"info","message":"⌛ Building environment","timeElapsed":134,"timestamp":"2025-12-12T03:09:51.346Z"}
{"level":"info","message":"⌛ Validating parciales/hablemosSinSaber/resoProfes.wlk","timeElapsed":147,"timestamp":"2025-12-12T03:09:51.494Z"}
{"level":"info","message":"⌛ Building environment","timeElapsed":107,"timestamp":"2025-12-12T03:09:52.578Z"}
{"level":"info","message":"⌛ Validating parciales/hablemosSinSaber/resoProfes.wlk","timeElapsed":145,"timestamp":"2025-12-12T03:09:52.725Z"}
{"level":"info","message":"⌛ Building environment","timeElapsed":119,"timestamp":"2025-12-12T03:09:52.941Z"}
{"level":"info","message":"⌛ Validating parciales/hablemosSinSaber/resoProfes.wlk","timeElapsed":120,"timestamp":"2025-12-12T03:09:53.061Z"}
{"level":"info","message":"⌛ Validating parciales/hablemosSinSaber/resoProfes.wlk","timeElapsed":122,"timestamp":"2025-12-12T03:09:53.184Z"}
{"level":"info","message":"⌛ Validating parciales/hablemosSinSaber/resoProfes.wlk","timeElapsed":137,"timestamp":"2025-12-12T03:09:53.519Z"}
{"level":"info","message":"⌛ Validating parciales/hablemosSinSaber/resoProfes.wlk","timeElapsed":123,"timestamp":"2025-12-12T03:09:53.837Z"}
{"level":"info","message":"⌛ Validating parciales/hablemosSinSaber/resoProfes.wlk","timeElapsed":118,"timestamp":"2025-12-12T03:09:54.053Z"}
{"level":"info","message":"⌛ Validating parciales/hablemosSinSaber/resoProfes.wlk","timeElapsed":119,"timestamp":"2025-12-12T03:09:54.260Z"}
{"level":"info","message":"⌛ Building environment","timeElapsed":159,"timestamp":"2025-12-12T03:09:54.516Z"}
{"level":"info","message":"⌛ Validating parciales/hablemosSinSaber/resoProfes.wlk","timeElapsed":123,"timestamp":"2025-12-12T03:09:54.639Z"}
{"level":"info","message":"⌛ Validating parciales/hablemosSinSaber/resoProfes.wlk","timeElapsed":118,"timestamp":"2025-12-12T03:09:54.758Z"}
{"level":"info","message":"⌛ Validating parciales/hablemosSinSaber/resoProfes.wlk","timeElapsed":142,"timestamp":"2025-12-12T03:09:54.910Z"}
{"level":"info","message":"⌛ Validating parciales/hablemosSinSaber/resoProfes.wlk","timeElapsed":156,"timestamp":"2025-12-12T03:09:55.066Z"}
{"level":"info","message":"⌛ Building environment","timeElapsed":102,"timestamp":"2025-12-12T03:09:55.370Z"}
{"level":"info","message":"⌛ Validating parciales/hablemosSinSaber/resoProfes.wlk","timeElapsed":146,"timestamp":"2025-12-12T03:09:55.518Z"}
{"level":"info","message":"⌛ Validating parciales/hablemosSinSaber/resoProfes.wlk","timeElapsed":117,"timestamp":"2025-12-12T03:09:55.635Z"}
{"level":"info","message":"⌛ Building environment","timeElapsed":110,"timestamp":"2025-12-12T03:09:55.745Z"}
{"level":"info","message":"⌛ Validating parciales/hablemosSinSaber/resoProfes.wlk","timeElapsed":132,"timestamp":"2025-12-12T03:09:55.877Z"}
{"level":"info","message":"⌛ Building environment","timeElapsed":126,"timestamp":"2025-12-12T03:09:56.195Z"}
{"level":"info","message":"⌛ Validating parciales/hablemosSinSaber/resoProfes.wlk","timeElapsed":122,"timestamp":"2025-12-12T03:09:56.317Z"}
{"level":"info","message":"⌛ Validating parciales/hablemosSinSaber/resoProfes.wlk","timeElapsed":119,"timestamp":"2025-12-12T03:09:56.623Z"}
{"level":"info","message":"⌛ Validating parciales/hablemosSinSaber/resoProfes.wlk","timeElapsed":119,"timestamp":"2025-12-12T03:09:56.742Z"}
{"level":"info","message":"⌛ Validating parciales/hablemosSinSaber/resoProfes.wlk","timeElapsed":119,"timestamp":"2025-12-12T03:09:56.950Z"}
{"level":"info","message":"⌛ Building environment","timeElapsed":103,"timestamp":"2025-12-12T03:09:57.137Z"}
{"level":"info","message":"⌛ Building environment","timeElapsed":152,"timestamp":"2025-12-12T03:09:57.289Z"}
{"level":"info","message":"⌛ Validating parciales/hablemosSinSaber/resoProfes.wlk","timeElapsed":127,"timestamp":"2025-12-12T03:09:57.416Z"}
{"level":"info","message":"⌛ Validating parciales/hablemosSinSaber/resoProfes.wlk","timeElapsed":119,"timestamp":"2025-12-12T03:09:57.537Z"}
{"level":"info","message":"⌛ Validating parciales/hablemosSinSaber/resoProfes.wlk","timeElapsed":118,"timestamp":"2025-12-12T03:09:57.765Z"}
{"level":"info","message":"⌛ Validating parciales/hablemosSinSaber/resoProfes.wlk","timeElapsed":122,"timestamp":"2025-12-12T03:09:57.889Z"}
{"level":"info","message":"⌛ Validating parciales/hablemosSinSaber/resoProfes.wlk","timeElapsed":121,"timestamp":"2025-12-12T03:09:58.105Z"}
{"level":"info","message":"⌛ Validating parciales/hablemosSinSaber/resoProfes.wlk","timeElapsed":117,"timestamp":"2025-12-12T03:09:58.411Z"}
{"level":"info","message":"⌛ Validating parciales/hablemosSinSaber/resoProfes.wlk","timeElapsed":119,"timestamp":"2025-12-12T03:09:58.814Z"}
{"level":"info","message":"⌛ Validating parciales/hablemosSinSaber/resoProfes.wlk","timeElapsed":115,"timestamp":"2025-12-12T03:09:59.032Z"}
{"level":"info","message":"⌛ Validating parciales/hablemosSinSaber/resoProfes.wlk","timeElapsed":117,"timestamp":"2025-12-12T03:09:59.150Z"}
{"level":"info","message":"⌛ Validating parciales/hablemosSinSaber/resoProfes.wlk","timeElapsed":115,"timestamp":"2025-12-12T03:09:59.265Z"}
{"level":"info","message":"⌛ Validating parciales/hablemosSinSaber/resoProfes.wlk","timeElapsed":157,"timestamp":"2025-12-12T03:09:59.423Z"}
{"level":"info","message":"⌛ Validating parciales/hablemosSinSaber/resoProfes.wlk","timeElapsed":121,"timestamp":"2025-12-12T03:09:59.544Z"}
{"level":"info","message":"⌛ Validating parciales/hablemosSinSaber/resoProfes.wlk","timeElapsed":124,"timestamp":"2025-12-12T03:09:59.674Z"}
{"level":"info","message":"⌛ Validating parciales/hablemosSinSaber/resoProfes.wlk","timeElapsed":114,"timestamp":"2025-12-12T03:09:59.788Z"}
{"level":"info","message":"⌛ Building environment","timeElapsed":199,"timestamp":"2025-12-12T03:10:20.949Z"}
{"level":"info","message":"Removing diagnostics from /C:/Users/edu/Desktop/Guia-De-Objetos/parciales/hablemosSinSaber/tematica.jav","timestamp":"2025-12-12T03:10:21.163Z"}
{"level":"info","message":"⌛ Validating Guia-04/trenesYDepositos.wlk","timeElapsed":151,"timestamp":"2025-12-12T03:10:21.658Z"}
{"level":"info","message":"⌛ Building environment","timeElapsed":114,"timestamp":"2025-12-12T03:10:21.772Z"}
{"level":"info","message":"⌛ Building environment","timeElapsed":223,"timestamp":"2025-12-12T03:10:23.240Z"}
{"level":"info","message":"⌛ Validating Guia-02/atencionDeAnimales/animales.wlk","timeElapsed":209,"timestamp":"2025-12-12T03:10:23.709Z"}
{"level":"info","message":"⌛ Validating Guia-02/atencionDeAnimales/vacunatorio.wlk","timeElapsed":107,"timestamp":"2025-12-12T03:10:23.816Z"}
{"level":"info","message":"⌛ Validating Guia-02/atencionDeAnimales/comederos.wlk","timeElapsed":102,"timestamp":"2025-12-12T03:10:24.016Z"}
{"level":"info","message":"⌛ Validating Guia-02/atencionDeAnimales/bebederos.wlk","timeElapsed":106,"timestamp":"2025-12-12T03:10:24.123Z"}
{"level":"info","message":"⌛ Validating Guia-02/dondeEstaLaMoneda.wlk","timeElapsed":196,"timestamp":"2025-12-12T03:10:24.318Z"}
{"level":"info","message":"⌛ Validating parciales/fiestaDeDisfraces/personalidad.wlk","timeElapsed":113,"timestamp":"2025-12-12T03:10:24.431Z"}
{"level":"info","message":"⌛ Validating parciales/fiestaDeDisfraces/persona.wlk","timeElapsed":106,"timestamp":"2025-12-12T03:10:24.537Z"}
{"level":"info","message":"⌛ Validating parciales/fiestaDeDisfraces/disfraces.wlk","timeElapsed":108,"timestamp":"2025-12-12T03:10:24.744Z"}
{"level":"info","message":"⌛ Validating parciales/noticiasDeAyer/periodista.wlk","timeElapsed":107,"timestamp":"2025-12-12T03:10:24.852Z"}
{"level":"info","message":"⌛ Validating parciales/fiestaDeDisfraces/caracteristicas.wlk","timeElapsed":103,"timestamp":"2025-12-12T03:10:24.958Z"}
{"level":"info","message":"⌛ Validating parciales/noticiasDeAyer/noticia.wlk","timeElapsed":109,"timestamp":"2025-12-12T03:10:25.066Z"}
{"level":"info","message":"⌛ Validating Guia-03/alquiler-Vehiculos/autos.wlk","timeElapsed":106,"timestamp":"2025-12-12T03:10:25.172Z"}
{"level":"info","message":"⌛ Validating Guia-03/alquiler-Vehiculos/bicicletas.wlk","timeElapsed":111,"timestamp":"2025-12-12T03:10:25.284Z"}
{"level":"info","message":"⌛ Validating Guia-03/alquiler-Vehiculos/moto.wlk","timeElapsed":104,"timestamp":"2025-12-12T03:10:25.388Z"}
{"level":"info","message":"⌛ Validating Guia-03/alquiler-Vehiculos/empresa.wlk","timeElapsed":114,"timestamp":"2025-12-12T03:10:25.503Z"}
{"level":"info","message":"⌛ Validating Guia-03/reservas-Aereas/vuelos.wlk","timeElapsed":110,"timestamp":"2025-12-12T03:10:25.612Z"}
{"level":"info","message":"⌛ Building environment","timeElapsed":101,"timestamp":"2025-12-12T03:10:25.713Z"}
{"level":"info","message":"⌛ Building environment","timeElapsed":222,"timestamp":"2025-12-12T03:10:25.935Z"}
{"level":"info","message":"⌛ Validating Guia-01/Ejercicio1-PepitaBasica/TomYJerry.wlk","timeElapsed":121,"timestamp":"2025-12-12T03:10:26.080Z"}
{"level":"info","message":"Removing diagnostics from /C:/Users/edu/Desktop/Guia-De-Objetos/parciales/hablemosSinSaber/panelista.jav","timestamp":"2025-12-12T03:10:26.080Z"}
{"level":"info","message":"⌛ Validating Guia-01/Ejercicio1-PepitaBasica/SueldoDePepe.wlk","timeElapsed":116,"timestamp":"2025-12-12T03:10:26.203Z"}
{"level":"info","message":"⌛ Validating Guia-01/Ejercicio1-PepitaBasica/pepitaBasica.wlk","timeElapsed":112,"timestamp":"2025-12-12T03:10:26.319Z"}
{"level":"info","message":"⌛ Validating Guia-01/Ejercicio1-PepitaBasica/mudanzas.wlk","timeElapsed":112,"timestamp":"2025-12-12T03:10:26.432Z"}
{"level":"info","message":"⌛ Validating Guia-01/Ejercicio1-PepitaBasica/celulares.wlk","timeElapsed":117,"timestamp":"2025-12-12T03:10:26.551Z"}
{"level":"info","message":"⌛ Building environment","timeElapsed":152,"timestamp":"2025-12-12T03:10:28.865Z"}
{"level":"info","message":"⌛ Building environment","timeElapsed":136,"timestamp":"2025-12-12T03:10:29.001Z"}
{"level":"info","message":"⌛ Building environment","timeElapsed":276,"timestamp":"2025-12-12T03:10:29.278Z"}
{"level":"info","message":"⌛ Validating parciales/hablemosSinSaber/panelista.wlk","timeElapsed":195,"timestamp":"2025-12-12T03:10:29.489Z"}
{"level":"info","message":"Removing diagnostics from /C:/Users/edu/Desktop/Guia-De-Objetos/parciales/hablemosSinSaber/resoProfes.wlk","timestamp":"2025-12-12T03:10:29.489Z"}
{"level":"info","message":"⌛ Building environment","timeElapsed":132,"timestamp":"2025-12-12T03:10:34.912Z"}
{"level":"info","message":"⌛ Validating parciales/hablemosSinSaber/tematica.wlk","timeElapsed":145,"timestamp":"2025-12-12T03:10:35.063Z"}
{"level":"info","message":"⌛ Building environment","timeElapsed":116,"timestamp":"2025-12-12T03:10:39.662Z"}
{"level":"info","message":"⌛ Validating parciales/hablemosSinSaber/programa.wlk","timeElapsed":164,"timestamp":"2025-12-12T03:10:39.835Z"}
{"level":"info","message":"⌛ Building environment","timeElapsed":102,"timestamp":"2025-12-12T03:10:55.913Z"}
{"level":"info","message":"⌛ Validating parciales/hablemosSinSaber/panelista.wlk","timeElapsed":155,"timestamp":"2025-12-12T03:10:56.069Z"}
{"level":"info","message":"⌛ Building environment","timeElapsed":116,"timestamp":"2025-12-12T03:11:00.155Z"}
{"level":"info","message":"⌛ Validating parciales/hablemosSinSaber/tematica.wlk","timeElapsed":204,"timestamp":"2025-12-12T03:11:00.361Z"}
{"level":"info","message":"⌛ Building environment","timeElapsed":103,"timestamp":"2025-12-12T03:11:07.966Z"}
{"level":"info","message":"⌛ Validating parciales/hablemosSinSaber/panelista.wlk","timeElapsed":148,"timestamp":"2025-12-12T03:11:08.115Z"}
{"level":"info","message":"⌛ Building environment","timeElapsed":106,"timestamp":"2025-12-12T03:11:09.483Z"}
{"level":"info","message":"⌛ Validating parciales/hablemosSinSaber/panelista.wlk","timeElapsed":167,"timestamp":"2025-12-12T03:11:09.660Z"}
{"level":"info","message":"⌛ Building environment","timeElapsed":103,"timestamp":"2025-12-12T03:11:09.763Z"}
{"level":"info","message":"⌛ Building environment","timeElapsed":109,"timestamp":"2025-12-12T03:11:09.872Z"}
{"level":"info","message":"⌛ Validating parciales/hablemosSinSaber/panelista.wlk","timeElapsed":255,"timestamp":"2025-12-12T03:11:10.128Z"}
{"level":"info","message":"⌛ Validating parciales/hablemosSinSaber/panelista.wlk","timeElapsed":173,"timestamp":"2025-12-12T03:11:10.302Z"}
{"level":"info","message":"⌛ Building environment","timeElapsed":103,"timestamp":"2025-12-12T03:11:10.412Z"}
{"level":"info","message":"⌛ Validating parciales/hablemosSinSaber/panelista.wlk","timeElapsed":122,"timestamp":"2025-12-12T03:11:10.541Z"}
{"level":"info","message":"⌛ Validating parciales/hablemosSinSaber/programa.wlk","timeElapsed":125,"timestamp":"2025-12-12T03:11:13.100Z"}
{"level":"info","message":"⌛ Building environment","timeElapsed":107,"timestamp":"2025-12-12T03:12:12.677Z"}
{"level":"info","message":"⌛ Validating parciales/hablemosSinSaber/panelista.wlk","timeElapsed":157,"timestamp":"2025-12-12T03:12:12.836Z"}
{"level":"info","message":"⌛ Validating parciales/hablemosSinSaber/panelista.wlk","timeElapsed":128,"timestamp":"2025-12-12T03:12:13.087Z"}
{"level":"info","message":"⌛ Building environment","timeElapsed":101,"timestamp":"2025-12-12T03:12:13.195Z"}
{"level":"info","message":"⌛ Building environment","timeElapsed":110,"timestamp":"2025-12-12T03:12:13.320Z"}
{"level":"info","message":"⌛ Validating parciales/hablemosSinSaber/panelista.wlk","timeElapsed":139,"timestamp":"2025-12-12T03:12:13.459Z"}
{"level":"info","message":"⌛ Validating parciales/hablemosSinSaber/panelista.wlk","timeElapsed":133,"timestamp":"2025-12-12T03:12:13.593Z"}
{"level":"info","message":"⌛ Building environment","timeElapsed":118,"timestamp":"2025-12-12T03:49:58.684Z"}
{"level":"info","message":"⌛ Validating parciales/hablemosSinSaber/programa.wlk","timeElapsed":155,"timestamp":"2025-12-12T03:49:58.840Z"}
{"level":"info","message":"⌛ Building environment","timeElapsed":165,"timestamp":"2025-12-12T03:50:05.179Z"}
{"level":"info","message":"⌛ Validating parciales/hablemosSinSaber/programa.wlk","timeElapsed":181,"timestamp":"2025-12-12T03:50:05.360Z"}
{"level":"info","message":"⌛ Building environment","timeElapsed":166,"timestamp":"2025-12-12T03:50:54.545Z"}
{"level":"info","message":"⌛ Validating parciales/elLegadoDeSoliamMurr/exiliado.wlk","timeElapsed":204,"timestamp":"2025-12-12T03:50:54.763Z"}
{"level":"info","message":"⌛ Building environment","timeElapsed":106,"timestamp":"2025-12-12T03:51:08.629Z"}
{"level":"info","message":"⌛ Validating parciales/elLegadoDeSoliamMurr/exiliado.wlk","timeElapsed":177,"timestamp":"2025-12-12T03:51:08.807Z"}
{"level":"info","message":"⌛ Building environment","timeElapsed":125,"timestamp":"2025-12-12T03:51:08.933Z"}
{"level":"info","message":"⌛ Building environment","timeElapsed":110,"timestamp":"2025-12-12T03:51:09.171Z"}
{"level":"error","message":"✘ Failed to rebuild document Failed to parse parciales/elLegadoDeSoliamMurr/exiliado.wlk: \n-- PARSING FAILED --------------------------------------------------\n\nGot the end of the input\n\nExpected one of the following: \n\nidentifier, whitespace\n","stack":"Error: Failed to parse parciales/elLegadoDeSoliamMurr/exiliado.wlk: \n-- PARSING FAILED --------------------------------------------------\n\nGot the end of the input\n\nExpected one of the following: \n\nidentifier, whitespace\n\n    at c:\\Users\\edu\\.vscode\\extensions\\uqbar.wollok-lsp-ide-0.5.3\\out\\server\\src\\server.js:2348:13026\n    at Array.map (<anonymous>)\n    at W1n (c:\\Users\\edu\\.vscode\\extensions\\uqbar.wollok-lsp-ide-0.5.3\\out\\server\\src\\server.js:2348:12950)\n    at U2.buildEnvironmentFrom (c:\\Users\\edu\\.vscode\\extensions\\uqbar.wollok-lsp-ide-0.5.3\\out\\server\\src\\server.js:2393:5254)\n    at U2.updateEnvironmentWith (c:\\Users\\edu\\.vscode\\extensions\\uqbar.wollok-lsp-ide-0.5.3\\out\\server\\src\\server.js:2393:4989)\n    at JF (c:\\Users\\edu\\.vscode\\extensions\\uqbar.wollok-lsp-ide-0.5.3\\out\\server\\src\\server.js:2393:7383)\n    at F3.invoke (c:\\Users\\edu\\.vscode\\extensions\\uqbar.wollok-lsp-ide-0.5.3\\out\\server\\src\\server.js:3:157334)\n    at o.fire (c:\\Users\\edu\\.vscode\\extensions\\uqbar.wollok-lsp-ide-0.5.3\\out\\server\\src\\server.js:3:158104)\n    at c:\\Users\\edu\\.vscode\\extensions\\uqbar.wollok-lsp-ide-0.5.3\\out\\server\\src\\server.js:37:57871\n    at Zr (c:\\Users\\edu\\.vscode\\extensions\\uqbar.wollok-lsp-ide-0.5.3\\out\\server\\src\\server.js:8:1561)","timestamp":"2025-12-12T03:51:09.172Z"}
{"level":"info","message":"⌛ Validating parciales/elLegadoDeSoliamMurr/exiliado.wlk","timeElapsed":171,"timestamp":"2025-12-12T03:51:09.344Z"}
{"level":"info","message":"⌛ Validating parciales/elLegadoDeSoliamMurr/exiliado.wlk","timeElapsed":191,"timestamp":"2025-12-12T03:51:09.537Z"}
{"level":"info","message":"⌛ Validating parciales/elLegadoDeSoliamMurr/exiliado.wlk","timeElapsed":128,"timestamp":"2025-12-12T03:51:09.665Z"}
{"level":"info","message":"⌛ Validating parciales/elLegadoDeSoliamMurr/exiliado.wlk","timeElapsed":130,"timestamp":"2025-12-12T03:51:09.896Z"}
{"level":"info","message":"⌛ Validating parciales/elLegadoDeSoliamMurr/exiliado.wlk","timeElapsed":164,"timestamp":"2025-12-12T03:51:10.441Z"}
{"level":"info","message":"⌛ Validating parciales/elLegadoDeSoliamMurr/exiliado.wlk","timeElapsed":156,"timestamp":"2025-12-12T03:51:10.727Z"}
{"level":"info","message":"⌛ Building environment","timeElapsed":110,"timestamp":"2025-12-12T03:51:10.837Z"}
{"level":"info","message":"⌛ Validating parciales/elLegadoDeSoliamMurr/exiliado.wlk","timeElapsed":151,"timestamp":"2025-12-12T03:51:11.111Z"}
{"level":"info","message":"⌛ Validating parciales/elLegadoDeSoliamMurr/exiliado.wlk","timeElapsed":147,"timestamp":"2025-12-12T03:51:11.347Z"}
{"level":"info","message":"⌛ Validating parciales/elLegadoDeSoliamMurr/exiliado.wlk","timeElapsed":170,"timestamp":"2025-12-12T03:51:11.738Z"}
{"level":"info","message":"⌛ Validating parciales/elLegadoDeSoliamMurr/exiliado.wlk","timeElapsed":124,"timestamp":"2025-12-12T03:51:11.866Z"}
{"level":"info","message":"⌛ Validating parciales/elLegadoDeSoliamMurr/exiliado.wlk","timeElapsed":119,"timestamp":"2025-12-12T03:51:11.986Z"}
{"level":"info","message":"⌛ Building environment","timeElapsed":123,"timestamp":"2025-12-12T03:51:12.214Z"}
{"level":"info","message":"⌛ Validating parciales/elLegadoDeSoliamMurr/exiliado.wlk","timeElapsed":125,"timestamp":"2025-12-12T03:51:12.357Z"}
{"level":"info","message":"⌛ Validating parciales/elLegadoDeSoliamMurr/exiliado.wlk","timeElapsed":117,"timestamp":"2025-12-12T03:51:12.475Z"}
{"level":"info","message":"⌛ Validating parciales/elLegadoDeSoliamMurr/exiliado.wlk","timeElapsed":164,"timestamp":"2025-12-12T03:51:13.033Z"}
{"level":"info","message":"⌛ Validating parciales/elLegadoDeSoliamMurr/exiliado.wlk","timeElapsed":200,"timestamp":"2025-12-12T03:51:40.941Z"}
{"level":"info","message":"⌛ Building environment","timeElapsed":115,"timestamp":"2025-12-12T03:51:41.056Z"}
{"level":"info","message":"⌛ Validating parciales/elLegadoDeSoliamMurr/exiliado.wlk","timeElapsed":152,"timestamp":"2025-12-12T03:51:41.214Z"}
{"level":"info","message":"⌛ Validating parciales/elLegadoDeSoliamMurr/exiliado.wlk","timeElapsed":162,"timestamp":"2025-12-12T03:51:41.974Z"}
{"level":"info","message":"⌛ Building environment","timeElapsed":104,"timestamp":"2025-12-12T03:51:42.267Z"}
{"level":"info","message":"⌛ Validating parciales/elLegadoDeSoliamMurr/exiliado.wlk","timeElapsed":133,"timestamp":"2025-12-12T03:51:42.402Z"}
{"level":"error","message":"✘ Failed to rebuild document Failed to parse parciales/elLegadoDeSoliamMurr/exiliado.wlk: \n-- PARSING FAILED --------------------------------------------------\n\nGot the end of the input\n\nExpected one of the following: \n\nidentifier, whitespace\n","stack":"Error: Failed to parse parciales/elLegadoDeSoliamMurr/exiliado.wlk: \n-- PARSING FAILED --------------------------------------------------\n\nGot the end of the input\n\nExpected one of the following: \n\nidentifier, whitespace\n\n    at c:\\Users\\edu\\.vscode\\extensions\\uqbar.wollok-lsp-ide-0.5.3\\out\\server\\src\\server.js:2348:13026\n    at Array.map (<anonymous>)\n    at W1n (c:\\Users\\edu\\.vscode\\extensions\\uqbar.wollok-lsp-ide-0.5.3\\out\\server\\src\\server.js:2348:12950)\n    at U2.buildEnvironmentFrom (c:\\Users\\edu\\.vscode\\extensions\\uqbar.wollok-lsp-ide-0.5.3\\out\\server\\src\\server.js:2393:5254)\n    at U2.updateEnvironmentWith (c:\\Users\\edu\\.vscode\\extensions\\uqbar.wollok-lsp-ide-0.5.3\\out\\server\\src\\server.js:2393:4989)\n    at JF (c:\\Users\\edu\\.vscode\\extensions\\uqbar.wollok-lsp-ide-0.5.3\\out\\server\\src\\server.js:2393:7383)\n    at F3.invoke (c:\\Users\\edu\\.vscode\\extensions\\uqbar.wollok-lsp-ide-0.5.3\\out\\server\\src\\server.js:3:157334)\n    at o.fire (c:\\Users\\edu\\.vscode\\extensions\\uqbar.wollok-lsp-ide-0.5.3\\out\\server\\src\\server.js:3:158104)\n    at c:\\Users\\edu\\.vscode\\extensions\\uqbar.wollok-lsp-ide-0.5.3\\out\\server\\src\\server.js:37:57871\n    at Zr (c:\\Users\\edu\\.vscode\\extensions\\uqbar.wollok-lsp-ide-0.5.3\\out\\server\\src\\server.js:8:1561)","timestamp":"2025-12-12T03:51:42.403Z"}
{"level":"info","message":"⌛ Validating parciales/elLegadoDeSoliamMurr/exiliado.wlk","timeElapsed":120,"timestamp":"2025-12-12T03:51:42.524Z"}
{"level":"info","message":"⌛ Validating parciales/elLegadoDeSoliamMurr/exiliado.wlk","timeElapsed":146,"timestamp":"2025-12-12T03:51:42.671Z"}
{"level":"info","message":"⌛ Building environment","timeElapsed":122,"timestamp":"2025-12-12T03:51:44.209Z"}
{"level":"info","message":"⌛ Validating parciales/elLegadoDeSoliamMurr/exiliado.wlk","timeElapsed":213,"timestamp":"2025-12-12T03:51:44.423Z"}
{"level":"info","message":"⌛ Building environment","timeElapsed":148,"timestamp":"2025-12-12T03:51:45.518Z"}
{"level":"info","message":"⌛ Validating parciales/elLegadoDeSoliamMurr/exiliado.wlk","timeElapsed":170,"timestamp":"2025-12-12T03:51:45.727Z"}
{"level":"info","message":"⌛ Validating parciales/elLegadoDeSoliamMurr/exiliado.wlk","timeElapsed":135,"timestamp":"2025-12-12T03:51:46.161Z"}
{"level":"info","message":"⌛ Validating parciales/elLegadoDeSoliamMurr/exiliado.wlk","timeElapsed":126,"timestamp":"2025-12-12T03:51:46.369Z"}
{"level":"info","message":"⌛ Validating parciales/elLegadoDeSoliamMurr/exiliado.wlk","timeElapsed":122,"timestamp":"2025-12-12T03:51:46.626Z"}
{"level":"info","message":"⌛ Validating parciales/elLegadoDeSoliamMurr/exiliado.wlk","timeElapsed":125,"timestamp":"2025-12-12T03:51:46.831Z"}
{"level":"info","message":"⌛ Validating parciales/elLegadoDeSoliamMurr/exiliado.wlk","timeElapsed":124,"timestamp":"2025-12-12T03:51:46.961Z"}
{"level":"info","message":"⌛ Validating parciales/elLegadoDeSoliamMurr/exiliado.wlk","timeElapsed":125,"timestamp":"2025-12-12T03:51:47.086Z"}
{"level":"info","message":"⌛ Validating parciales/elLegadoDeSoliamMurr/exiliado.wlk","timeElapsed":136,"timestamp":"2025-12-12T03:51:48.169Z"}
{"level":"info","message":"⌛ Validating parciales/elLegadoDeSoliamMurr/exiliado.wlk","timeElapsed":133,"timestamp":"2025-12-12T03:51:48.374Z"}
{"level":"info","message":"⌛ Validating parciales/elLegadoDeSoliamMurr/exiliado.wlk","timeElapsed":127,"timestamp":"2025-12-12T03:51:48.792Z"}
{"level":"info","message":"⌛ Validating parciales/elLegadoDeSoliamMurr/exiliado.wlk","timeElapsed":131,"timestamp":"2025-12-12T03:51:49.091Z"}
{"level":"info","message":"⌛ Validating parciales/elLegadoDeSoliamMurr/exiliado.wlk","timeElapsed":120,"timestamp":"2025-12-12T03:51:49.291Z"}
{"level":"error","message":"✘ Failed to rebuild document Failed to parse parciales/elLegadoDeSoliamMurr/exiliado.wlk: \n-- PARSING FAILED --------------------------------------------------\n\nGot the end of the input\n\nExpected one of the following: \n\nidentifier, whitespace\n","stack":"Error: Failed to parse parciales/elLegadoDeSoliamMurr/exiliado.wlk: \n-- PARSING FAILED --------------------------------------------------\n\nGot the end of the input\n\nExpected one of the following: \n\nidentifier, whitespace\n\n    at c:\\Users\\edu\\.vscode\\extensions\\uqbar.wollok-lsp-ide-0.5.3\\out\\server\\src\\server.js:2348:13026\n    at Array.map (<anonymous>)\n    at W1n (c:\\Users\\edu\\.vscode\\extensions\\uqbar.wollok-lsp-ide-0.5.3\\out\\server\\src\\server.js:2348:12950)\n    at U2.buildEnvironmentFrom (c:\\Users\\edu\\.vscode\\extensions\\uqbar.wollok-lsp-ide-0.5.3\\out\\server\\src\\server.js:2393:5254)\n    at U2.updateEnvironmentWith (c:\\Users\\edu\\.vscode\\extensions\\uqbar.wollok-lsp-ide-0.5.3\\out\\server\\src\\server.js:2393:4989)\n    at JF (c:\\Users\\edu\\.vscode\\extensions\\uqbar.wollok-lsp-ide-0.5.3\\out\\server\\src\\server.js:2393:7383)\n    at F3.invoke (c:\\Users\\edu\\.vscode\\extensions\\uqbar.wollok-lsp-ide-0.5.3\\out\\server\\src\\server.js:3:157334)\n    at o.fire (c:\\Users\\edu\\.vscode\\extensions\\uqbar.wollok-lsp-ide-0.5.3\\out\\server\\src\\server.js:3:158104)\n    at c:\\Users\\edu\\.vscode\\extensions\\uqbar.wollok-lsp-ide-0.5.3\\out\\server\\src\\server.js:37:57871\n    at Zr (c:\\Users\\edu\\.vscode\\extensions\\uqbar.wollok-lsp-ide-0.5.3\\out\\server\\src\\server.js:8:1561)","timestamp":"2025-12-12T03:51:49.294Z"}
{"level":"info","message":"⌛ Validating parciales/elLegadoDeSoliamMurr/exiliado.wlk","timeElapsed":214,"timestamp":"2025-12-12T03:51:49.509Z"}
{"level":"info","message":"⌛ Building environment","timeElapsed":113,"timestamp":"2025-12-12T03:51:49.631Z"}
{"level":"info","message":"⌛ Validating parciales/elLegadoDeSoliamMurr/exiliado.wlk","timeElapsed":125,"timestamp":"2025-12-12T03:51:49.761Z"}
{"level":"info","message":"⌛ Validating parciales/elLegadoDeSoliamMurr/exiliado.wlk","timeElapsed":117,"timestamp":"2025-12-12T03:51:52.054Z"}
{"level":"info","message":"⌛ Validating parciales/elLegadoDeSoliamMurr/exiliado.wlk","timeElapsed":148,"timestamp":"2025-12-12T03:51:52.449Z"}
{"level":"info","message":"⌛ Validating parciales/elLegadoDeSoliamMurr/exiliado.wlk","timeElapsed":194,"timestamp":"2025-12-12T03:51:52.867Z"}
{"level":"info","message":"⌛ Validating parciales/elLegadoDeSoliamMurr/exiliado.wlk","timeElapsed":126,"timestamp":"2025-12-12T03:51:53.085Z"}
{"level":"info","message":"⌛ Validating parciales/elLegadoDeSoliamMurr/exiliado.wlk","timeElapsed":118,"timestamp":"2025-12-12T03:51:53.381Z"}
{"level":"info","message":"⌛ Validating parciales/elLegadoDeSoliamMurr/exiliado.wlk","timeElapsed":113,"timestamp":"2025-12-12T03:51:53.496Z"}
{"level":"info","message":"⌛ Validating parciales/elLegadoDeSoliamMurr/exiliado.wlk","timeElapsed":115,"timestamp":"2025-12-12T03:51:53.611Z"}
{"level":"info","message":"⌛ Building environment","timeElapsed":153,"timestamp":"2025-12-12T03:51:53.765Z"}
{"level":"error","message":"✘ Failed to rebuild document Failed to parse parciales/elLegadoDeSoliamMurr/exiliado.wlk: \n-- PARSING FAILED --------------------------------------------------\n\n   7 | }\n   8 | \n>  9 | class Demonio i {\n     |               ^\n  10 |   \n  11 | }\n\nExpected one of the following: \n\n'inherits', '{', whitespace\n","stack":"Error: Failed to parse parciales/elLegadoDeSoliamMurr/exiliado.wlk: \n-- PARSING FAILED --------------------------------------------------\n\n   7 | }\n   8 | \n>  9 | class Demonio i {\n     |               ^\n  10 |   \n  11 | }\n\nExpected one of the following: \n\n'inherits', '{', whitespace\n\n    at c:\\Users\\edu\\.vscode\\extensions\\uqbar.wollok-lsp-ide-0.5.3\\out\\server\\src\\server.js:2348:13026\n    at Array.map (<anonymous>)\n    at W1n (c:\\Users\\edu\\.vscode\\extensions\\uqbar.wollok-lsp-ide-0.5.3\\out\\server\\src\\server.js:2348:12950)\n    at U2.buildEnvironmentFrom (c:\\Users\\edu\\.vscode\\extensions\\uqbar.wollok-lsp-ide-0.5.3\\out\\server\\src\\server.js:2393:5254)\n    at U2.updateEnvironmentWith (c:\\Users\\edu\\.vscode\\extensions\\uqbar.wollok-lsp-ide-0.5.3\\out\\server\\src\\server.js:2393:4989)\n    at JF (c:\\Users\\edu\\.vscode\\extensions\\uqbar.wollok-lsp-ide-0.5.3\\out\\server\\src\\server.js:2393:7383)\n    at F3.invoke (c:\\Users\\edu\\.vscode\\extensions\\uqbar.wollok-lsp-ide-0.5.3\\out\\server\\src\\server.js:3:157334)\n    at o.fire (c:\\Users\\edu\\.vscode\\extensions\\uqbar.wollok-lsp-ide-0.5.3\\out\\server\\src\\server.js:3:158104)\n    at c:\\Users\\edu\\.vscode\\extensions\\uqbar.wollok-lsp-ide-0.5.3\\out\\server\\src\\server.js:37:57871\n    at Zr (c:\\Users\\edu\\.vscode\\extensions\\uqbar.wollok-lsp-ide-0.5.3\\out\\server\\src\\server.js:8:1561)","timestamp":"2025-12-12T03:51:53.779Z"}
{"level":"info","message":"⌛ Validating parciales/elLegadoDeSoliamMurr/exiliado.wlk","timeElapsed":135,"timestamp":"2025-12-12T03:51:53.942Z"}
{"level":"error","message":"✘ Failed to rebuild document Failed to parse parciales/elLegadoDeSoliamMurr/exiliado.wlk: \n-- PARSING FAILED --------------------------------------------------\n\n   7 | }\n   8 | \n>  9 | class Demonio in {\n     |               ^\n  10 |   \n  11 | }\n\nExpected one of the following: \n\n'inherits', '{', whitespace\n","stack":"Error: Failed to parse parciales/elLegadoDeSoliamMurr/exiliado.wlk: \n-- PARSING FAILED --------------------------------------------------\n\n   7 | }\n   8 | \n>  9 | class Demonio in {\n     |               ^\n  10 |   \n  11 | }\n\nExpected one of the following: \n\n'inherits', '{', whitespace\n\n    at c:\\Users\\edu\\.vscode\\extensions\\uqbar.wollok-lsp-ide-0.5.3\\out\\server\\src\\server.js:2348:13026\n    at Array.map (<anonymous>)\n    at W1n (c:\\Users\\edu\\.vscode\\extensions\\uqbar.wollok-lsp-ide-0.5.3\\out\\server\\src\\server.js:2348:12950)\n    at U2.buildEnvironmentFrom (c:\\Users\\edu\\.vscode\\extensions\\uqbar.wollok-lsp-ide-0.5.3\\out\\server\\src\\server.js:2393:5254)\n    at U2.updateEnvironmentWith (c:\\Users\\edu\\.vscode\\extensions\\uqbar.wollok-lsp-ide-0.5.3\\out\\server\\src\\server.js:2393:4989)\n    at JF (c:\\Users\\edu\\.vscode\\extensions\\uqbar.wollok-lsp-ide-0.5.3\\out\\server\\src\\server.js:2393:7383)\n    at F3.invoke (c:\\Users\\edu\\.vscode\\extensions\\uqbar.wollok-lsp-ide-0.5.3\\out\\server\\src\\server.js:3:157334)\n    at o.fire (c:\\Users\\edu\\.vscode\\extensions\\uqbar.wollok-lsp-ide-0.5.3\\out\\server\\src\\server.js:3:158104)\n    at c:\\Users\\edu\\.vscode\\extensions\\uqbar.wollok-lsp-ide-0.5.3\\out\\server\\src\\server.js:37:57871\n    at Zr (c:\\Users\\edu\\.vscode\\extensions\\uqbar.wollok-lsp-ide-0.5.3\\out\\server\\src\\server.js:8:1561)","timestamp":"2025-12-12T03:51:53.943Z"}
{"level":"error","message":"✘ Failed to rebuild document Failed to parse parciales/elLegadoDeSoliamMurr/exiliado.wlk: \n-- PARSING FAILED --------------------------------------------------\n\n   7 | }\n   8 | \n>  9 | class Demonio inh {\n     |               ^\n  10 |   \n  11 | }\n\nExpected one of the following: \n\n'inherits', '{', whitespace\n","stack":"Error: Failed to parse parciales/elLegadoDeSoliamMurr/exiliado.wlk: \n-- PARSING FAILED --------------------------------------------------\n\n   7 | }\n   8 | \n>  9 | class Demonio inh {\n     |               ^\n  10 |   \n  11 | }\n\nExpected one of the following: \n\n'inherits', '{', whitespace\n\n    at c:\\Users\\edu\\.vscode\\extensions\\uqbar.wollok-lsp-ide-0.5.3\\out\\server\\src\\server.js:2348:13026\n    at Array.map (<anonymous>)\n    at W1n (c:\\Users\\edu\\.vscode\\extensions\\uqbar.wollok-lsp-ide-0.5.3\\out\\server\\src\\server.js:2348:12950)\n    at U2.buildEnvironmentFrom (c:\\Users\\edu\\.vscode\\extensions\\uqbar.wollok-lsp-ide-0.5.3\\out\\server\\src\\server.js:2393:5254)\n    at U2.updateEnvironmentWith (c:\\Users\\edu\\.vscode\\extensions\\uqbar.wollok-lsp-ide-0.5.3\\out\\server\\src\\server.js:2393:4989)\n    at JF (c:\\Users\\edu\\.vscode\\extensions\\uqbar.wollok-lsp-ide-0.5.3\\out\\server\\src\\server.js:2393:7383)\n    at F3.invoke (c:\\Users\\edu\\.vscode\\extensions\\uqbar.wollok-lsp-ide-0.5.3\\out\\server\\src\\server.js:3:157334)\n    at o.fire (c:\\Users\\edu\\.vscode\\extensions\\uqbar.wollok-lsp-ide-0.5.3\\out\\server\\src\\server.js:3:158104)\n    at c:\\Users\\edu\\.vscode\\extensions\\uqbar.wollok-lsp-ide-0.5.3\\out\\server\\src\\server.js:37:57871\n    at Zr (c:\\Users\\edu\\.vscode\\extensions\\uqbar.wollok-lsp-ide-0.5.3\\out\\server\\src\\server.js:8:1561)","timestamp":"2025-12-12T03:51:53.944Z"}
{"level":"error","message":"✘ Failed to rebuild document Failed to parse parciales/elLegadoDeSoliamMurr/exiliado.wlk: \n-- PARSING FAILED --------------------------------------------------\n\n   7 | }\n   8 | \n>  9 | class Demonio inhe {\n     |               ^\n  10 |   \n  11 | }\n\nExpected one of the following: \n\n'inherits', '{', whitespace\n","stack":"Error: Failed to parse parciales/elLegadoDeSoliamMurr/exiliado.wlk: \n-- PARSING FAILED --------------------------------------------------\n\n   7 | }\n   8 | \n>  9 | class Demonio inhe {\n     |               ^\n  10 |   \n  11 | }\n\nExpected one of the following: \n\n'inherits', '{', whitespace\n\n    at c:\\Users\\edu\\.vscode\\extensions\\uqbar.wollok-lsp-ide-0.5.3\\out\\server\\src\\server.js:2348:13026\n    at Array.map (<anonymous>)\n    at W1n (c:\\Users\\edu\\.vscode\\extensions\\uqbar.wollok-lsp-ide-0.5.3\\out\\server\\src\\server.js:2348:12950)\n    at U2.buildEnvironmentFrom (c:\\Users\\edu\\.vscode\\extensions\\uqbar.wollok-lsp-ide-0.5.3\\out\\server\\src\\server.js:2393:5254)\n    at U2.updateEnvironmentWith (c:\\Users\\edu\\.vscode\\extensions\\uqbar.wollok-lsp-ide-0.5.3\\out\\server\\src\\server.js:2393:4989)\n    at JF (c:\\Users\\edu\\.vscode\\extensions\\uqbar.wollok-lsp-ide-0.5.3\\out\\server\\src\\server.js:2393:7383)\n    at F3.invoke (c:\\Users\\edu\\.vscode\\extensions\\uqbar.wollok-lsp-ide-0.5.3\\out\\server\\src\\server.js:3:157334)\n    at o.fire (c:\\Users\\edu\\.vscode\\extensions\\uqbar.wollok-lsp-ide-0.5.3\\out\\server\\src\\server.js:3:158104)\n    at c:\\Users\\edu\\.vscode\\extensions\\uqbar.wollok-lsp-ide-0.5.3\\out\\server\\src\\server.js:37:57871\n    at Zr (c:\\Users\\edu\\.vscode\\extensions\\uqbar.wollok-lsp-ide-0.5.3\\out\\server\\src\\server.js:8:1561)","timestamp":"2025-12-12T03:51:54.009Z"}
{"level":"error","message":"✘ Failed to rebuild document Failed to parse parciales/elLegadoDeSoliamMurr/exiliado.wlk: \n-- PARSING FAILED --------------------------------------------------\n\n   7 | }\n   8 | \n>  9 | class Demonio inhet {\n     |               ^\n  10 |   \n  11 | }\n\nExpected one of the following: \n\n'inherits', '{', whitespace\n","stack":"Error: Failed to parse parciales/elLegadoDeSoliamMurr/exiliado.wlk: \n-- PARSING FAILED --------------------------------------------------\n\n   7 | }\n   8 | \n>  9 | class Demonio inhet {\n     |               ^\n  10 |   \n  11 | }\n\nExpected one of the following: \n\n'inherits', '{', whitespace\n\n    at c:\\Users\\edu\\.vscode\\extensions\\uqbar.wollok-lsp-ide-0.5.3\\out\\server\\src\\server.js:2348:13026\n    at Array.map (<anonymous>)\n    at W1n (c:\\Users\\edu\\.vscode\\extensions\\uqbar.wollok-lsp-ide-0.5.3\\out\\server\\src\\server.js:2348:12950)\n    at U2.buildEnvironmentFrom (c:\\Users\\edu\\.vscode\\extensions\\uqbar.wollok-lsp-ide-0.5.3\\out\\server\\src\\server.js:2393:5254)\n    at U2.updateEnvironmentWith (c:\\Users\\edu\\.vscode\\extensions\\uqbar.wollok-lsp-ide-0.5.3\\out\\server\\src\\server.js:2393:4989)\n    at JF (c:\\Users\\edu\\.vscode\\extensions\\uqbar.wollok-lsp-ide-0.5.3\\out\\server\\src\\server.js:2393:7383)\n    at F3.invoke (c:\\Users\\edu\\.vscode\\extensions\\uqbar.wollok-lsp-ide-0.5.3\\out\\server\\src\\server.js:3:157334)\n    at o.fire (c:\\Users\\edu\\.vscode\\extensions\\uqbar.wollok-lsp-ide-0.5.3\\out\\server\\src\\server.js:3:158104)\n    at c:\\Users\\edu\\.vscode\\extensions\\uqbar.wollok-lsp-ide-0.5.3\\out\\server\\src\\server.js:37:57871\n    at Zr (c:\\Users\\edu\\.vscode\\extensions\\uqbar.wollok-lsp-ide-0.5.3\\out\\server\\src\\server.js:8:1561)","timestamp":"2025-12-12T03:51:54.652Z"}
{"level":"error","message":"✘ Failed to rebuild document Failed to parse parciales/elLegadoDeSoliamMurr/exiliado.wlk: \n-- PARSING FAILED --------------------------------------------------\n\n   7 | }\n   8 | \n>  9 | class Demonio inheti {\n     |               ^\n  10 |   \n  11 | }\n\nExpected one of the following: \n\n'inherits', '{', whitespace\n","stack":"Error: Failed to parse parciales/elLegadoDeSoliamMurr/exiliado.wlk: \n-- PARSING FAILED --------------------------------------------------\n\n   7 | }\n   8 | \n>  9 | class Demonio inheti {\n     |               ^\n  10 |   \n  11 | }\n\nExpected one of the following: \n\n'inherits', '{', whitespace\n\n    at c:\\Users\\edu\\.vscode\\extensions\\uqbar.wollok-lsp-ide-0.5.3\\out\\server\\src\\server.js:2348:13026\n    at Array.map (<anonymous>)\n    at W1n (c:\\Users\\edu\\.vscode\\extensions\\uqbar.wollok-lsp-ide-0.5.3\\out\\server\\src\\server.js:2348:12950)\n    at U2.buildEnvironmentFrom (c:\\Users\\edu\\.vscode\\extensions\\uqbar.wollok-lsp-ide-0.5.3\\out\\server\\src\\server.js:2393:5254)\n    at U2.updateEnvironmentWith (c:\\Users\\edu\\.vscode\\extensions\\uqbar.wollok-lsp-ide-0.5.3\\out\\server\\src\\server.js:2393:4989)\n    at JF (c:\\Users\\edu\\.vscode\\extensions\\uqbar.wollok-lsp-ide-0.5.3\\out\\server\\src\\server.js:2393:7383)\n    at F3.invoke (c:\\Users\\edu\\.vscode\\extensions\\uqbar.wollok-lsp-ide-0.5.3\\out\\server\\src\\server.js:3:157334)\n    at o.fire (c:\\Users\\edu\\.vscode\\extensions\\uqbar.wollok-lsp-ide-0.5.3\\out\\server\\src\\server.js:3:158104)\n    at c:\\Users\\edu\\.vscode\\extensions\\uqbar.wollok-lsp-ide-0.5.3\\out\\server\\src\\server.js:37:57871\n    at Zr (c:\\Users\\edu\\.vscode\\extensions\\uqbar.wollok-lsp-ide-0.5.3\\out\\server\\src\\server.js:8:1561)","timestamp":"2025-12-12T03:51:54.771Z"}
{"level":"error","message":"✘ Failed to rebuild document Failed to parse parciales/elLegadoDeSoliamMurr/exiliado.wlk: \n-- PARSING FAILED --------------------------------------------------\n\n   7 | }\n   8 | \n>  9 | class Demonio inhet {\n     |               ^\n  10 |   \n  11 | }\n\nExpected one of the following: \n\n'inherits', '{', whitespace\n","stack":"Error: Failed to parse parciales/elLegadoDeSoliamMurr/exiliado.wlk: \n-- PARSING FAILED --------------------------------------------------\n\n   7 | }\n   8 | \n>  9 | class Demonio inhet {\n     |               ^\n  10 |   \n  11 | }\n\nExpected one of the following: \n\n'inherits', '{', whitespace\n\n    at c:\\Users\\edu\\.vscode\\extensions\\uqbar.wollok-lsp-ide-0.5.3\\out\\server\\src\\server.js:2348:13026\n    at Array.map (<anonymous>)\n    at W1n (c:\\Users\\edu\\.vscode\\extensions\\uqbar.wollok-lsp-ide-0.5.3\\out\\server\\src\\server.js:2348:12950)\n    at U2.buildEnvironmentFrom (c:\\Users\\edu\\.vscode\\extensions\\uqbar.wollok-lsp-ide-0.5.3\\out\\server\\src\\server.js:2393:5254)\n    at U2.updateEnvironmentWith (c:\\Users\\edu\\.vscode\\extensions\\uqbar.wollok-lsp-ide-0.5.3\\out\\server\\src\\server.js:2393:4989)\n    at JF (c:\\Users\\edu\\.vscode\\extensions\\uqbar.wollok-lsp-ide-0.5.3\\out\\server\\src\\server.js:2393:7383)\n    at F3.invoke (c:\\Users\\edu\\.vscode\\extensions\\uqbar.wollok-lsp-ide-0.5.3\\out\\server\\src\\server.js:3:157334)\n    at o.fire (c:\\Users\\edu\\.vscode\\extensions\\uqbar.wollok-lsp-ide-0.5.3\\out\\server\\src\\server.js:3:158104)\n    at c:\\Users\\edu\\.vscode\\extensions\\uqbar.wollok-lsp-ide-0.5.3\\out\\server\\src\\server.js:37:57871\n    at Zr (c:\\Users\\edu\\.vscode\\extensions\\uqbar.wollok-lsp-ide-0.5.3\\out\\server\\src\\server.js:8:1561)","timestamp":"2025-12-12T03:51:55.061Z"}
{"level":"error","message":"✘ Failed to rebuild document Failed to parse parciales/elLegadoDeSoliamMurr/exiliado.wlk: \n-- PARSING FAILED --------------------------------------------------\n\n   7 | }\n   8 | \n>  9 | class Demonio inhe {\n     |               ^\n  10 |   \n  11 | }\n\nExpected one of the following: \n\n'inherits', '{', whitespace\n","stack":"Error: Failed to parse parciales/elLegadoDeSoliamMurr/exiliado.wlk: \n-- PARSING FAILED --------------------------------------------------\n\n   7 | }\n   8 | \n>  9 | class Demonio inhe {\n     |               ^\n  10 |   \n  11 | }\n\nExpected one of the following: \n\n'inherits', '{', whitespace\n\n    at c:\\Users\\edu\\.vscode\\extensions\\uqbar.wollok-lsp-ide-0.5.3\\out\\server\\src\\server.js:2348:13026\n    at Array.map (<anonymous>)\n    at W1n (c:\\Users\\edu\\.vscode\\extensions\\uqbar.wollok-lsp-ide-0.5.3\\out\\server\\src\\server.js:2348:12950)\n    at U2.buildEnvironmentFrom (c:\\Users\\edu\\.vscode\\extensions\\uqbar.wollok-lsp-ide-0.5.3\\out\\server\\src\\server.js:2393:5254)\n    at U2.updateEnvironmentWith (c:\\Users\\edu\\.vscode\\extensions\\uqbar.wollok-lsp-ide-0.5.3\\out\\server\\src\\server.js:2393:4989)\n    at JF (c:\\Users\\edu\\.vscode\\extensions\\uqbar.wollok-lsp-ide-0.5.3\\out\\server\\src\\server.js:2393:7383)\n    at F3.invoke (c:\\Users\\edu\\.vscode\\extensions\\uqbar.wollok-lsp-ide-0.5.3\\out\\server\\src\\server.js:3:157334)\n    at o.fire (c:\\Users\\edu\\.vscode\\extensions\\uqbar.wollok-lsp-ide-0.5.3\\out\\server\\src\\server.js:3:158104)\n    at c:\\Users\\edu\\.vscode\\extensions\\uqbar.wollok-lsp-ide-0.5.3\\out\\server\\src\\server.js:37:57871\n    at Zr (c:\\Users\\edu\\.vscode\\extensions\\uqbar.wollok-lsp-ide-0.5.3\\out\\server\\src\\server.js:8:1561)","timestamp":"2025-12-12T03:51:55.194Z"}
{"level":"error","message":"✘ Failed to rebuild document Failed to parse parciales/elLegadoDeSoliamMurr/exiliado.wlk: \n-- PARSING FAILED --------------------------------------------------\n\n   7 | }\n   8 | \n>  9 | class Demonio inher {\n     |               ^\n  10 |   \n  11 | }\n\nExpected one of the following: \n\n'inherits', '{', whitespace\n","stack":"Error: Failed to parse parciales/elLegadoDeSoliamMurr/exiliado.wlk: \n-- PARSING FAILED --------------------------------------------------\n\n   7 | }\n   8 | \n>  9 | class Demonio inher {\n     |               ^\n  10 |   \n  11 | }\n\nExpected one of the following: \n\n'inherits', '{', whitespace\n\n    at c:\\Users\\edu\\.vscode\\extensions\\uqbar.wollok-lsp-ide-0.5.3\\out\\server\\src\\server.js:2348:13026\n    at Array.map (<anonymous>)\n    at W1n (c:\\Users\\edu\\.vscode\\extensions\\uqbar.wollok-lsp-ide-0.5.3\\out\\server\\src\\server.js:2348:12950)\n    at U2.buildEnvironmentFrom (c:\\Users\\edu\\.vscode\\extensions\\uqbar.wollok-lsp-ide-0.5.3\\out\\server\\src\\server.js:2393:5254)\n    at U2.updateEnvironmentWith (c:\\Users\\edu\\.vscode\\extensions\\uqbar.wollok-lsp-ide-0.5.3\\out\\server\\src\\server.js:2393:4989)\n    at JF (c:\\Users\\edu\\.vscode\\extensions\\uqbar.wollok-lsp-ide-0.5.3\\out\\server\\src\\server.js:2393:7383)\n    at F3.invoke (c:\\Users\\edu\\.vscode\\extensions\\uqbar.wollok-lsp-ide-0.5.3\\out\\server\\src\\server.js:3:157334)\n    at o.fire (c:\\Users\\edu\\.vscode\\extensions\\uqbar.wollok-lsp-ide-0.5.3\\out\\server\\src\\server.js:3:158104)\n    at c:\\Users\\edu\\.vscode\\extensions\\uqbar.wollok-lsp-ide-0.5.3\\out\\server\\src\\server.js:37:57871\n    at Zr (c:\\Users\\edu\\.vscode\\extensions\\uqbar.wollok-lsp-ide-0.5.3\\out\\server\\src\\server.js:8:1561)","timestamp":"2025-12-12T03:51:55.317Z"}
{"level":"error","message":"✘ Failed to rebuild document Failed to parse parciales/elLegadoDeSoliamMurr/exiliado.wlk: \n-- PARSING FAILED --------------------------------------------------\n\n   7 | }\n   8 | \n>  9 | class Demonio inheri {\n     |               ^\n  10 |   \n  11 | }\n\nExpected one of the following: \n\n'inherits', '{', whitespace\n","stack":"Error: Failed to parse parciales/elLegadoDeSoliamMurr/exiliado.wlk: \n-- PARSING FAILED --------------------------------------------------\n\n   7 | }\n   8 | \n>  9 | class Demonio inheri {\n     |               ^\n  10 |   \n  11 | }\n\nExpected one of the following: \n\n'inherits', '{', whitespace\n\n    at c:\\Users\\edu\\.vscode\\extensions\\uqbar.wollok-lsp-ide-0.5.3\\out\\server\\src\\server.js:2348:13026\n    at Array.map (<anonymous>)\n    at W1n (c:\\Users\\edu\\.vscode\\extensions\\uqbar.wollok-lsp-ide-0.5.3\\out\\server\\src\\server.js:2348:12950)\n    at U2.buildEnvironmentFrom (c:\\Users\\edu\\.vscode\\extensions\\uqbar.wollok-lsp-ide-0.5.3\\out\\server\\src\\server.js:2393:5254)\n    at U2.updateEnvironmentWith (c:\\Users\\edu\\.vscode\\extensions\\uqbar.wollok-lsp-ide-0.5.3\\out\\server\\src\\server.js:2393:4989)\n    at JF (c:\\Users\\edu\\.vscode\\extensions\\uqbar.wollok-lsp-ide-0.5.3\\out\\server\\src\\server.js:2393:7383)\n    at F3.invoke (c:\\Users\\edu\\.vscode\\extensions\\uqbar.wollok-lsp-ide-0.5.3\\out\\server\\src\\server.js:3:157334)\n    at o.fire (c:\\Users\\edu\\.vscode\\extensions\\uqbar.wollok-lsp-ide-0.5.3\\out\\server\\src\\server.js:3:158104)\n    at c:\\Users\\edu\\.vscode\\extensions\\uqbar.wollok-lsp-ide-0.5.3\\out\\server\\src\\server.js:37:57871\n    at Zr (c:\\Users\\edu\\.vscode\\extensions\\uqbar.wollok-lsp-ide-0.5.3\\out\\server\\src\\server.js:8:1561)","timestamp":"2025-12-12T03:51:55.447Z"}
{"level":"error","message":"✘ Failed to rebuild document Failed to parse parciales/elLegadoDeSoliamMurr/exiliado.wlk: \n-- PARSING FAILED --------------------------------------------------\n\n   7 | }\n   8 | \n>  9 | class Demonio inherit {\n     |               ^\n  10 |   \n  11 | }\n\nExpected one of the following: \n\n'inherits', '{', whitespace\n","stack":"Error: Failed to parse parciales/elLegadoDeSoliamMurr/exiliado.wlk: \n-- PARSING FAILED --------------------------------------------------\n\n   7 | }\n   8 | \n>  9 | class Demonio inherit {\n     |               ^\n  10 |   \n  11 | }\n\nExpected one of the following: \n\n'inherits', '{', whitespace\n\n    at c:\\Users\\edu\\.vscode\\extensions\\uqbar.wollok-lsp-ide-0.5.3\\out\\server\\src\\server.js:2348:13026\n    at Array.map (<anonymous>)\n    at W1n (c:\\Users\\edu\\.vscode\\extensions\\uqbar.wollok-lsp-ide-0.5.3\\out\\server\\src\\server.js:2348:12950)\n    at U2.buildEnvironmentFrom (c:\\Users\\edu\\.vscode\\extensions\\uqbar.wollok-lsp-ide-0.5.3\\out\\server\\src\\server.js:2393:5254)\n    at U2.updateEnvironmentWith (c:\\Users\\edu\\.vscode\\extensions\\uqbar.wollok-lsp-ide-0.5.3\\out\\server\\src\\server.js:2393:4989)\n    at JF (c:\\Users\\edu\\.vscode\\extensions\\uqbar.wollok-lsp-ide-0.5.3\\out\\server\\src\\server.js:2393:7383)\n    at F3.invoke (c:\\Users\\edu\\.vscode\\extensions\\uqbar.wollok-lsp-ide-0.5.3\\out\\server\\src\\server.js:3:157334)\n    at o.fire (c:\\Users\\edu\\.vscode\\extensions\\uqbar.wollok-lsp-ide-0.5.3\\out\\server\\src\\server.js:3:158104)\n    at c:\\Users\\edu\\.vscode\\extensions\\uqbar.wollok-lsp-ide-0.5.3\\out\\server\\src\\server.js:37:57871\n    at Zr (c:\\Users\\edu\\.vscode\\extensions\\uqbar.wollok-lsp-ide-0.5.3\\out\\server\\src\\server.js:8:1561)","timestamp":"2025-12-12T03:51:55.495Z"}
{"level":"error","message":"✘ Failed to rebuild document Failed to parse parciales/elLegadoDeSoliamMurr/exiliado.wlk: \n-- PARSING FAILED --------------------------------------------------\n\n   7 | }\n   8 | \n>  9 | class Demonio inherits {\n     |                        ^\n  10 |   \n  11 | }\n\nExpected one of the following: \n\n'@', comment, identifier, package identifier, whitespace\n","stack":"Error: Failed to parse parciales/elLegadoDeSoliamMurr/exiliado.wlk: \n-- PARSING FAILED --------------------------------------------------\n\n   7 | }\n   8 | \n>  9 | class Demonio inherits {\n     |                        ^\n  10 |   \n  11 | }\n\nExpected one of the following: \n\n'@', comment, identifier, package identifier, whitespace\n\n    at c:\\Users\\edu\\.vscode\\extensions\\uqbar.wollok-lsp-ide-0.5.3\\out\\server\\src\\server.js:2348:13026\n    at Array.map (<anonymous>)\n    at W1n (c:\\Users\\edu\\.vscode\\extensions\\uqbar.wollok-lsp-ide-0.5.3\\out\\server\\src\\server.js:2348:12950)\n    at U2.buildEnvironmentFrom (c:\\Users\\edu\\.vscode\\extensions\\uqbar.wollok-lsp-ide-0.5.3\\out\\server\\src\\server.js:2393:5254)\n    at U2.updateEnvironmentWith (c:\\Users\\edu\\.vscode\\extensions\\uqbar.wollok-lsp-ide-0.5.3\\out\\server\\src\\server.js:2393:4989)\n    at JF (c:\\Users\\edu\\.vscode\\extensions\\uqbar.wollok-lsp-ide-0.5.3\\out\\server\\src\\server.js:2393:7383)\n    at F3.invoke (c:\\Users\\edu\\.vscode\\extensions\\uqbar.wollok-lsp-ide-0.5.3\\out\\server\\src\\server.js:3:157334)\n    at o.fire (c:\\Users\\edu\\.vscode\\extensions\\uqbar.wollok-lsp-ide-0.5.3\\out\\server\\src\\server.js:3:158104)\n    at c:\\Users\\edu\\.vscode\\extensions\\uqbar.wollok-lsp-ide-0.5.3\\out\\server\\src\\server.js:37:57871\n    at Zr (c:\\Users\\edu\\.vscode\\extensions\\uqbar.wollok-lsp-ide-0.5.3\\out\\server\\src\\server.js:8:1561)","timestamp":"2025-12-12T03:51:55.660Z"}
{"level":"error","message":"✘ Failed to rebuild document Failed to parse parciales/elLegadoDeSoliamMurr/exiliado.wlk: \n-- PARSING FAILED --------------------------------------------------\n\n   7 | }\n   8 | \n>  9 | class Demonio inherits  {\n     |                         ^\n  10 |   \n  11 | }\n\nExpected one of the following: \n\n'@', comment, identifier, package identifier, whitespace\n","stack":"Error: Failed to parse parciales/elLegadoDeSoliamMurr/exiliado.wlk: \n-- PARSING FAILED --------------------------------------------------\n\n   7 | }\n   8 | \n>  9 | class Demonio inherits  {\n     |                         ^\n  10 |   \n  11 | }\n\nExpected one of the following: \n\n'@', comment, identifier, package identifier, whitespace\n\n    at c:\\Users\\edu\\.vscode\\extensions\\uqbar.wollok-lsp-ide-0.5.3\\out\\server\\src\\server.js:2348:13026\n    at Array.map (<anonymous>)\n    at W1n (c:\\Users\\edu\\.vscode\\extensions\\uqbar.wollok-lsp-ide-0.5.3\\out\\server\\src\\server.js:2348:12950)\n    at U2.buildEnvironmentFrom (c:\\Users\\edu\\.vscode\\extensions\\uqbar.wollok-lsp-ide-0.5.3\\out\\server\\src\\server.js:2393:5254)\n    at U2.updateEnvironmentWith (c:\\Users\\edu\\.vscode\\extensions\\uqbar.wollok-lsp-ide-0.5.3\\out\\server\\src\\server.js:2393:4989)\n    at JF (c:\\Users\\edu\\.vscode\\extensions\\uqbar.wollok-lsp-ide-0.5.3\\out\\server\\src\\server.js:2393:7383)\n    at F3.invoke (c:\\Users\\edu\\.vscode\\extensions\\uqbar.wollok-lsp-ide-0.5.3\\out\\server\\src\\server.js:3:157334)\n    at o.fire (c:\\Users\\edu\\.vscode\\extensions\\uqbar.wollok-lsp-ide-0.5.3\\out\\server\\src\\server.js:3:158104)\n    at c:\\Users\\edu\\.vscode\\extensions\\uqbar.wollok-lsp-ide-0.5.3\\out\\server\\src\\server.js:37:57871\n    at Zr (c:\\Users\\edu\\.vscode\\extensions\\uqbar.wollok-lsp-ide-0.5.3\\out\\server\\src\\server.js:8:1561)","timestamp":"2025-12-12T03:51:56.156Z"}
{"level":"error","message":"✘ Completions for node ParameterizedType ([9:24, 9:25] - parciales/elLegadoDeSoliamMurr/exiliado.wlk) failed: Error: [ParameterizedType]{a31d4d} at parciales/elLegadoDeSoliamMurr/exiliado.wlk:9 exhausted all cases without a match [ParameterizedType]{a31d4d} at parciales/elLegadoDeSoliamMurr/exiliado.wlk:9 exhausted all cases without a match","stack":"Error: [ParameterizedType]{a31d4d} at parciales/elLegadoDeSoliamMurr/exiliado.wlk:9 exhausted all cases without a match\n    at c:\\Users\\edu\\.vscode\\extensions\\uqbar.wollok-lsp-ide-0.5.3\\out\\server\\src\\server.js:38:6142\n    at D2 (c:\\Users\\edu\\.vscode\\extensions\\uqbar.wollok-lsp-ide-0.5.3\\out\\server\\src\\server.js:2384:42)\n    at Qh (c:\\Users\\edu\\.vscode\\extensions\\uqbar.wollok-lsp-ide-0.5.3\\out\\server\\src\\server.js:2384:1092)\n    at k6n (c:\\Users\\edu\\.vscode\\extensions\\uqbar.wollok-lsp-ide-0.5.3\\out\\server\\src\\server.js:2384:1248)\n    at c:\\Users\\edu\\.vscode\\extensions\\uqbar.wollok-lsp-ide-0.5.3\\out\\server\\src\\server.js:38:6131\n    at D2 (c:\\Users\\edu\\.vscode\\extensions\\uqbar.wollok-lsp-ide-0.5.3\\out\\server\\src\\server.js:2384:42)\n    at c:\\Users\\edu\\.vscode\\extensions\\uqbar.wollok-lsp-ide-0.5.3\\out\\server\\src\\server.js:2384:2988\n    at c:\\Users\\edu\\.vscode\\extensions\\uqbar.wollok-lsp-ide-0.5.3\\out\\server\\src\\server.js:2393:8440\n    at c:\\Users\\edu\\.vscode\\extensions\\uqbar.wollok-lsp-ide-0.5.3\\out\\server\\src\\server.js:37:74872\n    at Ye (c:\\Users\\edu\\.vscode\\extensions\\uqbar.wollok-lsp-ide-0.5.3\\out\\server\\src\\server.js:7:8527)","timestamp":"2025-12-12T03:51:57.314Z"}
{"level":"info","message":"⌛ Validating parciales/elLegadoDeSoliamMurr/exiliado.wlk","timeElapsed":148,"timestamp":"2025-12-12T03:51:57.463Z"}
{"level":"info","message":"⌛ Building environment","timeElapsed":101,"timestamp":"2025-12-12T03:51:57.806Z"}
{"level":"info","message":"⌛ Validating parciales/elLegadoDeSoliamMurr/exiliado.wlk","timeElapsed":150,"timestamp":"2025-12-12T03:51:57.956Z"}
{"level":"info","message":"⌛ Validating parciales/elLegadoDeSoliamMurr/exiliado.wlk","timeElapsed":161,"timestamp":"2025-12-12T03:51:58.210Z"}
{"level":"info","message":"⌛ Validating parciales/elLegadoDeSoliamMurr/exiliado.wlk","timeElapsed":158,"timestamp":"2025-12-12T03:51:58.368Z"}
{"level":"info","message":"⌛ Validating parciales/elLegadoDeSoliamMurr/exiliado.wlk","timeElapsed":159,"timestamp":"2025-12-12T03:51:58.733Z"}
{"level":"info","message":"⌛ Building environment","timeElapsed":150,"timestamp":"2025-12-12T03:51:59.053Z"}
{"level":"info","message":"⌛ Validating parciales/elLegadoDeSoliamMurr/exiliado.wlk","timeElapsed":148,"timestamp":"2025-12-12T03:51:59.201Z"}
{"level":"info","message":"⌛ Validating parciales/elLegadoDeSoliamMurr/exiliado.wlk","timeElapsed":120,"timestamp":"2025-12-12T03:51:59.321Z"}
{"level":"info","message":"⌛ Building environment","timeElapsed":154,"timestamp":"2025-12-12T03:52:00.097Z"}
{"level":"info","message":"⌛ Validating parciales/elLegadoDeSoliamMurr/exiliado.wlk","timeElapsed":246,"timestamp":"2025-12-12T03:52:00.344Z"}
{"level":"info","message":"⌛ Validating parciales/elLegadoDeSoliamMurr/exiliado.wlk","timeElapsed":125,"timestamp":"2025-12-12T03:52:02.434Z"}
{"level":"info","message":"⌛ Validating parciales/elLegadoDeSoliamMurr/exiliado.wlk","timeElapsed":163,"timestamp":"2025-12-12T03:52:04.794Z"}
{"level":"error","message":"✘ Failed to rebuild document Failed to parse parciales/elLegadoDeSoliamMurr/exiliado.wlk: \n-- PARSING FAILED --------------------------------------------------\n\n  3 | }\n  4 | \n> 5 | class Nomada i {\n    |              ^\n  6 |   \n  7 | }\n\nExpected one of the following: \n\n'inherits', '{', whitespace\n","stack":"Error: Failed to parse parciales/elLegadoDeSoliamMurr/exiliado.wlk: \n-- PARSING FAILED --------------------------------------------------\n\n  3 | }\n  4 | \n> 5 | class Nomada i {\n    |              ^\n  6 |   \n  7 | }\n\nExpected one of the following: \n\n'inherits', '{', whitespace\n\n    at c:\\Users\\edu\\.vscode\\extensions\\uqbar.wollok-lsp-ide-0.5.3\\out\\server\\src\\server.js:2348:13026\n    at Array.map (<anonymous>)\n    at W1n (c:\\Users\\edu\\.vscode\\extensions\\uqbar.wollok-lsp-ide-0.5.3\\out\\server\\src\\server.js:2348:12950)\n    at U2.buildEnvironmentFrom (c:\\Users\\edu\\.vscode\\extensions\\uqbar.wollok-lsp-ide-0.5.3\\out\\server\\src\\server.js:2393:5254)\n    at U2.updateEnvironmentWith (c:\\Users\\edu\\.vscode\\extensions\\uqbar.wollok-lsp-ide-0.5.3\\out\\server\\src\\server.js:2393:4989)\n    at JF (c:\\Users\\edu\\.vscode\\extensions\\uqbar.wollok-lsp-ide-0.5.3\\out\\server\\src\\server.js:2393:7383)\n    at F3.invoke (c:\\Users\\edu\\.vscode\\extensions\\uqbar.wollok-lsp-ide-0.5.3\\out\\server\\src\\server.js:3:157334)\n    at o.fire (c:\\Users\\edu\\.vscode\\extensions\\uqbar.wollok-lsp-ide-0.5.3\\out\\server\\src\\server.js:3:158104)\n    at c:\\Users\\edu\\.vscode\\extensions\\uqbar.wollok-lsp-ide-0.5.3\\out\\server\\src\\server.js:37:57871\n    at Zr (c:\\Users\\edu\\.vscode\\extensions\\uqbar.wollok-lsp-ide-0.5.3\\out\\server\\src\\server.js:8:1561)","timestamp":"2025-12-12T03:52:04.795Z"}
{"level":"error","message":"✘ Failed to rebuild document Failed to parse parciales/elLegadoDeSoliamMurr/exiliado.wlk: \n-- PARSING FAILED --------------------------------------------------\n\n  3 | }\n  4 | \n> 5 | class Nomada in {\n    |              ^\n  6 |   \n  7 | }\n\nExpected one of the following: \n\n'inherits', '{', whitespace\n","stack":"Error: Failed to parse parciales/elLegadoDeSoliamMurr/exiliado.wlk: \n-- PARSING FAILED --------------------------------------------------\n\n  3 | }\n  4 | \n> 5 | class Nomada in {\n    |              ^\n  6 |   \n  7 | }\n\nExpected one of the following: \n\n'inherits', '{', whitespace\n\n    at c:\\Users\\edu\\.vscode\\extensions\\uqbar.wollok-lsp-ide-0.5.3\\out\\server\\src\\server.js:2348:13026\n    at Array.map (<anonymous>)\n    at W1n (c:\\Users\\edu\\.vscode\\extensions\\uqbar.wollok-lsp-ide-0.5.3\\out\\server\\src\\server.js:2348:12950)\n    at U2.buildEnvironmentFrom (c:\\Users\\edu\\.vscode\\extensions\\uqbar.wollok-lsp-ide-0.5.3\\out\\server\\src\\server.js:2393:5254)\n    at U2.updateEnvironmentWith (c:\\Users\\edu\\.vscode\\extensions\\uqbar.wollok-lsp-ide-0.5.3\\out\\server\\src\\server.js:2393:4989)\n    at JF (c:\\Users\\edu\\.vscode\\extensions\\uqbar.wollok-lsp-ide-0.5.3\\out\\server\\src\\server.js:2393:7383)\n    at F3.invoke (c:\\Users\\edu\\.vscode\\extensions\\uqbar.wollok-lsp-ide-0.5.3\\out\\server\\src\\server.js:3:157334)\n    at o.fire (c:\\Users\\edu\\.vscode\\extensions\\uqbar.wollok-lsp-ide-0.5.3\\out\\server\\src\\server.js:3:158104)\n    at c:\\Users\\edu\\.vscode\\extensions\\uqbar.wollok-lsp-ide-0.5.3\\out\\server\\src\\server.js:37:57871\n    at Zr (c:\\Users\\edu\\.vscode\\extensions\\uqbar.wollok-lsp-ide-0.5.3\\out\\server\\src\\server.js:8:1561)","timestamp":"2025-12-12T03:52:04.830Z"}
{"level":"error","message":"✘ Failed to rebuild document Failed to parse parciales/elLegadoDeSoliamMurr/exiliado.wlk: \n-- PARSING FAILED --------------------------------------------------\n\n  3 | }\n  4 | \n> 5 | class Nomada inh {\n    |              ^\n  6 |   \n  7 | }\n\nExpected one of the following: \n\n'inherits', '{', whitespace\n","stack":"Error: Failed to parse parciales/elLegadoDeSoliamMurr/exiliado.wlk: \n-- PARSING FAILED --------------------------------------------------\n\n  3 | }\n  4 | \n> 5 | class Nomada inh {\n    |              ^\n  6 |   \n  7 | }\n\nExpected one of the following: \n\n'inherits', '{', whitespace\n\n    at c:\\Users\\edu\\.vscode\\extensions\\uqbar.wollok-lsp-ide-0.5.3\\out\\server\\src\\server.js:2348:13026\n    at Array.map (<anonymous>)\n    at W1n (c:\\Users\\edu\\.vscode\\extensions\\uqbar.wollok-lsp-ide-0.5.3\\out\\server\\src\\server.js:2348:12950)\n    at U2.buildEnvironmentFrom (c:\\Users\\edu\\.vscode\\extensions\\uqbar.wollok-lsp-ide-0.5.3\\out\\server\\src\\server.js:2393:5254)\n    at U2.updateEnvironmentWith (c:\\Users\\edu\\.vscode\\extensions\\uqbar.wollok-lsp-ide-0.5.3\\out\\server\\src\\server.js:2393:4989)\n    at JF (c:\\Users\\edu\\.vscode\\extensions\\uqbar.wollok-lsp-ide-0.5.3\\out\\server\\src\\server.js:2393:7383)\n    at F3.invoke (c:\\Users\\edu\\.vscode\\extensions\\uqbar.wollok-lsp-ide-0.5.3\\out\\server\\src\\server.js:3:157334)\n    at o.fire (c:\\Users\\edu\\.vscode\\extensions\\uqbar.wollok-lsp-ide-0.5.3\\out\\server\\src\\server.js:3:158104)\n    at c:\\Users\\edu\\.vscode\\extensions\\uqbar.wollok-lsp-ide-0.5.3\\out\\server\\src\\server.js:37:57871\n    at Zr (c:\\Users\\edu\\.vscode\\extensions\\uqbar.wollok-lsp-ide-0.5.3\\out\\server\\src\\server.js:8:1561)","timestamp":"2025-12-12T03:52:04.896Z"}
{"level":"error","message":"✘ Failed to rebuild document Failed to parse parciales/elLegadoDeSoliamMurr/exiliado.wlk: \n-- PARSING FAILED --------------------------------------------------\n\n  3 | }\n  4 | \n> 5 | class Nomada inhe {\n    |              ^\n  6 |   \n  7 | }\n\nExpected one of the following: \n\n'inherits', '{', whitespace\n","stack":"Error: Failed to parse parciales/elLegadoDeSoliamMurr/exiliado.wlk: \n-- PARSING FAILED --------------------------------------------------\n\n  3 | }\n  4 | \n> 5 | class Nomada inhe {\n    |              ^\n  6 |   \n  7 | }\n\nExpected one of the following: \n\n'inherits', '{', whitespace\n\n    at c:\\Users\\edu\\.vscode\\extensions\\uqbar.wollok-lsp-ide-0.5.3\\out\\server\\src\\server.js:2348:13026\n    at Array.map (<anonymous>)\n    at W1n (c:\\Users\\edu\\.vscode\\extensions\\uqbar.wollok-lsp-ide-0.5.3\\out\\server\\src\\server.js:2348:12950)\n    at U2.buildEnvironmentFrom (c:\\Users\\edu\\.vscode\\extensions\\uqbar.wollok-lsp-ide-0.5.3\\out\\server\\src\\server.js:2393:5254)\n    at U2.updateEnvironmentWith (c:\\Users\\edu\\.vscode\\extensions\\uqbar.wollok-lsp-ide-0.5.3\\out\\server\\src\\server.js:2393:4989)\n    at JF (c:\\Users\\edu\\.vscode\\extensions\\uqbar.wollok-lsp-ide-0.5.3\\out\\server\\src\\server.js:2393:7383)\n    at F3.invoke (c:\\Users\\edu\\.vscode\\extensions\\uqbar.wollok-lsp-ide-0.5.3\\out\\server\\src\\server.js:3:157334)\n    at o.fire (c:\\Users\\edu\\.vscode\\extensions\\uqbar.wollok-lsp-ide-0.5.3\\out\\server\\src\\server.js:3:158104)\n    at c:\\Users\\edu\\.vscode\\extensions\\uqbar.wollok-lsp-ide-0.5.3\\out\\server\\src\\server.js:37:57871\n    at Zr (c:\\Users\\edu\\.vscode\\extensions\\uqbar.wollok-lsp-ide-0.5.3\\out\\server\\src\\server.js:8:1561)","timestamp":"2025-12-12T03:52:04.947Z"}
{"level":"error","message":"✘ Failed to rebuild document Failed to parse parciales/elLegadoDeSoliamMurr/exiliado.wlk: \n-- PARSING FAILED --------------------------------------------------\n\n  3 | }\n  4 | \n> 5 | class Nomada inher {\n    |              ^\n  6 |   \n  7 | }\n\nExpected one of the following: \n\n'inherits', '{', whitespace\n","stack":"Error: Failed to parse parciales/elLegadoDeSoliamMurr/exiliado.wlk: \n-- PARSING FAILED --------------------------------------------------\n\n  3 | }\n  4 | \n> 5 | class Nomada inher {\n    |              ^\n  6 |   \n  7 | }\n\nExpected one of the following: \n\n'inherits', '{', whitespace\n\n    at c:\\Users\\edu\\.vscode\\extensions\\uqbar.wollok-lsp-ide-0.5.3\\out\\server\\src\\server.js:2348:13026\n    at Array.map (<anonymous>)\n    at W1n (c:\\Users\\edu\\.vscode\\extensions\\uqbar.wollok-lsp-ide-0.5.3\\out\\server\\src\\server.js:2348:12950)\n    at U2.buildEnvironmentFrom (c:\\Users\\edu\\.vscode\\extensions\\uqbar.wollok-lsp-ide-0.5.3\\out\\server\\src\\server.js:2393:5254)\n    at U2.updateEnvironmentWith (c:\\Users\\edu\\.vscode\\extensions\\uqbar.wollok-lsp-ide-0.5.3\\out\\server\\src\\server.js:2393:4989)\n    at JF (c:\\Users\\edu\\.vscode\\extensions\\uqbar.wollok-lsp-ide-0.5.3\\out\\server\\src\\server.js:2393:7383)\n    at F3.invoke (c:\\Users\\edu\\.vscode\\extensions\\uqbar.wollok-lsp-ide-0.5.3\\out\\server\\src\\server.js:3:157334)\n    at o.fire (c:\\Users\\edu\\.vscode\\extensions\\uqbar.wollok-lsp-ide-0.5.3\\out\\server\\src\\server.js:3:158104)\n    at c:\\Users\\edu\\.vscode\\extensions\\uqbar.wollok-lsp-ide-0.5.3\\out\\server\\src\\server.js:37:57871\n    at Zr (c:\\Users\\edu\\.vscode\\extensions\\uqbar.wollok-lsp-ide-0.5.3\\out\\server\\src\\server.js:8:1561)","timestamp":"2025-12-12T03:52:05.063Z"}
{"level":"error","message":"✘ Failed to rebuild document Failed to parse parciales/elLegadoDeSoliamMurr/exiliado.wlk: \n-- PARSING FAILED --------------------------------------------------\n\n  3 | }\n  4 | \n> 5 | class Nomada inheri {\n    |              ^\n  6 |   \n  7 | }\n\nExpected one of the following: \n\n'inherits', '{', whitespace\n","stack":"Error: Failed to parse parciales/elLegadoDeSoliamMurr/exiliado.wlk: \n-- PARSING FAILED --------------------------------------------------\n\n  3 | }\n  4 | \n> 5 | class Nomada inheri {\n    |              ^\n  6 |   \n  7 | }\n\nExpected one of the following: \n\n'inherits', '{', whitespace\n\n    at c:\\Users\\edu\\.vscode\\extensions\\uqbar.wollok-lsp-ide-0.5.3\\out\\server\\src\\server.js:2348:13026\n    at Array.map (<anonymous>)\n    at W1n (c:\\Users\\edu\\.vscode\\extensions\\uqbar.wollok-lsp-ide-0.5.3\\out\\server\\src\\server.js:2348:12950)\n    at U2.buildEnvironmentFrom (c:\\Users\\edu\\.vscode\\extensions\\uqbar.wollok-lsp-ide-0.5.3\\out\\server\\src\\server.js:2393:5254)\n    at U2.updateEnvironmentWith (c:\\Users\\edu\\.vscode\\extensions\\uqbar.wollok-lsp-ide-0.5.3\\out\\server\\src\\server.js:2393:4989)\n    at JF (c:\\Users\\edu\\.vscode\\extensions\\uqbar.wollok-lsp-ide-0.5.3\\out\\server\\src\\server.js:2393:7383)\n    at F3.invoke (c:\\Users\\edu\\.vscode\\extensions\\uqbar.wollok-lsp-ide-0.5.3\\out\\server\\src\\server.js:3:157334)\n    at o.fire (c:\\Users\\edu\\.vscode\\extensions\\uqbar.wollok-lsp-ide-0.5.3\\out\\server\\src\\server.js:3:158104)\n    at c:\\Users\\edu\\.vscode\\extensions\\uqbar.wollok-lsp-ide-0.5.3\\out\\server\\src\\server.js:37:57871\n    at Zr (c:\\Users\\edu\\.vscode\\extensions\\uqbar.wollok-lsp-ide-0.5.3\\out\\server\\src\\server.js:8:1561)","timestamp":"2025-12-12T03:52:05.218Z"}
{"level":"error","message":"✘ Failed to rebuild document Failed to parse parciales/elLegadoDeSoliamMurr/exiliado.wlk: \n-- PARSING FAILED --------------------------------------------------\n\n  3 | }\n  4 | \n> 5 | class Nomada inherit {\n    |              ^\n  6 |   \n  7 | }\n\nExpected one of the following: \n\n'inherits', '{', whitespace\n","stack":"Error: Failed to parse parciales/elLegadoDeSoliamMurr/exiliado.wlk: \n-- PARSING FAILED --------------------------------------------------\n\n  3 | }\n  4 | \n> 5 | class Nomada inherit {\n    |              ^\n  6 |   \n  7 | }\n\nExpected one of the following: \n\n'inherits', '{', whitespace\n\n    at c:\\Users\\edu\\.vscode\\extensions\\uqbar.wollok-lsp-ide-0.5.3\\out\\server\\src\\server.js:2348:13026\n    at Array.map (<anonymous>)\n    at W1n (c:\\Users\\edu\\.vscode\\extensions\\uqbar.wollok-lsp-ide-0.5.3\\out\\server\\src\\server.js:2348:12950)\n    at U2.buildEnvironmentFrom (c:\\Users\\edu\\.vscode\\extensions\\uqbar.wollok-lsp-ide-0.5.3\\out\\server\\src\\server.js:2393:5254)\n    at U2.updateEnvironmentWith (c:\\Users\\edu\\.vscode\\extensions\\uqbar.wollok-lsp-ide-0.5.3\\out\\server\\src\\server.js:2393:4989)\n    at JF (c:\\Users\\edu\\.vscode\\extensions\\uqbar.wollok-lsp-ide-0.5.3\\out\\server\\src\\server.js:2393:7383)\n    at F3.invoke (c:\\Users\\edu\\.vscode\\extensions\\uqbar.wollok-lsp-ide-0.5.3\\out\\server\\src\\server.js:3:157334)\n    at o.fire (c:\\Users\\edu\\.vscode\\extensions\\uqbar.wollok-lsp-ide-0.5.3\\out\\server\\src\\server.js:3:158104)\n    at c:\\Users\\edu\\.vscode\\extensions\\uqbar.wollok-lsp-ide-0.5.3\\out\\server\\src\\server.js:37:57871\n    at Zr (c:\\Users\\edu\\.vscode\\extensions\\uqbar.wollok-lsp-ide-0.5.3\\out\\server\\src\\server.js:8:1561)","timestamp":"2025-12-12T03:52:05.297Z"}
{"level":"error","message":"✘ Failed to rebuild document Failed to parse parciales/elLegadoDeSoliamMurr/exiliado.wlk: \n-- PARSING FAILED --------------------------------------------------\n\n  3 | }\n  4 | \n> 5 | class Nomada inherits {\n    |                       ^\n  6 |   \n  7 | }\n\nExpected one of the following: \n\n'@', comment, identifier, package identifier, whitespace\n","stack":"Error: Failed to parse parciales/elLegadoDeSoliamMurr/exiliado.wlk: \n-- PARSING FAILED --------------------------------------------------\n\n  3 | }\n  4 | \n> 5 | class Nomada inherits {\n    |                       ^\n  6 |   \n  7 | }\n\nExpected one of the following: \n\n'@', comment, identifier, package identifier, whitespace\n\n    at c:\\Users\\edu\\.vscode\\extensions\\uqbar.wollok-lsp-ide-0.5.3\\out\\server\\src\\server.js:2348:13026\n    at Array.map (<anonymous>)\n    at W1n (c:\\Users\\edu\\.vscode\\extensions\\uqbar.wollok-lsp-ide-0.5.3\\out\\server\\src\\server.js:2348:12950)\n    at U2.buildEnvironmentFrom (c:\\Users\\edu\\.vscode\\extensions\\uqbar.wollok-lsp-ide-0.5.3\\out\\server\\src\\server.js:2393:5254)\n    at U2.updateEnvironmentWith (c:\\Users\\edu\\.vscode\\extensions\\uqbar.wollok-lsp-ide-0.5.3\\out\\server\\src\\server.js:2393:4989)\n    at JF (c:\\Users\\edu\\.vscode\\extensions\\uqbar.wollok-lsp-ide-0.5.3\\out\\server\\src\\server.js:2393:7383)\n    at F3.invoke (c:\\Users\\edu\\.vscode\\extensions\\uqbar.wollok-lsp-ide-0.5.3\\out\\server\\src\\server.js:3:157334)\n    at o.fire (c:\\Users\\edu\\.vscode\\extensions\\uqbar.wollok-lsp-ide-0.5.3\\out\\server\\src\\server.js:3:158104)\n    at c:\\Users\\edu\\.vscode\\extensions\\uqbar.wollok-lsp-ide-0.5.3\\out\\server\\src\\server.js:37:57871\n    at Zr (c:\\Users\\edu\\.vscode\\extensions\\uqbar.wollok-lsp-ide-0.5.3\\out\\server\\src\\server.js:8:1561)","timestamp":"2025-12-12T03:52:05.482Z"}
{"level":"error","message":"✘ Failed to rebuild document Failed to parse parciales/elLegadoDeSoliamMurr/exiliado.wlk: \n-- PARSING FAILED --------------------------------------------------\n\n  3 | }\n  4 | \n> 5 | class Nomada inherits  {\n    |                        ^\n  6 |   \n  7 | }\n\nExpected one of the following: \n\n'@', comment, identifier, package identifier, whitespace\n","stack":"Error: Failed to parse parciales/elLegadoDeSoliamMurr/exiliado.wlk: \n-- PARSING FAILED --------------------------------------------------\n\n  3 | }\n  4 | \n> 5 | class Nomada inherits  {\n    |                        ^\n  6 |   \n  7 | }\n\nExpected one of the following: \n\n'@', comment, identifier, package identifier, whitespace\n\n    at c:\\Users\\edu\\.vscode\\extensions\\uqbar.wollok-lsp-ide-0.5.3\\out\\server\\src\\server.js:2348:13026\n    at Array.map (<anonymous>)\n    at W1n (c:\\Users\\edu\\.vscode\\extensions\\uqbar.wollok-lsp-ide-0.5.3\\out\\server\\src\\server.js:2348:12950)\n    at U2.buildEnvironmentFrom (c:\\Users\\edu\\.vscode\\extensions\\uqbar.wollok-lsp-ide-0.5.3\\out\\server\\src\\server.js:2393:5254)\n    at U2.updateEnvironmentWith (c:\\Users\\edu\\.vscode\\extensions\\uqbar.wollok-lsp-ide-0.5.3\\out\\server\\src\\server.js:2393:4989)\n    at JF (c:\\Users\\edu\\.vscode\\extensions\\uqbar.wollok-lsp-ide-0.5.3\\out\\server\\src\\server.js:2393:7383)\n    at F3.invoke (c:\\Users\\edu\\.vscode\\extensions\\uqbar.wollok-lsp-ide-0.5.3\\out\\server\\src\\server.js:3:157334)\n    at o.fire (c:\\Users\\edu\\.vscode\\extensions\\uqbar.wollok-lsp-ide-0.5.3\\out\\server\\src\\server.js:3:158104)\n    at c:\\Users\\edu\\.vscode\\extensions\\uqbar.wollok-lsp-ide-0.5.3\\out\\server\\src\\server.js:37:57871\n    at Zr (c:\\Users\\edu\\.vscode\\extensions\\uqbar.wollok-lsp-ide-0.5.3\\out\\server\\src\\server.js:8:1561)","timestamp":"2025-12-12T03:52:06.230Z"}
{"level":"error","message":"✘ Completions for node ParameterizedType ([5:23, 5:24] - parciales/elLegadoDeSoliamMurr/exiliado.wlk) failed: Error: [ParameterizedType]{6d0c28} at parciales/elLegadoDeSoliamMurr/exiliado.wlk:5 exhausted all cases without a match [ParameterizedType]{6d0c28} at parciales/elLegadoDeSoliamMurr/exiliado.wlk:5 exhausted all cases without a match","stack":"Error: [ParameterizedType]{6d0c28} at parciales/elLegadoDeSoliamMurr/exiliado.wlk:5 exhausted all cases without a match\n    at c:\\Users\\edu\\.vscode\\extensions\\uqbar.wollok-lsp-ide-0.5.3\\out\\server\\src\\server.js:38:6142\n    at D2 (c:\\Users\\edu\\.vscode\\extensions\\uqbar.wollok-lsp-ide-0.5.3\\out\\server\\src\\server.js:2384:42)\n    at Qh (c:\\Users\\edu\\.vscode\\extensions\\uqbar.wollok-lsp-ide-0.5.3\\out\\server\\src\\server.js:2384:1092)\n    at k6n (c:\\Users\\edu\\.vscode\\extensions\\uqbar.wollok-lsp-ide-0.5.3\\out\\server\\src\\server.js:2384:1248)\n    at c:\\Users\\edu\\.vscode\\extensions\\uqbar.wollok-lsp-ide-0.5.3\\out\\server\\src\\server.js:38:6131\n    at D2 (c:\\Users\\edu\\.vscode\\extensions\\uqbar.wollok-lsp-ide-0.5.3\\out\\server\\src\\server.js:2384:42)\n    at c:\\Users\\edu\\.vscode\\extensions\\uqbar.wollok-lsp-ide-0.5.3\\out\\server\\src\\server.js:2384:2988\n    at c:\\Users\\edu\\.vscode\\extensions\\uqbar.wollok-lsp-ide-0.5.3\\out\\server\\src\\server.js:2393:8440\n    at c:\\Users\\edu\\.vscode\\extensions\\uqbar.wollok-lsp-ide-0.5.3\\out\\server\\src\\server.js:37:74872\n    at Ye (c:\\Users\\edu\\.vscode\\extensions\\uqbar.wollok-lsp-ide-0.5.3\\out\\server\\src\\server.js:7:8527)","timestamp":"2025-12-12T03:52:06.958Z"}
{"level":"info","message":"⌛ Validating parciales/elLegadoDeSoliamMurr/exiliado.wlk","timeElapsed":136,"timestamp":"2025-12-12T03:52:07.095Z"}
{"level":"info","message":"⌛ Validating parciales/elLegadoDeSoliamMurr/exiliado.wlk","timeElapsed":130,"timestamp":"2025-12-12T03:52:07.399Z"}
{"level":"info","message":"⌛ Validating parciales/elLegadoDeSoliamMurr/exiliado.wlk","timeElapsed":125,"timestamp":"2025-12-12T03:52:07.525Z"}
{"level":"info","message":"⌛ Building environment","timeElapsed":113,"timestamp":"2025-12-12T03:52:07.792Z"}
{"level":"info","message":"⌛ Validating parciales/elLegadoDeSoliamMurr/exiliado.wlk","timeElapsed":140,"timestamp":"2025-12-12T03:52:07.933Z"}
{"level":"info","message":"⌛ Building environment","timeElapsed":165,"timestamp":"2025-12-12T03:52:35.604Z"}
{"level":"info","message":"⌛ Validating parciales/elLegadoDeSoliamMurr/triunviratos.wlk","timeElapsed":198,"timestamp":"2025-12-12T03:52:35.807Z"}
{"level":"info","message":"⌛ Building environment","timeElapsed":117,"timestamp":"2025-12-12T03:52:48.161Z"}
{"level":"info","message":"⌛ Validating parciales/elLegadoDeSoliamMurr/triunviratos.wlk","timeElapsed":153,"timestamp":"2025-12-12T03:52:48.315Z"}
{"level":"info","message":"⌛ Building environment","timeElapsed":103,"timestamp":"2025-12-12T03:52:49.033Z"}
{"level":"info","message":"⌛ Validating parciales/elLegadoDeSoliamMurr/triunviratos.wlk","timeElapsed":142,"timestamp":"2025-12-12T03:52:49.176Z"}
{"level":"info","message":"⌛ Validating parciales/elLegadoDeSoliamMurr/triunviratos.wlk","timeElapsed":129,"timestamp":"2025-12-12T03:52:49.491Z"}
{"level":"info","message":"⌛ Validating parciales/elLegadoDeSoliamMurr/triunviratos.wlk","timeElapsed":127,"timestamp":"2025-12-12T03:52:49.876Z"}
{"level":"error","message":"✘ Failed to rebuild document Failed to parse parciales/elLegadoDeSoliamMurr/triunviratos.wlk: \n-- PARSING FAILED --------------------------------------------------\n\nGot the end of the input\n\nExpected one of the following: \n\nidentifier, whitespace\n","stack":"Error: Failed to parse parciales/elLegadoDeSoliamMurr/triunviratos.wlk: \n-- PARSING FAILED --------------------------------------------------\n\nGot the end of the input\n\nExpected one of the following: \n\nidentifier, whitespace\n\n    at c:\\Users\\edu\\.vscode\\extensions\\uqbar.wollok-lsp-ide-0.5.3\\out\\server\\src\\server.js:2348:13026\n    at Array.map (<anonymous>)\n    at W1n (c:\\Users\\edu\\.vscode\\extensions\\uqbar.wollok-lsp-ide-0.5.3\\out\\server\\src\\server.js:2348:12950)\n    at U2.buildEnvironmentFrom (c:\\Users\\edu\\.vscode\\extensions\\uqbar.wollok-lsp-ide-0.5.3\\out\\server\\src\\server.js:2393:5254)\n    at U2.updateEnvironmentWith (c:\\Users\\edu\\.vscode\\extensions\\uqbar.wollok-lsp-ide-0.5.3\\out\\server\\src\\server.js:2393:4989)\n    at JF (c:\\Users\\edu\\.vscode\\extensions\\uqbar.wollok-lsp-ide-0.5.3\\out\\server\\src\\server.js:2393:7383)\n    at F3.invoke (c:\\Users\\edu\\.vscode\\extensions\\uqbar.wollok-lsp-ide-0.5.3\\out\\server\\src\\server.js:3:157334)\n    at o.fire (c:\\Users\\edu\\.vscode\\extensions\\uqbar.wollok-lsp-ide-0.5.3\\out\\server\\src\\server.js:3:158104)\n    at c:\\Users\\edu\\.vscode\\extensions\\uqbar.wollok-lsp-ide-0.5.3\\out\\server\\src\\server.js:37:57871\n    at Zr (c:\\Users\\edu\\.vscode\\extensions\\uqbar.wollok-lsp-ide-0.5.3\\out\\server\\src\\server.js:8:1561)","timestamp":"2025-12-12T03:52:49.877Z"}
{"level":"info","message":"⌛ Validating parciales/elLegadoDeSoliamMurr/triunviratos.wlk","timeElapsed":125,"timestamp":"2025-12-12T03:52:50.002Z"}
{"level":"info","message":"⌛ Validating parciales/elLegadoDeSoliamMurr/triunviratos.wlk","timeElapsed":125,"timestamp":"2025-12-12T03:52:50.128Z"}
{"level":"info","message":"⌛ Validating parciales/elLegadoDeSoliamMurr/triunviratos.wlk","timeElapsed":133,"timestamp":"2025-12-12T03:52:50.335Z"}
{"level":"info","message":"⌛ Building environment","timeElapsed":120,"timestamp":"2025-12-12T03:52:50.872Z"}
{"level":"info","message":"⌛ Validating parciales/elLegadoDeSoliamMurr/triunviratos.wlk","timeElapsed":151,"timestamp":"2025-12-12T03:52:51.067Z"}
{"level":"info","message":"⌛ Validating parciales/elLegadoDeSoliamMurr/triunviratos.wlk","timeElapsed":147,"timestamp":"2025-12-12T03:52:51.434Z"}
{"level":"info","message":"⌛ Validating parciales/elLegadoDeSoliamMurr/triunviratos.wlk","timeElapsed":225,"timestamp":"2025-12-12T03:52:51.776Z"}
{"level":"info","message":"⌛ Validating parciales/elLegadoDeSoliamMurr/triunviratos.wlk","timeElapsed":176,"timestamp":"2025-12-12T03:52:51.954Z"}
{"level":"info","message":"⌛ Validating parciales/elLegadoDeSoliamMurr/triunviratos.wlk","timeElapsed":153,"timestamp":"2025-12-12T03:52:52.197Z"}
{"level":"info","message":"⌛ Validating parciales/elLegadoDeSoliamMurr/triunviratos.wlk","timeElapsed":127,"timestamp":"2025-12-12T03:52:52.517Z"}
{"level":"info","message":"⌛ Validating parciales/elLegadoDeSoliamMurr/triunviratos.wlk","timeElapsed":123,"timestamp":"2025-12-12T03:52:52.747Z"}
{"level":"info","message":"⌛ Building environment","timeElapsed":136,"timestamp":"2025-12-12T03:52:52.883Z"}
{"level":"info","message":"⌛ Validating parciales/elLegadoDeSoliamMurr/triunviratos.wlk","timeElapsed":160,"timestamp":"2025-12-12T03:52:53.051Z"}
{"level":"info","message":"⌛ Building environment","timeElapsed":101,"timestamp":"2025-12-12T03:52:53.154Z"}
{"level":"info","message":"⌛ Validating parciales/elLegadoDeSoliamMurr/triunviratos.wlk","timeElapsed":135,"timestamp":"2025-12-12T03:52:53.294Z"}
{"level":"info","message":"⌛ Validating parciales/elLegadoDeSoliamMurr/triunviratos.wlk","timeElapsed":120,"timestamp":"2025-12-12T03:52:53.414Z"}
{"level":"info","message":"⌛ Validating parciales/elLegadoDeSoliamMurr/triunviratos.wlk","timeElapsed":130,"timestamp":"2025-12-12T03:52:53.713Z"}
{"level":"info","message":"⌛ Validating parciales/elLegadoDeSoliamMurr/triunviratos.wlk","timeElapsed":127,"timestamp":"2025-12-12T03:52:53.840Z"}
{"level":"info","message":"⌛ Validating parciales/elLegadoDeSoliamMurr/triunviratos.wlk","timeElapsed":130,"timestamp":"2025-12-12T03:52:54.391Z"}
{"level":"info","message":"⌛ Validating parciales/elLegadoDeSoliamMurr/triunviratos.wlk","timeElapsed":121,"timestamp":"2025-12-12T03:52:54.809Z"}
{"level":"info","message":"⌛ Validating parciales/elLegadoDeSoliamMurr/triunviratos.wlk","timeElapsed":122,"timestamp":"2025-12-12T03:52:55.015Z"}
{"level":"info","message":"⌛ Validating parciales/elLegadoDeSoliamMurr/triunviratos.wlk","timeElapsed":118,"timestamp":"2025-12-12T03:52:55.134Z"}
{"level":"info","message":"⌛ Validating parciales/elLegadoDeSoliamMurr/triunviratos.wlk","timeElapsed":125,"timestamp":"2025-12-12T03:52:55.264Z"}
{"level":"info","message":"⌛ Validating parciales/elLegadoDeSoliamMurr/triunviratos.wlk","timeElapsed":163,"timestamp":"2025-12-12T03:53:11.790Z"}
{"level":"error","message":"✘ Failed to rebuild document Failed to parse parciales/elLegadoDeSoliamMurr/triunviratos.wlk: \n-- PARSING FAILED --------------------------------------------------\n\n  1 | class Triunvirato {\n  2 |   var\n> 3 | }\n    | ^\n\nExpected one of the following: \n\n'property', identifier, whitespace\n","stack":"Error: Failed to parse parciales/elLegadoDeSoliamMurr/triunviratos.wlk: \n-- PARSING FAILED --------------------------------------------------\n\n  1 | class Triunvirato {\n  2 |   var\n> 3 | }\n    | ^\n\nExpected one of the following: \n\n'property', identifier, whitespace\n\n    at c:\\Users\\edu\\.vscode\\extensions\\uqbar.wollok-lsp-ide-0.5.3\\out\\server\\src\\server.js:2348:13026\n    at Array.map (<anonymous>)\n    at W1n (c:\\Users\\edu\\.vscode\\extensions\\uqbar.wollok-lsp-ide-0.5.3\\out\\server\\src\\server.js:2348:12950)\n    at U2.buildEnvironmentFrom (c:\\Users\\edu\\.vscode\\extensions\\uqbar.wollok-lsp-ide-0.5.3\\out\\server\\src\\server.js:2393:5254)\n    at U2.updateEnvironmentWith (c:\\Users\\edu\\.vscode\\extensions\\uqbar.wollok-lsp-ide-0.5.3\\out\\server\\src\\server.js:2393:4989)\n    at JF (c:\\Users\\edu\\.vscode\\extensions\\uqbar.wollok-lsp-ide-0.5.3\\out\\server\\src\\server.js:2393:7383)\n    at F3.invoke (c:\\Users\\edu\\.vscode\\extensions\\uqbar.wollok-lsp-ide-0.5.3\\out\\server\\src\\server.js:3:157334)\n    at o.fire (c:\\Users\\edu\\.vscode\\extensions\\uqbar.wollok-lsp-ide-0.5.3\\out\\server\\src\\server.js:3:158104)\n    at c:\\Users\\edu\\.vscode\\extensions\\uqbar.wollok-lsp-ide-0.5.3\\out\\server\\src\\server.js:37:57871\n    at Zr (c:\\Users\\edu\\.vscode\\extensions\\uqbar.wollok-lsp-ide-0.5.3\\out\\server\\src\\server.js:8:1561)","timestamp":"2025-12-12T03:53:11.879Z"}
{"level":"info","message":"⌛ Validating parciales/elLegadoDeSoliamMurr/triunviratos.wlk","timeElapsed":122,"timestamp":"2025-12-12T03:53:12.002Z"}
{"level":"info","message":"⌛ Validating parciales/elLegadoDeSoliamMurr/triunviratos.wlk","timeElapsed":144,"timestamp":"2025-12-12T03:53:12.879Z"}
{"level":"info","message":"⌛ Building environment","timeElapsed":103,"timestamp":"2025-12-12T03:53:14.277Z"}
{"level":"info","message":"⌛ Validating parciales/elLegadoDeSoliamMurr/triunviratos.wlk","timeElapsed":159,"timestamp":"2025-12-12T03:53:14.482Z"}
{"level":"info","message":"⌛ Building environment","timeElapsed":205,"timestamp":"2025-12-12T03:53:14.687Z"}
{"level":"info","message":"⌛ Building environment","timeElapsed":209,"timestamp":"2025-12-12T03:53:14.941Z"}
{"level":"info","message":"⌛ Validating parciales/elLegadoDeSoliamMurr/triunviratos.wlk","timeElapsed":178,"timestamp":"2025-12-12T03:53:15.120Z"}
{"level":"info","message":"⌛ Validating parciales/elLegadoDeSoliamMurr/triunviratos.wlk","timeElapsed":155,"timestamp":"2025-12-12T03:53:15.283Z"}
{"level":"info","message":"⌛ Building environment","timeElapsed":104,"timestamp":"2025-12-12T03:53:15.519Z"}
{"level":"info","message":"⌛ Validating parciales/elLegadoDeSoliamMurr/triunviratos.wlk","timeElapsed":161,"timestamp":"2025-12-12T03:53:15.680Z"}
{"level":"info","message":"⌛ Building environment","timeElapsed":154,"timestamp":"2025-12-12T03:53:15.836Z"}
{"level":"info","message":"⌛ Validating parciales/elLegadoDeSoliamMurr/triunviratos.wlk","timeElapsed":163,"timestamp":"2025-12-12T03:53:16.037Z"}
{"level":"info","message":"⌛ Building environment","timeElapsed":115,"timestamp":"2025-12-12T03:53:16.323Z"}
{"level":"info","message":"⌛ Validating parciales/elLegadoDeSoliamMurr/triunviratos.wlk","timeElapsed":140,"timestamp":"2025-12-12T03:53:16.464Z"}
{"level":"info","message":"⌛ Validating parciales/elLegadoDeSoliamMurr/triunviratos.wlk","timeElapsed":126,"timestamp":"2025-12-12T03:53:16.594Z"}
{"level":"info","message":"⌛ Validating parciales/elLegadoDeSoliamMurr/triunviratos.wlk","timeElapsed":126,"timestamp":"2025-12-12T03:53:16.721Z"}
{"level":"info","message":"⌛ Validating parciales/elLegadoDeSoliamMurr/triunviratos.wlk","timeElapsed":126,"timestamp":"2025-12-12T03:53:16.848Z"}
{"level":"info","message":"⌛ Building environment","timeElapsed":125,"timestamp":"2025-12-12T03:53:20.199Z"}
{"level":"info","message":"⌛ Validating parciales/elLegadoDeSoliamMurr/triunviratos.wlk","timeElapsed":156,"timestamp":"2025-12-12T03:53:20.355Z"}
{"level":"info","message":"⌛ Validating parciales/elLegadoDeSoliamMurr/triunviratos.wlk","timeElapsed":130,"timestamp":"2025-12-12T03:53:24.503Z"}
{"level":"info","message":"⌛ Validating parciales/elLegadoDeSoliamMurr/triunviratos.wlk","timeElapsed":122,"timestamp":"2025-12-12T03:53:25.025Z"}
{"level":"info","message":"⌛ Validating parciales/elLegadoDeSoliamMurr/triunviratos.wlk","timeElapsed":140,"timestamp":"2025-12-12T03:53:42.800Z"}
{"level":"info","message":"⌛ Building environment","timeElapsed":106,"timestamp":"2025-12-12T03:53:43.620Z"}
{"level":"info","message":"⌛ Validating parciales/elLegadoDeSoliamMurr/triunviratos.wlk","timeElapsed":153,"timestamp":"2025-12-12T03:53:43.804Z"}
{"level":"info","message":"⌛ Building environment","timeElapsed":126,"timestamp":"2025-12-12T03:53:43.932Z"}
{"level":"error","message":"✘ Failed to rebuild document Failed to parse parciales/elLegadoDeSoliamMurr/triunviratos.wlk: \n-- PARSING FAILED --------------------------------------------------\n\n  4 | \n  5 | \n> 6 | }\n    | ^\n\nExpected one of the following: \n\n'property', identifier, whitespace\n","stack":"Error: Failed to parse parciales/elLegadoDeSoliamMurr/triunviratos.wlk: \n-- PARSING FAILED --------------------------------------------------\n\n  4 | \n  5 | \n> 6 | }\n    | ^\n\nExpected one of the following: \n\n'property', identifier, whitespace\n\n    at c:\\Users\\edu\\.vscode\\extensions\\uqbar.wollok-lsp-ide-0.5.3\\out\\server\\src\\server.js:2348:13026\n    at Array.map (<anonymous>)\n    at W1n (c:\\Users\\edu\\.vscode\\extensions\\uqbar.wollok-lsp-ide-0.5.3\\out\\server\\src\\server.js:2348:12950)\n    at U2.buildEnvironmentFrom (c:\\Users\\edu\\.vscode\\extensions\\uqbar.wollok-lsp-ide-0.5.3\\out\\server\\src\\server.js:2393:5254)\n    at U2.updateEnvironmentWith (c:\\Users\\edu\\.vscode\\extensions\\uqbar.wollok-lsp-ide-0.5.3\\out\\server\\src\\server.js:2393:4989)\n    at JF (c:\\Users\\edu\\.vscode\\extensions\\uqbar.wollok-lsp-ide-0.5.3\\out\\server\\src\\server.js:2393:7383)\n    at F3.invoke (c:\\Users\\edu\\.vscode\\extensions\\uqbar.wollok-lsp-ide-0.5.3\\out\\server\\src\\server.js:3:157334)\n    at o.fire (c:\\Users\\edu\\.vscode\\extensions\\uqbar.wollok-lsp-ide-0.5.3\\out\\server\\src\\server.js:3:158104)\n    at c:\\Users\\edu\\.vscode\\extensions\\uqbar.wollok-lsp-ide-0.5.3\\out\\server\\src\\server.js:37:57871\n    at Zr (c:\\Users\\edu\\.vscode\\extensions\\uqbar.wollok-lsp-ide-0.5.3\\out\\server\\src\\server.js:8:1561)","timestamp":"2025-12-12T03:53:43.934Z"}
{"level":"info","message":"⌛ Validating parciales/elLegadoDeSoliamMurr/triunviratos.wlk","timeElapsed":167,"timestamp":"2025-12-12T03:53:44.100Z"}
{"level":"info","message":"⌛ Validating parciales/elLegadoDeSoliamMurr/triunviratos.wlk","timeElapsed":145,"timestamp":"2025-12-12T03:53:44.970Z"}
{"level":"info","message":"⌛ Validating parciales/elLegadoDeSoliamMurr/triunviratos.wlk","timeElapsed":129,"timestamp":"2025-12-12T03:53:46.311Z"}
{"level":"info","message":"⌛ Validating parciales/elLegadoDeSoliamMurr/triunviratos.wlk","timeElapsed":126,"timestamp":"2025-12-12T03:53:46.638Z"}
{"level":"info","message":"⌛ Validating parciales/elLegadoDeSoliamMurr/triunviratos.wlk","timeElapsed":133,"timestamp":"2025-12-12T03:53:46.853Z"}
{"level":"info","message":"⌛ Validating parciales/elLegadoDeSoliamMurr/triunviratos.wlk","timeElapsed":171,"timestamp":"2025-12-12T03:53:47.023Z"}
{"level":"info","message":"⌛ Validating parciales/elLegadoDeSoliamMurr/triunviratos.wlk","timeElapsed":137,"timestamp":"2025-12-12T03:53:47.168Z"}
{"level":"info","message":"⌛ Validating parciales/elLegadoDeSoliamMurr/triunviratos.wlk","timeElapsed":129,"timestamp":"2025-12-12T03:53:47.704Z"}
{"level":"info","message":"⌛ Validating parciales/elLegadoDeSoliamMurr/triunviratos.wlk","timeElapsed":135,"timestamp":"2025-12-12T03:53:47.922Z"}
{"level":"info","message":"⌛ Validating parciales/elLegadoDeSoliamMurr/triunviratos.wlk","timeElapsed":125,"timestamp":"2025-12-12T03:53:48.126Z"}
{"level":"info","message":"⌛ Building environment","timeElapsed":121,"timestamp":"2025-12-12T03:53:50.158Z"}
{"level":"info","message":"⌛ Validating parciales/elLegadoDeSoliamMurr/triunviratos.wlk","timeElapsed":126,"timestamp":"2025-12-12T03:53:50.292Z"}
{"level":"info","message":"⌛ Validating parciales/elLegadoDeSoliamMurr/triunviratos.wlk","timeElapsed":240,"timestamp":"2025-12-12T03:53:50.612Z"}
{"level":"info","message":"⌛ Validating parciales/elLegadoDeSoliamMurr/triunviratos.wlk","timeElapsed":120,"timestamp":"2025-12-12T03:53:50.930Z"}
{"level":"info","message":"⌛ Validating parciales/elLegadoDeSoliamMurr/triunviratos.wlk","timeElapsed":124,"timestamp":"2025-12-12T03:53:51.259Z"}
{"level":"info","message":"⌛ Validating parciales/elLegadoDeSoliamMurr/triunviratos.wlk","timeElapsed":138,"timestamp":"2025-12-12T03:53:55.470Z"}
{"level":"info","message":"⌛ Validating parciales/elLegadoDeSoliamMurr/triunviratos.wlk","timeElapsed":130,"timestamp":"2025-12-12T03:53:55.682Z"}
{"level":"info","message":"⌛ Validating parciales/elLegadoDeSoliamMurr/triunviratos.wlk","timeElapsed":129,"timestamp":"2025-12-12T03:53:55.839Z"}
{"level":"info","message":"⌛ Building environment","timeElapsed":103,"timestamp":"2025-12-12T03:53:56.398Z"}
{"level":"info","message":"⌛ Validating parciales/elLegadoDeSoliamMurr/triunviratos.wlk","timeElapsed":160,"timestamp":"2025-12-12T03:53:56.559Z"}
{"level":"info","message":"⌛ Validating parciales/elLegadoDeSoliamMurr/triunviratos.wlk","timeElapsed":183,"timestamp":"2025-12-12T03:54:14.137Z"}
{"level":"info","message":"⌛ Building environment","timeElapsed":107,"timestamp":"2025-12-12T03:54:14.245Z"}
{"level":"info","message":"⌛ Validating parciales/elLegadoDeSoliamMurr/triunviratos.wlk","timeElapsed":153,"timestamp":"2025-12-12T03:54:14.436Z"}
{"level":"info","message":"⌛ Building environment","timeElapsed":101,"timestamp":"2025-12-12T03:54:14.559Z"}
{"level":"info","message":"⌛ Validating parciales/elLegadoDeSoliamMurr/triunviratos.wlk","timeElapsed":159,"timestamp":"2025-12-12T03:54:14.718Z"}
{"level":"info","message":"⌛ Validating parciales/elLegadoDeSoliamMurr/triunviratos.wlk","timeElapsed":151,"timestamp":"2025-12-12T03:54:15.018Z"}
{"level":"info","message":"⌛ Validating parciales/elLegadoDeSoliamMurr/triunviratos.wlk","timeElapsed":123,"timestamp":"2025-12-12T03:54:15.142Z"}
{"level":"info","message":"⌛ Validating parciales/elLegadoDeSoliamMurr/triunviratos.wlk","timeElapsed":129,"timestamp":"2025-12-12T03:54:15.386Z"}
{"level":"info","message":"⌛ Building environment","timeElapsed":119,"timestamp":"2025-12-12T03:54:15.613Z"}
{"level":"info","message":"⌛ Validating parciales/elLegadoDeSoliamMurr/triunviratos.wlk","timeElapsed":126,"timestamp":"2025-12-12T03:54:15.740Z"}
{"level":"info","message":"⌛ Validating parciales/elLegadoDeSoliamMurr/triunviratos.wlk","timeElapsed":125,"timestamp":"2025-12-12T03:54:16.062Z"}
{"level":"info","message":"⌛ Validating parciales/elLegadoDeSoliamMurr/triunviratos.wlk","timeElapsed":125,"timestamp":"2025-12-12T03:54:16.187Z"}
{"level":"info","message":"⌛ Validating parciales/elLegadoDeSoliamMurr/triunviratos.wlk","timeElapsed":123,"timestamp":"2025-12-12T03:54:16.317Z"}
{"level":"info","message":"⌛ Building environment","timeElapsed":165,"timestamp":"2025-12-12T03:54:17.881Z"}
{"level":"info","message":"⌛ Validating parciales/elLegadoDeSoliamMurr/triunviratos.wlk","timeElapsed":162,"timestamp":"2025-12-12T03:54:18.109Z"}
{"level":"info","message":"⌛ Validating parciales/elLegadoDeSoliamMurr/triunviratos.wlk","timeElapsed":156,"timestamp":"2025-12-12T03:54:18.553Z"}
{"level":"info","message":"⌛ Validating parciales/elLegadoDeSoliamMurr/triunviratos.wlk","timeElapsed":146,"timestamp":"2025-12-12T03:54:18.700Z"}
{"level":"info","message":"⌛ Validating parciales/elLegadoDeSoliamMurr/triunviratos.wlk","timeElapsed":154,"timestamp":"2025-12-12T03:54:18.939Z"}
{"level":"info","message":"⌛ Validating parciales/elLegadoDeSoliamMurr/triunviratos.wlk","timeElapsed":139,"timestamp":"2025-12-12T03:54:19.175Z"}
{"level":"info","message":"⌛ Validating parciales/elLegadoDeSoliamMurr/triunviratos.wlk","timeElapsed":114,"timestamp":"2025-12-12T03:54:19.291Z"}
{"level":"info","message":"⌛ Building environment","timeElapsed":112,"timestamp":"2025-12-12T03:54:20.494Z"}
{"level":"info","message":"⌛ Validating parciales/elLegadoDeSoliamMurr/triunviratos.wlk","timeElapsed":175,"timestamp":"2025-12-12T03:54:20.720Z"}
{"level":"info","message":"⌛ Building environment","timeElapsed":156,"timestamp":"2025-12-12T03:54:20.876Z"}
{"level":"info","message":"⌛ Building environment","timeElapsed":102,"timestamp":"2025-12-12T03:54:20.988Z"}
{"level":"info","message":"⌛ Validating parciales/elLegadoDeSoliamMurr/triunviratos.wlk","timeElapsed":151,"timestamp":"2025-12-12T03:54:21.265Z"}
{"level":"info","message":"⌛ Validating parciales/elLegadoDeSoliamMurr/triunviratos.wlk","timeElapsed":165,"timestamp":"2025-12-12T03:54:21.430Z"}
{"level":"info","message":"⌛ Validating parciales/elLegadoDeSoliamMurr/triunviratos.wlk","timeElapsed":141,"timestamp":"2025-12-12T03:54:21.667Z"}
{"level":"info","message":"⌛ Validating parciales/elLegadoDeSoliamMurr/triunviratos.wlk","timeElapsed":117,"timestamp":"2025-12-12T03:54:21.788Z"}
{"level":"info","message":"⌛ Validating parciales/elLegadoDeSoliamMurr/triunviratos.wlk","timeElapsed":127,"timestamp":"2025-12-12T03:54:22.038Z"}
{"level":"info","message":"⌛ Validating parciales/elLegadoDeSoliamMurr/triunviratos.wlk","timeElapsed":141,"timestamp":"2025-12-12T03:54:22.368Z"}
{"level":"info","message":"⌛ Validating parciales/elLegadoDeSoliamMurr/triunviratos.wlk","timeElapsed":130,"timestamp":"2025-12-12T03:54:22.498Z"}
{"level":"info","message":"⌛ Validating parciales/elLegadoDeSoliamMurr/triunviratos.wlk","timeElapsed":125,"timestamp":"2025-12-12T03:54:22.704Z"}
{"level":"info","message":"⌛ Building environment","timeElapsed":105,"timestamp":"2025-12-12T03:54:23.070Z"}
{"level":"info","message":"⌛ Validating parciales/elLegadoDeSoliamMurr/triunviratos.wlk","timeElapsed":139,"timestamp":"2025-12-12T03:54:23.219Z"}
{"level":"info","message":"⌛ Validating parciales/elLegadoDeSoliamMurr/triunviratos.wlk","timeElapsed":155,"timestamp":"2025-12-12T03:54:24.784Z"}
{"level":"info","message":"⌛ Validating parciales/elLegadoDeSoliamMurr/triunviratos.wlk","timeElapsed":146,"timestamp":"2025-12-12T03:54:25.145Z"}
{"level":"info","message":"⌛ Validating parciales/elLegadoDeSoliamMurr/triunviratos.wlk","timeElapsed":134,"timestamp":"2025-12-12T03:54:25.279Z"}
{"level":"info","message":"⌛ Building environment","timeElapsed":112,"timestamp":"2025-12-12T03:54:25.460Z"}
{"level":"info","message":"⌛ Validating parciales/elLegadoDeSoliamMurr/triunviratos.wlk","timeElapsed":148,"timestamp":"2025-12-12T03:54:25.616Z"}
{"level":"info","message":"⌛ Validating parciales/elLegadoDeSoliamMurr/triunviratos.wlk","timeElapsed":146,"timestamp":"2025-12-12T03:54:27.267Z"}
{"level":"info","message":"⌛ Building environment","timeElapsed":109,"timestamp":"2025-12-12T03:54:44.116Z"}
{"level":"info","message":"⌛ Validating parciales/elLegadoDeSoliamMurr/triunviratos.wlk","timeElapsed":153,"timestamp":"2025-12-12T03:54:44.269Z"}
{"level":"info","message":"⌛ Validating parciales/elLegadoDeSoliamMurr/triunviratos.wlk","timeElapsed":127,"timestamp":"2025-12-12T03:54:44.479Z"}
{"level":"info","message":"⌛ Validating parciales/elLegadoDeSoliamMurr/triunviratos.wlk","timeElapsed":152,"timestamp":"2025-12-12T03:54:45.390Z"}
{"level":"info","message":"⌛ Validating parciales/elLegadoDeSoliamMurr/triunviratos.wlk","timeElapsed":143,"timestamp":"2025-12-12T03:54:45.636Z"}
{"level":"info","message":"⌛ Building environment","timeElapsed":105,"timestamp":"2025-12-12T03:54:46.188Z"}
{"level":"info","message":"⌛ Validating parciales/elLegadoDeSoliamMurr/triunviratos.wlk","timeElapsed":150,"timestamp":"2025-12-12T03:54:46.338Z"}
{"level":"info","message":"⌛ Validating parciales/elLegadoDeSoliamMurr/triunviratos.wlk","timeElapsed":153,"timestamp":"2025-12-12T03:54:46.591Z"}
{"level":"info","message":"⌛ Building environment","timeElapsed":109,"timestamp":"2025-12-12T03:54:46.705Z"}
{"level":"info","message":"⌛ Validating parciales/elLegadoDeSoliamMurr/triunviratos.wlk","timeElapsed":120,"timestamp":"2025-12-12T03:54:46.833Z"}
{"level":"info","message":"⌛ Validating parciales/elLegadoDeSoliamMurr/triunviratos.wlk","timeElapsed":121,"timestamp":"2025-12-12T03:54:46.959Z"}
{"level":"info","message":"⌛ Validating parciales/elLegadoDeSoliamMurr/triunviratos.wlk","timeElapsed":153,"timestamp":"2025-12-12T03:54:47.939Z"}
{"level":"info","message":"⌛ Validating parciales/elLegadoDeSoliamMurr/triunviratos.wlk","timeElapsed":119,"timestamp":"2025-12-12T03:54:48.257Z"}
{"level":"info","message":"⌛ Validating parciales/elLegadoDeSoliamMurr/triunviratos.wlk","timeElapsed":119,"timestamp":"2025-12-12T03:54:48.376Z"}
{"level":"info","message":"⌛ Validating parciales/elLegadoDeSoliamMurr/triunviratos.wlk","timeElapsed":163,"timestamp":"2025-12-12T03:54:48.718Z"}
{"level":"info","message":"⌛ Validating parciales/elLegadoDeSoliamMurr/triunviratos.wlk","timeElapsed":119,"timestamp":"2025-12-12T03:54:48.837Z"}
{"level":"info","message":"⌛ Validating parciales/elLegadoDeSoliamMurr/triunviratos.wlk","timeElapsed":144,"timestamp":"2025-12-12T03:54:49.352Z"}
{"level":"info","message":"⌛ Building environment","timeElapsed":169,"timestamp":"2025-12-12T03:54:49.521Z"}
{"level":"info","message":"⌛ Validating parciales/elLegadoDeSoliamMurr/triunviratos.wlk","timeElapsed":147,"timestamp":"2025-12-12T03:54:49.676Z"}
{"level":"info","message":"⌛ Building environment","timeElapsed":115,"timestamp":"2025-12-12T03:54:51.593Z"}
{"level":"info","message":"⌛ Validating parciales/elLegadoDeSoliamMurr/triunviratos.wlk","timeElapsed":165,"timestamp":"2025-12-12T03:54:51.759Z"}
{"level":"info","message":"⌛ Building environment","timeElapsed":101,"timestamp":"2025-12-12T03:54:51.862Z"}
{"level":"info","message":"⌛ Building environment","timeElapsed":104,"timestamp":"2025-12-12T03:54:51.967Z"}
{"level":"info","message":"⌛ Validating parciales/elLegadoDeSoliamMurr/triunviratos.wlk","timeElapsed":259,"timestamp":"2025-12-12T03:54:52.226Z"}
{"level":"info","message":"⌛ Building environment","timeElapsed":131,"timestamp":"2025-12-12T03:54:52.359Z"}
{"level":"info","message":"⌛ Validating parciales/elLegadoDeSoliamMurr/triunviratos.wlk","timeElapsed":165,"timestamp":"2025-12-12T03:54:52.524Z"}
{"level":"info","message":"⌛ Validating parciales/elLegadoDeSoliamMurr/triunviratos.wlk","timeElapsed":129,"timestamp":"2025-12-12T03:54:52.830Z"}
{"level":"error","message":"✘ Failed to rebuild document Failed to parse parciales/elLegadoDeSoliamMurr/triunviratos.wlk: \n-- PARSING FAILED --------------------------------------------------\n\n   7 |   }\n   8 | \n>  9 |   method () {\n     |          ^\n  10 |     \n  11 |   }\n\nExpected one of the following: \n\n'!=', '!==', '%', '&&', '*', '**', '+', '-', '->', '..', '..<', '/', '<', '<<', '<<<', '<=', '<=>', '<>', '==', '===', '>', '>..', '>=', '>>', '>>>', '?:', 'and', 'invert', 'negate', 'or', 'plus', '||', identifier, whitespace\n","stack":"Error: Failed to parse parciales/elLegadoDeSoliamMurr/triunviratos.wlk: \n-- PARSING FAILED --------------------------------------------------\n\n   7 |   }\n   8 | \n>  9 |   method () {\n     |          ^\n  10 |     \n  11 |   }\n\nExpected one of the following: \n\n'!=', '!==', '%', '&&', '*', '**', '+', '-', '->', '..', '..<', '/', '<', '<<', '<<<', '<=', '<=>', '<>', '==', '===', '>', '>..', '>=', '>>', '>>>', '?:', 'and', 'invert', 'negate', 'or', 'plus', '||', identifier, whitespace\n\n    at c:\\Users\\edu\\.vscode\\extensions\\uqbar.wollok-lsp-ide-0.5.3\\out\\server\\src\\server.js:2348:13026\n    at Array.map (<anonymous>)\n    at W1n (c:\\Users\\edu\\.vscode\\extensions\\uqbar.wollok-lsp-ide-0.5.3\\out\\server\\src\\server.js:2348:12950)\n    at U2.buildEnvironmentFrom (c:\\Users\\edu\\.vscode\\extensions\\uqbar.wollok-lsp-ide-0.5.3\\out\\server\\src\\server.js:2393:5254)\n    at U2.updateEnvironmentWith (c:\\Users\\edu\\.vscode\\extensions\\uqbar.wollok-lsp-ide-0.5.3\\out\\server\\src\\server.js:2393:4989)\n    at JF (c:\\Users\\edu\\.vscode\\extensions\\uqbar.wollok-lsp-ide-0.5.3\\out\\server\\src\\server.js:2393:7383)\n    at F3.invoke (c:\\Users\\edu\\.vscode\\extensions\\uqbar.wollok-lsp-ide-0.5.3\\out\\server\\src\\server.js:3:157334)\n    at o.fire (c:\\Users\\edu\\.vscode\\extensions\\uqbar.wollok-lsp-ide-0.5.3\\out\\server\\src\\server.js:3:158104)\n    at c:\\Users\\edu\\.vscode\\extensions\\uqbar.wollok-lsp-ide-0.5.3\\out\\server\\src\\server.js:37:57871\n    at Zr (c:\\Users\\edu\\.vscode\\extensions\\uqbar.wollok-lsp-ide-0.5.3\\out\\server\\src\\server.js:8:1561)","timestamp":"2025-12-12T03:54:52.836Z"}
{"level":"info","message":"⌛ Validating parciales/elLegadoDeSoliamMurr/triunviratos.wlk","timeElapsed":116,"timestamp":"2025-12-12T03:54:52.954Z"}
{"level":"info","message":"⌛ Validating parciales/elLegadoDeSoliamMurr/triunviratos.wlk","timeElapsed":124,"timestamp":"2025-12-12T03:54:53.080Z"}
{"level":"info","message":"⌛ Building environment","timeElapsed":110,"timestamp":"2025-12-12T03:54:53.326Z"}
{"level":"info","message":"⌛ Validating parciales/elLegadoDeSoliamMurr/triunviratos.wlk","timeElapsed":123,"timestamp":"2025-12-12T03:54:53.461Z"}
{"level":"info","message":"⌛ Validating parciales/elLegadoDeSoliamMurr/triunviratos.wlk","timeElapsed":124,"timestamp":"2025-12-12T03:54:53.690Z"}
{"level":"info","message":"⌛ Building environment","timeElapsed":107,"timestamp":"2025-12-12T03:54:53.798Z"}
{"level":"info","message":"⌛ Validating parciales/elLegadoDeSoliamMurr/triunviratos.wlk","timeElapsed":137,"timestamp":"2025-12-12T03:54:53.935Z"}
{"level":"info","message":"⌛ Validating parciales/elLegadoDeSoliamMurr/triunviratos.wlk","timeElapsed":123,"timestamp":"2025-12-12T03:54:54.139Z"}
{"level":"info","message":"⌛ Validating parciales/elLegadoDeSoliamMurr/triunviratos.wlk","timeElapsed":117,"timestamp":"2025-12-12T03:54:54.256Z"}
{"level":"info","message":"⌛ Validating parciales/elLegadoDeSoliamMurr/triunviratos.wlk","timeElapsed":149,"timestamp":"2025-12-12T03:54:56.008Z"}
{"level":"info","message":"⌛ Validating parciales/elLegadoDeSoliamMurr/triunviratos.wlk","timeElapsed":118,"timestamp":"2025-12-12T03:54:57.141Z"}
{"level":"info","message":"⌛ Validating parciales/elLegadoDeSoliamMurr/triunviratos.wlk","timeElapsed":121,"timestamp":"2025-12-12T03:54:57.367Z"}
{"level":"info","message":"⌛ Validating parciales/elLegadoDeSoliamMurr/triunviratos.wlk","timeElapsed":148,"timestamp":"2025-12-12T03:54:58.090Z"}
{"level":"info","message":"⌛ Building environment","timeElapsed":184,"timestamp":"2025-12-12T03:54:58.275Z"}
{"level":"info","message":"⌛ Building environment","timeElapsed":135,"timestamp":"2025-12-12T03:54:58.411Z"}
{"level":"info","message":"⌛ Validating parciales/elLegadoDeSoliamMurr/triunviratos.wlk","timeElapsed":128,"timestamp":"2025-12-12T03:54:58.682Z"}
{"level":"info","message":"⌛ Validating parciales/elLegadoDeSoliamMurr/triunviratos.wlk","timeElapsed":126,"timestamp":"2025-12-12T03:54:58.809Z"}
{"level":"info","message":"⌛ Validating parciales/elLegadoDeSoliamMurr/triunviratos.wlk","timeElapsed":156,"timestamp":"2025-12-12T03:54:58.965Z"}
{"level":"info","message":"⌛ Validating parciales/elLegadoDeSoliamMurr/triunviratos.wlk","timeElapsed":154,"timestamp":"2025-12-12T03:55:00.757Z"}
{"level":"info","message":"⌛ Validating parciales/elLegadoDeSoliamMurr/triunviratos.wlk","timeElapsed":159,"timestamp":"2025-12-12T03:55:01.010Z"}
{"level":"info","message":"⌛ Validating parciales/elLegadoDeSoliamMurr/triunviratos.wlk","timeElapsed":152,"timestamp":"2025-12-12T03:55:01.511Z"}
{"level":"info","message":"⌛ Validating parciales/elLegadoDeSoliamMurr/triunviratos.wlk","timeElapsed":147,"timestamp":"2025-12-12T03:55:01.658Z"}
{"level":"info","message":"⌛ Validating parciales/elLegadoDeSoliamMurr/triunviratos.wlk","timeElapsed":128,"timestamp":"2025-12-12T03:55:02.033Z"}
{"level":"info","message":"⌛ Validating parciales/elLegadoDeSoliamMurr/triunviratos.wlk","timeElapsed":122,"timestamp":"2025-12-12T03:55:02.156Z"}
{"level":"info","message":"⌛ Validating parciales/elLegadoDeSoliamMurr/triunviratos.wlk","timeElapsed":122,"timestamp":"2025-12-12T03:55:02.278Z"}
{"level":"info","message":"⌛ Building environment","timeElapsed":201,"timestamp":"2025-12-12T03:55:02.751Z"}
{"level":"info","message":"⌛ Validating parciales/elLegadoDeSoliamMurr/triunviratos.wlk","timeElapsed":116,"timestamp":"2025-12-12T03:55:02.878Z"}
{"level":"info","message":"⌛ Validating parciales/elLegadoDeSoliamMurr/triunviratos.wlk","timeElapsed":131,"timestamp":"2025-12-12T03:55:03.085Z"}
{"level":"info","message":"⌛ Validating parciales/elLegadoDeSoliamMurr/triunviratos.wlk","timeElapsed":114,"timestamp":"2025-12-12T03:55:03.200Z"}
{"level":"info","message":"⌛ Validating parciales/elLegadoDeSoliamMurr/triunviratos.wlk","timeElapsed":125,"timestamp":"2025-12-12T03:55:03.329Z"}
{"level":"info","message":"⌛ Validating parciales/elLegadoDeSoliamMurr/triunviratos.wlk","timeElapsed":113,"timestamp":"2025-12-12T03:55:03.442Z"}
{"level":"info","message":"⌛ Validating parciales/elLegadoDeSoliamMurr/triunviratos.wlk","timeElapsed":120,"timestamp":"2025-12-12T03:55:05.280Z"}
{"level":"info","message":"⌛ Validating parciales/elLegadoDeSoliamMurr/triunviratos.wlk","timeElapsed":122,"timestamp":"2025-12-12T03:55:05.624Z"}
{"level":"info","message":"⌛ Validating parciales/elLegadoDeSoliamMurr/triunviratos.wlk","timeElapsed":118,"timestamp":"2025-12-12T03:55:05.849Z"}
{"level":"info","message":"⌛ Building environment","timeElapsed":107,"timestamp":"2025-12-12T03:55:05.956Z"}
{"level":"info","message":"⌛ Validating parciales/elLegadoDeSoliamMurr/triunviratos.wlk","timeElapsed":132,"timestamp":"2025-12-12T03:55:06.196Z"}
{"level":"info","message":"⌛ Validating parciales/elLegadoDeSoliamMurr/triunviratos.wlk","timeElapsed":122,"timestamp":"2025-12-12T03:55:06.396Z"}
{"level":"info","message":"⌛ Validating parciales/elLegadoDeSoliamMurr/triunviratos.wlk","timeElapsed":127,"timestamp":"2025-12-12T03:55:06.706Z"}
{"level":"info","message":"⌛ Validating parciales/elLegadoDeSoliamMurr/triunviratos.wlk","timeElapsed":122,"timestamp":"2025-12-12T03:55:06.828Z"}
{"level":"info","message":"⌛ Validating parciales/elLegadoDeSoliamMurr/triunviratos.wlk","timeElapsed":119,"timestamp":"2025-12-12T03:55:06.952Z"}
{"level":"error","message":"✘ Completions for node Parameter ([9:29, 9:30] - parciales/elLegadoDeSoliamMurr/triunviratos.wlk) failed: Error: [Parameter]{044cac} at parciales/elLegadoDeSoliamMurr/triunviratos.wlk:9 exhausted all cases without a match [Parameter]{044cac} at parciales/elLegadoDeSoliamMurr/triunviratos.wlk:9 exhausted all cases without a match","stack":"Error: [Parameter]{044cac} at parciales/elLegadoDeSoliamMurr/triunviratos.wlk:9 exhausted all cases without a match\n    at c:\\Users\\edu\\.vscode\\extensions\\uqbar.wollok-lsp-ide-0.5.3\\out\\server\\src\\server.js:38:6142\n    at D2 (c:\\Users\\edu\\.vscode\\extensions\\uqbar.wollok-lsp-ide-0.5.3\\out\\server\\src\\server.js:2384:42)\n    at c:\\Users\\edu\\.vscode\\extensions\\uqbar.wollok-lsp-ide-0.5.3\\out\\server\\src\\server.js:2384:2988\n    at c:\\Users\\edu\\.vscode\\extensions\\uqbar.wollok-lsp-ide-0.5.3\\out\\server\\src\\server.js:2393:8440\n    at c:\\Users\\edu\\.vscode\\extensions\\uqbar.wollok-lsp-ide-0.5.3\\out\\server\\src\\server.js:37:74872\n    at Ye (c:\\Users\\edu\\.vscode\\extensions\\uqbar.wollok-lsp-ide-0.5.3\\out\\server\\src\\server.js:7:8527)\n    at qt (c:\\Users\\edu\\.vscode\\extensions\\uqbar.wollok-lsp-ide-0.5.3\\out\\server\\src\\server.js:7:6189)\n    at ot (c:\\Users\\edu\\.vscode\\extensions\\uqbar.wollok-lsp-ide-0.5.3\\out\\server\\src\\server.js:7:6378)\n    at Immediate._onImmediate (c:\\Users\\edu\\.vscode\\extensions\\uqbar.wollok-lsp-ide-0.5.3\\out\\server\\src\\server.js:7:6142)\n    at process.processImmediate (node:internal/timers:485:21)","timestamp":"2025-12-12T03:55:07.801Z"}
{"level":"info","message":"⌛ Building environment","timeElapsed":104,"timestamp":"2025-12-12T03:55:07.908Z"}
{"level":"info","message":"⌛ Validating parciales/elLegadoDeSoliamMurr/triunviratos.wlk","timeElapsed":155,"timestamp":"2025-12-12T03:55:08.063Z"}
{"level":"info","message":"⌛ Validating parciales/elLegadoDeSoliamMurr/triunviratos.wlk","timeElapsed":143,"timestamp":"2025-12-12T03:55:08.206Z"}
{"level":"error","message":"✘ Completions for node Parameter ([9:29, 9:32] - parciales/elLegadoDeSoliamMurr/triunviratos.wlk) failed: Error: [Parameter]{fb238f} at parciales/elLegadoDeSoliamMurr/triunviratos.wlk:9 exhausted all cases without a match [Parameter]{fb238f} at parciales/elLegadoDeSoliamMurr/triunviratos.wlk:9 exhausted all cases without a match","stack":"Error: [Parameter]{fb238f} at parciales/elLegadoDeSoliamMurr/triunviratos.wlk:9 exhausted all cases without a match\n    at c:\\Users\\edu\\.vscode\\extensions\\uqbar.wollok-lsp-ide-0.5.3\\out\\server\\src\\server.js:38:6142\n    at D2 (c:\\Users\\edu\\.vscode\\extensions\\uqbar.wollok-lsp-ide-0.5.3\\out\\server\\src\\server.js:2384:42)\n    at c:\\Users\\edu\\.vscode\\extensions\\uqbar.wollok-lsp-ide-0.5.3\\out\\server\\src\\server.js:2384:2988\n    at c:\\Users\\edu\\.vscode\\extensions\\uqbar.wollok-lsp-ide-0.5.3\\out\\server\\src\\server.js:2393:8440\n    at c:\\Users\\edu\\.vscode\\extensions\\uqbar.wollok-lsp-ide-0.5.3\\out\\server\\src\\server.js:37:74872\n    at Ye (c:\\Users\\edu\\.vscode\\extensions\\uqbar.wollok-lsp-ide-0.5.3\\out\\server\\src\\server.js:7:8527)\n    at qt (c:\\Users\\edu\\.vscode\\extensions\\uqbar.wollok-lsp-ide-0.5.3\\out\\server\\src\\server.js:7:6189)\n    at ot (c:\\Users\\edu\\.vscode\\extensions\\uqbar.wollok-lsp-ide-0.5.3\\out\\server\\src\\server.js:7:6378)\n    at Immediate._onImmediate (c:\\Users\\edu\\.vscode\\extensions\\uqbar.wollok-lsp-ide-0.5.3\\out\\server\\src\\server.js:7:6142)\n    at process.processImmediate (node:internal/timers:485:21)","timestamp":"2025-12-12T03:55:08.307Z"}
{"level":"info","message":"⌛ Validating parciales/elLegadoDeSoliamMurr/triunviratos.wlk","timeElapsed":125,"timestamp":"2025-12-12T03:55:08.437Z"}
{"level":"error","message":"✘ Completions for node Parameter ([9:29, 9:33] - parciales/elLegadoDeSoliamMurr/triunviratos.wlk) failed: Error: [Parameter]{9aa322} at parciales/elLegadoDeSoliamMurr/triunviratos.wlk:9 exhausted all cases without a match [Parameter]{9aa322} at parciales/elLegadoDeSoliamMurr/triunviratos.wlk:9 exhausted all cases without a match","stack":"Error: [Parameter]{9aa322} at parciales/elLegadoDeSoliamMurr/triunviratos.wlk:9 exhausted all cases without a match\n    at c:\\Users\\edu\\.vscode\\extensions\\uqbar.wollok-lsp-ide-0.5.3\\out\\server\\src\\server.js:38:6142\n    at D2 (c:\\Users\\edu\\.vscode\\extensions\\uqbar.wollok-lsp-ide-0.5.3\\out\\server\\src\\server.js:2384:42)\n    at c:\\Users\\edu\\.vscode\\extensions\\uqbar.wollok-lsp-ide-0.5.3\\out\\server\\src\\server.js:2384:2988\n    at c:\\Users\\edu\\.vscode\\extensions\\uqbar.wollok-lsp-ide-0.5.3\\out\\server\\src\\server.js:2393:8440\n    at c:\\Users\\edu\\.vscode\\extensions\\uqbar.wollok-lsp-ide-0.5.3\\out\\server\\src\\server.js:37:74872\n    at Ye (c:\\Users\\edu\\.vscode\\extensions\\uqbar.wollok-lsp-ide-0.5.3\\out\\server\\src\\server.js:7:8527)\n    at qt (c:\\Users\\edu\\.vscode\\extensions\\uqbar.wollok-lsp-ide-0.5.3\\out\\server\\src\\server.js:7:6189)\n    at ot (c:\\Users\\edu\\.vscode\\extensions\\uqbar.wollok-lsp-ide-0.5.3\\out\\server\\src\\server.js:7:6378)\n    at Immediate._onImmediate (c:\\Users\\edu\\.vscode\\extensions\\uqbar.wollok-lsp-ide-0.5.3\\out\\server\\src\\server.js:7:6142)\n    at process.processImmediate (node:internal/timers:485:21)","timestamp":"2025-12-12T03:55:08.538Z"}
{"level":"info","message":"⌛ Validating parciales/elLegadoDeSoliamMurr/triunviratos.wlk","timeElapsed":127,"timestamp":"2025-12-12T03:55:08.669Z"}
{"level":"error","message":"✘ Completions for node Parameter ([9:29, 9:34] - parciales/elLegadoDeSoliamMurr/triunviratos.wlk) failed: Error: [Parameter]{3a1e0c} at parciales/elLegadoDeSoliamMurr/triunviratos.wlk:9 exhausted all cases without a match [Parameter]{3a1e0c} at parciales/elLegadoDeSoliamMurr/triunviratos.wlk:9 exhausted all cases without a match","stack":"Error: [Parameter]{3a1e0c} at parciales/elLegadoDeSoliamMurr/triunviratos.wlk:9 exhausted all cases without a match\n    at c:\\Users\\edu\\.vscode\\extensions\\uqbar.wollok-lsp-ide-0.5.3\\out\\server\\src\\server.js:38:6142\n    at D2 (c:\\Users\\edu\\.vscode\\extensions\\uqbar.wollok-lsp-ide-0.5.3\\out\\server\\src\\server.js:2384:42)\n    at c:\\Users\\edu\\.vscode\\extensions\\uqbar.wollok-lsp-ide-0.5.3\\out\\server\\src\\server.js:2384:2988\n    at c:\\Users\\edu\\.vscode\\extensions\\uqbar.wollok-lsp-ide-0.5.3\\out\\server\\src\\server.js:2393:8440\n    at c:\\Users\\edu\\.vscode\\extensions\\uqbar.wollok-lsp-ide-0.5.3\\out\\server\\src\\server.js:37:74872\n    at Ye (c:\\Users\\edu\\.vscode\\extensions\\uqbar.wollok-lsp-ide-0.5.3\\out\\server\\src\\server.js:7:8527)\n    at qt (c:\\Users\\edu\\.vscode\\extensions\\uqbar.wollok-lsp-ide-0.5.3\\out\\server\\src\\server.js:7:6189)\n    at ot (c:\\Users\\edu\\.vscode\\extensions\\uqbar.wollok-lsp-ide-0.5.3\\out\\server\\src\\server.js:7:6378)\n    at Immediate._onImmediate (c:\\Users\\edu\\.vscode\\extensions\\uqbar.wollok-lsp-ide-0.5.3\\out\\server\\src\\server.js:7:6142)\n    at process.processImmediate (node:internal/timers:485:21)","timestamp":"2025-12-12T03:55:08.769Z"}
{"level":"info","message":"⌛ Validating parciales/elLegadoDeSoliamMurr/triunviratos.wlk","timeElapsed":129,"timestamp":"2025-12-12T03:55:08.991Z"}
{"level":"error","message":"✘ Completions for node Parameter ([9:29, 9:36] - parciales/elLegadoDeSoliamMurr/triunviratos.wlk) failed: Error: [Parameter]{e9473e} at parciales/elLegadoDeSoliamMurr/triunviratos.wlk:9 exhausted all cases without a match [Parameter]{e9473e} at parciales/elLegadoDeSoliamMurr/triunviratos.wlk:9 exhausted all cases without a match","stack":"Error: [Parameter]{e9473e} at parciales/elLegadoDeSoliamMurr/triunviratos.wlk:9 exhausted all cases without a match\n    at c:\\Users\\edu\\.vscode\\extensions\\uqbar.wollok-lsp-ide-0.5.3\\out\\server\\src\\server.js:38:6142\n    at D2 (c:\\Users\\edu\\.vscode\\extensions\\uqbar.wollok-lsp-ide-0.5.3\\out\\server\\src\\server.js:2384:42)\n    at c:\\Users\\edu\\.vscode\\extensions\\uqbar.wollok-lsp-ide-0.5.3\\out\\server\\src\\server.js:2384:2988\n    at c:\\Users\\edu\\.vscode\\extensions\\uqbar.wollok-lsp-ide-0.5.3\\out\\server\\src\\server.js:2393:8440\n    at c:\\Users\\edu\\.vscode\\extensions\\uqbar.wollok-lsp-ide-0.5.3\\out\\server\\src\\server.js:37:74872\n    at Ye (c:\\Users\\edu\\.vscode\\extensions\\uqbar.wollok-lsp-ide-0.5.3\\out\\server\\src\\server.js:7:8527)\n    at qt (c:\\Users\\edu\\.vscode\\extensions\\uqbar.wollok-lsp-ide-0.5.3\\out\\server\\src\\server.js:7:6189)\n    at ot (c:\\Users\\edu\\.vscode\\extensions\\uqbar.wollok-lsp-ide-0.5.3\\out\\server\\src\\server.js:7:6378)\n    at Immediate._onImmediate (c:\\Users\\edu\\.vscode\\extensions\\uqbar.wollok-lsp-ide-0.5.3\\out\\server\\src\\server.js:7:6142)\n    at process.processImmediate (node:internal/timers:485:21)","timestamp":"2025-12-12T03:55:09.099Z"}
{"level":"info","message":"⌛ Validating parciales/elLegadoDeSoliamMurr/triunviratos.wlk","timeElapsed":162,"timestamp":"2025-12-12T03:55:09.363Z"}
{"level":"info","message":"⌛ Validating parciales/elLegadoDeSoliamMurr/triunviratos.wlk","timeElapsed":127,"timestamp":"2025-12-12T03:55:09.570Z"}
{"level":"info","message":"⌛ Validating parciales/elLegadoDeSoliamMurr/triunviratos.wlk","timeElapsed":122,"timestamp":"2025-12-12T03:55:09.770Z"}
{"level":"info","message":"⌛ Validating parciales/elLegadoDeSoliamMurr/triunviratos.wlk","timeElapsed":129,"timestamp":"2025-12-12T03:55:10.060Z"}
{"level":"info","message":"⌛ Validating parciales/elLegadoDeSoliamMurr/triunviratos.wlk","timeElapsed":121,"timestamp":"2025-12-12T03:55:10.258Z"}
{"level":"info","message":"⌛ Validating parciales/elLegadoDeSoliamMurr/triunviratos.wlk","timeElapsed":117,"timestamp":"2025-12-12T03:55:10.458Z"}
{"level":"info","message":"⌛ Validating parciales/elLegadoDeSoliamMurr/triunviratos.wlk","timeElapsed":122,"timestamp":"2025-12-12T03:55:10.653Z"}
{"level":"error","message":"✘ Completions for node Parameter ([9:29, 9:33] - parciales/elLegadoDeSoliamMurr/triunviratos.wlk) failed: Error: [Parameter]{5aee6f} at parciales/elLegadoDeSoliamMurr/triunviratos.wlk:9 exhausted all cases without a match [Parameter]{5aee6f} at parciales/elLegadoDeSoliamMurr/triunviratos.wlk:9 exhausted all cases without a match","stack":"Error: [Parameter]{5aee6f} at parciales/elLegadoDeSoliamMurr/triunviratos.wlk:9 exhausted all cases without a match\n    at c:\\Users\\edu\\.vscode\\extensions\\uqbar.wollok-lsp-ide-0.5.3\\out\\server\\src\\server.js:38:6142\n    at D2 (c:\\Users\\edu\\.vscode\\extensions\\uqbar.wollok-lsp-ide-0.5.3\\out\\server\\src\\server.js:2384:42)\n    at c:\\Users\\edu\\.vscode\\extensions\\uqbar.wollok-lsp-ide-0.5.3\\out\\server\\src\\server.js:2384:2988\n    at c:\\Users\\edu\\.vscode\\extensions\\uqbar.wollok-lsp-ide-0.5.3\\out\\server\\src\\server.js:2393:8440\n    at c:\\Users\\edu\\.vscode\\extensions\\uqbar.wollok-lsp-ide-0.5.3\\out\\server\\src\\server.js:37:74872\n    at Ye (c:\\Users\\edu\\.vscode\\extensions\\uqbar.wollok-lsp-ide-0.5.3\\out\\server\\src\\server.js:7:8527)\n    at qt (c:\\Users\\edu\\.vscode\\extensions\\uqbar.wollok-lsp-ide-0.5.3\\out\\server\\src\\server.js:7:6189)\n    at ot (c:\\Users\\edu\\.vscode\\extensions\\uqbar.wollok-lsp-ide-0.5.3\\out\\server\\src\\server.js:7:6378)\n    at Immediate._onImmediate (c:\\Users\\edu\\.vscode\\extensions\\uqbar.wollok-lsp-ide-0.5.3\\out\\server\\src\\server.js:7:6142)\n    at process.processImmediate (node:internal/timers:485:21)","timestamp":"2025-12-12T03:55:10.754Z"}
{"level":"info","message":"⌛ Validating parciales/elLegadoDeSoliamMurr/triunviratos.wlk","timeElapsed":124,"timestamp":"2025-12-12T03:55:10.881Z"}
{"level":"info","message":"⌛ Validating parciales/elLegadoDeSoliamMurr/triunviratos.wlk","timeElapsed":138,"timestamp":"2025-12-12T03:55:11.020Z"}
{"level":"info","message":"⌛ Validating parciales/elLegadoDeSoliamMurr/triunviratos.wlk","timeElapsed":124,"timestamp":"2025-12-12T03:55:11.144Z"}
{"level":"info","message":"⌛ Validating parciales/elLegadoDeSoliamMurr/triunviratos.wlk","timeElapsed":121,"timestamp":"2025-12-12T03:55:11.341Z"}
{"level":"info","message":"⌛ Building environment","timeElapsed":113,"timestamp":"2025-12-12T03:55:11.454Z"}
{"level":"error","message":"✘ Completions for node Parameter ([9:29, 9:35] - parciales/elLegadoDeSoliamMurr/triunviratos.wlk) failed: Error: [Parameter]{e07b82} at parciales/elLegadoDeSoliamMurr/triunviratos.wlk:9 exhausted all cases without a match [Parameter]{e07b82} at parciales/elLegadoDeSoliamMurr/triunviratos.wlk:9 exhausted all cases without a match","stack":"Error: [Parameter]{e07b82} at parciales/elLegadoDeSoliamMurr/triunviratos.wlk:9 exhausted all cases without a match\n    at c:\\Users\\edu\\.vscode\\extensions\\uqbar.wollok-lsp-ide-0.5.3\\out\\server\\src\\server.js:38:6142\n    at D2 (c:\\Users\\edu\\.vscode\\extensions\\uqbar.wollok-lsp-ide-0.5.3\\out\\server\\src\\server.js:2384:42)\n    at c:\\Users\\edu\\.vscode\\extensions\\uqbar.wollok-lsp-ide-0.5.3\\out\\server\\src\\server.js:2384:2988\n    at c:\\Users\\edu\\.vscode\\extensions\\uqbar.wollok-lsp-ide-0.5.3\\out\\server\\src\\server.js:2393:8440\n    at c:\\Users\\edu\\.vscode\\extensions\\uqbar.wollok-lsp-ide-0.5.3\\out\\server\\src\\server.js:37:74872\n    at Ye (c:\\Users\\edu\\.vscode\\extensions\\uqbar.wollok-lsp-ide-0.5.3\\out\\server\\src\\server.js:7:8527)\n    at qt (c:\\Users\\edu\\.vscode\\extensions\\uqbar.wollok-lsp-ide-0.5.3\\out\\server\\src\\server.js:7:6189)\n    at ot (c:\\Users\\edu\\.vscode\\extensions\\uqbar.wollok-lsp-ide-0.5.3\\out\\server\\src\\server.js:7:6378)\n    at Immediate._onImmediate (c:\\Users\\edu\\.vscode\\extensions\\uqbar.wollok-lsp-ide-0.5.3\\out\\server\\src\\server.js:7:6142)\n    at process.processImmediate (node:internal/timers:485:21)","timestamp":"2025-12-12T03:55:11.488Z"}
{"level":"info","message":"⌛ Building environment","timeElapsed":326,"timestamp":"2025-12-12T03:55:11.963Z"}
{"level":"info","message":"⌛ Validating parciales/elLegadoDeSoliamMurr/triunviratos.wlk","timeElapsed":128,"timestamp":"2025-12-12T03:55:12.331Z"}
{"level":"info","message":"⌛ Validating parciales/elLegadoDeSoliamMurr/triunviratos.wlk","timeElapsed":118,"timestamp":"2025-12-12T03:55:12.457Z"}
{"level":"info","message":"⌛ Validating parciales/elLegadoDeSoliamMurr/triunviratos.wlk","timeElapsed":124,"timestamp":"2025-12-12T03:55:12.661Z"}
{"level":"info","message":"⌛ Validating parciales/elLegadoDeSoliamMurr/triunviratos.wlk","timeElapsed":120,"timestamp":"2025-12-12T03:55:12.781Z"}
{"level":"info","message":"⌛ Validating parciales/elLegadoDeSoliamMurr/triunviratos.wlk","timeElapsed":112,"timestamp":"2025-12-12T03:55:12.898Z"}
{"level":"info","message":"⌛ Validating parciales/elLegadoDeSoliamMurr/triunviratos.wlk","timeElapsed":116,"timestamp":"2025-12-12T03:55:13.016Z"}
{"level":"info","message":"⌛ Validating parciales/elLegadoDeSoliamMurr/triunviratos.wlk","timeElapsed":128,"timestamp":"2025-12-12T03:55:13.223Z"}
{"level":"error","message":"✘ Completions for node Parameter ([9:29, 9:37] - parciales/elLegadoDeSoliamMurr/triunviratos.wlk) failed: Error: [Parameter]{398923} at parciales/elLegadoDeSoliamMurr/triunviratos.wlk:9 exhausted all cases without a match [Parameter]{398923} at parciales/elLegadoDeSoliamMurr/triunviratos.wlk:9 exhausted all cases without a match","stack":"Error: [Parameter]{398923} at parciales/elLegadoDeSoliamMurr/triunviratos.wlk:9 exhausted all cases without a match\n    at c:\\Users\\edu\\.vscode\\extensions\\uqbar.wollok-lsp-ide-0.5.3\\out\\server\\src\\server.js:38:6142\n    at D2 (c:\\Users\\edu\\.vscode\\extensions\\uqbar.wollok-lsp-ide-0.5.3\\out\\server\\src\\server.js:2384:42)\n    at c:\\Users\\edu\\.vscode\\extensions\\uqbar.wollok-lsp-ide-0.5.3\\out\\server\\src\\server.js:2384:2988\n    at c:\\Users\\edu\\.vscode\\extensions\\uqbar.wollok-lsp-ide-0.5.3\\out\\server\\src\\server.js:2393:8440\n    at c:\\Users\\edu\\.vscode\\extensions\\uqbar.wollok-lsp-ide-0.5.3\\out\\server\\src\\server.js:37:74872\n    at Ye (c:\\Users\\edu\\.vscode\\extensions\\uqbar.wollok-lsp-ide-0.5.3\\out\\server\\src\\server.js:7:8527)\n    at qt (c:\\Users\\edu\\.vscode\\extensions\\uqbar.wollok-lsp-ide-0.5.3\\out\\server\\src\\server.js:7:6189)\n    at ot (c:\\Users\\edu\\.vscode\\extensions\\uqbar.wollok-lsp-ide-0.5.3\\out\\server\\src\\server.js:7:6378)\n    at Immediate._onImmediate (c:\\Users\\edu\\.vscode\\extensions\\uqbar.wollok-lsp-ide-0.5.3\\out\\server\\src\\server.js:7:6142)\n    at process.processImmediate (node:internal/timers:485:21)","timestamp":"2025-12-12T03:55:13.408Z"}
{"level":"info","message":"⌛ Validating parciales/elLegadoDeSoliamMurr/triunviratos.wlk","timeElapsed":123,"timestamp":"2025-12-12T03:55:13.628Z"}
{"level":"info","message":"⌛ Validating parciales/elLegadoDeSoliamMurr/triunviratos.wlk","timeElapsed":118,"timestamp":"2025-12-12T03:55:13.751Z"}
{"level":"info","message":"⌛ Validating parciales/elLegadoDeSoliamMurr/triunviratos.wlk","timeElapsed":114,"timestamp":"2025-12-12T03:55:13.866Z"}
{"level":"info","message":"⌛ Validating parciales/elLegadoDeSoliamMurr/triunviratos.wlk","timeElapsed":119,"timestamp":"2025-12-12T03:55:13.985Z"}
{"level":"error","message":"✘ Completions for node Parameter ([9:29, 9:39] - parciales/elLegadoDeSoliamMurr/triunviratos.wlk) failed: Error: [Parameter]{ff26a0} at parciales/elLegadoDeSoliamMurr/triunviratos.wlk:9 exhausted all cases without a match [Parameter]{ff26a0} at parciales/elLegadoDeSoliamMurr/triunviratos.wlk:9 exhausted all cases without a match","stack":"Error: [Parameter]{ff26a0} at parciales/elLegadoDeSoliamMurr/triunviratos.wlk:9 exhausted all cases without a match\n    at c:\\Users\\edu\\.vscode\\extensions\\uqbar.wollok-lsp-ide-0.5.3\\out\\server\\src\\server.js:38:6142\n    at D2 (c:\\Users\\edu\\.vscode\\extensions\\uqbar.wollok-lsp-ide-0.5.3\\out\\server\\src\\server.js:2384:42)\n    at c:\\Users\\edu\\.vscode\\extensions\\uqbar.wollok-lsp-ide-0.5.3\\out\\server\\src\\server.js:2384:2988\n    at c:\\Users\\edu\\.vscode\\extensions\\uqbar.wollok-lsp-ide-0.5.3\\out\\server\\src\\server.js:2393:8440\n    at c:\\Users\\edu\\.vscode\\extensions\\uqbar.wollok-lsp-ide-0.5.3\\out\\server\\src\\server.js:37:74872\n    at Ye (c:\\Users\\edu\\.vscode\\extensions\\uqbar.wollok-lsp-ide-0.5.3\\out\\server\\src\\server.js:7:8527)\n    at qt (c:\\Users\\edu\\.vscode\\extensions\\uqbar.wollok-lsp-ide-0.5.3\\out\\server\\src\\server.js:7:6189)\n    at ot (c:\\Users\\edu\\.vscode\\extensions\\uqbar.wollok-lsp-ide-0.5.3\\out\\server\\src\\server.js:7:6378)\n    at Immediate._onImmediate (c:\\Users\\edu\\.vscode\\extensions\\uqbar.wollok-lsp-ide-0.5.3\\out\\server\\src\\server.js:7:6142)\n    at process.processImmediate (node:internal/timers:485:21)","timestamp":"2025-12-12T03:55:14.084Z"}
{"level":"info","message":"⌛ Validating parciales/elLegadoDeSoliamMurr/triunviratos.wlk","timeElapsed":121,"timestamp":"2025-12-12T03:55:14.217Z"}
{"level":"info","message":"⌛ Validating parciales/elLegadoDeSoliamMurr/triunviratos.wlk","timeElapsed":158,"timestamp":"2025-12-12T03:55:29.642Z"}
{"level":"info","message":"⌛ Building environment","timeElapsed":119,"timestamp":"2025-12-12T03:55:29.763Z"}
{"level":"info","message":"⌛ Validating parciales/elLegadoDeSoliamMurr/triunviratos.wlk","timeElapsed":127,"timestamp":"2025-12-12T03:55:30.012Z"}
{"level":"info","message":"⌛ Building environment","timeElapsed":110,"timestamp":"2025-12-12T03:55:30.122Z"}
{"level":"info","message":"⌛ Validating parciales/elLegadoDeSoliamMurr/triunviratos.wlk","timeElapsed":189,"timestamp":"2025-12-12T03:55:30.359Z"}
{"level":"info","message":"⌛ Validating parciales/elLegadoDeSoliamMurr/triunviratos.wlk","timeElapsed":123,"timestamp":"2025-12-12T03:55:30.483Z"}
{"level":"info","message":"⌛ Validating parciales/elLegadoDeSoliamMurr/triunviratos.wlk","timeElapsed":123,"timestamp":"2025-12-12T03:55:30.723Z"}
{"level":"info","message":"⌛ Building environment","timeElapsed":116,"timestamp":"2025-12-12T03:55:31.291Z"}
{"level":"info","message":"⌛ Validating parciales/elLegadoDeSoliamMurr/triunviratos.wlk","timeElapsed":156,"timestamp":"2025-12-12T03:55:31.448Z"}
{"level":"info","message":"⌛ Building environment","timeElapsed":101,"timestamp":"2025-12-12T03:55:31.550Z"}
{"level":"info","message":"⌛ Validating parciales/elLegadoDeSoliamMurr/triunviratos.wlk","timeElapsed":148,"timestamp":"2025-12-12T03:55:31.698Z"}
{"level":"info","message":"⌛ Validating parciales/elLegadoDeSoliamMurr/triunviratos.wlk","timeElapsed":136,"timestamp":"2025-12-12T03:55:32.902Z"}
{"level":"info","message":"⌛ Validating parciales/elLegadoDeSoliamMurr/triunviratos.wlk","timeElapsed":146,"timestamp":"2025-12-12T03:55:34.467Z"}
{"level":"info","message":"⌛ Validating parciales/elLegadoDeSoliamMurr/triunviratos.wlk","timeElapsed":121,"timestamp":"2025-12-12T03:55:34.811Z"}
{"level":"info","message":"⌛ Building environment","timeElapsed":126,"timestamp":"2025-12-12T03:55:36.404Z"}
{"level":"info","message":"⌛ Building environment","timeElapsed":129,"timestamp":"2025-12-12T03:55:36.534Z"}
{"level":"info","message":"⌛ Validating parciales/elLegadoDeSoliamMurr/triunviratos.wlk","timeElapsed":127,"timestamp":"2025-12-12T03:55:36.706Z"}
{"level":"info","message":"⌛ Building environment","timeElapsed":101,"timestamp":"2025-12-12T03:55:36.807Z"}
{"level":"info","message":"⌛ Validating parciales/elLegadoDeSoliamMurr/triunviratos.wlk","timeElapsed":124,"timestamp":"2025-12-12T03:55:36.931Z"}
{"level":"info","message":"⌛ Validating parciales/elLegadoDeSoliamMurr/triunviratos.wlk","timeElapsed":113,"timestamp":"2025-12-12T03:55:37.049Z"}
{"level":"info","message":"⌛ Validating parciales/elLegadoDeSoliamMurr/triunviratos.wlk","timeElapsed":153,"timestamp":"2025-12-12T03:55:37.400Z"}
{"level":"info","message":"⌛ Validating parciales/elLegadoDeSoliamMurr/triunviratos.wlk","timeElapsed":149,"timestamp":"2025-12-12T03:55:37.638Z"}
{"level":"info","message":"⌛ Validating parciales/elLegadoDeSoliamMurr/triunviratos.wlk","timeElapsed":146,"timestamp":"2025-12-12T03:55:38.183Z"}
{"level":"error","message":"✘ Completions for node Send ([10:5, 10:21] - parciales/elLegadoDeSoliamMurr/triunviratos.wlk) failed: Error: [Send]{18c5c4} at parciales/elLegadoDeSoliamMurr/triunviratos.wlk:10 exhausted all cases without a match [Send]{18c5c4} at parciales/elLegadoDeSoliamMurr/triunviratos.wlk:10 exhausted all cases without a match","stack":"Error: [Send]{18c5c4} at parciales/elLegadoDeSoliamMurr/triunviratos.wlk:10 exhausted all cases without a match\n    at c:\\Users\\edu\\.vscode\\extensions\\uqbar.wollok-lsp-ide-0.5.3\\out\\server\\src\\server.js:38:6142\n    at D2 (c:\\Users\\edu\\.vscode\\extensions\\uqbar.wollok-lsp-ide-0.5.3\\out\\server\\src\\server.js:2384:42)\n    at Qh (c:\\Users\\edu\\.vscode\\extensions\\uqbar.wollok-lsp-ide-0.5.3\\out\\server\\src\\server.js:2384:1092)\n    at k6n (c:\\Users\\edu\\.vscode\\extensions\\uqbar.wollok-lsp-ide-0.5.3\\out\\server\\src\\server.js:2384:1248)\n    at c:\\Users\\edu\\.vscode\\extensions\\uqbar.wollok-lsp-ide-0.5.3\\out\\server\\src\\server.js:38:6131\n    at D2 (c:\\Users\\edu\\.vscode\\extensions\\uqbar.wollok-lsp-ide-0.5.3\\out\\server\\src\\server.js:2384:42)\n    at c:\\Users\\edu\\.vscode\\extensions\\uqbar.wollok-lsp-ide-0.5.3\\out\\server\\src\\server.js:2384:2988\n    at c:\\Users\\edu\\.vscode\\extensions\\uqbar.wollok-lsp-ide-0.5.3\\out\\server\\src\\server.js:2393:8440\n    at c:\\Users\\edu\\.vscode\\extensions\\uqbar.wollok-lsp-ide-0.5.3\\out\\server\\src\\server.js:37:74872\n    at Ye (c:\\Users\\edu\\.vscode\\extensions\\uqbar.wollok-lsp-ide-0.5.3\\out\\server\\src\\server.js:7:8527)","timestamp":"2025-12-12T03:55:39.127Z"}
{"level":"info","message":"⌛ Validating parciales/elLegadoDeSoliamMurr/triunviratos.wlk","timeElapsed":146,"timestamp":"2025-12-12T03:55:39.279Z"}
{"level":"info","message":"⌛ Validating parciales/elLegadoDeSoliamMurr/triunviratos.wlk","timeElapsed":141,"timestamp":"2025-12-12T03:55:39.517Z"}
{"level":"info","message":"⌛ Validating parciales/elLegadoDeSoliamMurr/triunviratos.wlk","timeElapsed":145,"timestamp":"2025-12-12T03:55:39.931Z"}
{"level":"info","message":"⌛ Validating parciales/elLegadoDeSoliamMurr/triunviratos.wlk","timeElapsed":151,"timestamp":"2025-12-12T03:55:41.496Z"}
{"level":"info","message":"⌛ Building environment","timeElapsed":209,"timestamp":"2025-12-12T03:55:41.707Z"}
{"level":"info","message":"⌛ Validating parciales/elLegadoDeSoliamMurr/triunviratos.wlk","timeElapsed":129,"timestamp":"2025-12-12T03:55:41.884Z"}
{"level":"info","message":"⌛ Building environment","timeElapsed":135,"timestamp":"2025-12-12T03:56:03.561Z"}
{"level":"info","message":"⌛ Validating parciales/elLegadoDeSoliamMurr/triunviratos.wlk","timeElapsed":151,"timestamp":"2025-12-12T03:56:03.853Z"}
{"level":"info","message":"⌛ Validating parciales/elLegadoDeSoliamMurr/triunviratos.wlk","timeElapsed":151,"timestamp":"2025-12-12T03:56:04.102Z"}
{"level":"info","message":"⌛ Validating parciales/elLegadoDeSoliamMurr/triunviratos.wlk","timeElapsed":149,"timestamp":"2025-12-12T03:56:04.351Z"}
{"level":"info","message":"⌛ Validating parciales/elLegadoDeSoliamMurr/triunviratos.wlk","timeElapsed":147,"timestamp":"2025-12-12T03:56:04.499Z"}
{"level":"info","message":"⌛ Building environment","timeElapsed":159,"timestamp":"2025-12-12T03:56:04.658Z"}
{"level":"info","message":"⌛ Validating parciales/elLegadoDeSoliamMurr/triunviratos.wlk","timeElapsed":123,"timestamp":"2025-12-12T03:56:04.998Z"}
{"level":"info","message":"⌛ Validating parciales/elLegadoDeSoliamMurr/triunviratos.wlk","timeElapsed":119,"timestamp":"2025-12-12T03:56:05.191Z"}
{"level":"info","message":"⌛ Validating parciales/elLegadoDeSoliamMurr/triunviratos.wlk","timeElapsed":128,"timestamp":"2025-12-12T03:56:05.427Z"}
{"level":"info","message":"⌛ Validating parciales/elLegadoDeSoliamMurr/triunviratos.wlk","timeElapsed":158,"timestamp":"2025-12-12T03:56:05.771Z"}
{"level":"info","message":"⌛ Validating parciales/elLegadoDeSoliamMurr/triunviratos.wlk","timeElapsed":122,"timestamp":"2025-12-12T03:56:05.898Z"}
{"level":"info","message":"⌛ Validating parciales/elLegadoDeSoliamMurr/triunviratos.wlk","timeElapsed":129,"timestamp":"2025-12-12T03:56:06.132Z"}
{"level":"info","message":"⌛ Validating parciales/elLegadoDeSoliamMurr/triunviratos.wlk","timeElapsed":125,"timestamp":"2025-12-12T03:56:06.332Z"}
{"level":"info","message":"⌛ Validating parciales/elLegadoDeSoliamMurr/triunviratos.wlk","timeElapsed":124,"timestamp":"2025-12-12T03:56:06.704Z"}
{"level":"info","message":"⌛ Validating parciales/elLegadoDeSoliamMurr/triunviratos.wlk","timeElapsed":122,"timestamp":"2025-12-12T03:56:06.910Z"}
{"level":"info","message":"⌛ Validating parciales/elLegadoDeSoliamMurr/triunviratos.wlk","timeElapsed":123,"timestamp":"2025-12-12T03:56:07.115Z"}
{"level":"info","message":"⌛ Validating parciales/elLegadoDeSoliamMurr/triunviratos.wlk","timeElapsed":113,"timestamp":"2025-12-12T03:56:07.228Z"}
{"level":"info","message":"⌛ Validating parciales/elLegadoDeSoliamMurr/triunviratos.wlk","timeElapsed":123,"timestamp":"2025-12-12T03:56:07.549Z"}
{"level":"info","message":"⌛ Validating parciales/elLegadoDeSoliamMurr/triunviratos.wlk","timeElapsed":115,"timestamp":"2025-12-12T03:56:07.664Z"}
{"level":"info","message":"⌛ Building environment","timeElapsed":128,"timestamp":"2025-12-12T03:56:07.798Z"}
{"level":"info","message":"⌛ Validating parciales/elLegadoDeSoliamMurr/triunviratos.wlk","timeElapsed":125,"timestamp":"2025-12-12T03:56:07.932Z"}
{"level":"info","message":"⌛ Building environment","timeElapsed":323,"timestamp":"2025-12-12T03:56:08.259Z"}
{"level":"info","message":"⌛ Validating parciales/elLegadoDeSoliamMurr/triunviratos.wlk","timeElapsed":131,"timestamp":"2025-12-12T03:56:08.792Z"}
{"level":"info","message":"⌛ Validating parciales/elLegadoDeSoliamMurr/triunviratos.wlk","timeElapsed":129,"timestamp":"2025-12-12T03:56:08.997Z"}
{"level":"info","message":"⌛ Validating parciales/elLegadoDeSoliamMurr/triunviratos.wlk","timeElapsed":121,"timestamp":"2025-12-12T03:56:09.123Z"}
{"level":"info","message":"⌛ Validating parciales/elLegadoDeSoliamMurr/triunviratos.wlk","timeElapsed":117,"timestamp":"2025-12-12T03:56:09.240Z"}
{"level":"info","message":"⌛ Validating parciales/elLegadoDeSoliamMurr/triunviratos.wlk","timeElapsed":120,"timestamp":"2025-12-12T03:56:09.360Z"}
{"level":"info","message":"⌛ Validating parciales/elLegadoDeSoliamMurr/triunviratos.wlk","timeElapsed":121,"timestamp":"2025-12-12T03:56:09.481Z"}
{"level":"info","message":"⌛ Validating parciales/elLegadoDeSoliamMurr/triunviratos.wlk","timeElapsed":152,"timestamp":"2025-12-12T03:56:09.635Z"}
{"level":"info","message":"⌛ Validating parciales/elLegadoDeSoliamMurr/triunviratos.wlk","timeElapsed":130,"timestamp":"2025-12-12T03:56:09.768Z"}
{"level":"error","message":"✘ Completions for node Parameter ([13:23, 13:24] - parciales/elLegadoDeSoliamMurr/triunviratos.wlk) failed: Error: [Parameter]{3317e9} at parciales/elLegadoDeSoliamMurr/triunviratos.wlk:13 exhausted all cases without a match [Parameter]{3317e9} at parciales/elLegadoDeSoliamMurr/triunviratos.wlk:13 exhausted all cases without a match","stack":"Error: [Parameter]{3317e9} at parciales/elLegadoDeSoliamMurr/triunviratos.wlk:13 exhausted all cases without a match\n    at c:\\Users\\edu\\.vscode\\extensions\\uqbar.wollok-lsp-ide-0.5.3\\out\\server\\src\\server.js:38:6142\n    at D2 (c:\\Users\\edu\\.vscode\\extensions\\uqbar.wollok-lsp-ide-0.5.3\\out\\server\\src\\server.js:2384:42)\n    at c:\\Users\\edu\\.vscode\\extensions\\uqbar.wollok-lsp-ide-0.5.3\\out\\server\\src\\server.js:2384:2988\n    at c:\\Users\\edu\\.vscode\\extensions\\uqbar.wollok-lsp-ide-0.5.3\\out\\server\\src\\server.js:2393:8440\n    at c:\\Users\\edu\\.vscode\\extensions\\uqbar.wollok-lsp-ide-0.5.3\\out\\server\\src\\server.js:37:74872\n    at Ye (c:\\Users\\edu\\.vscode\\extensions\\uqbar.wollok-lsp-ide-0.5.3\\out\\server\\src\\server.js:7:8527)\n    at qt (c:\\Users\\edu\\.vscode\\extensions\\uqbar.wollok-lsp-ide-0.5.3\\out\\server\\src\\server.js:7:6189)\n    at ot (c:\\Users\\edu\\.vscode\\extensions\\uqbar.wollok-lsp-ide-0.5.3\\out\\server\\src\\server.js:7:6378)\n    at Immediate._onImmediate (c:\\Users\\edu\\.vscode\\extensions\\uqbar.wollok-lsp-ide-0.5.3\\out\\server\\src\\server.js:7:6142)\n    at process.processImmediate (node:internal/timers:485:21)","timestamp":"2025-12-12T03:56:15.072Z"}
{"level":"info","message":"⌛ Validating parciales/elLegadoDeSoliamMurr/triunviratos.wlk","timeElapsed":208,"timestamp":"2025-12-12T03:56:15.388Z"}
{"level":"info","message":"⌛ Validating parciales/elLegadoDeSoliamMurr/triunviratos.wlk","timeElapsed":140,"timestamp":"2025-12-12T03:56:15.531Z"}
{"level":"info","message":"⌛ Building environment","timeElapsed":114,"timestamp":"2025-12-12T03:56:17.571Z"}
{"level":"error","message":"✘ Completions for node Parameter ([13:23, 13:26] - parciales/elLegadoDeSoliamMurr/triunviratos.wlk) failed: Error: [Parameter]{941ba6} at parciales/elLegadoDeSoliamMurr/triunviratos.wlk:13 exhausted all cases without a match [Parameter]{941ba6} at parciales/elLegadoDeSoliamMurr/triunviratos.wlk:13 exhausted all cases without a match","stack":"Error: [Parameter]{941ba6} at parciales/elLegadoDeSoliamMurr/triunviratos.wlk:13 exhausted all cases without a match\n    at c:\\Users\\edu\\.vscode\\extensions\\uqbar.wollok-lsp-ide-0.5.3\\out\\server\\src\\server.js:38:6142\n    at D2 (c:\\Users\\edu\\.vscode\\extensions\\uqbar.wollok-lsp-ide-0.5.3\\out\\server\\src\\server.js:2384:42)\n    at c:\\Users\\edu\\.vscode\\extensions\\uqbar.wollok-lsp-ide-0.5.3\\out\\server\\src\\server.js:2384:2988\n    at c:\\Users\\edu\\.vscode\\extensions\\uqbar.wollok-lsp-ide-0.5.3\\out\\server\\src\\server.js:2393:8440\n    at c:\\Users\\edu\\.vscode\\extensions\\uqbar.wollok-lsp-ide-0.5.3\\out\\server\\src\\server.js:37:74872\n    at Ye (c:\\Users\\edu\\.vscode\\extensions\\uqbar.wollok-lsp-ide-0.5.3\\out\\server\\src\\server.js:7:8527)\n    at qt (c:\\Users\\edu\\.vscode\\extensions\\uqbar.wollok-lsp-ide-0.5.3\\out\\server\\src\\server.js:7:6189)\n    at ot (c:\\Users\\edu\\.vscode\\extensions\\uqbar.wollok-lsp-ide-0.5.3\\out\\server\\src\\server.js:7:6378)\n    at Immediate._onImmediate (c:\\Users\\edu\\.vscode\\extensions\\uqbar.wollok-lsp-ide-0.5.3\\out\\server\\src\\server.js:7:6142)\n    at process.processImmediate (node:internal/timers:485:21)","timestamp":"2025-12-12T03:56:17.606Z"}
{"level":"info","message":"⌛ Validating parciales/elLegadoDeSoliamMurr/triunviratos.wlk","timeElapsed":128,"timestamp":"2025-12-12T03:56:17.741Z"}
{"level":"info","message":"⌛ Building environment","timeElapsed":119,"timestamp":"2025-12-12T03:56:17.862Z"}
{"level":"error","message":"✘ Completions for node Parameter ([13:23, 13:27] - parciales/elLegadoDeSoliamMurr/triunviratos.wlk) failed: Error: [Parameter]{fa89f5} at parciales/elLegadoDeSoliamMurr/triunviratos.wlk:13 exhausted all cases without a match [Parameter]{fa89f5} at parciales/elLegadoDeSoliamMurr/triunviratos.wlk:13 exhausted all cases without a match","stack":"Error: [Parameter]{fa89f5} at parciales/elLegadoDeSoliamMurr/triunviratos.wlk:13 exhausted all cases without a match\n    at c:\\Users\\edu\\.vscode\\extensions\\uqbar.wollok-lsp-ide-0.5.3\\out\\server\\src\\server.js:38:6142\n    at D2 (c:\\Users\\edu\\.vscode\\extensions\\uqbar.wollok-lsp-ide-0.5.3\\out\\server\\src\\server.js:2384:42)\n    at c:\\Users\\edu\\.vscode\\extensions\\uqbar.wollok-lsp-ide-0.5.3\\out\\server\\src\\server.js:2384:2988\n    at c:\\Users\\edu\\.vscode\\extensions\\uqbar.wollok-lsp-ide-0.5.3\\out\\server\\src\\server.js:2393:8440\n    at c:\\Users\\edu\\.vscode\\extensions\\uqbar.wollok-lsp-ide-0.5.3\\out\\server\\src\\server.js:37:74872\n    at Ye (c:\\Users\\edu\\.vscode\\extensions\\uqbar.wollok-lsp-ide-0.5.3\\out\\server\\src\\server.js:7:8527)\n    at qt (c:\\Users\\edu\\.vscode\\extensions\\uqbar.wollok-lsp-ide-0.5.3\\out\\server\\src\\server.js:7:6189)\n    at ot (c:\\Users\\edu\\.vscode\\extensions\\uqbar.wollok-lsp-ide-0.5.3\\out\\server\\src\\server.js:7:6378)\n    at Immediate._onImmediate (c:\\Users\\edu\\.vscode\\extensions\\uqbar.wollok-lsp-ide-0.5.3\\out\\server\\src\\server.js:7:6142)\n    at process.processImmediate (node:internal/timers:485:21)","timestamp":"2025-12-12T03:56:17.891Z"}
{"level":"info","message":"⌛ Validating parciales/elLegadoDeSoliamMurr/triunviratos.wlk","timeElapsed":139,"timestamp":"2025-12-12T03:56:18.120Z"}
{"level":"info","message":"⌛ Validating parciales/elLegadoDeSoliamMurr/triunviratos.wlk","timeElapsed":124,"timestamp":"2025-12-12T03:56:18.244Z"}
{"level":"error","message":"✘ Completions for node Parameter ([13:23, 13:29] - parciales/elLegadoDeSoliamMurr/triunviratos.wlk) failed: Error: [Parameter]{aff3f3} at parciales/elLegadoDeSoliamMurr/triunviratos.wlk:13 exhausted all cases without a match [Parameter]{aff3f3} at parciales/elLegadoDeSoliamMurr/triunviratos.wlk:13 exhausted all cases without a match","stack":"Error: [Parameter]{aff3f3} at parciales/elLegadoDeSoliamMurr/triunviratos.wlk:13 exhausted all cases without a match\n    at c:\\Users\\edu\\.vscode\\extensions\\uqbar.wollok-lsp-ide-0.5.3\\out\\server\\src\\server.js:38:6142\n    at D2 (c:\\Users\\edu\\.vscode\\extensions\\uqbar.wollok-lsp-ide-0.5.3\\out\\server\\src\\server.js:2384:42)\n    at c:\\Users\\edu\\.vscode\\extensions\\uqbar.wollok-lsp-ide-0.5.3\\out\\server\\src\\server.js:2384:2988\n    at c:\\Users\\edu\\.vscode\\extensions\\uqbar.wollok-lsp-ide-0.5.3\\out\\server\\src\\server.js:2393:8440\n    at c:\\Users\\edu\\.vscode\\extensions\\uqbar.wollok-lsp-ide-0.5.3\\out\\server\\src\\server.js:37:74872\n    at Ye (c:\\Users\\edu\\.vscode\\extensions\\uqbar.wollok-lsp-ide-0.5.3\\out\\server\\src\\server.js:7:8527)\n    at qt (c:\\Users\\edu\\.vscode\\extensions\\uqbar.wollok-lsp-ide-0.5.3\\out\\server\\src\\server.js:7:6189)\n    at ot (c:\\Users\\edu\\.vscode\\extensions\\uqbar.wollok-lsp-ide-0.5.3\\out\\server\\src\\server.js:7:6378)\n    at Immediate._onImmediate (c:\\Users\\edu\\.vscode\\extensions\\uqbar.wollok-lsp-ide-0.5.3\\out\\server\\src\\server.js:7:6142)\n    at process.processImmediate (node:internal/timers:485:21)","timestamp":"2025-12-12T03:56:18.342Z"}
{"level":"info","message":"⌛ Validating parciales/elLegadoDeSoliamMurr/triunviratos.wlk","timeElapsed":123,"timestamp":"2025-12-12T03:56:18.566Z"}
{"level":"info","message":"⌛ Validating parciales/elLegadoDeSoliamMurr/triunviratos.wlk","timeElapsed":121,"timestamp":"2025-12-12T03:56:18.691Z"}
{"level":"error","message":"✘ Completions for node Parameter ([13:23, 13:31] - parciales/elLegadoDeSoliamMurr/triunviratos.wlk) failed: Error: [Parameter]{c74c05} at parciales/elLegadoDeSoliamMurr/triunviratos.wlk:13 exhausted all cases without a match [Parameter]{c74c05} at parciales/elLegadoDeSoliamMurr/triunviratos.wlk:13 exhausted all cases without a match","stack":"Error: [Parameter]{c74c05} at parciales/elLegadoDeSoliamMurr/triunviratos.wlk:13 exhausted all cases without a match\n    at c:\\Users\\edu\\.vscode\\extensions\\uqbar.wollok-lsp-ide-0.5.3\\out\\server\\src\\server.js:38:6142\n    at D2 (c:\\Users\\edu\\.vscode\\extensions\\uqbar.wollok-lsp-ide-0.5.3\\out\\server\\src\\server.js:2384:42)\n    at c:\\Users\\edu\\.vscode\\extensions\\uqbar.wollok-lsp-ide-0.5.3\\out\\server\\src\\server.js:2384:2988\n    at c:\\Users\\edu\\.vscode\\extensions\\uqbar.wollok-lsp-ide-0.5.3\\out\\server\\src\\server.js:2393:8440\n    at c:\\Users\\edu\\.vscode\\extensions\\uqbar.wollok-lsp-ide-0.5.3\\out\\server\\src\\server.js:37:74872\n    at Ye (c:\\Users\\edu\\.vscode\\extensions\\uqbar.wollok-lsp-ide-0.5.3\\out\\server\\src\\server.js:7:8527)\n    at qt (c:\\Users\\edu\\.vscode\\extensions\\uqbar.wollok-lsp-ide-0.5.3\\out\\server\\src\\server.js:7:6189)\n    at ot (c:\\Users\\edu\\.vscode\\extensions\\uqbar.wollok-lsp-ide-0.5.3\\out\\server\\src\\server.js:7:6378)\n    at Immediate._onImmediate (c:\\Users\\edu\\.vscode\\extensions\\uqbar.wollok-lsp-ide-0.5.3\\out\\server\\src\\server.js:7:6142)\n    at process.processImmediate (node:internal/timers:485:21)","timestamp":"2025-12-12T03:56:19.647Z"}
{"level":"info","message":"⌛ Validating parciales/elLegadoDeSoliamMurr/triunviratos.wlk","timeElapsed":183,"timestamp":"2025-12-12T03:56:19.931Z"}
{"level":"info","message":"⌛ Building environment","timeElapsed":108,"timestamp":"2025-12-12T03:56:20.040Z"}
{"level":"error","message":"✘ Completions for node Parameter ([13:23, 13:33] - parciales/elLegadoDeSoliamMurr/triunviratos.wlk) failed: Error: [Parameter]{d2652d} at parciales/elLegadoDeSoliamMurr/triunviratos.wlk:13 exhausted all cases without a match [Parameter]{d2652d} at parciales/elLegadoDeSoliamMurr/triunviratos.wlk:13 exhausted all cases without a match","stack":"Error: [Parameter]{d2652d} at parciales/elLegadoDeSoliamMurr/triunviratos.wlk:13 exhausted all cases without a match\n    at c:\\Users\\edu\\.vscode\\extensions\\uqbar.wollok-lsp-ide-0.5.3\\out\\server\\src\\server.js:38:6142\n    at D2 (c:\\Users\\edu\\.vscode\\extensions\\uqbar.wollok-lsp-ide-0.5.3\\out\\server\\src\\server.js:2384:42)\n    at c:\\Users\\edu\\.vscode\\extensions\\uqbar.wollok-lsp-ide-0.5.3\\out\\server\\src\\server.js:2384:2988\n    at c:\\Users\\edu\\.vscode\\extensions\\uqbar.wollok-lsp-ide-0.5.3\\out\\server\\src\\server.js:2393:8440\n    at c:\\Users\\edu\\.vscode\\extensions\\uqbar.wollok-lsp-ide-0.5.3\\out\\server\\src\\server.js:37:74872\n    at Ye (c:\\Users\\edu\\.vscode\\extensions\\uqbar.wollok-lsp-ide-0.5.3\\out\\server\\src\\server.js:7:8527)\n    at qt (c:\\Users\\edu\\.vscode\\extensions\\uqbar.wollok-lsp-ide-0.5.3\\out\\server\\src\\server.js:7:6189)\n    at ot (c:\\Users\\edu\\.vscode\\extensions\\uqbar.wollok-lsp-ide-0.5.3\\out\\server\\src\\server.js:7:6378)\n    at Immediate._onImmediate (c:\\Users\\edu\\.vscode\\extensions\\uqbar.wollok-lsp-ide-0.5.3\\out\\server\\src\\server.js:7:6142)\n    at process.processImmediate (node:internal/timers:485:21)","timestamp":"2025-12-12T03:56:20.070Z"}
{"level":"info","message":"⌛ Validating parciales/elLegadoDeSoliamMurr/triunviratos.wlk","timeElapsed":146,"timestamp":"2025-12-12T03:56:20.220Z"}
{"level":"info","message":"⌛ Validating parciales/elLegadoDeSoliamMurr/triunviratos.wlk","timeElapsed":151,"timestamp":"2025-12-12T03:56:20.372Z"}
{"level":"info","message":"⌛ Validating parciales/elLegadoDeSoliamMurr/triunviratos.wlk","timeElapsed":157,"timestamp":"2025-12-12T03:56:23.675Z"}
{"level":"info","message":"⌛ Building environment","timeElapsed":170,"timestamp":"2025-12-12T03:56:23.846Z"}
{"level":"info","message":"⌛ Validating parciales/elLegadoDeSoliamMurr/triunviratos.wlk","timeElapsed":155,"timestamp":"2025-12-12T03:56:24.001Z"}
{"level":"info","message":"⌛ Building environment","timeElapsed":151,"timestamp":"2025-12-12T03:56:24.153Z"}
{"level":"info","message":"⌛ Validating parciales/elLegadoDeSoliamMurr/triunviratos.wlk","timeElapsed":137,"timestamp":"2025-12-12T03:56:24.408Z"}
{"level":"info","message":"⌛ Validating parciales/elLegadoDeSoliamMurr/triunviratos.wlk","timeElapsed":125,"timestamp":"2025-12-12T03:56:24.535Z"}
{"level":"info","message":"⌛ Validating parciales/elLegadoDeSoliamMurr/triunviratos.wlk","timeElapsed":142,"timestamp":"2025-12-12T03:56:24.678Z"}
{"level":"info","message":"⌛ Building environment","timeElapsed":111,"timestamp":"2025-12-12T03:56:25.131Z"}
{"level":"info","message":"⌛ Validating parciales/elLegadoDeSoliamMurr/triunviratos.wlk","timeElapsed":139,"timestamp":"2025-12-12T03:56:25.285Z"}
{"level":"info","message":"⌛ Validating parciales/elLegadoDeSoliamMurr/triunviratos.wlk","timeElapsed":123,"timestamp":"2025-12-12T03:56:25.408Z"}
{"level":"info","message":"⌛ Validating parciales/elLegadoDeSoliamMurr/triunviratos.wlk","timeElapsed":117,"timestamp":"2025-12-12T03:56:25.525Z"}
{"level":"info","message":"⌛ Validating parciales/elLegadoDeSoliamMurr/triunviratos.wlk","timeElapsed":154,"timestamp":"2025-12-12T03:56:25.688Z"}
{"level":"info","message":"⌛ Validating parciales/elLegadoDeSoliamMurr/triunviratos.wlk","timeElapsed":131,"timestamp":"2025-12-12T03:56:25.820Z"}
{"level":"info","message":"⌛ Building environment","timeElapsed":104,"timestamp":"2025-12-12T03:56:26.204Z"}
{"level":"info","message":"⌛ Validating parciales/elLegadoDeSoliamMurr/triunviratos.wlk","timeElapsed":122,"timestamp":"2025-12-12T03:56:26.364Z"}
{"level":"info","message":"⌛ Validating parciales/elLegadoDeSoliamMurr/triunviratos.wlk","timeElapsed":121,"timestamp":"2025-12-12T03:56:26.637Z"}
{"level":"info","message":"⌛ Validating parciales/elLegadoDeSoliamMurr/triunviratos.wlk","timeElapsed":127,"timestamp":"2025-12-12T03:56:27.684Z"}
{"level":"info","message":"⌛ Building environment","timeElapsed":137,"timestamp":"2025-12-12T03:56:27.821Z"}
{"level":"info","message":"⌛ Validating parciales/elLegadoDeSoliamMurr/triunviratos.wlk","timeElapsed":132,"timestamp":"2025-12-12T03:56:28.075Z"}
{"level":"info","message":"⌛ Validating parciales/elLegadoDeSoliamMurr/triunviratos.wlk","timeElapsed":132,"timestamp":"2025-12-12T03:56:28.221Z"}
{"level":"info","message":"⌛ Building environment","timeElapsed":104,"timestamp":"2025-12-12T03:56:28.871Z"}
{"level":"info","message":"⌛ Validating parciales/elLegadoDeSoliamMurr/triunviratos.wlk","timeElapsed":132,"timestamp":"2025-12-12T03:56:29.004Z"}
{"level":"info","message":"⌛ Building environment","timeElapsed":119,"timestamp":"2025-12-12T03:56:29.124Z"}
{"level":"info","message":"⌛ Validating parciales/elLegadoDeSoliamMurr/triunviratos.wlk","timeElapsed":135,"timestamp":"2025-12-12T03:56:29.346Z"}
{"level":"info","message":"⌛ Validating parciales/elLegadoDeSoliamMurr/triunviratos.wlk","timeElapsed":121,"timestamp":"2025-12-12T03:56:29.467Z"}
{"level":"info","message":"⌛ Validating parciales/elLegadoDeSoliamMurr/triunviratos.wlk","timeElapsed":120,"timestamp":"2025-12-12T03:56:29.777Z"}
{"level":"info","message":"⌛ Validating parciales/elLegadoDeSoliamMurr/triunviratos.wlk","timeElapsed":122,"timestamp":"2025-12-12T03:56:29.975Z"}
{"level":"info","message":"⌛ Validating parciales/elLegadoDeSoliamMurr/triunviratos.wlk","timeElapsed":118,"timestamp":"2025-12-12T03:56:30.098Z"}
{"level":"info","message":"⌛ Validating parciales/elLegadoDeSoliamMurr/triunviratos.wlk","timeElapsed":119,"timestamp":"2025-12-12T03:56:32.879Z"}
{"level":"error","message":"✘ Completions for node Send ([14:5, 14:23] - parciales/elLegadoDeSoliamMurr/triunviratos.wlk) failed: Error: [Send]{668e8f} at parciales/elLegadoDeSoliamMurr/triunviratos.wlk:14 exhausted all cases without a match [Send]{668e8f} at parciales/elLegadoDeSoliamMurr/triunviratos.wlk:14 exhausted all cases without a match","stack":"Error: [Send]{668e8f} at parciales/elLegadoDeSoliamMurr/triunviratos.wlk:14 exhausted all cases without a match\n    at c:\\Users\\edu\\.vscode\\extensions\\uqbar.wollok-lsp-ide-0.5.3\\out\\server\\src\\server.js:38:6142\n    at D2 (c:\\Users\\edu\\.vscode\\extensions\\uqbar.wollok-lsp-ide-0.5.3\\out\\server\\src\\server.js:2384:42)\n    at Qh (c:\\Users\\edu\\.vscode\\extensions\\uqbar.wollok-lsp-ide-0.5.3\\out\\server\\src\\server.js:2384:1092)\n    at k6n (c:\\Users\\edu\\.vscode\\extensions\\uqbar.wollok-lsp-ide-0.5.3\\out\\server\\src\\server.js:2384:1248)\n    at c:\\Users\\edu\\.vscode\\extensions\\uqbar.wollok-lsp-ide-0.5.3\\out\\server\\src\\server.js:38:6131\n    at D2 (c:\\Users\\edu\\.vscode\\extensions\\uqbar.wollok-lsp-ide-0.5.3\\out\\server\\src\\server.js:2384:42)\n    at c:\\Users\\edu\\.vscode\\extensions\\uqbar.wollok-lsp-ide-0.5.3\\out\\server\\src\\server.js:2384:2988\n    at c:\\Users\\edu\\.vscode\\extensions\\uqbar.wollok-lsp-ide-0.5.3\\out\\server\\src\\server.js:2393:8440\n    at c:\\Users\\edu\\.vscode\\extensions\\uqbar.wollok-lsp-ide-0.5.3\\out\\server\\src\\server.js:37:74872\n    at Ye (c:\\Users\\edu\\.vscode\\extensions\\uqbar.wollok-lsp-ide-0.5.3\\out\\server\\src\\server.js:7:8527)","timestamp":"2025-12-12T03:56:33.740Z"}
{"level":"info","message":"⌛ Validating parciales/elLegadoDeSoliamMurr/triunviratos.wlk","timeElapsed":123,"timestamp":"2025-12-12T03:56:33.866Z"}
{"level":"info","message":"⌛ Validating parciales/elLegadoDeSoliamMurr/triunviratos.wlk","timeElapsed":122,"timestamp":"2025-12-12T03:56:34.065Z"}
{"level":"info","message":"⌛ Building environment","timeElapsed":144,"timestamp":"2025-12-12T03:56:34.214Z"}
{"level":"info","message":"⌛ Validating parciales/elLegadoDeSoliamMurr/triunviratos.wlk","timeElapsed":122,"timestamp":"2025-12-12T03:56:34.340Z"}
{"level":"info","message":"⌛ Validating parciales/elLegadoDeSoliamMurr/triunviratos.wlk","timeElapsed":141,"timestamp":"2025-12-12T03:56:34.852Z"}
{"level":"info","message":"⌛ Building environment","timeElapsed":101,"timestamp":"2025-12-12T03:56:36.403Z"}
{"level":"info","message":"⌛ Validating parciales/elLegadoDeSoliamMurr/triunviratos.wlk","timeElapsed":155,"timestamp":"2025-12-12T03:56:36.559Z"}
{"level":"info","message":"⌛ Building environment","timeElapsed":103,"timestamp":"2025-12-12T03:56:37.878Z"}
{"level":"info","message":"⌛ Validating parciales/elLegadoDeSoliamMurr/triunviratos.wlk","timeElapsed":145,"timestamp":"2025-12-12T03:56:38.024Z"}
{"level":"info","message":"⌛ Validating parciales/elLegadoDeSoliamMurr/triunviratos.wlk","timeElapsed":121,"timestamp":"2025-12-12T03:56:38.323Z"}
{"level":"info","message":"⌛ Validating parciales/elLegadoDeSoliamMurr/triunviratos.wlk","timeElapsed":120,"timestamp":"2025-12-12T03:56:38.522Z"}
{"level":"info","message":"⌛ Validating parciales/elLegadoDeSoliamMurr/triunviratos.wlk","timeElapsed":122,"timestamp":"2025-12-12T03:56:38.649Z"}
{"level":"info","message":"⌛ Validating parciales/elLegadoDeSoliamMurr/triunviratos.wlk","timeElapsed":119,"timestamp":"2025-12-12T03:56:38.769Z"}
{"level":"info","message":"⌛ Validating parciales/elLegadoDeSoliamMurr/triunviratos.wlk","timeElapsed":146,"timestamp":"2025-12-12T03:56:39.179Z"}
{"level":"info","message":"⌛ Building environment","timeElapsed":135,"timestamp":"2025-12-12T03:56:39.314Z"}
{"level":"info","message":"⌛ Validating parciales/elLegadoDeSoliamMurr/triunviratos.wlk","timeElapsed":146,"timestamp":"2025-12-12T03:56:39.571Z"}
{"level":"info","message":"⌛ Validating parciales/elLegadoDeSoliamMurr/triunviratos.wlk","timeElapsed":145,"timestamp":"2025-12-12T03:56:39.717Z"}
{"level":"error","message":"✘ Completions for node Assignment ([15:5, 15:14] - parciales/elLegadoDeSoliamMurr/triunviratos.wlk) failed: Error: [Assignment]{e3543b} at parciales/elLegadoDeSoliamMurr/triunviratos.wlk:15 exhausted all cases without a match [Assignment]{e3543b} at parciales/elLegadoDeSoliamMurr/triunviratos.wlk:15 exhausted all cases without a match","stack":"Error: [Assignment]{e3543b} at parciales/elLegadoDeSoliamMurr/triunviratos.wlk:15 exhausted all cases without a match\n    at c:\\Users\\edu\\.vscode\\extensions\\uqbar.wollok-lsp-ide-0.5.3\\out\\server\\src\\server.js:38:6142\n    at D2 (c:\\Users\\edu\\.vscode\\extensions\\uqbar.wollok-lsp-ide-0.5.3\\out\\server\\src\\server.js:2384:42)\n    at Qh (c:\\Users\\edu\\.vscode\\extensions\\uqbar.wollok-lsp-ide-0.5.3\\out\\server\\src\\server.js:2384:1092)\n    at k6n (c:\\Users\\edu\\.vscode\\extensions\\uqbar.wollok-lsp-ide-0.5.3\\out\\server\\src\\server.js:2384:1248)\n    at c:\\Users\\edu\\.vscode\\extensions\\uqbar.wollok-lsp-ide-0.5.3\\out\\server\\src\\server.js:38:6131\n    at D2 (c:\\Users\\edu\\.vscode\\extensions\\uqbar.wollok-lsp-ide-0.5.3\\out\\server\\src\\server.js:2384:42)\n    at c:\\Users\\edu\\.vscode\\extensions\\uqbar.wollok-lsp-ide-0.5.3\\out\\server\\src\\server.js:2384:2988\n    at c:\\Users\\edu\\.vscode\\extensions\\uqbar.wollok-lsp-ide-0.5.3\\out\\server\\src\\server.js:2393:8440\n    at c:\\Users\\edu\\.vscode\\extensions\\uqbar.wollok-lsp-ide-0.5.3\\out\\server\\src\\server.js:37:74872\n    at Ye (c:\\Users\\edu\\.vscode\\extensions\\uqbar.wollok-lsp-ide-0.5.3\\out\\server\\src\\server.js:7:8527)","timestamp":"2025-12-12T03:56:41.170Z"}
{"level":"info","message":"⌛ Validating parciales/elLegadoDeSoliamMurr/triunviratos.wlk","timeElapsed":148,"timestamp":"2025-12-12T03:56:41.423Z"}
{"level":"info","message":"⌛ Validating parciales/elLegadoDeSoliamMurr/triunviratos.wlk","timeElapsed":143,"timestamp":"2025-12-12T03:56:41.566Z"}
{"level":"info","message":"⌛ Building environment","timeElapsed":132,"timestamp":"2025-12-12T03:56:41.852Z"}
{"level":"info","message":"⌛ Validating parciales/elLegadoDeSoliamMurr/triunviratos.wlk","timeElapsed":145,"timestamp":"2025-12-12T03:56:41.998Z"}
{"level":"info","message":"⌛ Validating parciales/elLegadoDeSoliamMurr/triunviratos.wlk","timeElapsed":147,"timestamp":"2025-12-12T03:56:43.229Z"}
{"level":"info","message":"⌛ Validating parciales/elLegadoDeSoliamMurr/triunviratos.wlk","timeElapsed":141,"timestamp":"2025-12-12T03:56:43.467Z"}
{"level":"info","message":"⌛ Building environment","timeElapsed":106,"timestamp":"2025-12-12T03:56:43.787Z"}
{"level":"info","message":"⌛ Building environment","timeElapsed":203,"timestamp":"2025-12-12T03:56:44.041Z"}
{"level":"info","message":"⌛ Validating parciales/elLegadoDeSoliamMurr/triunviratos.wlk","timeElapsed":128,"timestamp":"2025-12-12T03:56:44.204Z"}
{"level":"info","message":"⌛ Validating parciales/elLegadoDeSoliamMurr/triunviratos.wlk","timeElapsed":128,"timestamp":"2025-12-12T03:56:44.340Z"}
{"level":"info","message":"⌛ Validating parciales/elLegadoDeSoliamMurr/triunviratos.wlk","timeElapsed":125,"timestamp":"2025-12-12T03:56:47.268Z"}
{"level":"info","message":"⌛ Validating parciales/elLegadoDeSoliamMurr/triunviratos.wlk","timeElapsed":154,"timestamp":"2025-12-12T03:56:50.205Z"}
{"level":"info","message":"⌛ Building environment","timeElapsed":117,"timestamp":"2025-12-12T03:56:50.323Z"}
{"level":"info","message":"⌛ Validating parciales/elLegadoDeSoliamMurr/triunviratos.wlk","timeElapsed":122,"timestamp":"2025-12-12T03:56:50.740Z"}
{"level":"info","message":"⌛ Building environment","timeElapsed":176,"timestamp":"2025-12-12T03:56:50.916Z"}
{"level":"info","message":"⌛ Validating parciales/elLegadoDeSoliamMurr/triunviratos.wlk","timeElapsed":139,"timestamp":"2025-12-12T03:56:51.055Z"}
{"level":"info","message":"⌛ Validating parciales/elLegadoDeSoliamMurr/triunviratos.wlk","timeElapsed":118,"timestamp":"2025-12-12T03:56:51.173Z"}
{"level":"info","message":"⌛ Validating parciales/elLegadoDeSoliamMurr/triunviratos.wlk","timeElapsed":157,"timestamp":"2025-12-12T03:56:51.408Z"}
{"level":"info","message":"⌛ Validating parciales/elLegadoDeSoliamMurr/triunviratos.wlk","timeElapsed":125,"timestamp":"2025-12-12T03:56:51.539Z"}
{"level":"info","message":"⌛ Validating parciales/elLegadoDeSoliamMurr/triunviratos.wlk","timeElapsed":126,"timestamp":"2025-12-12T03:56:51.746Z"}
{"level":"info","message":"⌛ Validating parciales/elLegadoDeSoliamMurr/triunviratos.wlk","timeElapsed":126,"timestamp":"2025-12-12T03:56:52.038Z"}
{"level":"info","message":"⌛ Validating parciales/elLegadoDeSoliamMurr/triunviratos.wlk","timeElapsed":121,"timestamp":"2025-12-12T03:56:52.322Z"}
{"level":"info","message":"⌛ Validating parciales/elLegadoDeSoliamMurr/triunviratos.wlk","timeElapsed":121,"timestamp":"2025-12-12T03:56:52.443Z"}
{"level":"info","message":"⌛ Validating parciales/elLegadoDeSoliamMurr/triunviratos.wlk","timeElapsed":120,"timestamp":"2025-12-12T03:56:52.649Z"}
{"level":"info","message":"⌛ Validating parciales/elLegadoDeSoliamMurr/triunviratos.wlk","timeElapsed":116,"timestamp":"2025-12-12T03:56:52.771Z"}
{"level":"info","message":"⌛ Validating parciales/elLegadoDeSoliamMurr/triunviratos.wlk","timeElapsed":127,"timestamp":"2025-12-12T03:56:52.899Z"}
{"level":"error","message":"✘ Failed to rebuild document Failed to parse parciales/elLegadoDeSoliamMurr/triunviratos.wlk: \n-- PARSING FAILED --------------------------------------------------\n\n  16 |   }\n  17 | \n> 18 |   method () {\n     |          ^\n  19 |     \n  20 |   }\n\nExpected one of the following: \n\n'!=', '!==', '%', '&&', '*', '**', '+', '-', '->', '..', '..<', '/', '<', '<<', '<<<', '<=', '<=>', '<>', '==', '===', '>', '>..', '>=', '>>', '>>>', '?:', 'and', 'invert', 'negate', 'or', 'plus', '||', identifier, whitespace\n","stack":"Error: Failed to parse parciales/elLegadoDeSoliamMurr/triunviratos.wlk: \n-- PARSING FAILED --------------------------------------------------\n\n  16 |   }\n  17 | \n> 18 |   method () {\n     |          ^\n  19 |     \n  20 |   }\n\nExpected one of the following: \n\n'!=', '!==', '%', '&&', '*', '**', '+', '-', '->', '..', '..<', '/', '<', '<<', '<<<', '<=', '<=>', '<>', '==', '===', '>', '>..', '>=', '>>', '>>>', '?:', 'and', 'invert', 'negate', 'or', 'plus', '||', identifier, whitespace\n\n    at c:\\Users\\edu\\.vscode\\extensions\\uqbar.wollok-lsp-ide-0.5.3\\out\\server\\src\\server.js:2348:13026\n    at Array.map (<anonymous>)\n    at W1n (c:\\Users\\edu\\.vscode\\extensions\\uqbar.wollok-lsp-ide-0.5.3\\out\\server\\src\\server.js:2348:12950)\n    at U2.buildEnvironmentFrom (c:\\Users\\edu\\.vscode\\extensions\\uqbar.wollok-lsp-ide-0.5.3\\out\\server\\src\\server.js:2393:5254)\n    at U2.updateEnvironmentWith (c:\\Users\\edu\\.vscode\\extensions\\uqbar.wollok-lsp-ide-0.5.3\\out\\server\\src\\server.js:2393:4989)\n    at JF (c:\\Users\\edu\\.vscode\\extensions\\uqbar.wollok-lsp-ide-0.5.3\\out\\server\\src\\server.js:2393:7383)\n    at F3.invoke (c:\\Users\\edu\\.vscode\\extensions\\uqbar.wollok-lsp-ide-0.5.3\\out\\server\\src\\server.js:3:157334)\n    at o.fire (c:\\Users\\edu\\.vscode\\extensions\\uqbar.wollok-lsp-ide-0.5.3\\out\\server\\src\\server.js:3:158104)\n    at c:\\Users\\edu\\.vscode\\extensions\\uqbar.wollok-lsp-ide-0.5.3\\out\\server\\src\\server.js:37:57871\n    at Zr (c:\\Users\\edu\\.vscode\\extensions\\uqbar.wollok-lsp-ide-0.5.3\\out\\server\\src\\server.js:8:1561)","timestamp":"2025-12-12T03:56:52.980Z"}
{"level":"info","message":"⌛ Building environment","timeElapsed":140,"timestamp":"2025-12-12T03:56:53.345Z"}
{"level":"info","message":"⌛ Validating parciales/elLegadoDeSoliamMurr/triunviratos.wlk","timeElapsed":144,"timestamp":"2025-12-12T03:56:53.589Z"}
{"level":"info","message":"⌛ Validating parciales/elLegadoDeSoliamMurr/triunviratos.wlk","timeElapsed":122,"timestamp":"2025-12-12T03:56:53.819Z"}
{"level":"info","message":"⌛ Validating parciales/elLegadoDeSoliamMurr/triunviratos.wlk","timeElapsed":115,"timestamp":"2025-12-12T03:56:53.934Z"}
{"level":"info","message":"⌛ Validating parciales/elLegadoDeSoliamMurr/triunviratos.wlk","timeElapsed":115,"timestamp":"2025-12-12T03:56:54.050Z"}
{"level":"info","message":"⌛ Validating parciales/elLegadoDeSoliamMurr/triunviratos.wlk","timeElapsed":121,"timestamp":"2025-12-12T03:56:54.172Z"}
{"level":"info","message":"⌛ Validating parciales/elLegadoDeSoliamMurr/triunviratos.wlk","timeElapsed":117,"timestamp":"2025-12-12T03:56:54.399Z"}
{"level":"info","message":"⌛ Validating parciales/elLegadoDeSoliamMurr/triunviratos.wlk","timeElapsed":131,"timestamp":"2025-12-12T03:56:54.739Z"}
{"level":"info","message":"⌛ Validating parciales/elLegadoDeSoliamMurr/triunviratos.wlk","timeElapsed":129,"timestamp":"2025-12-12T03:56:55.084Z"}
{"level":"info","message":"⌛ Validating parciales/elLegadoDeSoliamMurr/triunviratos.wlk","timeElapsed":143,"timestamp":"2025-12-12T03:56:55.329Z"}
{"level":"info","message":"⌛ Validating parciales/elLegadoDeSoliamMurr/triunviratos.wlk","timeElapsed":126,"timestamp":"2025-12-12T03:56:55.455Z"}
{"level":"info","message":"⌛ Building environment","timeElapsed":105,"timestamp":"2025-12-12T03:56:56.320Z"}
{"level":"error","message":"✘ Completions for node Parameter ([18:21, 18:22] - parciales/elLegadoDeSoliamMurr/triunviratos.wlk) failed: Error: [Parameter]{f5155a} at parciales/elLegadoDeSoliamMurr/triunviratos.wlk:18 exhausted all cases without a match [Parameter]{f5155a} at parciales/elLegadoDeSoliamMurr/triunviratos.wlk:18 exhausted all cases without a match","stack":"Error: [Parameter]{f5155a} at parciales/elLegadoDeSoliamMurr/triunviratos.wlk:18 exhausted all cases without a match\n    at c:\\Users\\edu\\.vscode\\extensions\\uqbar.wollok-lsp-ide-0.5.3\\out\\server\\src\\server.js:38:6142\n    at D2 (c:\\Users\\edu\\.vscode\\extensions\\uqbar.wollok-lsp-ide-0.5.3\\out\\server\\src\\server.js:2384:42)\n    at c:\\Users\\edu\\.vscode\\extensions\\uqbar.wollok-lsp-ide-0.5.3\\out\\server\\src\\server.js:2384:2988\n    at c:\\Users\\edu\\.vscode\\extensions\\uqbar.wollok-lsp-ide-0.5.3\\out\\server\\src\\server.js:2393:8440\n    at c:\\Users\\edu\\.vscode\\extensions\\uqbar.wollok-lsp-ide-0.5.3\\out\\server\\src\\server.js:37:74872\n    at Ye (c:\\Users\\edu\\.vscode\\extensions\\uqbar.wollok-lsp-ide-0.5.3\\out\\server\\src\\server.js:7:8527)\n    at qt (c:\\Users\\edu\\.vscode\\extensions\\uqbar.wollok-lsp-ide-0.5.3\\out\\server\\src\\server.js:7:6189)\n    at ot (c:\\Users\\edu\\.vscode\\extensions\\uqbar.wollok-lsp-ide-0.5.3\\out\\server\\src\\server.js:7:6378)\n    at Immediate._onImmediate (c:\\Users\\edu\\.vscode\\extensions\\uqbar.wollok-lsp-ide-0.5.3\\out\\server\\src\\server.js:7:6142)\n    at process.processImmediate (node:internal/timers:485:21)","timestamp":"2025-12-12T03:56:56.371Z"}
{"level":"info","message":"⌛ Building environment","timeElapsed":103,"timestamp":"2025-12-12T03:56:56.480Z"}
{"level":"info","message":"⌛ Validating parciales/elLegadoDeSoliamMurr/triunviratos.wlk","timeElapsed":157,"timestamp":"2025-12-12T03:56:56.638Z"}
{"level":"info","message":"⌛ Validating parciales/elLegadoDeSoliamMurr/triunviratos.wlk","timeElapsed":220,"timestamp":"2025-12-12T03:56:56.858Z"}
{"level":"error","message":"✘ Completions for node Parameter ([18:21, 18:24] - parciales/elLegadoDeSoliamMurr/triunviratos.wlk) failed: Error: [Parameter]{bcfe9c} at parciales/elLegadoDeSoliamMurr/triunviratos.wlk:18 exhausted all cases without a match [Parameter]{bcfe9c} at parciales/elLegadoDeSoliamMurr/triunviratos.wlk:18 exhausted all cases without a match","stack":"Error: [Parameter]{bcfe9c} at parciales/elLegadoDeSoliamMurr/triunviratos.wlk:18 exhausted all cases without a match\n    at c:\\Users\\edu\\.vscode\\extensions\\uqbar.wollok-lsp-ide-0.5.3\\out\\server\\src\\server.js:38:6142\n    at D2 (c:\\Users\\edu\\.vscode\\extensions\\uqbar.wollok-lsp-ide-0.5.3\\out\\server\\src\\server.js:2384:42)\n    at c:\\Users\\edu\\.vscode\\extensions\\uqbar.wollok-lsp-ide-0.5.3\\out\\server\\src\\server.js:2384:2988\n    at c:\\Users\\edu\\.vscode\\extensions\\uqbar.wollok-lsp-ide-0.5.3\\out\\server\\src\\server.js:2393:8440\n    at c:\\Users\\edu\\.vscode\\extensions\\uqbar.wollok-lsp-ide-0.5.3\\out\\server\\src\\server.js:37:74872\n    at Ye (c:\\Users\\edu\\.vscode\\extensions\\uqbar.wollok-lsp-ide-0.5.3\\out\\server\\src\\server.js:7:8527)\n    at qt (c:\\Users\\edu\\.vscode\\extensions\\uqbar.wollok-lsp-ide-0.5.3\\out\\server\\src\\server.js:7:6189)\n    at ot (c:\\Users\\edu\\.vscode\\extensions\\uqbar.wollok-lsp-ide-0.5.3\\out\\server\\src\\server.js:7:6378)\n    at Immediate._onImmediate (c:\\Users\\edu\\.vscode\\extensions\\uqbar.wollok-lsp-ide-0.5.3\\out\\server\\src\\server.js:7:6142)\n    at process.processImmediate (node:internal/timers:485:21)","timestamp":"2025-12-12T03:56:57.332Z"}
{"level":"info","message":"⌛ Validating parciales/elLegadoDeSoliamMurr/triunviratos.wlk","timeElapsed":158,"timestamp":"2025-12-12T03:56:57.494Z"}
{"level":"error","message":"✘ Completions for node Parameter ([18:21, 18:25] - parciales/elLegadoDeSoliamMurr/triunviratos.wlk) failed: Error: [Parameter]{4c039b} at parciales/elLegadoDeSoliamMurr/triunviratos.wlk:18 exhausted all cases without a match [Parameter]{4c039b} at parciales/elLegadoDeSoliamMurr/triunviratos.wlk:18 exhausted all cases without a match","stack":"Error: [Parameter]{4c039b} at parciales/elLegadoDeSoliamMurr/triunviratos.wlk:18 exhausted all cases without a match\n    at c:\\Users\\edu\\.vscode\\extensions\\uqbar.wollok-lsp-ide-0.5.3\\out\\server\\src\\server.js:38:6142\n    at D2 (c:\\Users\\edu\\.vscode\\extensions\\uqbar.wollok-lsp-ide-0.5.3\\out\\server\\src\\server.js:2384:42)\n    at c:\\Users\\edu\\.vscode\\extensions\\uqbar.wollok-lsp-ide-0.5.3\\out\\server\\src\\server.js:2384:2988\n    at c:\\Users\\edu\\.vscode\\extensions\\uqbar.wollok-lsp-ide-0.5.3\\out\\server\\src\\server.js:2393:8440\n    at c:\\Users\\edu\\.vscode\\extensions\\uqbar.wollok-lsp-ide-0.5.3\\out\\server\\src\\server.js:37:74872\n    at Ye (c:\\Users\\edu\\.vscode\\extensions\\uqbar.wollok-lsp-ide-0.5.3\\out\\server\\src\\server.js:7:8527)\n    at qt (c:\\Users\\edu\\.vscode\\extensions\\uqbar.wollok-lsp-ide-0.5.3\\out\\server\\src\\server.js:7:6189)\n    at ot (c:\\Users\\edu\\.vscode\\extensions\\uqbar.wollok-lsp-ide-0.5.3\\out\\server\\src\\server.js:7:6378)\n    at Immediate._onImmediate (c:\\Users\\edu\\.vscode\\extensions\\uqbar.wollok-lsp-ide-0.5.3\\out\\server\\src\\server.js:7:6142)\n    at process.processImmediate (node:internal/timers:485:21)","timestamp":"2025-12-12T03:56:57.635Z"}
{"level":"info","message":"⌛ Validating parciales/elLegadoDeSoliamMurr/triunviratos.wlk","timeElapsed":142,"timestamp":"2025-12-12T03:56:57.789Z"}
{"level":"info","message":"⌛ Building environment","timeElapsed":153,"timestamp":"2025-12-12T03:56:58.026Z"}
{"level":"error","message":"✘ Completions for node Parameter ([18:21, 18:27] - parciales/elLegadoDeSoliamMurr/triunviratos.wlk) failed: Error: [Parameter]{0896c5} at parciales/elLegadoDeSoliamMurr/triunviratos.wlk:18 exhausted all cases without a match [Parameter]{0896c5} at parciales/elLegadoDeSoliamMurr/triunviratos.wlk:18 exhausted all cases without a match","stack":"Error: [Parameter]{0896c5} at parciales/elLegadoDeSoliamMurr/triunviratos.wlk:18 exhausted all cases without a match\n    at c:\\Users\\edu\\.vscode\\extensions\\uqbar.wollok-lsp-ide-0.5.3\\out\\server\\src\\server.js:38:6142\n    at D2 (c:\\Users\\edu\\.vscode\\extensions\\uqbar.wollok-lsp-ide-0.5.3\\out\\server\\src\\server.js:2384:42)\n    at c:\\Users\\edu\\.vscode\\extensions\\uqbar.wollok-lsp-ide-0.5.3\\out\\server\\src\\server.js:2384:2988\n    at c:\\Users\\edu\\.vscode\\extensions\\uqbar.wollok-lsp-ide-0.5.3\\out\\server\\src\\server.js:2393:8440\n    at c:\\Users\\edu\\.vscode\\extensions\\uqbar.wollok-lsp-ide-0.5.3\\out\\server\\src\\server.js:37:74872\n    at Ye (c:\\Users\\edu\\.vscode\\extensions\\uqbar.wollok-lsp-ide-0.5.3\\out\\server\\src\\server.js:7:8527)\n    at qt (c:\\Users\\edu\\.vscode\\extensions\\uqbar.wollok-lsp-ide-0.5.3\\out\\server\\src\\server.js:7:6189)\n    at ot (c:\\Users\\edu\\.vscode\\extensions\\uqbar.wollok-lsp-ide-0.5.3\\out\\server\\src\\server.js:7:6378)\n    at Immediate._onImmediate (c:\\Users\\edu\\.vscode\\extensions\\uqbar.wollok-lsp-ide-0.5.3\\out\\server\\src\\server.js:7:6142)\n    at process.processImmediate (node:internal/timers:485:21)","timestamp":"2025-12-12T03:56:58.063Z"}
{"level":"info","message":"⌛ Validating parciales/elLegadoDeSoliamMurr/triunviratos.wlk","timeElapsed":123,"timestamp":"2025-12-12T03:56:58.189Z"}
{"level":"info","message":"⌛ Validating parciales/elLegadoDeSoliamMurr/triunviratos.wlk","timeElapsed":117,"timestamp":"2025-12-12T03:56:58.383Z"}
{"level":"info","message":"⌛ Validating parciales/elLegadoDeSoliamMurr/triunviratos.wlk","timeElapsed":114,"timestamp":"2025-12-12T03:56:58.503Z"}
{"level":"error","message":"✘ Completions for node Parameter ([18:21, 18:29] - parciales/elLegadoDeSoliamMurr/triunviratos.wlk) failed: Error: [Parameter]{0e7e7c} at parciales/elLegadoDeSoliamMurr/triunviratos.wlk:18 exhausted all cases without a match [Parameter]{0e7e7c} at parciales/elLegadoDeSoliamMurr/triunviratos.wlk:18 exhausted all cases without a match","stack":"Error: [Parameter]{0e7e7c} at parciales/elLegadoDeSoliamMurr/triunviratos.wlk:18 exhausted all cases without a match\n    at c:\\Users\\edu\\.vscode\\extensions\\uqbar.wollok-lsp-ide-0.5.3\\out\\server\\src\\server.js:38:6142\n    at D2 (c:\\Users\\edu\\.vscode\\extensions\\uqbar.wollok-lsp-ide-0.5.3\\out\\server\\src\\server.js:2384:42)\n    at c:\\Users\\edu\\.vscode\\extensions\\uqbar.wollok-lsp-ide-0.5.3\\out\\server\\src\\server.js:2384:2988\n    at c:\\Users\\edu\\.vscode\\extensions\\uqbar.wollok-lsp-ide-0.5.3\\out\\server\\src\\server.js:2393:8440\n    at c:\\Users\\edu\\.vscode\\extensions\\uqbar.wollok-lsp-ide-0.5.3\\out\\server\\src\\server.js:37:74872\n    at Ye (c:\\Users\\edu\\.vscode\\extensions\\uqbar.wollok-lsp-ide-0.5.3\\out\\server\\src\\server.js:7:8527)\n    at qt (c:\\Users\\edu\\.vscode\\extensions\\uqbar.wollok-lsp-ide-0.5.3\\out\\server\\src\\server.js:7:6189)\n    at ot (c:\\Users\\edu\\.vscode\\extensions\\uqbar.wollok-lsp-ide-0.5.3\\out\\server\\src\\server.js:7:6378)\n    at Immediate._onImmediate (c:\\Users\\edu\\.vscode\\extensions\\uqbar.wollok-lsp-ide-0.5.3\\out\\server\\src\\server.js:7:6142)\n    at process.processImmediate (node:internal/timers:485:21)","timestamp":"2025-12-12T03:56:59.375Z"}
{"level":"info","message":"⌛ Validating parciales/elLegadoDeSoliamMurr/triunviratos.wlk","timeElapsed":151,"timestamp":"2025-12-12T03:56:59.626Z"}
{"level":"info","message":"⌛ Validating parciales/elLegadoDeSoliamMurr/triunviratos.wlk","timeElapsed":183,"timestamp":"2025-12-12T03:56:59.811Z"}
{"level":"info","message":"⌛ Building environment","timeElapsed":112,"timestamp":"2025-12-12T03:57:00.512Z"}
{"level":"error","message":"✘ Completions for node Parameter ([18:21, 18:31] - parciales/elLegadoDeSoliamMurr/triunviratos.wlk) failed: Error: [Parameter]{b49b76} at parciales/elLegadoDeSoliamMurr/triunviratos.wlk:18 exhausted all cases without a match [Parameter]{b49b76} at parciales/elLegadoDeSoliamMurr/triunviratos.wlk:18 exhausted all cases without a match","stack":"Error: [Parameter]{b49b76} at parciales/elLegadoDeSoliamMurr/triunviratos.wlk:18 exhausted all cases without a match\n    at c:\\Users\\edu\\.vscode\\extensions\\uqbar.wollok-lsp-ide-0.5.3\\out\\server\\src\\server.js:38:6142\n    at D2 (c:\\Users\\edu\\.vscode\\extensions\\uqbar.wollok-lsp-ide-0.5.3\\out\\server\\src\\server.js:2384:42)\n    at c:\\Users\\edu\\.vscode\\extensions\\uqbar.wollok-lsp-ide-0.5.3\\out\\server\\src\\server.js:2384:2988\n    at c:\\Users\\edu\\.vscode\\extensions\\uqbar.wollok-lsp-ide-0.5.3\\out\\server\\src\\server.js:2393:8440\n    at c:\\Users\\edu\\.vscode\\extensions\\uqbar.wollok-lsp-ide-0.5.3\\out\\server\\src\\server.js:37:74872\n    at Ye (c:\\Users\\edu\\.vscode\\extensions\\uqbar.wollok-lsp-ide-0.5.3\\out\\server\\src\\server.js:7:8527)\n    at qt (c:\\Users\\edu\\.vscode\\extensions\\uqbar.wollok-lsp-ide-0.5.3\\out\\server\\src\\server.js:7:6189)\n    at ot (c:\\Users\\edu\\.vscode\\extensions\\uqbar.wollok-lsp-ide-0.5.3\\out\\server\\src\\server.js:7:6378)\n    at Immediate._onImmediate (c:\\Users\\edu\\.vscode\\extensions\\uqbar.wollok-lsp-ide-0.5.3\\out\\server\\src\\server.js:7:6142)\n    at process.processImmediate (node:internal/timers:485:21)","timestamp":"2025-12-12T03:57:00.547Z"}
{"level":"info","message":"⌛ Validating parciales/elLegadoDeSoliamMurr/triunviratos.wlk","timeElapsed":157,"timestamp":"2025-12-12T03:57:00.708Z"}
{"level":"info","message":"⌛ Building environment","timeElapsed":114,"timestamp":"2025-12-12T03:57:02.924Z"}
{"level":"info","message":"⌛ Validating parciales/elLegadoDeSoliamMurr/triunviratos.wlk","timeElapsed":118,"timestamp":"2025-12-12T03:57:03.192Z"}
{"level":"info","message":"⌛ Validating parciales/elLegadoDeSoliamMurr/triunviratos.wlk","timeElapsed":121,"timestamp":"2025-12-12T03:57:03.313Z"}
{"level":"info","message":"⌛ Building environment","timeElapsed":108,"timestamp":"2025-12-12T03:57:04.492Z"}
{"level":"info","message":"⌛ Validating parciales/elLegadoDeSoliamMurr/triunviratos.wlk","timeElapsed":143,"timestamp":"2025-12-12T03:57:04.644Z"}
{"level":"info","message":"⌛ Validating parciales/elLegadoDeSoliamMurr/triunviratos.wlk","timeElapsed":147,"timestamp":"2025-12-12T03:57:04.896Z"}
{"level":"info","message":"⌛ Validating parciales/elLegadoDeSoliamMurr/triunviratos.wlk","timeElapsed":153,"timestamp":"2025-12-12T03:57:05.522Z"}
{"level":"info","message":"⌛ Validating parciales/elLegadoDeSoliamMurr/triunviratos.wlk","timeElapsed":153,"timestamp":"2025-12-12T03:57:05.772Z"}
{"level":"info","message":"⌛ Building environment","timeElapsed":129,"timestamp":"2025-12-12T03:57:06.037Z"}
{"level":"info","message":"⌛ Validating parciales/elLegadoDeSoliamMurr/triunviratos.wlk","timeElapsed":144,"timestamp":"2025-12-12T03:57:06.182Z"}
{"level":"info","message":"⌛ Building environment","timeElapsed":143,"timestamp":"2025-12-12T03:57:06.517Z"}
{"level":"info","message":"⌛ Validating parciales/elLegadoDeSoliamMurr/triunviratos.wlk","timeElapsed":215,"timestamp":"2025-12-12T03:57:06.733Z"}
{"level":"info","message":"⌛ Validating parciales/elLegadoDeSoliamMurr/triunviratos.wlk","timeElapsed":148,"timestamp":"2025-12-12T03:57:07.009Z"}
{"level":"info","message":"⌛ Building environment","timeElapsed":149,"timestamp":"2025-12-12T03:57:21.287Z"}
{"level":"info","message":"⌛ Validating parciales/hablemosSinSaber/tematica.wlk","timeElapsed":212,"timestamp":"2025-12-12T03:57:21.511Z"}
{"level":"info","message":"⌛ Building environment","timeElapsed":119,"timestamp":"2025-12-12T03:57:27.336Z"}
{"level":"info","message":"⌛ Validating parciales/elLegadoDeSoliamMurr/triunviratos.wlk","timeElapsed":180,"timestamp":"2025-12-12T03:57:27.659Z"}
{"level":"info","message":"⌛ Building environment","timeElapsed":116,"timestamp":"2025-12-12T03:57:27.774Z"}
{"level":"info","message":"⌛ Validating parciales/elLegadoDeSoliamMurr/triunviratos.wlk","timeElapsed":158,"timestamp":"2025-12-12T03:57:27.933Z"}
{"level":"info","message":"⌛ Validating parciales/elLegadoDeSoliamMurr/triunviratos.wlk","timeElapsed":125,"timestamp":"2025-12-12T03:57:28.066Z"}
{"level":"info","message":"⌛ Validating parciales/elLegadoDeSoliamMurr/triunviratos.wlk","timeElapsed":134,"timestamp":"2025-12-12T03:57:28.693Z"}
{"level":"info","message":"⌛ Validating parciales/elLegadoDeSoliamMurr/triunviratos.wlk","timeElapsed":125,"timestamp":"2025-12-12T03:57:29.022Z"}
{"level":"info","message":"⌛ Validating parciales/elLegadoDeSoliamMurr/triunviratos.wlk","timeElapsed":250,"timestamp":"2025-12-12T03:57:29.778Z"}
{"level":"info","message":"⌛ Building environment","timeElapsed":122,"timestamp":"2025-12-12T03:57:29.900Z"}
{"level":"info","message":"⌛ Building environment","timeElapsed":113,"timestamp":"2025-12-12T03:57:30.013Z"}
{"level":"info","message":"⌛ Validating parciales/elLegadoDeSoliamMurr/triunviratos.wlk","timeElapsed":125,"timestamp":"2025-12-12T03:57:30.196Z"}
{"level":"info","message":"⌛ Building environment","timeElapsed":111,"timestamp":"2025-12-12T03:57:30.307Z"}
{"level":"info","message":"⌛ Validating parciales/elLegadoDeSoliamMurr/triunviratos.wlk","timeElapsed":169,"timestamp":"2025-12-12T03:57:30.520Z"}
{"level":"info","message":"⌛ Validating parciales/elLegadoDeSoliamMurr/triunviratos.wlk","timeElapsed":131,"timestamp":"2025-12-12T03:57:30.654Z"}
{"level":"info","message":"⌛ Validating parciales/elLegadoDeSoliamMurr/triunviratos.wlk","timeElapsed":125,"timestamp":"2025-12-12T03:57:31.204Z"}
{"level":"info","message":"⌛ Validating parciales/elLegadoDeSoliamMurr/triunviratos.wlk","timeElapsed":131,"timestamp":"2025-12-12T03:57:31.422Z"}
{"level":"info","message":"⌛ Validating parciales/elLegadoDeSoliamMurr/triunviratos.wlk","timeElapsed":127,"timestamp":"2025-12-12T03:57:31.549Z"}
{"level":"info","message":"⌛ Validating parciales/elLegadoDeSoliamMurr/triunviratos.wlk","timeElapsed":132,"timestamp":"2025-12-12T03:57:31.764Z"}
{"level":"info","message":"⌛ Validating parciales/elLegadoDeSoliamMurr/triunviratos.wlk","timeElapsed":131,"timestamp":"2025-12-12T03:57:31.895Z"}
{"level":"info","message":"⌛ Building environment","timeElapsed":135,"timestamp":"2025-12-12T03:57:32.037Z"}
{"level":"info","message":"⌛ Validating parciales/elLegadoDeSoliamMurr/triunviratos.wlk","timeElapsed":137,"timestamp":"2025-12-12T03:57:32.182Z"}
{"level":"info","message":"⌛ Validating parciales/elLegadoDeSoliamMurr/triunviratos.wlk","timeElapsed":114,"timestamp":"2025-12-12T03:57:32.301Z"}
{"level":"info","message":"⌛ Validating parciales/elLegadoDeSoliamMurr/triunviratos.wlk","timeElapsed":125,"timestamp":"2025-12-12T03:57:32.542Z"}
{"level":"info","message":"⌛ Building environment","timeElapsed":111,"timestamp":"2025-12-12T03:57:32.654Z"}
{"level":"info","message":"⌛ Validating parciales/elLegadoDeSoliamMurr/triunviratos.wlk","timeElapsed":136,"timestamp":"2025-12-12T03:57:32.956Z"}
{"level":"info","message":"⌛ Validating parciales/elLegadoDeSoliamMurr/triunviratos.wlk","timeElapsed":129,"timestamp":"2025-12-12T03:57:33.335Z"}
{"level":"info","message":"⌛ Validating parciales/elLegadoDeSoliamMurr/triunviratos.wlk","timeElapsed":117,"timestamp":"2025-12-12T03:57:33.455Z"}
{"level":"info","message":"⌛ Validating parciales/elLegadoDeSoliamMurr/triunviratos.wlk","timeElapsed":113,"timestamp":"2025-12-12T03:57:33.572Z"}
{"level":"info","message":"⌛ Validating parciales/elLegadoDeSoliamMurr/triunviratos.wlk","timeElapsed":124,"timestamp":"2025-12-12T03:57:33.698Z"}
{"level":"info","message":"⌛ Validating parciales/elLegadoDeSoliamMurr/triunviratos.wlk","timeElapsed":152,"timestamp":"2025-12-12T03:57:34.126Z"}
{"level":"info","message":"⌛ Validating parciales/elLegadoDeSoliamMurr/triunviratos.wlk","timeElapsed":154,"timestamp":"2025-12-12T03:57:34.414Z"}
{"level":"info","message":"⌛ Building environment","timeElapsed":151,"timestamp":"2025-12-12T03:57:34.852Z"}
{"level":"info","message":"⌛ Building environment","timeElapsed":106,"timestamp":"2025-12-12T03:57:34.970Z"}
{"level":"info","message":"⌛ Building environment","timeElapsed":114,"timestamp":"2025-12-12T03:57:35.100Z"}
{"level":"info","message":"⌛ Validating parciales/elLegadoDeSoliamMurr/triunviratos.wlk","timeElapsed":154,"timestamp":"2025-12-12T03:57:35.266Z"}
{"level":"info","message":"⌛ Validating parciales/elLegadoDeSoliamMurr/triunviratos.wlk","timeElapsed":152,"timestamp":"2025-12-12T03:57:35.419Z"}
{"level":"info","message":"⌛ Building environment","timeElapsed":134,"timestamp":"2025-12-12T03:57:35.554Z"}
{"level":"info","message":"⌛ Validating parciales/elLegadoDeSoliamMurr/triunviratos.wlk","timeElapsed":127,"timestamp":"2025-12-12T03:57:35.688Z"}
{"level":"info","message":"⌛ Validating parciales/elLegadoDeSoliamMurr/triunviratos.wlk","timeElapsed":123,"timestamp":"2025-12-12T03:57:35.899Z"}
{"level":"info","message":"⌛ Validating parciales/elLegadoDeSoliamMurr/triunviratos.wlk","timeElapsed":118,"timestamp":"2025-12-12T03:57:36.022Z"}
{"level":"info","message":"⌛ Validating parciales/elLegadoDeSoliamMurr/triunviratos.wlk","timeElapsed":120,"timestamp":"2025-12-12T03:57:36.217Z"}
{"level":"error","message":"✘ Completions for node Send ([19:5, 19:26] - parciales/elLegadoDeSoliamMurr/triunviratos.wlk) failed: Error: [Send]{44f81a} at parciales/elLegadoDeSoliamMurr/triunviratos.wlk:19 exhausted all cases without a match [Send]{44f81a} at parciales/elLegadoDeSoliamMurr/triunviratos.wlk:19 exhausted all cases without a match","stack":"Error: [Send]{44f81a} at parciales/elLegadoDeSoliamMurr/triunviratos.wlk:19 exhausted all cases without a match\n    at c:\\Users\\edu\\.vscode\\extensions\\uqbar.wollok-lsp-ide-0.5.3\\out\\server\\src\\server.js:38:6142\n    at D2 (c:\\Users\\edu\\.vscode\\extensions\\uqbar.wollok-lsp-ide-0.5.3\\out\\server\\src\\server.js:2384:42)\n    at Qh (c:\\Users\\edu\\.vscode\\extensions\\uqbar.wollok-lsp-ide-0.5.3\\out\\server\\src\\server.js:2384:1092)\n    at k6n (c:\\Users\\edu\\.vscode\\extensions\\uqbar.wollok-lsp-ide-0.5.3\\out\\server\\src\\server.js:2384:1248)\n    at c:\\Users\\edu\\.vscode\\extensions\\uqbar.wollok-lsp-ide-0.5.3\\out\\server\\src\\server.js:38:6131\n    at D2 (c:\\Users\\edu\\.vscode\\extensions\\uqbar.wollok-lsp-ide-0.5.3\\out\\server\\src\\server.js:2384:42)\n    at c:\\Users\\edu\\.vscode\\extensions\\uqbar.wollok-lsp-ide-0.5.3\\out\\server\\src\\server.js:2384:2988\n    at c:\\Users\\edu\\.vscode\\extensions\\uqbar.wollok-lsp-ide-0.5.3\\out\\server\\src\\server.js:2393:8440\n    at c:\\Users\\edu\\.vscode\\extensions\\uqbar.wollok-lsp-ide-0.5.3\\out\\server\\src\\server.js:37:74872\n    at Ye (c:\\Users\\edu\\.vscode\\extensions\\uqbar.wollok-lsp-ide-0.5.3\\out\\server\\src\\server.js:7:8527)","timestamp":"2025-12-12T03:57:36.881Z"}
{"level":"info","message":"⌛ Building environment","timeElapsed":119,"timestamp":"2025-12-12T03:57:37.006Z"}
{"level":"info","message":"⌛ Validating parciales/elLegadoDeSoliamMurr/triunviratos.wlk","timeElapsed":158,"timestamp":"2025-12-12T03:57:37.164Z"}
{"level":"info","message":"⌛ Validating parciales/elLegadoDeSoliamMurr/triunviratos.wlk","timeElapsed":148,"timestamp":"2025-12-12T03:57:37.312Z"}
{"level":"info","message":"⌛ Building environment","timeElapsed":110,"timestamp":"2025-12-12T03:57:37.430Z"}
{"level":"info","message":"⌛ Validating parciales/elLegadoDeSoliamMurr/triunviratos.wlk","timeElapsed":123,"timestamp":"2025-12-12T03:57:37.554Z"}
{"level":"info","message":"⌛ Validating parciales/elLegadoDeSoliamMurr/triunviratos.wlk","timeElapsed":123,"timestamp":"2025-12-12T03:57:37.809Z"}
{"level":"info","message":"⌛ Building environment","timeElapsed":107,"timestamp":"2025-12-12T03:58:12.003Z"}
{"level":"info","message":"⌛ Validating parciales/elLegadoDeSoliamMurr/triunviratos.wlk","timeElapsed":155,"timestamp":"2025-12-12T03:58:12.190Z"}
{"level":"error","message":"✘ Completions for node Send ([6:5, 6:22] - parciales/elLegadoDeSoliamMurr/triunviratos.wlk) failed: Error: [Send]{cce86d} at parciales/elLegadoDeSoliamMurr/triunviratos.wlk:6 exhausted all cases without a match [Send]{cce86d} at parciales/elLegadoDeSoliamMurr/triunviratos.wlk:6 exhausted all cases without a match","stack":"Error: [Send]{cce86d} at parciales/elLegadoDeSoliamMurr/triunviratos.wlk:6 exhausted all cases without a match\n    at c:\\Users\\edu\\.vscode\\extensions\\uqbar.wollok-lsp-ide-0.5.3\\out\\server\\src\\server.js:38:6142\n    at D2 (c:\\Users\\edu\\.vscode\\extensions\\uqbar.wollok-lsp-ide-0.5.3\\out\\server\\src\\server.js:2384:42)\n    at Qh (c:\\Users\\edu\\.vscode\\extensions\\uqbar.wollok-lsp-ide-0.5.3\\out\\server\\src\\server.js:2384:1092)\n    at k6n (c:\\Users\\edu\\.vscode\\extensions\\uqbar.wollok-lsp-ide-0.5.3\\out\\server\\src\\server.js:2384:1248)\n    at c:\\Users\\edu\\.vscode\\extensions\\uqbar.wollok-lsp-ide-0.5.3\\out\\server\\src\\server.js:38:6131\n    at D2 (c:\\Users\\edu\\.vscode\\extensions\\uqbar.wollok-lsp-ide-0.5.3\\out\\server\\src\\server.js:2384:42)\n    at c:\\Users\\edu\\.vscode\\extensions\\uqbar.wollok-lsp-ide-0.5.3\\out\\server\\src\\server.js:2384:2988\n    at c:\\Users\\edu\\.vscode\\extensions\\uqbar.wollok-lsp-ide-0.5.3\\out\\server\\src\\server.js:2393:8440\n    at c:\\Users\\edu\\.vscode\\extensions\\uqbar.wollok-lsp-ide-0.5.3\\out\\server\\src\\server.js:37:74872\n    at Ye (c:\\Users\\edu\\.vscode\\extensions\\uqbar.wollok-lsp-ide-0.5.3\\out\\server\\src\\server.js:7:8527)","timestamp":"2025-12-12T03:58:37.593Z"}
{"level":"error","message":"✘ Completions for node Send ([6:5, 6:26] - parciales/elLegadoDeSoliamMurr/triunviratos.wlk) failed: Error: [Send]{dcfe0f} at parciales/elLegadoDeSoliamMurr/triunviratos.wlk:6 exhausted all cases without a match [Send]{dcfe0f} at parciales/elLegadoDeSoliamMurr/triunviratos.wlk:6 exhausted all cases without a match","stack":"Error: [Send]{dcfe0f} at parciales/elLegadoDeSoliamMurr/triunviratos.wlk:6 exhausted all cases without a match\n    at c:\\Users\\edu\\.vscode\\extensions\\uqbar.wollok-lsp-ide-0.5.3\\out\\server\\src\\server.js:38:6142\n    at D2 (c:\\Users\\edu\\.vscode\\extensions\\uqbar.wollok-lsp-ide-0.5.3\\out\\server\\src\\server.js:2384:42)\n    at Qh (c:\\Users\\edu\\.vscode\\extensions\\uqbar.wollok-lsp-ide-0.5.3\\out\\server\\src\\server.js:2384:1092)\n    at D2 (c:\\Users\\edu\\.vscode\\extensions\\uqbar.wollok-lsp-ide-0.5.3\\out\\server\\src\\server.js:2384:544)\n    at Qh (c:\\Users\\edu\\.vscode\\extensions\\uqbar.wollok-lsp-ide-0.5.3\\out\\server\\src\\server.js:2384:1092)\n    at k6n (c:\\Users\\edu\\.vscode\\extensions\\uqbar.wollok-lsp-ide-0.5.3\\out\\server\\src\\server.js:2384:1248)\n    at c:\\Users\\edu\\.vscode\\extensions\\uqbar.wollok-lsp-ide-0.5.3\\out\\server\\src\\server.js:38:6131\n    at D2 (c:\\Users\\edu\\.vscode\\extensions\\uqbar.wollok-lsp-ide-0.5.3\\out\\server\\src\\server.js:2384:42)\n    at c:\\Users\\edu\\.vscode\\extensions\\uqbar.wollok-lsp-ide-0.5.3\\out\\server\\src\\server.js:2384:2988\n    at c:\\Users\\edu\\.vscode\\extensions\\uqbar.wollok-lsp-ide-0.5.3\\out\\server\\src\\server.js:2393:8440","timestamp":"2025-12-12T03:58:37.593Z"}
{"level":"info","message":"⌛ Validating parciales/elLegadoDeSoliamMurr/triunviratos.wlk","timeElapsed":162,"timestamp":"2025-12-12T03:58:37.860Z"}
{"level":"info","message":"⌛ Validating parciales/elLegadoDeSoliamMurr/triunviratos.wlk","timeElapsed":122,"timestamp":"2025-12-12T03:58:38.062Z"}
{"level":"info","message":"⌛ Validating parciales/elLegadoDeSoliamMurr/triunviratos.wlk","timeElapsed":121,"timestamp":"2025-12-12T03:58:38.350Z"}
{"level":"info","message":"⌛ Building environment","timeElapsed":103,"timestamp":"2025-12-12T03:58:38.453Z"}
{"level":"info","message":"⌛ Validating parciales/elLegadoDeSoliamMurr/triunviratos.wlk","timeElapsed":124,"timestamp":"2025-12-12T03:58:38.586Z"}
{"level":"info","message":"⌛ Validating parciales/elLegadoDeSoliamMurr/triunviratos.wlk","timeElapsed":116,"timestamp":"2025-12-12T03:58:38.779Z"}
{"level":"info","message":"⌛ Validating parciales/elLegadoDeSoliamMurr/triunviratos.wlk","timeElapsed":116,"timestamp":"2025-12-12T03:58:38.900Z"}
{"level":"info","message":"⌛ Validating parciales/elLegadoDeSoliamMurr/triunviratos.wlk","timeElapsed":113,"timestamp":"2025-12-12T03:58:39.014Z"}
{"level":"error","message":"✘ Completions for node Send ([6:12, 6:17] - parciales/elLegadoDeSoliamMurr/triunviratos.wlk) failed: Error: [Send]{1f7dac} at parciales/elLegadoDeSoliamMurr/triunviratos.wlk:6 exhausted all cases without a match [Send]{1f7dac} at parciales/elLegadoDeSoliamMurr/triunviratos.wlk:6 exhausted all cases without a match","stack":"Error: [Send]{1f7dac} at parciales/elLegadoDeSoliamMurr/triunviratos.wlk:6 exhausted all cases without a match\n    at c:\\Users\\edu\\.vscode\\extensions\\uqbar.wollok-lsp-ide-0.5.3\\out\\server\\src\\server.js:38:6142\n    at D2 (c:\\Users\\edu\\.vscode\\extensions\\uqbar.wollok-lsp-ide-0.5.3\\out\\server\\src\\server.js:2384:42)\n    at Qh (c:\\Users\\edu\\.vscode\\extensions\\uqbar.wollok-lsp-ide-0.5.3\\out\\server\\src\\server.js:2384:1092)\n    at k6n (c:\\Users\\edu\\.vscode\\extensions\\uqbar.wollok-lsp-ide-0.5.3\\out\\server\\src\\server.js:2384:1248)\n    at c:\\Users\\edu\\.vscode\\extensions\\uqbar.wollok-lsp-ide-0.5.3\\out\\server\\src\\server.js:38:6131\n    at D2 (c:\\Users\\edu\\.vscode\\extensions\\uqbar.wollok-lsp-ide-0.5.3\\out\\server\\src\\server.js:2384:42)\n    at c:\\Users\\edu\\.vscode\\extensions\\uqbar.wollok-lsp-ide-0.5.3\\out\\server\\src\\server.js:2384:2988\n    at c:\\Users\\edu\\.vscode\\extensions\\uqbar.wollok-lsp-ide-0.5.3\\out\\server\\src\\server.js:2393:8440\n    at c:\\Users\\edu\\.vscode\\extensions\\uqbar.wollok-lsp-ide-0.5.3\\out\\server\\src\\server.js:37:74872\n    at Ye (c:\\Users\\edu\\.vscode\\extensions\\uqbar.wollok-lsp-ide-0.5.3\\out\\server\\src\\server.js:7:8527)","timestamp":"2025-12-12T03:59:08.806Z"}
{"level":"error","message":"✘ Completions for node Return ([6:5, 6:17] - parciales/elLegadoDeSoliamMurr/triunviratos.wlk) failed: Error: [Return]{bdd32c} at parciales/elLegadoDeSoliamMurr/triunviratos.wlk:6 exhausted all cases without a match [Return]{bdd32c} at parciales/elLegadoDeSoliamMurr/triunviratos.wlk:6 exhausted all cases without a match","stack":"Error: [Return]{bdd32c} at parciales/elLegadoDeSoliamMurr/triunviratos.wlk:6 exhausted all cases without a match\n    at c:\\Users\\edu\\.vscode\\extensions\\uqbar.wollok-lsp-ide-0.5.3\\out\\server\\src\\server.js:38:6142\n    at D2 (c:\\Users\\edu\\.vscode\\extensions\\uqbar.wollok-lsp-ide-0.5.3\\out\\server\\src\\server.js:2384:42)\n    at Qh (c:\\Users\\edu\\.vscode\\extensions\\uqbar.wollok-lsp-ide-0.5.3\\out\\server\\src\\server.js:2384:1092)\n    at D2 (c:\\Users\\edu\\.vscode\\extensions\\uqbar.wollok-lsp-ide-0.5.3\\out\\server\\src\\server.js:2384:544)\n    at Qh (c:\\Users\\edu\\.vscode\\extensions\\uqbar.wollok-lsp-ide-0.5.3\\out\\server\\src\\server.js:2384:1092)\n    at k6n (c:\\Users\\edu\\.vscode\\extensions\\uqbar.wollok-lsp-ide-0.5.3\\out\\server\\src\\server.js:2384:1248)\n    at c:\\Users\\edu\\.vscode\\extensions\\uqbar.wollok-lsp-ide-0.5.3\\out\\server\\src\\server.js:38:6131\n    at D2 (c:\\Users\\edu\\.vscode\\extensions\\uqbar.wollok-lsp-ide-0.5.3\\out\\server\\src\\server.js:2384:42)\n    at c:\\Users\\edu\\.vscode\\extensions\\uqbar.wollok-lsp-ide-0.5.3\\out\\server\\src\\server.js:2384:2988\n    at c:\\Users\\edu\\.vscode\\extensions\\uqbar.wollok-lsp-ide-0.5.3\\out\\server\\src\\server.js:2393:8440","timestamp":"2025-12-12T03:59:08.807Z"}
{"level":"info","message":"⌛ Validating parciales/elLegadoDeSoliamMurr/triunviratos.wlk","timeElapsed":127,"timestamp":"2025-12-12T03:59:09.023Z"}
{"level":"info","message":"⌛ Validating parciales/elLegadoDeSoliamMurr/triunviratos.wlk","timeElapsed":123,"timestamp":"2025-12-12T03:59:09.226Z"}
{"level":"info","message":"⌛ Validating parciales/elLegadoDeSoliamMurr/triunviratos.wlk","timeElapsed":124,"timestamp":"2025-12-12T03:59:09.548Z"}
{"level":"info","message":"⌛ Validating parciales/elLegadoDeSoliamMurr/triunviratos.wlk","timeElapsed":127,"timestamp":"2025-12-12T03:59:09.675Z"}
{"level":"info","message":"⌛ Validating parciales/elLegadoDeSoliamMurr/triunviratos.wlk","timeElapsed":121,"timestamp":"2025-12-12T03:59:09.796Z"}
{"level":"info","message":"⌛ Building environment","timeElapsed":184,"timestamp":"2025-12-12T03:59:10.066Z"}
{"level":"info","message":"⌛ Building environment","timeElapsed":137,"timestamp":"2025-12-12T03:59:10.219Z"}
{"level":"info","message":"⌛ Validating parciales/elLegadoDeSoliamMurr/triunviratos.wlk","timeElapsed":141,"timestamp":"2025-12-12T03:59:10.456Z"}
{"level":"info","message":"⌛ Validating parciales/elLegadoDeSoliamMurr/triunviratos.wlk","timeElapsed":140,"timestamp":"2025-12-12T03:59:10.766Z"}
{"level":"info","message":"⌛ Building environment","timeElapsed":114,"timestamp":"2025-12-12T03:59:10.957Z"}
{"level":"info","message":"⌛ Validating parciales/elLegadoDeSoliamMurr/triunviratos.wlk","timeElapsed":135,"timestamp":"2025-12-12T03:59:11.092Z"}
{"level":"info","message":"⌛ Validating parciales/elLegadoDeSoliamMurr/triunviratos.wlk","timeElapsed":125,"timestamp":"2025-12-12T03:59:11.217Z"}
{"level":"info","message":"⌛ Validating parciales/elLegadoDeSoliamMurr/triunviratos.wlk","timeElapsed":123,"timestamp":"2025-12-12T03:59:11.346Z"}
{"level":"info","message":"⌛ Validating parciales/elLegadoDeSoliamMurr/triunviratos.wlk","timeElapsed":118,"timestamp":"2025-12-12T03:59:11.464Z"}
{"level":"info","message":"⌛ Validating parciales/elLegadoDeSoliamMurr/triunviratos.wlk","timeElapsed":117,"timestamp":"2025-12-12T03:59:11.582Z"}
{"level":"info","message":"⌛ Validating parciales/elLegadoDeSoliamMurr/triunviratos.wlk","timeElapsed":121,"timestamp":"2025-12-12T03:59:11.703Z"}
{"level":"info","message":"⌛ Validating parciales/elLegadoDeSoliamMurr/triunviratos.wlk","timeElapsed":152,"timestamp":"2025-12-12T03:59:12.282Z"}
{"level":"info","message":"⌛ Building environment","timeElapsed":116,"timestamp":"2025-12-12T03:59:12.398Z"}
{"level":"info","message":"⌛ Validating parciales/elLegadoDeSoliamMurr/triunviratos.wlk","timeElapsed":169,"timestamp":"2025-12-12T03:59:12.578Z"}
{"level":"info","message":"⌛ Building environment","timeElapsed":144,"timestamp":"2025-12-12T03:59:12.731Z"}
{"level":"info","message":"⌛ Validating parciales/elLegadoDeSoliamMurr/triunviratos.wlk","timeElapsed":150,"timestamp":"2025-12-12T03:59:12.897Z"}
{"level":"info","message":"⌛ Validating parciales/elLegadoDeSoliamMurr/triunviratos.wlk","timeElapsed":149,"timestamp":"2025-12-12T03:59:13.289Z"}
{"level":"info","message":"⌛ Validating parciales/elLegadoDeSoliamMurr/triunviratos.wlk","timeElapsed":146,"timestamp":"2025-12-12T03:59:13.435Z"}
{"level":"info","message":"⌛ Building environment","timeElapsed":102,"timestamp":"2025-12-12T03:59:13.753Z"}
{"level":"info","message":"⌛ Building environment","timeElapsed":103,"timestamp":"2025-12-12T03:59:13.893Z"}
{"level":"info","message":"⌛ Validating parciales/elLegadoDeSoliamMurr/triunviratos.wlk","timeElapsed":142,"timestamp":"2025-12-12T03:59:14.035Z"}
{"level":"info","message":"⌛ Building environment","timeElapsed":146,"timestamp":"2025-12-12T03:59:14.182Z"}
{"level":"info","message":"⌛ Validating parciales/elLegadoDeSoliamMurr/triunviratos.wlk","timeElapsed":118,"timestamp":"2025-12-12T03:59:14.301Z"}
{"level":"info","message":"⌛ Validating parciales/elLegadoDeSoliamMurr/triunviratos.wlk","timeElapsed":228,"timestamp":"2025-12-12T03:59:14.560Z"}
{"level":"info","message":"⌛ Building environment","timeElapsed":108,"timestamp":"2025-12-12T03:59:14.670Z"}
{"level":"info","message":"⌛ Validating parciales/elLegadoDeSoliamMurr/triunviratos.wlk","timeElapsed":129,"timestamp":"2025-12-12T03:59:15.013Z"}
{"level":"info","message":"⌛ Validating parciales/elLegadoDeSoliamMurr/triunviratos.wlk","timeElapsed":139,"timestamp":"2025-12-12T03:59:15.281Z"}
{"level":"info","message":"⌛ Validating parciales/elLegadoDeSoliamMurr/triunviratos.wlk","timeElapsed":126,"timestamp":"2025-12-12T03:59:15.408Z"}
{"level":"info","message":"⌛ Validating parciales/elLegadoDeSoliamMurr/triunviratos.wlk","timeElapsed":112,"timestamp":"2025-12-12T03:59:15.528Z"}
{"level":"info","message":"⌛ Validating parciales/elLegadoDeSoliamMurr/triunviratos.wlk","timeElapsed":141,"timestamp":"2025-12-12T03:59:16.346Z"}
{"level":"info","message":"⌛ Building environment","timeElapsed":121,"timestamp":"2025-12-12T03:59:19.455Z"}
{"level":"info","message":"⌛ Validating parciales/elLegadoDeSoliamMurr/triunviratos.wlk","timeElapsed":156,"timestamp":"2025-12-12T03:59:19.611Z"}
{"level":"info","message":"⌛ Validating parciales/elLegadoDeSoliamMurr/triunviratos.wlk","timeElapsed":146,"timestamp":"2025-12-12T03:59:19.848Z"}
{"level":"info","message":"⌛ Validating parciales/elLegadoDeSoliamMurr/triunviratos.wlk","timeElapsed":121,"timestamp":"2025-12-12T03:59:20.472Z"}
{"level":"info","message":"⌛ Validating parciales/elLegadoDeSoliamMurr/triunviratos.wlk","timeElapsed":122,"timestamp":"2025-12-12T03:59:20.595Z"}
{"level":"info","message":"⌛ Building environment","timeElapsed":102,"timestamp":"2025-12-12T03:59:20.706Z"}
{"level":"info","message":"⌛ Validating parciales/elLegadoDeSoliamMurr/triunviratos.wlk","timeElapsed":123,"timestamp":"2025-12-12T03:59:20.830Z"}
{"level":"info","message":"⌛ Validating parciales/elLegadoDeSoliamMurr/triunviratos.wlk","timeElapsed":143,"timestamp":"2025-12-12T03:59:21.281Z"}
{"level":"info","message":"⌛ Validating parciales/elLegadoDeSoliamMurr/triunviratos.wlk","timeElapsed":143,"timestamp":"2025-12-12T03:59:22.470Z"}
{"level":"info","message":"⌛ Validating parciales/elLegadoDeSoliamMurr/triunviratos.wlk","timeElapsed":145,"timestamp":"2025-12-12T03:59:23.828Z"}
{"level":"info","message":"⌛ Validating parciales/elLegadoDeSoliamMurr/triunviratos.wlk","timeElapsed":123,"timestamp":"2025-12-12T03:59:25.422Z"}
{"level":"info","message":"⌛ Validating parciales/elLegadoDeSoliamMurr/triunviratos.wlk","timeElapsed":145,"timestamp":"2025-12-12T03:59:28.398Z"}
{"level":"info","message":"⌛ Validating parciales/elLegadoDeSoliamMurr/triunviratos.wlk","timeElapsed":144,"timestamp":"2025-12-12T03:59:29.431Z"}
{"level":"info","message":"⌛ Validating parciales/elLegadoDeSoliamMurr/triunviratos.wlk","timeElapsed":129,"timestamp":"2025-12-12T03:59:32.651Z"}
{"level":"info","message":"⌛ Building environment","timeElapsed":134,"timestamp":"2025-12-12T03:59:32.786Z"}
{"level":"info","message":"⌛ Validating parciales/elLegadoDeSoliamMurr/triunviratos.wlk","timeElapsed":144,"timestamp":"2025-12-12T03:59:33.011Z"}
{"level":"info","message":"⌛ Validating parciales/elLegadoDeSoliamMurr/triunviratos.wlk","timeElapsed":137,"timestamp":"2025-12-12T03:59:33.182Z"}
{"level":"info","message":"⌛ Building environment","timeElapsed":113,"timestamp":"2025-12-12T03:59:33.831Z"}
{"level":"info","message":"⌛ Validating parciales/elLegadoDeSoliamMurr/triunviratos.wlk","timeElapsed":160,"timestamp":"2025-12-12T03:59:34.002Z"}
{"level":"info","message":"⌛ Building environment","timeElapsed":107,"timestamp":"2025-12-12T03:59:34.109Z"}
{"level":"info","message":"⌛ Validating parciales/elLegadoDeSoliamMurr/triunviratos.wlk","timeElapsed":158,"timestamp":"2025-12-12T03:59:34.320Z"}
{"level":"info","message":"⌛ Validating parciales/elLegadoDeSoliamMurr/triunviratos.wlk","timeElapsed":158,"timestamp":"2025-12-12T03:59:35.724Z"}
{"level":"info","message":"⌛ Building environment","timeElapsed":112,"timestamp":"2025-12-12T03:59:35.837Z"}
{"level":"info","message":"⌛ Validating parciales/elLegadoDeSoliamMurr/triunviratos.wlk","timeElapsed":118,"timestamp":"2025-12-12T03:59:36.048Z"}
{"level":"info","message":"⌛ Validating parciales/elLegadoDeSoliamMurr/triunviratos.wlk","timeElapsed":123,"timestamp":"2025-12-12T03:59:36.171Z"}
{"level":"info","message":"⌛ Validating parciales/elLegadoDeSoliamMurr/triunviratos.wlk","timeElapsed":122,"timestamp":"2025-12-12T03:59:36.381Z"}
{"level":"error","message":"✘ Completions for node Send ([10:5, 10:22] - parciales/elLegadoDeSoliamMurr/triunviratos.wlk) failed: Error: [Send]{fb2954} at parciales/elLegadoDeSoliamMurr/triunviratos.wlk:10 exhausted all cases without a match [Send]{fb2954} at parciales/elLegadoDeSoliamMurr/triunviratos.wlk:10 exhausted all cases without a match","stack":"Error: [Send]{fb2954} at parciales/elLegadoDeSoliamMurr/triunviratos.wlk:10 exhausted all cases without a match\n    at c:\\Users\\edu\\.vscode\\extensions\\uqbar.wollok-lsp-ide-0.5.3\\out\\server\\src\\server.js:38:6142\n    at D2 (c:\\Users\\edu\\.vscode\\extensions\\uqbar.wollok-lsp-ide-0.5.3\\out\\server\\src\\server.js:2384:42)\n    at Qh (c:\\Users\\edu\\.vscode\\extensions\\uqbar.wollok-lsp-ide-0.5.3\\out\\server\\src\\server.js:2384:1092)\n    at k6n (c:\\Users\\edu\\.vscode\\extensions\\uqbar.wollok-lsp-ide-0.5.3\\out\\server\\src\\server.js:2384:1248)\n    at c:\\Users\\edu\\.vscode\\extensions\\uqbar.wollok-lsp-ide-0.5.3\\out\\server\\src\\server.js:38:6131\n    at D2 (c:\\Users\\edu\\.vscode\\extensions\\uqbar.wollok-lsp-ide-0.5.3\\out\\server\\src\\server.js:2384:42)\n    at c:\\Users\\edu\\.vscode\\extensions\\uqbar.wollok-lsp-ide-0.5.3\\out\\server\\src\\server.js:2384:2988\n    at c:\\Users\\edu\\.vscode\\extensions\\uqbar.wollok-lsp-ide-0.5.3\\out\\server\\src\\server.js:2393:8440\n    at c:\\Users\\edu\\.vscode\\extensions\\uqbar.wollok-lsp-ide-0.5.3\\out\\server\\src\\server.js:37:74872\n    at Ye (c:\\Users\\edu\\.vscode\\extensions\\uqbar.wollok-lsp-ide-0.5.3\\out\\server\\src\\server.js:7:8527)","timestamp":"2025-12-12T03:59:43.945Z"}
{"level":"info","message":"⌛ Building environment","timeElapsed":103,"timestamp":"2025-12-12T03:59:44.053Z"}
{"level":"info","message":"⌛ Validating parciales/elLegadoDeSoliamMurr/triunviratos.wlk","timeElapsed":166,"timestamp":"2025-12-12T03:59:44.219Z"}
{"level":"info","message":"⌛ Validating parciales/elLegadoDeSoliamMurr/triunviratos.wlk","timeElapsed":126,"timestamp":"2025-12-12T03:59:44.509Z"}
{"level":"info","message":"⌛ Validating parciales/elLegadoDeSoliamMurr/triunviratos.wlk","timeElapsed":136,"timestamp":"2025-12-12T03:59:44.814Z"}
{"level":"info","message":"⌛ Validating parciales/elLegadoDeSoliamMurr/triunviratos.wlk","timeElapsed":123,"timestamp":"2025-12-12T03:59:45.027Z"}
{"level":"info","message":"⌛ Validating parciales/elLegadoDeSoliamMurr/triunviratos.wlk","timeElapsed":121,"timestamp":"2025-12-12T03:59:45.148Z"}
{"level":"info","message":"⌛ Validating parciales/elLegadoDeSoliamMurr/triunviratos.wlk","timeElapsed":120,"timestamp":"2025-12-12T03:59:45.273Z"}
{"level":"info","message":"⌛ Validating parciales/elLegadoDeSoliamMurr/triunviratos.wlk","timeElapsed":161,"timestamp":"2025-12-12T03:59:45.437Z"}
{"level":"error","message":"✘ Completions for node Parameter ([17:23, 17:24] - parciales/elLegadoDeSoliamMurr/triunviratos.wlk) failed: Error: [Parameter]{d3678c} at parciales/elLegadoDeSoliamMurr/triunviratos.wlk:17 exhausted all cases without a match [Parameter]{d3678c} at parciales/elLegadoDeSoliamMurr/triunviratos.wlk:17 exhausted all cases without a match","stack":"Error: [Parameter]{d3678c} at parciales/elLegadoDeSoliamMurr/triunviratos.wlk:17 exhausted all cases without a match\n    at c:\\Users\\edu\\.vscode\\extensions\\uqbar.wollok-lsp-ide-0.5.3\\out\\server\\src\\server.js:38:6142\n    at D2 (c:\\Users\\edu\\.vscode\\extensions\\uqbar.wollok-lsp-ide-0.5.3\\out\\server\\src\\server.js:2384:42)\n    at c:\\Users\\edu\\.vscode\\extensions\\uqbar.wollok-lsp-ide-0.5.3\\out\\server\\src\\server.js:2384:2988\n    at c:\\Users\\edu\\.vscode\\extensions\\uqbar.wollok-lsp-ide-0.5.3\\out\\server\\src\\server.js:2393:8440\n    at c:\\Users\\edu\\.vscode\\extensions\\uqbar.wollok-lsp-ide-0.5.3\\out\\server\\src\\server.js:37:74872\n    at Ye (c:\\Users\\edu\\.vscode\\extensions\\uqbar.wollok-lsp-ide-0.5.3\\out\\server\\src\\server.js:7:8527)\n    at qt (c:\\Users\\edu\\.vscode\\extensions\\uqbar.wollok-lsp-ide-0.5.3\\out\\server\\src\\server.js:7:6189)\n    at ot (c:\\Users\\edu\\.vscode\\extensions\\uqbar.wollok-lsp-ide-0.5.3\\out\\server\\src\\server.js:7:6378)\n    at Immediate._onImmediate (c:\\Users\\edu\\.vscode\\extensions\\uqbar.wollok-lsp-ide-0.5.3\\out\\server\\src\\server.js:7:6142)\n    at process.processImmediate (node:internal/timers:485:21)","timestamp":"2025-12-12T03:59:56.576Z"}
{"level":"info","message":"⌛ Validating parciales/elLegadoDeSoliamMurr/triunviratos.wlk","timeElapsed":143,"timestamp":"2025-12-12T03:59:56.819Z"}
{"level":"info","message":"⌛ Validating parciales/elLegadoDeSoliamMurr/triunviratos.wlk","timeElapsed":141,"timestamp":"2025-12-12T03:59:57.061Z"}
{"level":"error","message":"✘ Completions for node Parameter ([17:23, 17:27] - parciales/elLegadoDeSoliamMurr/triunviratos.wlk) failed: Error: [Parameter]{43792f} at parciales/elLegadoDeSoliamMurr/triunviratos.wlk:17 exhausted all cases without a match [Parameter]{43792f} at parciales/elLegadoDeSoliamMurr/triunviratos.wlk:17 exhausted all cases without a match","stack":"Error: [Parameter]{43792f} at parciales/elLegadoDeSoliamMurr/triunviratos.wlk:17 exhausted all cases without a match\n    at c:\\Users\\edu\\.vscode\\extensions\\uqbar.wollok-lsp-ide-0.5.3\\out\\server\\src\\server.js:38:6142\n    at D2 (c:\\Users\\edu\\.vscode\\extensions\\uqbar.wollok-lsp-ide-0.5.3\\out\\server\\src\\server.js:2384:42)\n    at c:\\Users\\edu\\.vscode\\extensions\\uqbar.wollok-lsp-ide-0.5.3\\out\\server\\src\\server.js:2384:2988\n    at c:\\Users\\edu\\.vscode\\extensions\\uqbar.wollok-lsp-ide-0.5.3\\out\\server\\src\\server.js:2393:8440\n    at c:\\Users\\edu\\.vscode\\extensions\\uqbar.wollok-lsp-ide-0.5.3\\out\\server\\src\\server.js:37:74872\n    at Ye (c:\\Users\\edu\\.vscode\\extensions\\uqbar.wollok-lsp-ide-0.5.3\\out\\server\\src\\server.js:7:8527)\n    at qt (c:\\Users\\edu\\.vscode\\extensions\\uqbar.wollok-lsp-ide-0.5.3\\out\\server\\src\\server.js:7:6189)\n    at ot (c:\\Users\\edu\\.vscode\\extensions\\uqbar.wollok-lsp-ide-0.5.3\\out\\server\\src\\server.js:7:6378)\n    at Immediate._onImmediate (c:\\Users\\edu\\.vscode\\extensions\\uqbar.wollok-lsp-ide-0.5.3\\out\\server\\src\\server.js:7:6142)\n    at process.processImmediate (node:internal/timers:485:21)","timestamp":"2025-12-12T03:59:57.205Z"}
{"level":"info","message":"⌛ Validating parciales/elLegadoDeSoliamMurr/triunviratos.wlk","timeElapsed":133,"timestamp":"2025-12-12T03:59:57.457Z"}
{"level":"info","message":"⌛ Validating parciales/elLegadoDeSoliamMurr/triunviratos.wlk","timeElapsed":129,"timestamp":"2025-12-12T03:59:57.595Z"}
{"level":"info","message":"⌛ Validating parciales/elLegadoDeSoliamMurr/triunviratos.wlk","timeElapsed":124,"timestamp":"2025-12-12T03:59:57.720Z"}
{"level":"error","message":"✘ Completions for node Parameter ([17:23, 17:29] - parciales/elLegadoDeSoliamMurr/triunviratos.wlk) failed: Error: [Parameter]{fe15ba} at parciales/elLegadoDeSoliamMurr/triunviratos.wlk:17 exhausted all cases without a match [Parameter]{fe15ba} at parciales/elLegadoDeSoliamMurr/triunviratos.wlk:17 exhausted all cases without a match","stack":"Error: [Parameter]{fe15ba} at parciales/elLegadoDeSoliamMurr/triunviratos.wlk:17 exhausted all cases without a match\n    at c:\\Users\\edu\\.vscode\\extensions\\uqbar.wollok-lsp-ide-0.5.3\\out\\server\\src\\server.js:38:6142\n    at D2 (c:\\Users\\edu\\.vscode\\extensions\\uqbar.wollok-lsp-ide-0.5.3\\out\\server\\src\\server.js:2384:42)\n    at c:\\Users\\edu\\.vscode\\extensions\\uqbar.wollok-lsp-ide-0.5.3\\out\\server\\src\\server.js:2384:2988\n    at c:\\Users\\edu\\.vscode\\extensions\\uqbar.wollok-lsp-ide-0.5.3\\out\\server\\src\\server.js:2393:8440\n    at c:\\Users\\edu\\.vscode\\extensions\\uqbar.wollok-lsp-ide-0.5.3\\out\\server\\src\\server.js:37:74872\n    at Ye (c:\\Users\\edu\\.vscode\\extensions\\uqbar.wollok-lsp-ide-0.5.3\\out\\server\\src\\server.js:7:8527)\n    at qt (c:\\Users\\edu\\.vscode\\extensions\\uqbar.wollok-lsp-ide-0.5.3\\out\\server\\src\\server.js:7:6189)\n    at ot (c:\\Users\\edu\\.vscode\\extensions\\uqbar.wollok-lsp-ide-0.5.3\\out\\server\\src\\server.js:7:6378)\n    at Immediate._onImmediate (c:\\Users\\edu\\.vscode\\extensions\\uqbar.wollok-lsp-ide-0.5.3\\out\\server\\src\\server.js:7:6142)\n    at process.processImmediate (node:internal/timers:485:21)","timestamp":"2025-12-12T03:59:57.835Z"}
{"level":"info","message":"⌛ Validating parciales/elLegadoDeSoliamMurr/triunviratos.wlk","timeElapsed":128,"timestamp":"2025-12-12T03:59:58.061Z"}
{"level":"info","message":"⌛ Validating parciales/elLegadoDeSoliamMurr/triunviratos.wlk","timeElapsed":130,"timestamp":"2025-12-12T03:59:58.191Z"}
{"level":"error","message":"✘ Completions for node Parameter ([17:23, 17:31] - parciales/elLegadoDeSoliamMurr/triunviratos.wlk) failed: Error: [Parameter]{5252b8} at parciales/elLegadoDeSoliamMurr/triunviratos.wlk:17 exhausted all cases without a match [Parameter]{5252b8} at parciales/elLegadoDeSoliamMurr/triunviratos.wlk:17 exhausted all cases without a match","stack":"Error: [Parameter]{5252b8} at parciales/elLegadoDeSoliamMurr/triunviratos.wlk:17 exhausted all cases without a match\n    at c:\\Users\\edu\\.vscode\\extensions\\uqbar.wollok-lsp-ide-0.5.3\\out\\server\\src\\server.js:38:6142\n    at D2 (c:\\Users\\edu\\.vscode\\extensions\\uqbar.wollok-lsp-ide-0.5.3\\out\\server\\src\\server.js:2384:42)\n    at c:\\Users\\edu\\.vscode\\extensions\\uqbar.wollok-lsp-ide-0.5.3\\out\\server\\src\\server.js:2384:2988\n    at c:\\Users\\edu\\.vscode\\extensions\\uqbar.wollok-lsp-ide-0.5.3\\out\\server\\src\\server.js:2393:8440\n    at c:\\Users\\edu\\.vscode\\extensions\\uqbar.wollok-lsp-ide-0.5.3\\out\\server\\src\\server.js:37:74872\n    at Ye (c:\\Users\\edu\\.vscode\\extensions\\uqbar.wollok-lsp-ide-0.5.3\\out\\server\\src\\server.js:7:8527)\n    at qt (c:\\Users\\edu\\.vscode\\extensions\\uqbar.wollok-lsp-ide-0.5.3\\out\\server\\src\\server.js:7:6189)\n    at ot (c:\\Users\\edu\\.vscode\\extensions\\uqbar.wollok-lsp-ide-0.5.3\\out\\server\\src\\server.js:7:6378)\n    at Immediate._onImmediate (c:\\Users\\edu\\.vscode\\extensions\\uqbar.wollok-lsp-ide-0.5.3\\out\\server\\src\\server.js:7:6142)\n    at process.processImmediate (node:internal/timers:485:21)","timestamp":"2025-12-12T03:59:58.307Z"}
{"level":"info","message":"⌛ Validating parciales/elLegadoDeSoliamMurr/triunviratos.wlk","timeElapsed":135,"timestamp":"2025-12-12T03:59:58.529Z"}
{"level":"info","message":"⌛ Validating parciales/elLegadoDeSoliamMurr/triunviratos.wlk","timeElapsed":129,"timestamp":"2025-12-12T03:59:58.745Z"}
{"level":"info","message":"⌛ Validating parciales/elLegadoDeSoliamMurr/triunviratos.wlk","timeElapsed":125,"timestamp":"2025-12-12T03:59:58.876Z"}
{"level":"info","message":"⌛ Building environment","timeElapsed":130,"timestamp":"2025-12-12T04:00:01.289Z"}
{"level":"info","message":"⌛ Validating parciales/elLegadoDeSoliamMurr/triunviratos.wlk","timeElapsed":220,"timestamp":"2025-12-12T04:00:01.511Z"}
{"level":"info","message":"⌛ Validating parciales/elLegadoDeSoliamMurr/triunviratos.wlk","timeElapsed":146,"timestamp":"2025-12-12T04:00:03.036Z"}
{"level":"info","message":"⌛ Building environment","timeElapsed":132,"timestamp":"2025-12-12T04:00:58.947Z"}
{"level":"info","message":"⌛ Validating parciales/elLegadoDeSoliamMurr/asentamientos.wlk","timeElapsed":173,"timestamp":"2025-12-12T04:00:59.128Z"}
{"level":"info","message":"⌛ Building environment","timeElapsed":110,"timestamp":"2025-12-12T04:02:31.448Z"}
{"level":"info","message":"⌛ Validating parciales/elLegadoDeSoliamMurr/asentamientos.wlk","timeElapsed":157,"timestamp":"2025-12-12T04:02:31.720Z"}
{"level":"info","message":"⌛ Building environment","timeElapsed":110,"timestamp":"2025-12-12T04:02:31.954Z"}
{"level":"info","message":"⌛ Validating parciales/elLegadoDeSoliamMurr/asentamientos.wlk","timeElapsed":137,"timestamp":"2025-12-12T04:02:32.104Z"}
{"level":"info","message":"⌛ Validating parciales/elLegadoDeSoliamMurr/asentamientos.wlk","timeElapsed":142,"timestamp":"2025-12-12T04:02:32.276Z"}
{"level":"info","message":"⌛ Validating parciales/elLegadoDeSoliamMurr/asentamientos.wlk","timeElapsed":126,"timestamp":"2025-12-12T04:02:32.402Z"}
{"level":"info","message":"⌛ Validating parciales/elLegadoDeSoliamMurr/asentamientos.wlk","timeElapsed":126,"timestamp":"2025-12-12T04:02:32.624Z"}
{"level":"info","message":"⌛ Validating parciales/elLegadoDeSoliamMurr/asentamientos.wlk","timeElapsed":151,"timestamp":"2025-12-12T04:02:33.393Z"}
{"level":"info","message":"⌛ Validating parciales/elLegadoDeSoliamMurr/asentamientos.wlk","timeElapsed":157,"timestamp":"2025-12-12T04:02:33.670Z"}
{"level":"info","message":"⌛ Building environment","timeElapsed":113,"timestamp":"2025-12-12T04:02:33.783Z"}
{"level":"info","message":"⌛ Validating parciales/elLegadoDeSoliamMurr/asentamientos.wlk","timeElapsed":151,"timestamp":"2025-12-12T04:02:34.154Z"}
{"level":"info","message":"⌛ Validating parciales/elLegadoDeSoliamMurr/asentamientos.wlk","timeElapsed":145,"timestamp":"2025-12-12T04:02:34.425Z"}
{"level":"info","message":"⌛ Validating parciales/elLegadoDeSoliamMurr/asentamientos.wlk","timeElapsed":147,"timestamp":"2025-12-12T04:02:34.573Z"}
{"level":"info","message":"⌛ Validating parciales/elLegadoDeSoliamMurr/asentamientos.wlk","timeElapsed":149,"timestamp":"2025-12-12T04:02:34.723Z"}
{"level":"info","message":"⌛ Building environment","timeElapsed":101,"timestamp":"2025-12-12T04:02:35.065Z"}
{"level":"info","message":"⌛ Building environment","timeElapsed":102,"timestamp":"2025-12-12T04:02:35.201Z"}
{"level":"info","message":"⌛ Validating parciales/elLegadoDeSoliamMurr/asentamientos.wlk","timeElapsed":146,"timestamp":"2025-12-12T04:02:35.347Z"}
{"level":"info","message":"⌛ Building environment","timeElapsed":141,"timestamp":"2025-12-12T04:02:35.488Z"}
{"level":"info","message":"⌛ Validating parciales/elLegadoDeSoliamMurr/asentamientos.wlk","timeElapsed":151,"timestamp":"2025-12-12T04:02:35.772Z"}
{"level":"info","message":"⌛ Validating parciales/elLegadoDeSoliamMurr/asentamientos.wlk","timeElapsed":137,"timestamp":"2025-12-12T04:02:35.910Z"}
{"level":"info","message":"⌛ Validating parciales/elLegadoDeSoliamMurr/asentamientos.wlk","timeElapsed":124,"timestamp":"2025-12-12T04:02:36.034Z"}
{"level":"info","message":"⌛ Building environment","timeElapsed":104,"timestamp":"2025-12-12T04:02:36.265Z"}
{"level":"info","message":"⌛ Validating parciales/elLegadoDeSoliamMurr/asentamientos.wlk","timeElapsed":128,"timestamp":"2025-12-12T04:02:36.399Z"}
{"level":"info","message":"⌛ Validating parciales/elLegadoDeSoliamMurr/asentamientos.wlk","timeElapsed":121,"timestamp":"2025-12-12T04:02:36.520Z"}
{"level":"info","message":"⌛ Validating parciales/elLegadoDeSoliamMurr/asentamientos.wlk","timeElapsed":168,"timestamp":"2025-12-12T04:03:33.745Z"}
{"level":"info","message":"⌛ Building environment","timeElapsed":105,"timestamp":"2025-12-12T04:03:33.851Z"}
{"level":"error","message":"✘ Failed to rebuild document Failed to parse parciales/elLegadoDeSoliamMurr/asentamientos.wlk: \n-- PARSING FAILED --------------------------------------------------\n\n  1 | class Asentamiento {\n  2 |   var\n> 3 | }\n    | ^\n\nExpected one of the following: \n\n'property', identifier, whitespace\n","stack":"Error: Failed to parse parciales/elLegadoDeSoliamMurr/asentamientos.wlk: \n-- PARSING FAILED --------------------------------------------------\n\n  1 | class Asentamiento {\n  2 |   var\n> 3 | }\n    | ^\n\nExpected one of the following: \n\n'property', identifier, whitespace\n\n    at c:\\Users\\edu\\.vscode\\extensions\\uqbar.wollok-lsp-ide-0.5.3\\out\\server\\src\\server.js:2348:13026\n    at Array.map (<anonymous>)\n    at W1n (c:\\Users\\edu\\.vscode\\extensions\\uqbar.wollok-lsp-ide-0.5.3\\out\\server\\src\\server.js:2348:12950)\n    at U2.buildEnvironmentFrom (c:\\Users\\edu\\.vscode\\extensions\\uqbar.wollok-lsp-ide-0.5.3\\out\\server\\src\\server.js:2393:5254)\n    at U2.updateEnvironmentWith (c:\\Users\\edu\\.vscode\\extensions\\uqbar.wollok-lsp-ide-0.5.3\\out\\server\\src\\server.js:2393:4989)\n    at JF (c:\\Users\\edu\\.vscode\\extensions\\uqbar.wollok-lsp-ide-0.5.3\\out\\server\\src\\server.js:2393:7383)\n    at F3.invoke (c:\\Users\\edu\\.vscode\\extensions\\uqbar.wollok-lsp-ide-0.5.3\\out\\server\\src\\server.js:3:157334)\n    at o.fire (c:\\Users\\edu\\.vscode\\extensions\\uqbar.wollok-lsp-ide-0.5.3\\out\\server\\src\\server.js:3:158104)\n    at c:\\Users\\edu\\.vscode\\extensions\\uqbar.wollok-lsp-ide-0.5.3\\out\\server\\src\\server.js:37:57871\n    at Zr (c:\\Users\\edu\\.vscode\\extensions\\uqbar.wollok-lsp-ide-0.5.3\\out\\server\\src\\server.js:8:1561)","timestamp":"2025-12-12T04:03:33.861Z"}
{"level":"info","message":"⌛ Validating parciales/elLegadoDeSoliamMurr/asentamientos.wlk","timeElapsed":185,"timestamp":"2025-12-12T04:03:34.046Z"}
{"level":"info","message":"⌛ Validating parciales/elLegadoDeSoliamMurr/asentamientos.wlk","timeElapsed":137,"timestamp":"2025-12-12T04:03:35.168Z"}
{"level":"info","message":"⌛ Validating parciales/elLegadoDeSoliamMurr/asentamientos.wlk","timeElapsed":132,"timestamp":"2025-12-12T04:03:39.888Z"}
{"level":"info","message":"⌛ Validating parciales/elLegadoDeSoliamMurr/asentamientos.wlk","timeElapsed":128,"timestamp":"2025-12-12T04:03:40.186Z"}
{"level":"info","message":"⌛ Validating parciales/elLegadoDeSoliamMurr/asentamientos.wlk","timeElapsed":121,"timestamp":"2025-12-12T04:03:40.308Z"}
{"level":"info","message":"⌛ Validating parciales/elLegadoDeSoliamMurr/asentamientos.wlk","timeElapsed":132,"timestamp":"2025-12-12T04:03:40.987Z"}
{"level":"info","message":"⌛ Validating parciales/elLegadoDeSoliamMurr/asentamientos.wlk","timeElapsed":170,"timestamp":"2025-12-12T04:03:41.292Z"}
{"level":"info","message":"⌛ Validating parciales/elLegadoDeSoliamMurr/asentamientos.wlk","timeElapsed":123,"timestamp":"2025-12-12T04:03:41.539Z"}
{"level":"info","message":"⌛ Building environment","timeElapsed":146,"timestamp":"2025-12-12T04:03:42.244Z"}
{"level":"info","message":"⌛ Validating parciales/elLegadoDeSoliamMurr/asentamientos.wlk","timeElapsed":131,"timestamp":"2025-12-12T04:03:42.500Z"}
{"level":"info","message":"⌛ Validating parciales/elLegadoDeSoliamMurr/asentamientos.wlk","timeElapsed":129,"timestamp":"2025-12-12T04:03:42.833Z"}
{"level":"info","message":"⌛ Validating parciales/elLegadoDeSoliamMurr/asentamientos.wlk","timeElapsed":132,"timestamp":"2025-12-12T04:03:43.044Z"}
{"level":"info","message":"⌛ Validating parciales/elLegadoDeSoliamMurr/asentamientos.wlk","timeElapsed":119,"timestamp":"2025-12-12T04:03:43.163Z"}
{"level":"info","message":"⌛ Validating parciales/elLegadoDeSoliamMurr/asentamientos.wlk","timeElapsed":119,"timestamp":"2025-12-12T04:03:43.288Z"}
{"level":"info","message":"⌛ Validating parciales/elLegadoDeSoliamMurr/asentamientos.wlk","timeElapsed":122,"timestamp":"2025-12-12T04:03:43.936Z"}
{"level":"info","message":"⌛ Validating parciales/elLegadoDeSoliamMurr/asentamientos.wlk","timeElapsed":131,"timestamp":"2025-12-12T04:03:54.253Z"}
{"level":"info","message":"⌛ Building environment","timeElapsed":116,"timestamp":"2025-12-12T04:03:54.370Z"}
{"level":"info","message":"⌛ Validating parciales/elLegadoDeSoliamMurr/asentamientos.wlk","timeElapsed":123,"timestamp":"2025-12-12T04:03:54.502Z"}
{"level":"info","message":"⌛ Building environment","timeElapsed":105,"timestamp":"2025-12-12T04:04:06.461Z"}
{"level":"info","message":"⌛ Validating parciales/elLegadoDeSoliamMurr/asentamientos.wlk","timeElapsed":165,"timestamp":"2025-12-12T04:04:06.669Z"}
{"level":"info","message":"⌛ Building environment","timeElapsed":128,"timestamp":"2025-12-12T04:04:06.799Z"}
{"level":"info","message":"⌛ Building environment","timeElapsed":109,"timestamp":"2025-12-12T04:04:07.008Z"}
{"level":"info","message":"⌛ Validating parciales/elLegadoDeSoliamMurr/asentamientos.wlk","timeElapsed":175,"timestamp":"2025-12-12T04:04:07.184Z"}
{"level":"info","message":"⌛ Validating parciales/elLegadoDeSoliamMurr/asentamientos.wlk","timeElapsed":141,"timestamp":"2025-12-12T04:04:07.331Z"}
{"level":"info","message":"⌛ Building environment","timeElapsed":114,"timestamp":"2025-12-12T04:04:07.446Z"}
{"level":"info","message":"⌛ Validating parciales/elLegadoDeSoliamMurr/asentamientos.wlk","timeElapsed":125,"timestamp":"2025-12-12T04:04:07.571Z"}
{"level":"info","message":"⌛ Validating parciales/elLegadoDeSoliamMurr/asentamientos.wlk","timeElapsed":125,"timestamp":"2025-12-12T04:04:07.700Z"}
{"level":"info","message":"⌛ Validating parciales/elLegadoDeSoliamMurr/asentamientos.wlk","timeElapsed":131,"timestamp":"2025-12-12T04:04:09.014Z"}
{"level":"info","message":"⌛ Building environment","timeElapsed":150,"timestamp":"2025-12-12T04:04:09.277Z"}
{"level":"info","message":"⌛ Validating parciales/elLegadoDeSoliamMurr/asentamientos.wlk","timeElapsed":136,"timestamp":"2025-12-12T04:04:09.414Z"}
{"level":"info","message":"⌛ Validating parciales/elLegadoDeSoliamMurr/asentamientos.wlk","timeElapsed":134,"timestamp":"2025-12-12T04:04:09.548Z"}
{"level":"info","message":"⌛ Validating parciales/elLegadoDeSoliamMurr/asentamientos.wlk","timeElapsed":122,"timestamp":"2025-12-12T04:04:09.857Z"}
{"level":"error","message":"✘ Failed to rebuild document Failed to parse parciales/elLegadoDeSoliamMurr/asentamientos.wlk: \n-- PARSING FAILED --------------------------------------------------\n\n  3 | }\n  4 | \n> 5 | class  {\n    |        ^\n  6 |   \n  7 | }\n\nExpected one of the following: \n\nidentifier, whitespace\n","stack":"Error: Failed to parse parciales/elLegadoDeSoliamMurr/asentamientos.wlk: \n-- PARSING FAILED --------------------------------------------------\n\n  3 | }\n  4 | \n> 5 | class  {\n    |        ^\n  6 |   \n  7 | }\n\nExpected one of the following: \n\nidentifier, whitespace\n\n    at c:\\Users\\edu\\.vscode\\extensions\\uqbar.wollok-lsp-ide-0.5.3\\out\\server\\src\\server.js:2348:13026\n    at Array.map (<anonymous>)\n    at W1n (c:\\Users\\edu\\.vscode\\extensions\\uqbar.wollok-lsp-ide-0.5.3\\out\\server\\src\\server.js:2348:12950)\n    at U2.buildEnvironmentFrom (c:\\Users\\edu\\.vscode\\extensions\\uqbar.wollok-lsp-ide-0.5.3\\out\\server\\src\\server.js:2393:5254)\n    at U2.updateEnvironmentWith (c:\\Users\\edu\\.vscode\\extensions\\uqbar.wollok-lsp-ide-0.5.3\\out\\server\\src\\server.js:2393:4989)\n    at JF (c:\\Users\\edu\\.vscode\\extensions\\uqbar.wollok-lsp-ide-0.5.3\\out\\server\\src\\server.js:2393:7383)\n    at F3.invoke (c:\\Users\\edu\\.vscode\\extensions\\uqbar.wollok-lsp-ide-0.5.3\\out\\server\\src\\server.js:3:157334)\n    at o.fire (c:\\Users\\edu\\.vscode\\extensions\\uqbar.wollok-lsp-ide-0.5.3\\out\\server\\src\\server.js:3:158104)\n    at c:\\Users\\edu\\.vscode\\extensions\\uqbar.wollok-lsp-ide-0.5.3\\out\\server\\src\\server.js:37:57871\n    at Zr (c:\\Users\\edu\\.vscode\\extensions\\uqbar.wollok-lsp-ide-0.5.3\\out\\server\\src\\server.js:8:1561)","timestamp":"2025-12-12T04:04:09.858Z"}
{"level":"info","message":"⌛ Validating parciales/elLegadoDeSoliamMurr/asentamientos.wlk","timeElapsed":127,"timestamp":"2025-12-12T04:04:09.986Z"}
{"level":"info","message":"⌛ Validating parciales/elLegadoDeSoliamMurr/asentamientos.wlk","timeElapsed":124,"timestamp":"2025-12-12T04:04:10.229Z"}
{"level":"info","message":"⌛ Building environment","timeElapsed":117,"timestamp":"2025-12-12T04:04:10.682Z"}
{"level":"info","message":"⌛ Validating parciales/elLegadoDeSoliamMurr/asentamientos.wlk","timeElapsed":129,"timestamp":"2025-12-12T04:04:10.939Z"}
{"level":"info","message":"⌛ Validating parciales/elLegadoDeSoliamMurr/asentamientos.wlk","timeElapsed":130,"timestamp":"2025-12-12T04:04:11.178Z"}
{"level":"info","message":"⌛ Validating parciales/elLegadoDeSoliamMurr/asentamientos.wlk","timeElapsed":116,"timestamp":"2025-12-12T04:04:11.369Z"}
{"level":"info","message":"⌛ Building environment","timeElapsed":109,"timestamp":"2025-12-12T04:04:11.478Z"}
{"level":"info","message":"⌛ Validating parciales/elLegadoDeSoliamMurr/asentamientos.wlk","timeElapsed":131,"timestamp":"2025-12-12T04:04:11.727Z"}
{"level":"info","message":"⌛ Validating parciales/elLegadoDeSoliamMurr/asentamientos.wlk","timeElapsed":124,"timestamp":"2025-12-12T04:04:11.857Z"}
{"level":"info","message":"⌛ Validating parciales/elLegadoDeSoliamMurr/asentamientos.wlk","timeElapsed":153,"timestamp":"2025-12-12T04:04:12.013Z"}
{"level":"info","message":"⌛ Validating parciales/elLegadoDeSoliamMurr/asentamientos.wlk","timeElapsed":127,"timestamp":"2025-12-12T04:04:12.227Z"}
{"level":"error","message":"✘ Failed to rebuild document Failed to parse parciales/elLegadoDeSoliamMurr/asentamientos.wlk: \n-- PARSING FAILED --------------------------------------------------\n\n  3 | }\n  4 | \n> 5 | class Pueblos i {\n    |               ^\n  6 |   \n  7 | }\n\nExpected one of the following: \n\n'inherits', '{', whitespace\n","stack":"Error: Failed to parse parciales/elLegadoDeSoliamMurr/asentamientos.wlk: \n-- PARSING FAILED --------------------------------------------------\n\n  3 | }\n  4 | \n> 5 | class Pueblos i {\n    |               ^\n  6 |   \n  7 | }\n\nExpected one of the following: \n\n'inherits', '{', whitespace\n\n    at c:\\Users\\edu\\.vscode\\extensions\\uqbar.wollok-lsp-ide-0.5.3\\out\\server\\src\\server.js:2348:13026\n    at Array.map (<anonymous>)\n    at W1n (c:\\Users\\edu\\.vscode\\extensions\\uqbar.wollok-lsp-ide-0.5.3\\out\\server\\src\\server.js:2348:12950)\n    at U2.buildEnvironmentFrom (c:\\Users\\edu\\.vscode\\extensions\\uqbar.wollok-lsp-ide-0.5.3\\out\\server\\src\\server.js:2393:5254)\n    at U2.updateEnvironmentWith (c:\\Users\\edu\\.vscode\\extensions\\uqbar.wollok-lsp-ide-0.5.3\\out\\server\\src\\server.js:2393:4989)\n    at JF (c:\\Users\\edu\\.vscode\\extensions\\uqbar.wollok-lsp-ide-0.5.3\\out\\server\\src\\server.js:2393:7383)\n    at F3.invoke (c:\\Users\\edu\\.vscode\\extensions\\uqbar.wollok-lsp-ide-0.5.3\\out\\server\\src\\server.js:3:157334)\n    at o.fire (c:\\Users\\edu\\.vscode\\extensions\\uqbar.wollok-lsp-ide-0.5.3\\out\\server\\src\\server.js:3:158104)\n    at c:\\Users\\edu\\.vscode\\extensions\\uqbar.wollok-lsp-ide-0.5.3\\out\\server\\src\\server.js:37:57871\n    at Zr (c:\\Users\\edu\\.vscode\\extensions\\uqbar.wollok-lsp-ide-0.5.3\\out\\server\\src\\server.js:8:1561)","timestamp":"2025-12-12T04:04:15.527Z"}
{"level":"error","message":"✘ Failed to rebuild document Failed to parse parciales/elLegadoDeSoliamMurr/asentamientos.wlk: \n-- PARSING FAILED --------------------------------------------------\n\n  3 | }\n  4 | \n> 5 | class Pueblos in {\n    |               ^\n  6 |   \n  7 | }\n\nExpected one of the following: \n\n'inherits', '{', whitespace\n","stack":"Error: Failed to parse parciales/elLegadoDeSoliamMurr/asentamientos.wlk: \n-- PARSING FAILED --------------------------------------------------\n\n  3 | }\n  4 | \n> 5 | class Pueblos in {\n    |               ^\n  6 |   \n  7 | }\n\nExpected one of the following: \n\n'inherits', '{', whitespace\n\n    at c:\\Users\\edu\\.vscode\\extensions\\uqbar.wollok-lsp-ide-0.5.3\\out\\server\\src\\server.js:2348:13026\n    at Array.map (<anonymous>)\n    at W1n (c:\\Users\\edu\\.vscode\\extensions\\uqbar.wollok-lsp-ide-0.5.3\\out\\server\\src\\server.js:2348:12950)\n    at U2.buildEnvironmentFrom (c:\\Users\\edu\\.vscode\\extensions\\uqbar.wollok-lsp-ide-0.5.3\\out\\server\\src\\server.js:2393:5254)\n    at U2.updateEnvironmentWith (c:\\Users\\edu\\.vscode\\extensions\\uqbar.wollok-lsp-ide-0.5.3\\out\\server\\src\\server.js:2393:4989)\n    at JF (c:\\Users\\edu\\.vscode\\extensions\\uqbar.wollok-lsp-ide-0.5.3\\out\\server\\src\\server.js:2393:7383)\n    at F3.invoke (c:\\Users\\edu\\.vscode\\extensions\\uqbar.wollok-lsp-ide-0.5.3\\out\\server\\src\\server.js:3:157334)\n    at o.fire (c:\\Users\\edu\\.vscode\\extensions\\uqbar.wollok-lsp-ide-0.5.3\\out\\server\\src\\server.js:3:158104)\n    at c:\\Users\\edu\\.vscode\\extensions\\uqbar.wollok-lsp-ide-0.5.3\\out\\server\\src\\server.js:37:57871\n    at Zr (c:\\Users\\edu\\.vscode\\extensions\\uqbar.wollok-lsp-ide-0.5.3\\out\\server\\src\\server.js:8:1561)","timestamp":"2025-12-12T04:04:15.632Z"}
{"level":"error","message":"✘ Failed to rebuild document Failed to parse parciales/elLegadoDeSoliamMurr/asentamientos.wlk: \n-- PARSING FAILED --------------------------------------------------\n\n  3 | }\n  4 | \n> 5 | class Pueblos inh {\n    |               ^\n  6 |   \n  7 | }\n\nExpected one of the following: \n\n'inherits', '{', whitespace\n","stack":"Error: Failed to parse parciales/elLegadoDeSoliamMurr/asentamientos.wlk: \n-- PARSING FAILED --------------------------------------------------\n\n  3 | }\n  4 | \n> 5 | class Pueblos inh {\n    |               ^\n  6 |   \n  7 | }\n\nExpected one of the following: \n\n'inherits', '{', whitespace\n\n    at c:\\Users\\edu\\.vscode\\extensions\\uqbar.wollok-lsp-ide-0.5.3\\out\\server\\src\\server.js:2348:13026\n    at Array.map (<anonymous>)\n    at W1n (c:\\Users\\edu\\.vscode\\extensions\\uqbar.wollok-lsp-ide-0.5.3\\out\\server\\src\\server.js:2348:12950)\n    at U2.buildEnvironmentFrom (c:\\Users\\edu\\.vscode\\extensions\\uqbar.wollok-lsp-ide-0.5.3\\out\\server\\src\\server.js:2393:5254)\n    at U2.updateEnvironmentWith (c:\\Users\\edu\\.vscode\\extensions\\uqbar.wollok-lsp-ide-0.5.3\\out\\server\\src\\server.js:2393:4989)\n    at JF (c:\\Users\\edu\\.vscode\\extensions\\uqbar.wollok-lsp-ide-0.5.3\\out\\server\\src\\server.js:2393:7383)\n    at F3.invoke (c:\\Users\\edu\\.vscode\\extensions\\uqbar.wollok-lsp-ide-0.5.3\\out\\server\\src\\server.js:3:157334)\n    at o.fire (c:\\Users\\edu\\.vscode\\extensions\\uqbar.wollok-lsp-ide-0.5.3\\out\\server\\src\\server.js:3:158104)\n    at c:\\Users\\edu\\.vscode\\extensions\\uqbar.wollok-lsp-ide-0.5.3\\out\\server\\src\\server.js:37:57871\n    at Zr (c:\\Users\\edu\\.vscode\\extensions\\uqbar.wollok-lsp-ide-0.5.3\\out\\server\\src\\server.js:8:1561)","timestamp":"2025-12-12T04:04:15.770Z"}
{"level":"error","message":"✘ Failed to rebuild document Failed to parse parciales/elLegadoDeSoliamMurr/asentamientos.wlk: \n-- PARSING FAILED --------------------------------------------------\n\n  3 | }\n  4 | \n> 5 | class Pueblos inhe {\n    |               ^\n  6 |   \n  7 | }\n\nExpected one of the following: \n\n'inherits', '{', whitespace\n","stack":"Error: Failed to parse parciales/elLegadoDeSoliamMurr/asentamientos.wlk: \n-- PARSING FAILED --------------------------------------------------\n\n  3 | }\n  4 | \n> 5 | class Pueblos inhe {\n    |               ^\n  6 |   \n  7 | }\n\nExpected one of the following: \n\n'inherits', '{', whitespace\n\n    at c:\\Users\\edu\\.vscode\\extensions\\uqbar.wollok-lsp-ide-0.5.3\\out\\server\\src\\server.js:2348:13026\n    at Array.map (<anonymous>)\n    at W1n (c:\\Users\\edu\\.vscode\\extensions\\uqbar.wollok-lsp-ide-0.5.3\\out\\server\\src\\server.js:2348:12950)\n    at U2.buildEnvironmentFrom (c:\\Users\\edu\\.vscode\\extensions\\uqbar.wollok-lsp-ide-0.5.3\\out\\server\\src\\server.js:2393:5254)\n    at U2.updateEnvironmentWith (c:\\Users\\edu\\.vscode\\extensions\\uqbar.wollok-lsp-ide-0.5.3\\out\\server\\src\\server.js:2393:4989)\n    at JF (c:\\Users\\edu\\.vscode\\extensions\\uqbar.wollok-lsp-ide-0.5.3\\out\\server\\src\\server.js:2393:7383)\n    at F3.invoke (c:\\Users\\edu\\.vscode\\extensions\\uqbar.wollok-lsp-ide-0.5.3\\out\\server\\src\\server.js:3:157334)\n    at o.fire (c:\\Users\\edu\\.vscode\\extensions\\uqbar.wollok-lsp-ide-0.5.3\\out\\server\\src\\server.js:3:158104)\n    at c:\\Users\\edu\\.vscode\\extensions\\uqbar.wollok-lsp-ide-0.5.3\\out\\server\\src\\server.js:37:57871\n    at Zr (c:\\Users\\edu\\.vscode\\extensions\\uqbar.wollok-lsp-ide-0.5.3\\out\\server\\src\\server.js:8:1561)","timestamp":"2025-12-12T04:04:15.817Z"}
{"level":"error","message":"✘ Failed to rebuild document Failed to parse parciales/elLegadoDeSoliamMurr/asentamientos.wlk: \n-- PARSING FAILED --------------------------------------------------\n\n  3 | }\n  4 | \n> 5 | class Pueblos inher {\n    |               ^\n  6 |   \n  7 | }\n\nExpected one of the following: \n\n'inherits', '{', whitespace\n","stack":"Error: Failed to parse parciales/elLegadoDeSoliamMurr/asentamientos.wlk: \n-- PARSING FAILED --------------------------------------------------\n\n  3 | }\n  4 | \n> 5 | class Pueblos inher {\n    |               ^\n  6 |   \n  7 | }\n\nExpected one of the following: \n\n'inherits', '{', whitespace\n\n    at c:\\Users\\edu\\.vscode\\extensions\\uqbar.wollok-lsp-ide-0.5.3\\out\\server\\src\\server.js:2348:13026\n    at Array.map (<anonymous>)\n    at W1n (c:\\Users\\edu\\.vscode\\extensions\\uqbar.wollok-lsp-ide-0.5.3\\out\\server\\src\\server.js:2348:12950)\n    at U2.buildEnvironmentFrom (c:\\Users\\edu\\.vscode\\extensions\\uqbar.wollok-lsp-ide-0.5.3\\out\\server\\src\\server.js:2393:5254)\n    at U2.updateEnvironmentWith (c:\\Users\\edu\\.vscode\\extensions\\uqbar.wollok-lsp-ide-0.5.3\\out\\server\\src\\server.js:2393:4989)\n    at JF (c:\\Users\\edu\\.vscode\\extensions\\uqbar.wollok-lsp-ide-0.5.3\\out\\server\\src\\server.js:2393:7383)\n    at F3.invoke (c:\\Users\\edu\\.vscode\\extensions\\uqbar.wollok-lsp-ide-0.5.3\\out\\server\\src\\server.js:3:157334)\n    at o.fire (c:\\Users\\edu\\.vscode\\extensions\\uqbar.wollok-lsp-ide-0.5.3\\out\\server\\src\\server.js:3:158104)\n    at c:\\Users\\edu\\.vscode\\extensions\\uqbar.wollok-lsp-ide-0.5.3\\out\\server\\src\\server.js:37:57871\n    at Zr (c:\\Users\\edu\\.vscode\\extensions\\uqbar.wollok-lsp-ide-0.5.3\\out\\server\\src\\server.js:8:1561)","timestamp":"2025-12-12T04:04:15.953Z"}
{"level":"error","message":"✘ Failed to rebuild document Failed to parse parciales/elLegadoDeSoliamMurr/asentamientos.wlk: \n-- PARSING FAILED --------------------------------------------------\n\n  3 | }\n  4 | \n> 5 | class Pueblos inheri {\n    |               ^\n  6 |   \n  7 | }\n\nExpected one of the following: \n\n'inherits', '{', whitespace\n","stack":"Error: Failed to parse parciales/elLegadoDeSoliamMurr/asentamientos.wlk: \n-- PARSING FAILED --------------------------------------------------\n\n  3 | }\n  4 | \n> 5 | class Pueblos inheri {\n    |               ^\n  6 |   \n  7 | }\n\nExpected one of the following: \n\n'inherits', '{', whitespace\n\n    at c:\\Users\\edu\\.vscode\\extensions\\uqbar.wollok-lsp-ide-0.5.3\\out\\server\\src\\server.js:2348:13026\n    at Array.map (<anonymous>)\n    at W1n (c:\\Users\\edu\\.vscode\\extensions\\uqbar.wollok-lsp-ide-0.5.3\\out\\server\\src\\server.js:2348:12950)\n    at U2.buildEnvironmentFrom (c:\\Users\\edu\\.vscode\\extensions\\uqbar.wollok-lsp-ide-0.5.3\\out\\server\\src\\server.js:2393:5254)\n    at U2.updateEnvironmentWith (c:\\Users\\edu\\.vscode\\extensions\\uqbar.wollok-lsp-ide-0.5.3\\out\\server\\src\\server.js:2393:4989)\n    at JF (c:\\Users\\edu\\.vscode\\extensions\\uqbar.wollok-lsp-ide-0.5.3\\out\\server\\src\\server.js:2393:7383)\n    at F3.invoke (c:\\Users\\edu\\.vscode\\extensions\\uqbar.wollok-lsp-ide-0.5.3\\out\\server\\src\\server.js:3:157334)\n    at o.fire (c:\\Users\\edu\\.vscode\\extensions\\uqbar.wollok-lsp-ide-0.5.3\\out\\server\\src\\server.js:3:158104)\n    at c:\\Users\\edu\\.vscode\\extensions\\uqbar.wollok-lsp-ide-0.5.3\\out\\server\\src\\server.js:37:57871\n    at Zr (c:\\Users\\edu\\.vscode\\extensions\\uqbar.wollok-lsp-ide-0.5.3\\out\\server\\src\\server.js:8:1561)","timestamp":"2025-12-12T04:04:16.592Z"}
{"level":"error","message":"✘ Failed to rebuild document Failed to parse parciales/elLegadoDeSoliamMurr/asentamientos.wlk: \n-- PARSING FAILED --------------------------------------------------\n\n  3 | }\n  4 | \n> 5 | class Pueblos inherit {\n    |               ^\n  6 |   \n  7 | }\n\nExpected one of the following: \n\n'inherits', '{', whitespace\n","stack":"Error: Failed to parse parciales/elLegadoDeSoliamMurr/asentamientos.wlk: \n-- PARSING FAILED --------------------------------------------------\n\n  3 | }\n  4 | \n> 5 | class Pueblos inherit {\n    |               ^\n  6 |   \n  7 | }\n\nExpected one of the following: \n\n'inherits', '{', whitespace\n\n    at c:\\Users\\edu\\.vscode\\extensions\\uqbar.wollok-lsp-ide-0.5.3\\out\\server\\src\\server.js:2348:13026\n    at Array.map (<anonymous>)\n    at W1n (c:\\Users\\edu\\.vscode\\extensions\\uqbar.wollok-lsp-ide-0.5.3\\out\\server\\src\\server.js:2348:12950)\n    at U2.buildEnvironmentFrom (c:\\Users\\edu\\.vscode\\extensions\\uqbar.wollok-lsp-ide-0.5.3\\out\\server\\src\\server.js:2393:5254)\n    at U2.updateEnvironmentWith (c:\\Users\\edu\\.vscode\\extensions\\uqbar.wollok-lsp-ide-0.5.3\\out\\server\\src\\server.js:2393:4989)\n    at JF (c:\\Users\\edu\\.vscode\\extensions\\uqbar.wollok-lsp-ide-0.5.3\\out\\server\\src\\server.js:2393:7383)\n    at F3.invoke (c:\\Users\\edu\\.vscode\\extensions\\uqbar.wollok-lsp-ide-0.5.3\\out\\server\\src\\server.js:3:157334)\n    at o.fire (c:\\Users\\edu\\.vscode\\extensions\\uqbar.wollok-lsp-ide-0.5.3\\out\\server\\src\\server.js:3:158104)\n    at c:\\Users\\edu\\.vscode\\extensions\\uqbar.wollok-lsp-ide-0.5.3\\out\\server\\src\\server.js:37:57871\n    at Zr (c:\\Users\\edu\\.vscode\\extensions\\uqbar.wollok-lsp-ide-0.5.3\\out\\server\\src\\server.js:8:1561)","timestamp":"2025-12-12T04:04:16.709Z"}
{"level":"error","message":"✘ Failed to rebuild document Failed to parse parciales/elLegadoDeSoliamMurr/asentamientos.wlk: \n-- PARSING FAILED --------------------------------------------------\n\n  3 | }\n  4 | \n> 5 | class Pueblos inherits {\n    |                        ^\n  6 |   \n  7 | }\n\nExpected one of the following: \n\n'@', comment, identifier, package identifier, whitespace\n","stack":"Error: Failed to parse parciales/elLegadoDeSoliamMurr/asentamientos.wlk: \n-- PARSING FAILED --------------------------------------------------\n\n  3 | }\n  4 | \n> 5 | class Pueblos inherits {\n    |                        ^\n  6 |   \n  7 | }\n\nExpected one of the following: \n\n'@', comment, identifier, package identifier, whitespace\n\n    at c:\\Users\\edu\\.vscode\\extensions\\uqbar.wollok-lsp-ide-0.5.3\\out\\server\\src\\server.js:2348:13026\n    at Array.map (<anonymous>)\n    at W1n (c:\\Users\\edu\\.vscode\\extensions\\uqbar.wollok-lsp-ide-0.5.3\\out\\server\\src\\server.js:2348:12950)\n    at U2.buildEnvironmentFrom (c:\\Users\\edu\\.vscode\\extensions\\uqbar.wollok-lsp-ide-0.5.3\\out\\server\\src\\server.js:2393:5254)\n    at U2.updateEnvironmentWith (c:\\Users\\edu\\.vscode\\extensions\\uqbar.wollok-lsp-ide-0.5.3\\out\\server\\src\\server.js:2393:4989)\n    at JF (c:\\Users\\edu\\.vscode\\extensions\\uqbar.wollok-lsp-ide-0.5.3\\out\\server\\src\\server.js:2393:7383)\n    at F3.invoke (c:\\Users\\edu\\.vscode\\extensions\\uqbar.wollok-lsp-ide-0.5.3\\out\\server\\src\\server.js:3:157334)\n    at o.fire (c:\\Users\\edu\\.vscode\\extensions\\uqbar.wollok-lsp-ide-0.5.3\\out\\server\\src\\server.js:3:158104)\n    at c:\\Users\\edu\\.vscode\\extensions\\uqbar.wollok-lsp-ide-0.5.3\\out\\server\\src\\server.js:37:57871\n    at Zr (c:\\Users\\edu\\.vscode\\extensions\\uqbar.wollok-lsp-ide-0.5.3\\out\\server\\src\\server.js:8:1561)","timestamp":"2025-12-12T04:04:16.908Z"}
{"level":"error","message":"✘ Failed to rebuild document Failed to parse parciales/elLegadoDeSoliamMurr/asentamientos.wlk: \n-- PARSING FAILED --------------------------------------------------\n\n  3 | }\n  4 | \n> 5 | class Pueblos inherits  {\n    |                         ^\n  6 |   \n  7 | }\n\nExpected one of the following: \n\n'@', comment, identifier, package identifier, whitespace\n","stack":"Error: Failed to parse parciales/elLegadoDeSoliamMurr/asentamientos.wlk: \n-- PARSING FAILED --------------------------------------------------\n\n  3 | }\n  4 | \n> 5 | class Pueblos inherits  {\n    |                         ^\n  6 |   \n  7 | }\n\nExpected one of the following: \n\n'@', comment, identifier, package identifier, whitespace\n\n    at c:\\Users\\edu\\.vscode\\extensions\\uqbar.wollok-lsp-ide-0.5.3\\out\\server\\src\\server.js:2348:13026\n    at Array.map (<anonymous>)\n    at W1n (c:\\Users\\edu\\.vscode\\extensions\\uqbar.wollok-lsp-ide-0.5.3\\out\\server\\src\\server.js:2348:12950)\n    at U2.buildEnvironmentFrom (c:\\Users\\edu\\.vscode\\extensions\\uqbar.wollok-lsp-ide-0.5.3\\out\\server\\src\\server.js:2393:5254)\n    at U2.updateEnvironmentWith (c:\\Users\\edu\\.vscode\\extensions\\uqbar.wollok-lsp-ide-0.5.3\\out\\server\\src\\server.js:2393:4989)\n    at JF (c:\\Users\\edu\\.vscode\\extensions\\uqbar.wollok-lsp-ide-0.5.3\\out\\server\\src\\server.js:2393:7383)\n    at F3.invoke (c:\\Users\\edu\\.vscode\\extensions\\uqbar.wollok-lsp-ide-0.5.3\\out\\server\\src\\server.js:3:157334)\n    at o.fire (c:\\Users\\edu\\.vscode\\extensions\\uqbar.wollok-lsp-ide-0.5.3\\out\\server\\src\\server.js:3:158104)\n    at c:\\Users\\edu\\.vscode\\extensions\\uqbar.wollok-lsp-ide-0.5.3\\out\\server\\src\\server.js:37:57871\n    at Zr (c:\\Users\\edu\\.vscode\\extensions\\uqbar.wollok-lsp-ide-0.5.3\\out\\server\\src\\server.js:8:1561)","timestamp":"2025-12-12T04:04:17.051Z"}
{"level":"error","message":"✘ Completions for node ParameterizedType ([5:24, 5:25] - parciales/elLegadoDeSoliamMurr/asentamientos.wlk) failed: Error: [ParameterizedType]{8cedee} at parciales/elLegadoDeSoliamMurr/asentamientos.wlk:5 exhausted all cases without a match [ParameterizedType]{8cedee} at parciales/elLegadoDeSoliamMurr/asentamientos.wlk:5 exhausted all cases without a match","stack":"Error: [ParameterizedType]{8cedee} at parciales/elLegadoDeSoliamMurr/asentamientos.wlk:5 exhausted all cases without a match\n    at c:\\Users\\edu\\.vscode\\extensions\\uqbar.wollok-lsp-ide-0.5.3\\out\\server\\src\\server.js:38:6142\n    at D2 (c:\\Users\\edu\\.vscode\\extensions\\uqbar.wollok-lsp-ide-0.5.3\\out\\server\\src\\server.js:2384:42)\n    at Qh (c:\\Users\\edu\\.vscode\\extensions\\uqbar.wollok-lsp-ide-0.5.3\\out\\server\\src\\server.js:2384:1092)\n    at k6n (c:\\Users\\edu\\.vscode\\extensions\\uqbar.wollok-lsp-ide-0.5.3\\out\\server\\src\\server.js:2384:1248)\n    at c:\\Users\\edu\\.vscode\\extensions\\uqbar.wollok-lsp-ide-0.5.3\\out\\server\\src\\server.js:38:6131\n    at D2 (c:\\Users\\edu\\.vscode\\extensions\\uqbar.wollok-lsp-ide-0.5.3\\out\\server\\src\\server.js:2384:42)\n    at c:\\Users\\edu\\.vscode\\extensions\\uqbar.wollok-lsp-ide-0.5.3\\out\\server\\src\\server.js:2384:2988\n    at c:\\Users\\edu\\.vscode\\extensions\\uqbar.wollok-lsp-ide-0.5.3\\out\\server\\src\\server.js:2393:8440\n    at c:\\Users\\edu\\.vscode\\extensions\\uqbar.wollok-lsp-ide-0.5.3\\out\\server\\src\\server.js:37:74872\n    at Ye (c:\\Users\\edu\\.vscode\\extensions\\uqbar.wollok-lsp-ide-0.5.3\\out\\server\\src\\server.js:7:8527)","timestamp":"2025-12-12T04:04:18.166Z"}
{"level":"info","message":"⌛ Validating parciales/elLegadoDeSoliamMurr/asentamientos.wlk","timeElapsed":164,"timestamp":"2025-12-12T04:04:18.331Z"}
{"level":"error","message":"✘ Completions for node ParameterizedType ([5:24, 5:26] - parciales/elLegadoDeSoliamMurr/asentamientos.wlk) failed: Error: [ParameterizedType]{2753f7} at parciales/elLegadoDeSoliamMurr/asentamientos.wlk:5 exhausted all cases without a match [ParameterizedType]{2753f7} at parciales/elLegadoDeSoliamMurr/asentamientos.wlk:5 exhausted all cases without a match","stack":"Error: [ParameterizedType]{2753f7} at parciales/elLegadoDeSoliamMurr/asentamientos.wlk:5 exhausted all cases without a match\n    at c:\\Users\\edu\\.vscode\\extensions\\uqbar.wollok-lsp-ide-0.5.3\\out\\server\\src\\server.js:38:6142\n    at D2 (c:\\Users\\edu\\.vscode\\extensions\\uqbar.wollok-lsp-ide-0.5.3\\out\\server\\src\\server.js:2384:42)\n    at Qh (c:\\Users\\edu\\.vscode\\extensions\\uqbar.wollok-lsp-ide-0.5.3\\out\\server\\src\\server.js:2384:1092)\n    at k6n (c:\\Users\\edu\\.vscode\\extensions\\uqbar.wollok-lsp-ide-0.5.3\\out\\server\\src\\server.js:2384:1248)\n    at c:\\Users\\edu\\.vscode\\extensions\\uqbar.wollok-lsp-ide-0.5.3\\out\\server\\src\\server.js:38:6131\n    at D2 (c:\\Users\\edu\\.vscode\\extensions\\uqbar.wollok-lsp-ide-0.5.3\\out\\server\\src\\server.js:2384:42)\n    at c:\\Users\\edu\\.vscode\\extensions\\uqbar.wollok-lsp-ide-0.5.3\\out\\server\\src\\server.js:2384:2988\n    at c:\\Users\\edu\\.vscode\\extensions\\uqbar.wollok-lsp-ide-0.5.3\\out\\server\\src\\server.js:2393:8440\n    at c:\\Users\\edu\\.vscode\\extensions\\uqbar.wollok-lsp-ide-0.5.3\\out\\server\\src\\server.js:37:74872\n    at Ye (c:\\Users\\edu\\.vscode\\extensions\\uqbar.wollok-lsp-ide-0.5.3\\out\\server\\src\\server.js:7:8527)","timestamp":"2025-12-12T04:04:18.671Z"}
{"level":"info","message":"⌛ Validating parciales/elLegadoDeSoliamMurr/asentamientos.wlk","timeElapsed":129,"timestamp":"2025-12-12T04:04:18.801Z"}
{"level":"info","message":"⌛ Building environment","timeElapsed":112,"timestamp":"2025-12-12T04:04:18.914Z"}
{"level":"error","message":"✘ Completions for node ParameterizedType ([5:24, 5:27] - parciales/elLegadoDeSoliamMurr/asentamientos.wlk) failed: Error: [ParameterizedType]{ca6abd} at parciales/elLegadoDeSoliamMurr/asentamientos.wlk:5 exhausted all cases without a match [ParameterizedType]{ca6abd} at parciales/elLegadoDeSoliamMurr/asentamientos.wlk:5 exhausted all cases without a match","stack":"Error: [ParameterizedType]{ca6abd} at parciales/elLegadoDeSoliamMurr/asentamientos.wlk:5 exhausted all cases without a match\n    at c:\\Users\\edu\\.vscode\\extensions\\uqbar.wollok-lsp-ide-0.5.3\\out\\server\\src\\server.js:38:6142\n    at D2 (c:\\Users\\edu\\.vscode\\extensions\\uqbar.wollok-lsp-ide-0.5.3\\out\\server\\src\\server.js:2384:42)\n    at Qh (c:\\Users\\edu\\.vscode\\extensions\\uqbar.wollok-lsp-ide-0.5.3\\out\\server\\src\\server.js:2384:1092)\n    at k6n (c:\\Users\\edu\\.vscode\\extensions\\uqbar.wollok-lsp-ide-0.5.3\\out\\server\\src\\server.js:2384:1248)\n    at c:\\Users\\edu\\.vscode\\extensions\\uqbar.wollok-lsp-ide-0.5.3\\out\\server\\src\\server.js:38:6131\n    at D2 (c:\\Users\\edu\\.vscode\\extensions\\uqbar.wollok-lsp-ide-0.5.3\\out\\server\\src\\server.js:2384:42)\n    at c:\\Users\\edu\\.vscode\\extensions\\uqbar.wollok-lsp-ide-0.5.3\\out\\server\\src\\server.js:2384:2988\n    at c:\\Users\\edu\\.vscode\\extensions\\uqbar.wollok-lsp-ide-0.5.3\\out\\server\\src\\server.js:2393:8440\n    at c:\\Users\\edu\\.vscode\\extensions\\uqbar.wollok-lsp-ide-0.5.3\\out\\server\\src\\server.js:37:74872\n    at Ye (c:\\Users\\edu\\.vscode\\extensions\\uqbar.wollok-lsp-ide-0.5.3\\out\\server\\src\\server.js:7:8527)","timestamp":"2025-12-12T04:04:18.948Z"}
{"level":"info","message":"⌛ Validating parciales/elLegadoDeSoliamMurr/asentamientos.wlk","timeElapsed":139,"timestamp":"2025-12-12T04:04:19.175Z"}
{"level":"info","message":"⌛ Validating parciales/elLegadoDeSoliamMurr/asentamientos.wlk","timeElapsed":138,"timestamp":"2025-12-12T04:04:19.388Z"}
{"level":"error","message":"✘ Completions for node ParameterizedType ([5:24, 5:30] - parciales/elLegadoDeSoliamMurr/asentamientos.wlk) failed: Error: [ParameterizedType]{5d3853} at parciales/elLegadoDeSoliamMurr/asentamientos.wlk:5 exhausted all cases without a match [ParameterizedType]{5d3853} at parciales/elLegadoDeSoliamMurr/asentamientos.wlk:5 exhausted all cases without a match","stack":"Error: [ParameterizedType]{5d3853} at parciales/elLegadoDeSoliamMurr/asentamientos.wlk:5 exhausted all cases without a match\n    at c:\\Users\\edu\\.vscode\\extensions\\uqbar.wollok-lsp-ide-0.5.3\\out\\server\\src\\server.js:38:6142\n    at D2 (c:\\Users\\edu\\.vscode\\extensions\\uqbar.wollok-lsp-ide-0.5.3\\out\\server\\src\\server.js:2384:42)\n    at Qh (c:\\Users\\edu\\.vscode\\extensions\\uqbar.wollok-lsp-ide-0.5.3\\out\\server\\src\\server.js:2384:1092)\n    at k6n (c:\\Users\\edu\\.vscode\\extensions\\uqbar.wollok-lsp-ide-0.5.3\\out\\server\\src\\server.js:2384:1248)\n    at c:\\Users\\edu\\.vscode\\extensions\\uqbar.wollok-lsp-ide-0.5.3\\out\\server\\src\\server.js:38:6131\n    at D2 (c:\\Users\\edu\\.vscode\\extensions\\uqbar.wollok-lsp-ide-0.5.3\\out\\server\\src\\server.js:2384:42)\n    at c:\\Users\\edu\\.vscode\\extensions\\uqbar.wollok-lsp-ide-0.5.3\\out\\server\\src\\server.js:2384:2988\n    at c:\\Users\\edu\\.vscode\\extensions\\uqbar.wollok-lsp-ide-0.5.3\\out\\server\\src\\server.js:2393:8440\n    at c:\\Users\\edu\\.vscode\\extensions\\uqbar.wollok-lsp-ide-0.5.3\\out\\server\\src\\server.js:37:74872\n    at Ye (c:\\Users\\edu\\.vscode\\extensions\\uqbar.wollok-lsp-ide-0.5.3\\out\\server\\src\\server.js:7:8527)","timestamp":"2025-12-12T04:04:19.524Z"}
{"level":"info","message":"⌛ Validating parciales/elLegadoDeSoliamMurr/asentamientos.wlk","timeElapsed":154,"timestamp":"2025-12-12T04:04:19.688Z"}
{"level":"error","message":"✘ Completions for node ParameterizedType ([5:24, 5:29] - parciales/elLegadoDeSoliamMurr/asentamientos.wlk) failed: Error: [ParameterizedType]{771b4f} at parciales/elLegadoDeSoliamMurr/asentamientos.wlk:5 exhausted all cases without a match [ParameterizedType]{771b4f} at parciales/elLegadoDeSoliamMurr/asentamientos.wlk:5 exhausted all cases without a match","stack":"Error: [ParameterizedType]{771b4f} at parciales/elLegadoDeSoliamMurr/asentamientos.wlk:5 exhausted all cases without a match\n    at c:\\Users\\edu\\.vscode\\extensions\\uqbar.wollok-lsp-ide-0.5.3\\out\\server\\src\\server.js:38:6142\n    at D2 (c:\\Users\\edu\\.vscode\\extensions\\uqbar.wollok-lsp-ide-0.5.3\\out\\server\\src\\server.js:2384:42)\n    at Qh (c:\\Users\\edu\\.vscode\\extensions\\uqbar.wollok-lsp-ide-0.5.3\\out\\server\\src\\server.js:2384:1092)\n    at k6n (c:\\Users\\edu\\.vscode\\extensions\\uqbar.wollok-lsp-ide-0.5.3\\out\\server\\src\\server.js:2384:1248)\n    at c:\\Users\\edu\\.vscode\\extensions\\uqbar.wollok-lsp-ide-0.5.3\\out\\server\\src\\server.js:38:6131\n    at D2 (c:\\Users\\edu\\.vscode\\extensions\\uqbar.wollok-lsp-ide-0.5.3\\out\\server\\src\\server.js:2384:42)\n    at c:\\Users\\edu\\.vscode\\extensions\\uqbar.wollok-lsp-ide-0.5.3\\out\\server\\src\\server.js:2384:2988\n    at c:\\Users\\edu\\.vscode\\extensions\\uqbar.wollok-lsp-ide-0.5.3\\out\\server\\src\\server.js:2393:8440\n    at c:\\Users\\edu\\.vscode\\extensions\\uqbar.wollok-lsp-ide-0.5.3\\out\\server\\src\\server.js:37:74872\n    at Ye (c:\\Users\\edu\\.vscode\\extensions\\uqbar.wollok-lsp-ide-0.5.3\\out\\server\\src\\server.js:7:8527)","timestamp":"2025-12-12T04:04:19.816Z"}
{"level":"info","message":"⌛ Validating parciales/elLegadoDeSoliamMurr/asentamientos.wlk","timeElapsed":143,"timestamp":"2025-12-12T04:04:19.959Z"}
{"level":"error","message":"✘ Completions for node ParameterizedType ([5:24, 5:28] - parciales/elLegadoDeSoliamMurr/asentamientos.wlk) failed: Error: [ParameterizedType]{f44683} at parciales/elLegadoDeSoliamMurr/asentamientos.wlk:5 exhausted all cases without a match [ParameterizedType]{f44683} at parciales/elLegadoDeSoliamMurr/asentamientos.wlk:5 exhausted all cases without a match","stack":"Error: [ParameterizedType]{f44683} at parciales/elLegadoDeSoliamMurr/asentamientos.wlk:5 exhausted all cases without a match\n    at c:\\Users\\edu\\.vscode\\extensions\\uqbar.wollok-lsp-ide-0.5.3\\out\\server\\src\\server.js:38:6142\n    at D2 (c:\\Users\\edu\\.vscode\\extensions\\uqbar.wollok-lsp-ide-0.5.3\\out\\server\\src\\server.js:2384:42)\n    at Qh (c:\\Users\\edu\\.vscode\\extensions\\uqbar.wollok-lsp-ide-0.5.3\\out\\server\\src\\server.js:2384:1092)\n    at k6n (c:\\Users\\edu\\.vscode\\extensions\\uqbar.wollok-lsp-ide-0.5.3\\out\\server\\src\\server.js:2384:1248)\n    at c:\\Users\\edu\\.vscode\\extensions\\uqbar.wollok-lsp-ide-0.5.3\\out\\server\\src\\server.js:38:6131\n    at D2 (c:\\Users\\edu\\.vscode\\extensions\\uqbar.wollok-lsp-ide-0.5.3\\out\\server\\src\\server.js:2384:42)\n    at c:\\Users\\edu\\.vscode\\extensions\\uqbar.wollok-lsp-ide-0.5.3\\out\\server\\src\\server.js:2384:2988\n    at c:\\Users\\edu\\.vscode\\extensions\\uqbar.wollok-lsp-ide-0.5.3\\out\\server\\src\\server.js:2393:8440\n    at c:\\Users\\edu\\.vscode\\extensions\\uqbar.wollok-lsp-ide-0.5.3\\out\\server\\src\\server.js:37:74872\n    at Ye (c:\\Users\\edu\\.vscode\\extensions\\uqbar.wollok-lsp-ide-0.5.3\\out\\server\\src\\server.js:7:8527)","timestamp":"2025-12-12T04:04:20.084Z"}
{"level":"error","message":"✘ Completions for node ParameterizedType ([5:24, 5:27] - parciales/elLegadoDeSoliamMurr/asentamientos.wlk) failed: Error: [ParameterizedType]{a0122b} at parciales/elLegadoDeSoliamMurr/asentamientos.wlk:5 exhausted all cases without a match [ParameterizedType]{a0122b} at parciales/elLegadoDeSoliamMurr/asentamientos.wlk:5 exhausted all cases without a match","stack":"Error: [ParameterizedType]{a0122b} at parciales/elLegadoDeSoliamMurr/asentamientos.wlk:5 exhausted all cases without a match\n    at c:\\Users\\edu\\.vscode\\extensions\\uqbar.wollok-lsp-ide-0.5.3\\out\\server\\src\\server.js:38:6142\n    at D2 (c:\\Users\\edu\\.vscode\\extensions\\uqbar.wollok-lsp-ide-0.5.3\\out\\server\\src\\server.js:2384:42)\n    at Qh (c:\\Users\\edu\\.vscode\\extensions\\uqbar.wollok-lsp-ide-0.5.3\\out\\server\\src\\server.js:2384:1092)\n    at k6n (c:\\Users\\edu\\.vscode\\extensions\\uqbar.wollok-lsp-ide-0.5.3\\out\\server\\src\\server.js:2384:1248)\n    at c:\\Users\\edu\\.vscode\\extensions\\uqbar.wollok-lsp-ide-0.5.3\\out\\server\\src\\server.js:38:6131\n    at D2 (c:\\Users\\edu\\.vscode\\extensions\\uqbar.wollok-lsp-ide-0.5.3\\out\\server\\src\\server.js:2384:42)\n    at c:\\Users\\edu\\.vscode\\extensions\\uqbar.wollok-lsp-ide-0.5.3\\out\\server\\src\\server.js:2384:2988\n    at c:\\Users\\edu\\.vscode\\extensions\\uqbar.wollok-lsp-ide-0.5.3\\out\\server\\src\\server.js:2393:8440\n    at c:\\Users\\edu\\.vscode\\extensions\\uqbar.wollok-lsp-ide-0.5.3\\out\\server\\src\\server.js:37:74872\n    at Ye (c:\\Users\\edu\\.vscode\\extensions\\uqbar.wollok-lsp-ide-0.5.3\\out\\server\\src\\server.js:7:8527)","timestamp":"2025-12-12T04:04:20.211Z"}
{"level":"info","message":"⌛ Validating parciales/elLegadoDeSoliamMurr/asentamientos.wlk","timeElapsed":130,"timestamp":"2025-12-12T04:04:20.340Z"}
{"level":"error","message":"✘ Completions for node ParameterizedType ([5:24, 5:26] - parciales/elLegadoDeSoliamMurr/asentamientos.wlk) failed: Error: [ParameterizedType]{2b4c7e} at parciales/elLegadoDeSoliamMurr/asentamientos.wlk:5 exhausted all cases without a match [ParameterizedType]{2b4c7e} at parciales/elLegadoDeSoliamMurr/asentamientos.wlk:5 exhausted all cases without a match","stack":"Error: [ParameterizedType]{2b4c7e} at parciales/elLegadoDeSoliamMurr/asentamientos.wlk:5 exhausted all cases without a match\n    at c:\\Users\\edu\\.vscode\\extensions\\uqbar.wollok-lsp-ide-0.5.3\\out\\server\\src\\server.js:38:6142\n    at D2 (c:\\Users\\edu\\.vscode\\extensions\\uqbar.wollok-lsp-ide-0.5.3\\out\\server\\src\\server.js:2384:42)\n    at Qh (c:\\Users\\edu\\.vscode\\extensions\\uqbar.wollok-lsp-ide-0.5.3\\out\\server\\src\\server.js:2384:1092)\n    at k6n (c:\\Users\\edu\\.vscode\\extensions\\uqbar.wollok-lsp-ide-0.5.3\\out\\server\\src\\server.js:2384:1248)\n    at c:\\Users\\edu\\.vscode\\extensions\\uqbar.wollok-lsp-ide-0.5.3\\out\\server\\src\\server.js:38:6131\n    at D2 (c:\\Users\\edu\\.vscode\\extensions\\uqbar.wollok-lsp-ide-0.5.3\\out\\server\\src\\server.js:2384:42)\n    at c:\\Users\\edu\\.vscode\\extensions\\uqbar.wollok-lsp-ide-0.5.3\\out\\server\\src\\server.js:2384:2988\n    at c:\\Users\\edu\\.vscode\\extensions\\uqbar.wollok-lsp-ide-0.5.3\\out\\server\\src\\server.js:2393:8440\n    at c:\\Users\\edu\\.vscode\\extensions\\uqbar.wollok-lsp-ide-0.5.3\\out\\server\\src\\server.js:37:74872\n    at Ye (c:\\Users\\edu\\.vscode\\extensions\\uqbar.wollok-lsp-ide-0.5.3\\out\\server\\src\\server.js:7:8527)","timestamp":"2025-12-12T04:04:20.449Z"}
{"level":"error","message":"✘ Completions for node ParameterizedType ([5:24, 5:25] - parciales/elLegadoDeSoliamMurr/asentamientos.wlk) failed: Error: [ParameterizedType]{0746aa} at parciales/elLegadoDeSoliamMurr/asentamientos.wlk:5 exhausted all cases without a match [ParameterizedType]{0746aa} at parciales/elLegadoDeSoliamMurr/asentamientos.wlk:5 exhausted all cases without a match","stack":"Error: [ParameterizedType]{0746aa} at parciales/elLegadoDeSoliamMurr/asentamientos.wlk:5 exhausted all cases without a match\n    at c:\\Users\\edu\\.vscode\\extensions\\uqbar.wollok-lsp-ide-0.5.3\\out\\server\\src\\server.js:38:6142\n    at D2 (c:\\Users\\edu\\.vscode\\extensions\\uqbar.wollok-lsp-ide-0.5.3\\out\\server\\src\\server.js:2384:42)\n    at Qh (c:\\Users\\edu\\.vscode\\extensions\\uqbar.wollok-lsp-ide-0.5.3\\out\\server\\src\\server.js:2384:1092)\n    at k6n (c:\\Users\\edu\\.vscode\\extensions\\uqbar.wollok-lsp-ide-0.5.3\\out\\server\\src\\server.js:2384:1248)\n    at c:\\Users\\edu\\.vscode\\extensions\\uqbar.wollok-lsp-ide-0.5.3\\out\\server\\src\\server.js:38:6131\n    at D2 (c:\\Users\\edu\\.vscode\\extensions\\uqbar.wollok-lsp-ide-0.5.3\\out\\server\\src\\server.js:2384:42)\n    at c:\\Users\\edu\\.vscode\\extensions\\uqbar.wollok-lsp-ide-0.5.3\\out\\server\\src\\server.js:2384:2988\n    at c:\\Users\\edu\\.vscode\\extensions\\uqbar.wollok-lsp-ide-0.5.3\\out\\server\\src\\server.js:2393:8440\n    at c:\\Users\\edu\\.vscode\\extensions\\uqbar.wollok-lsp-ide-0.5.3\\out\\server\\src\\server.js:37:74872\n    at Ye (c:\\Users\\edu\\.vscode\\extensions\\uqbar.wollok-lsp-ide-0.5.3\\out\\server\\src\\server.js:7:8527)","timestamp":"2025-12-12T04:04:20.567Z"}
{"level":"info","message":"⌛ Building environment","timeElapsed":110,"timestamp":"2025-12-12T04:04:20.678Z"}
{"level":"info","message":"⌛ Validating parciales/elLegadoDeSoliamMurr/asentamientos.wlk","timeElapsed":134,"timestamp":"2025-12-12T04:04:20.812Z"}
{"level":"info","message":"⌛ Validating parciales/elLegadoDeSoliamMurr/asentamientos.wlk","timeElapsed":124,"timestamp":"2025-12-12T04:04:21.011Z"}
{"level":"info","message":"⌛ Building environment","timeElapsed":101,"timestamp":"2025-12-12T04:04:21.112Z"}
{"level":"info","message":"⌛ Validating parciales/elLegadoDeSoliamMurr/asentamientos.wlk","timeElapsed":124,"timestamp":"2025-12-12T04:04:21.316Z"}
{"level":"info","message":"⌛ Validating parciales/elLegadoDeSoliamMurr/asentamientos.wlk","timeElapsed":127,"timestamp":"2025-12-12T04:04:21.530Z"}
{"level":"info","message":"⌛ Validating parciales/elLegadoDeSoliamMurr/asentamientos.wlk","timeElapsed":121,"timestamp":"2025-12-12T04:04:21.651Z"}
{"level":"info","message":"⌛ Building environment","timeElapsed":117,"timestamp":"2025-12-12T04:04:21.769Z"}
{"level":"info","message":"⌛ Validating parciales/elLegadoDeSoliamMurr/asentamientos.wlk","timeElapsed":125,"timestamp":"2025-12-12T04:04:21.982Z"}
{"level":"info","message":"⌛ Validating parciales/elLegadoDeSoliamMurr/asentamientos.wlk","timeElapsed":126,"timestamp":"2025-12-12T04:04:22.265Z"}
{"level":"info","message":"⌛ Validating parciales/elLegadoDeSoliamMurr/asentamientos.wlk","timeElapsed":127,"timestamp":"2025-12-12T04:04:22.551Z"}
{"level":"info","message":"⌛ Validating parciales/elLegadoDeSoliamMurr/asentamientos.wlk","timeElapsed":122,"timestamp":"2025-12-12T04:04:22.673Z"}
{"level":"info","message":"⌛ Validating parciales/elLegadoDeSoliamMurr/asentamientos.wlk","timeElapsed":121,"timestamp":"2025-12-12T04:04:22.802Z"}
{"level":"info","message":"⌛ Validating parciales/elLegadoDeSoliamMurr/asentamientos.wlk","timeElapsed":115,"timestamp":"2025-12-12T04:04:22.918Z"}
{"level":"info","message":"⌛ Validating parciales/elLegadoDeSoliamMurr/asentamientos.wlk","timeElapsed":155,"timestamp":"2025-12-12T04:04:23.076Z"}
{"level":"info","message":"⌛ Validating parciales/elLegadoDeSoliamMurr/asentamientos.wlk","timeElapsed":119,"timestamp":"2025-12-12T04:04:23.195Z"}
{"level":"info","message":"⌛ Validating parciales/elLegadoDeSoliamMurr/asentamientos.wlk","timeElapsed":123,"timestamp":"2025-12-12T04:04:23.318Z"}
{"level":"info","message":"⌛ Validating parciales/elLegadoDeSoliamMurr/asentamientos.wlk","timeElapsed":120,"timestamp":"2025-12-12T04:04:23.441Z"}
{"level":"info","message":"⌛ Validating parciales/elLegadoDeSoliamMurr/asentamientos.wlk","timeElapsed":132,"timestamp":"2025-12-12T04:04:23.678Z"}
{"level":"info","message":"⌛ Building environment","timeElapsed":127,"timestamp":"2025-12-12T04:05:15.900Z"}
{"level":"info","message":"⌛ Validating parciales/elLegadoDeSoliamMurr/asentamientos.wlk","timeElapsed":146,"timestamp":"2025-12-12T04:05:16.087Z"}
{"level":"info","message":"⌛ Building environment","timeElapsed":117,"timestamp":"2025-12-12T04:05:18.076Z"}
{"level":"info","message":"⌛ Validating parciales/elLegadoDeSoliamMurr/asentamientos.wlk","timeElapsed":159,"timestamp":"2025-12-12T04:05:18.235Z"}
{"level":"info","message":"⌛ Validating parciales/elLegadoDeSoliamMurr/asentamientos.wlk","timeElapsed":122,"timestamp":"2025-12-12T04:05:18.555Z"}
{"level":"info","message":"⌛ Validating parciales/elLegadoDeSoliamMurr/asentamientos.wlk","timeElapsed":125,"timestamp":"2025-12-12T04:05:18.767Z"}
{"level":"info","message":"⌛ Validating parciales/elLegadoDeSoliamMurr/asentamientos.wlk","timeElapsed":120,"timestamp":"2025-12-12T04:05:18.960Z"}
{"level":"info","message":"⌛ Validating parciales/elLegadoDeSoliamMurr/asentamientos.wlk","timeElapsed":123,"timestamp":"2025-12-12T04:05:19.160Z"}
{"level":"info","message":"⌛ Validating parciales/elLegadoDeSoliamMurr/asentamientos.wlk","timeElapsed":115,"timestamp":"2025-12-12T04:05:19.431Z"}
{"level":"info","message":"⌛ Validating parciales/elLegadoDeSoliamMurr/asentamientos.wlk","timeElapsed":118,"timestamp":"2025-12-12T04:05:19.622Z"}
{"level":"info","message":"⌛ Validating parciales/elLegadoDeSoliamMurr/asentamientos.wlk","timeElapsed":120,"timestamp":"2025-12-12T04:05:19.742Z"}
{"level":"info","message":"⌛ Validating parciales/elLegadoDeSoliamMurr/asentamientos.wlk","timeElapsed":117,"timestamp":"2025-12-12T04:05:19.864Z"}
{"level":"info","message":"⌛ Building environment","timeElapsed":122,"timestamp":"2025-12-12T04:06:22.732Z"}
{"level":"info","message":"⌛ Validating parciales/elLegadoDeSoliamMurr/asentamientos.wlk","timeElapsed":187,"timestamp":"2025-12-12T04:06:22.920Z"}
{"level":"info","message":"⌛ Validating parciales/elLegadoDeSoliamMurr/asentamientos.wlk","timeElapsed":149,"timestamp":"2025-12-12T04:06:23.174Z"}
{"level":"info","message":"⌛ Validating parciales/elLegadoDeSoliamMurr/asentamientos.wlk","timeElapsed":131,"timestamp":"2025-12-12T04:06:24.105Z"}
{"level":"info","message":"⌛ Validating parciales/elLegadoDeSoliamMurr/asentamientos.wlk","timeElapsed":129,"timestamp":"2025-12-12T04:06:24.385Z"}
{"level":"info","message":"⌛ Validating parciales/elLegadoDeSoliamMurr/asentamientos.wlk","timeElapsed":111,"timestamp":"2025-12-12T04:06:24.496Z"}
{"level":"info","message":"⌛ Validating parciales/elLegadoDeSoliamMurr/asentamientos.wlk","timeElapsed":127,"timestamp":"2025-12-12T04:06:24.791Z"}
{"level":"info","message":"⌛ Validating parciales/elLegadoDeSoliamMurr/asentamientos.wlk","timeElapsed":153,"timestamp":"2025-12-12T04:06:25.014Z"}
{"level":"info","message":"⌛ Validating parciales/elLegadoDeSoliamMurr/asentamientos.wlk","timeElapsed":119,"timestamp":"2025-12-12T04:06:25.207Z"}
{"level":"info","message":"⌛ Validating parciales/elLegadoDeSoliamMurr/asentamientos.wlk","timeElapsed":147,"timestamp":"2025-12-12T04:06:25.747Z"}
{"level":"info","message":"⌛ Validating parciales/elLegadoDeSoliamMurr/asentamientos.wlk","timeElapsed":132,"timestamp":"2025-12-12T04:06:25.963Z"}
{"level":"info","message":"⌛ Validating parciales/elLegadoDeSoliamMurr/asentamientos.wlk","timeElapsed":117,"timestamp":"2025-12-12T04:06:26.085Z"}
{"level":"info","message":"⌛ Validating parciales/elLegadoDeSoliamMurr/asentamientos.wlk","timeElapsed":143,"timestamp":"2025-12-12T04:06:29.727Z"}
{"level":"info","message":"⌛ Building environment","timeElapsed":105,"timestamp":"2025-12-12T04:06:31.002Z"}
{"level":"info","message":"⌛ Validating parciales/elLegadoDeSoliamMurr/asentamientos.wlk","timeElapsed":165,"timestamp":"2025-12-12T04:06:31.215Z"}
{"level":"info","message":"⌛ Validating parciales/elLegadoDeSoliamMurr/asentamientos.wlk","timeElapsed":123,"timestamp":"2025-12-12T04:06:31.740Z"}
{"level":"info","message":"⌛ Validating parciales/elLegadoDeSoliamMurr/asentamientos.wlk","timeElapsed":123,"timestamp":"2025-12-12T04:06:31.966Z"}
{"level":"info","message":"⌛ Validating parciales/elLegadoDeSoliamMurr/asentamientos.wlk","timeElapsed":118,"timestamp":"2025-12-12T04:06:32.175Z"}
{"level":"info","message":"⌛ Validating parciales/elLegadoDeSoliamMurr/asentamientos.wlk","timeElapsed":122,"timestamp":"2025-12-12T04:06:32.391Z"}
{"level":"info","message":"⌛ Validating parciales/elLegadoDeSoliamMurr/asentamientos.wlk","timeElapsed":117,"timestamp":"2025-12-12T04:06:32.513Z"}
{"level":"info","message":"⌛ Validating parciales/elLegadoDeSoliamMurr/asentamientos.wlk","timeElapsed":120,"timestamp":"2025-12-12T04:06:32.739Z"}
{"level":"info","message":"⌛ Validating parciales/elLegadoDeSoliamMurr/asentamientos.wlk","timeElapsed":121,"timestamp":"2025-12-12T04:06:32.938Z"}
{"level":"info","message":"⌛ Validating parciales/elLegadoDeSoliamMurr/asentamientos.wlk","timeElapsed":136,"timestamp":"2025-12-12T04:06:33.229Z"}
{"level":"info","message":"⌛ Validating parciales/elLegadoDeSoliamMurr/asentamientos.wlk","timeElapsed":115,"timestamp":"2025-12-12T04:06:33.534Z"}
{"level":"info","message":"⌛ Validating parciales/elLegadoDeSoliamMurr/asentamientos.wlk","timeElapsed":125,"timestamp":"2025-12-12T04:06:33.660Z"}
{"level":"info","message":"⌛ Validating parciales/elLegadoDeSoliamMurr/asentamientos.wlk","timeElapsed":117,"timestamp":"2025-12-12T04:06:33.777Z"}
{"level":"info","message":"⌛ Validating parciales/elLegadoDeSoliamMurr/asentamientos.wlk","timeElapsed":124,"timestamp":"2025-12-12T04:06:34.145Z"}
{"level":"info","message":"⌛ Validating parciales/elLegadoDeSoliamMurr/asentamientos.wlk","timeElapsed":154,"timestamp":"2025-12-12T04:06:34.300Z"}
{"level":"info","message":"⌛ Validating parciales/elLegadoDeSoliamMurr/asentamientos.wlk","timeElapsed":116,"timestamp":"2025-12-12T04:06:34.423Z"}
{"level":"info","message":"⌛ Validating parciales/elLegadoDeSoliamMurr/asentamientos.wlk","timeElapsed":123,"timestamp":"2025-12-12T04:06:34.547Z"}
{"level":"info","message":"⌛ Building environment","timeElapsed":131,"timestamp":"2025-12-12T04:06:35.329Z"}
{"level":"info","message":"⌛ Validating parciales/elLegadoDeSoliamMurr/asentamientos.wlk","timeElapsed":153,"timestamp":"2025-12-12T04:06:35.491Z"}
{"level":"info","message":"⌛ Validating parciales/elLegadoDeSoliamMurr/asentamientos.wlk","timeElapsed":123,"timestamp":"2025-12-12T04:06:35.694Z"}
{"level":"info","message":"⌛ Validating parciales/elLegadoDeSoliamMurr/asentamientos.wlk","timeElapsed":145,"timestamp":"2025-12-12T04:06:46.944Z"}
{"level":"info","message":"⌛ Validating parciales/elLegadoDeSoliamMurr/asentamientos.wlk","timeElapsed":120,"timestamp":"2025-12-12T04:06:47.162Z"}
{"level":"info","message":"⌛ Building environment","timeElapsed":101,"timestamp":"2025-12-12T04:06:48.288Z"}
{"level":"info","message":"⌛ Validating parciales/elLegadoDeSoliamMurr/asentamientos.wlk","timeElapsed":142,"timestamp":"2025-12-12T04:06:48.563Z"}
{"level":"info","message":"⌛ Validating parciales/elLegadoDeSoliamMurr/asentamientos.wlk","timeElapsed":143,"timestamp":"2025-12-12T04:06:48.793Z"}
{"level":"info","message":"⌛ Validating parciales/elLegadoDeSoliamMurr/asentamientos.wlk","timeElapsed":133,"timestamp":"2025-12-12T04:06:48.932Z"}
{"level":"info","message":"⌛ Validating parciales/elLegadoDeSoliamMurr/asentamientos.wlk","timeElapsed":143,"timestamp":"2025-12-12T04:06:49.479Z"}
{"level":"info","message":"⌛ Validating parciales/elLegadoDeSoliamMurr/asentamientos.wlk","timeElapsed":151,"timestamp":"2025-12-12T04:06:50.206Z"}
{"level":"info","message":"⌛ Building environment","timeElapsed":101,"timestamp":"2025-12-12T04:06:50.307Z"}
{"level":"info","message":"⌛ Building environment","timeElapsed":115,"timestamp":"2025-12-12T04:06:50.646Z"}
{"level":"info","message":"⌛ Validating parciales/elLegadoDeSoliamMurr/asentamientos.wlk","timeElapsed":140,"timestamp":"2025-12-12T04:06:50.799Z"}
{"level":"info","message":"⌛ Validating parciales/elLegadoDeSoliamMurr/asentamientos.wlk","timeElapsed":138,"timestamp":"2025-12-12T04:06:50.938Z"}
{"level":"info","message":"⌛ Validating parciales/elLegadoDeSoliamMurr/asentamientos.wlk","timeElapsed":142,"timestamp":"2025-12-12T04:06:51.080Z"}
{"level":"info","message":"⌛ Validating parciales/elLegadoDeSoliamMurr/asentamientos.wlk","timeElapsed":140,"timestamp":"2025-12-12T04:06:51.227Z"}
{"level":"info","message":"⌛ Validating parciales/elLegadoDeSoliamMurr/asentamientos.wlk","timeElapsed":164,"timestamp":"2025-12-12T04:06:51.587Z"}
{"level":"info","message":"⌛ Validating parciales/elLegadoDeSoliamMurr/asentamientos.wlk","timeElapsed":119,"timestamp":"2025-12-12T04:06:51.778Z"}
{"level":"info","message":"⌛ Validating parciales/elLegadoDeSoliamMurr/asentamientos.wlk","timeElapsed":118,"timestamp":"2025-12-12T04:06:52.002Z"}
{"level":"info","message":"⌛ Validating parciales/elLegadoDeSoliamMurr/asentamientos.wlk","timeElapsed":121,"timestamp":"2025-12-12T04:06:52.280Z"}
{"level":"info","message":"⌛ Validating parciales/elLegadoDeSoliamMurr/asentamientos.wlk","timeElapsed":141,"timestamp":"2025-12-12T04:06:52.423Z"}
{"level":"info","message":"⌛ Validating parciales/elLegadoDeSoliamMurr/asentamientos.wlk","timeElapsed":122,"timestamp":"2025-12-12T04:06:52.551Z"}
{"level":"info","message":"⌛ Validating parciales/elLegadoDeSoliamMurr/asentamientos.wlk","timeElapsed":120,"timestamp":"2025-12-12T04:06:52.764Z"}
{"level":"info","message":"⌛ Building environment","timeElapsed":101,"timestamp":"2025-12-12T04:06:56.518Z"}
{"level":"info","message":"⌛ Validating parciales/elLegadoDeSoliamMurr/asentamientos.wlk","timeElapsed":153,"timestamp":"2025-12-12T04:06:56.672Z"}
{"level":"info","message":"⌛ Validating parciales/elLegadoDeSoliamMurr/asentamientos.wlk","timeElapsed":119,"timestamp":"2025-12-12T04:06:56.988Z"}
{"level":"info","message":"⌛ Validating parciales/elLegadoDeSoliamMurr/asentamientos.wlk","timeElapsed":115,"timestamp":"2025-12-12T04:06:57.299Z"}
{"level":"info","message":"⌛ Validating parciales/elLegadoDeSoliamMurr/asentamientos.wlk","timeElapsed":122,"timestamp":"2025-12-12T04:06:57.421Z"}
{"level":"info","message":"⌛ Validating parciales/elLegadoDeSoliamMurr/asentamientos.wlk","timeElapsed":120,"timestamp":"2025-12-12T04:06:57.546Z"}
{"level":"info","message":"⌛ Validating parciales/elLegadoDeSoliamMurr/asentamientos.wlk","timeElapsed":119,"timestamp":"2025-12-12T04:06:57.665Z"}
{"level":"info","message":"⌛ Validating parciales/elLegadoDeSoliamMurr/asentamientos.wlk","timeElapsed":148,"timestamp":"2025-12-12T04:06:58.110Z"}
{"level":"error","message":"✘ Completions for node Return ([7:5, 7:13] - parciales/elLegadoDeSoliamMurr/asentamientos.wlk) failed: Error: [Return]{1f35d7} at parciales/elLegadoDeSoliamMurr/asentamientos.wlk:7 exhausted all cases without a match [Return]{1f35d7} at parciales/elLegadoDeSoliamMurr/asentamientos.wlk:7 exhausted all cases without a match","stack":"Error: [Return]{1f35d7} at parciales/elLegadoDeSoliamMurr/asentamientos.wlk:7 exhausted all cases without a match\n    at c:\\Users\\edu\\.vscode\\extensions\\uqbar.wollok-lsp-ide-0.5.3\\out\\server\\src\\server.js:38:6142\n    at D2 (c:\\Users\\edu\\.vscode\\extensions\\uqbar.wollok-lsp-ide-0.5.3\\out\\server\\src\\server.js:2384:42)\n    at Qh (c:\\Users\\edu\\.vscode\\extensions\\uqbar.wollok-lsp-ide-0.5.3\\out\\server\\src\\server.js:2384:1092)\n    at k6n (c:\\Users\\edu\\.vscode\\extensions\\uqbar.wollok-lsp-ide-0.5.3\\out\\server\\src\\server.js:2384:1248)\n    at c:\\Users\\edu\\.vscode\\extensions\\uqbar.wollok-lsp-ide-0.5.3\\out\\server\\src\\server.js:38:6131\n    at D2 (c:\\Users\\edu\\.vscode\\extensions\\uqbar.wollok-lsp-ide-0.5.3\\out\\server\\src\\server.js:2384:42)\n    at c:\\Users\\edu\\.vscode\\extensions\\uqbar.wollok-lsp-ide-0.5.3\\out\\server\\src\\server.js:2384:2988\n    at c:\\Users\\edu\\.vscode\\extensions\\uqbar.wollok-lsp-ide-0.5.3\\out\\server\\src\\server.js:2393:8440\n    at c:\\Users\\edu\\.vscode\\extensions\\uqbar.wollok-lsp-ide-0.5.3\\out\\server\\src\\server.js:37:74872\n    at Ye (c:\\Users\\edu\\.vscode\\extensions\\uqbar.wollok-lsp-ide-0.5.3\\out\\server\\src\\server.js:7:8527)","timestamp":"2025-12-12T04:06:58.238Z"}
{"level":"info","message":"⌛ Building environment","timeElapsed":117,"timestamp":"2025-12-12T04:06:58.359Z"}
{"level":"info","message":"⌛ Validating parciales/elLegadoDeSoliamMurr/asentamientos.wlk","timeElapsed":148,"timestamp":"2025-12-12T04:06:58.597Z"}
{"level":"info","message":"⌛ Validating parciales/elLegadoDeSoliamMurr/asentamientos.wlk","timeElapsed":146,"timestamp":"2025-12-12T04:06:58.835Z"}
{"level":"info","message":"⌛ Validating parciales/elLegadoDeSoliamMurr/asentamientos.wlk","timeElapsed":144,"timestamp":"2025-12-12T04:06:58.979Z"}
{"level":"info","message":"⌛ Building environment","timeElapsed":135,"timestamp":"2025-12-12T04:06:59.115Z"}
{"level":"info","message":"⌛ Validating parciales/elLegadoDeSoliamMurr/asentamientos.wlk","timeElapsed":188,"timestamp":"2025-12-12T04:06:59.351Z"}
{"level":"info","message":"⌛ Building environment","timeElapsed":133,"timestamp":"2025-12-12T04:06:59.486Z"}
{"level":"info","message":"⌛ Building environment","timeElapsed":132,"timestamp":"2025-12-12T04:06:59.619Z"}
{"level":"info","message":"⌛ Validating parciales/elLegadoDeSoliamMurr/asentamientos.wlk","timeElapsed":124,"timestamp":"2025-12-12T04:06:59.832Z"}
{"level":"info","message":"⌛ Building environment","timeElapsed":130,"timestamp":"2025-12-12T04:06:59.964Z"}
{"level":"info","message":"⌛ Validating parciales/elLegadoDeSoliamMurr/asentamientos.wlk","timeElapsed":132,"timestamp":"2025-12-12T04:07:00.097Z"}
{"level":"info","message":"⌛ Validating parciales/elLegadoDeSoliamMurr/asentamientos.wlk","timeElapsed":125,"timestamp":"2025-12-12T04:07:00.230Z"}
{"level":"info","message":"⌛ Validating parciales/elLegadoDeSoliamMurr/asentamientos.wlk","timeElapsed":120,"timestamp":"2025-12-12T04:07:00.351Z"}
{"level":"info","message":"⌛ Validating parciales/elLegadoDeSoliamMurr/asentamientos.wlk","timeElapsed":119,"timestamp":"2025-12-12T04:07:00.470Z"}
{"level":"info","message":"⌛ Validating parciales/elLegadoDeSoliamMurr/asentamientos.wlk","timeElapsed":134,"timestamp":"2025-12-12T04:07:00.683Z"}
{"level":"info","message":"⌛ Validating parciales/elLegadoDeSoliamMurr/asentamientos.wlk","timeElapsed":131,"timestamp":"2025-12-12T04:07:03.099Z"}
{"level":"info","message":"⌛ Validating parciales/elLegadoDeSoliamMurr/asentamientos.wlk","timeElapsed":144,"timestamp":"2025-12-12T04:07:03.525Z"}
{"level":"info","message":"⌛ Validating parciales/elLegadoDeSoliamMurr/asentamientos.wlk","timeElapsed":143,"timestamp":"2025-12-12T04:07:03.808Z"}
{"level":"info","message":"⌛ Validating parciales/elLegadoDeSoliamMurr/asentamientos.wlk","timeElapsed":146,"timestamp":"2025-12-12T04:07:04.224Z"}
{"level":"info","message":"⌛ Building environment","timeElapsed":107,"timestamp":"2025-12-12T04:07:04.332Z"}
{"level":"info","message":"⌛ Validating parciales/elLegadoDeSoliamMurr/asentamientos.wlk","timeElapsed":128,"timestamp":"2025-12-12T04:07:04.468Z"}
{"level":"info","message":"⌛ Validating parciales/elLegadoDeSoliamMurr/asentamientos.wlk","timeElapsed":120,"timestamp":"2025-12-12T04:07:05.009Z"}
{"level":"info","message":"⌛ Validating parciales/elLegadoDeSoliamMurr/asentamientos.wlk","timeElapsed":121,"timestamp":"2025-12-12T04:07:05.205Z"}
{"level":"info","message":"⌛ Validating parciales/elLegadoDeSoliamMurr/asentamientos.wlk","timeElapsed":124,"timestamp":"2025-12-12T04:07:05.401Z"}
{"level":"info","message":"⌛ Validating parciales/elLegadoDeSoliamMurr/asentamientos.wlk","timeElapsed":141,"timestamp":"2025-12-12T04:07:11.214Z"}
{"level":"info","message":"⌛ Validating parciales/elLegadoDeSoliamMurr/asentamientos.wlk","timeElapsed":137,"timestamp":"2025-12-12T04:07:11.440Z"}
{"level":"info","message":"⌛ Validating parciales/elLegadoDeSoliamMurr/asentamientos.wlk","timeElapsed":141,"timestamp":"2025-12-12T04:07:13.382Z"}
{"level":"info","message":"⌛ Validating parciales/elLegadoDeSoliamMurr/asentamientos.wlk","timeElapsed":141,"timestamp":"2025-12-12T04:07:13.714Z"}
{"level":"info","message":"⌛ Validating parciales/elLegadoDeSoliamMurr/asentamientos.wlk","timeElapsed":137,"timestamp":"2025-12-12T04:07:13.851Z"}
{"level":"info","message":"⌛ Validating parciales/elLegadoDeSoliamMurr/asentamientos.wlk","timeElapsed":144,"timestamp":"2025-12-12T04:07:14.090Z"}
{"level":"info","message":"⌛ Building environment","timeElapsed":238,"timestamp":"2025-12-12T04:07:14.927Z"}
{"level":"info","message":"⌛ Validating parciales/elLegadoDeSoliamMurr/asentamientos.wlk","timeElapsed":146,"timestamp":"2025-12-12T04:07:15.084Z"}
{"level":"info","message":"⌛ Validating parciales/elLegadoDeSoliamMurr/asentamientos.wlk","timeElapsed":142,"timestamp":"2025-12-12T04:07:15.686Z"}
{"level":"info","message":"⌛ Building environment","timeElapsed":105,"timestamp":"2025-12-12T04:07:15.851Z"}
{"level":"info","message":"⌛ Validating parciales/elLegadoDeSoliamMurr/asentamientos.wlk","timeElapsed":150,"timestamp":"2025-12-12T04:07:16.001Z"}
{"level":"info","message":"⌛ Building environment","timeElapsed":113,"timestamp":"2025-12-12T04:07:16.121Z"}
{"level":"info","message":"⌛ Validating parciales/elLegadoDeSoliamMurr/asentamientos.wlk","timeElapsed":126,"timestamp":"2025-12-12T04:07:16.248Z"}
{"level":"info","message":"⌛ Validating parciales/elLegadoDeSoliamMurr/asentamientos.wlk","timeElapsed":153,"timestamp":"2025-12-12T04:07:16.630Z"}
{"level":"info","message":"⌛ Validating parciales/elLegadoDeSoliamMurr/asentamientos.wlk","timeElapsed":144,"timestamp":"2025-12-12T04:07:17.466Z"}
{"level":"info","message":"⌛ Validating parciales/elLegadoDeSoliamMurr/asentamientos.wlk","timeElapsed":143,"timestamp":"2025-12-12T04:07:17.893Z"}
{"level":"info","message":"⌛ Validating parciales/elLegadoDeSoliamMurr/asentamientos.wlk","timeElapsed":123,"timestamp":"2025-12-12T04:07:18.100Z"}
{"level":"info","message":"⌛ Validating parciales/elLegadoDeSoliamMurr/asentamientos.wlk","timeElapsed":117,"timestamp":"2025-12-12T04:07:18.433Z"}
{"level":"info","message":"⌛ Validating parciales/elLegadoDeSoliamMurr/asentamientos.wlk","timeElapsed":121,"timestamp":"2025-12-12T04:07:18.707Z"}
{"level":"info","message":"⌛ Validating parciales/elLegadoDeSoliamMurr/asentamientos.wlk","timeElapsed":123,"timestamp":"2025-12-12T04:07:18.984Z"}
{"level":"info","message":"⌛ Validating parciales/elLegadoDeSoliamMurr/asentamientos.wlk","timeElapsed":117,"timestamp":"2025-12-12T04:07:19.128Z"}
{"level":"info","message":"⌛ Validating parciales/elLegadoDeSoliamMurr/asentamientos.wlk","timeElapsed":123,"timestamp":"2025-12-12T04:07:19.252Z"}
{"level":"info","message":"⌛ Validating parciales/elLegadoDeSoliamMurr/asentamientos.wlk","timeElapsed":122,"timestamp":"2025-12-12T04:07:19.483Z"}
{"level":"info","message":"⌛ Validating parciales/elLegadoDeSoliamMurr/asentamientos.wlk","timeElapsed":116,"timestamp":"2025-12-12T04:07:19.599Z"}
{"level":"info","message":"⌛ Building environment","timeElapsed":148,"timestamp":"2025-12-12T04:07:19.848Z"}
{"level":"info","message":"⌛ Validating parciales/elLegadoDeSoliamMurr/asentamientos.wlk","timeElapsed":145,"timestamp":"2025-12-12T04:07:20.186Z"}
{"level":"info","message":"⌛ Validating parciales/elLegadoDeSoliamMurr/asentamientos.wlk","timeElapsed":128,"timestamp":"2025-12-12T04:07:20.771Z"}
{"level":"info","message":"⌛ Validating parciales/elLegadoDeSoliamMurr/asentamientos.wlk","timeElapsed":121,"timestamp":"2025-12-12T04:07:20.893Z"}
{"level":"info","message":"⌛ Validating parciales/elLegadoDeSoliamMurr/asentamientos.wlk","timeElapsed":117,"timestamp":"2025-12-12T04:07:21.011Z"}
{"level":"info","message":"⌛ Building environment","timeElapsed":106,"timestamp":"2025-12-12T04:07:21.118Z"}
{"level":"info","message":"⌛ Validating parciales/elLegadoDeSoliamMurr/asentamientos.wlk","timeElapsed":123,"timestamp":"2025-12-12T04:07:21.241Z"}
{"level":"info","message":"⌛ Validating parciales/elLegadoDeSoliamMurr/asentamientos.wlk","timeElapsed":119,"timestamp":"2025-12-12T04:07:21.435Z"}
{"level":"info","message":"⌛ Validating parciales/elLegadoDeSoliamMurr/asentamientos.wlk","timeElapsed":160,"timestamp":"2025-12-12T04:07:21.673Z"}
{"level":"info","message":"⌛ Validating parciales/elLegadoDeSoliamMurr/asentamientos.wlk","timeElapsed":125,"timestamp":"2025-12-12T04:07:21.871Z"}
{"level":"info","message":"⌛ Validating parciales/elLegadoDeSoliamMurr/asentamientos.wlk","timeElapsed":122,"timestamp":"2025-12-12T04:07:22.248Z"}
{"level":"info","message":"⌛ Validating parciales/elLegadoDeSoliamMurr/asentamientos.wlk","timeElapsed":118,"timestamp":"2025-12-12T04:07:22.443Z"}
{"level":"info","message":"⌛ Building environment","timeElapsed":153,"timestamp":"2025-12-12T04:07:22.597Z"}
{"level":"info","message":"⌛ Validating parciales/elLegadoDeSoliamMurr/asentamientos.wlk","timeElapsed":122,"timestamp":"2025-12-12T04:07:22.811Z"}
{"level":"info","message":"⌛ Validating parciales/elLegadoDeSoliamMurr/asentamientos.wlk","timeElapsed":119,"timestamp":"2025-12-12T04:07:23.007Z"}
{"level":"info","message":"⌛ Validating parciales/elLegadoDeSoliamMurr/asentamientos.wlk","timeElapsed":122,"timestamp":"2025-12-12T04:07:23.134Z"}
{"level":"info","message":"⌛ Validating parciales/elLegadoDeSoliamMurr/asentamientos.wlk","timeElapsed":111,"timestamp":"2025-12-12T04:07:23.244Z"}
{"level":"info","message":"⌛ Validating parciales/elLegadoDeSoliamMurr/asentamientos.wlk","timeElapsed":111,"timestamp":"2025-12-12T04:07:23.355Z"}
{"level":"info","message":"⌛ Validating parciales/elLegadoDeSoliamMurr/asentamientos.wlk","timeElapsed":121,"timestamp":"2025-12-12T04:07:23.477Z"}
{"level":"info","message":"⌛ Validating parciales/elLegadoDeSoliamMurr/asentamientos.wlk","timeElapsed":117,"timestamp":"2025-12-12T04:07:23.595Z"}
{"level":"info","message":"⌛ Validating parciales/elLegadoDeSoliamMurr/asentamientos.wlk","timeElapsed":117,"timestamp":"2025-12-12T04:07:23.711Z"}
{"level":"info","message":"⌛ Validating parciales/elLegadoDeSoliamMurr/asentamientos.wlk","timeElapsed":109,"timestamp":"2025-12-12T04:07:23.824Z"}
{"level":"info","message":"⌛ Building environment","timeElapsed":111,"timestamp":"2025-12-12T04:07:25.189Z"}
{"level":"info","message":"⌛ Validating parciales/elLegadoDeSoliamMurr/asentamientos.wlk","timeElapsed":153,"timestamp":"2025-12-12T04:07:25.391Z"}
{"level":"info","message":"⌛ Validating parciales/elLegadoDeSoliamMurr/asentamientos.wlk","timeElapsed":140,"timestamp":"2025-12-12T04:07:32.353Z"}
{"level":"info","message":"⌛ Validating parciales/elLegadoDeSoliamMurr/asentamientos.wlk","timeElapsed":187,"timestamp":"2025-12-12T04:07:34.755Z"}
{"level":"info","message":"⌛ Building environment","timeElapsed":103,"timestamp":"2025-12-12T04:07:34.858Z"}
{"level":"info","message":"⌛ Validating parciales/elLegadoDeSoliamMurr/asentamientos.wlk","timeElapsed":147,"timestamp":"2025-12-12T04:07:35.050Z"}
{"level":"info","message":"⌛ Building environment","timeElapsed":115,"timestamp":"2025-12-12T04:07:35.256Z"}
{"level":"info","message":"⌛ Validating parciales/elLegadoDeSoliamMurr/asentamientos.wlk","timeElapsed":122,"timestamp":"2025-12-12T04:07:35.378Z"}
{"level":"info","message":"⌛ Validating parciales/elLegadoDeSoliamMurr/asentamientos.wlk","timeElapsed":144,"timestamp":"2025-12-12T04:07:35.528Z"}
{"level":"info","message":"⌛ Validating parciales/elLegadoDeSoliamMurr/asentamientos.wlk","timeElapsed":118,"timestamp":"2025-12-12T04:07:35.645Z"}
{"level":"info","message":"⌛ Validating parciales/elLegadoDeSoliamMurr/asentamientos.wlk","timeElapsed":145,"timestamp":"2025-12-12T04:07:36.503Z"}
{"level":"info","message":"⌛ Validating parciales/elLegadoDeSoliamMurr/asentamientos.wlk","timeElapsed":145,"timestamp":"2025-12-12T04:07:36.842Z"}
{"level":"info","message":"⌛ Building environment","timeElapsed":116,"timestamp":"2025-12-12T04:07:36.958Z"}
{"level":"info","message":"⌛ Validating parciales/elLegadoDeSoliamMurr/asentamientos.wlk","timeElapsed":148,"timestamp":"2025-12-12T04:07:37.115Z"}
{"level":"error","message":"✘ Failed to rebuild document Failed to parse parciales/elLegadoDeSoliamMurr/asentamientos.wlk: \n-- PARSING FAILED --------------------------------------------------\n\n  11 | class Pueblos inherits Asentamiento {\n  12 |   \n> 13 |   override method () = \n     |                   ^\n  14 | }\n\nExpected one of the following: \n\n'!=', '!==', '%', '&&', '*', '**', '+', '-', '->', '..', '..<', '/', '<', '<<', '<<<', '<=', '<=>', '<>', '==', '===', '>', '>..', '>=', '>>', '>>>', '?:', 'and', 'invert', 'negate', 'or', 'plus', '||', identifier, whitespace\n","stack":"Error: Failed to parse parciales/elLegadoDeSoliamMurr/asentamientos.wlk: \n-- PARSING FAILED --------------------------------------------------\n\n  11 | class Pueblos inherits Asentamiento {\n  12 |   \n> 13 |   override method () = \n     |                   ^\n  14 | }\n\nExpected one of the following: \n\n'!=', '!==', '%', '&&', '*', '**', '+', '-', '->', '..', '..<', '/', '<', '<<', '<<<', '<=', '<=>', '<>', '==', '===', '>', '>..', '>=', '>>', '>>>', '?:', 'and', 'invert', 'negate', 'or', 'plus', '||', identifier, whitespace\n\n    at c:\\Users\\edu\\.vscode\\extensions\\uqbar.wollok-lsp-ide-0.5.3\\out\\server\\src\\server.js:2348:13026\n    at Array.map (<anonymous>)\n    at W1n (c:\\Users\\edu\\.vscode\\extensions\\uqbar.wollok-lsp-ide-0.5.3\\out\\server\\src\\server.js:2348:12950)\n    at U2.buildEnvironmentFrom (c:\\Users\\edu\\.vscode\\extensions\\uqbar.wollok-lsp-ide-0.5.3\\out\\server\\src\\server.js:2393:5254)\n    at U2.updateEnvironmentWith (c:\\Users\\edu\\.vscode\\extensions\\uqbar.wollok-lsp-ide-0.5.3\\out\\server\\src\\server.js:2393:4989)\n    at JF (c:\\Users\\edu\\.vscode\\extensions\\uqbar.wollok-lsp-ide-0.5.3\\out\\server\\src\\server.js:2393:7383)\n    at F3.invoke (c:\\Users\\edu\\.vscode\\extensions\\uqbar.wollok-lsp-ide-0.5.3\\out\\server\\src\\server.js:3:157334)\n    at o.fire (c:\\Users\\edu\\.vscode\\extensions\\uqbar.wollok-lsp-ide-0.5.3\\out\\server\\src\\server.js:3:158104)\n    at c:\\Users\\edu\\.vscode\\extensions\\uqbar.wollok-lsp-ide-0.5.3\\out\\server\\src\\server.js:37:57871\n    at Zr (c:\\Users\\edu\\.vscode\\extensions\\uqbar.wollok-lsp-ide-0.5.3\\out\\server\\src\\server.js:8:1561)","timestamp":"2025-12-12T04:07:37.117Z"}
{"level":"info","message":"⌛ Validating parciales/elLegadoDeSoliamMurr/asentamientos.wlk","timeElapsed":154,"timestamp":"2025-12-12T04:07:37.399Z"}
{"level":"info","message":"⌛ Validating parciales/elLegadoDeSoliamMurr/asentamientos.wlk","timeElapsed":142,"timestamp":"2025-12-12T04:07:37.729Z"}
{"level":"info","message":"⌛ Validating parciales/elLegadoDeSoliamMurr/asentamientos.wlk","timeElapsed":160,"timestamp":"2025-12-12T04:07:38.135Z"}
{"level":"info","message":"⌛ Validating parciales/elLegadoDeSoliamMurr/asentamientos.wlk","timeElapsed":132,"timestamp":"2025-12-12T04:07:38.268Z"}
{"level":"info","message":"⌛ Validating parciales/elLegadoDeSoliamMurr/asentamientos.wlk","timeElapsed":116,"timestamp":"2025-12-12T04:07:38.384Z"}
{"level":"info","message":"⌛ Validating parciales/elLegadoDeSoliamMurr/asentamientos.wlk","timeElapsed":114,"timestamp":"2025-12-12T04:07:38.579Z"}
{"level":"info","message":"⌛ Building environment","timeElapsed":151,"timestamp":"2025-12-12T04:07:38.808Z"}
{"level":"info","message":"⌛ Validating parciales/elLegadoDeSoliamMurr/asentamientos.wlk","timeElapsed":126,"timestamp":"2025-12-12T04:07:39.054Z"}
{"level":"info","message":"⌛ Validating parciales/elLegadoDeSoliamMurr/asentamientos.wlk","timeElapsed":121,"timestamp":"2025-12-12T04:07:39.251Z"}
{"level":"info","message":"⌛ Validating parciales/elLegadoDeSoliamMurr/asentamientos.wlk","timeElapsed":119,"timestamp":"2025-12-12T04:07:39.406Z"}
{"level":"info","message":"⌛ Validating parciales/elLegadoDeSoliamMurr/asentamientos.wlk","timeElapsed":128,"timestamp":"2025-12-12T04:07:39.536Z"}
{"level":"info","message":"⌛ Validating parciales/elLegadoDeSoliamMurr/asentamientos.wlk","timeElapsed":118,"timestamp":"2025-12-12T04:07:39.654Z"}
{"level":"info","message":"⌛ Building environment","timeElapsed":105,"timestamp":"2025-12-12T04:07:40.050Z"}
{"level":"info","message":"⌛ Validating parciales/elLegadoDeSoliamMurr/asentamientos.wlk","timeElapsed":116,"timestamp":"2025-12-12T04:07:40.167Z"}
{"level":"info","message":"⌛ Validating parciales/elLegadoDeSoliamMurr/asentamientos.wlk","timeElapsed":123,"timestamp":"2025-12-12T04:07:40.371Z"}
{"level":"info","message":"⌛ Validating parciales/elLegadoDeSoliamMurr/asentamientos.wlk","timeElapsed":124,"timestamp":"2025-12-12T04:07:40.495Z"}
{"level":"info","message":"⌛ Validating parciales/elLegadoDeSoliamMurr/asentamientos.wlk","timeElapsed":142,"timestamp":"2025-12-12T04:07:40.637Z"}
{"level":"info","message":"⌛ Validating parciales/elLegadoDeSoliamMurr/asentamientos.wlk","timeElapsed":125,"timestamp":"2025-12-12T04:07:40.769Z"}
{"level":"info","message":"⌛ Validating parciales/elLegadoDeSoliamMurr/asentamientos.wlk","timeElapsed":143,"timestamp":"2025-12-12T04:07:43.908Z"}
{"level":"info","message":"⌛ Validating parciales/elLegadoDeSoliamMurr/asentamientos.wlk","timeElapsed":143,"timestamp":"2025-12-12T04:07:44.654Z"}
{"level":"info","message":"⌛ Validating parciales/elLegadoDeSoliamMurr/asentamientos.wlk","timeElapsed":203,"timestamp":"2025-12-12T04:08:05.127Z"}
{"level":"info","message":"⌛ Validating parciales/elLegadoDeSoliamMurr/asentamientos.wlk","timeElapsed":145,"timestamp":"2025-12-12T04:08:05.366Z"}
{"level":"info","message":"⌛ Building environment","timeElapsed":136,"timestamp":"2025-12-12T04:08:06.018Z"}
{"level":"info","message":"⌛ Validating parciales/elLegadoDeSoliamMurr/asentamientos.wlk","timeElapsed":146,"timestamp":"2025-12-12T04:08:06.297Z"}
{"level":"info","message":"⌛ Validating parciales/elLegadoDeSoliamMurr/asentamientos.wlk","timeElapsed":125,"timestamp":"2025-12-12T04:08:06.617Z"}
{"level":"error","message":"✘ Failed to rebuild document Failed to parse parciales/elLegadoDeSoliamMurr/asentamientos.wlk: \n-- PARSING FAILED --------------------------------------------------\n\nGot the end of the input\n\nExpected one of the following: \n\nidentifier, whitespace\n","stack":"Error: Failed to parse parciales/elLegadoDeSoliamMurr/asentamientos.wlk: \n-- PARSING FAILED --------------------------------------------------\n\nGot the end of the input\n\nExpected one of the following: \n\nidentifier, whitespace\n\n    at c:\\Users\\edu\\.vscode\\extensions\\uqbar.wollok-lsp-ide-0.5.3\\out\\server\\src\\server.js:2348:13026\n    at Array.map (<anonymous>)\n    at W1n (c:\\Users\\edu\\.vscode\\extensions\\uqbar.wollok-lsp-ide-0.5.3\\out\\server\\src\\server.js:2348:12950)\n    at U2.buildEnvironmentFrom (c:\\Users\\edu\\.vscode\\extensions\\uqbar.wollok-lsp-ide-0.5.3\\out\\server\\src\\server.js:2393:5254)\n    at U2.updateEnvironmentWith (c:\\Users\\edu\\.vscode\\extensions\\uqbar.wollok-lsp-ide-0.5.3\\out\\server\\src\\server.js:2393:4989)\n    at JF (c:\\Users\\edu\\.vscode\\extensions\\uqbar.wollok-lsp-ide-0.5.3\\out\\server\\src\\server.js:2393:7383)\n    at F3.invoke (c:\\Users\\edu\\.vscode\\extensions\\uqbar.wollok-lsp-ide-0.5.3\\out\\server\\src\\server.js:3:157334)\n    at o.fire (c:\\Users\\edu\\.vscode\\extensions\\uqbar.wollok-lsp-ide-0.5.3\\out\\server\\src\\server.js:3:158104)\n    at c:\\Users\\edu\\.vscode\\extensions\\uqbar.wollok-lsp-ide-0.5.3\\out\\server\\src\\server.js:37:57871\n    at Zr (c:\\Users\\edu\\.vscode\\extensions\\uqbar.wollok-lsp-ide-0.5.3\\out\\server\\src\\server.js:8:1561)","timestamp":"2025-12-12T04:08:06.619Z"}
{"level":"info","message":"⌛ Validating parciales/elLegadoDeSoliamMurr/asentamientos.wlk","timeElapsed":118,"timestamp":"2025-12-12T04:08:06.738Z"}
{"level":"info","message":"⌛ Validating parciales/elLegadoDeSoliamMurr/asentamientos.wlk","timeElapsed":121,"timestamp":"2025-12-12T04:08:06.860Z"}
{"level":"info","message":"⌛ Validating parciales/elLegadoDeSoliamMurr/asentamientos.wlk","timeElapsed":122,"timestamp":"2025-12-12T04:08:07.060Z"}
{"level":"info","message":"⌛ Validating parciales/elLegadoDeSoliamMurr/asentamientos.wlk","timeElapsed":150,"timestamp":"2025-12-12T04:08:09.333Z"}
{"level":"info","message":"⌛ Validating parciales/elLegadoDeSoliamMurr/asentamientos.wlk","timeElapsed":151,"timestamp":"2025-12-12T04:08:09.485Z"}
{"level":"info","message":"⌛ Building environment","timeElapsed":105,"timestamp":"2025-12-12T04:08:09.853Z"}
{"level":"info","message":"⌛ Validating parciales/elLegadoDeSoliamMurr/asentamientos.wlk","timeElapsed":168,"timestamp":"2025-12-12T04:08:10.118Z"}
{"level":"info","message":"⌛ Validating parciales/elLegadoDeSoliamMurr/asentamientos.wlk","timeElapsed":145,"timestamp":"2025-12-12T04:08:10.265Z"}
{"level":"info","message":"⌛ Validating parciales/elLegadoDeSoliamMurr/asentamientos.wlk","timeElapsed":123,"timestamp":"2025-12-12T04:08:10.496Z"}
{"level":"info","message":"⌛ Validating parciales/elLegadoDeSoliamMurr/asentamientos.wlk","timeElapsed":123,"timestamp":"2025-12-12T04:08:10.696Z"}
{"level":"info","message":"⌛ Building environment","timeElapsed":103,"timestamp":"2025-12-12T04:08:10.956Z"}
{"level":"info","message":"⌛ Validating parciales/elLegadoDeSoliamMurr/asentamientos.wlk","timeElapsed":117,"timestamp":"2025-12-12T04:08:11.084Z"}
{"level":"error","message":"✘ Failed to rebuild document Failed to parse parciales/elLegadoDeSoliamMurr/asentamientos.wlk: \n-- PARSING FAILED --------------------------------------------------\n\n  14 | }\n  15 | \n> 16 | class  {\n     |        ^\n  17 |   \n  18 | }\n\nExpected one of the following: \n\nidentifier, whitespace\n","stack":"Error: Failed to parse parciales/elLegadoDeSoliamMurr/asentamientos.wlk: \n-- PARSING FAILED --------------------------------------------------\n\n  14 | }\n  15 | \n> 16 | class  {\n     |        ^\n  17 |   \n  18 | }\n\nExpected one of the following: \n\nidentifier, whitespace\n\n    at c:\\Users\\edu\\.vscode\\extensions\\uqbar.wollok-lsp-ide-0.5.3\\out\\server\\src\\server.js:2348:13026\n    at Array.map (<anonymous>)\n    at W1n (c:\\Users\\edu\\.vscode\\extensions\\uqbar.wollok-lsp-ide-0.5.3\\out\\server\\src\\server.js:2348:12950)\n    at U2.buildEnvironmentFrom (c:\\Users\\edu\\.vscode\\extensions\\uqbar.wollok-lsp-ide-0.5.3\\out\\server\\src\\server.js:2393:5254)\n    at U2.updateEnvironmentWith (c:\\Users\\edu\\.vscode\\extensions\\uqbar.wollok-lsp-ide-0.5.3\\out\\server\\src\\server.js:2393:4989)\n    at JF (c:\\Users\\edu\\.vscode\\extensions\\uqbar.wollok-lsp-ide-0.5.3\\out\\server\\src\\server.js:2393:7383)\n    at F3.invoke (c:\\Users\\edu\\.vscode\\extensions\\uqbar.wollok-lsp-ide-0.5.3\\out\\server\\src\\server.js:3:157334)\n    at o.fire (c:\\Users\\edu\\.vscode\\extensions\\uqbar.wollok-lsp-ide-0.5.3\\out\\server\\src\\server.js:3:158104)\n    at c:\\Users\\edu\\.vscode\\extensions\\uqbar.wollok-lsp-ide-0.5.3\\out\\server\\src\\server.js:37:57871\n    at Zr (c:\\Users\\edu\\.vscode\\extensions\\uqbar.wollok-lsp-ide-0.5.3\\out\\server\\src\\server.js:8:1561)","timestamp":"2025-12-12T04:08:11.086Z"}
{"level":"info","message":"⌛ Validating parciales/elLegadoDeSoliamMurr/asentamientos.wlk","timeElapsed":154,"timestamp":"2025-12-12T04:08:11.240Z"}
{"level":"info","message":"⌛ Validating parciales/elLegadoDeSoliamMurr/asentamientos.wlk","timeElapsed":121,"timestamp":"2025-12-12T04:08:11.367Z"}
{"level":"info","message":"⌛ Validating parciales/elLegadoDeSoliamMurr/asentamientos.wlk","timeElapsed":116,"timestamp":"2025-12-12T04:08:11.484Z"}
{"level":"info","message":"⌛ Validating parciales/elLegadoDeSoliamMurr/asentamientos.wlk","timeElapsed":126,"timestamp":"2025-12-12T04:08:11.713Z"}
{"level":"info","message":"⌛ Validating parciales/elLegadoDeSoliamMurr/asentamientos.wlk","timeElapsed":121,"timestamp":"2025-12-12T04:08:12.165Z"}
{"level":"info","message":"⌛ Validating parciales/elLegadoDeSoliamMurr/asentamientos.wlk","timeElapsed":120,"timestamp":"2025-12-12T04:08:12.357Z"}
{"level":"info","message":"⌛ Validating parciales/elLegadoDeSoliamMurr/asentamientos.wlk","timeElapsed":116,"timestamp":"2025-12-12T04:08:12.477Z"}
{"level":"info","message":"⌛ Validating parciales/elLegadoDeSoliamMurr/asentamientos.wlk","timeElapsed":114,"timestamp":"2025-12-12T04:08:12.591Z"}
{"level":"info","message":"⌛ Validating parciales/elLegadoDeSoliamMurr/asentamientos.wlk","timeElapsed":119,"timestamp":"2025-12-12T04:08:12.712Z"}
{"level":"info","message":"⌛ Validating parciales/elLegadoDeSoliamMurr/asentamientos.wlk","timeElapsed":112,"timestamp":"2025-12-12T04:08:12.825Z"}
{"level":"error","message":"✘ Failed to rebuild document Failed to parse parciales/elLegadoDeSoliamMurr/asentamientos.wlk: \n-- PARSING FAILED --------------------------------------------------\n\n  14 | }\n  15 | \n> 16 | class Ciudad i {\n     |              ^\n  17 |   \n  18 | }\n\nExpected one of the following: \n\n'inherits', '{', whitespace\n","stack":"Error: Failed to parse parciales/elLegadoDeSoliamMurr/asentamientos.wlk: \n-- PARSING FAILED --------------------------------------------------\n\n  14 | }\n  15 | \n> 16 | class Ciudad i {\n     |              ^\n  17 |   \n  18 | }\n\nExpected one of the following: \n\n'inherits', '{', whitespace\n\n    at c:\\Users\\edu\\.vscode\\extensions\\uqbar.wollok-lsp-ide-0.5.3\\out\\server\\src\\server.js:2348:13026\n    at Array.map (<anonymous>)\n    at W1n (c:\\Users\\edu\\.vscode\\extensions\\uqbar.wollok-lsp-ide-0.5.3\\out\\server\\src\\server.js:2348:12950)\n    at U2.buildEnvironmentFrom (c:\\Users\\edu\\.vscode\\extensions\\uqbar.wollok-lsp-ide-0.5.3\\out\\server\\src\\server.js:2393:5254)\n    at U2.updateEnvironmentWith (c:\\Users\\edu\\.vscode\\extensions\\uqbar.wollok-lsp-ide-0.5.3\\out\\server\\src\\server.js:2393:4989)\n    at JF (c:\\Users\\edu\\.vscode\\extensions\\uqbar.wollok-lsp-ide-0.5.3\\out\\server\\src\\server.js:2393:7383)\n    at F3.invoke (c:\\Users\\edu\\.vscode\\extensions\\uqbar.wollok-lsp-ide-0.5.3\\out\\server\\src\\server.js:3:157334)\n    at o.fire (c:\\Users\\edu\\.vscode\\extensions\\uqbar.wollok-lsp-ide-0.5.3\\out\\server\\src\\server.js:3:158104)\n    at c:\\Users\\edu\\.vscode\\extensions\\uqbar.wollok-lsp-ide-0.5.3\\out\\server\\src\\server.js:37:57871\n    at Zr (c:\\Users\\edu\\.vscode\\extensions\\uqbar.wollok-lsp-ide-0.5.3\\out\\server\\src\\server.js:8:1561)","timestamp":"2025-12-12T04:08:12.985Z"}
{"level":"error","message":"✘ Failed to rebuild document Failed to parse parciales/elLegadoDeSoliamMurr/asentamientos.wlk: \n-- PARSING FAILED --------------------------------------------------\n\n  14 | }\n  15 | \n> 16 | class Ciudad in {\n     |              ^\n  17 |   \n  18 | }\n\nExpected one of the following: \n\n'inherits', '{', whitespace\n","stack":"Error: Failed to parse parciales/elLegadoDeSoliamMurr/asentamientos.wlk: \n-- PARSING FAILED --------------------------------------------------\n\n  14 | }\n  15 | \n> 16 | class Ciudad in {\n     |              ^\n  17 |   \n  18 | }\n\nExpected one of the following: \n\n'inherits', '{', whitespace\n\n    at c:\\Users\\edu\\.vscode\\extensions\\uqbar.wollok-lsp-ide-0.5.3\\out\\server\\src\\server.js:2348:13026\n    at Array.map (<anonymous>)\n    at W1n (c:\\Users\\edu\\.vscode\\extensions\\uqbar.wollok-lsp-ide-0.5.3\\out\\server\\src\\server.js:2348:12950)\n    at U2.buildEnvironmentFrom (c:\\Users\\edu\\.vscode\\extensions\\uqbar.wollok-lsp-ide-0.5.3\\out\\server\\src\\server.js:2393:5254)\n    at U2.updateEnvironmentWith (c:\\Users\\edu\\.vscode\\extensions\\uqbar.wollok-lsp-ide-0.5.3\\out\\server\\src\\server.js:2393:4989)\n    at JF (c:\\Users\\edu\\.vscode\\extensions\\uqbar.wollok-lsp-ide-0.5.3\\out\\server\\src\\server.js:2393:7383)\n    at F3.invoke (c:\\Users\\edu\\.vscode\\extensions\\uqbar.wollok-lsp-ide-0.5.3\\out\\server\\src\\server.js:3:157334)\n    at o.fire (c:\\Users\\edu\\.vscode\\extensions\\uqbar.wollok-lsp-ide-0.5.3\\out\\server\\src\\server.js:3:158104)\n    at c:\\Users\\edu\\.vscode\\extensions\\uqbar.wollok-lsp-ide-0.5.3\\out\\server\\src\\server.js:37:57871\n    at Zr (c:\\Users\\edu\\.vscode\\extensions\\uqbar.wollok-lsp-ide-0.5.3\\out\\server\\src\\server.js:8:1561)","timestamp":"2025-12-12T04:08:13.013Z"}
{"level":"info","message":"⌛ Validating parciales/elLegadoDeSoliamMurr/asentamientos.wlk","timeElapsed":131,"timestamp":"2025-12-12T04:08:13.144Z"}
{"level":"error","message":"✘ Failed to rebuild document Failed to parse parciales/elLegadoDeSoliamMurr/asentamientos.wlk: \n-- PARSING FAILED --------------------------------------------------\n\n  14 | }\n  15 | \n> 16 | class Ciudad inh {\n     |              ^\n  17 |   \n  18 | }\n\nExpected one of the following: \n\n'inherits', '{', whitespace\n","stack":"Error: Failed to parse parciales/elLegadoDeSoliamMurr/asentamientos.wlk: \n-- PARSING FAILED --------------------------------------------------\n\n  14 | }\n  15 | \n> 16 | class Ciudad inh {\n     |              ^\n  17 |   \n  18 | }\n\nExpected one of the following: \n\n'inherits', '{', whitespace\n\n    at c:\\Users\\edu\\.vscode\\extensions\\uqbar.wollok-lsp-ide-0.5.3\\out\\server\\src\\server.js:2348:13026\n    at Array.map (<anonymous>)\n    at W1n (c:\\Users\\edu\\.vscode\\extensions\\uqbar.wollok-lsp-ide-0.5.3\\out\\server\\src\\server.js:2348:12950)\n    at U2.buildEnvironmentFrom (c:\\Users\\edu\\.vscode\\extensions\\uqbar.wollok-lsp-ide-0.5.3\\out\\server\\src\\server.js:2393:5254)\n    at U2.updateEnvironmentWith (c:\\Users\\edu\\.vscode\\extensions\\uqbar.wollok-lsp-ide-0.5.3\\out\\server\\src\\server.js:2393:4989)\n    at JF (c:\\Users\\edu\\.vscode\\extensions\\uqbar.wollok-lsp-ide-0.5.3\\out\\server\\src\\server.js:2393:7383)\n    at F3.invoke (c:\\Users\\edu\\.vscode\\extensions\\uqbar.wollok-lsp-ide-0.5.3\\out\\server\\src\\server.js:3:157334)\n    at o.fire (c:\\Users\\edu\\.vscode\\extensions\\uqbar.wollok-lsp-ide-0.5.3\\out\\server\\src\\server.js:3:158104)\n    at c:\\Users\\edu\\.vscode\\extensions\\uqbar.wollok-lsp-ide-0.5.3\\out\\server\\src\\server.js:37:57871\n    at Zr (c:\\Users\\edu\\.vscode\\extensions\\uqbar.wollok-lsp-ide-0.5.3\\out\\server\\src\\server.js:8:1561)","timestamp":"2025-12-12T04:08:13.145Z"}
{"level":"error","message":"✘ Failed to rebuild document Failed to parse parciales/elLegadoDeSoliamMurr/asentamientos.wlk: \n-- PARSING FAILED --------------------------------------------------\n\n  14 | }\n  15 | \n> 16 | class Ciudad inhe {\n     |              ^\n  17 |   \n  18 | }\n\nExpected one of the following: \n\n'inherits', '{', whitespace\n","stack":"Error: Failed to parse parciales/elLegadoDeSoliamMurr/asentamientos.wlk: \n-- PARSING FAILED --------------------------------------------------\n\n  14 | }\n  15 | \n> 16 | class Ciudad inhe {\n     |              ^\n  17 |   \n  18 | }\n\nExpected one of the following: \n\n'inherits', '{', whitespace\n\n    at c:\\Users\\edu\\.vscode\\extensions\\uqbar.wollok-lsp-ide-0.5.3\\out\\server\\src\\server.js:2348:13026\n    at Array.map (<anonymous>)\n    at W1n (c:\\Users\\edu\\.vscode\\extensions\\uqbar.wollok-lsp-ide-0.5.3\\out\\server\\src\\server.js:2348:12950)\n    at U2.buildEnvironmentFrom (c:\\Users\\edu\\.vscode\\extensions\\uqbar.wollok-lsp-ide-0.5.3\\out\\server\\src\\server.js:2393:5254)\n    at U2.updateEnvironmentWith (c:\\Users\\edu\\.vscode\\extensions\\uqbar.wollok-lsp-ide-0.5.3\\out\\server\\src\\server.js:2393:4989)\n    at JF (c:\\Users\\edu\\.vscode\\extensions\\uqbar.wollok-lsp-ide-0.5.3\\out\\server\\src\\server.js:2393:7383)\n    at F3.invoke (c:\\Users\\edu\\.vscode\\extensions\\uqbar.wollok-lsp-ide-0.5.3\\out\\server\\src\\server.js:3:157334)\n    at o.fire (c:\\Users\\edu\\.vscode\\extensions\\uqbar.wollok-lsp-ide-0.5.3\\out\\server\\src\\server.js:3:158104)\n    at c:\\Users\\edu\\.vscode\\extensions\\uqbar.wollok-lsp-ide-0.5.3\\out\\server\\src\\server.js:37:57871\n    at Zr (c:\\Users\\edu\\.vscode\\extensions\\uqbar.wollok-lsp-ide-0.5.3\\out\\server\\src\\server.js:8:1561)","timestamp":"2025-12-12T04:08:13.171Z"}
{"level":"error","message":"✘ Failed to rebuild document Failed to parse parciales/elLegadoDeSoliamMurr/asentamientos.wlk: \n-- PARSING FAILED --------------------------------------------------\n\n  14 | }\n  15 | \n> 16 | class Ciudad inher {\n     |              ^\n  17 |   \n  18 | }\n\nExpected one of the following: \n\n'inherits', '{', whitespace\n","stack":"Error: Failed to parse parciales/elLegadoDeSoliamMurr/asentamientos.wlk: \n-- PARSING FAILED --------------------------------------------------\n\n  14 | }\n  15 | \n> 16 | class Ciudad inher {\n     |              ^\n  17 |   \n  18 | }\n\nExpected one of the following: \n\n'inherits', '{', whitespace\n\n    at c:\\Users\\edu\\.vscode\\extensions\\uqbar.wollok-lsp-ide-0.5.3\\out\\server\\src\\server.js:2348:13026\n    at Array.map (<anonymous>)\n    at W1n (c:\\Users\\edu\\.vscode\\extensions\\uqbar.wollok-lsp-ide-0.5.3\\out\\server\\src\\server.js:2348:12950)\n    at U2.buildEnvironmentFrom (c:\\Users\\edu\\.vscode\\extensions\\uqbar.wollok-lsp-ide-0.5.3\\out\\server\\src\\server.js:2393:5254)\n    at U2.updateEnvironmentWith (c:\\Users\\edu\\.vscode\\extensions\\uqbar.wollok-lsp-ide-0.5.3\\out\\server\\src\\server.js:2393:4989)\n    at JF (c:\\Users\\edu\\.vscode\\extensions\\uqbar.wollok-lsp-ide-0.5.3\\out\\server\\src\\server.js:2393:7383)\n    at F3.invoke (c:\\Users\\edu\\.vscode\\extensions\\uqbar.wollok-lsp-ide-0.5.3\\out\\server\\src\\server.js:3:157334)\n    at o.fire (c:\\Users\\edu\\.vscode\\extensions\\uqbar.wollok-lsp-ide-0.5.3\\out\\server\\src\\server.js:3:158104)\n    at c:\\Users\\edu\\.vscode\\extensions\\uqbar.wollok-lsp-ide-0.5.3\\out\\server\\src\\server.js:37:57871\n    at Zr (c:\\Users\\edu\\.vscode\\extensions\\uqbar.wollok-lsp-ide-0.5.3\\out\\server\\src\\server.js:8:1561)","timestamp":"2025-12-12T04:08:13.235Z"}
{"level":"error","message":"✘ Failed to rebuild document Failed to parse parciales/elLegadoDeSoliamMurr/asentamientos.wlk: \n-- PARSING FAILED --------------------------------------------------\n\n  14 | }\n  15 | \n> 16 | class Ciudad inheri {\n     |              ^\n  17 |   \n  18 | }\n\nExpected one of the following: \n\n'inherits', '{', whitespace\n","stack":"Error: Failed to parse parciales/elLegadoDeSoliamMurr/asentamientos.wlk: \n-- PARSING FAILED --------------------------------------------------\n\n  14 | }\n  15 | \n> 16 | class Ciudad inheri {\n     |              ^\n  17 |   \n  18 | }\n\nExpected one of the following: \n\n'inherits', '{', whitespace\n\n    at c:\\Users\\edu\\.vscode\\extensions\\uqbar.wollok-lsp-ide-0.5.3\\out\\server\\src\\server.js:2348:13026\n    at Array.map (<anonymous>)\n    at W1n (c:\\Users\\edu\\.vscode\\extensions\\uqbar.wollok-lsp-ide-0.5.3\\out\\server\\src\\server.js:2348:12950)\n    at U2.buildEnvironmentFrom (c:\\Users\\edu\\.vscode\\extensions\\uqbar.wollok-lsp-ide-0.5.3\\out\\server\\src\\server.js:2393:5254)\n    at U2.updateEnvironmentWith (c:\\Users\\edu\\.vscode\\extensions\\uqbar.wollok-lsp-ide-0.5.3\\out\\server\\src\\server.js:2393:4989)\n    at JF (c:\\Users\\edu\\.vscode\\extensions\\uqbar.wollok-lsp-ide-0.5.3\\out\\server\\src\\server.js:2393:7383)\n    at F3.invoke (c:\\Users\\edu\\.vscode\\extensions\\uqbar.wollok-lsp-ide-0.5.3\\out\\server\\src\\server.js:3:157334)\n    at o.fire (c:\\Users\\edu\\.vscode\\extensions\\uqbar.wollok-lsp-ide-0.5.3\\out\\server\\src\\server.js:3:158104)\n    at c:\\Users\\edu\\.vscode\\extensions\\uqbar.wollok-lsp-ide-0.5.3\\out\\server\\src\\server.js:37:57871\n    at Zr (c:\\Users\\edu\\.vscode\\extensions\\uqbar.wollok-lsp-ide-0.5.3\\out\\server\\src\\server.js:8:1561)","timestamp":"2025-12-12T04:08:14.018Z"}
{"level":"error","message":"✘ Failed to rebuild document Failed to parse parciales/elLegadoDeSoliamMurr/asentamientos.wlk: \n-- PARSING FAILED --------------------------------------------------\n\n  14 | }\n  15 | \n> 16 | class Ciudad inherit {\n     |              ^\n  17 |   \n  18 | }\n\nExpected one of the following: \n\n'inherits', '{', whitespace\n","stack":"Error: Failed to parse parciales/elLegadoDeSoliamMurr/asentamientos.wlk: \n-- PARSING FAILED --------------------------------------------------\n\n  14 | }\n  15 | \n> 16 | class Ciudad inherit {\n     |              ^\n  17 |   \n  18 | }\n\nExpected one of the following: \n\n'inherits', '{', whitespace\n\n    at c:\\Users\\edu\\.vscode\\extensions\\uqbar.wollok-lsp-ide-0.5.3\\out\\server\\src\\server.js:2348:13026\n    at Array.map (<anonymous>)\n    at W1n (c:\\Users\\edu\\.vscode\\extensions\\uqbar.wollok-lsp-ide-0.5.3\\out\\server\\src\\server.js:2348:12950)\n    at U2.buildEnvironmentFrom (c:\\Users\\edu\\.vscode\\extensions\\uqbar.wollok-lsp-ide-0.5.3\\out\\server\\src\\server.js:2393:5254)\n    at U2.updateEnvironmentWith (c:\\Users\\edu\\.vscode\\extensions\\uqbar.wollok-lsp-ide-0.5.3\\out\\server\\src\\server.js:2393:4989)\n    at JF (c:\\Users\\edu\\.vscode\\extensions\\uqbar.wollok-lsp-ide-0.5.3\\out\\server\\src\\server.js:2393:7383)\n    at F3.invoke (c:\\Users\\edu\\.vscode\\extensions\\uqbar.wollok-lsp-ide-0.5.3\\out\\server\\src\\server.js:3:157334)\n    at o.fire (c:\\Users\\edu\\.vscode\\extensions\\uqbar.wollok-lsp-ide-0.5.3\\out\\server\\src\\server.js:3:158104)\n    at c:\\Users\\edu\\.vscode\\extensions\\uqbar.wollok-lsp-ide-0.5.3\\out\\server\\src\\server.js:37:57871\n    at Zr (c:\\Users\\edu\\.vscode\\extensions\\uqbar.wollok-lsp-ide-0.5.3\\out\\server\\src\\server.js:8:1561)","timestamp":"2025-12-12T04:08:14.092Z"}
{"level":"error","message":"✘ Failed to rebuild document Failed to parse parciales/elLegadoDeSoliamMurr/asentamientos.wlk: \n-- PARSING FAILED --------------------------------------------------\n\n  14 | }\n  15 | \n> 16 | class Ciudad inherits {\n     |                       ^\n  17 |   \n  18 | }\n\nExpected one of the following: \n\n'@', comment, identifier, package identifier, whitespace\n","stack":"Error: Failed to parse parciales/elLegadoDeSoliamMurr/asentamientos.wlk: \n-- PARSING FAILED --------------------------------------------------\n\n  14 | }\n  15 | \n> 16 | class Ciudad inherits {\n     |                       ^\n  17 |   \n  18 | }\n\nExpected one of the following: \n\n'@', comment, identifier, package identifier, whitespace\n\n    at c:\\Users\\edu\\.vscode\\extensions\\uqbar.wollok-lsp-ide-0.5.3\\out\\server\\src\\server.js:2348:13026\n    at Array.map (<anonymous>)\n    at W1n (c:\\Users\\edu\\.vscode\\extensions\\uqbar.wollok-lsp-ide-0.5.3\\out\\server\\src\\server.js:2348:12950)\n    at U2.buildEnvironmentFrom (c:\\Users\\edu\\.vscode\\extensions\\uqbar.wollok-lsp-ide-0.5.3\\out\\server\\src\\server.js:2393:5254)\n    at U2.updateEnvironmentWith (c:\\Users\\edu\\.vscode\\extensions\\uqbar.wollok-lsp-ide-0.5.3\\out\\server\\src\\server.js:2393:4989)\n    at JF (c:\\Users\\edu\\.vscode\\extensions\\uqbar.wollok-lsp-ide-0.5.3\\out\\server\\src\\server.js:2393:7383)\n    at F3.invoke (c:\\Users\\edu\\.vscode\\extensions\\uqbar.wollok-lsp-ide-0.5.3\\out\\server\\src\\server.js:3:157334)\n    at o.fire (c:\\Users\\edu\\.vscode\\extensions\\uqbar.wollok-lsp-ide-0.5.3\\out\\server\\src\\server.js:3:158104)\n    at c:\\Users\\edu\\.vscode\\extensions\\uqbar.wollok-lsp-ide-0.5.3\\out\\server\\src\\server.js:37:57871\n    at Zr (c:\\Users\\edu\\.vscode\\extensions\\uqbar.wollok-lsp-ide-0.5.3\\out\\server\\src\\server.js:8:1561)","timestamp":"2025-12-12T04:08:14.281Z"}
{"level":"error","message":"✘ Failed to rebuild document Failed to parse parciales/elLegadoDeSoliamMurr/asentamientos.wlk: \n-- PARSING FAILED --------------------------------------------------\n\n  14 | }\n  15 | \n> 16 | class Ciudad inherits  {\n     |                        ^\n  17 |   \n  18 | }\n\nExpected one of the following: \n\n'@', comment, identifier, package identifier, whitespace\n","stack":"Error: Failed to parse parciales/elLegadoDeSoliamMurr/asentamientos.wlk: \n-- PARSING FAILED --------------------------------------------------\n\n  14 | }\n  15 | \n> 16 | class Ciudad inherits  {\n     |                        ^\n  17 |   \n  18 | }\n\nExpected one of the following: \n\n'@', comment, identifier, package identifier, whitespace\n\n    at c:\\Users\\edu\\.vscode\\extensions\\uqbar.wollok-lsp-ide-0.5.3\\out\\server\\src\\server.js:2348:13026\n    at Array.map (<anonymous>)\n    at W1n (c:\\Users\\edu\\.vscode\\extensions\\uqbar.wollok-lsp-ide-0.5.3\\out\\server\\src\\server.js:2348:12950)\n    at U2.buildEnvironmentFrom (c:\\Users\\edu\\.vscode\\extensions\\uqbar.wollok-lsp-ide-0.5.3\\out\\server\\src\\server.js:2393:5254)\n    at U2.updateEnvironmentWith (c:\\Users\\edu\\.vscode\\extensions\\uqbar.wollok-lsp-ide-0.5.3\\out\\server\\src\\server.js:2393:4989)\n    at JF (c:\\Users\\edu\\.vscode\\extensions\\uqbar.wollok-lsp-ide-0.5.3\\out\\server\\src\\server.js:2393:7383)\n    at F3.invoke (c:\\Users\\edu\\.vscode\\extensions\\uqbar.wollok-lsp-ide-0.5.3\\out\\server\\src\\server.js:3:157334)\n    at o.fire (c:\\Users\\edu\\.vscode\\extensions\\uqbar.wollok-lsp-ide-0.5.3\\out\\server\\src\\server.js:3:158104)\n    at c:\\Users\\edu\\.vscode\\extensions\\uqbar.wollok-lsp-ide-0.5.3\\out\\server\\src\\server.js:37:57871\n    at Zr (c:\\Users\\edu\\.vscode\\extensions\\uqbar.wollok-lsp-ide-0.5.3\\out\\server\\src\\server.js:8:1561)","timestamp":"2025-12-12T04:08:15.044Z"}
{"level":"error","message":"✘ Completions for node ParameterizedType ([16:23, 16:24] - parciales/elLegadoDeSoliamMurr/asentamientos.wlk) failed: Error: [ParameterizedType]{021cab} at parciales/elLegadoDeSoliamMurr/asentamientos.wlk:16 exhausted all cases without a match [ParameterizedType]{021cab} at parciales/elLegadoDeSoliamMurr/asentamientos.wlk:16 exhausted all cases without a match","stack":"Error: [ParameterizedType]{021cab} at parciales/elLegadoDeSoliamMurr/asentamientos.wlk:16 exhausted all cases without a match\n    at c:\\Users\\edu\\.vscode\\extensions\\uqbar.wollok-lsp-ide-0.5.3\\out\\server\\src\\server.js:38:6142\n    at D2 (c:\\Users\\edu\\.vscode\\extensions\\uqbar.wollok-lsp-ide-0.5.3\\out\\server\\src\\server.js:2384:42)\n    at Qh (c:\\Users\\edu\\.vscode\\extensions\\uqbar.wollok-lsp-ide-0.5.3\\out\\server\\src\\server.js:2384:1092)\n    at k6n (c:\\Users\\edu\\.vscode\\extensions\\uqbar.wollok-lsp-ide-0.5.3\\out\\server\\src\\server.js:2384:1248)\n    at c:\\Users\\edu\\.vscode\\extensions\\uqbar.wollok-lsp-ide-0.5.3\\out\\server\\src\\server.js:38:6131\n    at D2 (c:\\Users\\edu\\.vscode\\extensions\\uqbar.wollok-lsp-ide-0.5.3\\out\\server\\src\\server.js:2384:42)\n    at c:\\Users\\edu\\.vscode\\extensions\\uqbar.wollok-lsp-ide-0.5.3\\out\\server\\src\\server.js:2384:2988\n    at c:\\Users\\edu\\.vscode\\extensions\\uqbar.wollok-lsp-ide-0.5.3\\out\\server\\src\\server.js:2393:8440\n    at c:\\Users\\edu\\.vscode\\extensions\\uqbar.wollok-lsp-ide-0.5.3\\out\\server\\src\\server.js:37:74872\n    at Ye (c:\\Users\\edu\\.vscode\\extensions\\uqbar.wollok-lsp-ide-0.5.3\\out\\server\\src\\server.js:7:8527)","timestamp":"2025-12-12T04:08:16.004Z"}
{"level":"info","message":"⌛ Validating parciales/elLegadoDeSoliamMurr/asentamientos.wlk","timeElapsed":114,"timestamp":"2025-12-12T04:08:16.119Z"}
{"level":"info","message":"⌛ Building environment","timeElapsed":103,"timestamp":"2025-12-12T04:08:16.744Z"}
{"level":"info","message":"⌛ Validating parciales/elLegadoDeSoliamMurr/asentamientos.wlk","timeElapsed":159,"timestamp":"2025-12-12T04:08:16.904Z"}
{"level":"info","message":"⌛ Validating parciales/elLegadoDeSoliamMurr/asentamientos.wlk","timeElapsed":152,"timestamp":"2025-12-12T04:08:17.148Z"}
{"level":"info","message":"⌛ Building environment","timeElapsed":113,"timestamp":"2025-12-12T04:08:17.977Z"}
{"level":"info","message":"⌛ Validating parciales/elLegadoDeSoliamMurr/asentamientos.wlk","timeElapsed":118,"timestamp":"2025-12-12T04:08:18.105Z"}
{"level":"info","message":"⌛ Building environment","timeElapsed":103,"timestamp":"2025-12-12T04:08:18.395Z"}
{"level":"info","message":"⌛ Validating parciales/elLegadoDeSoliamMurr/asentamientos.wlk","timeElapsed":149,"timestamp":"2025-12-12T04:08:18.551Z"}
{"level":"error","message":"✘ Completions for node ParameterizedType ([16:23, 16:29] - parciales/elLegadoDeSoliamMurr/asentamientos.wlk) failed: Error: [ParameterizedType]{1c16a9} at parciales/elLegadoDeSoliamMurr/asentamientos.wlk:16 exhausted all cases without a match [ParameterizedType]{1c16a9} at parciales/elLegadoDeSoliamMurr/asentamientos.wlk:16 exhausted all cases without a match","stack":"Error: [ParameterizedType]{1c16a9} at parciales/elLegadoDeSoliamMurr/asentamientos.wlk:16 exhausted all cases without a match\n    at c:\\Users\\edu\\.vscode\\extensions\\uqbar.wollok-lsp-ide-0.5.3\\out\\server\\src\\server.js:38:6142\n    at D2 (c:\\Users\\edu\\.vscode\\extensions\\uqbar.wollok-lsp-ide-0.5.3\\out\\server\\src\\server.js:2384:42)\n    at Qh (c:\\Users\\edu\\.vscode\\extensions\\uqbar.wollok-lsp-ide-0.5.3\\out\\server\\src\\server.js:2384:1092)\n    at k6n (c:\\Users\\edu\\.vscode\\extensions\\uqbar.wollok-lsp-ide-0.5.3\\out\\server\\src\\server.js:2384:1248)\n    at c:\\Users\\edu\\.vscode\\extensions\\uqbar.wollok-lsp-ide-0.5.3\\out\\server\\src\\server.js:38:6131\n    at D2 (c:\\Users\\edu\\.vscode\\extensions\\uqbar.wollok-lsp-ide-0.5.3\\out\\server\\src\\server.js:2384:42)\n    at c:\\Users\\edu\\.vscode\\extensions\\uqbar.wollok-lsp-ide-0.5.3\\out\\server\\src\\server.js:2384:2988\n    at c:\\Users\\edu\\.vscode\\extensions\\uqbar.wollok-lsp-ide-0.5.3\\out\\server\\src\\server.js:2393:8440\n    at c:\\Users\\edu\\.vscode\\extensions\\uqbar.wollok-lsp-ide-0.5.3\\out\\server\\src\\server.js:37:74872\n    at Ye (c:\\Users\\edu\\.vscode\\extensions\\uqbar.wollok-lsp-ide-0.5.3\\out\\server\\src\\server.js:7:8527)","timestamp":"2025-12-12T04:08:18.675Z"}
{"level":"info","message":"⌛ Validating parciales/elLegadoDeSoliamMurr/asentamientos.wlk","timeElapsed":141,"timestamp":"2025-12-12T04:08:18.816Z"}
{"level":"error","message":"✘ Completions for node ParameterizedType ([16:23, 16:30] - parciales/elLegadoDeSoliamMurr/asentamientos.wlk) failed: Error: [ParameterizedType]{85a313} at parciales/elLegadoDeSoliamMurr/asentamientos.wlk:16 exhausted all cases without a match [ParameterizedType]{85a313} at parciales/elLegadoDeSoliamMurr/asentamientos.wlk:16 exhausted all cases without a match","stack":"Error: [ParameterizedType]{85a313} at parciales/elLegadoDeSoliamMurr/asentamientos.wlk:16 exhausted all cases without a match\n    at c:\\Users\\edu\\.vscode\\extensions\\uqbar.wollok-lsp-ide-0.5.3\\out\\server\\src\\server.js:38:6142\n    at D2 (c:\\Users\\edu\\.vscode\\extensions\\uqbar.wollok-lsp-ide-0.5.3\\out\\server\\src\\server.js:2384:42)\n    at Qh (c:\\Users\\edu\\.vscode\\extensions\\uqbar.wollok-lsp-ide-0.5.3\\out\\server\\src\\server.js:2384:1092)\n    at k6n (c:\\Users\\edu\\.vscode\\extensions\\uqbar.wollok-lsp-ide-0.5.3\\out\\server\\src\\server.js:2384:1248)\n    at c:\\Users\\edu\\.vscode\\extensions\\uqbar.wollok-lsp-ide-0.5.3\\out\\server\\src\\server.js:38:6131\n    at D2 (c:\\Users\\edu\\.vscode\\extensions\\uqbar.wollok-lsp-ide-0.5.3\\out\\server\\src\\server.js:2384:42)\n    at c:\\Users\\edu\\.vscode\\extensions\\uqbar.wollok-lsp-ide-0.5.3\\out\\server\\src\\server.js:2384:2988\n    at c:\\Users\\edu\\.vscode\\extensions\\uqbar.wollok-lsp-ide-0.5.3\\out\\server\\src\\server.js:2393:8440\n    at c:\\Users\\edu\\.vscode\\extensions\\uqbar.wollok-lsp-ide-0.5.3\\out\\server\\src\\server.js:37:74872\n    at Ye (c:\\Users\\edu\\.vscode\\extensions\\uqbar.wollok-lsp-ide-0.5.3\\out\\server\\src\\server.js:7:8527)","timestamp":"2025-12-12T04:08:20.074Z"}
{"level":"info","message":"⌛ Validating parciales/elLegadoDeSoliamMurr/asentamientos.wlk","timeElapsed":147,"timestamp":"2025-12-12T04:08:20.222Z"}
{"level":"info","message":"⌛ Building environment","timeElapsed":128,"timestamp":"2025-12-12T04:08:20.444Z"}
{"level":"error","message":"✘ Completions for node ParameterizedType ([16:23, 16:32] - parciales/elLegadoDeSoliamMurr/asentamientos.wlk) failed: Error: [ParameterizedType]{36dc0b} at parciales/elLegadoDeSoliamMurr/asentamientos.wlk:16 exhausted all cases without a match [ParameterizedType]{36dc0b} at parciales/elLegadoDeSoliamMurr/asentamientos.wlk:16 exhausted all cases without a match","stack":"Error: [ParameterizedType]{36dc0b} at parciales/elLegadoDeSoliamMurr/asentamientos.wlk:16 exhausted all cases without a match\n    at c:\\Users\\edu\\.vscode\\extensions\\uqbar.wollok-lsp-ide-0.5.3\\out\\server\\src\\server.js:38:6142\n    at D2 (c:\\Users\\edu\\.vscode\\extensions\\uqbar.wollok-lsp-ide-0.5.3\\out\\server\\src\\server.js:2384:42)\n    at Qh (c:\\Users\\edu\\.vscode\\extensions\\uqbar.wollok-lsp-ide-0.5.3\\out\\server\\src\\server.js:2384:1092)\n    at k6n (c:\\Users\\edu\\.vscode\\extensions\\uqbar.wollok-lsp-ide-0.5.3\\out\\server\\src\\server.js:2384:1248)\n    at c:\\Users\\edu\\.vscode\\extensions\\uqbar.wollok-lsp-ide-0.5.3\\out\\server\\src\\server.js:38:6131\n    at D2 (c:\\Users\\edu\\.vscode\\extensions\\uqbar.wollok-lsp-ide-0.5.3\\out\\server\\src\\server.js:2384:42)\n    at c:\\Users\\edu\\.vscode\\extensions\\uqbar.wollok-lsp-ide-0.5.3\\out\\server\\src\\server.js:2384:2988\n    at c:\\Users\\edu\\.vscode\\extensions\\uqbar.wollok-lsp-ide-0.5.3\\out\\server\\src\\server.js:2393:8440\n    at c:\\Users\\edu\\.vscode\\extensions\\uqbar.wollok-lsp-ide-0.5.3\\out\\server\\src\\server.js:37:74872\n    at Ye (c:\\Users\\edu\\.vscode\\extensions\\uqbar.wollok-lsp-ide-0.5.3\\out\\server\\src\\server.js:7:8527)","timestamp":"2025-12-12T04:08:20.483Z"}
{"level":"info","message":"⌛ Validating parciales/elLegadoDeSoliamMurr/asentamientos.wlk","timeElapsed":133,"timestamp":"2025-12-12T04:08:20.709Z"}
{"level":"info","message":"⌛ Validating parciales/elLegadoDeSoliamMurr/asentamientos.wlk","timeElapsed":113,"timestamp":"2025-12-12T04:08:20.895Z"}
{"level":"info","message":"⌛ Validating parciales/elLegadoDeSoliamMurr/asentamientos.wlk","timeElapsed":121,"timestamp":"2025-12-12T04:08:21.095Z"}
{"level":"info","message":"⌛ Validating parciales/elLegadoDeSoliamMurr/asentamientos.wlk","timeElapsed":110,"timestamp":"2025-12-12T04:08:21.212Z"}
{"level":"info","message":"⌛ Validating parciales/elLegadoDeSoliamMurr/asentamientos.wlk","timeElapsed":118,"timestamp":"2025-12-12T04:08:21.331Z"}
{"level":"info","message":"⌛ Validating parciales/elLegadoDeSoliamMurr/asentamientos.wlk","timeElapsed":123,"timestamp":"2025-12-12T04:08:44.825Z"}
{"level":"error","message":"✘ Failed to rebuild document Failed to parse parciales/elLegadoDeSoliamMurr/asentamientos.wlk: \n-- PARSING FAILED --------------------------------------------------\n\n  16 | class Ciudad inherits Asentamiento {\n  17 |   var\n> 18 | }\n     | ^\n\nExpected one of the following: \n\n'property', identifier, whitespace\n","stack":"Error: Failed to parse parciales/elLegadoDeSoliamMurr/asentamientos.wlk: \n-- PARSING FAILED --------------------------------------------------\n\n  16 | class Ciudad inherits Asentamiento {\n  17 |   var\n> 18 | }\n     | ^\n\nExpected one of the following: \n\n'property', identifier, whitespace\n\n    at c:\\Users\\edu\\.vscode\\extensions\\uqbar.wollok-lsp-ide-0.5.3\\out\\server\\src\\server.js:2348:13026\n    at Array.map (<anonymous>)\n    at W1n (c:\\Users\\edu\\.vscode\\extensions\\uqbar.wollok-lsp-ide-0.5.3\\out\\server\\src\\server.js:2348:12950)\n    at U2.buildEnvironmentFrom (c:\\Users\\edu\\.vscode\\extensions\\uqbar.wollok-lsp-ide-0.5.3\\out\\server\\src\\server.js:2393:5254)\n    at U2.updateEnvironmentWith (c:\\Users\\edu\\.vscode\\extensions\\uqbar.wollok-lsp-ide-0.5.3\\out\\server\\src\\server.js:2393:4989)\n    at JF (c:\\Users\\edu\\.vscode\\extensions\\uqbar.wollok-lsp-ide-0.5.3\\out\\server\\src\\server.js:2393:7383)\n    at F3.invoke (c:\\Users\\edu\\.vscode\\extensions\\uqbar.wollok-lsp-ide-0.5.3\\out\\server\\src\\server.js:3:157334)\n    at o.fire (c:\\Users\\edu\\.vscode\\extensions\\uqbar.wollok-lsp-ide-0.5.3\\out\\server\\src\\server.js:3:158104)\n    at c:\\Users\\edu\\.vscode\\extensions\\uqbar.wollok-lsp-ide-0.5.3\\out\\server\\src\\server.js:37:57871\n    at Zr (c:\\Users\\edu\\.vscode\\extensions\\uqbar.wollok-lsp-ide-0.5.3\\out\\server\\src\\server.js:8:1561)","timestamp":"2025-12-12T04:08:44.926Z"}
{"level":"info","message":"⌛ Validating parciales/elLegadoDeSoliamMurr/asentamientos.wlk","timeElapsed":129,"timestamp":"2025-12-12T04:08:45.056Z"}
{"level":"info","message":"⌛ Validating parciales/elLegadoDeSoliamMurr/asentamientos.wlk","timeElapsed":168,"timestamp":"2025-12-12T04:08:46.175Z"}
{"level":"info","message":"⌛ Validating parciales/elLegadoDeSoliamMurr/asentamientos.wlk","timeElapsed":127,"timestamp":"2025-12-12T04:08:46.825Z"}
{"level":"info","message":"⌛ Validating parciales/elLegadoDeSoliamMurr/asentamientos.wlk","timeElapsed":135,"timestamp":"2025-12-12T04:08:47.232Z"}
{"level":"info","message":"⌛ Validating parciales/elLegadoDeSoliamMurr/asentamientos.wlk","timeElapsed":126,"timestamp":"2025-12-12T04:08:47.438Z"}
{"level":"info","message":"⌛ Validating parciales/elLegadoDeSoliamMurr/asentamientos.wlk","timeElapsed":131,"timestamp":"2025-12-12T04:08:47.672Z"}
{"level":"info","message":"⌛ Validating parciales/elLegadoDeSoliamMurr/asentamientos.wlk","timeElapsed":124,"timestamp":"2025-12-12T04:08:47.958Z"}
{"level":"info","message":"⌛ Validating parciales/elLegadoDeSoliamMurr/asentamientos.wlk","timeElapsed":122,"timestamp":"2025-12-12T04:08:48.088Z"}
{"level":"info","message":"⌛ Validating parciales/elLegadoDeSoliamMurr/asentamientos.wlk","timeElapsed":118,"timestamp":"2025-12-12T04:08:48.207Z"}
{"level":"info","message":"⌛ Validating parciales/elLegadoDeSoliamMurr/asentamientos.wlk","timeElapsed":116,"timestamp":"2025-12-12T04:08:48.324Z"}
{"level":"info","message":"⌛ Validating parciales/elLegadoDeSoliamMurr/asentamientos.wlk","timeElapsed":121,"timestamp":"2025-12-12T04:08:48.548Z"}
{"level":"info","message":"⌛ Building environment","timeElapsed":138,"timestamp":"2025-12-12T04:08:48.686Z"}
{"level":"info","message":"⌛ Validating parciales/elLegadoDeSoliamMurr/asentamientos.wlk","timeElapsed":140,"timestamp":"2025-12-12T04:08:48.850Z"}
{"level":"info","message":"⌛ Validating parciales/elLegadoDeSoliamMurr/asentamientos.wlk","timeElapsed":121,"timestamp":"2025-12-12T04:08:49.179Z"}
{"level":"info","message":"⌛ Validating parciales/elLegadoDeSoliamMurr/asentamientos.wlk","timeElapsed":119,"timestamp":"2025-12-12T04:08:49.298Z"}
{"level":"info","message":"⌛ Validating parciales/elLegadoDeSoliamMurr/asentamientos.wlk","timeElapsed":128,"timestamp":"2025-12-12T04:08:50.094Z"}
{"level":"info","message":"⌛ Building environment","timeElapsed":104,"timestamp":"2025-12-12T04:08:50.387Z"}
{"level":"info","message":"⌛ Validating parciales/elLegadoDeSoliamMurr/asentamientos.wlk","timeElapsed":121,"timestamp":"2025-12-12T04:08:50.509Z"}
{"level":"info","message":"⌛ Validating parciales/elLegadoDeSoliamMurr/asentamientos.wlk","timeElapsed":115,"timestamp":"2025-12-12T04:08:50.720Z"}
{"level":"info","message":"⌛ Validating parciales/elLegadoDeSoliamMurr/asentamientos.wlk","timeElapsed":132,"timestamp":"2025-12-12T04:08:50.879Z"}
{"level":"info","message":"⌛ Validating parciales/elLegadoDeSoliamMurr/asentamientos.wlk","timeElapsed":126,"timestamp":"2025-12-12T04:08:51.007Z"}
{"level":"info","message":"⌛ Building environment","timeElapsed":117,"timestamp":"2025-12-12T04:08:51.461Z"}
{"level":"info","message":"⌛ Validating parciales/elLegadoDeSoliamMurr/asentamientos.wlk","timeElapsed":174,"timestamp":"2025-12-12T04:08:51.645Z"}
{"level":"info","message":"⌛ Building environment","timeElapsed":101,"timestamp":"2025-12-12T04:08:51.746Z"}
{"level":"info","message":"⌛ Validating parciales/elLegadoDeSoliamMurr/asentamientos.wlk","timeElapsed":157,"timestamp":"2025-12-12T04:08:51.922Z"}
{"level":"info","message":"⌛ Building environment","timeElapsed":113,"timestamp":"2025-12-12T04:08:52.036Z"}
{"level":"info","message":"⌛ Validating parciales/elLegadoDeSoliamMurr/asentamientos.wlk","timeElapsed":151,"timestamp":"2025-12-12T04:08:52.198Z"}
{"level":"info","message":"⌛ Validating parciales/elLegadoDeSoliamMurr/asentamientos.wlk","timeElapsed":146,"timestamp":"2025-12-12T04:08:52.886Z"}
{"level":"info","message":"⌛ Building environment","timeElapsed":129,"timestamp":"2025-12-12T04:08:53.557Z"}
{"level":"info","message":"⌛ Validating parciales/elLegadoDeSoliamMurr/asentamientos.wlk","timeElapsed":154,"timestamp":"2025-12-12T04:08:53.712Z"}
{"level":"info","message":"⌛ Validating parciales/elLegadoDeSoliamMurr/asentamientos.wlk","timeElapsed":150,"timestamp":"2025-12-12T04:08:53.950Z"}
{"level":"info","message":"⌛ Building environment","timeElapsed":107,"timestamp":"2025-12-12T04:08:58.953Z"}
{"level":"info","message":"⌛ Validating parciales/elLegadoDeSoliamMurr/asentamientos.wlk","timeElapsed":164,"timestamp":"2025-12-12T04:08:59.280Z"}
{"level":"info","message":"⌛ Validating parciales/elLegadoDeSoliamMurr/asentamientos.wlk","timeElapsed":148,"timestamp":"2025-12-12T04:08:59.430Z"}
{"level":"info","message":"⌛ Validating parciales/elLegadoDeSoliamMurr/asentamientos.wlk","timeElapsed":155,"timestamp":"2025-12-12T04:09:00.745Z"}
{"level":"info","message":"⌛ Building environment","timeElapsed":107,"timestamp":"2025-12-12T04:09:01.795Z"}
{"level":"info","message":"⌛ Validating parciales/elLegadoDeSoliamMurr/asentamientos.wlk","timeElapsed":154,"timestamp":"2025-12-12T04:09:01.992Z"}
{"level":"info","message":"⌛ Building environment","timeElapsed":124,"timestamp":"2025-12-12T04:09:02.214Z"}
{"level":"info","message":"⌛ Validating parciales/elLegadoDeSoliamMurr/asentamientos.wlk","timeElapsed":152,"timestamp":"2025-12-12T04:09:02.565Z"}
{"level":"info","message":"⌛ Validating parciales/elLegadoDeSoliamMurr/asentamientos.wlk","timeElapsed":133,"timestamp":"2025-12-12T04:09:02.790Z"}
{"level":"info","message":"⌛ Building environment","timeElapsed":149,"timestamp":"2025-12-12T04:09:02.940Z"}
{"level":"info","message":"⌛ Validating parciales/elLegadoDeSoliamMurr/asentamientos.wlk","timeElapsed":121,"timestamp":"2025-12-12T04:09:03.069Z"}
{"level":"info","message":"⌛ Validating parciales/elLegadoDeSoliamMurr/asentamientos.wlk","timeElapsed":124,"timestamp":"2025-12-12T04:09:03.274Z"}
{"level":"info","message":"⌛ Validating parciales/elLegadoDeSoliamMurr/asentamientos.wlk","timeElapsed":117,"timestamp":"2025-12-12T04:09:03.395Z"}
{"level":"info","message":"⌛ Validating parciales/elLegadoDeSoliamMurr/asentamientos.wlk","timeElapsed":120,"timestamp":"2025-12-12T04:09:03.515Z"}
{"level":"info","message":"⌛ Validating parciales/elLegadoDeSoliamMurr/asentamientos.wlk","timeElapsed":121,"timestamp":"2025-12-12T04:09:03.638Z"}
{"level":"info","message":"⌛ Validating parciales/elLegadoDeSoliamMurr/asentamientos.wlk","timeElapsed":146,"timestamp":"2025-12-12T04:09:05.711Z"}
{"level":"info","message":"⌛ Building environment","timeElapsed":127,"timestamp":"2025-12-12T04:09:16.229Z"}
{"level":"info","message":"⌛ Validating parciales/elLegadoDeSoliamMurr/asentamientos.wlk","timeElapsed":124,"timestamp":"2025-12-12T04:09:16.353Z"}
{"level":"info","message":"⌛ Building environment","timeElapsed":116,"timestamp":"2025-12-12T04:09:18.225Z"}
{"level":"info","message":"⌛ Validating parciales/elLegadoDeSoliamMurr/asentamientos.wlk","timeElapsed":131,"timestamp":"2025-12-12T04:09:18.480Z"}
{"level":"info","message":"⌛ Building environment","timeElapsed":122,"timestamp":"2025-12-12T04:09:18.603Z"}
{"level":"info","message":"⌛ Validating parciales/elLegadoDeSoliamMurr/asentamientos.wlk","timeElapsed":134,"timestamp":"2025-12-12T04:09:18.738Z"}
{"level":"info","message":"⌛ Building environment","timeElapsed":118,"timestamp":"2025-12-12T04:09:18.856Z"}
{"level":"info","message":"⌛ Validating parciales/elLegadoDeSoliamMurr/asentamientos.wlk","timeElapsed":135,"timestamp":"2025-12-12T04:09:19.199Z"}
{"level":"info","message":"⌛ Validating parciales/elLegadoDeSoliamMurr/asentamientos.wlk","timeElapsed":116,"timestamp":"2025-12-12T04:09:19.319Z"}
{"level":"info","message":"⌛ Validating parciales/elLegadoDeSoliamMurr/asentamientos.wlk","timeElapsed":126,"timestamp":"2025-12-12T04:09:19.539Z"}
{"level":"info","message":"⌛ Validating parciales/elLegadoDeSoliamMurr/asentamientos.wlk","timeElapsed":116,"timestamp":"2025-12-12T04:09:19.655Z"}
{"level":"info","message":"⌛ Validating parciales/elLegadoDeSoliamMurr/asentamientos.wlk","timeElapsed":150,"timestamp":"2025-12-12T04:09:19.811Z"}
{"level":"info","message":"⌛ Validating parciales/elLegadoDeSoliamMurr/asentamientos.wlk","timeElapsed":122,"timestamp":"2025-12-12T04:09:22.915Z"}
{"level":"info","message":"⌛ Validating parciales/elLegadoDeSoliamMurr/asentamientos.wlk","timeElapsed":159,"timestamp":"2025-12-12T04:09:23.873Z"}
{"level":"info","message":"⌛ Validating parciales/elLegadoDeSoliamMurr/asentamientos.wlk","timeElapsed":120,"timestamp":"2025-12-12T04:09:24.181Z"}
{"level":"info","message":"⌛ Validating parciales/elLegadoDeSoliamMurr/asentamientos.wlk","timeElapsed":114,"timestamp":"2025-12-12T04:09:24.295Z"}
{"level":"info","message":"⌛ Validating parciales/elLegadoDeSoliamMurr/asentamientos.wlk","timeElapsed":149,"timestamp":"2025-12-12T04:09:24.809Z"}
{"level":"info","message":"⌛ Validating parciales/elLegadoDeSoliamMurr/asentamientos.wlk","timeElapsed":181,"timestamp":"2025-12-12T04:09:24.991Z"}
{"level":"error","message":"✘ Completions for node Return ([20:5, 20:13] - parciales/elLegadoDeSoliamMurr/asentamientos.wlk) failed: Error: [Return]{d03433} at parciales/elLegadoDeSoliamMurr/asentamientos.wlk:20 exhausted all cases without a match [Return]{d03433} at parciales/elLegadoDeSoliamMurr/asentamientos.wlk:20 exhausted all cases without a match","stack":"Error: [Return]{d03433} at parciales/elLegadoDeSoliamMurr/asentamientos.wlk:20 exhausted all cases without a match\n    at c:\\Users\\edu\\.vscode\\extensions\\uqbar.wollok-lsp-ide-0.5.3\\out\\server\\src\\server.js:38:6142\n    at D2 (c:\\Users\\edu\\.vscode\\extensions\\uqbar.wollok-lsp-ide-0.5.3\\out\\server\\src\\server.js:2384:42)\n    at Qh (c:\\Users\\edu\\.vscode\\extensions\\uqbar.wollok-lsp-ide-0.5.3\\out\\server\\src\\server.js:2384:1092)\n    at k6n (c:\\Users\\edu\\.vscode\\extensions\\uqbar.wollok-lsp-ide-0.5.3\\out\\server\\src\\server.js:2384:1248)\n    at c:\\Users\\edu\\.vscode\\extensions\\uqbar.wollok-lsp-ide-0.5.3\\out\\server\\src\\server.js:38:6131\n    at D2 (c:\\Users\\edu\\.vscode\\extensions\\uqbar.wollok-lsp-ide-0.5.3\\out\\server\\src\\server.js:2384:42)\n    at c:\\Users\\edu\\.vscode\\extensions\\uqbar.wollok-lsp-ide-0.5.3\\out\\server\\src\\server.js:2384:2988\n    at c:\\Users\\edu\\.vscode\\extensions\\uqbar.wollok-lsp-ide-0.5.3\\out\\server\\src\\server.js:2393:8440\n    at c:\\Users\\edu\\.vscode\\extensions\\uqbar.wollok-lsp-ide-0.5.3\\out\\server\\src\\server.js:37:74872\n    at Ye (c:\\Users\\edu\\.vscode\\extensions\\uqbar.wollok-lsp-ide-0.5.3\\out\\server\\src\\server.js:7:8527)","timestamp":"2025-12-12T04:09:26.985Z"}
{"level":"info","message":"⌛ Building environment","timeElapsed":124,"timestamp":"2025-12-12T04:09:27.114Z"}
{"level":"info","message":"⌛ Validating parciales/elLegadoDeSoliamMurr/asentamientos.wlk","timeElapsed":127,"timestamp":"2025-12-12T04:09:27.241Z"}
{"level":"info","message":"⌛ Validating parciales/elLegadoDeSoliamMurr/asentamientos.wlk","timeElapsed":129,"timestamp":"2025-12-12T04:09:27.442Z"}
{"level":"info","message":"⌛ Validating parciales/elLegadoDeSoliamMurr/asentamientos.wlk","timeElapsed":119,"timestamp":"2025-12-12T04:09:27.632Z"}
{"level":"info","message":"⌛ Validating parciales/elLegadoDeSoliamMurr/asentamientos.wlk","timeElapsed":117,"timestamp":"2025-12-12T04:09:27.754Z"}
{"level":"info","message":"⌛ Validating parciales/elLegadoDeSoliamMurr/asentamientos.wlk","timeElapsed":121,"timestamp":"2025-12-12T04:09:27.948Z"}
{"level":"info","message":"⌛ Validating parciales/elLegadoDeSoliamMurr/asentamientos.wlk","timeElapsed":134,"timestamp":"2025-12-12T04:09:29.070Z"}
{"level":"info","message":"⌛ Validating parciales/elLegadoDeSoliamMurr/asentamientos.wlk","timeElapsed":155,"timestamp":"2025-12-12T04:09:29.380Z"}
{"level":"info","message":"⌛ Validating parciales/elLegadoDeSoliamMurr/asentamientos.wlk","timeElapsed":117,"timestamp":"2025-12-12T04:09:29.497Z"}
{"level":"info","message":"⌛ Building environment","timeElapsed":110,"timestamp":"2025-12-12T04:09:29.758Z"}
{"level":"info","message":"⌛ Validating parciales/elLegadoDeSoliamMurr/asentamientos.wlk","timeElapsed":143,"timestamp":"2025-12-12T04:09:29.910Z"}
{"level":"info","message":"⌛ Validating parciales/elLegadoDeSoliamMurr/asentamientos.wlk","timeElapsed":150,"timestamp":"2025-12-12T04:10:29.015Z"}
{"level":"info","message":"⌛ Validating parciales/elLegadoDeSoliamMurr/asentamientos.wlk","timeElapsed":122,"timestamp":"2025-12-12T04:10:29.224Z"}
{"level":"info","message":"⌛ Building environment","timeElapsed":105,"timestamp":"2025-12-12T04:10:29.826Z"}
{"level":"info","message":"⌛ Validating parciales/elLegadoDeSoliamMurr/asentamientos.wlk","timeElapsed":161,"timestamp":"2025-12-12T04:10:29.987Z"}
{"level":"info","message":"⌛ Validating parciales/elLegadoDeSoliamMurr/asentamientos.wlk","timeElapsed":153,"timestamp":"2025-12-12T04:10:30.574Z"}
{"level":"info","message":"⌛ Validating parciales/elLegadoDeSoliamMurr/asentamientos.wlk","timeElapsed":146,"timestamp":"2025-12-12T04:10:30.818Z"}
{"level":"info","message":"⌛ Building environment","timeElapsed":107,"timestamp":"2025-12-12T04:10:45.425Z"}
{"level":"info","message":"⌛ Validating parciales/elLegadoDeSoliamMurr/asentamientos.wlk","timeElapsed":166,"timestamp":"2025-12-12T04:10:45.592Z"}
{"level":"info","message":"⌛ Building environment","timeElapsed":103,"timestamp":"2025-12-12T04:10:46.625Z"}
{"level":"info","message":"⌛ Validating parciales/elLegadoDeSoliamMurr/asentamientos.wlk","timeElapsed":154,"timestamp":"2025-12-12T04:10:46.820Z"}
{"level":"info","message":"⌛ Building environment","timeElapsed":120,"timestamp":"2025-12-12T04:10:46.942Z"}
{"level":"error","message":"✘ Failed to rebuild document Failed to parse parciales/elLegadoDeSoliamMurr/asentamientos.wlk: \n-- PARSING FAILED --------------------------------------------------\n\n  19 | \n  20 | \n> 21 | }\n     | ^\n\nExpected one of the following: \n\n'property', identifier, whitespace\n","stack":"Error: Failed to parse parciales/elLegadoDeSoliamMurr/asentamientos.wlk: \n-- PARSING FAILED --------------------------------------------------\n\n  19 | \n  20 | \n> 21 | }\n     | ^\n\nExpected one of the following: \n\n'property', identifier, whitespace\n\n    at c:\\Users\\edu\\.vscode\\extensions\\uqbar.wollok-lsp-ide-0.5.3\\out\\server\\src\\server.js:2348:13026\n    at Array.map (<anonymous>)\n    at W1n (c:\\Users\\edu\\.vscode\\extensions\\uqbar.wollok-lsp-ide-0.5.3\\out\\server\\src\\server.js:2348:12950)\n    at U2.buildEnvironmentFrom (c:\\Users\\edu\\.vscode\\extensions\\uqbar.wollok-lsp-ide-0.5.3\\out\\server\\src\\server.js:2393:5254)\n    at U2.updateEnvironmentWith (c:\\Users\\edu\\.vscode\\extensions\\uqbar.wollok-lsp-ide-0.5.3\\out\\server\\src\\server.js:2393:4989)\n    at JF (c:\\Users\\edu\\.vscode\\extensions\\uqbar.wollok-lsp-ide-0.5.3\\out\\server\\src\\server.js:2393:7383)\n    at F3.invoke (c:\\Users\\edu\\.vscode\\extensions\\uqbar.wollok-lsp-ide-0.5.3\\out\\server\\src\\server.js:3:157334)\n    at o.fire (c:\\Users\\edu\\.vscode\\extensions\\uqbar.wollok-lsp-ide-0.5.3\\out\\server\\src\\server.js:3:158104)\n    at c:\\Users\\edu\\.vscode\\extensions\\uqbar.wollok-lsp-ide-0.5.3\\out\\server\\src\\server.js:37:57871\n    at Zr (c:\\Users\\edu\\.vscode\\extensions\\uqbar.wollok-lsp-ide-0.5.3\\out\\server\\src\\server.js:8:1561)","timestamp":"2025-12-12T04:10:46.945Z"}
{"level":"info","message":"⌛ Validating parciales/elLegadoDeSoliamMurr/asentamientos.wlk","timeElapsed":168,"timestamp":"2025-12-12T04:10:47.113Z"}
{"level":"error","message":"✘ Failed to rebuild document Failed to parse parciales/elLegadoDeSoliamMurr/asentamientos.wlk: \n-- PARSING FAILED --------------------------------------------------\n\n  19 | \n  20 | \n> 21 | }\n     | ^\n\nExpected one of the following: \n\n'property', identifier, whitespace\n","stack":"Error: Failed to parse parciales/elLegadoDeSoliamMurr/asentamientos.wlk: \n-- PARSING FAILED --------------------------------------------------\n\n  19 | \n  20 | \n> 21 | }\n     | ^\n\nExpected one of the following: \n\n'property', identifier, whitespace\n\n    at c:\\Users\\edu\\.vscode\\extensions\\uqbar.wollok-lsp-ide-0.5.3\\out\\server\\src\\server.js:2348:13026\n    at Array.map (<anonymous>)\n    at W1n (c:\\Users\\edu\\.vscode\\extensions\\uqbar.wollok-lsp-ide-0.5.3\\out\\server\\src\\server.js:2348:12950)\n    at U2.buildEnvironmentFrom (c:\\Users\\edu\\.vscode\\extensions\\uqbar.wollok-lsp-ide-0.5.3\\out\\server\\src\\server.js:2393:5254)\n    at U2.updateEnvironmentWith (c:\\Users\\edu\\.vscode\\extensions\\uqbar.wollok-lsp-ide-0.5.3\\out\\server\\src\\server.js:2393:4989)\n    at JF (c:\\Users\\edu\\.vscode\\extensions\\uqbar.wollok-lsp-ide-0.5.3\\out\\server\\src\\server.js:2393:7383)\n    at F3.invoke (c:\\Users\\edu\\.vscode\\extensions\\uqbar.wollok-lsp-ide-0.5.3\\out\\server\\src\\server.js:3:157334)\n    at o.fire (c:\\Users\\edu\\.vscode\\extensions\\uqbar.wollok-lsp-ide-0.5.3\\out\\server\\src\\server.js:3:158104)\n    at c:\\Users\\edu\\.vscode\\extensions\\uqbar.wollok-lsp-ide-0.5.3\\out\\server\\src\\server.js:37:57871\n    at Zr (c:\\Users\\edu\\.vscode\\extensions\\uqbar.wollok-lsp-ide-0.5.3\\out\\server\\src\\server.js:8:1561)","timestamp":"2025-12-12T04:10:48.460Z"}
{"level":"info","message":"⌛ Validating parciales/elLegadoDeSoliamMurr/asentamientos.wlk","timeElapsed":133,"timestamp":"2025-12-12T04:10:49.591Z"}
{"level":"info","message":"⌛ Building environment","timeElapsed":102,"timestamp":"2025-12-12T04:10:50.459Z"}
{"level":"info","message":"⌛ Validating parciales/elLegadoDeSoliamMurr/asentamientos.wlk","timeElapsed":156,"timestamp":"2025-12-12T04:10:50.648Z"}
{"level":"info","message":"⌛ Building environment","timeElapsed":116,"timestamp":"2025-12-12T04:10:50.856Z"}
{"level":"info","message":"⌛ Validating parciales/elLegadoDeSoliamMurr/asentamientos.wlk","timeElapsed":151,"timestamp":"2025-12-12T04:10:51.008Z"}
{"level":"info","message":"⌛ Validating parciales/elLegadoDeSoliamMurr/asentamientos.wlk","timeElapsed":135,"timestamp":"2025-12-12T04:10:51.268Z"}
{"level":"info","message":"⌛ Validating parciales/elLegadoDeSoliamMurr/asentamientos.wlk","timeElapsed":123,"timestamp":"2025-12-12T04:10:51.478Z"}
{"level":"info","message":"⌛ Building environment","timeElapsed":112,"timestamp":"2025-12-12T04:10:51.665Z"}
{"level":"info","message":"⌛ Validating parciales/elLegadoDeSoliamMurr/asentamientos.wlk","timeElapsed":121,"timestamp":"2025-12-12T04:10:52.022Z"}
{"level":"info","message":"⌛ Validating parciales/elLegadoDeSoliamMurr/asentamientos.wlk","timeElapsed":119,"timestamp":"2025-12-12T04:10:52.297Z"}
{"level":"info","message":"⌛ Validating parciales/elLegadoDeSoliamMurr/asentamientos.wlk","timeElapsed":119,"timestamp":"2025-12-12T04:10:52.421Z"}
{"level":"info","message":"⌛ Validating parciales/elLegadoDeSoliamMurr/asentamientos.wlk","timeElapsed":121,"timestamp":"2025-12-12T04:10:52.544Z"}
{"level":"info","message":"⌛ Validating parciales/elLegadoDeSoliamMurr/asentamientos.wlk","timeElapsed":138,"timestamp":"2025-12-12T04:10:52.682Z"}
{"level":"info","message":"⌛ Validating parciales/elLegadoDeSoliamMurr/asentamientos.wlk","timeElapsed":132,"timestamp":"2025-12-12T04:10:52.815Z"}
{"level":"info","message":"⌛ Validating parciales/elLegadoDeSoliamMurr/asentamientos.wlk","timeElapsed":119,"timestamp":"2025-12-12T04:10:52.934Z"}
{"level":"info","message":"⌛ Validating parciales/elLegadoDeSoliamMurr/asentamientos.wlk","timeElapsed":124,"timestamp":"2025-12-12T04:10:53.149Z"}
{"level":"info","message":"⌛ Building environment","timeElapsed":103,"timestamp":"2025-12-12T04:10:53.396Z"}
{"level":"info","message":"⌛ Validating parciales/elLegadoDeSoliamMurr/asentamientos.wlk","timeElapsed":120,"timestamp":"2025-12-12T04:10:53.529Z"}
{"level":"info","message":"⌛ Validating parciales/elLegadoDeSoliamMurr/asentamientos.wlk","timeElapsed":120,"timestamp":"2025-12-12T04:10:54.458Z"}
{"level":"info","message":"⌛ Building environment","timeElapsed":105,"timestamp":"2025-12-12T04:10:54.565Z"}
{"level":"info","message":"⌛ Validating parciales/elLegadoDeSoliamMurr/asentamientos.wlk","timeElapsed":137,"timestamp":"2025-12-12T04:10:54.703Z"}
{"level":"info","message":"⌛ Validating parciales/elLegadoDeSoliamMurr/asentamientos.wlk","timeElapsed":132,"timestamp":"2025-12-12T04:10:54.915Z"}
{"level":"info","message":"⌛ Validating parciales/elLegadoDeSoliamMurr/asentamientos.wlk","timeElapsed":156,"timestamp":"2025-12-12T04:10:55.424Z"}
{"level":"info","message":"⌛ Validating parciales/elLegadoDeSoliamMurr/asentamientos.wlk","timeElapsed":132,"timestamp":"2025-12-12T04:10:56.877Z"}
{"level":"info","message":"⌛ Building environment","timeElapsed":117,"timestamp":"2025-12-12T04:10:57.467Z"}
{"level":"info","message":"⌛ Validating parciales/elLegadoDeSoliamMurr/asentamientos.wlk","timeElapsed":151,"timestamp":"2025-12-12T04:10:57.660Z"}
{"level":"error","message":"✘ Failed to rebuild document Failed to parse parciales/elLegadoDeSoliamMurr/asentamientos.wlk: \n-- PARSING FAILED --------------------------------------------------\n\n  20 | \n  21 | \n> 22 | }\n     | ^\n\nExpected one of the following: \n\n'property', identifier, whitespace\n","stack":"Error: Failed to parse parciales/elLegadoDeSoliamMurr/asentamientos.wlk: \n-- PARSING FAILED --------------------------------------------------\n\n  20 | \n  21 | \n> 22 | }\n     | ^\n\nExpected one of the following: \n\n'property', identifier, whitespace\n\n    at c:\\Users\\edu\\.vscode\\extensions\\uqbar.wollok-lsp-ide-0.5.3\\out\\server\\src\\server.js:2348:13026\n    at Array.map (<anonymous>)\n    at W1n (c:\\Users\\edu\\.vscode\\extensions\\uqbar.wollok-lsp-ide-0.5.3\\out\\server\\src\\server.js:2348:12950)\n    at U2.buildEnvironmentFrom (c:\\Users\\edu\\.vscode\\extensions\\uqbar.wollok-lsp-ide-0.5.3\\out\\server\\src\\server.js:2393:5254)\n    at U2.updateEnvironmentWith (c:\\Users\\edu\\.vscode\\extensions\\uqbar.wollok-lsp-ide-0.5.3\\out\\server\\src\\server.js:2393:4989)\n    at JF (c:\\Users\\edu\\.vscode\\extensions\\uqbar.wollok-lsp-ide-0.5.3\\out\\server\\src\\server.js:2393:7383)\n    at F3.invoke (c:\\Users\\edu\\.vscode\\extensions\\uqbar.wollok-lsp-ide-0.5.3\\out\\server\\src\\server.js:3:157334)\n    at o.fire (c:\\Users\\edu\\.vscode\\extensions\\uqbar.wollok-lsp-ide-0.5.3\\out\\server\\src\\server.js:3:158104)\n    at c:\\Users\\edu\\.vscode\\extensions\\uqbar.wollok-lsp-ide-0.5.3\\out\\server\\src\\server.js:37:57871\n    at Zr (c:\\Users\\edu\\.vscode\\extensions\\uqbar.wollok-lsp-ide-0.5.3\\out\\server\\src\\server.js:8:1561)","timestamp":"2025-12-12T04:10:57.739Z"}
{"level":"info","message":"⌛ Validating parciales/elLegadoDeSoliamMurr/asentamientos.wlk","timeElapsed":164,"timestamp":"2025-12-12T04:10:57.905Z"}
{"level":"error","message":"✘ Failed to rebuild document Failed to parse parciales/elLegadoDeSoliamMurr/asentamientos.wlk: \n-- PARSING FAILED --------------------------------------------------\n\n  20 | \n  21 | \n> 22 | }\n     | ^\n\nExpected one of the following: \n\n'property', identifier, whitespace\n","stack":"Error: Failed to parse parciales/elLegadoDeSoliamMurr/asentamientos.wlk: \n-- PARSING FAILED --------------------------------------------------\n\n  20 | \n  21 | \n> 22 | }\n     | ^\n\nExpected one of the following: \n\n'property', identifier, whitespace\n\n    at c:\\Users\\edu\\.vscode\\extensions\\uqbar.wollok-lsp-ide-0.5.3\\out\\server\\src\\server.js:2348:13026\n    at Array.map (<anonymous>)\n    at W1n (c:\\Users\\edu\\.vscode\\extensions\\uqbar.wollok-lsp-ide-0.5.3\\out\\server\\src\\server.js:2348:12950)\n    at U2.buildEnvironmentFrom (c:\\Users\\edu\\.vscode\\extensions\\uqbar.wollok-lsp-ide-0.5.3\\out\\server\\src\\server.js:2393:5254)\n    at U2.updateEnvironmentWith (c:\\Users\\edu\\.vscode\\extensions\\uqbar.wollok-lsp-ide-0.5.3\\out\\server\\src\\server.js:2393:4989)\n    at JF (c:\\Users\\edu\\.vscode\\extensions\\uqbar.wollok-lsp-ide-0.5.3\\out\\server\\src\\server.js:2393:7383)\n    at F3.invoke (c:\\Users\\edu\\.vscode\\extensions\\uqbar.wollok-lsp-ide-0.5.3\\out\\server\\src\\server.js:3:157334)\n    at o.fire (c:\\Users\\edu\\.vscode\\extensions\\uqbar.wollok-lsp-ide-0.5.3\\out\\server\\src\\server.js:3:158104)\n    at c:\\Users\\edu\\.vscode\\extensions\\uqbar.wollok-lsp-ide-0.5.3\\out\\server\\src\\server.js:37:57871\n    at Zr (c:\\Users\\edu\\.vscode\\extensions\\uqbar.wollok-lsp-ide-0.5.3\\out\\server\\src\\server.js:8:1561)","timestamp":"2025-12-12T04:10:58.013Z"}
{"level":"info","message":"⌛ Validating parciales/elLegadoDeSoliamMurr/asentamientos.wlk","timeElapsed":154,"timestamp":"2025-12-12T04:10:58.464Z"}
{"level":"info","message":"⌛ Building environment","timeElapsed":136,"timestamp":"2025-12-12T04:10:58.725Z"}
{"level":"info","message":"⌛ Validating parciales/elLegadoDeSoliamMurr/asentamientos.wlk","timeElapsed":148,"timestamp":"2025-12-12T04:10:58.873Z"}
{"level":"info","message":"⌛ Validating parciales/elLegadoDeSoliamMurr/asentamientos.wlk","timeElapsed":123,"timestamp":"2025-12-12T04:10:59.076Z"}
{"level":"info","message":"⌛ Validating parciales/elLegadoDeSoliamMurr/asentamientos.wlk","timeElapsed":120,"timestamp":"2025-12-12T04:10:59.203Z"}
{"level":"info","message":"⌛ Validating parciales/elLegadoDeSoliamMurr/asentamientos.wlk","timeElapsed":125,"timestamp":"2025-12-12T04:10:59.493Z"}
{"level":"info","message":"⌛ Validating parciales/elLegadoDeSoliamMurr/asentamientos.wlk","timeElapsed":122,"timestamp":"2025-12-12T04:10:59.642Z"}
{"level":"info","message":"⌛ Validating parciales/elLegadoDeSoliamMurr/asentamientos.wlk","timeElapsed":120,"timestamp":"2025-12-12T04:11:00.108Z"}
{"level":"info","message":"⌛ Validating parciales/elLegadoDeSoliamMurr/asentamientos.wlk","timeElapsed":123,"timestamp":"2025-12-12T04:11:00.307Z"}
{"level":"info","message":"⌛ Validating parciales/elLegadoDeSoliamMurr/asentamientos.wlk","timeElapsed":133,"timestamp":"2025-12-12T04:11:00.558Z"}
{"level":"info","message":"⌛ Validating parciales/elLegadoDeSoliamMurr/asentamientos.wlk","timeElapsed":130,"timestamp":"2025-12-12T04:11:00.716Z"}
{"level":"info","message":"⌛ Validating parciales/elLegadoDeSoliamMurr/asentamientos.wlk","timeElapsed":135,"timestamp":"2025-12-12T04:11:00.852Z"}
{"level":"info","message":"⌛ Validating parciales/elLegadoDeSoliamMurr/asentamientos.wlk","timeElapsed":119,"timestamp":"2025-12-12T04:11:00.972Z"}
{"level":"info","message":"⌛ Validating parciales/elLegadoDeSoliamMurr/asentamientos.wlk","timeElapsed":126,"timestamp":"2025-12-12T04:11:01.267Z"}
{"level":"info","message":"⌛ Validating parciales/elLegadoDeSoliamMurr/asentamientos.wlk","timeElapsed":127,"timestamp":"2025-12-12T04:11:01.398Z"}
{"level":"info","message":"⌛ Validating parciales/elLegadoDeSoliamMurr/asentamientos.wlk","timeElapsed":122,"timestamp":"2025-12-12T04:11:01.706Z"}
{"level":"info","message":"⌛ Validating parciales/elLegadoDeSoliamMurr/asentamientos.wlk","timeElapsed":120,"timestamp":"2025-12-12T04:11:01.826Z"}
{"level":"info","message":"⌛ Validating parciales/elLegadoDeSoliamMurr/asentamientos.wlk","timeElapsed":147,"timestamp":"2025-12-12T04:11:04.678Z"}
{"level":"info","message":"⌛ Validating parciales/elLegadoDeSoliamMurr/asentamientos.wlk","timeElapsed":144,"timestamp":"2025-12-12T04:11:04.915Z"}
{"level":"info","message":"⌛ Validating parciales/elLegadoDeSoliamMurr/asentamientos.wlk","timeElapsed":136,"timestamp":"2025-12-12T04:12:29.699Z"}
{"level":"info","message":"⌛ Validating parciales/elLegadoDeSoliamMurr/asentamientos.wlk","timeElapsed":130,"timestamp":"2025-12-12T04:12:29.912Z"}
{"level":"info","message":"⌛ Building environment","timeElapsed":115,"timestamp":"2025-12-12T04:12:30.670Z"}
{"level":"info","message":"⌛ Validating parciales/elLegadoDeSoliamMurr/asentamientos.wlk","timeElapsed":148,"timestamp":"2025-12-12T04:12:30.864Z"}
{"level":"info","message":"⌛ Validating parciales/elLegadoDeSoliamMurr/asentamientos.wlk","timeElapsed":122,"timestamp":"2025-12-12T04:12:31.162Z"}
{"level":"info","message":"⌛ Validating parciales/elLegadoDeSoliamMurr/asentamientos.wlk","timeElapsed":125,"timestamp":"2025-12-12T04:12:31.287Z"}
{"level":"info","message":"⌛ Building environment","timeElapsed":103,"timestamp":"2025-12-12T04:12:32.223Z"}
{"level":"info","message":"⌛ Validating parciales/elLegadoDeSoliamMurr/asentamientos.wlk","timeElapsed":125,"timestamp":"2025-12-12T04:12:32.348Z"}
{"level":"info","message":"⌛ Validating parciales/elLegadoDeSoliamMurr/asentamientos.wlk","timeElapsed":158,"timestamp":"2025-12-12T04:12:36.356Z"}
{"level":"info","message":"⌛ Building environment","timeElapsed":125,"timestamp":"2025-12-12T04:12:36.483Z"}
{"level":"info","message":"⌛ Validating parciales/elLegadoDeSoliamMurr/asentamientos.wlk","timeElapsed":162,"timestamp":"2025-12-12T04:12:36.646Z"}
{"level":"info","message":"⌛ Building environment","timeElapsed":102,"timestamp":"2025-12-12T04:12:36.748Z"}
{"level":"info","message":"⌛ Validating parciales/elLegadoDeSoliamMurr/asentamientos.wlk","timeElapsed":156,"timestamp":"2025-12-12T04:12:37.129Z"}
{"level":"info","message":"⌛ Validating parciales/elLegadoDeSoliamMurr/asentamientos.wlk","timeElapsed":145,"timestamp":"2025-12-12T04:12:37.279Z"}
{"level":"info","message":"⌛ Validating parciales/elLegadoDeSoliamMurr/asentamientos.wlk","timeElapsed":149,"timestamp":"2025-12-12T04:12:37.430Z"}
{"level":"info","message":"⌛ Validating parciales/elLegadoDeSoliamMurr/asentamientos.wlk","timeElapsed":145,"timestamp":"2025-12-12T04:12:37.578Z"}
{"level":"info","message":"⌛ Building environment","timeElapsed":115,"timestamp":"2025-12-12T04:12:37.694Z"}
{"level":"info","message":"⌛ Building environment","timeElapsed":102,"timestamp":"2025-12-12T04:12:37.935Z"}
{"level":"info","message":"⌛ Validating parciales/elLegadoDeSoliamMurr/asentamientos.wlk","timeElapsed":178,"timestamp":"2025-12-12T04:12:38.222Z"}
{"level":"info","message":"⌛ Validating parciales/elLegadoDeSoliamMurr/asentamientos.wlk","timeElapsed":126,"timestamp":"2025-12-12T04:12:38.348Z"}
{"level":"info","message":"⌛ Validating parciales/elLegadoDeSoliamMurr/asentamientos.wlk","timeElapsed":123,"timestamp":"2025-12-12T04:12:38.576Z"}
{"level":"info","message":"⌛ Validating parciales/elLegadoDeSoliamMurr/asentamientos.wlk","timeElapsed":121,"timestamp":"2025-12-12T04:12:38.773Z"}
{"level":"info","message":"⌛ Building environment","timeElapsed":118,"timestamp":"2025-12-12T04:12:38.892Z"}
{"level":"info","message":"⌛ Validating parciales/elLegadoDeSoliamMurr/asentamientos.wlk","timeElapsed":119,"timestamp":"2025-12-12T04:12:39.098Z"}
{"level":"info","message":"⌛ Validating parciales/elLegadoDeSoliamMurr/asentamientos.wlk","timeElapsed":152,"timestamp":"2025-12-12T04:12:39.254Z"}
{"level":"info","message":"⌛ Validating parciales/elLegadoDeSoliamMurr/asentamientos.wlk","timeElapsed":123,"timestamp":"2025-12-12T04:12:39.378Z"}
{"level":"info","message":"⌛ Validating parciales/elLegadoDeSoliamMurr/asentamientos.wlk","timeElapsed":118,"timestamp":"2025-12-12T04:12:39.496Z"}
{"level":"info","message":"⌛ Building environment","timeElapsed":126,"timestamp":"2025-12-12T04:12:48.411Z"}
{"level":"error","message":"✘ Completions for node Parameter ([10:25, 10:26] - parciales/elLegadoDeSoliamMurr/asentamientos.wlk) failed: Error: [Parameter]{611b2a} at parciales/elLegadoDeSoliamMurr/asentamientos.wlk:10 exhausted all cases without a match [Parameter]{611b2a} at parciales/elLegadoDeSoliamMurr/asentamientos.wlk:10 exhausted all cases without a match","stack":"Error: [Parameter]{611b2a} at parciales/elLegadoDeSoliamMurr/asentamientos.wlk:10 exhausted all cases without a match\n    at c:\\Users\\edu\\.vscode\\extensions\\uqbar.wollok-lsp-ide-0.5.3\\out\\server\\src\\server.js:38:6142\n    at D2 (c:\\Users\\edu\\.vscode\\extensions\\uqbar.wollok-lsp-ide-0.5.3\\out\\server\\src\\server.js:2384:42)\n    at c:\\Users\\edu\\.vscode\\extensions\\uqbar.wollok-lsp-ide-0.5.3\\out\\server\\src\\server.js:2384:2988\n    at c:\\Users\\edu\\.vscode\\extensions\\uqbar.wollok-lsp-ide-0.5.3\\out\\server\\src\\server.js:2393:8440\n    at c:\\Users\\edu\\.vscode\\extensions\\uqbar.wollok-lsp-ide-0.5.3\\out\\server\\src\\server.js:37:74872\n    at Ye (c:\\Users\\edu\\.vscode\\extensions\\uqbar.wollok-lsp-ide-0.5.3\\out\\server\\src\\server.js:7:8527)\n    at qt (c:\\Users\\edu\\.vscode\\extensions\\uqbar.wollok-lsp-ide-0.5.3\\out\\server\\src\\server.js:7:6189)\n    at ot (c:\\Users\\edu\\.vscode\\extensions\\uqbar.wollok-lsp-ide-0.5.3\\out\\server\\src\\server.js:7:6378)\n    at Immediate._onImmediate (c:\\Users\\edu\\.vscode\\extensions\\uqbar.wollok-lsp-ide-0.5.3\\out\\server\\src\\server.js:7:6142)\n    at process.processImmediate (node:internal/timers:485:21)","timestamp":"2025-12-12T04:12:48.459Z"}
{"level":"info","message":"⌛ Building environment","timeElapsed":138,"timestamp":"2025-12-12T04:12:48.607Z"}
{"level":"info","message":"⌛ Validating parciales/elLegadoDeSoliamMurr/asentamientos.wlk","timeElapsed":159,"timestamp":"2025-12-12T04:12:48.766Z"}
{"level":"info","message":"⌛ Validating parciales/elLegadoDeSoliamMurr/asentamientos.wlk","timeElapsed":144,"timestamp":"2025-12-12T04:12:48.911Z"}
{"level":"error","message":"✘ Completions for node Parameter ([10:25, 10:28] - parciales/elLegadoDeSoliamMurr/asentamientos.wlk) failed: Error: [Parameter]{6e0215} at parciales/elLegadoDeSoliamMurr/asentamientos.wlk:10 exhausted all cases without a match [Parameter]{6e0215} at parciales/elLegadoDeSoliamMurr/asentamientos.wlk:10 exhausted all cases without a match","stack":"Error: [Parameter]{6e0215} at parciales/elLegadoDeSoliamMurr/asentamientos.wlk:10 exhausted all cases without a match\n    at c:\\Users\\edu\\.vscode\\extensions\\uqbar.wollok-lsp-ide-0.5.3\\out\\server\\src\\server.js:38:6142\n    at D2 (c:\\Users\\edu\\.vscode\\extensions\\uqbar.wollok-lsp-ide-0.5.3\\out\\server\\src\\server.js:2384:42)\n    at c:\\Users\\edu\\.vscode\\extensions\\uqbar.wollok-lsp-ide-0.5.3\\out\\server\\src\\server.js:2384:2988\n    at c:\\Users\\edu\\.vscode\\extensions\\uqbar.wollok-lsp-ide-0.5.3\\out\\server\\src\\server.js:2393:8440\n    at c:\\Users\\edu\\.vscode\\extensions\\uqbar.wollok-lsp-ide-0.5.3\\out\\server\\src\\server.js:37:74872\n    at Ye (c:\\Users\\edu\\.vscode\\extensions\\uqbar.wollok-lsp-ide-0.5.3\\out\\server\\src\\server.js:7:8527)\n    at qt (c:\\Users\\edu\\.vscode\\extensions\\uqbar.wollok-lsp-ide-0.5.3\\out\\server\\src\\server.js:7:6189)\n    at ot (c:\\Users\\edu\\.vscode\\extensions\\uqbar.wollok-lsp-ide-0.5.3\\out\\server\\src\\server.js:7:6378)\n    at Immediate._onImmediate (c:\\Users\\edu\\.vscode\\extensions\\uqbar.wollok-lsp-ide-0.5.3\\out\\server\\src\\server.js:7:6142)\n    at process.processImmediate (node:internal/timers:485:21)","timestamp":"2025-12-12T04:12:49.059Z"}
{"level":"info","message":"⌛ Validating parciales/elLegadoDeSoliamMurr/asentamientos.wlk","timeElapsed":171,"timestamp":"2025-12-12T04:12:49.334Z"}
{"level":"info","message":"⌛ Validating parciales/elLegadoDeSoliamMurr/asentamientos.wlk","timeElapsed":151,"timestamp":"2025-12-12T04:12:49.596Z"}
{"level":"error","message":"✘ Completions for node Parameter ([10:25, 10:30] - parciales/elLegadoDeSoliamMurr/asentamientos.wlk) failed: Error: [Parameter]{ab2f88} at parciales/elLegadoDeSoliamMurr/asentamientos.wlk:10 exhausted all cases without a match [Parameter]{ab2f88} at parciales/elLegadoDeSoliamMurr/asentamientos.wlk:10 exhausted all cases without a match","stack":"Error: [Parameter]{ab2f88} at parciales/elLegadoDeSoliamMurr/asentamientos.wlk:10 exhausted all cases without a match\n    at c:\\Users\\edu\\.vscode\\extensions\\uqbar.wollok-lsp-ide-0.5.3\\out\\server\\src\\server.js:38:6142\n    at D2 (c:\\Users\\edu\\.vscode\\extensions\\uqbar.wollok-lsp-ide-0.5.3\\out\\server\\src\\server.js:2384:42)\n    at c:\\Users\\edu\\.vscode\\extensions\\uqbar.wollok-lsp-ide-0.5.3\\out\\server\\src\\server.js:2384:2988\n    at c:\\Users\\edu\\.vscode\\extensions\\uqbar.wollok-lsp-ide-0.5.3\\out\\server\\src\\server.js:2393:8440\n    at c:\\Users\\edu\\.vscode\\extensions\\uqbar.wollok-lsp-ide-0.5.3\\out\\server\\src\\server.js:37:74872\n    at Ye (c:\\Users\\edu\\.vscode\\extensions\\uqbar.wollok-lsp-ide-0.5.3\\out\\server\\src\\server.js:7:8527)\n    at qt (c:\\Users\\edu\\.vscode\\extensions\\uqbar.wollok-lsp-ide-0.5.3\\out\\server\\src\\server.js:7:6189)\n    at ot (c:\\Users\\edu\\.vscode\\extensions\\uqbar.wollok-lsp-ide-0.5.3\\out\\server\\src\\server.js:7:6378)\n    at Immediate._onImmediate (c:\\Users\\edu\\.vscode\\extensions\\uqbar.wollok-lsp-ide-0.5.3\\out\\server\\src\\server.js:7:6142)\n    at process.processImmediate (node:internal/timers:485:21)","timestamp":"2025-12-12T04:12:49.628Z"}
{"level":"info","message":"⌛ Validating parciales/elLegadoDeSoliamMurr/asentamientos.wlk","timeElapsed":147,"timestamp":"2025-12-12T04:12:49.779Z"}
{"level":"info","message":"⌛ Building environment","timeElapsed":103,"timestamp":"2025-12-12T04:12:50.015Z"}
{"level":"error","message":"✘ Completions for node Parameter ([10:25, 10:31] - parciales/elLegadoDeSoliamMurr/asentamientos.wlk) failed: Error: [Parameter]{9a7f3d} at parciales/elLegadoDeSoliamMurr/asentamientos.wlk:10 exhausted all cases without a match [Parameter]{9a7f3d} at parciales/elLegadoDeSoliamMurr/asentamientos.wlk:10 exhausted all cases without a match","stack":"Error: [Parameter]{9a7f3d} at parciales/elLegadoDeSoliamMurr/asentamientos.wlk:10 exhausted all cases without a match\n    at c:\\Users\\edu\\.vscode\\extensions\\uqbar.wollok-lsp-ide-0.5.3\\out\\server\\src\\server.js:38:6142\n    at D2 (c:\\Users\\edu\\.vscode\\extensions\\uqbar.wollok-lsp-ide-0.5.3\\out\\server\\src\\server.js:2384:42)\n    at c:\\Users\\edu\\.vscode\\extensions\\uqbar.wollok-lsp-ide-0.5.3\\out\\server\\src\\server.js:2384:2988\n    at c:\\Users\\edu\\.vscode\\extensions\\uqbar.wollok-lsp-ide-0.5.3\\out\\server\\src\\server.js:2393:8440\n    at c:\\Users\\edu\\.vscode\\extensions\\uqbar.wollok-lsp-ide-0.5.3\\out\\server\\src\\server.js:37:74872\n    at Ye (c:\\Users\\edu\\.vscode\\extensions\\uqbar.wollok-lsp-ide-0.5.3\\out\\server\\src\\server.js:7:8527)\n    at qt (c:\\Users\\edu\\.vscode\\extensions\\uqbar.wollok-lsp-ide-0.5.3\\out\\server\\src\\server.js:7:6189)\n    at ot (c:\\Users\\edu\\.vscode\\extensions\\uqbar.wollok-lsp-ide-0.5.3\\out\\server\\src\\server.js:7:6378)\n    at Immediate._onImmediate (c:\\Users\\edu\\.vscode\\extensions\\uqbar.wollok-lsp-ide-0.5.3\\out\\server\\src\\server.js:7:6142)\n    at process.processImmediate (node:internal/timers:485:21)","timestamp":"2025-12-12T04:12:50.044Z"}
{"level":"info","message":"⌛ Validating parciales/elLegadoDeSoliamMurr/asentamientos.wlk","timeElapsed":117,"timestamp":"2025-12-12T04:12:50.171Z"}
{"level":"error","message":"✘ Completions for node Parameter ([10:25, 10:32] - parciales/elLegadoDeSoliamMurr/asentamientos.wlk) failed: Error: [Parameter]{e0d28b} at parciales/elLegadoDeSoliamMurr/asentamientos.wlk:10 exhausted all cases without a match [Parameter]{e0d28b} at parciales/elLegadoDeSoliamMurr/asentamientos.wlk:10 exhausted all cases without a match","stack":"Error: [Parameter]{e0d28b} at parciales/elLegadoDeSoliamMurr/asentamientos.wlk:10 exhausted all cases without a match\n    at c:\\Users\\edu\\.vscode\\extensions\\uqbar.wollok-lsp-ide-0.5.3\\out\\server\\src\\server.js:38:6142\n    at D2 (c:\\Users\\edu\\.vscode\\extensions\\uqbar.wollok-lsp-ide-0.5.3\\out\\server\\src\\server.js:2384:42)\n    at c:\\Users\\edu\\.vscode\\extensions\\uqbar.wollok-lsp-ide-0.5.3\\out\\server\\src\\server.js:2384:2988\n    at c:\\Users\\edu\\.vscode\\extensions\\uqbar.wollok-lsp-ide-0.5.3\\out\\server\\src\\server.js:2393:8440\n    at c:\\Users\\edu\\.vscode\\extensions\\uqbar.wollok-lsp-ide-0.5.3\\out\\server\\src\\server.js:37:74872\n    at Ye (c:\\Users\\edu\\.vscode\\extensions\\uqbar.wollok-lsp-ide-0.5.3\\out\\server\\src\\server.js:7:8527)\n    at qt (c:\\Users\\edu\\.vscode\\extensions\\uqbar.wollok-lsp-ide-0.5.3\\out\\server\\src\\server.js:7:6189)\n    at ot (c:\\Users\\edu\\.vscode\\extensions\\uqbar.wollok-lsp-ide-0.5.3\\out\\server\\src\\server.js:7:6378)\n    at Immediate._onImmediate (c:\\Users\\edu\\.vscode\\extensions\\uqbar.wollok-lsp-ide-0.5.3\\out\\server\\src\\server.js:7:6142)\n    at process.processImmediate (node:internal/timers:485:21)","timestamp":"2025-12-12T04:12:50.280Z"}
{"level":"info","message":"⌛ Validating parciales/elLegadoDeSoliamMurr/asentamientos.wlk","timeElapsed":121,"timestamp":"2025-12-12T04:12:50.405Z"}
{"level":"error","message":"✘ Completions for node Parameter ([10:25, 10:33] - parciales/elLegadoDeSoliamMurr/asentamientos.wlk) failed: Error: [Parameter]{399860} at parciales/elLegadoDeSoliamMurr/asentamientos.wlk:10 exhausted all cases without a match [Parameter]{399860} at parciales/elLegadoDeSoliamMurr/asentamientos.wlk:10 exhausted all cases without a match","stack":"Error: [Parameter]{399860} at parciales/elLegadoDeSoliamMurr/asentamientos.wlk:10 exhausted all cases without a match\n    at c:\\Users\\edu\\.vscode\\extensions\\uqbar.wollok-lsp-ide-0.5.3\\out\\server\\src\\server.js:38:6142\n    at D2 (c:\\Users\\edu\\.vscode\\extensions\\uqbar.wollok-lsp-ide-0.5.3\\out\\server\\src\\server.js:2384:42)\n    at c:\\Users\\edu\\.vscode\\extensions\\uqbar.wollok-lsp-ide-0.5.3\\out\\server\\src\\server.js:2384:2988\n    at c:\\Users\\edu\\.vscode\\extensions\\uqbar.wollok-lsp-ide-0.5.3\\out\\server\\src\\server.js:2393:8440\n    at c:\\Users\\edu\\.vscode\\extensions\\uqbar.wollok-lsp-ide-0.5.3\\out\\server\\src\\server.js:37:74872\n    at Ye (c:\\Users\\edu\\.vscode\\extensions\\uqbar.wollok-lsp-ide-0.5.3\\out\\server\\src\\server.js:7:8527)\n    at qt (c:\\Users\\edu\\.vscode\\extensions\\uqbar.wollok-lsp-ide-0.5.3\\out\\server\\src\\server.js:7:6189)\n    at ot (c:\\Users\\edu\\.vscode\\extensions\\uqbar.wollok-lsp-ide-0.5.3\\out\\server\\src\\server.js:7:6378)\n    at Immediate._onImmediate (c:\\Users\\edu\\.vscode\\extensions\\uqbar.wollok-lsp-ide-0.5.3\\out\\server\\src\\server.js:7:6142)\n    at process.processImmediate (node:internal/timers:485:21)","timestamp":"2025-12-12T04:12:51.005Z"}
{"level":"info","message":"⌛ Validating parciales/elLegadoDeSoliamMurr/asentamientos.wlk","timeElapsed":148,"timestamp":"2025-12-12T04:12:51.261Z"}
{"level":"info","message":"⌛ Validating parciales/elLegadoDeSoliamMurr/asentamientos.wlk","timeElapsed":144,"timestamp":"2025-12-12T04:12:51.405Z"}
{"level":"error","message":"✘ Completions for node Parameter ([10:25, 10:35] - parciales/elLegadoDeSoliamMurr/asentamientos.wlk) failed: Error: [Parameter]{e74839} at parciales/elLegadoDeSoliamMurr/asentamientos.wlk:10 exhausted all cases without a match [Parameter]{e74839} at parciales/elLegadoDeSoliamMurr/asentamientos.wlk:10 exhausted all cases without a match","stack":"Error: [Parameter]{e74839} at parciales/elLegadoDeSoliamMurr/asentamientos.wlk:10 exhausted all cases without a match\n    at c:\\Users\\edu\\.vscode\\extensions\\uqbar.wollok-lsp-ide-0.5.3\\out\\server\\src\\server.js:38:6142\n    at D2 (c:\\Users\\edu\\.vscode\\extensions\\uqbar.wollok-lsp-ide-0.5.3\\out\\server\\src\\server.js:2384:42)\n    at c:\\Users\\edu\\.vscode\\extensions\\uqbar.wollok-lsp-ide-0.5.3\\out\\server\\src\\server.js:2384:2988\n    at c:\\Users\\edu\\.vscode\\extensions\\uqbar.wollok-lsp-ide-0.5.3\\out\\server\\src\\server.js:2393:8440\n    at c:\\Users\\edu\\.vscode\\extensions\\uqbar.wollok-lsp-ide-0.5.3\\out\\server\\src\\server.js:37:74872\n    at Ye (c:\\Users\\edu\\.vscode\\extensions\\uqbar.wollok-lsp-ide-0.5.3\\out\\server\\src\\server.js:7:8527)\n    at qt (c:\\Users\\edu\\.vscode\\extensions\\uqbar.wollok-lsp-ide-0.5.3\\out\\server\\src\\server.js:7:6189)\n    at ot (c:\\Users\\edu\\.vscode\\extensions\\uqbar.wollok-lsp-ide-0.5.3\\out\\server\\src\\server.js:7:6378)\n    at Immediate._onImmediate (c:\\Users\\edu\\.vscode\\extensions\\uqbar.wollok-lsp-ide-0.5.3\\out\\server\\src\\server.js:7:6142)\n    at process.processImmediate (node:internal/timers:485:21)","timestamp":"2025-12-12T04:12:52.648Z"}
{"level":"info","message":"⌛ Validating parciales/elLegadoDeSoliamMurr/asentamientos.wlk","timeElapsed":158,"timestamp":"2025-12-12T04:12:52.820Z"}
{"level":"info","message":"⌛ Building environment","timeElapsed":124,"timestamp":"2025-12-12T04:12:54.298Z"}
{"level":"info","message":"⌛ Validating parciales/elLegadoDeSoliamMurr/asentamientos.wlk","timeElapsed":140,"timestamp":"2025-12-12T04:12:54.575Z"}
{"level":"info","message":"⌛ Validating parciales/elLegadoDeSoliamMurr/asentamientos.wlk","timeElapsed":125,"timestamp":"2025-12-12T04:12:54.775Z"}
{"level":"info","message":"⌛ Validating parciales/elLegadoDeSoliamMurr/asentamientos.wlk","timeElapsed":123,"timestamp":"2025-12-12T04:12:54.974Z"}
{"level":"info","message":"⌛ Validating parciales/elLegadoDeSoliamMurr/asentamientos.wlk","timeElapsed":123,"timestamp":"2025-12-12T04:12:55.102Z"}
{"level":"info","message":"⌛ Validating parciales/elLegadoDeSoliamMurr/asentamientos.wlk","timeElapsed":124,"timestamp":"2025-12-12T04:12:55.303Z"}
{"level":"info","message":"⌛ Validating parciales/elLegadoDeSoliamMurr/asentamientos.wlk","timeElapsed":130,"timestamp":"2025-12-12T04:12:56.424Z"}
{"level":"info","message":"⌛ Validating parciales/elLegadoDeSoliamMurr/asentamientos.wlk","timeElapsed":120,"timestamp":"2025-12-12T04:12:56.623Z"}
{"level":"info","message":"⌛ Building environment","timeElapsed":128,"timestamp":"2025-12-12T04:12:57.473Z"}
{"level":"info","message":"⌛ Validating parciales/elLegadoDeSoliamMurr/asentamientos.wlk","timeElapsed":148,"timestamp":"2025-12-12T04:12:57.622Z"}
{"level":"info","message":"⌛ Building environment","timeElapsed":122,"timestamp":"2025-12-12T04:12:58.071Z"}
{"level":"info","message":"⌛ Validating parciales/elLegadoDeSoliamMurr/asentamientos.wlk","timeElapsed":122,"timestamp":"2025-12-12T04:12:58.194Z"}
{"level":"info","message":"⌛ Validating parciales/elLegadoDeSoliamMurr/asentamientos.wlk","timeElapsed":162,"timestamp":"2025-12-12T04:12:58.427Z"}
{"level":"info","message":"⌛ Building environment","timeElapsed":107,"timestamp":"2025-12-12T04:12:59.689Z"}
{"level":"info","message":"⌛ Validating parciales/elLegadoDeSoliamMurr/asentamientos.wlk","timeElapsed":151,"timestamp":"2025-12-12T04:12:59.962Z"}
{"level":"info","message":"⌛ Validating parciales/elLegadoDeSoliamMurr/asentamientos.wlk","timeElapsed":147,"timestamp":"2025-12-12T04:13:00.110Z"}
{"level":"info","message":"⌛ Validating parciales/elLegadoDeSoliamMurr/asentamientos.wlk","timeElapsed":137,"timestamp":"2025-12-12T04:14:05.109Z"}
{"level":"info","message":"⌛ Building environment","timeElapsed":105,"timestamp":"2025-12-12T04:14:05.708Z"}
{"level":"info","message":"⌛ Validating parciales/elLegadoDeSoliamMurr/asentamientos.wlk","timeElapsed":150,"timestamp":"2025-12-12T04:14:05.867Z"}
{"level":"info","message":"⌛ Building environment","timeElapsed":102,"timestamp":"2025-12-12T04:14:11.294Z"}
{"level":"info","message":"⌛ Building environment","timeElapsed":102,"timestamp":"2025-12-12T04:14:11.428Z"}
{"level":"info","message":"⌛ Validating parciales/elLegadoDeSoliamMurr/asentamientos.wlk","timeElapsed":170,"timestamp":"2025-12-12T04:14:11.600Z"}
{"level":"info","message":"⌛ Validating parciales/elLegadoDeSoliamMurr/asentamientos.wlk","timeElapsed":125,"timestamp":"2025-12-12T04:14:11.853Z"}
{"level":"info","message":"⌛ Building environment","timeElapsed":119,"timestamp":"2025-12-12T04:14:11.972Z"}
{"level":"info","message":"⌛ Building environment","timeElapsed":103,"timestamp":"2025-12-12T04:14:12.076Z"}
{"level":"info","message":"⌛ Validating parciales/elLegadoDeSoliamMurr/asentamientos.wlk","timeElapsed":125,"timestamp":"2025-12-12T04:14:12.200Z"}
{"level":"info","message":"⌛ Validating parciales/elLegadoDeSoliamMurr/asentamientos.wlk","timeElapsed":122,"timestamp":"2025-12-12T04:14:12.486Z"}
{"level":"info","message":"⌛ Validating parciales/elLegadoDeSoliamMurr/asentamientos.wlk","timeElapsed":124,"timestamp":"2025-12-12T04:14:12.687Z"}
{"level":"info","message":"⌛ Building environment","timeElapsed":105,"timestamp":"2025-12-12T04:14:12.793Z"}
{"level":"info","message":"⌛ Validating parciales/elLegadoDeSoliamMurr/asentamientos.wlk","timeElapsed":136,"timestamp":"2025-12-12T04:14:12.938Z"}
{"level":"info","message":"⌛ Validating parciales/elLegadoDeSoliamMurr/asentamientos.wlk","timeElapsed":127,"timestamp":"2025-12-12T04:14:13.193Z"}
{"level":"info","message":"⌛ Validating parciales/elLegadoDeSoliamMurr/asentamientos.wlk","timeElapsed":117,"timestamp":"2025-12-12T04:14:13.310Z"}
{"level":"info","message":"⌛ Validating parciales/elLegadoDeSoliamMurr/asentamientos.wlk","timeElapsed":125,"timestamp":"2025-12-12T04:14:13.440Z"}
{"level":"info","message":"⌛ Validating parciales/elLegadoDeSoliamMurr/asentamientos.wlk","timeElapsed":132,"timestamp":"2025-12-12T04:14:13.649Z"}
{"level":"info","message":"⌛ Validating parciales/elLegadoDeSoliamMurr/asentamientos.wlk","timeElapsed":121,"timestamp":"2025-12-12T04:14:13.777Z"}
{"level":"info","message":"⌛ Validating parciales/elLegadoDeSoliamMurr/asentamientos.wlk","timeElapsed":127,"timestamp":"2025-12-12T04:14:13.990Z"}
{"level":"info","message":"⌛ Validating parciales/elLegadoDeSoliamMurr/asentamientos.wlk","timeElapsed":123,"timestamp":"2025-12-12T04:14:14.696Z"}
{"level":"info","message":"⌛ Validating parciales/elLegadoDeSoliamMurr/asentamientos.wlk","timeElapsed":124,"timestamp":"2025-12-12T04:14:15.046Z"}
{"level":"info","message":"⌛ Building environment","timeElapsed":118,"timestamp":"2025-12-12T04:14:15.165Z"}
{"level":"info","message":"⌛ Validating parciales/elLegadoDeSoliamMurr/asentamientos.wlk","timeElapsed":121,"timestamp":"2025-12-12T04:14:15.285Z"}
{"level":"info","message":"⌛ Validating parciales/elLegadoDeSoliamMurr/asentamientos.wlk","timeElapsed":120,"timestamp":"2025-12-12T04:14:15.406Z"}
{"level":"info","message":"⌛ Validating parciales/elLegadoDeSoliamMurr/asentamientos.wlk","timeElapsed":114,"timestamp":"2025-12-12T04:14:15.528Z"}
{"level":"info","message":"⌛ Validating parciales/elLegadoDeSoliamMurr/asentamientos.wlk","timeElapsed":143,"timestamp":"2025-12-12T04:14:17.325Z"}
{"level":"info","message":"⌛ Validating parciales/elLegadoDeSoliamMurr/asentamientos.wlk","timeElapsed":126,"timestamp":"2025-12-12T04:14:17.577Z"}
{"level":"info","message":"⌛ Building environment","timeElapsed":154,"timestamp":"2025-12-12T04:14:18.668Z"}
{"level":"error","message":"✘ Completions for node Parameter ([14:18, 14:19] - parciales/elLegadoDeSoliamMurr/asentamientos.wlk) failed: Error: [Parameter]{0b3f3a} at parciales/elLegadoDeSoliamMurr/asentamientos.wlk:14 exhausted all cases without a match [Parameter]{0b3f3a} at parciales/elLegadoDeSoliamMurr/asentamientos.wlk:14 exhausted all cases without a match","stack":"Error: [Parameter]{0b3f3a} at parciales/elLegadoDeSoliamMurr/asentamientos.wlk:14 exhausted all cases without a match\n    at c:\\Users\\edu\\.vscode\\extensions\\uqbar.wollok-lsp-ide-0.5.3\\out\\server\\src\\server.js:38:6142\n    at D2 (c:\\Users\\edu\\.vscode\\extensions\\uqbar.wollok-lsp-ide-0.5.3\\out\\server\\src\\server.js:2384:42)\n    at c:\\Users\\edu\\.vscode\\extensions\\uqbar.wollok-lsp-ide-0.5.3\\out\\server\\src\\server.js:2384:2988\n    at c:\\Users\\edu\\.vscode\\extensions\\uqbar.wollok-lsp-ide-0.5.3\\out\\server\\src\\server.js:2393:8440\n    at c:\\Users\\edu\\.vscode\\extensions\\uqbar.wollok-lsp-ide-0.5.3\\out\\server\\src\\server.js:37:74872\n    at Ye (c:\\Users\\edu\\.vscode\\extensions\\uqbar.wollok-lsp-ide-0.5.3\\out\\server\\src\\server.js:7:8527)\n    at qt (c:\\Users\\edu\\.vscode\\extensions\\uqbar.wollok-lsp-ide-0.5.3\\out\\server\\src\\server.js:7:6189)\n    at ot (c:\\Users\\edu\\.vscode\\extensions\\uqbar.wollok-lsp-ide-0.5.3\\out\\server\\src\\server.js:7:6378)\n    at Immediate._onImmediate (c:\\Users\\edu\\.vscode\\extensions\\uqbar.wollok-lsp-ide-0.5.3\\out\\server\\src\\server.js:7:6142)\n    at process.processImmediate (node:internal/timers:485:21)","timestamp":"2025-12-12T04:14:18.704Z"}
{"level":"info","message":"⌛ Validating parciales/elLegadoDeSoliamMurr/asentamientos.wlk","timeElapsed":157,"timestamp":"2025-12-12T04:14:18.962Z"}
{"level":"info","message":"⌛ Validating parciales/elLegadoDeSoliamMurr/asentamientos.wlk","timeElapsed":161,"timestamp":"2025-12-12T04:14:19.124Z"}
{"level":"info","message":"⌛ Building environment","timeElapsed":104,"timestamp":"2025-12-12T04:14:19.236Z"}
{"level":"error","message":"✘ Completions for node Parameter ([14:18, 14:21] - parciales/elLegadoDeSoliamMurr/asentamientos.wlk) failed: Error: [Parameter]{6530da} at parciales/elLegadoDeSoliamMurr/asentamientos.wlk:14 exhausted all cases without a match [Parameter]{6530da} at parciales/elLegadoDeSoliamMurr/asentamientos.wlk:14 exhausted all cases without a match","stack":"Error: [Parameter]{6530da} at parciales/elLegadoDeSoliamMurr/asentamientos.wlk:14 exhausted all cases without a match\n    at c:\\Users\\edu\\.vscode\\extensions\\uqbar.wollok-lsp-ide-0.5.3\\out\\server\\src\\server.js:38:6142\n    at D2 (c:\\Users\\edu\\.vscode\\extensions\\uqbar.wollok-lsp-ide-0.5.3\\out\\server\\src\\server.js:2384:42)\n    at c:\\Users\\edu\\.vscode\\extensions\\uqbar.wollok-lsp-ide-0.5.3\\out\\server\\src\\server.js:2384:2988\n    at c:\\Users\\edu\\.vscode\\extensions\\uqbar.wollok-lsp-ide-0.5.3\\out\\server\\src\\server.js:2393:8440\n    at c:\\Users\\edu\\.vscode\\extensions\\uqbar.wollok-lsp-ide-0.5.3\\out\\server\\src\\server.js:37:74872\n    at Ye (c:\\Users\\edu\\.vscode\\extensions\\uqbar.wollok-lsp-ide-0.5.3\\out\\server\\src\\server.js:7:8527)\n    at qt (c:\\Users\\edu\\.vscode\\extensions\\uqbar.wollok-lsp-ide-0.5.3\\out\\server\\src\\server.js:7:6189)\n    at ot (c:\\Users\\edu\\.vscode\\extensions\\uqbar.wollok-lsp-ide-0.5.3\\out\\server\\src\\server.js:7:6378)\n    at Immediate._onImmediate (c:\\Users\\edu\\.vscode\\extensions\\uqbar.wollok-lsp-ide-0.5.3\\out\\server\\src\\server.js:7:6142)\n    at process.processImmediate (node:internal/timers:485:21)","timestamp":"2025-12-12T04:14:19.264Z"}
{"level":"info","message":"⌛ Validating parciales/elLegadoDeSoliamMurr/asentamientos.wlk","timeElapsed":135,"timestamp":"2025-12-12T04:14:19.580Z"}
{"level":"error","message":"✘ Completions for node Parameter ([14:18, 14:24] - parciales/elLegadoDeSoliamMurr/asentamientos.wlk) failed: Error: [Parameter]{ebdecc} at parciales/elLegadoDeSoliamMurr/asentamientos.wlk:14 exhausted all cases without a match [Parameter]{ebdecc} at parciales/elLegadoDeSoliamMurr/asentamientos.wlk:14 exhausted all cases without a match","stack":"Error: [Parameter]{ebdecc} at parciales/elLegadoDeSoliamMurr/asentamientos.wlk:14 exhausted all cases without a match\n    at c:\\Users\\edu\\.vscode\\extensions\\uqbar.wollok-lsp-ide-0.5.3\\out\\server\\src\\server.js:38:6142\n    at D2 (c:\\Users\\edu\\.vscode\\extensions\\uqbar.wollok-lsp-ide-0.5.3\\out\\server\\src\\server.js:2384:42)\n    at c:\\Users\\edu\\.vscode\\extensions\\uqbar.wollok-lsp-ide-0.5.3\\out\\server\\src\\server.js:2384:2988\n    at c:\\Users\\edu\\.vscode\\extensions\\uqbar.wollok-lsp-ide-0.5.3\\out\\server\\src\\server.js:2393:8440\n    at c:\\Users\\edu\\.vscode\\extensions\\uqbar.wollok-lsp-ide-0.5.3\\out\\server\\src\\server.js:37:74872\n    at Ye (c:\\Users\\edu\\.vscode\\extensions\\uqbar.wollok-lsp-ide-0.5.3\\out\\server\\src\\server.js:7:8527)\n    at qt (c:\\Users\\edu\\.vscode\\extensions\\uqbar.wollok-lsp-ide-0.5.3\\out\\server\\src\\server.js:7:6189)\n    at ot (c:\\Users\\edu\\.vscode\\extensions\\uqbar.wollok-lsp-ide-0.5.3\\out\\server\\src\\server.js:7:6378)\n    at Immediate._onImmediate (c:\\Users\\edu\\.vscode\\extensions\\uqbar.wollok-lsp-ide-0.5.3\\out\\server\\src\\server.js:7:6142)\n    at process.processImmediate (node:internal/timers:485:21)","timestamp":"2025-12-12T04:14:19.690Z"}
{"level":"info","message":"⌛ Validating parciales/elLegadoDeSoliamMurr/asentamientos.wlk","timeElapsed":128,"timestamp":"2025-12-12T04:14:19.821Z"}
{"level":"info","message":"⌛ Validating parciales/elLegadoDeSoliamMurr/asentamientos.wlk","timeElapsed":119,"timestamp":"2025-12-12T04:14:19.943Z"}
{"level":"info","message":"⌛ Validating parciales/elLegadoDeSoliamMurr/asentamientos.wlk","timeElapsed":123,"timestamp":"2025-12-12T04:14:20.136Z"}
{"level":"info","message":"⌛ Validating parciales/elLegadoDeSoliamMurr/asentamientos.wlk","timeElapsed":121,"timestamp":"2025-12-12T04:14:20.265Z"}
{"level":"error","message":"✘ Completions for node Parameter ([14:18, 14:26] - parciales/elLegadoDeSoliamMurr/asentamientos.wlk) failed: Error: [Parameter]{bdf3dc} at parciales/elLegadoDeSoliamMurr/asentamientos.wlk:14 exhausted all cases without a match [Parameter]{bdf3dc} at parciales/elLegadoDeSoliamMurr/asentamientos.wlk:14 exhausted all cases without a match","stack":"Error: [Parameter]{bdf3dc} at parciales/elLegadoDeSoliamMurr/asentamientos.wlk:14 exhausted all cases without a match\n    at c:\\Users\\edu\\.vscode\\extensions\\uqbar.wollok-lsp-ide-0.5.3\\out\\server\\src\\server.js:38:6142\n    at D2 (c:\\Users\\edu\\.vscode\\extensions\\uqbar.wollok-lsp-ide-0.5.3\\out\\server\\src\\server.js:2384:42)\n    at c:\\Users\\edu\\.vscode\\extensions\\uqbar.wollok-lsp-ide-0.5.3\\out\\server\\src\\server.js:2384:2988\n    at c:\\Users\\edu\\.vscode\\extensions\\uqbar.wollok-lsp-ide-0.5.3\\out\\server\\src\\server.js:2393:8440\n    at c:\\Users\\edu\\.vscode\\extensions\\uqbar.wollok-lsp-ide-0.5.3\\out\\server\\src\\server.js:37:74872\n    at Ye (c:\\Users\\edu\\.vscode\\extensions\\uqbar.wollok-lsp-ide-0.5.3\\out\\server\\src\\server.js:7:8527)\n    at qt (c:\\Users\\edu\\.vscode\\extensions\\uqbar.wollok-lsp-ide-0.5.3\\out\\server\\src\\server.js:7:6189)\n    at ot (c:\\Users\\edu\\.vscode\\extensions\\uqbar.wollok-lsp-ide-0.5.3\\out\\server\\src\\server.js:7:6378)\n    at Immediate._onImmediate (c:\\Users\\edu\\.vscode\\extensions\\uqbar.wollok-lsp-ide-0.5.3\\out\\server\\src\\server.js:7:6142)\n    at process.processImmediate (node:internal/timers:485:21)","timestamp":"2025-12-12T04:14:20.391Z"}
{"level":"info","message":"⌛ Validating parciales/elLegadoDeSoliamMurr/asentamientos.wlk","timeElapsed":120,"timestamp":"2025-12-12T04:14:20.677Z"}
{"level":"info","message":"⌛ Validating parciales/elLegadoDeSoliamMurr/asentamientos.wlk","timeElapsed":117,"timestamp":"2025-12-12T04:14:20.794Z"}
{"level":"info","message":"⌛ Validating parciales/elLegadoDeSoliamMurr/asentamientos.wlk","timeElapsed":116,"timestamp":"2025-12-12T04:14:20.910Z"}
{"level":"info","message":"⌛ Building environment","timeElapsed":126,"timestamp":"2025-12-12T04:14:30.700Z"}
{"level":"info","message":"⌛ Building environment","timeElapsed":111,"timestamp":"2025-12-12T04:14:30.858Z"}
{"level":"info","message":"⌛ Validating parciales/elLegadoDeSoliamMurr/asentamientos.wlk","timeElapsed":153,"timestamp":"2025-12-12T04:14:31.011Z"}
{"level":"info","message":"⌛ Validating parciales/elLegadoDeSoliamMurr/asentamientos.wlk","timeElapsed":151,"timestamp":"2025-12-12T04:14:31.163Z"}
{"level":"info","message":"⌛ Validating parciales/elLegadoDeSoliamMurr/asentamientos.wlk","timeElapsed":150,"timestamp":"2025-12-12T04:14:32.203Z"}
{"level":"info","message":"⌛ Building environment","timeElapsed":111,"timestamp":"2025-12-12T04:14:33.090Z"}
{"level":"error","message":"✘ Completions for node Send ([15:5, 15:10] - parciales/elLegadoDeSoliamMurr/asentamientos.wlk) failed: Error: [Send]{4dc7d9} at parciales/elLegadoDeSoliamMurr/asentamientos.wlk:15 exhausted all cases without a match [Send]{4dc7d9} at parciales/elLegadoDeSoliamMurr/asentamientos.wlk:15 exhausted all cases without a match","stack":"Error: [Send]{4dc7d9} at parciales/elLegadoDeSoliamMurr/asentamientos.wlk:15 exhausted all cases without a match\n    at c:\\Users\\edu\\.vscode\\extensions\\uqbar.wollok-lsp-ide-0.5.3\\out\\server\\src\\server.js:38:6142\n    at D2 (c:\\Users\\edu\\.vscode\\extensions\\uqbar.wollok-lsp-ide-0.5.3\\out\\server\\src\\server.js:2384:42)\n    at Qh (c:\\Users\\edu\\.vscode\\extensions\\uqbar.wollok-lsp-ide-0.5.3\\out\\server\\src\\server.js:2384:1092)\n    at k6n (c:\\Users\\edu\\.vscode\\extensions\\uqbar.wollok-lsp-ide-0.5.3\\out\\server\\src\\server.js:2384:1248)\n    at c:\\Users\\edu\\.vscode\\extensions\\uqbar.wollok-lsp-ide-0.5.3\\out\\server\\src\\server.js:38:6131\n    at D2 (c:\\Users\\edu\\.vscode\\extensions\\uqbar.wollok-lsp-ide-0.5.3\\out\\server\\src\\server.js:2384:42)\n    at c:\\Users\\edu\\.vscode\\extensions\\uqbar.wollok-lsp-ide-0.5.3\\out\\server\\src\\server.js:2384:2988\n    at c:\\Users\\edu\\.vscode\\extensions\\uqbar.wollok-lsp-ide-0.5.3\\out\\server\\src\\server.js:2393:8440\n    at c:\\Users\\edu\\.vscode\\extensions\\uqbar.wollok-lsp-ide-0.5.3\\out\\server\\src\\server.js:37:74872\n    at Ye (c:\\Users\\edu\\.vscode\\extensions\\uqbar.wollok-lsp-ide-0.5.3\\out\\server\\src\\server.js:7:8527)","timestamp":"2025-12-12T04:14:33.128Z"}
{"level":"info","message":"⌛ Validating parciales/elLegadoDeSoliamMurr/asentamientos.wlk","timeElapsed":155,"timestamp":"2025-12-12T04:14:33.384Z"}
{"level":"info","message":"⌛ Validating parciales/elLegadoDeSoliamMurr/asentamientos.wlk","timeElapsed":147,"timestamp":"2025-12-12T04:14:33.532Z"}
{"level":"info","message":"⌛ Building environment","timeElapsed":119,"timestamp":"2025-12-12T04:14:33.653Z"}
{"level":"info","message":"⌛ Validating parciales/elLegadoDeSoliamMurr/asentamientos.wlk","timeElapsed":138,"timestamp":"2025-12-12T04:14:33.797Z"}
{"level":"info","message":"⌛ Validating parciales/elLegadoDeSoliamMurr/asentamientos.wlk","timeElapsed":126,"timestamp":"2025-12-12T04:14:34.008Z"}
{"level":"error","message":"✘ Completions for node Send ([15:5, 15:12] - parciales/elLegadoDeSoliamMurr/asentamientos.wlk) failed: Error: [Send]{94c038} at parciales/elLegadoDeSoliamMurr/asentamientos.wlk:15 exhausted all cases without a match [Send]{94c038} at parciales/elLegadoDeSoliamMurr/asentamientos.wlk:15 exhausted all cases without a match","stack":"Error: [Send]{94c038} at parciales/elLegadoDeSoliamMurr/asentamientos.wlk:15 exhausted all cases without a match\n    at c:\\Users\\edu\\.vscode\\extensions\\uqbar.wollok-lsp-ide-0.5.3\\out\\server\\src\\server.js:38:6142\n    at D2 (c:\\Users\\edu\\.vscode\\extensions\\uqbar.wollok-lsp-ide-0.5.3\\out\\server\\src\\server.js:2384:42)\n    at Qh (c:\\Users\\edu\\.vscode\\extensions\\uqbar.wollok-lsp-ide-0.5.3\\out\\server\\src\\server.js:2384:1092)\n    at k6n (c:\\Users\\edu\\.vscode\\extensions\\uqbar.wollok-lsp-ide-0.5.3\\out\\server\\src\\server.js:2384:1248)\n    at c:\\Users\\edu\\.vscode\\extensions\\uqbar.wollok-lsp-ide-0.5.3\\out\\server\\src\\server.js:38:6131\n    at D2 (c:\\Users\\edu\\.vscode\\extensions\\uqbar.wollok-lsp-ide-0.5.3\\out\\server\\src\\server.js:2384:42)\n    at c:\\Users\\edu\\.vscode\\extensions\\uqbar.wollok-lsp-ide-0.5.3\\out\\server\\src\\server.js:2384:2988\n    at c:\\Users\\edu\\.vscode\\extensions\\uqbar.wollok-lsp-ide-0.5.3\\out\\server\\src\\server.js:2393:8440\n    at c:\\Users\\edu\\.vscode\\extensions\\uqbar.wollok-lsp-ide-0.5.3\\out\\server\\src\\server.js:37:74872\n    at Ye (c:\\Users\\edu\\.vscode\\extensions\\uqbar.wollok-lsp-ide-0.5.3\\out\\server\\src\\server.js:7:8527)","timestamp":"2025-12-12T04:14:34.266Z"}
{"level":"info","message":"⌛ Validating parciales/elLegadoDeSoliamMurr/asentamientos.wlk","timeElapsed":132,"timestamp":"2025-12-12T04:14:34.402Z"}
{"level":"info","message":"⌛ Building environment","timeElapsed":109,"timestamp":"2025-12-12T04:14:34.725Z"}
{"level":"info","message":"⌛ Validating parciales/elLegadoDeSoliamMurr/asentamientos.wlk","timeElapsed":145,"timestamp":"2025-12-12T04:14:34.871Z"}
{"level":"info","message":"⌛ Validating parciales/elLegadoDeSoliamMurr/asentamientos.wlk","timeElapsed":147,"timestamp":"2025-12-12T04:14:35.261Z"}
{"level":"info","message":"⌛ Validating parciales/elLegadoDeSoliamMurr/asentamientos.wlk","timeElapsed":140,"timestamp":"2025-12-12T04:14:39.699Z"}
{"level":"info","message":"⌛ Building environment","timeElapsed":103,"timestamp":"2025-12-12T04:14:39.891Z"}
{"level":"info","message":"⌛ Building environment","timeElapsed":106,"timestamp":"2025-12-12T04:14:40.004Z"}
{"level":"info","message":"⌛ Validating parciales/elLegadoDeSoliamMurr/asentamientos.wlk","timeElapsed":144,"timestamp":"2025-12-12T04:14:40.149Z"}
{"level":"info","message":"⌛ Validating parciales/elLegadoDeSoliamMurr/asentamientos.wlk","timeElapsed":134,"timestamp":"2025-12-12T04:14:40.282Z"}
{"level":"info","message":"⌛ Building environment","timeElapsed":134,"timestamp":"2025-12-12T04:14:40.871Z"}
{"level":"info","message":"⌛ Validating parciales/elLegadoDeSoliamMurr/asentamientos.wlk","timeElapsed":155,"timestamp":"2025-12-12T04:14:41.027Z"}
{"level":"info","message":"⌛ Validating parciales/elLegadoDeSoliamMurr/asentamientos.wlk","timeElapsed":154,"timestamp":"2025-12-12T04:14:41.367Z"}
{"level":"info","message":"⌛ Validating parciales/elLegadoDeSoliamMurr/asentamientos.wlk","timeElapsed":142,"timestamp":"2025-12-12T04:14:41.510Z"}
{"level":"error","message":"✘ Completions for node Send ([15:5, 15:26] - parciales/elLegadoDeSoliamMurr/asentamientos.wlk) failed: Error: [Send]{280a29} at parciales/elLegadoDeSoliamMurr/asentamientos.wlk:15 exhausted all cases without a match [Send]{280a29} at parciales/elLegadoDeSoliamMurr/asentamientos.wlk:15 exhausted all cases without a match","stack":"Error: [Send]{280a29} at parciales/elLegadoDeSoliamMurr/asentamientos.wlk:15 exhausted all cases without a match\n    at c:\\Users\\edu\\.vscode\\extensions\\uqbar.wollok-lsp-ide-0.5.3\\out\\server\\src\\server.js:38:6142\n    at D2 (c:\\Users\\edu\\.vscode\\extensions\\uqbar.wollok-lsp-ide-0.5.3\\out\\server\\src\\server.js:2384:42)\n    at Qh (c:\\Users\\edu\\.vscode\\extensions\\uqbar.wollok-lsp-ide-0.5.3\\out\\server\\src\\server.js:2384:1092)\n    at k6n (c:\\Users\\edu\\.vscode\\extensions\\uqbar.wollok-lsp-ide-0.5.3\\out\\server\\src\\server.js:2384:1248)\n    at c:\\Users\\edu\\.vscode\\extensions\\uqbar.wollok-lsp-ide-0.5.3\\out\\server\\src\\server.js:38:6131\n    at D2 (c:\\Users\\edu\\.vscode\\extensions\\uqbar.wollok-lsp-ide-0.5.3\\out\\server\\src\\server.js:2384:42)\n    at c:\\Users\\edu\\.vscode\\extensions\\uqbar.wollok-lsp-ide-0.5.3\\out\\server\\src\\server.js:2384:2988\n    at c:\\Users\\edu\\.vscode\\extensions\\uqbar.wollok-lsp-ide-0.5.3\\out\\server\\src\\server.js:2393:8440\n    at c:\\Users\\edu\\.vscode\\extensions\\uqbar.wollok-lsp-ide-0.5.3\\out\\server\\src\\server.js:37:74872\n    at Ye (c:\\Users\\edu\\.vscode\\extensions\\uqbar.wollok-lsp-ide-0.5.3\\out\\server\\src\\server.js:7:8527)","timestamp":"2025-12-12T04:14:41.639Z"}
{"level":"info","message":"⌛ Validating parciales/elLegadoDeSoliamMurr/asentamientos.wlk","timeElapsed":121,"timestamp":"2025-12-12T04:14:41.861Z"}
{"level":"info","message":"⌛ Validating parciales/elLegadoDeSoliamMurr/asentamientos.wlk","timeElapsed":113,"timestamp":"2025-12-12T04:14:41.977Z"}
{"level":"error","message":"✘ Completions for node Send ([15:5, 15:28] - parciales/elLegadoDeSoliamMurr/asentamientos.wlk) failed: Error: [Send]{ac5ce2} at parciales/elLegadoDeSoliamMurr/asentamientos.wlk:15 exhausted all cases without a match [Send]{ac5ce2} at parciales/elLegadoDeSoliamMurr/asentamientos.wlk:15 exhausted all cases without a match","stack":"Error: [Send]{ac5ce2} at parciales/elLegadoDeSoliamMurr/asentamientos.wlk:15 exhausted all cases without a match\n    at c:\\Users\\edu\\.vscode\\extensions\\uqbar.wollok-lsp-ide-0.5.3\\out\\server\\src\\server.js:38:6142\n    at D2 (c:\\Users\\edu\\.vscode\\extensions\\uqbar.wollok-lsp-ide-0.5.3\\out\\server\\src\\server.js:2384:42)\n    at Qh (c:\\Users\\edu\\.vscode\\extensions\\uqbar.wollok-lsp-ide-0.5.3\\out\\server\\src\\server.js:2384:1092)\n    at k6n (c:\\Users\\edu\\.vscode\\extensions\\uqbar.wollok-lsp-ide-0.5.3\\out\\server\\src\\server.js:2384:1248)\n    at c:\\Users\\edu\\.vscode\\extensions\\uqbar.wollok-lsp-ide-0.5.3\\out\\server\\src\\server.js:38:6131\n    at D2 (c:\\Users\\edu\\.vscode\\extensions\\uqbar.wollok-lsp-ide-0.5.3\\out\\server\\src\\server.js:2384:42)\n    at c:\\Users\\edu\\.vscode\\extensions\\uqbar.wollok-lsp-ide-0.5.3\\out\\server\\src\\server.js:2384:2988\n    at c:\\Users\\edu\\.vscode\\extensions\\uqbar.wollok-lsp-ide-0.5.3\\out\\server\\src\\server.js:2393:8440\n    at c:\\Users\\edu\\.vscode\\extensions\\uqbar.wollok-lsp-ide-0.5.3\\out\\server\\src\\server.js:37:74872\n    at Ye (c:\\Users\\edu\\.vscode\\extensions\\uqbar.wollok-lsp-ide-0.5.3\\out\\server\\src\\server.js:7:8527)","timestamp":"2025-12-12T04:14:42.605Z"}
{"level":"info","message":"⌛ Validating parciales/elLegadoDeSoliamMurr/asentamientos.wlk","timeElapsed":125,"timestamp":"2025-12-12T04:14:42.734Z"}
{"level":"info","message":"⌛ Validating parciales/elLegadoDeSoliamMurr/asentamientos.wlk","timeElapsed":116,"timestamp":"2025-12-12T04:14:42.930Z"}
{"level":"error","message":"✘ Completions for node Send ([15:5, 15:30] - parciales/elLegadoDeSoliamMurr/asentamientos.wlk) failed: Error: [Send]{0c3724} at parciales/elLegadoDeSoliamMurr/asentamientos.wlk:15 exhausted all cases without a match [Send]{0c3724} at parciales/elLegadoDeSoliamMurr/asentamientos.wlk:15 exhausted all cases without a match","stack":"Error: [Send]{0c3724} at parciales/elLegadoDeSoliamMurr/asentamientos.wlk:15 exhausted all cases without a match\n    at c:\\Users\\edu\\.vscode\\extensions\\uqbar.wollok-lsp-ide-0.5.3\\out\\server\\src\\server.js:38:6142\n    at D2 (c:\\Users\\edu\\.vscode\\extensions\\uqbar.wollok-lsp-ide-0.5.3\\out\\server\\src\\server.js:2384:42)\n    at Qh (c:\\Users\\edu\\.vscode\\extensions\\uqbar.wollok-lsp-ide-0.5.3\\out\\server\\src\\server.js:2384:1092)\n    at k6n (c:\\Users\\edu\\.vscode\\extensions\\uqbar.wollok-lsp-ide-0.5.3\\out\\server\\src\\server.js:2384:1248)\n    at c:\\Users\\edu\\.vscode\\extensions\\uqbar.wollok-lsp-ide-0.5.3\\out\\server\\src\\server.js:38:6131\n    at D2 (c:\\Users\\edu\\.vscode\\extensions\\uqbar.wollok-lsp-ide-0.5.3\\out\\server\\src\\server.js:2384:42)\n    at c:\\Users\\edu\\.vscode\\extensions\\uqbar.wollok-lsp-ide-0.5.3\\out\\server\\src\\server.js:2384:2988\n    at c:\\Users\\edu\\.vscode\\extensions\\uqbar.wollok-lsp-ide-0.5.3\\out\\server\\src\\server.js:2393:8440\n    at c:\\Users\\edu\\.vscode\\extensions\\uqbar.wollok-lsp-ide-0.5.3\\out\\server\\src\\server.js:37:74872\n    at Ye (c:\\Users\\edu\\.vscode\\extensions\\uqbar.wollok-lsp-ide-0.5.3\\out\\server\\src\\server.js:7:8527)","timestamp":"2025-12-12T04:14:43.066Z"}
{"level":"info","message":"⌛ Validating parciales/elLegadoDeSoliamMurr/asentamientos.wlk","timeElapsed":119,"timestamp":"2025-12-12T04:14:43.187Z"}
{"level":"error","message":"✘ Completions for node Send ([15:5, 15:31] - parciales/elLegadoDeSoliamMurr/asentamientos.wlk) failed: Error: [Send]{acc2e5} at parciales/elLegadoDeSoliamMurr/asentamientos.wlk:15 exhausted all cases without a match [Send]{acc2e5} at parciales/elLegadoDeSoliamMurr/asentamientos.wlk:15 exhausted all cases without a match","stack":"Error: [Send]{acc2e5} at parciales/elLegadoDeSoliamMurr/asentamientos.wlk:15 exhausted all cases without a match\n    at c:\\Users\\edu\\.vscode\\extensions\\uqbar.wollok-lsp-ide-0.5.3\\out\\server\\src\\server.js:38:6142\n    at D2 (c:\\Users\\edu\\.vscode\\extensions\\uqbar.wollok-lsp-ide-0.5.3\\out\\server\\src\\server.js:2384:42)\n    at Qh (c:\\Users\\edu\\.vscode\\extensions\\uqbar.wollok-lsp-ide-0.5.3\\out\\server\\src\\server.js:2384:1092)\n    at k6n (c:\\Users\\edu\\.vscode\\extensions\\uqbar.wollok-lsp-ide-0.5.3\\out\\server\\src\\server.js:2384:1248)\n    at c:\\Users\\edu\\.vscode\\extensions\\uqbar.wollok-lsp-ide-0.5.3\\out\\server\\src\\server.js:38:6131\n    at D2 (c:\\Users\\edu\\.vscode\\extensions\\uqbar.wollok-lsp-ide-0.5.3\\out\\server\\src\\server.js:2384:42)\n    at c:\\Users\\edu\\.vscode\\extensions\\uqbar.wollok-lsp-ide-0.5.3\\out\\server\\src\\server.js:2384:2988\n    at c:\\Users\\edu\\.vscode\\extensions\\uqbar.wollok-lsp-ide-0.5.3\\out\\server\\src\\server.js:2393:8440\n    at c:\\Users\\edu\\.vscode\\extensions\\uqbar.wollok-lsp-ide-0.5.3\\out\\server\\src\\server.js:37:74872\n    at Ye (c:\\Users\\edu\\.vscode\\extensions\\uqbar.wollok-lsp-ide-0.5.3\\out\\server\\src\\server.js:7:8527)","timestamp":"2025-12-12T04:14:43.360Z"}
{"level":"info","message":"⌛ Validating parciales/elLegadoDeSoliamMurr/asentamientos.wlk","timeElapsed":127,"timestamp":"2025-12-12T04:14:43.490Z"}
{"level":"info","message":"⌛ Validating parciales/elLegadoDeSoliamMurr/asentamientos.wlk","timeElapsed":130,"timestamp":"2025-12-12T04:14:44.476Z"}
{"level":"info","message":"⌛ Validating parciales/elLegadoDeSoliamMurr/asentamientos.wlk","timeElapsed":148,"timestamp":"2025-12-12T04:14:47.633Z"}
