{"level":"info","message":"⌛ Validating parciales/elLegadoDeSoliamMurr/exiliado.wlk","timeElapsed":113,"timestamp":"2025-12-12T18:11:52.764Z"}
{"level":"info","message":"⌛ Building environment","timeElapsed":129,"timestamp":"2025-12-12T18:11:53.189Z"}
{"level":"info","message":"⌛ Validating parciales/elLegadoDeSoliamMurr/exiliado.wlk","timeElapsed":119,"timestamp":"2025-12-12T18:11:53.189Z"}
{"level":"info","message":"⌛ Validating parciales/elLegadoDeSoliamMurr/exiliado.wlk","timeElapsed":111,"timestamp":"2025-12-12T18:11:53.306Z"}
{"level":"info","message":"⌛ Validating parciales/elLegadoDeSoliamMurr/exiliado.wlk","timeElapsed":113,"timestamp":"2025-12-12T18:11:53.660Z"}
{"level":"info","message":"⌛ Validating parciales/elLegadoDeSoliamMurr/exiliado.wlk","timeElapsed":110,"timestamp":"2025-12-12T18:11:53.845Z"}
{"level":"info","message":"⌛ Validating parciales/elLegadoDeSoliamMurr/exiliado.wlk","timeElapsed":105,"timestamp":"2025-12-12T18:11:54.052Z"}
{"level":"info","message":"⌛ Validating parciales/elLegadoDeSoliamMurr/exiliado.wlk","timeElapsed":137,"timestamp":"2025-12-12T18:11:55.425Z"}
{"level":"info","message":"⌛ Building environment","timeElapsed":121,"timestamp":"2025-12-12T18:12:16.557Z"}
{"level":"info","message":"⌛ Validating parciales/elLegadoDeSoliamMurr/asentamientos.wlk","timeElapsed":116,"timestamp":"2025-12-12T18:12:16.674Z"}
{"level":"info","message":"⌛ Validating parciales/elLegadoDeSoliamMurr/asentamientos.wlk","timeElapsed":111,"timestamp":"2025-12-12T18:12:16.875Z"}
{"level":"info","message":"⌛ Validating parciales/elLegadoDeSoliamMurr/asentamientos.wlk","timeElapsed":113,"timestamp":"2025-12-12T18:12:17.270Z"}
{"level":"info","message":"⌛ Building environment","timeElapsed":101,"timestamp":"2025-12-12T18:12:17.481Z"}
{"level":"info","message":"⌛ Validating parciales/elLegadoDeSoliamMurr/asentamientos.wlk","timeElapsed":116,"timestamp":"2025-12-12T18:12:17.597Z"}
{"level":"info","message":"⌛ Validating parciales/elLegadoDeSoliamMurr/asentamientos.wlk","timeElapsed":123,"timestamp":"2025-12-12T18:12:17.795Z"}
{"level":"info","message":"⌛ Validating parciales/elLegadoDeSoliamMurr/asentamientos.wlk","timeElapsed":107,"timestamp":"2025-12-12T18:12:18.016Z"}
{"level":"info","message":"⌛ Validating parciales/elLegadoDeSoliamMurr/asentamientos.wlk","timeElapsed":110,"timestamp":"2025-12-12T18:12:18.210Z"}
{"level":"info","message":"⌛ Building environment","timeElapsed":101,"timestamp":"2025-12-12T18:12:18.514Z"}
{"level":"info","message":"⌛ Validating parciales/elLegadoDeSoliamMurr/asentamientos.wlk","timeElapsed":107,"timestamp":"2025-12-12T18:12:18.625Z"}
{"level":"info","message":"⌛ Building environment","timeElapsed":107,"timestamp":"2025-12-12T18:12:18.788Z"}
{"level":"info","message":"⌛ Validating parciales/elLegadoDeSoliamMurr/asentamientos.wlk","timeElapsed":108,"timestamp":"2025-12-12T18:12:19.070Z"}
{"level":"info","message":"⌛ Validating parciales/elLegadoDeSoliamMurr/asentamientos.wlk","timeElapsed":111,"timestamp":"2025-12-12T18:12:19.354Z"}
{"level":"info","message":"⌛ Validating parciales/elLegadoDeSoliamMurr/asentamientos.wlk","timeElapsed":108,"timestamp":"2025-12-12T18:12:19.544Z"}
{"level":"info","message":"⌛ Validating parciales/elLegadoDeSoliamMurr/asentamientos.wlk","timeElapsed":108,"timestamp":"2025-12-12T18:12:19.735Z"}
{"level":"info","message":"⌛ Building environment","timeElapsed":153,"timestamp":"2025-12-12T18:12:20.001Z"}
{"level":"info","message":"⌛ Validating parciales/elLegadoDeSoliamMurr/asentamientos.wlk","timeElapsed":108,"timestamp":"2025-12-12T18:12:20.108Z"}
{"level":"info","message":"⌛ Validating parciales/elLegadoDeSoliamMurr/asentamientos.wlk","timeElapsed":145,"timestamp":"2025-12-12T18:12:20.253Z"}
{"level":"info","message":"⌛ Validating parciales/elLegadoDeSoliamMurr/asentamientos.wlk","timeElapsed":112,"timestamp":"2025-12-12T18:12:20.451Z"}
{"level":"info","message":"⌛ Validating parciales/elLegadoDeSoliamMurr/asentamientos.wlk","timeElapsed":101,"timestamp":"2025-12-12T18:12:20.558Z"}
{"level":"info","message":"⌛ Validating parciales/elLegadoDeSoliamMurr/asentamientos.wlk","timeElapsed":109,"timestamp":"2025-12-12T18:12:20.745Z"}
{"level":"info","message":"⌛ Building environment","timeElapsed":110,"timestamp":"2025-12-12T18:12:21.279Z"}
{"level":"info","message":"⌛ Validating parciales/elLegadoDeSoliamMurr/asentamientos.wlk","timeElapsed":110,"timestamp":"2025-12-12T18:12:21.390Z"}
{"level":"info","message":"⌛ Validating parciales/elLegadoDeSoliamMurr/asentamientos.wlk","timeElapsed":103,"timestamp":"2025-12-12T18:12:21.573Z"}
{"level":"info","message":"⌛ Building environment","timeElapsed":115,"timestamp":"2025-12-12T18:12:22.306Z"}
{"level":"info","message":"⌛ Validating parciales/elLegadoDeSoliamMurr/asentamientos.wlk","timeElapsed":114,"timestamp":"2025-12-12T18:12:22.529Z"}
{"level":"info","message":"⌛ Validating parciales/elLegadoDeSoliamMurr/asentamientos.wlk","timeElapsed":107,"timestamp":"2025-12-12T18:12:22.712Z"}
{"level":"info","message":"⌛ Validating parciales/elLegadoDeSoliamMurr/asentamientos.wlk","timeElapsed":105,"timestamp":"2025-12-12T18:12:22.823Z"}
{"level":"info","message":"⌛ Building environment","timeElapsed":127,"timestamp":"2025-12-12T18:12:23.428Z"}
{"level":"info","message":"⌛ Validating parciales/elLegadoDeSoliamMurr/asentamientos.wlk","timeElapsed":114,"timestamp":"2025-12-12T18:12:23.543Z"}
{"level":"info","message":"⌛ Building environment","timeElapsed":122,"timestamp":"2025-12-12T18:12:24.049Z"}
{"level":"info","message":"⌛ Validating parciales/elLegadoDeSoliamMurr/asentamientos.wlk","timeElapsed":117,"timestamp":"2025-12-12T18:12:24.279Z"}
{"level":"info","message":"⌛ Validating parciales/elLegadoDeSoliamMurr/asentamientos.wlk","timeElapsed":116,"timestamp":"2025-12-12T18:12:24.486Z"}
{"level":"info","message":"⌛ Building environment","timeElapsed":123,"timestamp":"2025-12-12T18:12:24.719Z"}
{"level":"info","message":"⌛ Validating parciales/elLegadoDeSoliamMurr/asentamientos.wlk","timeElapsed":106,"timestamp":"2025-12-12T18:12:24.825Z"}
{"level":"info","message":"⌛ Building environment","timeElapsed":110,"timestamp":"2025-12-12T18:12:25.019Z"}
{"level":"info","message":"⌛ Validating parciales/elLegadoDeSoliamMurr/asentamientos.wlk","timeElapsed":106,"timestamp":"2025-12-12T18:12:25.126Z"}
{"level":"info","message":"⌛ Validating parciales/elLegadoDeSoliamMurr/asentamientos.wlk","timeElapsed":104,"timestamp":"2025-12-12T18:12:25.229Z"}
{"level":"info","message":"⌛ Validating parciales/elLegadoDeSoliamMurr/asentamientos.wlk","timeElapsed":104,"timestamp":"2025-12-12T18:12:25.340Z"}
{"level":"info","message":"⌛ Validating parciales/elLegadoDeSoliamMurr/asentamientos.wlk","timeElapsed":104,"timestamp":"2025-12-12T18:12:25.558Z"}
{"level":"info","message":"⌛ Validating parciales/elLegadoDeSoliamMurr/asentamientos.wlk","timeElapsed":108,"timestamp":"2025-12-12T18:12:25.829Z"}
{"level":"info","message":"⌛ Validating parciales/elLegadoDeSoliamMurr/asentamientos.wlk","timeElapsed":108,"timestamp":"2025-12-12T18:12:26.044Z"}
{"level":"info","message":"⌛ Validating parciales/elLegadoDeSoliamMurr/asentamientos.wlk","timeElapsed":108,"timestamp":"2025-12-12T18:12:26.152Z"}
{"level":"info","message":"⌛ Validating parciales/elLegadoDeSoliamMurr/asentamientos.wlk","timeElapsed":122,"timestamp":"2025-12-12T18:12:26.441Z"}
{"level":"info","message":"⌛ Building environment","timeElapsed":153,"timestamp":"2025-12-12T18:12:26.708Z"}
{"level":"info","message":"⌛ Validating parciales/elLegadoDeSoliamMurr/asentamientos.wlk","timeElapsed":110,"timestamp":"2025-12-12T18:12:26.912Z"}
{"level":"info","message":"⌛ Validating parciales/elLegadoDeSoliamMurr/asentamientos.wlk","timeElapsed":109,"timestamp":"2025-12-12T18:12:27.208Z"}
{"level":"info","message":"⌛ Validating parciales/elLegadoDeSoliamMurr/asentamientos.wlk","timeElapsed":104,"timestamp":"2025-12-12T18:12:27.314Z"}
{"level":"info","message":"⌛ Validating parciales/elLegadoDeSoliamMurr/asentamientos.wlk","timeElapsed":102,"timestamp":"2025-12-12T18:12:27.417Z"}
{"level":"info","message":"⌛ Validating parciales/elLegadoDeSoliamMurr/asentamientos.wlk","timeElapsed":107,"timestamp":"2025-12-12T18:12:27.637Z"}
{"level":"info","message":"⌛ Validating parciales/elLegadoDeSoliamMurr/asentamientos.wlk","timeElapsed":107,"timestamp":"2025-12-12T18:12:27.998Z"}
{"level":"info","message":"⌛ Validating parciales/elLegadoDeSoliamMurr/asentamientos.wlk","timeElapsed":116,"timestamp":"2025-12-12T18:12:28.313Z"}
{"level":"info","message":"⌛ Validating parciales/elLegadoDeSoliamMurr/asentamientos.wlk","timeElapsed":147,"timestamp":"2025-12-12T18:12:28.462Z"}
{"level":"info","message":"⌛ Building environment","timeElapsed":115,"timestamp":"2025-12-12T18:12:28.578Z"}
{"level":"info","message":"⌛ Validating parciales/elLegadoDeSoliamMurr/asentamientos.wlk","timeElapsed":123,"timestamp":"2025-12-12T18:12:28.701Z"}
{"level":"info","message":"⌛ Validating parciales/elLegadoDeSoliamMurr/asentamientos.wlk","timeElapsed":115,"timestamp":"2025-12-12T18:12:28.895Z"}
{"level":"info","message":"⌛ Building environment","timeElapsed":120,"timestamp":"2025-12-12T18:12:29.117Z"}
{"level":"info","message":"⌛ Building environment","timeElapsed":183,"timestamp":"2025-12-12T18:12:29.379Z"}
{"level":"info","message":"⌛ Validating parciales/elLegadoDeSoliamMurr/asentamientos.wlk","timeElapsed":317,"timestamp":"2025-12-12T18:12:29.697Z"}
{"level":"info","message":"⌛ Validating parciales/elLegadoDeSoliamMurr/asentamientos.wlk","timeElapsed":262,"timestamp":"2025-12-12T18:12:29.968Z"}
{"level":"info","message":"⌛ Validating parciales/elLegadoDeSoliamMurr/asentamientos.wlk","timeElapsed":242,"timestamp":"2025-12-12T18:12:30.211Z"}
{"level":"info","message":"⌛ Validating parciales/elLegadoDeSoliamMurr/asentamientos.wlk","timeElapsed":261,"timestamp":"2025-12-12T18:12:30.478Z"}
{"level":"info","message":"⌛ Building environment","timeElapsed":180,"timestamp":"2025-12-12T18:12:35.745Z"}
{"level":"error","message":"✘ Completions for node Parameter ([68:38, 68:39] - parciales/elLegadoDeSoliamMurr/asentamientos.wlk) failed: Error: [Parameter]{be9d3d} at parciales/elLegadoDeSoliamMurr/asentamientos.wlk:68 exhausted all cases without a match [Parameter]{be9d3d} at parciales/elLegadoDeSoliamMurr/asentamientos.wlk:68 exhausted all cases without a match","stack":"Error: [Parameter]{be9d3d} at parciales/elLegadoDeSoliamMurr/asentamientos.wlk:68 exhausted all cases without a match\n    at c:\\Users\\egoytendia\\.vscode\\extensions\\uqbar.wollok-lsp-ide-0.5.3\\out\\server\\src\\server.js:38:6142\n    at D2 (c:\\Users\\egoytendia\\.vscode\\extensions\\uqbar.wollok-lsp-ide-0.5.3\\out\\server\\src\\server.js:2384:42)\n    at c:\\Users\\egoytendia\\.vscode\\extensions\\uqbar.wollok-lsp-ide-0.5.3\\out\\server\\src\\server.js:2384:2988\n    at c:\\Users\\egoytendia\\.vscode\\extensions\\uqbar.wollok-lsp-ide-0.5.3\\out\\server\\src\\server.js:2393:8440\n    at c:\\Users\\egoytendia\\.vscode\\extensions\\uqbar.wollok-lsp-ide-0.5.3\\out\\server\\src\\server.js:37:74872\n    at Ye (c:\\Users\\egoytendia\\.vscode\\extensions\\uqbar.wollok-lsp-ide-0.5.3\\out\\server\\src\\server.js:7:8527)\n    at qt (c:\\Users\\egoytendia\\.vscode\\extensions\\uqbar.wollok-lsp-ide-0.5.3\\out\\server\\src\\server.js:7:6189)\n    at ot (c:\\Users\\egoytendia\\.vscode\\extensions\\uqbar.wollok-lsp-ide-0.5.3\\out\\server\\src\\server.js:7:6378)\n    at Immediate._onImmediate (c:\\Users\\egoytendia\\.vscode\\extensions\\uqbar.wollok-lsp-ide-0.5.3\\out\\server\\src\\server.js:7:6142)\n    at process.processImmediate (node:internal/timers:485:21)","timestamp":"2025-12-12T18:12:35.775Z"}
{"level":"info","message":"⌛ Validating parciales/elLegadoDeSoliamMurr/asentamientos.wlk","timeElapsed":127,"timestamp":"2025-12-12T18:12:35.915Z"}
{"level":"error","message":"✘ Completions for node Parameter ([68:38, 68:40] - parciales/elLegadoDeSoliamMurr/asentamientos.wlk) failed: Error: [Parameter]{d33ca0} at parciales/elLegadoDeSoliamMurr/asentamientos.wlk:68 exhausted all cases without a match [Parameter]{d33ca0} at parciales/elLegadoDeSoliamMurr/asentamientos.wlk:68 exhausted all cases without a match","stack":"Error: [Parameter]{d33ca0} at parciales/elLegadoDeSoliamMurr/asentamientos.wlk:68 exhausted all cases without a match\n    at c:\\Users\\egoytendia\\.vscode\\extensions\\uqbar.wollok-lsp-ide-0.5.3\\out\\server\\src\\server.js:38:6142\n    at D2 (c:\\Users\\egoytendia\\.vscode\\extensions\\uqbar.wollok-lsp-ide-0.5.3\\out\\server\\src\\server.js:2384:42)\n    at c:\\Users\\egoytendia\\.vscode\\extensions\\uqbar.wollok-lsp-ide-0.5.3\\out\\server\\src\\server.js:2384:2988\n    at c:\\Users\\egoytendia\\.vscode\\extensions\\uqbar.wollok-lsp-ide-0.5.3\\out\\server\\src\\server.js:2393:8440\n    at c:\\Users\\egoytendia\\.vscode\\extensions\\uqbar.wollok-lsp-ide-0.5.3\\out\\server\\src\\server.js:37:74872\n    at Ye (c:\\Users\\egoytendia\\.vscode\\extensions\\uqbar.wollok-lsp-ide-0.5.3\\out\\server\\src\\server.js:7:8527)\n    at qt (c:\\Users\\egoytendia\\.vscode\\extensions\\uqbar.wollok-lsp-ide-0.5.3\\out\\server\\src\\server.js:7:6189)\n    at ot (c:\\Users\\egoytendia\\.vscode\\extensions\\uqbar.wollok-lsp-ide-0.5.3\\out\\server\\src\\server.js:7:6378)\n    at Immediate._onImmediate (c:\\Users\\egoytendia\\.vscode\\extensions\\uqbar.wollok-lsp-ide-0.5.3\\out\\server\\src\\server.js:7:6142)\n    at process.processImmediate (node:internal/timers:485:21)","timestamp":"2025-12-12T18:12:36.040Z"}
{"level":"info","message":"⌛ Validating parciales/elLegadoDeSoliamMurr/asentamientos.wlk","timeElapsed":109,"timestamp":"2025-12-12T18:12:36.238Z"}
{"level":"error","message":"✘ Completions for node Parameter ([68:38, 68:42] - parciales/elLegadoDeSoliamMurr/asentamientos.wlk) failed: Error: [Parameter]{b5c3a1} at parciales/elLegadoDeSoliamMurr/asentamientos.wlk:68 exhausted all cases without a match [Parameter]{b5c3a1} at parciales/elLegadoDeSoliamMurr/asentamientos.wlk:68 exhausted all cases without a match","stack":"Error: [Parameter]{b5c3a1} at parciales/elLegadoDeSoliamMurr/asentamientos.wlk:68 exhausted all cases without a match\n    at c:\\Users\\egoytendia\\.vscode\\extensions\\uqbar.wollok-lsp-ide-0.5.3\\out\\server\\src\\server.js:38:6142\n    at D2 (c:\\Users\\egoytendia\\.vscode\\extensions\\uqbar.wollok-lsp-ide-0.5.3\\out\\server\\src\\server.js:2384:42)\n    at c:\\Users\\egoytendia\\.vscode\\extensions\\uqbar.wollok-lsp-ide-0.5.3\\out\\server\\src\\server.js:2384:2988\n    at c:\\Users\\egoytendia\\.vscode\\extensions\\uqbar.wollok-lsp-ide-0.5.3\\out\\server\\src\\server.js:2393:8440\n    at c:\\Users\\egoytendia\\.vscode\\extensions\\uqbar.wollok-lsp-ide-0.5.3\\out\\server\\src\\server.js:37:74872\n    at Ye (c:\\Users\\egoytendia\\.vscode\\extensions\\uqbar.wollok-lsp-ide-0.5.3\\out\\server\\src\\server.js:7:8527)\n    at qt (c:\\Users\\egoytendia\\.vscode\\extensions\\uqbar.wollok-lsp-ide-0.5.3\\out\\server\\src\\server.js:7:6189)\n    at ot (c:\\Users\\egoytendia\\.vscode\\extensions\\uqbar.wollok-lsp-ide-0.5.3\\out\\server\\src\\server.js:7:6378)\n    at Immediate._onImmediate (c:\\Users\\egoytendia\\.vscode\\extensions\\uqbar.wollok-lsp-ide-0.5.3\\out\\server\\src\\server.js:7:6142)\n    at process.processImmediate (node:internal/timers:485:21)","timestamp":"2025-12-12T18:12:36.443Z"}
{"level":"info","message":"⌛ Validating parciales/elLegadoDeSoliamMurr/asentamientos.wlk","timeElapsed":112,"timestamp":"2025-12-12T18:12:36.737Z"}
{"level":"error","message":"✘ Completions for node Parameter ([68:38, 68:45] - parciales/elLegadoDeSoliamMurr/asentamientos.wlk) failed: Error: [Parameter]{3fb893} at parciales/elLegadoDeSoliamMurr/asentamientos.wlk:68 exhausted all cases without a match [Parameter]{3fb893} at parciales/elLegadoDeSoliamMurr/asentamientos.wlk:68 exhausted all cases without a match","stack":"Error: [Parameter]{3fb893} at parciales/elLegadoDeSoliamMurr/asentamientos.wlk:68 exhausted all cases without a match\n    at c:\\Users\\egoytendia\\.vscode\\extensions\\uqbar.wollok-lsp-ide-0.5.3\\out\\server\\src\\server.js:38:6142\n    at D2 (c:\\Users\\egoytendia\\.vscode\\extensions\\uqbar.wollok-lsp-ide-0.5.3\\out\\server\\src\\server.js:2384:42)\n    at c:\\Users\\egoytendia\\.vscode\\extensions\\uqbar.wollok-lsp-ide-0.5.3\\out\\server\\src\\server.js:2384:2988\n    at c:\\Users\\egoytendia\\.vscode\\extensions\\uqbar.wollok-lsp-ide-0.5.3\\out\\server\\src\\server.js:2393:8440\n    at c:\\Users\\egoytendia\\.vscode\\extensions\\uqbar.wollok-lsp-ide-0.5.3\\out\\server\\src\\server.js:37:74872\n    at Ye (c:\\Users\\egoytendia\\.vscode\\extensions\\uqbar.wollok-lsp-ide-0.5.3\\out\\server\\src\\server.js:7:8527)\n    at qt (c:\\Users\\egoytendia\\.vscode\\extensions\\uqbar.wollok-lsp-ide-0.5.3\\out\\server\\src\\server.js:7:6189)\n    at ot (c:\\Users\\egoytendia\\.vscode\\extensions\\uqbar.wollok-lsp-ide-0.5.3\\out\\server\\src\\server.js:7:6378)\n    at Immediate._onImmediate (c:\\Users\\egoytendia\\.vscode\\extensions\\uqbar.wollok-lsp-ide-0.5.3\\out\\server\\src\\server.js:7:6142)\n    at process.processImmediate (node:internal/timers:485:21)","timestamp":"2025-12-12T18:12:36.850Z"}
{"level":"info","message":"⌛ Validating parciales/elLegadoDeSoliamMurr/asentamientos.wlk","timeElapsed":111,"timestamp":"2025-12-12T18:12:36.965Z"}
{"level":"info","message":"⌛ Validating parciales/elLegadoDeSoliamMurr/asentamientos.wlk","timeElapsed":121,"timestamp":"2025-12-12T18:12:37.168Z"}
{"level":"info","message":"⌛ Validating parciales/elLegadoDeSoliamMurr/asentamientos.wlk","timeElapsed":102,"timestamp":"2025-12-12T18:12:37.270Z"}
{"level":"info","message":"⌛ Validating parciales/elLegadoDeSoliamMurr/asentamientos.wlk","timeElapsed":245,"timestamp":"2025-12-12T18:12:37.524Z"}
{"level":"info","message":"⌛ Building environment","timeElapsed":306,"timestamp":"2025-12-12T18:12:46.666Z"}
{"level":"info","message":"⌛ Validating parciales/elLegadoDeSoliamMurr/asentamientos.wlk","timeElapsed":117,"timestamp":"2025-12-12T18:12:46.827Z"}
{"level":"info","message":"⌛ Building environment","timeElapsed":125,"timestamp":"2025-12-12T18:12:47.494Z"}
{"level":"info","message":"⌛ Validating parciales/elLegadoDeSoliamMurr/asentamientos.wlk","timeElapsed":121,"timestamp":"2025-12-12T18:12:47.617Z"}
{"level":"info","message":"⌛ Validating parciales/elLegadoDeSoliamMurr/asentamientos.wlk","timeElapsed":132,"timestamp":"2025-12-12T18:12:47.837Z"}
{"level":"info","message":"⌛ Building environment","timeElapsed":110,"timestamp":"2025-12-12T18:12:48.197Z"}
{"level":"info","message":"⌛ Validating parciales/elLegadoDeSoliamMurr/asentamientos.wlk","timeElapsed":119,"timestamp":"2025-12-12T18:12:48.316Z"}
{"level":"info","message":"⌛ Validating parciales/elLegadoDeSoliamMurr/asentamientos.wlk","timeElapsed":112,"timestamp":"2025-12-12T18:12:48.551Z"}
{"level":"info","message":"⌛ Building environment","timeElapsed":116,"timestamp":"2025-12-12T18:12:49.117Z"}
{"level":"info","message":"⌛ Validating parciales/elLegadoDeSoliamMurr/asentamientos.wlk","timeElapsed":126,"timestamp":"2025-12-12T18:12:49.342Z"}
{"level":"info","message":"⌛ Validating parciales/elLegadoDeSoliamMurr/asentamientos.wlk","timeElapsed":101,"timestamp":"2025-12-12T18:12:49.445Z"}
{"level":"info","message":"⌛ Validating parciales/elLegadoDeSoliamMurr/asentamientos.wlk","timeElapsed":127,"timestamp":"2025-12-12T18:12:49.738Z"}
{"level":"info","message":"⌛ Validating parciales/elLegadoDeSoliamMurr/asentamientos.wlk","timeElapsed":147,"timestamp":"2025-12-12T18:12:49.891Z"}
{"level":"info","message":"⌛ Building environment","timeElapsed":108,"timestamp":"2025-12-12T18:12:50.400Z"}
{"level":"info","message":"⌛ Validating parciales/elLegadoDeSoliamMurr/asentamientos.wlk","timeElapsed":116,"timestamp":"2025-12-12T18:12:50.516Z"}
{"level":"info","message":"⌛ Validating parciales/elLegadoDeSoliamMurr/asentamientos.wlk","timeElapsed":106,"timestamp":"2025-12-12T18:12:52.363Z"}
{"level":"info","message":"⌛ Building environment","timeElapsed":139,"timestamp":"2025-12-12T18:12:52.600Z"}
{"level":"error","message":"✘ Completions for node Send ([69:5, 69:44] - parciales/elLegadoDeSoliamMurr/asentamientos.wlk) failed: Error: [Send]{8793f4} at parciales/elLegadoDeSoliamMurr/asentamientos.wlk:69 exhausted all cases without a match [Send]{8793f4} at parciales/elLegadoDeSoliamMurr/asentamientos.wlk:69 exhausted all cases without a match","stack":"Error: [Send]{8793f4} at parciales/elLegadoDeSoliamMurr/asentamientos.wlk:69 exhausted all cases without a match\n    at c:\\Users\\egoytendia\\.vscode\\extensions\\uqbar.wollok-lsp-ide-0.5.3\\out\\server\\src\\server.js:38:6142\n    at D2 (c:\\Users\\egoytendia\\.vscode\\extensions\\uqbar.wollok-lsp-ide-0.5.3\\out\\server\\src\\server.js:2384:42)\n    at Qh (c:\\Users\\egoytendia\\.vscode\\extensions\\uqbar.wollok-lsp-ide-0.5.3\\out\\server\\src\\server.js:2384:1092)\n    at k6n (c:\\Users\\egoytendia\\.vscode\\extensions\\uqbar.wollok-lsp-ide-0.5.3\\out\\server\\src\\server.js:2384:1248)\n    at c:\\Users\\egoytendia\\.vscode\\extensions\\uqbar.wollok-lsp-ide-0.5.3\\out\\server\\src\\server.js:38:6131\n    at D2 (c:\\Users\\egoytendia\\.vscode\\extensions\\uqbar.wollok-lsp-ide-0.5.3\\out\\server\\src\\server.js:2384:42)\n    at c:\\Users\\egoytendia\\.vscode\\extensions\\uqbar.wollok-lsp-ide-0.5.3\\out\\server\\src\\server.js:2384:2988\n    at c:\\Users\\egoytendia\\.vscode\\extensions\\uqbar.wollok-lsp-ide-0.5.3\\out\\server\\src\\server.js:2393:8440\n    at c:\\Users\\egoytendia\\.vscode\\extensions\\uqbar.wollok-lsp-ide-0.5.3\\out\\server\\src\\server.js:37:74872\n    at Ye (c:\\Users\\egoytendia\\.vscode\\extensions\\uqbar.wollok-lsp-ide-0.5.3\\out\\server\\src\\server.js:7:8527)","timestamp":"2025-12-12T18:12:52.646Z"}
{"level":"info","message":"⌛ Validating parciales/elLegadoDeSoliamMurr/asentamientos.wlk","timeElapsed":108,"timestamp":"2025-12-12T18:12:52.763Z"}
{"level":"info","message":"⌛ Building environment","timeElapsed":122,"timestamp":"2025-12-12T18:12:53.126Z"}
{"level":"info","message":"⌛ Validating parciales/elLegadoDeSoliamMurr/asentamientos.wlk","timeElapsed":114,"timestamp":"2025-12-12T18:12:53.241Z"}
{"level":"error","message":"✘ Completions for node Send ([69:5, 69:44] - parciales/elLegadoDeSoliamMurr/asentamientos.wlk) failed: Error: [Send]{936f91} at parciales/elLegadoDeSoliamMurr/asentamientos.wlk:69 exhausted all cases without a match [Send]{936f91} at parciales/elLegadoDeSoliamMurr/asentamientos.wlk:69 exhausted all cases without a match","stack":"Error: [Send]{936f91} at parciales/elLegadoDeSoliamMurr/asentamientos.wlk:69 exhausted all cases without a match\n    at c:\\Users\\egoytendia\\.vscode\\extensions\\uqbar.wollok-lsp-ide-0.5.3\\out\\server\\src\\server.js:38:6142\n    at D2 (c:\\Users\\egoytendia\\.vscode\\extensions\\uqbar.wollok-lsp-ide-0.5.3\\out\\server\\src\\server.js:2384:42)\n    at Qh (c:\\Users\\egoytendia\\.vscode\\extensions\\uqbar.wollok-lsp-ide-0.5.3\\out\\server\\src\\server.js:2384:1092)\n    at k6n (c:\\Users\\egoytendia\\.vscode\\extensions\\uqbar.wollok-lsp-ide-0.5.3\\out\\server\\src\\server.js:2384:1248)\n    at c:\\Users\\egoytendia\\.vscode\\extensions\\uqbar.wollok-lsp-ide-0.5.3\\out\\server\\src\\server.js:38:6131\n    at D2 (c:\\Users\\egoytendia\\.vscode\\extensions\\uqbar.wollok-lsp-ide-0.5.3\\out\\server\\src\\server.js:2384:42)\n    at c:\\Users\\egoytendia\\.vscode\\extensions\\uqbar.wollok-lsp-ide-0.5.3\\out\\server\\src\\server.js:2384:2988\n    at c:\\Users\\egoytendia\\.vscode\\extensions\\uqbar.wollok-lsp-ide-0.5.3\\out\\server\\src\\server.js:2393:8440\n    at c:\\Users\\egoytendia\\.vscode\\extensions\\uqbar.wollok-lsp-ide-0.5.3\\out\\server\\src\\server.js:37:74872\n    at Ye (c:\\Users\\egoytendia\\.vscode\\extensions\\uqbar.wollok-lsp-ide-0.5.3\\out\\server\\src\\server.js:7:8527)","timestamp":"2025-12-12T18:12:53.355Z"}
{"level":"info","message":"⌛ Validating parciales/elLegadoDeSoliamMurr/asentamientos.wlk","timeElapsed":111,"timestamp":"2025-12-12T18:12:53.555Z"}
{"level":"info","message":"⌛ Validating parciales/elLegadoDeSoliamMurr/asentamientos.wlk","timeElapsed":112,"timestamp":"2025-12-12T18:12:53.743Z"}
{"level":"info","message":"⌛ Validating parciales/elLegadoDeSoliamMurr/asentamientos.wlk","timeElapsed":110,"timestamp":"2025-12-12T18:12:53.935Z"}
{"level":"info","message":"⌛ Validating parciales/elLegadoDeSoliamMurr/asentamientos.wlk","timeElapsed":101,"timestamp":"2025-12-12T18:12:54.041Z"}
{"level":"info","message":"⌛ Building environment","timeElapsed":118,"timestamp":"2025-12-12T18:12:55.613Z"}
{"level":"error","message":"✘ Completions for node Send ([69:5, 69:39] - parciales/elLegadoDeSoliamMurr/asentamientos.wlk) failed: Error: [Send]{ad74e1} at parciales/elLegadoDeSoliamMurr/asentamientos.wlk:69 exhausted all cases without a match [Send]{ad74e1} at parciales/elLegadoDeSoliamMurr/asentamientos.wlk:69 exhausted all cases without a match","stack":"Error: [Send]{ad74e1} at parciales/elLegadoDeSoliamMurr/asentamientos.wlk:69 exhausted all cases without a match\n    at c:\\Users\\egoytendia\\.vscode\\extensions\\uqbar.wollok-lsp-ide-0.5.3\\out\\server\\src\\server.js:38:6142\n    at D2 (c:\\Users\\egoytendia\\.vscode\\extensions\\uqbar.wollok-lsp-ide-0.5.3\\out\\server\\src\\server.js:2384:42)\n    at Qh (c:\\Users\\egoytendia\\.vscode\\extensions\\uqbar.wollok-lsp-ide-0.5.3\\out\\server\\src\\server.js:2384:1092)\n    at k6n (c:\\Users\\egoytendia\\.vscode\\extensions\\uqbar.wollok-lsp-ide-0.5.3\\out\\server\\src\\server.js:2384:1248)\n    at c:\\Users\\egoytendia\\.vscode\\extensions\\uqbar.wollok-lsp-ide-0.5.3\\out\\server\\src\\server.js:38:6131\n    at D2 (c:\\Users\\egoytendia\\.vscode\\extensions\\uqbar.wollok-lsp-ide-0.5.3\\out\\server\\src\\server.js:2384:42)\n    at c:\\Users\\egoytendia\\.vscode\\extensions\\uqbar.wollok-lsp-ide-0.5.3\\out\\server\\src\\server.js:2384:2988\n    at c:\\Users\\egoytendia\\.vscode\\extensions\\uqbar.wollok-lsp-ide-0.5.3\\out\\server\\src\\server.js:2393:8440\n    at c:\\Users\\egoytendia\\.vscode\\extensions\\uqbar.wollok-lsp-ide-0.5.3\\out\\server\\src\\server.js:37:74872\n    at Ye (c:\\Users\\egoytendia\\.vscode\\extensions\\uqbar.wollok-lsp-ide-0.5.3\\out\\server\\src\\server.js:7:8527)","timestamp":"2025-12-12T18:12:55.643Z"}
{"level":"info","message":"⌛ Validating parciales/elLegadoDeSoliamMurr/asentamientos.wlk","timeElapsed":113,"timestamp":"2025-12-12T18:12:55.842Z"}
{"level":"info","message":"⌛ Validating parciales/elLegadoDeSoliamMurr/asentamientos.wlk","timeElapsed":111,"timestamp":"2025-12-12T18:12:56.045Z"}
{"level":"info","message":"⌛ Building environment","timeElapsed":124,"timestamp":"2025-12-12T18:12:56.170Z"}
{"level":"info","message":"⌛ Building environment","timeElapsed":144,"timestamp":"2025-12-12T18:12:56.315Z"}
{"level":"info","message":"⌛ Validating parciales/elLegadoDeSoliamMurr/asentamientos.wlk","timeElapsed":240,"timestamp":"2025-12-12T18:12:56.624Z"}
{"level":"info","message":"⌛ Validating parciales/elLegadoDeSoliamMurr/asentamientos.wlk","timeElapsed":233,"timestamp":"2025-12-12T18:12:56.858Z"}
{"level":"info","message":"⌛ Validating parciales/elLegadoDeSoliamMurr/asentamientos.wlk","timeElapsed":237,"timestamp":"2025-12-12T18:12:57.104Z"}
{"level":"info","message":"⌛ Building environment","timeElapsed":303,"timestamp":"2025-12-12T18:12:59.775Z"}
{"level":"info","message":"⌛ Validating parciales/elLegadoDeSoliamMurr/asentamientos.wlk","timeElapsed":114,"timestamp":"2025-12-12T18:13:00.015Z"}
{"level":"info","message":"⌛ Validating parciales/elLegadoDeSoliamMurr/asentamientos.wlk","timeElapsed":108,"timestamp":"2025-12-12T18:13:00.135Z"}
{"level":"info","message":"⌛ Validating parciales/elLegadoDeSoliamMurr/asentamientos.wlk","timeElapsed":118,"timestamp":"2025-12-12T18:13:00.418Z"}
{"level":"info","message":"⌛ Validating parciales/elLegadoDeSoliamMurr/asentamientos.wlk","timeElapsed":112,"timestamp":"2025-12-12T18:13:00.612Z"}
{"level":"info","message":"⌛ Building environment","timeElapsed":129,"timestamp":"2025-12-12T18:13:00.743Z"}
{"level":"info","message":"⌛ Validating parciales/elLegadoDeSoliamMurr/asentamientos.wlk","timeElapsed":125,"timestamp":"2025-12-12T18:13:00.954Z"}
{"level":"info","message":"⌛ Validating parciales/elLegadoDeSoliamMurr/asentamientos.wlk","timeElapsed":115,"timestamp":"2025-12-12T18:13:01.257Z"}
{"level":"info","message":"⌛ Validating parciales/elLegadoDeSoliamMurr/asentamientos.wlk","timeElapsed":102,"timestamp":"2025-12-12T18:13:01.359Z"}
{"level":"info","message":"⌛ Validating parciales/elLegadoDeSoliamMurr/asentamientos.wlk","timeElapsed":134,"timestamp":"2025-12-12T18:13:01.500Z"}
{"level":"info","message":"⌛ Validating parciales/elLegadoDeSoliamMurr/asentamientos.wlk","timeElapsed":117,"timestamp":"2025-12-12T18:13:01.618Z"}
{"level":"info","message":"⌛ Building environment","timeElapsed":105,"timestamp":"2025-12-12T18:13:10.926Z"}
{"level":"info","message":"⌛ Validating parciales/elLegadoDeSoliamMurr/asentamientos.wlk","timeElapsed":135,"timestamp":"2025-12-12T18:13:11.063Z"}
{"level":"info","message":"⌛ Building environment","timeElapsed":115,"timestamp":"2025-12-12T18:13:11.191Z"}
{"level":"info","message":"⌛ Validating parciales/elLegadoDeSoliamMurr/asentamientos.wlk","timeElapsed":109,"timestamp":"2025-12-12T18:13:11.300Z"}
{"level":"info","message":"⌛ Validating parciales/elLegadoDeSoliamMurr/asentamientos.wlk","timeElapsed":118,"timestamp":"2025-12-12T18:13:11.512Z"}
{"level":"info","message":"⌛ Building environment","timeElapsed":111,"timestamp":"2025-12-12T18:13:11.624Z"}
{"level":"info","message":"⌛ Validating parciales/elLegadoDeSoliamMurr/asentamientos.wlk","timeElapsed":127,"timestamp":"2025-12-12T18:13:11.837Z"}
{"level":"info","message":"⌛ Validating parciales/elLegadoDeSoliamMurr/asentamientos.wlk","timeElapsed":111,"timestamp":"2025-12-12T18:13:11.948Z"}
{"level":"info","message":"⌛ Validating parciales/elLegadoDeSoliamMurr/asentamientos.wlk","timeElapsed":104,"timestamp":"2025-12-12T18:13:12.234Z"}
{"level":"info","message":"⌛ Validating parciales/elLegadoDeSoliamMurr/asentamientos.wlk","timeElapsed":104,"timestamp":"2025-12-12T18:13:12.415Z"}
{"level":"info","message":"⌛ Building environment","timeElapsed":109,"timestamp":"2025-12-12T18:13:12.706Z"}
{"level":"info","message":"⌛ Validating parciales/elLegadoDeSoliamMurr/asentamientos.wlk","timeElapsed":113,"timestamp":"2025-12-12T18:13:12.820Z"}
{"level":"info","message":"⌛ Building environment","timeElapsed":112,"timestamp":"2025-12-12T18:13:12.962Z"}
{"level":"info","message":"⌛ Validating parciales/elLegadoDeSoliamMurr/asentamientos.wlk","timeElapsed":111,"timestamp":"2025-12-12T18:13:13.195Z"}
{"level":"info","message":"⌛ Validating parciales/elLegadoDeSoliamMurr/asentamientos.wlk","timeElapsed":101,"timestamp":"2025-12-12T18:13:13.295Z"}
{"level":"info","message":"⌛ Validating parciales/elLegadoDeSoliamMurr/asentamientos.wlk","timeElapsed":101,"timestamp":"2025-12-12T18:13:13.488Z"}
{"level":"info","message":"⌛ Building environment","timeElapsed":108,"timestamp":"2025-12-12T18:13:14.426Z"}
{"level":"info","message":"⌛ Validating parciales/elLegadoDeSoliamMurr/asentamientos.wlk","timeElapsed":108,"timestamp":"2025-12-12T18:13:14.535Z"}
{"level":"info","message":"⌛ Validating parciales/elLegadoDeSoliamMurr/asentamientos.wlk","timeElapsed":118,"timestamp":"2025-12-12T18:13:14.817Z"}
{"level":"info","message":"⌛ Validating parciales/elLegadoDeSoliamMurr/asentamientos.wlk","timeElapsed":107,"timestamp":"2025-12-12T18:13:15.099Z"}
{"level":"info","message":"⌛ Building environment","timeElapsed":183,"timestamp":"2025-12-12T18:13:26.167Z"}
{"level":"info","message":"⌛ Validating parciales/elLegadoDeSoliamMurr/asentamientos.wlk","timeElapsed":125,"timestamp":"2025-12-12T18:13:26.293Z"}
{"level":"error","message":"✘ Completions for node Send ([69:5, 69:44] - parciales/elLegadoDeSoliamMurr/asentamientos.wlk) failed: Error: [Send]{a14892} at parciales/elLegadoDeSoliamMurr/asentamientos.wlk:69 exhausted all cases without a match [Send]{a14892} at parciales/elLegadoDeSoliamMurr/asentamientos.wlk:69 exhausted all cases without a match","stack":"Error: [Send]{a14892} at parciales/elLegadoDeSoliamMurr/asentamientos.wlk:69 exhausted all cases without a match\n    at c:\\Users\\egoytendia\\.vscode\\extensions\\uqbar.wollok-lsp-ide-0.5.3\\out\\server\\src\\server.js:38:6142\n    at D2 (c:\\Users\\egoytendia\\.vscode\\extensions\\uqbar.wollok-lsp-ide-0.5.3\\out\\server\\src\\server.js:2384:42)\n    at Qh (c:\\Users\\egoytendia\\.vscode\\extensions\\uqbar.wollok-lsp-ide-0.5.3\\out\\server\\src\\server.js:2384:1092)\n    at k6n (c:\\Users\\egoytendia\\.vscode\\extensions\\uqbar.wollok-lsp-ide-0.5.3\\out\\server\\src\\server.js:2384:1248)\n    at c:\\Users\\egoytendia\\.vscode\\extensions\\uqbar.wollok-lsp-ide-0.5.3\\out\\server\\src\\server.js:38:6131\n    at D2 (c:\\Users\\egoytendia\\.vscode\\extensions\\uqbar.wollok-lsp-ide-0.5.3\\out\\server\\src\\server.js:2384:42)\n    at c:\\Users\\egoytendia\\.vscode\\extensions\\uqbar.wollok-lsp-ide-0.5.3\\out\\server\\src\\server.js:2384:2988\n    at c:\\Users\\egoytendia\\.vscode\\extensions\\uqbar.wollok-lsp-ide-0.5.3\\out\\server\\src\\server.js:2393:8440\n    at c:\\Users\\egoytendia\\.vscode\\extensions\\uqbar.wollok-lsp-ide-0.5.3\\out\\server\\src\\server.js:37:74872\n    at Ye (c:\\Users\\egoytendia\\.vscode\\extensions\\uqbar.wollok-lsp-ide-0.5.3\\out\\server\\src\\server.js:7:8527)","timestamp":"2025-12-12T18:13:26.428Z"}
{"level":"info","message":"⌛ Validating parciales/elLegadoDeSoliamMurr/asentamientos.wlk","timeElapsed":106,"timestamp":"2025-12-12T18:13:26.539Z"}
{"level":"info","message":"⌛ Validating parciales/elLegadoDeSoliamMurr/asentamientos.wlk","timeElapsed":114,"timestamp":"2025-12-12T18:13:26.835Z"}
{"level":"info","message":"⌛ Validating parciales/elLegadoDeSoliamMurr/asentamientos.wlk","timeElapsed":110,"timestamp":"2025-12-12T18:13:27.035Z"}
{"level":"info","message":"⌛ Validating parciales/elLegadoDeSoliamMurr/asentamientos.wlk","timeElapsed":113,"timestamp":"2025-12-12T18:13:27.230Z"}
{"level":"info","message":"⌛ Validating parciales/elLegadoDeSoliamMurr/asentamientos.wlk","timeElapsed":113,"timestamp":"2025-12-12T18:13:27.506Z"}
{"level":"info","message":"⌛ Building environment","timeElapsed":102,"timestamp":"2025-12-12T18:13:27.609Z"}
{"level":"info","message":"⌛ Validating parciales/elLegadoDeSoliamMurr/asentamientos.wlk","timeElapsed":108,"timestamp":"2025-12-12T18:13:27.803Z"}
{"level":"info","message":"⌛ Building environment","timeElapsed":106,"timestamp":"2025-12-12T18:13:27.909Z"}
{"level":"info","message":"⌛ Validating parciales/elLegadoDeSoliamMurr/asentamientos.wlk","timeElapsed":116,"timestamp":"2025-12-12T18:13:28.034Z"}
{"level":"info","message":"⌛ Validating parciales/elLegadoDeSoliamMurr/asentamientos.wlk","timeElapsed":108,"timestamp":"2025-12-12T18:13:28.142Z"}
{"level":"info","message":"⌛ Validating parciales/elLegadoDeSoliamMurr/asentamientos.wlk","timeElapsed":104,"timestamp":"2025-12-12T18:13:28.250Z"}
{"level":"info","message":"⌛ Validating parciales/elLegadoDeSoliamMurr/asentamientos.wlk","timeElapsed":105,"timestamp":"2025-12-12T18:13:28.437Z"}
{"level":"info","message":"⌛ Building environment","timeElapsed":121,"timestamp":"2025-12-12T18:13:28.560Z"}
{"level":"info","message":"⌛ Building environment","timeElapsed":107,"timestamp":"2025-12-12T18:13:29.121Z"}
{"level":"info","message":"⌛ Validating parciales/elLegadoDeSoliamMurr/asentamientos.wlk","timeElapsed":117,"timestamp":"2025-12-12T18:13:29.239Z"}
{"level":"info","message":"⌛ Validating parciales/elLegadoDeSoliamMurr/asentamientos.wlk","timeElapsed":112,"timestamp":"2025-12-12T18:13:29.427Z"}
{"level":"info","message":"⌛ Validating parciales/elLegadoDeSoliamMurr/asentamientos.wlk","timeElapsed":115,"timestamp":"2025-12-12T18:13:29.621Z"}
{"level":"info","message":"⌛ Validating parciales/elLegadoDeSoliamMurr/asentamientos.wlk","timeElapsed":105,"timestamp":"2025-12-12T18:13:29.726Z"}
{"level":"info","message":"⌛ Validating parciales/elLegadoDeSoliamMurr/asentamientos.wlk","timeElapsed":103,"timestamp":"2025-12-12T18:13:29.829Z"}
{"level":"info","message":"⌛ Validating parciales/elLegadoDeSoliamMurr/asentamientos.wlk","timeElapsed":108,"timestamp":"2025-12-12T18:13:29.945Z"}
{"level":"info","message":"⌛ Validating parciales/elLegadoDeSoliamMurr/asentamientos.wlk","timeElapsed":109,"timestamp":"2025-12-12T18:13:30.144Z"}
{"level":"info","message":"⌛ Validating parciales/elLegadoDeSoliamMurr/asentamientos.wlk","timeElapsed":106,"timestamp":"2025-12-12T18:13:30.251Z"}
{"level":"info","message":"⌛ Validating parciales/elLegadoDeSoliamMurr/asentamientos.wlk","timeElapsed":114,"timestamp":"2025-12-12T18:13:30.481Z"}
{"level":"info","message":"⌛ Validating parciales/elLegadoDeSoliamMurr/asentamientos.wlk","timeElapsed":104,"timestamp":"2025-12-12T18:13:30.585Z"}
{"level":"info","message":"⌛ Building environment","timeElapsed":160,"timestamp":"2025-12-12T18:13:30.921Z"}
{"level":"info","message":"⌛ Validating parciales/elLegadoDeSoliamMurr/asentamientos.wlk","timeElapsed":108,"timestamp":"2025-12-12T18:13:31.130Z"}
{"level":"info","message":"⌛ Validating parciales/elLegadoDeSoliamMurr/asentamientos.wlk","timeElapsed":113,"timestamp":"2025-12-12T18:13:31.495Z"}
{"level":"info","message":"⌛ Building environment","timeElapsed":126,"timestamp":"2025-12-12T18:13:31.621Z"}
{"level":"info","message":"⌛ Validating parciales/elLegadoDeSoliamMurr/asentamientos.wlk","timeElapsed":106,"timestamp":"2025-12-12T18:13:31.728Z"}
{"level":"info","message":"⌛ Validating parciales/elLegadoDeSoliamMurr/asentamientos.wlk","timeElapsed":104,"timestamp":"2025-12-12T18:13:31.836Z"}
{"level":"info","message":"⌛ Validating parciales/elLegadoDeSoliamMurr/asentamientos.wlk","timeElapsed":111,"timestamp":"2025-12-12T18:13:32.118Z"}
{"level":"info","message":"⌛ Validating parciales/elLegadoDeSoliamMurr/asentamientos.wlk","timeElapsed":116,"timestamp":"2025-12-12T18:13:32.317Z"}
{"level":"info","message":"⌛ Validating parciales/elLegadoDeSoliamMurr/asentamientos.wlk","timeElapsed":110,"timestamp":"2025-12-12T18:13:32.626Z"}
{"level":"info","message":"⌛ Validating parciales/elLegadoDeSoliamMurr/asentamientos.wlk","timeElapsed":113,"timestamp":"2025-12-12T18:13:32.823Z"}
{"level":"info","message":"⌛ Validating parciales/elLegadoDeSoliamMurr/asentamientos.wlk","timeElapsed":106,"timestamp":"2025-12-12T18:13:33.033Z"}
{"level":"info","message":"⌛ Validating parciales/elLegadoDeSoliamMurr/asentamientos.wlk","timeElapsed":112,"timestamp":"2025-12-12T18:13:33.149Z"}
{"level":"info","message":"⌛ Validating parciales/elLegadoDeSoliamMurr/asentamientos.wlk","timeElapsed":144,"timestamp":"2025-12-12T18:13:33.294Z"}
{"level":"info","message":"⌛ Validating parciales/elLegadoDeSoliamMurr/asentamientos.wlk","timeElapsed":124,"timestamp":"2025-12-12T18:13:33.712Z"}
{"level":"info","message":"⌛ Building environment","timeElapsed":124,"timestamp":"2025-12-12T18:13:33.837Z"}
{"level":"info","message":"⌛ Validating parciales/elLegadoDeSoliamMurr/asentamientos.wlk","timeElapsed":107,"timestamp":"2025-12-12T18:13:33.945Z"}
{"level":"info","message":"⌛ Validating parciales/elLegadoDeSoliamMurr/asentamientos.wlk","timeElapsed":115,"timestamp":"2025-12-12T18:13:34.137Z"}
{"level":"info","message":"⌛ Validating parciales/elLegadoDeSoliamMurr/asentamientos.wlk","timeElapsed":108,"timestamp":"2025-12-12T18:13:34.245Z"}
{"level":"info","message":"⌛ Validating parciales/elLegadoDeSoliamMurr/asentamientos.wlk","timeElapsed":109,"timestamp":"2025-12-12T18:13:34.360Z"}
{"level":"info","message":"⌛ Building environment","timeElapsed":105,"timestamp":"2025-12-12T18:13:35.097Z"}
{"level":"info","message":"⌛ Validating parciales/elLegadoDeSoliamMurr/asentamientos.wlk","timeElapsed":126,"timestamp":"2025-12-12T18:13:35.224Z"}
{"level":"info","message":"⌛ Validating parciales/elLegadoDeSoliamMurr/asentamientos.wlk","timeElapsed":107,"timestamp":"2025-12-12T18:13:35.533Z"}
{"level":"info","message":"⌛ Building environment","timeElapsed":107,"timestamp":"2025-12-12T18:13:35.640Z"}
{"level":"info","message":"⌛ Validating parciales/elLegadoDeSoliamMurr/asentamientos.wlk","timeElapsed":106,"timestamp":"2025-12-12T18:13:35.747Z"}
{"level":"info","message":"⌛ Validating parciales/elLegadoDeSoliamMurr/asentamientos.wlk","timeElapsed":114,"timestamp":"2025-12-12T18:13:35.940Z"}
{"level":"info","message":"⌛ Validating parciales/elLegadoDeSoliamMurr/asentamientos.wlk","timeElapsed":102,"timestamp":"2025-12-12T18:13:36.119Z"}
{"level":"info","message":"⌛ Building environment","timeElapsed":105,"timestamp":"2025-12-12T18:13:36.944Z"}
{"level":"info","message":"⌛ Validating parciales/elLegadoDeSoliamMurr/asentamientos.wlk","timeElapsed":111,"timestamp":"2025-12-12T18:13:37.057Z"}
{"level":"info","message":"⌛ Building environment","timeElapsed":111,"timestamp":"2025-12-12T18:13:37.379Z"}
{"level":"info","message":"⌛ Validating parciales/elLegadoDeSoliamMurr/asentamientos.wlk","timeElapsed":114,"timestamp":"2025-12-12T18:13:37.493Z"}
{"level":"info","message":"⌛ Validating parciales/elLegadoDeSoliamMurr/asentamientos.wlk","timeElapsed":102,"timestamp":"2025-12-12T18:13:37.870Z"}
{"level":"info","message":"⌛ Validating parciales/elLegadoDeSoliamMurr/asentamientos.wlk","timeElapsed":110,"timestamp":"2025-12-12T18:13:42.784Z"}
{"level":"info","message":"⌛ Validating parciales/elLegadoDeSoliamMurr/asentamientos.wlk","timeElapsed":104,"timestamp":"2025-12-12T18:13:42.969Z"}
{"level":"info","message":"⌛ Building environment","timeElapsed":186,"timestamp":"2025-12-12T18:13:43.337Z"}
{"level":"info","message":"⌛ Validating parciales/elLegadoDeSoliamMurr/asentamientos.wlk","timeElapsed":106,"timestamp":"2025-12-12T18:13:43.564Z"}
{"level":"info","message":"⌛ Building environment","timeElapsed":111,"timestamp":"2025-12-12T18:13:44.113Z"}
{"level":"info","message":"⌛ Validating parciales/elLegadoDeSoliamMurr/asentamientos.wlk","timeElapsed":128,"timestamp":"2025-12-12T18:13:44.242Z"}
{"level":"info","message":"⌛ Building environment","timeElapsed":104,"timestamp":"2025-12-12T18:13:45.647Z"}
{"level":"info","message":"⌛ Validating parciales/elLegadoDeSoliamMurr/asentamientos.wlk","timeElapsed":107,"timestamp":"2025-12-12T18:13:45.756Z"}
{"level":"info","message":"⌛ Validating parciales/elLegadoDeSoliamMurr/asentamientos.wlk","timeElapsed":103,"timestamp":"2025-12-12T18:13:45.943Z"}
{"level":"info","message":"⌛ Building environment","timeElapsed":109,"timestamp":"2025-12-12T18:13:46.776Z"}
{"level":"info","message":"⌛ Validating parciales/elLegadoDeSoliamMurr/asentamientos.wlk","timeElapsed":111,"timestamp":"2025-12-12T18:13:46.887Z"}
{"level":"info","message":"⌛ Building environment","timeElapsed":102,"timestamp":"2025-12-12T18:13:47.039Z"}
{"level":"info","message":"⌛ Validating parciales/elLegadoDeSoliamMurr/asentamientos.wlk","timeElapsed":109,"timestamp":"2025-12-12T18:13:47.264Z"}
{"level":"info","message":"⌛ Validating parciales/elLegadoDeSoliamMurr/asentamientos.wlk","timeElapsed":103,"timestamp":"2025-12-12T18:13:47.368Z"}
{"level":"info","message":"⌛ Validating parciales/elLegadoDeSoliamMurr/asentamientos.wlk","timeElapsed":113,"timestamp":"2025-12-12T18:13:47.669Z"}
{"level":"info","message":"⌛ Building environment","timeElapsed":128,"timestamp":"2025-12-12T18:13:48.375Z"}
{"level":"info","message":"⌛ Validating parciales/elLegadoDeSoliamMurr/asentamientos.wlk","timeElapsed":115,"timestamp":"2025-12-12T18:13:48.523Z"}
{"level":"info","message":"⌛ Validating parciales/elLegadoDeSoliamMurr/asentamientos.wlk","timeElapsed":106,"timestamp":"2025-12-12T18:13:48.944Z"}
{"level":"info","message":"⌛ Validating parciales/elLegadoDeSoliamMurr/asentamientos.wlk","timeElapsed":113,"timestamp":"2025-12-12T18:13:49.140Z"}
{"level":"info","message":"⌛ Validating parciales/elLegadoDeSoliamMurr/asentamientos.wlk","timeElapsed":112,"timestamp":"2025-12-12T18:13:49.252Z"}
{"level":"info","message":"⌛ Building environment","timeElapsed":109,"timestamp":"2025-12-12T18:13:49.369Z"}
{"level":"info","message":"⌛ Validating parciales/elLegadoDeSoliamMurr/asentamientos.wlk","timeElapsed":116,"timestamp":"2025-12-12T18:13:49.485Z"}
{"level":"info","message":"⌛ Building environment","timeElapsed":107,"timestamp":"2025-12-12T18:13:49.672Z"}
{"level":"info","message":"⌛ Validating parciales/elLegadoDeSoliamMurr/asentamientos.wlk","timeElapsed":120,"timestamp":"2025-12-12T18:13:49.793Z"}
{"level":"info","message":"⌛ Validating parciales/elLegadoDeSoliamMurr/asentamientos.wlk","timeElapsed":109,"timestamp":"2025-12-12T18:13:49.982Z"}
{"level":"info","message":"⌛ Validating parciales/elLegadoDeSoliamMurr/asentamientos.wlk","timeElapsed":101,"timestamp":"2025-12-12T18:13:50.083Z"}
{"level":"error","message":"✘ Failed to rebuild document Failed to parse parciales/elLegadoDeSoliamMurr/asentamientos.wlk: \n-- PARSING FAILED --------------------------------------------------\n\n  70 |   }\n  71 |   \n> 72 |   method () {\n     |          ^\n  73 |     \n  74 |   }\n\nExpected one of the following: \n\n'!=', '!==', '%', '&&', '*', '**', '+', '-', '->', '..', '..<', '/', '<', '<<', '<<<', '<=', '<=>', '<>', '==', '===', '>', '>..', '>=', '>>', '>>>', '?:', 'and', 'invert', 'negate', 'or', 'plus', '||', identifier, whitespace\n","stack":"Error: Failed to parse parciales/elLegadoDeSoliamMurr/asentamientos.wlk: \n-- PARSING FAILED --------------------------------------------------\n\n  70 |   }\n  71 |   \n> 72 |   method () {\n     |          ^\n  73 |     \n  74 |   }\n\nExpected one of the following: \n\n'!=', '!==', '%', '&&', '*', '**', '+', '-', '->', '..', '..<', '/', '<', '<<', '<<<', '<=', '<=>', '<>', '==', '===', '>', '>..', '>=', '>>', '>>>', '?:', 'and', 'invert', 'negate', 'or', 'plus', '||', identifier, whitespace\n\n    at c:\\Users\\egoytendia\\.vscode\\extensions\\uqbar.wollok-lsp-ide-0.5.3\\out\\server\\src\\server.js:2348:13026\n    at Array.map (<anonymous>)\n    at W1n (c:\\Users\\egoytendia\\.vscode\\extensions\\uqbar.wollok-lsp-ide-0.5.3\\out\\server\\src\\server.js:2348:12950)\n    at U2.buildEnvironmentFrom (c:\\Users\\egoytendia\\.vscode\\extensions\\uqbar.wollok-lsp-ide-0.5.3\\out\\server\\src\\server.js:2393:5254)\n    at U2.updateEnvironmentWith (c:\\Users\\egoytendia\\.vscode\\extensions\\uqbar.wollok-lsp-ide-0.5.3\\out\\server\\src\\server.js:2393:4989)\n    at JF (c:\\Users\\egoytendia\\.vscode\\extensions\\uqbar.wollok-lsp-ide-0.5.3\\out\\server\\src\\server.js:2393:7383)\n    at F3.invoke (c:\\Users\\egoytendia\\.vscode\\extensions\\uqbar.wollok-lsp-ide-0.5.3\\out\\server\\src\\server.js:3:157334)\n    at o.fire (c:\\Users\\egoytendia\\.vscode\\extensions\\uqbar.wollok-lsp-ide-0.5.3\\out\\server\\src\\server.js:3:158104)\n    at c:\\Users\\egoytendia\\.vscode\\extensions\\uqbar.wollok-lsp-ide-0.5.3\\out\\server\\src\\server.js:37:57871\n    at Zr (c:\\Users\\egoytendia\\.vscode\\extensions\\uqbar.wollok-lsp-ide-0.5.3\\out\\server\\src\\server.js:8:1561)","timestamp":"2025-12-12T18:13:50.103Z"}
{"level":"info","message":"⌛ Validating parciales/elLegadoDeSoliamMurr/asentamientos.wlk","timeElapsed":107,"timestamp":"2025-12-12T18:13:50.526Z"}
{"level":"info","message":"⌛ Validating parciales/elLegadoDeSoliamMurr/asentamientos.wlk","timeElapsed":143,"timestamp":"2025-12-12T18:13:50.845Z"}
{"level":"info","message":"⌛ Building environment","timeElapsed":102,"timestamp":"2025-12-12T18:13:50.948Z"}
{"level":"info","message":"⌛ Validating parciales/elLegadoDeSoliamMurr/asentamientos.wlk","timeElapsed":114,"timestamp":"2025-12-12T18:13:51.062Z"}
{"level":"info","message":"⌛ Validating parciales/elLegadoDeSoliamMurr/asentamientos.wlk","timeElapsed":111,"timestamp":"2025-12-12T18:13:51.255Z"}
{"level":"info","message":"⌛ Building environment","timeElapsed":157,"timestamp":"2025-12-12T18:13:51.413Z"}
{"level":"info","message":"⌛ Building environment","timeElapsed":102,"timestamp":"2025-12-12T18:13:51.516Z"}
{"level":"info","message":"⌛ Validating parciales/elLegadoDeSoliamMurr/asentamientos.wlk","timeElapsed":110,"timestamp":"2025-12-12T18:13:51.710Z"}
{"level":"info","message":"⌛ Validating parciales/elLegadoDeSoliamMurr/asentamientos.wlk","timeElapsed":110,"timestamp":"2025-12-12T18:13:51.825Z"}
{"level":"info","message":"⌛ Validating parciales/elLegadoDeSoliamMurr/asentamientos.wlk","timeElapsed":113,"timestamp":"2025-12-12T18:13:52.047Z"}
{"level":"info","message":"⌛ Validating parciales/elLegadoDeSoliamMurr/asentamientos.wlk","timeElapsed":115,"timestamp":"2025-12-12T18:13:52.165Z"}
{"level":"info","message":"⌛ Validating parciales/elLegadoDeSoliamMurr/asentamientos.wlk","timeElapsed":112,"timestamp":"2025-12-12T18:13:52.278Z"}
{"level":"info","message":"⌛ Building environment","timeElapsed":110,"timestamp":"2025-12-12T18:13:53.509Z"}
{"level":"info","message":"⌛ Validating parciales/elLegadoDeSoliamMurr/asentamientos.wlk","timeElapsed":112,"timestamp":"2025-12-12T18:13:53.649Z"}
{"level":"info","message":"⌛ Validating parciales/elLegadoDeSoliamMurr/asentamientos.wlk","timeElapsed":108,"timestamp":"2025-12-12T18:13:53.963Z"}
{"level":"info","message":"⌛ Validating parciales/elLegadoDeSoliamMurr/asentamientos.wlk","timeElapsed":103,"timestamp":"2025-12-12T18:13:54.175Z"}
{"level":"info","message":"⌛ Validating parciales/elLegadoDeSoliamMurr/asentamientos.wlk","timeElapsed":156,"timestamp":"2025-12-12T18:13:54.563Z"}
{"level":"info","message":"⌛ Validating parciales/elLegadoDeSoliamMurr/asentamientos.wlk","timeElapsed":107,"timestamp":"2025-12-12T18:13:54.670Z"}
{"level":"info","message":"⌛ Validating parciales/elLegadoDeSoliamMurr/asentamientos.wlk","timeElapsed":117,"timestamp":"2025-12-12T18:13:54.792Z"}
{"level":"info","message":"⌛ Validating parciales/elLegadoDeSoliamMurr/asentamientos.wlk","timeElapsed":114,"timestamp":"2025-12-12T18:13:55.112Z"}
{"level":"info","message":"⌛ Validating parciales/elLegadoDeSoliamMurr/asentamientos.wlk","timeElapsed":107,"timestamp":"2025-12-12T18:13:55.335Z"}
{"level":"info","message":"⌛ Validating parciales/elLegadoDeSoliamMurr/asentamientos.wlk","timeElapsed":119,"timestamp":"2025-12-12T18:13:55.535Z"}
{"level":"info","message":"⌛ Validating parciales/elLegadoDeSoliamMurr/asentamientos.wlk","timeElapsed":108,"timestamp":"2025-12-12T18:13:55.643Z"}
{"level":"info","message":"⌛ Building environment","timeElapsed":143,"timestamp":"2025-12-12T18:14:01.213Z"}
{"level":"info","message":"⌛ Validating parciales/elLegadoDeSoliamMurr/asentamientos.wlk","timeElapsed":113,"timestamp":"2025-12-12T18:14:01.451Z"}
{"level":"info","message":"⌛ Validating parciales/elLegadoDeSoliamMurr/asentamientos.wlk","timeElapsed":118,"timestamp":"2025-12-12T18:14:01.748Z"}
{"level":"info","message":"⌛ Validating parciales/elLegadoDeSoliamMurr/asentamientos.wlk","timeElapsed":109,"timestamp":"2025-12-12T18:14:01.991Z"}
{"level":"info","message":"⌛ Validating parciales/elLegadoDeSoliamMurr/asentamientos.wlk","timeElapsed":121,"timestamp":"2025-12-12T18:14:02.397Z"}
{"level":"info","message":"⌛ Validating parciales/elLegadoDeSoliamMurr/asentamientos.wlk","timeElapsed":111,"timestamp":"2025-12-12T18:14:03.821Z"}
{"level":"info","message":"⌛ Validating parciales/elLegadoDeSoliamMurr/asentamientos.wlk","timeElapsed":103,"timestamp":"2025-12-12T18:14:05.270Z"}
{"level":"info","message":"⌛ Validating parciales/elLegadoDeSoliamMurr/asentamientos.wlk","timeElapsed":112,"timestamp":"2025-12-12T18:14:06.480Z"}
{"level":"info","message":"⌛ Validating parciales/elLegadoDeSoliamMurr/asentamientos.wlk","timeElapsed":104,"timestamp":"2025-12-12T18:14:06.698Z"}
{"level":"info","message":"⌛ Building environment","timeElapsed":193,"timestamp":"2025-12-12T18:14:07.108Z"}
{"level":"info","message":"⌛ Validating parciales/elLegadoDeSoliamMurr/asentamientos.wlk","timeElapsed":119,"timestamp":"2025-12-12T18:14:07.405Z"}
{"level":"info","message":"⌛ Building environment","timeElapsed":177,"timestamp":"2025-12-12T18:14:08.576Z"}
{"level":"info","message":"⌛ Validating parciales/elLegadoDeSoliamMurr/asentamientos.wlk","timeElapsed":109,"timestamp":"2025-12-12T18:14:08.686Z"}
{"level":"info","message":"⌛ Validating parciales/elLegadoDeSoliamMurr/asentamientos.wlk","timeElapsed":110,"timestamp":"2025-12-12T18:14:08.934Z"}
{"level":"info","message":"⌛ Building environment","timeElapsed":109,"timestamp":"2025-12-12T18:14:09.635Z"}
{"level":"info","message":"⌛ Validating parciales/elLegadoDeSoliamMurr/asentamientos.wlk","timeElapsed":111,"timestamp":"2025-12-12T18:14:09.746Z"}
{"level":"info","message":"⌛ Validating parciales/elLegadoDeSoliamMurr/asentamientos.wlk","timeElapsed":109,"timestamp":"2025-12-12T18:14:10.355Z"}
{"level":"info","message":"⌛ Building environment","timeElapsed":126,"timestamp":"2025-12-12T18:14:10.483Z"}
{"level":"info","message":"⌛ Validating parciales/elLegadoDeSoliamMurr/asentamientos.wlk","timeElapsed":118,"timestamp":"2025-12-12T18:14:10.601Z"}
{"level":"info","message":"⌛ Building environment","timeElapsed":106,"timestamp":"2025-12-12T18:14:10.733Z"}
{"level":"info","message":"⌛ Validating parciales/elLegadoDeSoliamMurr/asentamientos.wlk","timeElapsed":118,"timestamp":"2025-12-12T18:14:10.855Z"}
{"level":"info","message":"⌛ Building environment","timeElapsed":126,"timestamp":"2025-12-12T18:14:11.557Z"}
{"level":"info","message":"⌛ Validating parciales/elLegadoDeSoliamMurr/asentamientos.wlk","timeElapsed":108,"timestamp":"2025-12-12T18:14:11.666Z"}
{"level":"info","message":"⌛ Building environment","timeElapsed":108,"timestamp":"2025-12-12T18:14:13.791Z"}
{"level":"error","message":"✘ Completions for node Return (undefined - parciales/elLegadoDeSoliamMurr/asentamientos.wlk) failed: Error: [Return]{8d7396} at parciales/elLegadoDeSoliamMurr/asentamientos.wlk:-- exhausted all cases without a match [Return]{8d7396} at parciales/elLegadoDeSoliamMurr/asentamientos.wlk:-- exhausted all cases without a match","stack":"Error: [Return]{8d7396} at parciales/elLegadoDeSoliamMurr/asentamientos.wlk:-- exhausted all cases without a match\n    at c:\\Users\\egoytendia\\.vscode\\extensions\\uqbar.wollok-lsp-ide-0.5.3\\out\\server\\src\\server.js:38:6142\n    at D2 (c:\\Users\\egoytendia\\.vscode\\extensions\\uqbar.wollok-lsp-ide-0.5.3\\out\\server\\src\\server.js:2384:42)\n    at Qh (c:\\Users\\egoytendia\\.vscode\\extensions\\uqbar.wollok-lsp-ide-0.5.3\\out\\server\\src\\server.js:2384:1092)\n    at k6n (c:\\Users\\egoytendia\\.vscode\\extensions\\uqbar.wollok-lsp-ide-0.5.3\\out\\server\\src\\server.js:2384:1248)\n    at c:\\Users\\egoytendia\\.vscode\\extensions\\uqbar.wollok-lsp-ide-0.5.3\\out\\server\\src\\server.js:38:6131\n    at D2 (c:\\Users\\egoytendia\\.vscode\\extensions\\uqbar.wollok-lsp-ide-0.5.3\\out\\server\\src\\server.js:2384:42)\n    at c:\\Users\\egoytendia\\.vscode\\extensions\\uqbar.wollok-lsp-ide-0.5.3\\out\\server\\src\\server.js:2384:2988\n    at c:\\Users\\egoytendia\\.vscode\\extensions\\uqbar.wollok-lsp-ide-0.5.3\\out\\server\\src\\server.js:2393:8440\n    at c:\\Users\\egoytendia\\.vscode\\extensions\\uqbar.wollok-lsp-ide-0.5.3\\out\\server\\src\\server.js:37:74872\n    at Ye (c:\\Users\\egoytendia\\.vscode\\extensions\\uqbar.wollok-lsp-ide-0.5.3\\out\\server\\src\\server.js:7:8527)","timestamp":"2025-12-12T18:14:13.826Z"}
{"level":"info","message":"⌛ Validating parciales/elLegadoDeSoliamMurr/asentamientos.wlk","timeElapsed":101,"timestamp":"2025-12-12T18:14:13.936Z"}
{"level":"info","message":"⌛ Validating parciales/elLegadoDeSoliamMurr/asentamientos.wlk","timeElapsed":113,"timestamp":"2025-12-12T18:14:14.232Z"}
{"level":"info","message":"⌛ Validating parciales/elLegadoDeSoliamMurr/asentamientos.wlk","timeElapsed":110,"timestamp":"2025-12-12T18:14:14.437Z"}
{"level":"error","message":"✘ Completions for node Return (undefined - parciales/elLegadoDeSoliamMurr/asentamientos.wlk) failed: Error: [Return]{7f5d4d} at parciales/elLegadoDeSoliamMurr/asentamientos.wlk:-- exhausted all cases without a match [Return]{7f5d4d} at parciales/elLegadoDeSoliamMurr/asentamientos.wlk:-- exhausted all cases without a match","stack":"Error: [Return]{7f5d4d} at parciales/elLegadoDeSoliamMurr/asentamientos.wlk:-- exhausted all cases without a match\n    at c:\\Users\\egoytendia\\.vscode\\extensions\\uqbar.wollok-lsp-ide-0.5.3\\out\\server\\src\\server.js:38:6142\n    at D2 (c:\\Users\\egoytendia\\.vscode\\extensions\\uqbar.wollok-lsp-ide-0.5.3\\out\\server\\src\\server.js:2384:42)\n    at Qh (c:\\Users\\egoytendia\\.vscode\\extensions\\uqbar.wollok-lsp-ide-0.5.3\\out\\server\\src\\server.js:2384:1092)\n    at k6n (c:\\Users\\egoytendia\\.vscode\\extensions\\uqbar.wollok-lsp-ide-0.5.3\\out\\server\\src\\server.js:2384:1248)\n    at c:\\Users\\egoytendia\\.vscode\\extensions\\uqbar.wollok-lsp-ide-0.5.3\\out\\server\\src\\server.js:38:6131\n    at D2 (c:\\Users\\egoytendia\\.vscode\\extensions\\uqbar.wollok-lsp-ide-0.5.3\\out\\server\\src\\server.js:2384:42)\n    at c:\\Users\\egoytendia\\.vscode\\extensions\\uqbar.wollok-lsp-ide-0.5.3\\out\\server\\src\\server.js:2384:2988\n    at c:\\Users\\egoytendia\\.vscode\\extensions\\uqbar.wollok-lsp-ide-0.5.3\\out\\server\\src\\server.js:2393:8440\n    at c:\\Users\\egoytendia\\.vscode\\extensions\\uqbar.wollok-lsp-ide-0.5.3\\out\\server\\src\\server.js:37:74872\n    at Ye (c:\\Users\\egoytendia\\.vscode\\extensions\\uqbar.wollok-lsp-ide-0.5.3\\out\\server\\src\\server.js:7:8527)","timestamp":"2025-12-12T18:14:14.595Z"}
{"level":"info","message":"⌛ Validating parciales/elLegadoDeSoliamMurr/asentamientos.wlk","timeElapsed":105,"timestamp":"2025-12-12T18:14:14.790Z"}
{"level":"info","message":"⌛ Validating parciales/elLegadoDeSoliamMurr/asentamientos.wlk","timeElapsed":106,"timestamp":"2025-12-12T18:14:15.057Z"}
{"level":"info","message":"⌛ Validating parciales/elLegadoDeSoliamMurr/asentamientos.wlk","timeElapsed":120,"timestamp":"2025-12-12T18:14:15.272Z"}
{"level":"info","message":"⌛ Validating parciales/elLegadoDeSoliamMurr/asentamientos.wlk","timeElapsed":108,"timestamp":"2025-12-12T18:14:15.519Z"}
{"level":"info","message":"⌛ Validating parciales/elLegadoDeSoliamMurr/asentamientos.wlk","timeElapsed":121,"timestamp":"2025-12-12T18:14:15.740Z"}
{"level":"info","message":"⌛ Validating parciales/elLegadoDeSoliamMurr/asentamientos.wlk","timeElapsed":108,"timestamp":"2025-12-12T18:14:15.848Z"}
{"level":"info","message":"⌛ Building environment","timeElapsed":120,"timestamp":"2025-12-12T18:14:15.970Z"}
{"level":"error","message":"✘ Completions for node Return (undefined - parciales/elLegadoDeSoliamMurr/asentamientos.wlk) failed: Error: [Return]{f44b87} at parciales/elLegadoDeSoliamMurr/asentamientos.wlk:-- exhausted all cases without a match [Return]{f44b87} at parciales/elLegadoDeSoliamMurr/asentamientos.wlk:-- exhausted all cases without a match","stack":"Error: [Return]{f44b87} at parciales/elLegadoDeSoliamMurr/asentamientos.wlk:-- exhausted all cases without a match\n    at c:\\Users\\egoytendia\\.vscode\\extensions\\uqbar.wollok-lsp-ide-0.5.3\\out\\server\\src\\server.js:38:6142\n    at D2 (c:\\Users\\egoytendia\\.vscode\\extensions\\uqbar.wollok-lsp-ide-0.5.3\\out\\server\\src\\server.js:2384:42)\n    at Qh (c:\\Users\\egoytendia\\.vscode\\extensions\\uqbar.wollok-lsp-ide-0.5.3\\out\\server\\src\\server.js:2384:1092)\n    at k6n (c:\\Users\\egoytendia\\.vscode\\extensions\\uqbar.wollok-lsp-ide-0.5.3\\out\\server\\src\\server.js:2384:1248)\n    at c:\\Users\\egoytendia\\.vscode\\extensions\\uqbar.wollok-lsp-ide-0.5.3\\out\\server\\src\\server.js:38:6131\n    at D2 (c:\\Users\\egoytendia\\.vscode\\extensions\\uqbar.wollok-lsp-ide-0.5.3\\out\\server\\src\\server.js:2384:42)\n    at c:\\Users\\egoytendia\\.vscode\\extensions\\uqbar.wollok-lsp-ide-0.5.3\\out\\server\\src\\server.js:2384:2988\n    at c:\\Users\\egoytendia\\.vscode\\extensions\\uqbar.wollok-lsp-ide-0.5.3\\out\\server\\src\\server.js:2393:8440\n    at c:\\Users\\egoytendia\\.vscode\\extensions\\uqbar.wollok-lsp-ide-0.5.3\\out\\server\\src\\server.js:37:74872\n    at Ye (c:\\Users\\egoytendia\\.vscode\\extensions\\uqbar.wollok-lsp-ide-0.5.3\\out\\server\\src\\server.js:7:8527)","timestamp":"2025-12-12T18:14:16.001Z"}
{"level":"info","message":"⌛ Validating parciales/elLegadoDeSoliamMurr/asentamientos.wlk","timeElapsed":108,"timestamp":"2025-12-12T18:14:16.204Z"}
{"level":"info","message":"⌛ Validating parciales/elLegadoDeSoliamMurr/asentamientos.wlk","timeElapsed":107,"timestamp":"2025-12-12T18:14:16.312Z"}
{"level":"info","message":"⌛ Building environment","timeElapsed":101,"timestamp":"2025-12-12T18:14:16.900Z"}
{"level":"info","message":"⌛ Validating parciales/elLegadoDeSoliamMurr/asentamientos.wlk","timeElapsed":102,"timestamp":"2025-12-12T18:14:17.002Z"}
{"level":"info","message":"⌛ Building environment","timeElapsed":120,"timestamp":"2025-12-12T18:14:17.190Z"}
{"level":"info","message":"⌛ Validating parciales/elLegadoDeSoliamMurr/asentamientos.wlk","timeElapsed":105,"timestamp":"2025-12-12T18:14:17.297Z"}
{"level":"info","message":"⌛ Validating parciales/elLegadoDeSoliamMurr/asentamientos.wlk","timeElapsed":118,"timestamp":"2025-12-12T18:14:17.812Z"}
{"level":"error","message":"✘ Completions for node Return (undefined - parciales/elLegadoDeSoliamMurr/asentamientos.wlk) failed: Error: [Return]{0acc88} at parciales/elLegadoDeSoliamMurr/asentamientos.wlk:-- exhausted all cases without a match [Return]{0acc88} at parciales/elLegadoDeSoliamMurr/asentamientos.wlk:-- exhausted all cases without a match","stack":"Error: [Return]{0acc88} at parciales/elLegadoDeSoliamMurr/asentamientos.wlk:-- exhausted all cases without a match\n    at c:\\Users\\egoytendia\\.vscode\\extensions\\uqbar.wollok-lsp-ide-0.5.3\\out\\server\\src\\server.js:38:6142\n    at D2 (c:\\Users\\egoytendia\\.vscode\\extensions\\uqbar.wollok-lsp-ide-0.5.3\\out\\server\\src\\server.js:2384:42)\n    at Qh (c:\\Users\\egoytendia\\.vscode\\extensions\\uqbar.wollok-lsp-ide-0.5.3\\out\\server\\src\\server.js:2384:1092)\n    at k6n (c:\\Users\\egoytendia\\.vscode\\extensions\\uqbar.wollok-lsp-ide-0.5.3\\out\\server\\src\\server.js:2384:1248)\n    at c:\\Users\\egoytendia\\.vscode\\extensions\\uqbar.wollok-lsp-ide-0.5.3\\out\\server\\src\\server.js:38:6131\n    at D2 (c:\\Users\\egoytendia\\.vscode\\extensions\\uqbar.wollok-lsp-ide-0.5.3\\out\\server\\src\\server.js:2384:42)\n    at c:\\Users\\egoytendia\\.vscode\\extensions\\uqbar.wollok-lsp-ide-0.5.3\\out\\server\\src\\server.js:2384:2988\n    at c:\\Users\\egoytendia\\.vscode\\extensions\\uqbar.wollok-lsp-ide-0.5.3\\out\\server\\src\\server.js:2393:8440\n    at c:\\Users\\egoytendia\\.vscode\\extensions\\uqbar.wollok-lsp-ide-0.5.3\\out\\server\\src\\server.js:37:74872\n    at Ye (c:\\Users\\egoytendia\\.vscode\\extensions\\uqbar.wollok-lsp-ide-0.5.3\\out\\server\\src\\server.js:7:8527)","timestamp":"2025-12-12T18:14:18.092Z"}
{"level":"info","message":"⌛ Validating parciales/elLegadoDeSoliamMurr/asentamientos.wlk","timeElapsed":105,"timestamp":"2025-12-12T18:14:18.209Z"}
{"level":"info","message":"⌛ Validating parciales/elLegadoDeSoliamMurr/asentamientos.wlk","timeElapsed":104,"timestamp":"2025-12-12T18:14:18.486Z"}
{"level":"info","message":"⌛ Validating parciales/elLegadoDeSoliamMurr/asentamientos.wlk","timeElapsed":111,"timestamp":"2025-12-12T18:14:18.678Z"}
{"level":"info","message":"⌛ Validating parciales/elLegadoDeSoliamMurr/asentamientos.wlk","timeElapsed":138,"timestamp":"2025-12-12T18:14:18.817Z"}
{"level":"info","message":"⌛ Validating parciales/elLegadoDeSoliamMurr/asentamientos.wlk","timeElapsed":110,"timestamp":"2025-12-12T18:14:19.037Z"}
{"level":"info","message":"⌛ Validating parciales/elLegadoDeSoliamMurr/asentamientos.wlk","timeElapsed":118,"timestamp":"2025-12-12T18:14:19.277Z"}
{"level":"info","message":"⌛ Building environment","timeElapsed":110,"timestamp":"2025-12-12T18:14:19.636Z"}
{"level":"info","message":"⌛ Validating parciales/elLegadoDeSoliamMurr/asentamientos.wlk","timeElapsed":106,"timestamp":"2025-12-12T18:14:19.743Z"}
{"level":"info","message":"⌛ Building environment","timeElapsed":107,"timestamp":"2025-12-12T18:14:19.971Z"}
{"level":"info","message":"⌛ Validating parciales/elLegadoDeSoliamMurr/asentamientos.wlk","timeElapsed":110,"timestamp":"2025-12-12T18:14:20.182Z"}
{"level":"info","message":"⌛ Validating parciales/elLegadoDeSoliamMurr/asentamientos.wlk","timeElapsed":117,"timestamp":"2025-12-12T18:14:20.380Z"}
{"level":"info","message":"⌛ Building environment","timeElapsed":102,"timestamp":"2025-12-12T18:14:20.483Z"}
{"level":"info","message":"⌛ Validating parciales/elLegadoDeSoliamMurr/asentamientos.wlk","timeElapsed":125,"timestamp":"2025-12-12T18:14:20.608Z"}
{"level":"info","message":"⌛ Validating parciales/elLegadoDeSoliamMurr/asentamientos.wlk","timeElapsed":103,"timestamp":"2025-12-12T18:14:20.716Z"}
{"level":"info","message":"⌛ Building environment","timeElapsed":116,"timestamp":"2025-12-12T18:14:22.014Z"}
{"level":"info","message":"⌛ Validating parciales/elLegadoDeSoliamMurr/asentamientos.wlk","timeElapsed":111,"timestamp":"2025-12-12T18:14:22.126Z"}
{"level":"info","message":"⌛ Building environment","timeElapsed":102,"timestamp":"2025-12-12T18:14:23.239Z"}
{"level":"info","message":"⌛ Validating parciales/elLegadoDeSoliamMurr/asentamientos.wlk","timeElapsed":102,"timestamp":"2025-12-12T18:14:23.342Z"}
{"level":"info","message":"⌛ Building environment","timeElapsed":109,"timestamp":"2025-12-12T18:14:23.504Z"}
{"level":"info","message":"⌛ Validating parciales/elLegadoDeSoliamMurr/asentamientos.wlk","timeElapsed":113,"timestamp":"2025-12-12T18:14:23.617Z"}
{"level":"info","message":"⌛ Building environment","timeElapsed":173,"timestamp":"2025-12-12T18:14:33.347Z"}
{"level":"error","message":"✘ Completions for node Return (undefined - parciales/elLegadoDeSoliamMurr/asentamientos.wlk) failed: Error: [Return]{d9956c} at parciales/elLegadoDeSoliamMurr/asentamientos.wlk:-- exhausted all cases without a match [Return]{d9956c} at parciales/elLegadoDeSoliamMurr/asentamientos.wlk:-- exhausted all cases without a match","stack":"Error: [Return]{d9956c} at parciales/elLegadoDeSoliamMurr/asentamientos.wlk:-- exhausted all cases without a match\n    at c:\\Users\\egoytendia\\.vscode\\extensions\\uqbar.wollok-lsp-ide-0.5.3\\out\\server\\src\\server.js:38:6142\n    at D2 (c:\\Users\\egoytendia\\.vscode\\extensions\\uqbar.wollok-lsp-ide-0.5.3\\out\\server\\src\\server.js:2384:42)\n    at Qh (c:\\Users\\egoytendia\\.vscode\\extensions\\uqbar.wollok-lsp-ide-0.5.3\\out\\server\\src\\server.js:2384:1092)\n    at k6n (c:\\Users\\egoytendia\\.vscode\\extensions\\uqbar.wollok-lsp-ide-0.5.3\\out\\server\\src\\server.js:2384:1248)\n    at c:\\Users\\egoytendia\\.vscode\\extensions\\uqbar.wollok-lsp-ide-0.5.3\\out\\server\\src\\server.js:38:6131\n    at D2 (c:\\Users\\egoytendia\\.vscode\\extensions\\uqbar.wollok-lsp-ide-0.5.3\\out\\server\\src\\server.js:2384:42)\n    at c:\\Users\\egoytendia\\.vscode\\extensions\\uqbar.wollok-lsp-ide-0.5.3\\out\\server\\src\\server.js:2384:2988\n    at c:\\Users\\egoytendia\\.vscode\\extensions\\uqbar.wollok-lsp-ide-0.5.3\\out\\server\\src\\server.js:2393:8440\n    at c:\\Users\\egoytendia\\.vscode\\extensions\\uqbar.wollok-lsp-ide-0.5.3\\out\\server\\src\\server.js:37:74872\n    at Ye (c:\\Users\\egoytendia\\.vscode\\extensions\\uqbar.wollok-lsp-ide-0.5.3\\out\\server\\src\\server.js:7:8527)","timestamp":"2025-12-12T18:14:33.384Z"}
{"level":"info","message":"⌛ Validating parciales/elLegadoDeSoliamMurr/asentamientos.wlk","timeElapsed":119,"timestamp":"2025-12-12T18:14:33.600Z"}
{"level":"info","message":"⌛ Building environment","timeElapsed":105,"timestamp":"2025-12-12T18:14:33.706Z"}
{"level":"info","message":"⌛ Validating parciales/elLegadoDeSoliamMurr/asentamientos.wlk","timeElapsed":122,"timestamp":"2025-12-12T18:14:33.829Z"}
{"level":"error","message":"✘ Completions for node Return (undefined - parciales/elLegadoDeSoliamMurr/asentamientos.wlk) failed: Error: [Return]{55f9ce} at parciales/elLegadoDeSoliamMurr/asentamientos.wlk:-- exhausted all cases without a match [Return]{55f9ce} at parciales/elLegadoDeSoliamMurr/asentamientos.wlk:-- exhausted all cases without a match","stack":"Error: [Return]{55f9ce} at parciales/elLegadoDeSoliamMurr/asentamientos.wlk:-- exhausted all cases without a match\n    at c:\\Users\\egoytendia\\.vscode\\extensions\\uqbar.wollok-lsp-ide-0.5.3\\out\\server\\src\\server.js:38:6142\n    at D2 (c:\\Users\\egoytendia\\.vscode\\extensions\\uqbar.wollok-lsp-ide-0.5.3\\out\\server\\src\\server.js:2384:42)\n    at Qh (c:\\Users\\egoytendia\\.vscode\\extensions\\uqbar.wollok-lsp-ide-0.5.3\\out\\server\\src\\server.js:2384:1092)\n    at k6n (c:\\Users\\egoytendia\\.vscode\\extensions\\uqbar.wollok-lsp-ide-0.5.3\\out\\server\\src\\server.js:2384:1248)\n    at c:\\Users\\egoytendia\\.vscode\\extensions\\uqbar.wollok-lsp-ide-0.5.3\\out\\server\\src\\server.js:38:6131\n    at D2 (c:\\Users\\egoytendia\\.vscode\\extensions\\uqbar.wollok-lsp-ide-0.5.3\\out\\server\\src\\server.js:2384:42)\n    at c:\\Users\\egoytendia\\.vscode\\extensions\\uqbar.wollok-lsp-ide-0.5.3\\out\\server\\src\\server.js:2384:2988\n    at c:\\Users\\egoytendia\\.vscode\\extensions\\uqbar.wollok-lsp-ide-0.5.3\\out\\server\\src\\server.js:2393:8440\n    at c:\\Users\\egoytendia\\.vscode\\extensions\\uqbar.wollok-lsp-ide-0.5.3\\out\\server\\src\\server.js:37:74872\n    at Ye (c:\\Users\\egoytendia\\.vscode\\extensions\\uqbar.wollok-lsp-ide-0.5.3\\out\\server\\src\\server.js:7:8527)","timestamp":"2025-12-12T18:14:33.948Z"}
{"level":"info","message":"⌛ Validating parciales/elLegadoDeSoliamMurr/asentamientos.wlk","timeElapsed":118,"timestamp":"2025-12-12T18:14:34.169Z"}
{"level":"info","message":"⌛ Validating parciales/elLegadoDeSoliamMurr/asentamientos.wlk","timeElapsed":115,"timestamp":"2025-12-12T18:14:34.289Z"}
{"level":"info","message":"⌛ Validating parciales/elLegadoDeSoliamMurr/asentamientos.wlk","timeElapsed":103,"timestamp":"2025-12-12T18:14:34.392Z"}
{"level":"info","message":"⌛ Validating parciales/elLegadoDeSoliamMurr/asentamientos.wlk","timeElapsed":107,"timestamp":"2025-12-12T18:14:34.688Z"}
{"level":"info","message":"⌛ Building environment","timeElapsed":106,"timestamp":"2025-12-12T18:14:34.796Z"}
{"level":"info","message":"⌛ Validating parciales/elLegadoDeSoliamMurr/asentamientos.wlk","timeElapsed":108,"timestamp":"2025-12-12T18:14:34.904Z"}
{"level":"info","message":"⌛ Building environment","timeElapsed":129,"timestamp":"2025-12-12T18:14:35.033Z"}
{"level":"info","message":"⌛ Validating parciales/elLegadoDeSoliamMurr/asentamientos.wlk","timeElapsed":109,"timestamp":"2025-12-12T18:14:35.143Z"}
{"level":"info","message":"⌛ Validating parciales/elLegadoDeSoliamMurr/asentamientos.wlk","timeElapsed":113,"timestamp":"2025-12-12T18:14:35.437Z"}
{"level":"info","message":"⌛ Building environment","timeElapsed":101,"timestamp":"2025-12-12T18:14:36.607Z"}
{"level":"info","message":"⌛ Validating parciales/elLegadoDeSoliamMurr/asentamientos.wlk","timeElapsed":110,"timestamp":"2025-12-12T18:14:36.748Z"}
{"level":"info","message":"⌛ Building environment","timeElapsed":151,"timestamp":"2025-12-12T18:14:37.809Z"}
{"level":"info","message":"⌛ Building environment","timeElapsed":138,"timestamp":"2025-12-12T18:14:37.947Z"}
{"level":"info","message":"⌛ Validating parciales/elLegadoDeSoliamMurr/asentamientos.wlk","timeElapsed":124,"timestamp":"2025-12-12T18:14:38.072Z"}
{"level":"info","message":"⌛ Validating parciales/elLegadoDeSoliamMurr/asentamientos.wlk","timeElapsed":108,"timestamp":"2025-12-12T18:14:38.345Z"}
{"level":"info","message":"⌛ Validating parciales/elLegadoDeSoliamMurr/asentamientos.wlk","timeElapsed":135,"timestamp":"2025-12-12T18:14:38.565Z"}
{"level":"info","message":"⌛ Validating parciales/elLegadoDeSoliamMurr/asentamientos.wlk","timeElapsed":109,"timestamp":"2025-12-12T18:14:38.778Z"}
{"level":"info","message":"⌛ Building environment","timeElapsed":109,"timestamp":"2025-12-12T18:14:39.116Z"}
{"level":"info","message":"⌛ Validating parciales/elLegadoDeSoliamMurr/asentamientos.wlk","timeElapsed":107,"timestamp":"2025-12-12T18:14:39.224Z"}
{"level":"info","message":"⌛ Building environment","timeElapsed":123,"timestamp":"2025-12-12T18:14:42.160Z"}
{"level":"error","message":"✘ Completions for node Send ([73:5, 73:75] - parciales/elLegadoDeSoliamMurr/asentamientos.wlk) failed: Error: [Send]{b65ea8} at parciales/elLegadoDeSoliamMurr/asentamientos.wlk:73 exhausted all cases without a match [Send]{b65ea8} at parciales/elLegadoDeSoliamMurr/asentamientos.wlk:73 exhausted all cases without a match","stack":"Error: [Send]{b65ea8} at parciales/elLegadoDeSoliamMurr/asentamientos.wlk:73 exhausted all cases without a match\n    at c:\\Users\\egoytendia\\.vscode\\extensions\\uqbar.wollok-lsp-ide-0.5.3\\out\\server\\src\\server.js:38:6142\n    at D2 (c:\\Users\\egoytendia\\.vscode\\extensions\\uqbar.wollok-lsp-ide-0.5.3\\out\\server\\src\\server.js:2384:42)\n    at Qh (c:\\Users\\egoytendia\\.vscode\\extensions\\uqbar.wollok-lsp-ide-0.5.3\\out\\server\\src\\server.js:2384:1092)\n    at k6n (c:\\Users\\egoytendia\\.vscode\\extensions\\uqbar.wollok-lsp-ide-0.5.3\\out\\server\\src\\server.js:2384:1248)\n    at c:\\Users\\egoytendia\\.vscode\\extensions\\uqbar.wollok-lsp-ide-0.5.3\\out\\server\\src\\server.js:38:6131\n    at D2 (c:\\Users\\egoytendia\\.vscode\\extensions\\uqbar.wollok-lsp-ide-0.5.3\\out\\server\\src\\server.js:2384:42)\n    at c:\\Users\\egoytendia\\.vscode\\extensions\\uqbar.wollok-lsp-ide-0.5.3\\out\\server\\src\\server.js:2384:2988\n    at c:\\Users\\egoytendia\\.vscode\\extensions\\uqbar.wollok-lsp-ide-0.5.3\\out\\server\\src\\server.js:2393:8440\n    at c:\\Users\\egoytendia\\.vscode\\extensions\\uqbar.wollok-lsp-ide-0.5.3\\out\\server\\src\\server.js:37:74872\n    at Ye (c:\\Users\\egoytendia\\.vscode\\extensions\\uqbar.wollok-lsp-ide-0.5.3\\out\\server\\src\\server.js:7:8527)","timestamp":"2025-12-12T18:14:42.190Z"}
{"level":"info","message":"⌛ Validating parciales/elLegadoDeSoliamMurr/asentamientos.wlk","timeElapsed":182,"timestamp":"2025-12-12T18:14:42.464Z"}
{"level":"info","message":"⌛ Building environment","timeElapsed":104,"timestamp":"2025-12-12T18:14:42.568Z"}
{"level":"info","message":"⌛ Validating parciales/elLegadoDeSoliamMurr/asentamientos.wlk","timeElapsed":112,"timestamp":"2025-12-12T18:14:42.680Z"}
{"level":"info","message":"⌛ Building environment","timeElapsed":103,"timestamp":"2025-12-12T18:14:42.864Z"}
{"level":"info","message":"⌛ Validating parciales/elLegadoDeSoliamMurr/asentamientos.wlk","timeElapsed":104,"timestamp":"2025-12-12T18:14:43.068Z"}
{"level":"info","message":"⌛ Validating parciales/elLegadoDeSoliamMurr/asentamientos.wlk","timeElapsed":108,"timestamp":"2025-12-12T18:14:43.258Z"}
{"level":"info","message":"⌛ Validating parciales/elLegadoDeSoliamMurr/asentamientos.wlk","timeElapsed":122,"timestamp":"2025-12-12T18:14:43.380Z"}
{"level":"info","message":"⌛ Validating parciales/elLegadoDeSoliamMurr/asentamientos.wlk","timeElapsed":106,"timestamp":"2025-12-12T18:14:43.497Z"}
{"level":"info","message":"⌛ Building environment","timeElapsed":142,"timestamp":"2025-12-12T18:15:10.070Z"}
{"level":"error","message":"✘ Completions for node Return (undefined - parciales/elLegadoDeSoliamMurr/asentamientos.wlk) failed: Error: [Return]{d47c82} at parciales/elLegadoDeSoliamMurr/asentamientos.wlk:-- exhausted all cases without a match [Return]{d47c82} at parciales/elLegadoDeSoliamMurr/asentamientos.wlk:-- exhausted all cases without a match","stack":"Error: [Return]{d47c82} at parciales/elLegadoDeSoliamMurr/asentamientos.wlk:-- exhausted all cases without a match\n    at c:\\Users\\egoytendia\\.vscode\\extensions\\uqbar.wollok-lsp-ide-0.5.3\\out\\server\\src\\server.js:38:6142\n    at D2 (c:\\Users\\egoytendia\\.vscode\\extensions\\uqbar.wollok-lsp-ide-0.5.3\\out\\server\\src\\server.js:2384:42)\n    at Qh (c:\\Users\\egoytendia\\.vscode\\extensions\\uqbar.wollok-lsp-ide-0.5.3\\out\\server\\src\\server.js:2384:1092)\n    at k6n (c:\\Users\\egoytendia\\.vscode\\extensions\\uqbar.wollok-lsp-ide-0.5.3\\out\\server\\src\\server.js:2384:1248)\n    at c:\\Users\\egoytendia\\.vscode\\extensions\\uqbar.wollok-lsp-ide-0.5.3\\out\\server\\src\\server.js:38:6131\n    at D2 (c:\\Users\\egoytendia\\.vscode\\extensions\\uqbar.wollok-lsp-ide-0.5.3\\out\\server\\src\\server.js:2384:42)\n    at c:\\Users\\egoytendia\\.vscode\\extensions\\uqbar.wollok-lsp-ide-0.5.3\\out\\server\\src\\server.js:2384:2988\n    at c:\\Users\\egoytendia\\.vscode\\extensions\\uqbar.wollok-lsp-ide-0.5.3\\out\\server\\src\\server.js:2393:8440\n    at c:\\Users\\egoytendia\\.vscode\\extensions\\uqbar.wollok-lsp-ide-0.5.3\\out\\server\\src\\server.js:37:74872\n    at Ye (c:\\Users\\egoytendia\\.vscode\\extensions\\uqbar.wollok-lsp-ide-0.5.3\\out\\server\\src\\server.js:7:8527)","timestamp":"2025-12-12T18:15:10.103Z"}
{"level":"info","message":"⌛ Validating parciales/elLegadoDeSoliamMurr/asentamientos.wlk","timeElapsed":116,"timestamp":"2025-12-12T18:15:10.316Z"}
{"level":"info","message":"⌛ Validating parciales/elLegadoDeSoliamMurr/asentamientos.wlk","timeElapsed":111,"timestamp":"2025-12-12T18:15:10.514Z"}
{"level":"info","message":"⌛ Validating parciales/elLegadoDeSoliamMurr/asentamientos.wlk","timeElapsed":117,"timestamp":"2025-12-12T18:15:10.814Z"}
{"level":"info","message":"⌛ Validating parciales/elLegadoDeSoliamMurr/asentamientos.wlk","timeElapsed":116,"timestamp":"2025-12-12T18:15:11.014Z"}
{"level":"info","message":"⌛ Validating parciales/elLegadoDeSoliamMurr/asentamientos.wlk","timeElapsed":109,"timestamp":"2025-12-12T18:15:11.123Z"}
{"level":"info","message":"⌛ Validating parciales/elLegadoDeSoliamMurr/asentamientos.wlk","timeElapsed":119,"timestamp":"2025-12-12T18:15:11.330Z"}
{"level":"info","message":"⌛ Validating parciales/elLegadoDeSoliamMurr/asentamientos.wlk","timeElapsed":111,"timestamp":"2025-12-12T18:15:11.570Z"}
{"level":"info","message":"⌛ Validating parciales/elLegadoDeSoliamMurr/asentamientos.wlk","timeElapsed":108,"timestamp":"2025-12-12T18:15:11.758Z"}
{"level":"info","message":"⌛ Building environment","timeElapsed":116,"timestamp":"2025-12-12T18:15:11.874Z"}
{"level":"info","message":"⌛ Validating parciales/elLegadoDeSoliamMurr/asentamientos.wlk","timeElapsed":114,"timestamp":"2025-12-12T18:15:11.988Z"}
{"level":"info","message":"⌛ Validating parciales/elLegadoDeSoliamMurr/asentamientos.wlk","timeElapsed":112,"timestamp":"2025-12-12T18:15:12.106Z"}
{"level":"info","message":"⌛ Building environment","timeElapsed":115,"timestamp":"2025-12-12T18:15:12.383Z"}
{"level":"info","message":"⌛ Validating parciales/elLegadoDeSoliamMurr/asentamientos.wlk","timeElapsed":109,"timestamp":"2025-12-12T18:15:12.586Z"}
{"level":"info","message":"⌛ Building environment","timeElapsed":101,"timestamp":"2025-12-12T18:15:13.585Z"}
{"level":"info","message":"⌛ Validating parciales/elLegadoDeSoliamMurr/asentamientos.wlk","timeElapsed":108,"timestamp":"2025-12-12T18:15:13.694Z"}
{"level":"info","message":"⌛ Building environment","timeElapsed":160,"timestamp":"2025-12-12T18:15:15.449Z"}
{"level":"error","message":"✘ Completions for node Send ([73:42, 73:73] - parciales/elLegadoDeSoliamMurr/asentamientos.wlk) failed: Error: [Send]{31525c} at parciales/elLegadoDeSoliamMurr/asentamientos.wlk:73 exhausted all cases without a match [Send]{31525c} at parciales/elLegadoDeSoliamMurr/asentamientos.wlk:73 exhausted all cases without a match","stack":"Error: [Send]{31525c} at parciales/elLegadoDeSoliamMurr/asentamientos.wlk:73 exhausted all cases without a match\n    at c:\\Users\\egoytendia\\.vscode\\extensions\\uqbar.wollok-lsp-ide-0.5.3\\out\\server\\src\\server.js:38:6142\n    at D2 (c:\\Users\\egoytendia\\.vscode\\extensions\\uqbar.wollok-lsp-ide-0.5.3\\out\\server\\src\\server.js:2384:42)\n    at Qh (c:\\Users\\egoytendia\\.vscode\\extensions\\uqbar.wollok-lsp-ide-0.5.3\\out\\server\\src\\server.js:2384:1092)\n    at k6n (c:\\Users\\egoytendia\\.vscode\\extensions\\uqbar.wollok-lsp-ide-0.5.3\\out\\server\\src\\server.js:2384:1248)\n    at c:\\Users\\egoytendia\\.vscode\\extensions\\uqbar.wollok-lsp-ide-0.5.3\\out\\server\\src\\server.js:38:6131\n    at D2 (c:\\Users\\egoytendia\\.vscode\\extensions\\uqbar.wollok-lsp-ide-0.5.3\\out\\server\\src\\server.js:2384:42)\n    at c:\\Users\\egoytendia\\.vscode\\extensions\\uqbar.wollok-lsp-ide-0.5.3\\out\\server\\src\\server.js:2384:2988\n    at c:\\Users\\egoytendia\\.vscode\\extensions\\uqbar.wollok-lsp-ide-0.5.3\\out\\server\\src\\server.js:2393:8440\n    at c:\\Users\\egoytendia\\.vscode\\extensions\\uqbar.wollok-lsp-ide-0.5.3\\out\\server\\src\\server.js:37:74872\n    at Ye (c:\\Users\\egoytendia\\.vscode\\extensions\\uqbar.wollok-lsp-ide-0.5.3\\out\\server\\src\\server.js:7:8527)","timestamp":"2025-12-12T18:15:15.484Z"}
{"level":"error","message":"✘ Completions for node Return (undefined - parciales/elLegadoDeSoliamMurr/asentamientos.wlk) failed: Error: [Return]{6d4979} at parciales/elLegadoDeSoliamMurr/asentamientos.wlk:-- exhausted all cases without a match [Return]{6d4979} at parciales/elLegadoDeSoliamMurr/asentamientos.wlk:-- exhausted all cases without a match","stack":"Error: [Return]{6d4979} at parciales/elLegadoDeSoliamMurr/asentamientos.wlk:-- exhausted all cases without a match\n    at c:\\Users\\egoytendia\\.vscode\\extensions\\uqbar.wollok-lsp-ide-0.5.3\\out\\server\\src\\server.js:38:6142\n    at D2 (c:\\Users\\egoytendia\\.vscode\\extensions\\uqbar.wollok-lsp-ide-0.5.3\\out\\server\\src\\server.js:2384:42)\n    at Qh (c:\\Users\\egoytendia\\.vscode\\extensions\\uqbar.wollok-lsp-ide-0.5.3\\out\\server\\src\\server.js:2384:1092)\n    at D2 (c:\\Users\\egoytendia\\.vscode\\extensions\\uqbar.wollok-lsp-ide-0.5.3\\out\\server\\src\\server.js:2384:544)\n    at Qh (c:\\Users\\egoytendia\\.vscode\\extensions\\uqbar.wollok-lsp-ide-0.5.3\\out\\server\\src\\server.js:2384:1092)\n    at k6n (c:\\Users\\egoytendia\\.vscode\\extensions\\uqbar.wollok-lsp-ide-0.5.3\\out\\server\\src\\server.js:2384:1248)\n    at c:\\Users\\egoytendia\\.vscode\\extensions\\uqbar.wollok-lsp-ide-0.5.3\\out\\server\\src\\server.js:38:6131\n    at D2 (c:\\Users\\egoytendia\\.vscode\\extensions\\uqbar.wollok-lsp-ide-0.5.3\\out\\server\\src\\server.js:2384:42)\n    at c:\\Users\\egoytendia\\.vscode\\extensions\\uqbar.wollok-lsp-ide-0.5.3\\out\\server\\src\\server.js:2384:2988\n    at c:\\Users\\egoytendia\\.vscode\\extensions\\uqbar.wollok-lsp-ide-0.5.3\\out\\server\\src\\server.js:2393:8440","timestamp":"2025-12-12T18:15:15.484Z"}
{"level":"info","message":"⌛ Validating parciales/elLegadoDeSoliamMurr/asentamientos.wlk","timeElapsed":113,"timestamp":"2025-12-12T18:15:15.708Z"}
{"level":"info","message":"⌛ Validating parciales/elLegadoDeSoliamMurr/asentamientos.wlk","timeElapsed":104,"timestamp":"2025-12-12T18:15:15.813Z"}
{"level":"info","message":"⌛ Validating parciales/elLegadoDeSoliamMurr/asentamientos.wlk","timeElapsed":113,"timestamp":"2025-12-12T18:15:16.102Z"}
{"level":"info","message":"⌛ Validating parciales/elLegadoDeSoliamMurr/asentamientos.wlk","timeElapsed":118,"timestamp":"2025-12-12T18:15:16.221Z"}
{"level":"info","message":"⌛ Validating parciales/elLegadoDeSoliamMurr/asentamientos.wlk","timeElapsed":107,"timestamp":"2025-12-12T18:15:16.854Z"}
{"level":"info","message":"⌛ Building environment","timeElapsed":123,"timestamp":"2025-12-12T18:16:35.335Z"}
{"level":"info","message":"⌛ Validating parciales/elLegadoDeSoliamMurr/exiliado.wlk","timeElapsed":118,"timestamp":"2025-12-12T18:16:35.453Z"}
{"level":"info","message":"⌛ Building environment","timeElapsed":104,"timestamp":"2025-12-12T18:16:35.603Z"}
{"level":"info","message":"⌛ Validating parciales/elLegadoDeSoliamMurr/exiliado.wlk","timeElapsed":112,"timestamp":"2025-12-12T18:16:35.865Z"}
{"level":"info","message":"⌛ Validating parciales/elLegadoDeSoliamMurr/exiliado.wlk","timeElapsed":124,"timestamp":"2025-12-12T18:16:36.177Z"}
{"level":"info","message":"⌛ Validating parciales/elLegadoDeSoliamMurr/exiliado.wlk","timeElapsed":146,"timestamp":"2025-12-12T18:16:36.416Z"}
{"level":"info","message":"⌛ Validating parciales/elLegadoDeSoliamMurr/exiliado.wlk","timeElapsed":104,"timestamp":"2025-12-12T18:16:36.521Z"}
{"level":"info","message":"⌛ Validating parciales/elLegadoDeSoliamMurr/exiliado.wlk","timeElapsed":106,"timestamp":"2025-12-12T18:16:36.633Z"}
{"level":"error","message":"✘ Completions for node Variable ([36:5, 36:12] - parciales/elLegadoDeSoliamMurr/exiliado.wlk) failed: Error: h [Variable]{fd27cf} at parciales/elLegadoDeSoliamMurr/exiliado.wlk:36 exhausted all cases without a match h [Variable]{fd27cf} at parciales/elLegadoDeSoliamMurr/exiliado.wlk:36 exhausted all cases without a match","stack":"Error: h [Variable]{fd27cf} at parciales/elLegadoDeSoliamMurr/exiliado.wlk:36 exhausted all cases without a match\n    at c:\\Users\\egoytendia\\.vscode\\extensions\\uqbar.wollok-lsp-ide-0.5.3\\out\\server\\src\\server.js:38:6142\n    at D2 (c:\\Users\\egoytendia\\.vscode\\extensions\\uqbar.wollok-lsp-ide-0.5.3\\out\\server\\src\\server.js:2384:42)\n    at c:\\Users\\egoytendia\\.vscode\\extensions\\uqbar.wollok-lsp-ide-0.5.3\\out\\server\\src\\server.js:2384:2988\n    at c:\\Users\\egoytendia\\.vscode\\extensions\\uqbar.wollok-lsp-ide-0.5.3\\out\\server\\src\\server.js:2393:8440\n    at c:\\Users\\egoytendia\\.vscode\\extensions\\uqbar.wollok-lsp-ide-0.5.3\\out\\server\\src\\server.js:37:74872\n    at Ye (c:\\Users\\egoytendia\\.vscode\\extensions\\uqbar.wollok-lsp-ide-0.5.3\\out\\server\\src\\server.js:7:8527)\n    at qt (c:\\Users\\egoytendia\\.vscode\\extensions\\uqbar.wollok-lsp-ide-0.5.3\\out\\server\\src\\server.js:7:6189)\n    at ot (c:\\Users\\egoytendia\\.vscode\\extensions\\uqbar.wollok-lsp-ide-0.5.3\\out\\server\\src\\server.js:7:6378)\n    at Immediate._onImmediate (c:\\Users\\egoytendia\\.vscode\\extensions\\uqbar.wollok-lsp-ide-0.5.3\\out\\server\\src\\server.js:7:6142)\n    at process.processImmediate (node:internal/timers:485:21)","timestamp":"2025-12-12T18:16:36.830Z"}
{"level":"info","message":"⌛ Validating parciales/elLegadoDeSoliamMurr/exiliado.wlk","timeElapsed":110,"timestamp":"2025-12-12T18:16:36.944Z"}
{"level":"info","message":"⌛ Building environment","timeElapsed":110,"timestamp":"2025-12-12T18:16:37.135Z"}
{"level":"info","message":"⌛ Validating parciales/elLegadoDeSoliamMurr/exiliado.wlk","timeElapsed":112,"timestamp":"2025-12-12T18:16:37.247Z"}
{"level":"error","message":"✘ Completions for node Variable ([36:5, 36:15] - parciales/elLegadoDeSoliamMurr/exiliado.wlk) failed: Error: hora [Variable]{99aa17} at parciales/elLegadoDeSoliamMurr/exiliado.wlk:36 exhausted all cases without a match hora [Variable]{99aa17} at parciales/elLegadoDeSoliamMurr/exiliado.wlk:36 exhausted all cases without a match","stack":"Error: hora [Variable]{99aa17} at parciales/elLegadoDeSoliamMurr/exiliado.wlk:36 exhausted all cases without a match\n    at c:\\Users\\egoytendia\\.vscode\\extensions\\uqbar.wollok-lsp-ide-0.5.3\\out\\server\\src\\server.js:38:6142\n    at D2 (c:\\Users\\egoytendia\\.vscode\\extensions\\uqbar.wollok-lsp-ide-0.5.3\\out\\server\\src\\server.js:2384:42)\n    at c:\\Users\\egoytendia\\.vscode\\extensions\\uqbar.wollok-lsp-ide-0.5.3\\out\\server\\src\\server.js:2384:2988\n    at c:\\Users\\egoytendia\\.vscode\\extensions\\uqbar.wollok-lsp-ide-0.5.3\\out\\server\\src\\server.js:2393:8440\n    at c:\\Users\\egoytendia\\.vscode\\extensions\\uqbar.wollok-lsp-ide-0.5.3\\out\\server\\src\\server.js:37:74872\n    at Ye (c:\\Users\\egoytendia\\.vscode\\extensions\\uqbar.wollok-lsp-ide-0.5.3\\out\\server\\src\\server.js:7:8527)\n    at qt (c:\\Users\\egoytendia\\.vscode\\extensions\\uqbar.wollok-lsp-ide-0.5.3\\out\\server\\src\\server.js:7:6189)\n    at ot (c:\\Users\\egoytendia\\.vscode\\extensions\\uqbar.wollok-lsp-ide-0.5.3\\out\\server\\src\\server.js:7:6378)\n    at Immediate._onImmediate (c:\\Users\\egoytendia\\.vscode\\extensions\\uqbar.wollok-lsp-ide-0.5.3\\out\\server\\src\\server.js:7:6142)\n    at process.processImmediate (node:internal/timers:485:21)","timestamp":"2025-12-12T18:16:37.347Z"}
{"level":"info","message":"⌛ Validating parciales/elLegadoDeSoliamMurr/exiliado.wlk","timeElapsed":105,"timestamp":"2025-12-12T18:16:37.540Z"}
{"level":"error","message":"✘ Completions for node Variable ([36:5, 36:17] - parciales/elLegadoDeSoliamMurr/exiliado.wlk) failed: Error: horasd [Variable]{b9a3cb} at parciales/elLegadoDeSoliamMurr/exiliado.wlk:36 exhausted all cases without a match horasd [Variable]{b9a3cb} at parciales/elLegadoDeSoliamMurr/exiliado.wlk:36 exhausted all cases without a match","stack":"Error: horasd [Variable]{b9a3cb} at parciales/elLegadoDeSoliamMurr/exiliado.wlk:36 exhausted all cases without a match\n    at c:\\Users\\egoytendia\\.vscode\\extensions\\uqbar.wollok-lsp-ide-0.5.3\\out\\server\\src\\server.js:38:6142\n    at D2 (c:\\Users\\egoytendia\\.vscode\\extensions\\uqbar.wollok-lsp-ide-0.5.3\\out\\server\\src\\server.js:2384:42)\n    at c:\\Users\\egoytendia\\.vscode\\extensions\\uqbar.wollok-lsp-ide-0.5.3\\out\\server\\src\\server.js:2384:2988\n    at c:\\Users\\egoytendia\\.vscode\\extensions\\uqbar.wollok-lsp-ide-0.5.3\\out\\server\\src\\server.js:2393:8440\n    at c:\\Users\\egoytendia\\.vscode\\extensions\\uqbar.wollok-lsp-ide-0.5.3\\out\\server\\src\\server.js:37:74872\n    at Ye (c:\\Users\\egoytendia\\.vscode\\extensions\\uqbar.wollok-lsp-ide-0.5.3\\out\\server\\src\\server.js:7:8527)\n    at qt (c:\\Users\\egoytendia\\.vscode\\extensions\\uqbar.wollok-lsp-ide-0.5.3\\out\\server\\src\\server.js:7:6189)\n    at ot (c:\\Users\\egoytendia\\.vscode\\extensions\\uqbar.wollok-lsp-ide-0.5.3\\out\\server\\src\\server.js:7:6378)\n    at Immediate._onImmediate (c:\\Users\\egoytendia\\.vscode\\extensions\\uqbar.wollok-lsp-ide-0.5.3\\out\\server\\src\\server.js:7:6142)\n    at process.processImmediate (node:internal/timers:485:21)","timestamp":"2025-12-12T18:16:38.609Z"}
{"level":"info","message":"⌛ Validating parciales/elLegadoDeSoliamMurr/exiliado.wlk","timeElapsed":141,"timestamp":"2025-12-12T18:16:38.754Z"}
{"level":"info","message":"⌛ Building environment","timeElapsed":106,"timestamp":"2025-12-12T18:16:39.185Z"}
{"level":"error","message":"✘ Completions for node Variable ([36:5, 36:16] - parciales/elLegadoDeSoliamMurr/exiliado.wlk) failed: Error: horas [Variable]{c90b0d} at parciales/elLegadoDeSoliamMurr/exiliado.wlk:36 exhausted all cases without a match horas [Variable]{c90b0d} at parciales/elLegadoDeSoliamMurr/exiliado.wlk:36 exhausted all cases without a match","stack":"Error: horas [Variable]{c90b0d} at parciales/elLegadoDeSoliamMurr/exiliado.wlk:36 exhausted all cases without a match\n    at c:\\Users\\egoytendia\\.vscode\\extensions\\uqbar.wollok-lsp-ide-0.5.3\\out\\server\\src\\server.js:38:6142\n    at D2 (c:\\Users\\egoytendia\\.vscode\\extensions\\uqbar.wollok-lsp-ide-0.5.3\\out\\server\\src\\server.js:2384:42)\n    at c:\\Users\\egoytendia\\.vscode\\extensions\\uqbar.wollok-lsp-ide-0.5.3\\out\\server\\src\\server.js:2384:2988\n    at c:\\Users\\egoytendia\\.vscode\\extensions\\uqbar.wollok-lsp-ide-0.5.3\\out\\server\\src\\server.js:2393:8440\n    at c:\\Users\\egoytendia\\.vscode\\extensions\\uqbar.wollok-lsp-ide-0.5.3\\out\\server\\src\\server.js:37:74872\n    at Ye (c:\\Users\\egoytendia\\.vscode\\extensions\\uqbar.wollok-lsp-ide-0.5.3\\out\\server\\src\\server.js:7:8527)\n    at qt (c:\\Users\\egoytendia\\.vscode\\extensions\\uqbar.wollok-lsp-ide-0.5.3\\out\\server\\src\\server.js:7:6189)\n    at ot (c:\\Users\\egoytendia\\.vscode\\extensions\\uqbar.wollok-lsp-ide-0.5.3\\out\\server\\src\\server.js:7:6378)\n    at Immediate._onImmediate (c:\\Users\\egoytendia\\.vscode\\extensions\\uqbar.wollok-lsp-ide-0.5.3\\out\\server\\src\\server.js:7:6142)\n    at process.processImmediate (node:internal/timers:485:21)","timestamp":"2025-12-12T18:16:39.219Z"}
{"level":"info","message":"⌛ Validating parciales/elLegadoDeSoliamMurr/exiliado.wlk","timeElapsed":140,"timestamp":"2025-12-12T18:16:39.362Z"}
{"level":"error","message":"✘ Completions for node Variable ([36:5, 36:17] - parciales/elLegadoDeSoliamMurr/exiliado.wlk) failed: Error: horasD [Variable]{9c8bd8} at parciales/elLegadoDeSoliamMurr/exiliado.wlk:36 exhausted all cases without a match horasD [Variable]{9c8bd8} at parciales/elLegadoDeSoliamMurr/exiliado.wlk:36 exhausted all cases without a match","stack":"Error: horasD [Variable]{9c8bd8} at parciales/elLegadoDeSoliamMurr/exiliado.wlk:36 exhausted all cases without a match\n    at c:\\Users\\egoytendia\\.vscode\\extensions\\uqbar.wollok-lsp-ide-0.5.3\\out\\server\\src\\server.js:38:6142\n    at D2 (c:\\Users\\egoytendia\\.vscode\\extensions\\uqbar.wollok-lsp-ide-0.5.3\\out\\server\\src\\server.js:2384:42)\n    at c:\\Users\\egoytendia\\.vscode\\extensions\\uqbar.wollok-lsp-ide-0.5.3\\out\\server\\src\\server.js:2384:2988\n    at c:\\Users\\egoytendia\\.vscode\\extensions\\uqbar.wollok-lsp-ide-0.5.3\\out\\server\\src\\server.js:2393:8440\n    at c:\\Users\\egoytendia\\.vscode\\extensions\\uqbar.wollok-lsp-ide-0.5.3\\out\\server\\src\\server.js:37:74872\n    at Ye (c:\\Users\\egoytendia\\.vscode\\extensions\\uqbar.wollok-lsp-ide-0.5.3\\out\\server\\src\\server.js:7:8527)\n    at qt (c:\\Users\\egoytendia\\.vscode\\extensions\\uqbar.wollok-lsp-ide-0.5.3\\out\\server\\src\\server.js:7:6189)\n    at ot (c:\\Users\\egoytendia\\.vscode\\extensions\\uqbar.wollok-lsp-ide-0.5.3\\out\\server\\src\\server.js:7:6378)\n    at Immediate._onImmediate (c:\\Users\\egoytendia\\.vscode\\extensions\\uqbar.wollok-lsp-ide-0.5.3\\out\\server\\src\\server.js:7:6142)\n    at process.processImmediate (node:internal/timers:485:21)","timestamp":"2025-12-12T18:16:39.463Z"}
{"level":"info","message":"⌛ Validating parciales/elLegadoDeSoliamMurr/exiliado.wlk","timeElapsed":112,"timestamp":"2025-12-12T18:16:39.585Z"}
{"level":"error","message":"✘ Completions for node Variable ([36:5, 36:18] - parciales/elLegadoDeSoliamMurr/exiliado.wlk) failed: Error: horasDe [Variable]{160b74} at parciales/elLegadoDeSoliamMurr/exiliado.wlk:36 exhausted all cases without a match horasDe [Variable]{160b74} at parciales/elLegadoDeSoliamMurr/exiliado.wlk:36 exhausted all cases without a match","stack":"Error: horasDe [Variable]{160b74} at parciales/elLegadoDeSoliamMurr/exiliado.wlk:36 exhausted all cases without a match\n    at c:\\Users\\egoytendia\\.vscode\\extensions\\uqbar.wollok-lsp-ide-0.5.3\\out\\server\\src\\server.js:38:6142\n    at D2 (c:\\Users\\egoytendia\\.vscode\\extensions\\uqbar.wollok-lsp-ide-0.5.3\\out\\server\\src\\server.js:2384:42)\n    at c:\\Users\\egoytendia\\.vscode\\extensions\\uqbar.wollok-lsp-ide-0.5.3\\out\\server\\src\\server.js:2384:2988\n    at c:\\Users\\egoytendia\\.vscode\\extensions\\uqbar.wollok-lsp-ide-0.5.3\\out\\server\\src\\server.js:2393:8440\n    at c:\\Users\\egoytendia\\.vscode\\extensions\\uqbar.wollok-lsp-ide-0.5.3\\out\\server\\src\\server.js:37:74872\n    at Ye (c:\\Users\\egoytendia\\.vscode\\extensions\\uqbar.wollok-lsp-ide-0.5.3\\out\\server\\src\\server.js:7:8527)\n    at qt (c:\\Users\\egoytendia\\.vscode\\extensions\\uqbar.wollok-lsp-ide-0.5.3\\out\\server\\src\\server.js:7:6189)\n    at ot (c:\\Users\\egoytendia\\.vscode\\extensions\\uqbar.wollok-lsp-ide-0.5.3\\out\\server\\src\\server.js:7:6378)\n    at Immediate._onImmediate (c:\\Users\\egoytendia\\.vscode\\extensions\\uqbar.wollok-lsp-ide-0.5.3\\out\\server\\src\\server.js:7:6142)\n    at process.processImmediate (node:internal/timers:485:21)","timestamp":"2025-12-12T18:16:39.690Z"}
{"level":"info","message":"⌛ Validating parciales/elLegadoDeSoliamMurr/exiliado.wlk","timeElapsed":144,"timestamp":"2025-12-12T18:16:39.838Z"}
{"level":"info","message":"⌛ Building environment","timeElapsed":275,"timestamp":"2025-12-12T18:16:40.387Z"}
{"level":"error","message":"✘ Completions for node Variable ([36:5, 36:19] - parciales/elLegadoDeSoliamMurr/exiliado.wlk) failed: Error: horasDeT [Variable]{d4d91b} at parciales/elLegadoDeSoliamMurr/exiliado.wlk:36 exhausted all cases without a match horasDeT [Variable]{d4d91b} at parciales/elLegadoDeSoliamMurr/exiliado.wlk:36 exhausted all cases without a match","stack":"Error: horasDeT [Variable]{d4d91b} at parciales/elLegadoDeSoliamMurr/exiliado.wlk:36 exhausted all cases without a match\n    at c:\\Users\\egoytendia\\.vscode\\extensions\\uqbar.wollok-lsp-ide-0.5.3\\out\\server\\src\\server.js:38:6142\n    at D2 (c:\\Users\\egoytendia\\.vscode\\extensions\\uqbar.wollok-lsp-ide-0.5.3\\out\\server\\src\\server.js:2384:42)\n    at c:\\Users\\egoytendia\\.vscode\\extensions\\uqbar.wollok-lsp-ide-0.5.3\\out\\server\\src\\server.js:2384:2988\n    at c:\\Users\\egoytendia\\.vscode\\extensions\\uqbar.wollok-lsp-ide-0.5.3\\out\\server\\src\\server.js:2393:8440\n    at c:\\Users\\egoytendia\\.vscode\\extensions\\uqbar.wollok-lsp-ide-0.5.3\\out\\server\\src\\server.js:37:74872\n    at Ye (c:\\Users\\egoytendia\\.vscode\\extensions\\uqbar.wollok-lsp-ide-0.5.3\\out\\server\\src\\server.js:7:8527)\n    at qt (c:\\Users\\egoytendia\\.vscode\\extensions\\uqbar.wollok-lsp-ide-0.5.3\\out\\server\\src\\server.js:7:6189)\n    at ot (c:\\Users\\egoytendia\\.vscode\\extensions\\uqbar.wollok-lsp-ide-0.5.3\\out\\server\\src\\server.js:7:6378)\n    at Immediate._onImmediate (c:\\Users\\egoytendia\\.vscode\\extensions\\uqbar.wollok-lsp-ide-0.5.3\\out\\server\\src\\server.js:7:6142)\n    at process.processImmediate (node:internal/timers:485:21)","timestamp":"2025-12-12T18:16:40.428Z"}
{"level":"info","message":"⌛ Validating parciales/elLegadoDeSoliamMurr/exiliado.wlk","timeElapsed":114,"timestamp":"2025-12-12T18:16:40.572Z"}
{"level":"info","message":"⌛ Building environment","timeElapsed":130,"timestamp":"2025-12-12T18:16:40.705Z"}
{"level":"error","message":"✘ Completions for node Variable ([36:5, 36:20] - parciales/elLegadoDeSoliamMurr/exiliado.wlk) failed: Error: horasDeTr [Variable]{81270d} at parciales/elLegadoDeSoliamMurr/exiliado.wlk:36 exhausted all cases without a match horasDeTr [Variable]{81270d} at parciales/elLegadoDeSoliamMurr/exiliado.wlk:36 exhausted all cases without a match","stack":"Error: horasDeTr [Variable]{81270d} at parciales/elLegadoDeSoliamMurr/exiliado.wlk:36 exhausted all cases without a match\n    at c:\\Users\\egoytendia\\.vscode\\extensions\\uqbar.wollok-lsp-ide-0.5.3\\out\\server\\src\\server.js:38:6142\n    at D2 (c:\\Users\\egoytendia\\.vscode\\extensions\\uqbar.wollok-lsp-ide-0.5.3\\out\\server\\src\\server.js:2384:42)\n    at c:\\Users\\egoytendia\\.vscode\\extensions\\uqbar.wollok-lsp-ide-0.5.3\\out\\server\\src\\server.js:2384:2988\n    at c:\\Users\\egoytendia\\.vscode\\extensions\\uqbar.wollok-lsp-ide-0.5.3\\out\\server\\src\\server.js:2393:8440\n    at c:\\Users\\egoytendia\\.vscode\\extensions\\uqbar.wollok-lsp-ide-0.5.3\\out\\server\\src\\server.js:37:74872\n    at Ye (c:\\Users\\egoytendia\\.vscode\\extensions\\uqbar.wollok-lsp-ide-0.5.3\\out\\server\\src\\server.js:7:8527)\n    at qt (c:\\Users\\egoytendia\\.vscode\\extensions\\uqbar.wollok-lsp-ide-0.5.3\\out\\server\\src\\server.js:7:6189)\n    at ot (c:\\Users\\egoytendia\\.vscode\\extensions\\uqbar.wollok-lsp-ide-0.5.3\\out\\server\\src\\server.js:7:6378)\n    at Immediate._onImmediate (c:\\Users\\egoytendia\\.vscode\\extensions\\uqbar.wollok-lsp-ide-0.5.3\\out\\server\\src\\server.js:7:6142)\n    at process.processImmediate (node:internal/timers:485:21)","timestamp":"2025-12-12T18:16:40.733Z"}
{"level":"info","message":"⌛ Validating parciales/elLegadoDeSoliamMurr/exiliado.wlk","timeElapsed":106,"timestamp":"2025-12-12T18:16:40.844Z"}
{"level":"info","message":"⌛ Validating parciales/elLegadoDeSoliamMurr/exiliado.wlk","timeElapsed":111,"timestamp":"2025-12-12T18:16:41.038Z"}
{"level":"error","message":"✘ Completions for node Variable ([36:5, 36:22] - parciales/elLegadoDeSoliamMurr/exiliado.wlk) failed: Error: horasDeTrab [Variable]{990459} at parciales/elLegadoDeSoliamMurr/exiliado.wlk:36 exhausted all cases without a match horasDeTrab [Variable]{990459} at parciales/elLegadoDeSoliamMurr/exiliado.wlk:36 exhausted all cases without a match","stack":"Error: horasDeTrab [Variable]{990459} at parciales/elLegadoDeSoliamMurr/exiliado.wlk:36 exhausted all cases without a match\n    at c:\\Users\\egoytendia\\.vscode\\extensions\\uqbar.wollok-lsp-ide-0.5.3\\out\\server\\src\\server.js:38:6142\n    at D2 (c:\\Users\\egoytendia\\.vscode\\extensions\\uqbar.wollok-lsp-ide-0.5.3\\out\\server\\src\\server.js:2384:42)\n    at c:\\Users\\egoytendia\\.vscode\\extensions\\uqbar.wollok-lsp-ide-0.5.3\\out\\server\\src\\server.js:2384:2988\n    at c:\\Users\\egoytendia\\.vscode\\extensions\\uqbar.wollok-lsp-ide-0.5.3\\out\\server\\src\\server.js:2393:8440\n    at c:\\Users\\egoytendia\\.vscode\\extensions\\uqbar.wollok-lsp-ide-0.5.3\\out\\server\\src\\server.js:37:74872\n    at Ye (c:\\Users\\egoytendia\\.vscode\\extensions\\uqbar.wollok-lsp-ide-0.5.3\\out\\server\\src\\server.js:7:8527)\n    at qt (c:\\Users\\egoytendia\\.vscode\\extensions\\uqbar.wollok-lsp-ide-0.5.3\\out\\server\\src\\server.js:7:6189)\n    at ot (c:\\Users\\egoytendia\\.vscode\\extensions\\uqbar.wollok-lsp-ide-0.5.3\\out\\server\\src\\server.js:7:6378)\n    at Immediate._onImmediate (c:\\Users\\egoytendia\\.vscode\\extensions\\uqbar.wollok-lsp-ide-0.5.3\\out\\server\\src\\server.js:7:6142)\n    at process.processImmediate (node:internal/timers:485:21)","timestamp":"2025-12-12T18:16:41.253Z"}
{"level":"info","message":"⌛ Validating parciales/elLegadoDeSoliamMurr/exiliado.wlk","timeElapsed":111,"timestamp":"2025-12-12T18:16:41.367Z"}
{"level":"error","message":"✘ Completions for node Variable ([36:5, 36:23] - parciales/elLegadoDeSoliamMurr/exiliado.wlk) failed: Error: horasDeTraba [Variable]{78a554} at parciales/elLegadoDeSoliamMurr/exiliado.wlk:36 exhausted all cases without a match horasDeTraba [Variable]{78a554} at parciales/elLegadoDeSoliamMurr/exiliado.wlk:36 exhausted all cases without a match","stack":"Error: horasDeTraba [Variable]{78a554} at parciales/elLegadoDeSoliamMurr/exiliado.wlk:36 exhausted all cases without a match\n    at c:\\Users\\egoytendia\\.vscode\\extensions\\uqbar.wollok-lsp-ide-0.5.3\\out\\server\\src\\server.js:38:6142\n    at D2 (c:\\Users\\egoytendia\\.vscode\\extensions\\uqbar.wollok-lsp-ide-0.5.3\\out\\server\\src\\server.js:2384:42)\n    at c:\\Users\\egoytendia\\.vscode\\extensions\\uqbar.wollok-lsp-ide-0.5.3\\out\\server\\src\\server.js:2384:2988\n    at c:\\Users\\egoytendia\\.vscode\\extensions\\uqbar.wollok-lsp-ide-0.5.3\\out\\server\\src\\server.js:2393:8440\n    at c:\\Users\\egoytendia\\.vscode\\extensions\\uqbar.wollok-lsp-ide-0.5.3\\out\\server\\src\\server.js:37:74872\n    at Ye (c:\\Users\\egoytendia\\.vscode\\extensions\\uqbar.wollok-lsp-ide-0.5.3\\out\\server\\src\\server.js:7:8527)\n    at qt (c:\\Users\\egoytendia\\.vscode\\extensions\\uqbar.wollok-lsp-ide-0.5.3\\out\\server\\src\\server.js:7:6189)\n    at ot (c:\\Users\\egoytendia\\.vscode\\extensions\\uqbar.wollok-lsp-ide-0.5.3\\out\\server\\src\\server.js:7:6378)\n    at Immediate._onImmediate (c:\\Users\\egoytendia\\.vscode\\extensions\\uqbar.wollok-lsp-ide-0.5.3\\out\\server\\src\\server.js:7:6142)\n    at process.processImmediate (node:internal/timers:485:21)","timestamp":"2025-12-12T18:16:41.472Z"}
{"level":"info","message":"⌛ Validating parciales/elLegadoDeSoliamMurr/exiliado.wlk","timeElapsed":112,"timestamp":"2025-12-12T18:16:41.668Z"}
{"level":"info","message":"⌛ Validating parciales/elLegadoDeSoliamMurr/exiliado.wlk","timeElapsed":110,"timestamp":"2025-12-12T18:16:41.853Z"}
{"level":"info","message":"⌛ Validating parciales/elLegadoDeSoliamMurr/exiliado.wlk","timeElapsed":193,"timestamp":"2025-12-12T18:16:42.051Z"}
{"level":"info","message":"⌛ Building environment","timeElapsed":115,"timestamp":"2025-12-12T18:16:47.622Z"}
{"level":"info","message":"⌛ Validating parciales/elLegadoDeSoliamMurr/exiliado.wlk","timeElapsed":109,"timestamp":"2025-12-12T18:16:47.833Z"}
{"level":"info","message":"⌛ Validating parciales/elLegadoDeSoliamMurr/exiliado.wlk","timeElapsed":103,"timestamp":"2025-12-12T18:16:47.937Z"}
{"level":"info","message":"⌛ Validating parciales/elLegadoDeSoliamMurr/exiliado.wlk","timeElapsed":116,"timestamp":"2025-12-12T18:16:48.138Z"}
{"level":"info","message":"⌛ Validating parciales/elLegadoDeSoliamMurr/exiliado.wlk","timeElapsed":112,"timestamp":"2025-12-12T18:16:49.844Z"}
{"level":"info","message":"⌛ Building environment","timeElapsed":152,"timestamp":"2025-12-12T18:16:49.997Z"}
{"level":"error","message":"✘ Completions for node Variable ([36:5, 36:24] - parciales/elLegadoDeSoliamMurr/exiliado.wlk) failed: Error: horasATrabaja [Variable]{ae272b} at parciales/elLegadoDeSoliamMurr/exiliado.wlk:36 exhausted all cases without a match horasATrabaja [Variable]{ae272b} at parciales/elLegadoDeSoliamMurr/exiliado.wlk:36 exhausted all cases without a match","stack":"Error: horasATrabaja [Variable]{ae272b} at parciales/elLegadoDeSoliamMurr/exiliado.wlk:36 exhausted all cases without a match\n    at c:\\Users\\egoytendia\\.vscode\\extensions\\uqbar.wollok-lsp-ide-0.5.3\\out\\server\\src\\server.js:38:6142\n    at D2 (c:\\Users\\egoytendia\\.vscode\\extensions\\uqbar.wollok-lsp-ide-0.5.3\\out\\server\\src\\server.js:2384:42)\n    at c:\\Users\\egoytendia\\.vscode\\extensions\\uqbar.wollok-lsp-ide-0.5.3\\out\\server\\src\\server.js:2384:2988\n    at c:\\Users\\egoytendia\\.vscode\\extensions\\uqbar.wollok-lsp-ide-0.5.3\\out\\server\\src\\server.js:2393:8440\n    at c:\\Users\\egoytendia\\.vscode\\extensions\\uqbar.wollok-lsp-ide-0.5.3\\out\\server\\src\\server.js:37:74872\n    at Ye (c:\\Users\\egoytendia\\.vscode\\extensions\\uqbar.wollok-lsp-ide-0.5.3\\out\\server\\src\\server.js:7:8527)\n    at qt (c:\\Users\\egoytendia\\.vscode\\extensions\\uqbar.wollok-lsp-ide-0.5.3\\out\\server\\src\\server.js:7:6189)\n    at ot (c:\\Users\\egoytendia\\.vscode\\extensions\\uqbar.wollok-lsp-ide-0.5.3\\out\\server\\src\\server.js:7:6378)\n    at Immediate._onImmediate (c:\\Users\\egoytendia\\.vscode\\extensions\\uqbar.wollok-lsp-ide-0.5.3\\out\\server\\src\\server.js:7:6142)\n    at process.processImmediate (node:internal/timers:485:21)","timestamp":"2025-12-12T18:16:50.036Z"}
{"level":"info","message":"⌛ Validating parciales/elLegadoDeSoliamMurr/exiliado.wlk","timeElapsed":113,"timestamp":"2025-12-12T18:16:50.263Z"}
{"level":"info","message":"⌛ Validating parciales/elLegadoDeSoliamMurr/exiliado.wlk","timeElapsed":103,"timestamp":"2025-12-12T18:16:50.366Z"}
{"level":"info","message":"⌛ Building environment","timeElapsed":103,"timestamp":"2025-12-12T18:16:52.200Z"}
{"level":"info","message":"⌛ Validating parciales/elLegadoDeSoliamMurr/exiliado.wlk","timeElapsed":114,"timestamp":"2025-12-12T18:16:52.315Z"}
{"level":"info","message":"⌛ Validating parciales/elLegadoDeSoliamMurr/exiliado.wlk","timeElapsed":120,"timestamp":"2025-12-12T18:16:52.611Z"}
{"level":"info","message":"⌛ Validating parciales/elLegadoDeSoliamMurr/exiliado.wlk","timeElapsed":119,"timestamp":"2025-12-12T18:16:52.731Z"}
{"level":"info","message":"⌛ Building environment","timeElapsed":109,"timestamp":"2025-12-12T18:16:53.423Z"}
{"level":"error","message":"✘ Completions for node Variable ([36:5, 36:29] - parciales/elLegadoDeSoliamMurr/exiliado.wlk) failed: Error: horasATrabajar [Variable]{894405} at parciales/elLegadoDeSoliamMurr/exiliado.wlk:36 exhausted all cases without a match horasATrabajar [Variable]{894405} at parciales/elLegadoDeSoliamMurr/exiliado.wlk:36 exhausted all cases without a match","stack":"Error: horasATrabajar [Variable]{894405} at parciales/elLegadoDeSoliamMurr/exiliado.wlk:36 exhausted all cases without a match\n    at c:\\Users\\egoytendia\\.vscode\\extensions\\uqbar.wollok-lsp-ide-0.5.3\\out\\server\\src\\server.js:38:6142\n    at D2 (c:\\Users\\egoytendia\\.vscode\\extensions\\uqbar.wollok-lsp-ide-0.5.3\\out\\server\\src\\server.js:2384:42)\n    at Qh (c:\\Users\\egoytendia\\.vscode\\extensions\\uqbar.wollok-lsp-ide-0.5.3\\out\\server\\src\\server.js:2384:1092)\n    at k6n (c:\\Users\\egoytendia\\.vscode\\extensions\\uqbar.wollok-lsp-ide-0.5.3\\out\\server\\src\\server.js:2384:1248)\n    at c:\\Users\\egoytendia\\.vscode\\extensions\\uqbar.wollok-lsp-ide-0.5.3\\out\\server\\src\\server.js:38:6131\n    at D2 (c:\\Users\\egoytendia\\.vscode\\extensions\\uqbar.wollok-lsp-ide-0.5.3\\out\\server\\src\\server.js:2384:42)\n    at c:\\Users\\egoytendia\\.vscode\\extensions\\uqbar.wollok-lsp-ide-0.5.3\\out\\server\\src\\server.js:2384:2988\n    at c:\\Users\\egoytendia\\.vscode\\extensions\\uqbar.wollok-lsp-ide-0.5.3\\out\\server\\src\\server.js:2393:8440\n    at c:\\Users\\egoytendia\\.vscode\\extensions\\uqbar.wollok-lsp-ide-0.5.3\\out\\server\\src\\server.js:37:74872\n    at Ye (c:\\Users\\egoytendia\\.vscode\\extensions\\uqbar.wollok-lsp-ide-0.5.3\\out\\server\\src\\server.js:7:8527)","timestamp":"2025-12-12T18:16:53.453Z"}
{"level":"info","message":"⌛ Validating parciales/elLegadoDeSoliamMurr/exiliado.wlk","timeElapsed":112,"timestamp":"2025-12-12T18:16:53.570Z"}
{"level":"info","message":"⌛ Building environment","timeElapsed":118,"timestamp":"2025-12-12T18:16:53.765Z"}
{"level":"info","message":"⌛ Validating parciales/elLegadoDeSoliamMurr/exiliado.wlk","timeElapsed":111,"timestamp":"2025-12-12T18:16:53.876Z"}
{"level":"info","message":"⌛ Validating parciales/elLegadoDeSoliamMurr/exiliado.wlk","timeElapsed":103,"timestamp":"2025-12-12T18:16:54.057Z"}
{"level":"info","message":"⌛ Validating parciales/elLegadoDeSoliamMurr/exiliado.wlk","timeElapsed":144,"timestamp":"2025-12-12T18:16:54.312Z"}
{"level":"info","message":"⌛ Validating parciales/elLegadoDeSoliamMurr/exiliado.wlk","timeElapsed":106,"timestamp":"2025-12-12T18:16:54.419Z"}
{"level":"info","message":"⌛ Validating parciales/elLegadoDeSoliamMurr/exiliado.wlk","timeElapsed":113,"timestamp":"2025-12-12T18:16:58.881Z"}
{"level":"info","message":"⌛ Validating parciales/elLegadoDeSoliamMurr/exiliado.wlk","timeElapsed":105,"timestamp":"2025-12-12T18:16:59.064Z"}
{"level":"info","message":"⌛ Validating parciales/elLegadoDeSoliamMurr/exiliado.wlk","timeElapsed":110,"timestamp":"2025-12-12T18:16:59.336Z"}
{"level":"info","message":"⌛ Building environment","timeElapsed":101,"timestamp":"2025-12-12T18:17:00.039Z"}
{"level":"info","message":"⌛ Validating parciales/elLegadoDeSoliamMurr/exiliado.wlk","timeElapsed":105,"timestamp":"2025-12-12T18:17:00.180Z"}
{"level":"info","message":"⌛ Validating parciales/elLegadoDeSoliamMurr/exiliado.wlk","timeElapsed":105,"timestamp":"2025-12-12T18:17:00.436Z"}
{"level":"info","message":"⌛ Building environment","timeElapsed":172,"timestamp":"2025-12-12T18:17:00.770Z"}
{"level":"info","message":"⌛ Validating parciales/elLegadoDeSoliamMurr/exiliado.wlk","timeElapsed":115,"timestamp":"2025-12-12T18:17:00.914Z"}
{"level":"info","message":"⌛ Validating parciales/elLegadoDeSoliamMurr/exiliado.wlk","timeElapsed":114,"timestamp":"2025-12-12T18:17:01.228Z"}
{"level":"info","message":"⌛ Validating parciales/elLegadoDeSoliamMurr/exiliado.wlk","timeElapsed":112,"timestamp":"2025-12-12T18:17:01.340Z"}
{"level":"info","message":"⌛ Validating parciales/elLegadoDeSoliamMurr/exiliado.wlk","timeElapsed":121,"timestamp":"2025-12-12T18:17:01.659Z"}
{"level":"info","message":"⌛ Building environment","timeElapsed":122,"timestamp":"2025-12-12T18:17:01.888Z"}
{"level":"info","message":"⌛ Validating parciales/elLegadoDeSoliamMurr/exiliado.wlk","timeElapsed":112,"timestamp":"2025-12-12T18:17:02.001Z"}
{"level":"info","message":"⌛ Validating parciales/elLegadoDeSoliamMurr/exiliado.wlk","timeElapsed":109,"timestamp":"2025-12-12T18:17:02.111Z"}
{"level":"info","message":"⌛ Validating parciales/elLegadoDeSoliamMurr/exiliado.wlk","timeElapsed":141,"timestamp":"2025-12-12T18:17:02.548Z"}
{"level":"info","message":"⌛ Building environment","timeElapsed":103,"timestamp":"2025-12-12T18:17:02.651Z"}
{"level":"info","message":"⌛ Validating parciales/elLegadoDeSoliamMurr/exiliado.wlk","timeElapsed":115,"timestamp":"2025-12-12T18:17:02.803Z"}
{"level":"info","message":"⌛ Building environment","timeElapsed":103,"timestamp":"2025-12-12T18:17:02.987Z"}
{"level":"info","message":"⌛ Validating parciales/elLegadoDeSoliamMurr/exiliado.wlk","timeElapsed":111,"timestamp":"2025-12-12T18:17:03.098Z"}
{"level":"info","message":"⌛ Validating parciales/elLegadoDeSoliamMurr/exiliado.wlk","timeElapsed":105,"timestamp":"2025-12-12T18:17:03.398Z"}
{"level":"info","message":"⌛ Validating parciales/elLegadoDeSoliamMurr/exiliado.wlk","timeElapsed":149,"timestamp":"2025-12-12T18:17:03.627Z"}
{"level":"info","message":"⌛ Building environment","timeElapsed":129,"timestamp":"2025-12-12T18:17:03.757Z"}
{"level":"info","message":"⌛ Validating parciales/elLegadoDeSoliamMurr/exiliado.wlk","timeElapsed":107,"timestamp":"2025-12-12T18:17:03.958Z"}
{"level":"info","message":"⌛ Validating parciales/elLegadoDeSoliamMurr/exiliado.wlk","timeElapsed":111,"timestamp":"2025-12-12T18:17:04.069Z"}
{"level":"info","message":"⌛ Validating parciales/elLegadoDeSoliamMurr/exiliado.wlk","timeElapsed":104,"timestamp":"2025-12-12T18:17:04.278Z"}
{"level":"info","message":"⌛ Validating parciales/elLegadoDeSoliamMurr/exiliado.wlk","timeElapsed":103,"timestamp":"2025-12-12T18:17:04.382Z"}
{"level":"info","message":"⌛ Validating parciales/elLegadoDeSoliamMurr/exiliado.wlk","timeElapsed":122,"timestamp":"2025-12-12T18:17:04.828Z"}
{"level":"info","message":"⌛ Validating parciales/elLegadoDeSoliamMurr/exiliado.wlk","timeElapsed":103,"timestamp":"2025-12-12T18:17:06.163Z"}
{"level":"info","message":"⌛ Building environment","timeElapsed":123,"timestamp":"2025-12-12T18:17:07.507Z"}
{"level":"info","message":"⌛ Validating parciales/elLegadoDeSoliamMurr/exiliado.wlk","timeElapsed":108,"timestamp":"2025-12-12T18:17:07.617Z"}
{"level":"info","message":"⌛ Building environment","timeElapsed":156,"timestamp":"2025-12-12T18:17:12.521Z"}
{"level":"info","message":"⌛ Validating parciales/elLegadoDeSoliamMurr/exiliado.wlk","timeElapsed":111,"timestamp":"2025-12-12T18:17:12.667Z"}
{"level":"info","message":"⌛ Building environment","timeElapsed":180,"timestamp":"2025-12-12T18:17:13.209Z"}
{"level":"info","message":"⌛ Validating parciales/elLegadoDeSoliamMurr/exiliado.wlk","timeElapsed":110,"timestamp":"2025-12-12T18:17:13.412Z"}
{"level":"info","message":"⌛ Validating parciales/elLegadoDeSoliamMurr/exiliado.wlk","timeElapsed":115,"timestamp":"2025-12-12T18:17:13.608Z"}
{"level":"info","message":"⌛ Validating parciales/elLegadoDeSoliamMurr/exiliado.wlk","timeElapsed":112,"timestamp":"2025-12-12T18:17:13.795Z"}
{"level":"info","message":"⌛ Validating parciales/elLegadoDeSoliamMurr/exiliado.wlk","timeElapsed":108,"timestamp":"2025-12-12T18:17:14.062Z"}
{"level":"info","message":"⌛ Validating parciales/elLegadoDeSoliamMurr/exiliado.wlk","timeElapsed":107,"timestamp":"2025-12-12T18:17:14.250Z"}
{"level":"info","message":"⌛ Validating parciales/elLegadoDeSoliamMurr/exiliado.wlk","timeElapsed":101,"timestamp":"2025-12-12T18:17:14.351Z"}
{"level":"info","message":"⌛ Validating parciales/elLegadoDeSoliamMurr/exiliado.wlk","timeElapsed":112,"timestamp":"2025-12-12T18:17:14.547Z"}
{"level":"info","message":"⌛ Validating parciales/elLegadoDeSoliamMurr/exiliado.wlk","timeElapsed":125,"timestamp":"2025-12-12T18:17:14.703Z"}
{"level":"info","message":"⌛ Validating parciales/elLegadoDeSoliamMurr/exiliado.wlk","timeElapsed":149,"timestamp":"2025-12-12T18:17:15.051Z"}
{"level":"info","message":"⌛ Validating parciales/elLegadoDeSoliamMurr/exiliado.wlk","timeElapsed":113,"timestamp":"2025-12-12T18:17:15.402Z"}
{"level":"info","message":"⌛ Building environment","timeElapsed":131,"timestamp":"2025-12-12T18:17:16.336Z"}
{"level":"info","message":"⌛ Validating parciales/elLegadoDeSoliamMurr/exiliado.wlk","timeElapsed":108,"timestamp":"2025-12-12T18:17:16.445Z"}
{"level":"info","message":"⌛ Building environment","timeElapsed":102,"timestamp":"2025-12-12T18:17:38.109Z"}
{"level":"error","message":"✘ Completions for node Send ([37:5, 37:37] - parciales/elLegadoDeSoliamMurr/exiliado.wlk) failed: Error: [Send]{059fa1} at parciales/elLegadoDeSoliamMurr/exiliado.wlk:37 exhausted all cases without a match [Send]{059fa1} at parciales/elLegadoDeSoliamMurr/exiliado.wlk:37 exhausted all cases without a match","stack":"Error: [Send]{059fa1} at parciales/elLegadoDeSoliamMurr/exiliado.wlk:37 exhausted all cases without a match\n    at c:\\Users\\egoytendia\\.vscode\\extensions\\uqbar.wollok-lsp-ide-0.5.3\\out\\server\\src\\server.js:38:6142\n    at D2 (c:\\Users\\egoytendia\\.vscode\\extensions\\uqbar.wollok-lsp-ide-0.5.3\\out\\server\\src\\server.js:2384:42)\n    at Qh (c:\\Users\\egoytendia\\.vscode\\extensions\\uqbar.wollok-lsp-ide-0.5.3\\out\\server\\src\\server.js:2384:1092)\n    at k6n (c:\\Users\\egoytendia\\.vscode\\extensions\\uqbar.wollok-lsp-ide-0.5.3\\out\\server\\src\\server.js:2384:1248)\n    at c:\\Users\\egoytendia\\.vscode\\extensions\\uqbar.wollok-lsp-ide-0.5.3\\out\\server\\src\\server.js:38:6131\n    at D2 (c:\\Users\\egoytendia\\.vscode\\extensions\\uqbar.wollok-lsp-ide-0.5.3\\out\\server\\src\\server.js:2384:42)\n    at c:\\Users\\egoytendia\\.vscode\\extensions\\uqbar.wollok-lsp-ide-0.5.3\\out\\server\\src\\server.js:2384:2988\n    at c:\\Users\\egoytendia\\.vscode\\extensions\\uqbar.wollok-lsp-ide-0.5.3\\out\\server\\src\\server.js:2393:8440\n    at c:\\Users\\egoytendia\\.vscode\\extensions\\uqbar.wollok-lsp-ide-0.5.3\\out\\server\\src\\server.js:37:74872\n    at Ye (c:\\Users\\egoytendia\\.vscode\\extensions\\uqbar.wollok-lsp-ide-0.5.3\\out\\server\\src\\server.js:7:8527)","timestamp":"2025-12-12T18:17:38.142Z"}
{"level":"info","message":"⌛ Validating parciales/elLegadoDeSoliamMurr/exiliado.wlk","timeElapsed":122,"timestamp":"2025-12-12T18:17:38.355Z"}
{"level":"info","message":"⌛ Validating parciales/elLegadoDeSoliamMurr/exiliado.wlk","timeElapsed":110,"timestamp":"2025-12-12T18:17:38.562Z"}
{"level":"info","message":"⌛ Validating parciales/elLegadoDeSoliamMurr/exiliado.wlk","timeElapsed":120,"timestamp":"2025-12-12T18:17:38.846Z"}
{"level":"info","message":"⌛ Validating parciales/elLegadoDeSoliamMurr/exiliado.wlk","timeElapsed":105,"timestamp":"2025-12-12T18:17:38.957Z"}
{"level":"info","message":"⌛ Validating parciales/elLegadoDeSoliamMurr/exiliado.wlk","timeElapsed":111,"timestamp":"2025-12-12T18:17:39.258Z"}
{"level":"info","message":"⌛ Building environment","timeElapsed":127,"timestamp":"2025-12-12T18:17:40.697Z"}
{"level":"info","message":"⌛ Validating parciales/elLegadoDeSoliamMurr/exiliado.wlk","timeElapsed":109,"timestamp":"2025-12-12T18:17:40.808Z"}
{"level":"info","message":"⌛ Building environment","timeElapsed":167,"timestamp":"2025-12-12T18:17:41.648Z"}
{"level":"info","message":"⌛ Validating parciales/elLegadoDeSoliamMurr/exiliado.wlk","timeElapsed":106,"timestamp":"2025-12-12T18:17:41.835Z"}
{"level":"info","message":"⌛ Building environment","timeElapsed":109,"timestamp":"2025-12-12T18:17:42.621Z"}
{"level":"info","message":"⌛ Validating parciales/elLegadoDeSoliamMurr/exiliado.wlk","timeElapsed":116,"timestamp":"2025-12-12T18:17:42.831Z"}
{"level":"info","message":"⌛ Building environment","timeElapsed":113,"timestamp":"2025-12-12T18:17:42.944Z"}
{"level":"info","message":"⌛ Validating parciales/elLegadoDeSoliamMurr/exiliado.wlk","timeElapsed":112,"timestamp":"2025-12-12T18:17:43.056Z"}
{"level":"info","message":"⌛ Validating parciales/elLegadoDeSoliamMurr/exiliado.wlk","timeElapsed":115,"timestamp":"2025-12-12T18:17:43.332Z"}
{"level":"info","message":"⌛ Building environment","timeElapsed":171,"timestamp":"2025-12-12T18:17:43.505Z"}
{"level":"info","message":"⌛ Validating parciales/elLegadoDeSoliamMurr/exiliado.wlk","timeElapsed":112,"timestamp":"2025-12-12T18:17:43.623Z"}
{"level":"info","message":"⌛ Validating parciales/elLegadoDeSoliamMurr/exiliado.wlk","timeElapsed":111,"timestamp":"2025-12-12T18:17:43.735Z"}
{"level":"info","message":"⌛ Validating parciales/elLegadoDeSoliamMurr/exiliado.wlk","timeElapsed":103,"timestamp":"2025-12-12T18:17:43.940Z"}
{"level":"info","message":"⌛ Building environment","timeElapsed":121,"timestamp":"2025-12-12T18:18:28.339Z"}
{"level":"info","message":"⌛ Validating parciales/elLegadoDeSoliamMurr/exiliado.wlk","timeElapsed":112,"timestamp":"2025-12-12T18:18:28.453Z"}
{"level":"info","message":"⌛ Building environment","timeElapsed":103,"timestamp":"2025-12-12T18:18:28.557Z"}
{"level":"info","message":"⌛ Validating parciales/elLegadoDeSoliamMurr/exiliado.wlk","timeElapsed":114,"timestamp":"2025-12-12T18:18:28.671Z"}
{"level":"info","message":"⌛ Building environment","timeElapsed":109,"timestamp":"2025-12-12T18:18:28.879Z"}
{"level":"info","message":"⌛ Validating parciales/elLegadoDeSoliamMurr/exiliado.wlk","timeElapsed":121,"timestamp":"2025-12-12T18:18:29.140Z"}
{"level":"info","message":"⌛ Validating parciales/elLegadoDeSoliamMurr/exiliado.wlk","timeElapsed":110,"timestamp":"2025-12-12T18:18:29.329Z"}
{"level":"info","message":"⌛ Validating parciales/elLegadoDeSoliamMurr/exiliado.wlk","timeElapsed":111,"timestamp":"2025-12-12T18:18:29.476Z"}
{"level":"info","message":"⌛ Validating parciales/elLegadoDeSoliamMurr/exiliado.wlk","timeElapsed":114,"timestamp":"2025-12-12T18:18:30.181Z"}
{"level":"info","message":"⌛ Building environment","timeElapsed":125,"timestamp":"2025-12-12T18:18:31.022Z"}
{"level":"info","message":"⌛ Building environment","timeElapsed":150,"timestamp":"2025-12-12T18:18:31.172Z"}
{"level":"info","message":"⌛ Validating parciales/elLegadoDeSoliamMurr/exiliado.wlk","timeElapsed":141,"timestamp":"2025-12-12T18:18:31.314Z"}
{"level":"info","message":"⌛ Validating parciales/elLegadoDeSoliamMurr/exiliado.wlk","timeElapsed":102,"timestamp":"2025-12-12T18:18:31.416Z"}
{"level":"info","message":"⌛ Validating parciales/elLegadoDeSoliamMurr/exiliado.wlk","timeElapsed":112,"timestamp":"2025-12-12T18:18:31.625Z"}
{"level":"info","message":"⌛ Building environment","timeElapsed":169,"timestamp":"2025-12-12T18:18:32.159Z"}
{"level":"info","message":"⌛ Validating parciales/elLegadoDeSoliamMurr/exiliado.wlk","timeElapsed":233,"timestamp":"2025-12-12T18:18:32.393Z"}
{"level":"info","message":"⌛ Building environment","timeElapsed":181,"timestamp":"2025-12-12T18:18:33.858Z"}
{"level":"error","message":"✘ Completions for node Variable ([39:5, 39:12] - parciales/elLegadoDeSoliamMurr/exiliado.wlk) failed: Error: c [Variable]{9ef7c6} at parciales/elLegadoDeSoliamMurr/exiliado.wlk:39 exhausted all cases without a match c [Variable]{9ef7c6} at parciales/elLegadoDeSoliamMurr/exiliado.wlk:39 exhausted all cases without a match","stack":"Error: c [Variable]{9ef7c6} at parciales/elLegadoDeSoliamMurr/exiliado.wlk:39 exhausted all cases without a match\n    at c:\\Users\\egoytendia\\.vscode\\extensions\\uqbar.wollok-lsp-ide-0.5.3\\out\\server\\src\\server.js:38:6142\n    at D2 (c:\\Users\\egoytendia\\.vscode\\extensions\\uqbar.wollok-lsp-ide-0.5.3\\out\\server\\src\\server.js:2384:42)\n    at c:\\Users\\egoytendia\\.vscode\\extensions\\uqbar.wollok-lsp-ide-0.5.3\\out\\server\\src\\server.js:2384:2988\n    at c:\\Users\\egoytendia\\.vscode\\extensions\\uqbar.wollok-lsp-ide-0.5.3\\out\\server\\src\\server.js:2393:8440\n    at c:\\Users\\egoytendia\\.vscode\\extensions\\uqbar.wollok-lsp-ide-0.5.3\\out\\server\\src\\server.js:37:74872\n    at Ye (c:\\Users\\egoytendia\\.vscode\\extensions\\uqbar.wollok-lsp-ide-0.5.3\\out\\server\\src\\server.js:7:8527)\n    at qt (c:\\Users\\egoytendia\\.vscode\\extensions\\uqbar.wollok-lsp-ide-0.5.3\\out\\server\\src\\server.js:7:6189)\n    at ot (c:\\Users\\egoytendia\\.vscode\\extensions\\uqbar.wollok-lsp-ide-0.5.3\\out\\server\\src\\server.js:7:6378)\n    at Immediate._onImmediate (c:\\Users\\egoytendia\\.vscode\\extensions\\uqbar.wollok-lsp-ide-0.5.3\\out\\server\\src\\server.js:7:6142)\n    at process.processImmediate (node:internal/timers:485:21)","timestamp":"2025-12-12T18:18:33.891Z"}
{"level":"info","message":"⌛ Building environment","timeElapsed":107,"timestamp":"2025-12-12T18:18:34.094Z"}
{"level":"info","message":"⌛ Validating parciales/elLegadoDeSoliamMurr/exiliado.wlk","timeElapsed":110,"timestamp":"2025-12-12T18:18:34.301Z"}
{"level":"info","message":"⌛ Validating parciales/elLegadoDeSoliamMurr/exiliado.wlk","timeElapsed":120,"timestamp":"2025-12-12T18:18:34.422Z"}
{"level":"info","message":"⌛ Building environment","timeElapsed":107,"timestamp":"2025-12-12T18:18:35.345Z"}
{"level":"error","message":"✘ Completions for node Variable ([39:5, 39:16] - parciales/elLegadoDeSoliamMurr/exiliado.wlk) failed: Error: comap [Variable]{049ffd} at parciales/elLegadoDeSoliamMurr/exiliado.wlk:39 exhausted all cases without a match comap [Variable]{049ffd} at parciales/elLegadoDeSoliamMurr/exiliado.wlk:39 exhausted all cases without a match","stack":"Error: comap [Variable]{049ffd} at parciales/elLegadoDeSoliamMurr/exiliado.wlk:39 exhausted all cases without a match\n    at c:\\Users\\egoytendia\\.vscode\\extensions\\uqbar.wollok-lsp-ide-0.5.3\\out\\server\\src\\server.js:38:6142\n    at D2 (c:\\Users\\egoytendia\\.vscode\\extensions\\uqbar.wollok-lsp-ide-0.5.3\\out\\server\\src\\server.js:2384:42)\n    at c:\\Users\\egoytendia\\.vscode\\extensions\\uqbar.wollok-lsp-ide-0.5.3\\out\\server\\src\\server.js:2384:2988\n    at c:\\Users\\egoytendia\\.vscode\\extensions\\uqbar.wollok-lsp-ide-0.5.3\\out\\server\\src\\server.js:2393:8440\n    at c:\\Users\\egoytendia\\.vscode\\extensions\\uqbar.wollok-lsp-ide-0.5.3\\out\\server\\src\\server.js:37:74872\n    at Ye (c:\\Users\\egoytendia\\.vscode\\extensions\\uqbar.wollok-lsp-ide-0.5.3\\out\\server\\src\\server.js:7:8527)\n    at qt (c:\\Users\\egoytendia\\.vscode\\extensions\\uqbar.wollok-lsp-ide-0.5.3\\out\\server\\src\\server.js:7:6189)\n    at ot (c:\\Users\\egoytendia\\.vscode\\extensions\\uqbar.wollok-lsp-ide-0.5.3\\out\\server\\src\\server.js:7:6378)\n    at Immediate._onImmediate (c:\\Users\\egoytendia\\.vscode\\extensions\\uqbar.wollok-lsp-ide-0.5.3\\out\\server\\src\\server.js:7:6142)\n    at process.processImmediate (node:internal/timers:485:21)","timestamp":"2025-12-12T18:18:35.370Z"}
{"level":"info","message":"⌛ Validating parciales/elLegadoDeSoliamMurr/exiliado.wlk","timeElapsed":164,"timestamp":"2025-12-12T18:18:35.617Z"}
{"level":"info","message":"⌛ Building environment","timeElapsed":103,"timestamp":"2025-12-12T18:18:37.428Z"}
{"level":"error","message":"✘ Completions for node Variable ([39:5, 39:18] - parciales/elLegadoDeSoliamMurr/exiliado.wlk) failed: Error: comapan [Variable]{33b5c1} at parciales/elLegadoDeSoliamMurr/exiliado.wlk:39 exhausted all cases without a match comapan [Variable]{33b5c1} at parciales/elLegadoDeSoliamMurr/exiliado.wlk:39 exhausted all cases without a match","stack":"Error: comapan [Variable]{33b5c1} at parciales/elLegadoDeSoliamMurr/exiliado.wlk:39 exhausted all cases without a match\n    at c:\\Users\\egoytendia\\.vscode\\extensions\\uqbar.wollok-lsp-ide-0.5.3\\out\\server\\src\\server.js:38:6142\n    at D2 (c:\\Users\\egoytendia\\.vscode\\extensions\\uqbar.wollok-lsp-ide-0.5.3\\out\\server\\src\\server.js:2384:42)\n    at c:\\Users\\egoytendia\\.vscode\\extensions\\uqbar.wollok-lsp-ide-0.5.3\\out\\server\\src\\server.js:2384:2988\n    at c:\\Users\\egoytendia\\.vscode\\extensions\\uqbar.wollok-lsp-ide-0.5.3\\out\\server\\src\\server.js:2393:8440\n    at c:\\Users\\egoytendia\\.vscode\\extensions\\uqbar.wollok-lsp-ide-0.5.3\\out\\server\\src\\server.js:37:74872\n    at Ye (c:\\Users\\egoytendia\\.vscode\\extensions\\uqbar.wollok-lsp-ide-0.5.3\\out\\server\\src\\server.js:7:8527)\n    at qt (c:\\Users\\egoytendia\\.vscode\\extensions\\uqbar.wollok-lsp-ide-0.5.3\\out\\server\\src\\server.js:7:6189)\n    at ot (c:\\Users\\egoytendia\\.vscode\\extensions\\uqbar.wollok-lsp-ide-0.5.3\\out\\server\\src\\server.js:7:6378)\n    at Immediate._onImmediate (c:\\Users\\egoytendia\\.vscode\\extensions\\uqbar.wollok-lsp-ide-0.5.3\\out\\server\\src\\server.js:7:6142)\n    at process.processImmediate (node:internal/timers:485:21)","timestamp":"2025-12-12T18:18:37.456Z"}
{"level":"info","message":"⌛ Validating parciales/elLegadoDeSoliamMurr/exiliado.wlk","timeElapsed":107,"timestamp":"2025-12-12T18:18:37.748Z"}
{"level":"error","message":"✘ Completions for node Variable ([39:5, 39:21] - parciales/elLegadoDeSoliamMurr/exiliado.wlk) failed: Error: comapanier [Variable]{0b55c7} at parciales/elLegadoDeSoliamMurr/exiliado.wlk:39 exhausted all cases without a match comapanier [Variable]{0b55c7} at parciales/elLegadoDeSoliamMurr/exiliado.wlk:39 exhausted all cases without a match","stack":"Error: comapanier [Variable]{0b55c7} at parciales/elLegadoDeSoliamMurr/exiliado.wlk:39 exhausted all cases without a match\n    at c:\\Users\\egoytendia\\.vscode\\extensions\\uqbar.wollok-lsp-ide-0.5.3\\out\\server\\src\\server.js:38:6142\n    at D2 (c:\\Users\\egoytendia\\.vscode\\extensions\\uqbar.wollok-lsp-ide-0.5.3\\out\\server\\src\\server.js:2384:42)\n    at c:\\Users\\egoytendia\\.vscode\\extensions\\uqbar.wollok-lsp-ide-0.5.3\\out\\server\\src\\server.js:2384:2988\n    at c:\\Users\\egoytendia\\.vscode\\extensions\\uqbar.wollok-lsp-ide-0.5.3\\out\\server\\src\\server.js:2393:8440\n    at c:\\Users\\egoytendia\\.vscode\\extensions\\uqbar.wollok-lsp-ide-0.5.3\\out\\server\\src\\server.js:37:74872\n    at Ye (c:\\Users\\egoytendia\\.vscode\\extensions\\uqbar.wollok-lsp-ide-0.5.3\\out\\server\\src\\server.js:7:8527)\n    at qt (c:\\Users\\egoytendia\\.vscode\\extensions\\uqbar.wollok-lsp-ide-0.5.3\\out\\server\\src\\server.js:7:6189)\n    at ot (c:\\Users\\egoytendia\\.vscode\\extensions\\uqbar.wollok-lsp-ide-0.5.3\\out\\server\\src\\server.js:7:6378)\n    at Immediate._onImmediate (c:\\Users\\egoytendia\\.vscode\\extensions\\uqbar.wollok-lsp-ide-0.5.3\\out\\server\\src\\server.js:7:6142)\n    at process.processImmediate (node:internal/timers:485:21)","timestamp":"2025-12-12T18:18:37.866Z"}
{"level":"info","message":"⌛ Validating parciales/elLegadoDeSoliamMurr/exiliado.wlk","timeElapsed":110,"timestamp":"2025-12-12T18:18:38.008Z"}
{"level":"info","message":"⌛ Building environment","timeElapsed":125,"timestamp":"2025-12-12T18:18:38.132Z"}
{"level":"info","message":"⌛ Validating parciales/elLegadoDeSoliamMurr/exiliado.wlk","timeElapsed":108,"timestamp":"2025-12-12T18:18:38.240Z"}
{"level":"info","message":"⌛ Validating parciales/elLegadoDeSoliamMurr/exiliado.wlk","timeElapsed":109,"timestamp":"2025-12-12T18:18:38.350Z"}
{"level":"info","message":"⌛ Validating parciales/elLegadoDeSoliamMurr/exiliado.wlk","timeElapsed":107,"timestamp":"2025-12-12T18:18:38.464Z"}
{"level":"info","message":"⌛ Validating parciales/elLegadoDeSoliamMurr/exiliado.wlk","timeElapsed":111,"timestamp":"2025-12-12T18:18:38.656Z"}
{"level":"info","message":"⌛ Validating parciales/elLegadoDeSoliamMurr/exiliado.wlk","timeElapsed":108,"timestamp":"2025-12-12T18:18:38.930Z"}
{"level":"info","message":"⌛ Validating parciales/elLegadoDeSoliamMurr/exiliado.wlk","timeElapsed":110,"timestamp":"2025-12-12T18:18:39.040Z"}
{"level":"info","message":"⌛ Building environment","timeElapsed":209,"timestamp":"2025-12-12T18:18:42.305Z"}
{"level":"error","message":"✘ Completions for node Variable ([39:5, 39:26] - parciales/elLegadoDeSoliamMurr/exiliado.wlk) failed: Error: comapaniero [Variable]{113a4a} at parciales/elLegadoDeSoliamMurr/exiliado.wlk:39 exhausted all cases without a match comapaniero [Variable]{113a4a} at parciales/elLegadoDeSoliamMurr/exiliado.wlk:39 exhausted all cases without a match","stack":"Error: comapaniero [Variable]{113a4a} at parciales/elLegadoDeSoliamMurr/exiliado.wlk:39 exhausted all cases without a match\n    at c:\\Users\\egoytendia\\.vscode\\extensions\\uqbar.wollok-lsp-ide-0.5.3\\out\\server\\src\\server.js:38:6142\n    at D2 (c:\\Users\\egoytendia\\.vscode\\extensions\\uqbar.wollok-lsp-ide-0.5.3\\out\\server\\src\\server.js:2384:42)\n    at Qh (c:\\Users\\egoytendia\\.vscode\\extensions\\uqbar.wollok-lsp-ide-0.5.3\\out\\server\\src\\server.js:2384:1092)\n    at k6n (c:\\Users\\egoytendia\\.vscode\\extensions\\uqbar.wollok-lsp-ide-0.5.3\\out\\server\\src\\server.js:2384:1248)\n    at c:\\Users\\egoytendia\\.vscode\\extensions\\uqbar.wollok-lsp-ide-0.5.3\\out\\server\\src\\server.js:38:6131\n    at D2 (c:\\Users\\egoytendia\\.vscode\\extensions\\uqbar.wollok-lsp-ide-0.5.3\\out\\server\\src\\server.js:2384:42)\n    at c:\\Users\\egoytendia\\.vscode\\extensions\\uqbar.wollok-lsp-ide-0.5.3\\out\\server\\src\\server.js:2384:2988\n    at c:\\Users\\egoytendia\\.vscode\\extensions\\uqbar.wollok-lsp-ide-0.5.3\\out\\server\\src\\server.js:2393:8440\n    at c:\\Users\\egoytendia\\.vscode\\extensions\\uqbar.wollok-lsp-ide-0.5.3\\out\\server\\src\\server.js:37:74872\n    at Ye (c:\\Users\\egoytendia\\.vscode\\extensions\\uqbar.wollok-lsp-ide-0.5.3\\out\\server\\src\\server.js:7:8527)","timestamp":"2025-12-12T18:18:42.337Z"}
{"level":"info","message":"⌛ Validating parciales/elLegadoDeSoliamMurr/exiliado.wlk","timeElapsed":104,"timestamp":"2025-12-12T18:18:42.544Z"}
{"level":"info","message":"⌛ Validating parciales/elLegadoDeSoliamMurr/exiliado.wlk","timeElapsed":118,"timestamp":"2025-12-12T18:18:42.741Z"}
{"level":"info","message":"⌛ Validating parciales/elLegadoDeSoliamMurr/exiliado.wlk","timeElapsed":134,"timestamp":"2025-12-12T18:18:42.876Z"}
{"level":"info","message":"⌛ Building environment","timeElapsed":137,"timestamp":"2025-12-12T18:18:43.500Z"}
{"level":"info","message":"⌛ Validating parciales/elLegadoDeSoliamMurr/exiliado.wlk","timeElapsed":118,"timestamp":"2025-12-12T18:18:43.620Z"}
{"level":"info","message":"⌛ Validating parciales/elLegadoDeSoliamMurr/exiliado.wlk","timeElapsed":111,"timestamp":"2025-12-12T18:18:43.821Z"}
{"level":"info","message":"⌛ Building environment","timeElapsed":108,"timestamp":"2025-12-12T18:18:44.286Z"}
{"level":"info","message":"⌛ Validating parciales/elLegadoDeSoliamMurr/exiliado.wlk","timeElapsed":115,"timestamp":"2025-12-12T18:18:44.402Z"}
{"level":"info","message":"⌛ Validating parciales/elLegadoDeSoliamMurr/exiliado.wlk","timeElapsed":123,"timestamp":"2025-12-12T18:18:44.649Z"}
{"level":"info","message":"⌛ Validating parciales/elLegadoDeSoliamMurr/exiliado.wlk","timeElapsed":108,"timestamp":"2025-12-12T18:18:45.104Z"}
{"level":"info","message":"⌛ Validating parciales/elLegadoDeSoliamMurr/exiliado.wlk","timeElapsed":115,"timestamp":"2025-12-12T18:18:45.320Z"}
{"level":"info","message":"⌛ Validating parciales/elLegadoDeSoliamMurr/exiliado.wlk","timeElapsed":113,"timestamp":"2025-12-12T18:18:45.518Z"}
{"level":"info","message":"⌛ Validating parciales/elLegadoDeSoliamMurr/exiliado.wlk","timeElapsed":101,"timestamp":"2025-12-12T18:18:45.619Z"}
{"level":"info","message":"⌛ Validating parciales/elLegadoDeSoliamMurr/exiliado.wlk","timeElapsed":107,"timestamp":"2025-12-12T18:18:45.731Z"}
{"level":"info","message":"⌛ Building environment","timeElapsed":102,"timestamp":"2025-12-12T18:18:46.776Z"}
{"level":"info","message":"⌛ Validating parciales/elLegadoDeSoliamMurr/exiliado.wlk","timeElapsed":110,"timestamp":"2025-12-12T18:18:46.979Z"}
{"level":"error","message":"✘ Completions for node Variable ([39:5, 39:45] - parciales/elLegadoDeSoliamMurr/exiliado.wlk) failed: Error: comapaniero [Variable]{7d86e1} at parciales/elLegadoDeSoliamMurr/exiliado.wlk:39 exhausted all cases without a match comapaniero [Variable]{7d86e1} at parciales/elLegadoDeSoliamMurr/exiliado.wlk:39 exhausted all cases without a match","stack":"Error: comapaniero [Variable]{7d86e1} at parciales/elLegadoDeSoliamMurr/exiliado.wlk:39 exhausted all cases without a match\n    at c:\\Users\\egoytendia\\.vscode\\extensions\\uqbar.wollok-lsp-ide-0.5.3\\out\\server\\src\\server.js:38:6142\n    at D2 (c:\\Users\\egoytendia\\.vscode\\extensions\\uqbar.wollok-lsp-ide-0.5.3\\out\\server\\src\\server.js:2384:42)\n    at Qh (c:\\Users\\egoytendia\\.vscode\\extensions\\uqbar.wollok-lsp-ide-0.5.3\\out\\server\\src\\server.js:2384:1092)\n    at k6n (c:\\Users\\egoytendia\\.vscode\\extensions\\uqbar.wollok-lsp-ide-0.5.3\\out\\server\\src\\server.js:2384:1248)\n    at c:\\Users\\egoytendia\\.vscode\\extensions\\uqbar.wollok-lsp-ide-0.5.3\\out\\server\\src\\server.js:38:6131\n    at D2 (c:\\Users\\egoytendia\\.vscode\\extensions\\uqbar.wollok-lsp-ide-0.5.3\\out\\server\\src\\server.js:2384:42)\n    at c:\\Users\\egoytendia\\.vscode\\extensions\\uqbar.wollok-lsp-ide-0.5.3\\out\\server\\src\\server.js:2384:2988\n    at c:\\Users\\egoytendia\\.vscode\\extensions\\uqbar.wollok-lsp-ide-0.5.3\\out\\server\\src\\server.js:2393:8440\n    at c:\\Users\\egoytendia\\.vscode\\extensions\\uqbar.wollok-lsp-ide-0.5.3\\out\\server\\src\\server.js:37:74872\n    at Ye (c:\\Users\\egoytendia\\.vscode\\extensions\\uqbar.wollok-lsp-ide-0.5.3\\out\\server\\src\\server.js:7:8527)","timestamp":"2025-12-12T18:18:47.093Z"}
{"level":"info","message":"⌛ Validating parciales/elLegadoDeSoliamMurr/exiliado.wlk","timeElapsed":123,"timestamp":"2025-12-12T18:18:47.220Z"}
{"level":"info","message":"⌛ Building environment","timeElapsed":105,"timestamp":"2025-12-12T18:18:47.325Z"}
{"level":"info","message":"⌛ Validating parciales/elLegadoDeSoliamMurr/exiliado.wlk","timeElapsed":114,"timestamp":"2025-12-12T18:18:47.524Z"}
{"level":"info","message":"⌛ Validating parciales/elLegadoDeSoliamMurr/exiliado.wlk","timeElapsed":105,"timestamp":"2025-12-12T18:18:47.634Z"}
{"level":"info","message":"⌛ Validating parciales/elLegadoDeSoliamMurr/exiliado.wlk","timeElapsed":101,"timestamp":"2025-12-12T18:18:47.734Z"}
{"level":"error","message":"✘ Completions for node Variable ([39:5, 39:48] - parciales/elLegadoDeSoliamMurr/exiliado.wlk) failed: Error: comapaniero [Variable]{57ed54} at parciales/elLegadoDeSoliamMurr/exiliado.wlk:39 exhausted all cases without a match comapaniero [Variable]{57ed54} at parciales/elLegadoDeSoliamMurr/exiliado.wlk:39 exhausted all cases without a match","stack":"Error: comapaniero [Variable]{57ed54} at parciales/elLegadoDeSoliamMurr/exiliado.wlk:39 exhausted all cases without a match\n    at c:\\Users\\egoytendia\\.vscode\\extensions\\uqbar.wollok-lsp-ide-0.5.3\\out\\server\\src\\server.js:38:6142\n    at D2 (c:\\Users\\egoytendia\\.vscode\\extensions\\uqbar.wollok-lsp-ide-0.5.3\\out\\server\\src\\server.js:2384:42)\n    at Qh (c:\\Users\\egoytendia\\.vscode\\extensions\\uqbar.wollok-lsp-ide-0.5.3\\out\\server\\src\\server.js:2384:1092)\n    at k6n (c:\\Users\\egoytendia\\.vscode\\extensions\\uqbar.wollok-lsp-ide-0.5.3\\out\\server\\src\\server.js:2384:1248)\n    at c:\\Users\\egoytendia\\.vscode\\extensions\\uqbar.wollok-lsp-ide-0.5.3\\out\\server\\src\\server.js:38:6131\n    at D2 (c:\\Users\\egoytendia\\.vscode\\extensions\\uqbar.wollok-lsp-ide-0.5.3\\out\\server\\src\\server.js:2384:42)\n    at c:\\Users\\egoytendia\\.vscode\\extensions\\uqbar.wollok-lsp-ide-0.5.3\\out\\server\\src\\server.js:2384:2988\n    at c:\\Users\\egoytendia\\.vscode\\extensions\\uqbar.wollok-lsp-ide-0.5.3\\out\\server\\src\\server.js:2393:8440\n    at c:\\Users\\egoytendia\\.vscode\\extensions\\uqbar.wollok-lsp-ide-0.5.3\\out\\server\\src\\server.js:37:74872\n    at Ye (c:\\Users\\egoytendia\\.vscode\\extensions\\uqbar.wollok-lsp-ide-0.5.3\\out\\server\\src\\server.js:7:8527)","timestamp":"2025-12-12T18:18:47.877Z"}
{"level":"info","message":"⌛ Validating parciales/elLegadoDeSoliamMurr/exiliado.wlk","timeElapsed":114,"timestamp":"2025-12-12T18:18:47.996Z"}
{"level":"info","message":"⌛ Building environment","timeElapsed":165,"timestamp":"2025-12-12T18:18:48.232Z"}
{"level":"error","message":"✘ Completions for node Variable ([39:5, 39:49] - parciales/elLegadoDeSoliamMurr/exiliado.wlk) failed: Error: comapaniero [Variable]{6c5211} at parciales/elLegadoDeSoliamMurr/exiliado.wlk:39 exhausted all cases without a match comapaniero [Variable]{6c5211} at parciales/elLegadoDeSoliamMurr/exiliado.wlk:39 exhausted all cases without a match","stack":"Error: comapaniero [Variable]{6c5211} at parciales/elLegadoDeSoliamMurr/exiliado.wlk:39 exhausted all cases without a match\n    at c:\\Users\\egoytendia\\.vscode\\extensions\\uqbar.wollok-lsp-ide-0.5.3\\out\\server\\src\\server.js:38:6142\n    at D2 (c:\\Users\\egoytendia\\.vscode\\extensions\\uqbar.wollok-lsp-ide-0.5.3\\out\\server\\src\\server.js:2384:42)\n    at Qh (c:\\Users\\egoytendia\\.vscode\\extensions\\uqbar.wollok-lsp-ide-0.5.3\\out\\server\\src\\server.js:2384:1092)\n    at k6n (c:\\Users\\egoytendia\\.vscode\\extensions\\uqbar.wollok-lsp-ide-0.5.3\\out\\server\\src\\server.js:2384:1248)\n    at c:\\Users\\egoytendia\\.vscode\\extensions\\uqbar.wollok-lsp-ide-0.5.3\\out\\server\\src\\server.js:38:6131\n    at D2 (c:\\Users\\egoytendia\\.vscode\\extensions\\uqbar.wollok-lsp-ide-0.5.3\\out\\server\\src\\server.js:2384:42)\n    at c:\\Users\\egoytendia\\.vscode\\extensions\\uqbar.wollok-lsp-ide-0.5.3\\out\\server\\src\\server.js:2384:2988\n    at c:\\Users\\egoytendia\\.vscode\\extensions\\uqbar.wollok-lsp-ide-0.5.3\\out\\server\\src\\server.js:2393:8440\n    at c:\\Users\\egoytendia\\.vscode\\extensions\\uqbar.wollok-lsp-ide-0.5.3\\out\\server\\src\\server.js:37:74872\n    at Ye (c:\\Users\\egoytendia\\.vscode\\extensions\\uqbar.wollok-lsp-ide-0.5.3\\out\\server\\src\\server.js:7:8527)","timestamp":"2025-12-12T18:18:48.262Z"}
{"level":"info","message":"⌛ Validating parciales/elLegadoDeSoliamMurr/exiliado.wlk","timeElapsed":112,"timestamp":"2025-12-12T18:18:48.467Z"}
{"level":"error","message":"✘ Completions for node Variable ([39:5, 39:51] - parciales/elLegadoDeSoliamMurr/exiliado.wlk) failed: Error: comapaniero [Variable]{06bd83} at parciales/elLegadoDeSoliamMurr/exiliado.wlk:39 exhausted all cases without a match comapaniero [Variable]{06bd83} at parciales/elLegadoDeSoliamMurr/exiliado.wlk:39 exhausted all cases without a match","stack":"Error: comapaniero [Variable]{06bd83} at parciales/elLegadoDeSoliamMurr/exiliado.wlk:39 exhausted all cases without a match\n    at c:\\Users\\egoytendia\\.vscode\\extensions\\uqbar.wollok-lsp-ide-0.5.3\\out\\server\\src\\server.js:38:6142\n    at D2 (c:\\Users\\egoytendia\\.vscode\\extensions\\uqbar.wollok-lsp-ide-0.5.3\\out\\server\\src\\server.js:2384:42)\n    at Qh (c:\\Users\\egoytendia\\.vscode\\extensions\\uqbar.wollok-lsp-ide-0.5.3\\out\\server\\src\\server.js:2384:1092)\n    at k6n (c:\\Users\\egoytendia\\.vscode\\extensions\\uqbar.wollok-lsp-ide-0.5.3\\out\\server\\src\\server.js:2384:1248)\n    at c:\\Users\\egoytendia\\.vscode\\extensions\\uqbar.wollok-lsp-ide-0.5.3\\out\\server\\src\\server.js:38:6131\n    at D2 (c:\\Users\\egoytendia\\.vscode\\extensions\\uqbar.wollok-lsp-ide-0.5.3\\out\\server\\src\\server.js:2384:42)\n    at c:\\Users\\egoytendia\\.vscode\\extensions\\uqbar.wollok-lsp-ide-0.5.3\\out\\server\\src\\server.js:2384:2988\n    at c:\\Users\\egoytendia\\.vscode\\extensions\\uqbar.wollok-lsp-ide-0.5.3\\out\\server\\src\\server.js:2393:8440\n    at c:\\Users\\egoytendia\\.vscode\\extensions\\uqbar.wollok-lsp-ide-0.5.3\\out\\server\\src\\server.js:37:74872\n    at Ye (c:\\Users\\egoytendia\\.vscode\\extensions\\uqbar.wollok-lsp-ide-0.5.3\\out\\server\\src\\server.js:7:8527)","timestamp":"2025-12-12T18:18:48.581Z"}
{"level":"info","message":"⌛ Validating parciales/elLegadoDeSoliamMurr/exiliado.wlk","timeElapsed":108,"timestamp":"2025-12-12T18:18:48.701Z"}
{"level":"info","message":"⌛ Validating parciales/elLegadoDeSoliamMurr/exiliado.wlk","timeElapsed":114,"timestamp":"2025-12-12T18:18:48.984Z"}
{"level":"error","message":"✘ Completions for node Variable ([39:5, 39:55] - parciales/elLegadoDeSoliamMurr/exiliado.wlk) failed: Error: comapaniero [Variable]{55a4ea} at parciales/elLegadoDeSoliamMurr/exiliado.wlk:39 exhausted all cases without a match comapaniero [Variable]{55a4ea} at parciales/elLegadoDeSoliamMurr/exiliado.wlk:39 exhausted all cases without a match","stack":"Error: comapaniero [Variable]{55a4ea} at parciales/elLegadoDeSoliamMurr/exiliado.wlk:39 exhausted all cases without a match\n    at c:\\Users\\egoytendia\\.vscode\\extensions\\uqbar.wollok-lsp-ide-0.5.3\\out\\server\\src\\server.js:38:6142\n    at D2 (c:\\Users\\egoytendia\\.vscode\\extensions\\uqbar.wollok-lsp-ide-0.5.3\\out\\server\\src\\server.js:2384:42)\n    at Qh (c:\\Users\\egoytendia\\.vscode\\extensions\\uqbar.wollok-lsp-ide-0.5.3\\out\\server\\src\\server.js:2384:1092)\n    at k6n (c:\\Users\\egoytendia\\.vscode\\extensions\\uqbar.wollok-lsp-ide-0.5.3\\out\\server\\src\\server.js:2384:1248)\n    at c:\\Users\\egoytendia\\.vscode\\extensions\\uqbar.wollok-lsp-ide-0.5.3\\out\\server\\src\\server.js:38:6131\n    at D2 (c:\\Users\\egoytendia\\.vscode\\extensions\\uqbar.wollok-lsp-ide-0.5.3\\out\\server\\src\\server.js:2384:42)\n    at c:\\Users\\egoytendia\\.vscode\\extensions\\uqbar.wollok-lsp-ide-0.5.3\\out\\server\\src\\server.js:2384:2988\n    at c:\\Users\\egoytendia\\.vscode\\extensions\\uqbar.wollok-lsp-ide-0.5.3\\out\\server\\src\\server.js:2393:8440\n    at c:\\Users\\egoytendia\\.vscode\\extensions\\uqbar.wollok-lsp-ide-0.5.3\\out\\server\\src\\server.js:37:74872\n    at Ye (c:\\Users\\egoytendia\\.vscode\\extensions\\uqbar.wollok-lsp-ide-0.5.3\\out\\server\\src\\server.js:7:8527)","timestamp":"2025-12-12T18:18:49.176Z"}
{"level":"info","message":"⌛ Validating parciales/elLegadoDeSoliamMurr/exiliado.wlk","timeElapsed":106,"timestamp":"2025-12-12T18:18:49.368Z"}
{"level":"info","message":"⌛ Validating parciales/elLegadoDeSoliamMurr/exiliado.wlk","timeElapsed":136,"timestamp":"2025-12-12T18:18:49.506Z"}
{"level":"info","message":"⌛ Building environment","timeElapsed":103,"timestamp":"2025-12-12T18:18:49.610Z"}
{"level":"info","message":"⌛ Validating parciales/elLegadoDeSoliamMurr/exiliado.wlk","timeElapsed":110,"timestamp":"2025-12-12T18:18:49.720Z"}
{"level":"info","message":"⌛ Validating parciales/elLegadoDeSoliamMurr/exiliado.wlk","timeElapsed":150,"timestamp":"2025-12-12T18:18:49.876Z"}
{"level":"info","message":"⌛ Validating parciales/elLegadoDeSoliamMurr/exiliado.wlk","timeElapsed":105,"timestamp":"2025-12-12T18:18:49.982Z"}
{"level":"info","message":"⌛ Validating parciales/elLegadoDeSoliamMurr/exiliado.wlk","timeElapsed":117,"timestamp":"2025-12-12T18:18:50.100Z"}
{"level":"info","message":"⌛ Validating parciales/elLegadoDeSoliamMurr/exiliado.wlk","timeElapsed":119,"timestamp":"2025-12-12T18:18:50.297Z"}
{"level":"info","message":"⌛ Validating parciales/elLegadoDeSoliamMurr/exiliado.wlk","timeElapsed":105,"timestamp":"2025-12-12T18:18:50.678Z"}
{"level":"info","message":"⌛ Building environment","timeElapsed":107,"timestamp":"2025-12-12T18:18:50.887Z"}
{"level":"info","message":"⌛ Validating parciales/elLegadoDeSoliamMurr/exiliado.wlk","timeElapsed":105,"timestamp":"2025-12-12T18:18:50.992Z"}
{"level":"info","message":"⌛ Building environment","timeElapsed":110,"timestamp":"2025-12-12T18:18:53.255Z"}
{"level":"error","message":"✘ Completions for node Send ([39:25, 39:60] - parciales/elLegadoDeSoliamMurr/exiliado.wlk) failed: Error: [Send]{05e142} at parciales/elLegadoDeSoliamMurr/exiliado.wlk:39 exhausted all cases without a match [Send]{05e142} at parciales/elLegadoDeSoliamMurr/exiliado.wlk:39 exhausted all cases without a match","stack":"Error: [Send]{05e142} at parciales/elLegadoDeSoliamMurr/exiliado.wlk:39 exhausted all cases without a match\n    at c:\\Users\\egoytendia\\.vscode\\extensions\\uqbar.wollok-lsp-ide-0.5.3\\out\\server\\src\\server.js:38:6142\n    at D2 (c:\\Users\\egoytendia\\.vscode\\extensions\\uqbar.wollok-lsp-ide-0.5.3\\out\\server\\src\\server.js:2384:42)\n    at Qh (c:\\Users\\egoytendia\\.vscode\\extensions\\uqbar.wollok-lsp-ide-0.5.3\\out\\server\\src\\server.js:2384:1092)\n    at k6n (c:\\Users\\egoytendia\\.vscode\\extensions\\uqbar.wollok-lsp-ide-0.5.3\\out\\server\\src\\server.js:2384:1248)\n    at c:\\Users\\egoytendia\\.vscode\\extensions\\uqbar.wollok-lsp-ide-0.5.3\\out\\server\\src\\server.js:38:6131\n    at D2 (c:\\Users\\egoytendia\\.vscode\\extensions\\uqbar.wollok-lsp-ide-0.5.3\\out\\server\\src\\server.js:2384:42)\n    at c:\\Users\\egoytendia\\.vscode\\extensions\\uqbar.wollok-lsp-ide-0.5.3\\out\\server\\src\\server.js:2384:2988\n    at c:\\Users\\egoytendia\\.vscode\\extensions\\uqbar.wollok-lsp-ide-0.5.3\\out\\server\\src\\server.js:2393:8440\n    at c:\\Users\\egoytendia\\.vscode\\extensions\\uqbar.wollok-lsp-ide-0.5.3\\out\\server\\src\\server.js:37:74872\n    at Ye (c:\\Users\\egoytendia\\.vscode\\extensions\\uqbar.wollok-lsp-ide-0.5.3\\out\\server\\src\\server.js:7:8527)","timestamp":"2025-12-12T18:18:53.290Z"}
{"level":"error","message":"✘ Completions for node Variable ([39:5, 39:60] - parciales/elLegadoDeSoliamMurr/exiliado.wlk) failed: Error: comapaniero [Variable]{c0c106} at parciales/elLegadoDeSoliamMurr/exiliado.wlk:39 exhausted all cases without a match comapaniero [Variable]{c0c106} at parciales/elLegadoDeSoliamMurr/exiliado.wlk:39 exhausted all cases without a match","stack":"Error: comapaniero [Variable]{c0c106} at parciales/elLegadoDeSoliamMurr/exiliado.wlk:39 exhausted all cases without a match\n    at c:\\Users\\egoytendia\\.vscode\\extensions\\uqbar.wollok-lsp-ide-0.5.3\\out\\server\\src\\server.js:38:6142\n    at D2 (c:\\Users\\egoytendia\\.vscode\\extensions\\uqbar.wollok-lsp-ide-0.5.3\\out\\server\\src\\server.js:2384:42)\n    at Qh (c:\\Users\\egoytendia\\.vscode\\extensions\\uqbar.wollok-lsp-ide-0.5.3\\out\\server\\src\\server.js:2384:1092)\n    at D2 (c:\\Users\\egoytendia\\.vscode\\extensions\\uqbar.wollok-lsp-ide-0.5.3\\out\\server\\src\\server.js:2384:544)\n    at Qh (c:\\Users\\egoytendia\\.vscode\\extensions\\uqbar.wollok-lsp-ide-0.5.3\\out\\server\\src\\server.js:2384:1092)\n    at k6n (c:\\Users\\egoytendia\\.vscode\\extensions\\uqbar.wollok-lsp-ide-0.5.3\\out\\server\\src\\server.js:2384:1248)\n    at c:\\Users\\egoytendia\\.vscode\\extensions\\uqbar.wollok-lsp-ide-0.5.3\\out\\server\\src\\server.js:38:6131\n    at D2 (c:\\Users\\egoytendia\\.vscode\\extensions\\uqbar.wollok-lsp-ide-0.5.3\\out\\server\\src\\server.js:2384:42)\n    at c:\\Users\\egoytendia\\.vscode\\extensions\\uqbar.wollok-lsp-ide-0.5.3\\out\\server\\src\\server.js:2384:2988\n    at c:\\Users\\egoytendia\\.vscode\\extensions\\uqbar.wollok-lsp-ide-0.5.3\\out\\server\\src\\server.js:2393:8440","timestamp":"2025-12-12T18:18:53.290Z"}
{"level":"info","message":"⌛ Validating parciales/elLegadoDeSoliamMurr/exiliado.wlk","timeElapsed":107,"timestamp":"2025-12-12T18:18:53.403Z"}
{"level":"info","message":"⌛ Validating parciales/elLegadoDeSoliamMurr/exiliado.wlk","timeElapsed":111,"timestamp":"2025-12-12T18:18:53.683Z"}
{"level":"info","message":"⌛ Validating parciales/elLegadoDeSoliamMurr/exiliado.wlk","timeElapsed":102,"timestamp":"2025-12-12T18:18:53.784Z"}
{"level":"info","message":"⌛ Validating parciales/elLegadoDeSoliamMurr/exiliado.wlk","timeElapsed":103,"timestamp":"2025-12-12T18:18:53.991Z"}
{"level":"info","message":"⌛ Building environment","timeElapsed":104,"timestamp":"2025-12-12T18:19:01.954Z"}
{"level":"info","message":"⌛ Validating parciales/elLegadoDeSoliamMurr/exiliado.wlk","timeElapsed":133,"timestamp":"2025-12-12T18:19:02.088Z"}
{"level":"info","message":"⌛ Building environment","timeElapsed":128,"timestamp":"2025-12-12T18:19:04.572Z"}
{"level":"info","message":"⌛ Validating parciales/elLegadoDeSoliamMurr/exiliado.wlk","timeElapsed":118,"timestamp":"2025-12-12T18:19:04.725Z"}
{"level":"info","message":"⌛ Building environment","timeElapsed":101,"timestamp":"2025-12-12T18:19:04.914Z"}
{"level":"info","message":"⌛ Validating parciales/elLegadoDeSoliamMurr/exiliado.wlk","timeElapsed":143,"timestamp":"2025-12-12T18:19:05.060Z"}
{"level":"info","message":"⌛ Validating parciales/elLegadoDeSoliamMurr/exiliado.wlk","timeElapsed":110,"timestamp":"2025-12-12T18:19:05.170Z"}
{"level":"info","message":"⌛ Validating parciales/elLegadoDeSoliamMurr/exiliado.wlk","timeElapsed":108,"timestamp":"2025-12-12T18:19:05.381Z"}
{"level":"info","message":"⌛ Building environment","timeElapsed":104,"timestamp":"2025-12-12T18:19:05.759Z"}
{"level":"info","message":"⌛ Validating parciales/elLegadoDeSoliamMurr/exiliado.wlk","timeElapsed":141,"timestamp":"2025-12-12T18:19:05.901Z"}
{"level":"info","message":"⌛ Building environment","timeElapsed":107,"timestamp":"2025-12-12T18:19:06.020Z"}
{"level":"info","message":"⌛ Validating parciales/elLegadoDeSoliamMurr/exiliado.wlk","timeElapsed":109,"timestamp":"2025-12-12T18:19:06.162Z"}
{"level":"info","message":"⌛ Validating parciales/elLegadoDeSoliamMurr/exiliado.wlk","timeElapsed":114,"timestamp":"2025-12-12T18:19:06.617Z"}
{"level":"info","message":"⌛ Validating parciales/elLegadoDeSoliamMurr/exiliado.wlk","timeElapsed":105,"timestamp":"2025-12-12T18:19:06.721Z"}
{"level":"info","message":"⌛ Building environment","timeElapsed":122,"timestamp":"2025-12-12T18:19:06.924Z"}
{"level":"info","message":"⌛ Validating parciales/elLegadoDeSoliamMurr/exiliado.wlk","timeElapsed":113,"timestamp":"2025-12-12T18:19:07.037Z"}
{"level":"info","message":"⌛ Validating parciales/elLegadoDeSoliamMurr/exiliado.wlk","timeElapsed":103,"timestamp":"2025-12-12T18:19:07.141Z"}
{"level":"info","message":"⌛ Building environment","timeElapsed":117,"timestamp":"2025-12-12T18:19:07.509Z"}
{"level":"info","message":"⌛ Validating parciales/elLegadoDeSoliamMurr/exiliado.wlk","timeElapsed":115,"timestamp":"2025-12-12T18:19:07.625Z"}
{"level":"info","message":"⌛ Building environment","timeElapsed":106,"timestamp":"2025-12-12T18:19:08.824Z"}
{"level":"info","message":"⌛ Validating parciales/elLegadoDeSoliamMurr/exiliado.wlk","timeElapsed":109,"timestamp":"2025-12-12T18:19:09.023Z"}
{"level":"info","message":"⌛ Validating parciales/elLegadoDeSoliamMurr/exiliado.wlk","timeElapsed":117,"timestamp":"2025-12-12T18:19:09.219Z"}
{"level":"info","message":"⌛ Validating parciales/elLegadoDeSoliamMurr/exiliado.wlk","timeElapsed":111,"timestamp":"2025-12-12T18:19:09.439Z"}
{"level":"info","message":"⌛ Building environment","timeElapsed":144,"timestamp":"2025-12-12T18:19:10.057Z"}
{"level":"info","message":"⌛ Validating parciales/elLegadoDeSoliamMurr/exiliado.wlk","timeElapsed":122,"timestamp":"2025-12-12T18:19:10.180Z"}
{"level":"info","message":"⌛ Building environment","timeElapsed":193,"timestamp":"2025-12-12T18:19:11.780Z"}
{"level":"error","message":"✘ Completions for node Send ([40:5, 40:26] - parciales/elLegadoDeSoliamMurr/exiliado.wlk) failed: Error: [Send]{83f06d} at parciales/elLegadoDeSoliamMurr/exiliado.wlk:40 exhausted all cases without a match [Send]{83f06d} at parciales/elLegadoDeSoliamMurr/exiliado.wlk:40 exhausted all cases without a match","stack":"Error: [Send]{83f06d} at parciales/elLegadoDeSoliamMurr/exiliado.wlk:40 exhausted all cases without a match\n    at c:\\Users\\egoytendia\\.vscode\\extensions\\uqbar.wollok-lsp-ide-0.5.3\\out\\server\\src\\server.js:38:6142\n    at D2 (c:\\Users\\egoytendia\\.vscode\\extensions\\uqbar.wollok-lsp-ide-0.5.3\\out\\server\\src\\server.js:2384:42)\n    at Qh (c:\\Users\\egoytendia\\.vscode\\extensions\\uqbar.wollok-lsp-ide-0.5.3\\out\\server\\src\\server.js:2384:1092)\n    at k6n (c:\\Users\\egoytendia\\.vscode\\extensions\\uqbar.wollok-lsp-ide-0.5.3\\out\\server\\src\\server.js:2384:1248)\n    at c:\\Users\\egoytendia\\.vscode\\extensions\\uqbar.wollok-lsp-ide-0.5.3\\out\\server\\src\\server.js:38:6131\n    at D2 (c:\\Users\\egoytendia\\.vscode\\extensions\\uqbar.wollok-lsp-ide-0.5.3\\out\\server\\src\\server.js:2384:42)\n    at c:\\Users\\egoytendia\\.vscode\\extensions\\uqbar.wollok-lsp-ide-0.5.3\\out\\server\\src\\server.js:2384:2988\n    at c:\\Users\\egoytendia\\.vscode\\extensions\\uqbar.wollok-lsp-ide-0.5.3\\out\\server\\src\\server.js:2393:8440\n    at c:\\Users\\egoytendia\\.vscode\\extensions\\uqbar.wollok-lsp-ide-0.5.3\\out\\server\\src\\server.js:37:74872\n    at Ye (c:\\Users\\egoytendia\\.vscode\\extensions\\uqbar.wollok-lsp-ide-0.5.3\\out\\server\\src\\server.js:7:8527)","timestamp":"2025-12-12T18:19:11.841Z"}
{"level":"info","message":"⌛ Building environment","timeElapsed":151,"timestamp":"2025-12-12T18:19:11.995Z"}
{"level":"info","message":"⌛ Validating parciales/elLegadoDeSoliamMurr/exiliado.wlk","timeElapsed":121,"timestamp":"2025-12-12T18:19:12.117Z"}
{"level":"info","message":"⌛ Validating parciales/elLegadoDeSoliamMurr/exiliado.wlk","timeElapsed":108,"timestamp":"2025-12-12T18:19:12.283Z"}
{"level":"info","message":"⌛ Validating parciales/elLegadoDeSoliamMurr/exiliado.wlk","timeElapsed":115,"timestamp":"2025-12-12T18:19:12.503Z"}
{"level":"info","message":"⌛ Validating parciales/elLegadoDeSoliamMurr/exiliado.wlk","timeElapsed":118,"timestamp":"2025-12-12T18:19:12.730Z"}
{"level":"info","message":"⌛ Building environment","timeElapsed":106,"timestamp":"2025-12-12T18:19:14.936Z"}
{"level":"info","message":"⌛ Validating parciales/elLegadoDeSoliamMurr/exiliado.wlk","timeElapsed":120,"timestamp":"2025-12-12T18:19:15.056Z"}
{"level":"info","message":"⌛ Validating parciales/elLegadoDeSoliamMurr/exiliado.wlk","timeElapsed":109,"timestamp":"2025-12-12T18:19:15.270Z"}
{"level":"info","message":"⌛ Building environment","timeElapsed":114,"timestamp":"2025-12-12T18:19:19.402Z"}
{"level":"error","message":"✘ Completions for node Send ([41:4, 41:30] - parciales/elLegadoDeSoliamMurr/exiliado.wlk) failed: Error: [Send]{4f72bd} at parciales/elLegadoDeSoliamMurr/exiliado.wlk:41 exhausted all cases without a match [Send]{4f72bd} at parciales/elLegadoDeSoliamMurr/exiliado.wlk:41 exhausted all cases without a match","stack":"Error: [Send]{4f72bd} at parciales/elLegadoDeSoliamMurr/exiliado.wlk:41 exhausted all cases without a match\n    at c:\\Users\\egoytendia\\.vscode\\extensions\\uqbar.wollok-lsp-ide-0.5.3\\out\\server\\src\\server.js:38:6142\n    at D2 (c:\\Users\\egoytendia\\.vscode\\extensions\\uqbar.wollok-lsp-ide-0.5.3\\out\\server\\src\\server.js:2384:42)\n    at Qh (c:\\Users\\egoytendia\\.vscode\\extensions\\uqbar.wollok-lsp-ide-0.5.3\\out\\server\\src\\server.js:2384:1092)\n    at k6n (c:\\Users\\egoytendia\\.vscode\\extensions\\uqbar.wollok-lsp-ide-0.5.3\\out\\server\\src\\server.js:2384:1248)\n    at c:\\Users\\egoytendia\\.vscode\\extensions\\uqbar.wollok-lsp-ide-0.5.3\\out\\server\\src\\server.js:38:6131\n    at D2 (c:\\Users\\egoytendia\\.vscode\\extensions\\uqbar.wollok-lsp-ide-0.5.3\\out\\server\\src\\server.js:2384:42)\n    at c:\\Users\\egoytendia\\.vscode\\extensions\\uqbar.wollok-lsp-ide-0.5.3\\out\\server\\src\\server.js:2384:2988\n    at c:\\Users\\egoytendia\\.vscode\\extensions\\uqbar.wollok-lsp-ide-0.5.3\\out\\server\\src\\server.js:2393:8440\n    at c:\\Users\\egoytendia\\.vscode\\extensions\\uqbar.wollok-lsp-ide-0.5.3\\out\\server\\src\\server.js:37:74872\n    at Ye (c:\\Users\\egoytendia\\.vscode\\extensions\\uqbar.wollok-lsp-ide-0.5.3\\out\\server\\src\\server.js:7:8527)","timestamp":"2025-12-12T18:19:19.437Z"}
{"level":"info","message":"⌛ Validating parciales/elLegadoDeSoliamMurr/exiliado.wlk","timeElapsed":111,"timestamp":"2025-12-12T18:19:19.643Z"}
{"level":"info","message":"⌛ Validating parciales/elLegadoDeSoliamMurr/exiliado.wlk","timeElapsed":122,"timestamp":"2025-12-12T18:19:19.847Z"}
{"level":"info","message":"⌛ Validating parciales/elLegadoDeSoliamMurr/exiliado.wlk","timeElapsed":118,"timestamp":"2025-12-12T18:19:19.971Z"}
{"level":"info","message":"⌛ Building environment","timeElapsed":124,"timestamp":"2025-12-12T18:19:20.581Z"}
{"level":"info","message":"⌛ Validating parciales/elLegadoDeSoliamMurr/exiliado.wlk","timeElapsed":110,"timestamp":"2025-12-12T18:19:20.692Z"}
{"level":"info","message":"⌛ Building environment","timeElapsed":107,"timestamp":"2025-12-12T18:19:25.644Z"}
{"level":"info","message":"⌛ Validating parciales/elLegadoDeSoliamMurr/exiliado.wlk","timeElapsed":124,"timestamp":"2025-12-12T18:19:25.769Z"}
{"level":"info","message":"⌛ Validating parciales/elLegadoDeSoliamMurr/exiliado.wlk","timeElapsed":116,"timestamp":"2025-12-12T18:19:25.964Z"}
{"level":"info","message":"⌛ Building environment","timeElapsed":110,"timestamp":"2025-12-12T18:19:26.458Z"}
{"level":"info","message":"⌛ Validating parciales/elLegadoDeSoliamMurr/exiliado.wlk","timeElapsed":106,"timestamp":"2025-12-12T18:19:26.685Z"}
{"level":"info","message":"⌛ Validating parciales/elLegadoDeSoliamMurr/exiliado.wlk","timeElapsed":112,"timestamp":"2025-12-12T18:19:26.880Z"}
{"level":"info","message":"⌛ Validating parciales/elLegadoDeSoliamMurr/exiliado.wlk","timeElapsed":107,"timestamp":"2025-12-12T18:19:26.986Z"}
{"level":"info","message":"⌛ Validating parciales/elLegadoDeSoliamMurr/exiliado.wlk","timeElapsed":108,"timestamp":"2025-12-12T18:19:27.185Z"}
{"level":"info","message":"⌛ Building environment","timeElapsed":118,"timestamp":"2025-12-12T18:19:27.830Z"}
{"level":"info","message":"⌛ Building environment","timeElapsed":144,"timestamp":"2025-12-12T18:19:28.030Z"}
{"level":"info","message":"⌛ Validating parciales/elLegadoDeSoliamMurr/exiliado.wlk","timeElapsed":117,"timestamp":"2025-12-12T18:19:28.147Z"}
{"level":"info","message":"⌛ Validating parciales/elLegadoDeSoliamMurr/exiliado.wlk","timeElapsed":118,"timestamp":"2025-12-12T18:19:28.473Z"}
{"level":"info","message":"⌛ Validating parciales/elLegadoDeSoliamMurr/exiliado.wlk","timeElapsed":112,"timestamp":"2025-12-12T18:19:28.670Z"}
{"level":"info","message":"⌛ Validating parciales/elLegadoDeSoliamMurr/exiliado.wlk","timeElapsed":103,"timestamp":"2025-12-12T18:19:28.773Z"}
{"level":"info","message":"⌛ Validating parciales/elLegadoDeSoliamMurr/exiliado.wlk","timeElapsed":111,"timestamp":"2025-12-12T18:19:28.996Z"}
{"level":"info","message":"⌛ Validating parciales/elLegadoDeSoliamMurr/exiliado.wlk","timeElapsed":159,"timestamp":"2025-12-12T18:19:29.236Z"}
{"level":"info","message":"⌛ Validating parciales/elLegadoDeSoliamMurr/exiliado.wlk","timeElapsed":104,"timestamp":"2025-12-12T18:19:29.346Z"}
{"level":"info","message":"⌛ Validating parciales/elLegadoDeSoliamMurr/exiliado.wlk","timeElapsed":142,"timestamp":"2025-12-12T18:19:29.683Z"}
{"level":"info","message":"⌛ Building environment","timeElapsed":108,"timestamp":"2025-12-12T18:19:29.792Z"}
{"level":"info","message":"⌛ Validating parciales/elLegadoDeSoliamMurr/exiliado.wlk","timeElapsed":112,"timestamp":"2025-12-12T18:19:29.904Z"}
{"level":"info","message":"⌛ Validating parciales/elLegadoDeSoliamMurr/exiliado.wlk","timeElapsed":119,"timestamp":"2025-12-12T18:19:30.136Z"}
{"level":"info","message":"⌛ Validating parciales/elLegadoDeSoliamMurr/exiliado.wlk","timeElapsed":109,"timestamp":"2025-12-12T18:19:30.368Z"}
{"level":"info","message":"⌛ Validating parciales/elLegadoDeSoliamMurr/exiliado.wlk","timeElapsed":114,"timestamp":"2025-12-12T18:19:30.647Z"}
{"level":"info","message":"⌛ Validating parciales/elLegadoDeSoliamMurr/exiliado.wlk","timeElapsed":109,"timestamp":"2025-12-12T18:19:30.759Z"}
{"level":"info","message":"⌛ Validating parciales/elLegadoDeSoliamMurr/exiliado.wlk","timeElapsed":115,"timestamp":"2025-12-12T18:19:30.874Z"}
{"level":"info","message":"⌛ Validating parciales/elLegadoDeSoliamMurr/exiliado.wlk","timeElapsed":108,"timestamp":"2025-12-12T18:19:31.296Z"}
{"level":"info","message":"⌛ Validating parciales/elLegadoDeSoliamMurr/exiliado.wlk","timeElapsed":105,"timestamp":"2025-12-12T18:19:31.510Z"}
{"level":"info","message":"⌛ Validating parciales/elLegadoDeSoliamMurr/exiliado.wlk","timeElapsed":110,"timestamp":"2025-12-12T18:19:31.702Z"}
{"level":"info","message":"⌛ Validating parciales/elLegadoDeSoliamMurr/exiliado.wlk","timeElapsed":112,"timestamp":"2025-12-12T18:19:31.891Z"}
{"level":"info","message":"⌛ Validating parciales/elLegadoDeSoliamMurr/exiliado.wlk","timeElapsed":107,"timestamp":"2025-12-12T18:19:32.111Z"}
{"level":"info","message":"⌛ Validating parciales/elLegadoDeSoliamMurr/exiliado.wlk","timeElapsed":108,"timestamp":"2025-12-12T18:19:32.385Z"}
{"level":"info","message":"⌛ Building environment","timeElapsed":153,"timestamp":"2025-12-12T18:19:32.538Z"}
{"level":"info","message":"⌛ Validating parciales/elLegadoDeSoliamMurr/exiliado.wlk","timeElapsed":121,"timestamp":"2025-12-12T18:19:32.750Z"}
{"level":"info","message":"⌛ Validating parciales/elLegadoDeSoliamMurr/exiliado.wlk","timeElapsed":115,"timestamp":"2025-12-12T18:19:32.972Z"}
{"level":"info","message":"⌛ Validating parciales/elLegadoDeSoliamMurr/exiliado.wlk","timeElapsed":102,"timestamp":"2025-12-12T18:19:33.176Z"}
{"level":"info","message":"⌛ Validating parciales/elLegadoDeSoliamMurr/exiliado.wlk","timeElapsed":101,"timestamp":"2025-12-12T18:19:33.372Z"}
{"level":"info","message":"⌛ Building environment","timeElapsed":131,"timestamp":"2025-12-12T18:19:43.240Z"}
{"level":"info","message":"⌛ Validating parciales/elLegadoDeSoliamMurr/exiliado.wlk","timeElapsed":112,"timestamp":"2025-12-12T18:19:43.476Z"}
{"level":"info","message":"⌛ Validating parciales/elLegadoDeSoliamMurr/exiliado.wlk","timeElapsed":122,"timestamp":"2025-12-12T18:19:43.777Z"}
{"level":"info","message":"⌛ Validating parciales/elLegadoDeSoliamMurr/exiliado.wlk","timeElapsed":115,"timestamp":"2025-12-12T18:19:44.023Z"}
{"level":"info","message":"⌛ Validating parciales/elLegadoDeSoliamMurr/exiliado.wlk","timeElapsed":108,"timestamp":"2025-12-12T18:19:44.221Z"}
{"level":"info","message":"⌛ Validating parciales/elLegadoDeSoliamMurr/exiliado.wlk","timeElapsed":113,"timestamp":"2025-12-12T18:19:44.334Z"}
{"level":"info","message":"⌛ Validating parciales/elLegadoDeSoliamMurr/exiliado.wlk","timeElapsed":106,"timestamp":"2025-12-12T18:19:44.444Z"}
{"level":"info","message":"⌛ Validating parciales/elLegadoDeSoliamMurr/exiliado.wlk","timeElapsed":131,"timestamp":"2025-12-12T18:19:44.811Z"}
{"level":"info","message":"⌛ Validating parciales/elLegadoDeSoliamMurr/exiliado.wlk","timeElapsed":108,"timestamp":"2025-12-12T18:19:45.736Z"}
{"level":"info","message":"⌛ Building environment","timeElapsed":127,"timestamp":"2025-12-12T18:19:51.749Z"}
{"level":"info","message":"⌛ Validating parciales/elLegadoDeSoliamMurr/exiliado.wlk","timeElapsed":114,"timestamp":"2025-12-12T18:19:51.864Z"}
{"level":"info","message":"⌛ Building environment","timeElapsed":103,"timestamp":"2025-12-12T18:19:52.070Z"}
{"level":"info","message":"⌛ Validating parciales/elLegadoDeSoliamMurr/exiliado.wlk","timeElapsed":115,"timestamp":"2025-12-12T18:19:52.219Z"}
{"level":"info","message":"⌛ Validating parciales/elLegadoDeSoliamMurr/exiliado.wlk","timeElapsed":110,"timestamp":"2025-12-12T18:19:52.453Z"}
{"level":"info","message":"⌛ Building environment","timeElapsed":127,"timestamp":"2025-12-12T18:19:53.193Z"}
{"level":"info","message":"⌛ Validating parciales/elLegadoDeSoliamMurr/exiliado.wlk","timeElapsed":150,"timestamp":"2025-12-12T18:19:53.344Z"}
{"level":"info","message":"⌛ Building environment","timeElapsed":112,"timestamp":"2025-12-12T18:19:54.135Z"}
{"level":"info","message":"⌛ Validating parciales/elLegadoDeSoliamMurr/exiliado.wlk","timeElapsed":107,"timestamp":"2025-12-12T18:19:54.273Z"}
{"level":"info","message":"⌛ Validating parciales/elLegadoDeSoliamMurr/exiliado.wlk","timeElapsed":118,"timestamp":"2025-12-12T18:19:54.520Z"}
{"level":"info","message":"⌛ Building environment","timeElapsed":113,"timestamp":"2025-12-12T18:19:54.714Z"}
{"level":"info","message":"⌛ Validating parciales/elLegadoDeSoliamMurr/exiliado.wlk","timeElapsed":102,"timestamp":"2025-12-12T18:19:54.847Z"}
{"level":"info","message":"⌛ Validating parciales/elLegadoDeSoliamMurr/exiliado.wlk","timeElapsed":120,"timestamp":"2025-12-12T18:19:55.236Z"}
{"level":"info","message":"⌛ Validating parciales/elLegadoDeSoliamMurr/exiliado.wlk","timeElapsed":132,"timestamp":"2025-12-12T18:19:55.468Z"}
{"level":"info","message":"⌛ Validating parciales/elLegadoDeSoliamMurr/exiliado.wlk","timeElapsed":117,"timestamp":"2025-12-12T18:19:55.807Z"}
{"level":"info","message":"⌛ Validating parciales/elLegadoDeSoliamMurr/exiliado.wlk","timeElapsed":112,"timestamp":"2025-12-12T18:19:55.919Z"}
{"level":"info","message":"⌛ Building environment","timeElapsed":117,"timestamp":"2025-12-12T18:19:56.848Z"}
{"level":"info","message":"⌛ Validating parciales/elLegadoDeSoliamMurr/exiliado.wlk","timeElapsed":115,"timestamp":"2025-12-12T18:19:57.081Z"}
{"level":"info","message":"⌛ Validating parciales/elLegadoDeSoliamMurr/exiliado.wlk","timeElapsed":110,"timestamp":"2025-12-12T18:19:57.191Z"}
{"level":"info","message":"⌛ Validating parciales/elLegadoDeSoliamMurr/exiliado.wlk","timeElapsed":113,"timestamp":"2025-12-12T18:19:57.426Z"}
{"level":"info","message":"⌛ Building environment","timeElapsed":153,"timestamp":"2025-12-12T18:19:57.580Z"}
{"level":"info","message":"⌛ Building environment","timeElapsed":101,"timestamp":"2025-12-12T18:19:57.687Z"}
{"level":"info","message":"⌛ Validating parciales/elLegadoDeSoliamMurr/exiliado.wlk","timeElapsed":125,"timestamp":"2025-12-12T18:19:57.813Z"}
{"level":"info","message":"⌛ Validating parciales/elLegadoDeSoliamMurr/exiliado.wlk","timeElapsed":106,"timestamp":"2025-12-12T18:19:58.000Z"}
{"level":"info","message":"⌛ Validating parciales/elLegadoDeSoliamMurr/exiliado.wlk","timeElapsed":111,"timestamp":"2025-12-12T18:19:58.197Z"}
{"level":"info","message":"⌛ Validating parciales/elLegadoDeSoliamMurr/exiliado.wlk","timeElapsed":107,"timestamp":"2025-12-12T18:19:58.388Z"}
{"level":"info","message":"⌛ Building environment","timeElapsed":110,"timestamp":"2025-12-12T18:19:58.834Z"}
{"level":"info","message":"⌛ Validating parciales/elLegadoDeSoliamMurr/exiliado.wlk","timeElapsed":155,"timestamp":"2025-12-12T18:19:59.020Z"}
{"level":"info","message":"⌛ Validating parciales/elLegadoDeSoliamMurr/exiliado.wlk","timeElapsed":110,"timestamp":"2025-12-12T18:19:59.305Z"}
{"level":"info","message":"⌛ Validating parciales/elLegadoDeSoliamMurr/exiliado.wlk","timeElapsed":143,"timestamp":"2025-12-12T18:19:59.449Z"}
{"level":"info","message":"⌛ Validating parciales/elLegadoDeSoliamMurr/exiliado.wlk","timeElapsed":111,"timestamp":"2025-12-12T18:19:59.667Z"}
{"level":"info","message":"⌛ Building environment","timeElapsed":120,"timestamp":"2025-12-12T18:19:59.851Z"}
{"level":"info","message":"⌛ Validating parciales/elLegadoDeSoliamMurr/exiliado.wlk","timeElapsed":112,"timestamp":"2025-12-12T18:19:59.964Z"}
{"level":"info","message":"⌛ Validating parciales/elLegadoDeSoliamMurr/exiliado.wlk","timeElapsed":106,"timestamp":"2025-12-12T18:20:00.240Z"}
{"level":"info","message":"⌛ Building environment","timeElapsed":115,"timestamp":"2025-12-12T18:20:01.732Z"}
{"level":"info","message":"⌛ Validating parciales/elLegadoDeSoliamMurr/exiliado.wlk","timeElapsed":106,"timestamp":"2025-12-12T18:20:01.839Z"}
{"level":"info","message":"⌛ Building environment","timeElapsed":102,"timestamp":"2025-12-12T18:20:22.555Z"}
{"level":"info","message":"⌛ Validating parciales/elLegadoDeSoliamMurr/exiliado.wlk","timeElapsed":135,"timestamp":"2025-12-12T18:20:22.692Z"}
{"level":"info","message":"⌛ Building environment","timeElapsed":124,"timestamp":"2025-12-12T18:20:23.410Z"}
{"level":"info","message":"⌛ Building environment","timeElapsed":108,"timestamp":"2025-12-12T18:20:23.553Z"}
{"level":"info","message":"⌛ Validating parciales/elLegadoDeSoliamMurr/exiliado.wlk","timeElapsed":124,"timestamp":"2025-12-12T18:20:23.677Z"}
{"level":"info","message":"⌛ Validating parciales/elLegadoDeSoliamMurr/exiliado.wlk","timeElapsed":141,"timestamp":"2025-12-12T18:20:23.998Z"}
{"level":"info","message":"⌛ Building environment","timeElapsed":101,"timestamp":"2025-12-12T18:20:24.302Z"}
{"level":"info","message":"⌛ Validating parciales/elLegadoDeSoliamMurr/exiliado.wlk","timeElapsed":117,"timestamp":"2025-12-12T18:20:24.423Z"}
{"level":"info","message":"⌛ Building environment","timeElapsed":111,"timestamp":"2025-12-12T18:20:25.250Z"}
{"level":"info","message":"⌛ Validating parciales/elLegadoDeSoliamMurr/exiliado.wlk","timeElapsed":108,"timestamp":"2025-12-12T18:20:25.383Z"}
{"level":"info","message":"⌛ Building environment","timeElapsed":105,"timestamp":"2025-12-12T18:20:25.889Z"}
{"level":"info","message":"⌛ Building environment","timeElapsed":107,"timestamp":"2025-12-12T18:20:26.031Z"}
{"level":"info","message":"⌛ Validating parciales/elLegadoDeSoliamMurr/exiliado.wlk","timeElapsed":112,"timestamp":"2025-12-12T18:20:26.144Z"}
{"level":"info","message":"⌛ Validating parciales/elLegadoDeSoliamMurr/exiliado.wlk","timeElapsed":144,"timestamp":"2025-12-12T18:20:26.288Z"}
{"level":"info","message":"⌛ Validating parciales/elLegadoDeSoliamMurr/exiliado.wlk","timeElapsed":138,"timestamp":"2025-12-12T18:20:26.627Z"}
{"level":"info","message":"⌛ Validating parciales/elLegadoDeSoliamMurr/exiliado.wlk","timeElapsed":113,"timestamp":"2025-12-12T18:20:26.821Z"}
{"level":"info","message":"⌛ Validating parciales/elLegadoDeSoliamMurr/exiliado.wlk","timeElapsed":101,"timestamp":"2025-12-12T18:20:26.928Z"}
{"level":"info","message":"⌛ Validating parciales/elLegadoDeSoliamMurr/exiliado.wlk","timeElapsed":109,"timestamp":"2025-12-12T18:20:27.233Z"}
{"level":"info","message":"⌛ Building environment","timeElapsed":117,"timestamp":"2025-12-12T18:20:27.350Z"}
{"level":"info","message":"⌛ Validating parciales/elLegadoDeSoliamMurr/exiliado.wlk","timeElapsed":118,"timestamp":"2025-12-12T18:20:27.492Z"}
{"level":"info","message":"⌛ Building environment","timeElapsed":106,"timestamp":"2025-12-12T18:20:28.322Z"}
{"level":"info","message":"⌛ Validating parciales/elLegadoDeSoliamMurr/exiliado.wlk","timeElapsed":113,"timestamp":"2025-12-12T18:20:28.436Z"}
{"level":"error","message":"✘ Failed to rebuild document Failed to parse parciales/elLegadoDeSoliamMurr/exiliado.wlk: \n-- PARSING FAILED --------------------------------------------------\n\n  48 | }\n  49 | \n> 50 | class Diablillo i {\n     |                 ^\n  51 |   \n  52 | }\n\nExpected one of the following: \n\n'inherits', '{', whitespace\n","stack":"Error: Failed to parse parciales/elLegadoDeSoliamMurr/exiliado.wlk: \n-- PARSING FAILED --------------------------------------------------\n\n  48 | }\n  49 | \n> 50 | class Diablillo i {\n     |                 ^\n  51 |   \n  52 | }\n\nExpected one of the following: \n\n'inherits', '{', whitespace\n\n    at c:\\Users\\egoytendia\\.vscode\\extensions\\uqbar.wollok-lsp-ide-0.5.3\\out\\server\\src\\server.js:2348:13026\n    at Array.map (<anonymous>)\n    at W1n (c:\\Users\\egoytendia\\.vscode\\extensions\\uqbar.wollok-lsp-ide-0.5.3\\out\\server\\src\\server.js:2348:12950)\n    at U2.buildEnvironmentFrom (c:\\Users\\egoytendia\\.vscode\\extensions\\uqbar.wollok-lsp-ide-0.5.3\\out\\server\\src\\server.js:2393:5254)\n    at U2.updateEnvironmentWith (c:\\Users\\egoytendia\\.vscode\\extensions\\uqbar.wollok-lsp-ide-0.5.3\\out\\server\\src\\server.js:2393:4989)\n    at JF (c:\\Users\\egoytendia\\.vscode\\extensions\\uqbar.wollok-lsp-ide-0.5.3\\out\\server\\src\\server.js:2393:7383)\n    at F3.invoke (c:\\Users\\egoytendia\\.vscode\\extensions\\uqbar.wollok-lsp-ide-0.5.3\\out\\server\\src\\server.js:3:157334)\n    at o.fire (c:\\Users\\egoytendia\\.vscode\\extensions\\uqbar.wollok-lsp-ide-0.5.3\\out\\server\\src\\server.js:3:158104)\n    at c:\\Users\\egoytendia\\.vscode\\extensions\\uqbar.wollok-lsp-ide-0.5.3\\out\\server\\src\\server.js:37:57871\n    at Zr (c:\\Users\\egoytendia\\.vscode\\extensions\\uqbar.wollok-lsp-ide-0.5.3\\out\\server\\src\\server.js:8:1561)","timestamp":"2025-12-12T18:20:28.444Z"}
{"level":"error","message":"✘ Failed to rebuild document Failed to parse parciales/elLegadoDeSoliamMurr/exiliado.wlk: \n-- PARSING FAILED --------------------------------------------------\n\n  48 | }\n  49 | \n> 50 | class Diablillo in {\n     |                 ^\n  51 |   \n  52 | }\n\nExpected one of the following: \n\n'inherits', '{', whitespace\n","stack":"Error: Failed to parse parciales/elLegadoDeSoliamMurr/exiliado.wlk: \n-- PARSING FAILED --------------------------------------------------\n\n  48 | }\n  49 | \n> 50 | class Diablillo in {\n     |                 ^\n  51 |   \n  52 | }\n\nExpected one of the following: \n\n'inherits', '{', whitespace\n\n    at c:\\Users\\egoytendia\\.vscode\\extensions\\uqbar.wollok-lsp-ide-0.5.3\\out\\server\\src\\server.js:2348:13026\n    at Array.map (<anonymous>)\n    at W1n (c:\\Users\\egoytendia\\.vscode\\extensions\\uqbar.wollok-lsp-ide-0.5.3\\out\\server\\src\\server.js:2348:12950)\n    at U2.buildEnvironmentFrom (c:\\Users\\egoytendia\\.vscode\\extensions\\uqbar.wollok-lsp-ide-0.5.3\\out\\server\\src\\server.js:2393:5254)\n    at U2.updateEnvironmentWith (c:\\Users\\egoytendia\\.vscode\\extensions\\uqbar.wollok-lsp-ide-0.5.3\\out\\server\\src\\server.js:2393:4989)\n    at JF (c:\\Users\\egoytendia\\.vscode\\extensions\\uqbar.wollok-lsp-ide-0.5.3\\out\\server\\src\\server.js:2393:7383)\n    at F3.invoke (c:\\Users\\egoytendia\\.vscode\\extensions\\uqbar.wollok-lsp-ide-0.5.3\\out\\server\\src\\server.js:3:157334)\n    at o.fire (c:\\Users\\egoytendia\\.vscode\\extensions\\uqbar.wollok-lsp-ide-0.5.3\\out\\server\\src\\server.js:3:158104)\n    at c:\\Users\\egoytendia\\.vscode\\extensions\\uqbar.wollok-lsp-ide-0.5.3\\out\\server\\src\\server.js:37:57871\n    at Zr (c:\\Users\\egoytendia\\.vscode\\extensions\\uqbar.wollok-lsp-ide-0.5.3\\out\\server\\src\\server.js:8:1561)","timestamp":"2025-12-12T18:20:28.479Z"}
{"level":"error","message":"✘ Failed to rebuild document Failed to parse parciales/elLegadoDeSoliamMurr/exiliado.wlk: \n-- PARSING FAILED --------------------------------------------------\n\n  48 | }\n  49 | \n> 50 | class Diablillo inh {\n     |                 ^\n  51 |   \n  52 | }\n\nExpected one of the following: \n\n'inherits', '{', whitespace\n","stack":"Error: Failed to parse parciales/elLegadoDeSoliamMurr/exiliado.wlk: \n-- PARSING FAILED --------------------------------------------------\n\n  48 | }\n  49 | \n> 50 | class Diablillo inh {\n     |                 ^\n  51 |   \n  52 | }\n\nExpected one of the following: \n\n'inherits', '{', whitespace\n\n    at c:\\Users\\egoytendia\\.vscode\\extensions\\uqbar.wollok-lsp-ide-0.5.3\\out\\server\\src\\server.js:2348:13026\n    at Array.map (<anonymous>)\n    at W1n (c:\\Users\\egoytendia\\.vscode\\extensions\\uqbar.wollok-lsp-ide-0.5.3\\out\\server\\src\\server.js:2348:12950)\n    at U2.buildEnvironmentFrom (c:\\Users\\egoytendia\\.vscode\\extensions\\uqbar.wollok-lsp-ide-0.5.3\\out\\server\\src\\server.js:2393:5254)\n    at U2.updateEnvironmentWith (c:\\Users\\egoytendia\\.vscode\\extensions\\uqbar.wollok-lsp-ide-0.5.3\\out\\server\\src\\server.js:2393:4989)\n    at JF (c:\\Users\\egoytendia\\.vscode\\extensions\\uqbar.wollok-lsp-ide-0.5.3\\out\\server\\src\\server.js:2393:7383)\n    at F3.invoke (c:\\Users\\egoytendia\\.vscode\\extensions\\uqbar.wollok-lsp-ide-0.5.3\\out\\server\\src\\server.js:3:157334)\n    at o.fire (c:\\Users\\egoytendia\\.vscode\\extensions\\uqbar.wollok-lsp-ide-0.5.3\\out\\server\\src\\server.js:3:158104)\n    at c:\\Users\\egoytendia\\.vscode\\extensions\\uqbar.wollok-lsp-ide-0.5.3\\out\\server\\src\\server.js:37:57871\n    at Zr (c:\\Users\\egoytendia\\.vscode\\extensions\\uqbar.wollok-lsp-ide-0.5.3\\out\\server\\src\\server.js:8:1561)","timestamp":"2025-12-12T18:20:28.628Z"}
{"level":"error","message":"✘ Failed to rebuild document Failed to parse parciales/elLegadoDeSoliamMurr/exiliado.wlk: \n-- PARSING FAILED --------------------------------------------------\n\n  48 | }\n  49 | \n> 50 | class Diablillo inhe {\n     |                 ^\n  51 |   \n  52 | }\n\nExpected one of the following: \n\n'inherits', '{', whitespace\n","stack":"Error: Failed to parse parciales/elLegadoDeSoliamMurr/exiliado.wlk: \n-- PARSING FAILED --------------------------------------------------\n\n  48 | }\n  49 | \n> 50 | class Diablillo inhe {\n     |                 ^\n  51 |   \n  52 | }\n\nExpected one of the following: \n\n'inherits', '{', whitespace\n\n    at c:\\Users\\egoytendia\\.vscode\\extensions\\uqbar.wollok-lsp-ide-0.5.3\\out\\server\\src\\server.js:2348:13026\n    at Array.map (<anonymous>)\n    at W1n (c:\\Users\\egoytendia\\.vscode\\extensions\\uqbar.wollok-lsp-ide-0.5.3\\out\\server\\src\\server.js:2348:12950)\n    at U2.buildEnvironmentFrom (c:\\Users\\egoytendia\\.vscode\\extensions\\uqbar.wollok-lsp-ide-0.5.3\\out\\server\\src\\server.js:2393:5254)\n    at U2.updateEnvironmentWith (c:\\Users\\egoytendia\\.vscode\\extensions\\uqbar.wollok-lsp-ide-0.5.3\\out\\server\\src\\server.js:2393:4989)\n    at JF (c:\\Users\\egoytendia\\.vscode\\extensions\\uqbar.wollok-lsp-ide-0.5.3\\out\\server\\src\\server.js:2393:7383)\n    at F3.invoke (c:\\Users\\egoytendia\\.vscode\\extensions\\uqbar.wollok-lsp-ide-0.5.3\\out\\server\\src\\server.js:3:157334)\n    at o.fire (c:\\Users\\egoytendia\\.vscode\\extensions\\uqbar.wollok-lsp-ide-0.5.3\\out\\server\\src\\server.js:3:158104)\n    at c:\\Users\\egoytendia\\.vscode\\extensions\\uqbar.wollok-lsp-ide-0.5.3\\out\\server\\src\\server.js:37:57871\n    at Zr (c:\\Users\\egoytendia\\.vscode\\extensions\\uqbar.wollok-lsp-ide-0.5.3\\out\\server\\src\\server.js:8:1561)","timestamp":"2025-12-12T18:20:28.718Z"}
{"level":"error","message":"✘ Failed to rebuild document Failed to parse parciales/elLegadoDeSoliamMurr/exiliado.wlk: \n-- PARSING FAILED --------------------------------------------------\n\n  48 | }\n  49 | \n> 50 | class Diablillo inher {\n     |                 ^\n  51 |   \n  52 | }\n\nExpected one of the following: \n\n'inherits', '{', whitespace\n","stack":"Error: Failed to parse parciales/elLegadoDeSoliamMurr/exiliado.wlk: \n-- PARSING FAILED --------------------------------------------------\n\n  48 | }\n  49 | \n> 50 | class Diablillo inher {\n     |                 ^\n  51 |   \n  52 | }\n\nExpected one of the following: \n\n'inherits', '{', whitespace\n\n    at c:\\Users\\egoytendia\\.vscode\\extensions\\uqbar.wollok-lsp-ide-0.5.3\\out\\server\\src\\server.js:2348:13026\n    at Array.map (<anonymous>)\n    at W1n (c:\\Users\\egoytendia\\.vscode\\extensions\\uqbar.wollok-lsp-ide-0.5.3\\out\\server\\src\\server.js:2348:12950)\n    at U2.buildEnvironmentFrom (c:\\Users\\egoytendia\\.vscode\\extensions\\uqbar.wollok-lsp-ide-0.5.3\\out\\server\\src\\server.js:2393:5254)\n    at U2.updateEnvironmentWith (c:\\Users\\egoytendia\\.vscode\\extensions\\uqbar.wollok-lsp-ide-0.5.3\\out\\server\\src\\server.js:2393:4989)\n    at JF (c:\\Users\\egoytendia\\.vscode\\extensions\\uqbar.wollok-lsp-ide-0.5.3\\out\\server\\src\\server.js:2393:7383)\n    at F3.invoke (c:\\Users\\egoytendia\\.vscode\\extensions\\uqbar.wollok-lsp-ide-0.5.3\\out\\server\\src\\server.js:3:157334)\n    at o.fire (c:\\Users\\egoytendia\\.vscode\\extensions\\uqbar.wollok-lsp-ide-0.5.3\\out\\server\\src\\server.js:3:158104)\n    at c:\\Users\\egoytendia\\.vscode\\extensions\\uqbar.wollok-lsp-ide-0.5.3\\out\\server\\src\\server.js:37:57871\n    at Zr (c:\\Users\\egoytendia\\.vscode\\extensions\\uqbar.wollok-lsp-ide-0.5.3\\out\\server\\src\\server.js:8:1561)","timestamp":"2025-12-12T18:20:28.841Z"}
{"level":"error","message":"✘ Failed to rebuild document Failed to parse parciales/elLegadoDeSoliamMurr/exiliado.wlk: \n-- PARSING FAILED --------------------------------------------------\n\n  48 | }\n  49 | \n> 50 | class Diablillo inheri {\n     |                 ^\n  51 |   \n  52 | }\n\nExpected one of the following: \n\n'inherits', '{', whitespace\n","stack":"Error: Failed to parse parciales/elLegadoDeSoliamMurr/exiliado.wlk: \n-- PARSING FAILED --------------------------------------------------\n\n  48 | }\n  49 | \n> 50 | class Diablillo inheri {\n     |                 ^\n  51 |   \n  52 | }\n\nExpected one of the following: \n\n'inherits', '{', whitespace\n\n    at c:\\Users\\egoytendia\\.vscode\\extensions\\uqbar.wollok-lsp-ide-0.5.3\\out\\server\\src\\server.js:2348:13026\n    at Array.map (<anonymous>)\n    at W1n (c:\\Users\\egoytendia\\.vscode\\extensions\\uqbar.wollok-lsp-ide-0.5.3\\out\\server\\src\\server.js:2348:12950)\n    at U2.buildEnvironmentFrom (c:\\Users\\egoytendia\\.vscode\\extensions\\uqbar.wollok-lsp-ide-0.5.3\\out\\server\\src\\server.js:2393:5254)\n    at U2.updateEnvironmentWith (c:\\Users\\egoytendia\\.vscode\\extensions\\uqbar.wollok-lsp-ide-0.5.3\\out\\server\\src\\server.js:2393:4989)\n    at JF (c:\\Users\\egoytendia\\.vscode\\extensions\\uqbar.wollok-lsp-ide-0.5.3\\out\\server\\src\\server.js:2393:7383)\n    at F3.invoke (c:\\Users\\egoytendia\\.vscode\\extensions\\uqbar.wollok-lsp-ide-0.5.3\\out\\server\\src\\server.js:3:157334)\n    at o.fire (c:\\Users\\egoytendia\\.vscode\\extensions\\uqbar.wollok-lsp-ide-0.5.3\\out\\server\\src\\server.js:3:158104)\n    at c:\\Users\\egoytendia\\.vscode\\extensions\\uqbar.wollok-lsp-ide-0.5.3\\out\\server\\src\\server.js:37:57871\n    at Zr (c:\\Users\\egoytendia\\.vscode\\extensions\\uqbar.wollok-lsp-ide-0.5.3\\out\\server\\src\\server.js:8:1561)","timestamp":"2025-12-12T18:20:28.952Z"}
{"level":"error","message":"✘ Failed to rebuild document Failed to parse parciales/elLegadoDeSoliamMurr/exiliado.wlk: \n-- PARSING FAILED --------------------------------------------------\n\n  48 | }\n  49 | \n> 50 | class Diablillo inherit {\n     |                 ^\n  51 |   \n  52 | }\n\nExpected one of the following: \n\n'inherits', '{', whitespace\n","stack":"Error: Failed to parse parciales/elLegadoDeSoliamMurr/exiliado.wlk: \n-- PARSING FAILED --------------------------------------------------\n\n  48 | }\n  49 | \n> 50 | class Diablillo inherit {\n     |                 ^\n  51 |   \n  52 | }\n\nExpected one of the following: \n\n'inherits', '{', whitespace\n\n    at c:\\Users\\egoytendia\\.vscode\\extensions\\uqbar.wollok-lsp-ide-0.5.3\\out\\server\\src\\server.js:2348:13026\n    at Array.map (<anonymous>)\n    at W1n (c:\\Users\\egoytendia\\.vscode\\extensions\\uqbar.wollok-lsp-ide-0.5.3\\out\\server\\src\\server.js:2348:12950)\n    at U2.buildEnvironmentFrom (c:\\Users\\egoytendia\\.vscode\\extensions\\uqbar.wollok-lsp-ide-0.5.3\\out\\server\\src\\server.js:2393:5254)\n    at U2.updateEnvironmentWith (c:\\Users\\egoytendia\\.vscode\\extensions\\uqbar.wollok-lsp-ide-0.5.3\\out\\server\\src\\server.js:2393:4989)\n    at JF (c:\\Users\\egoytendia\\.vscode\\extensions\\uqbar.wollok-lsp-ide-0.5.3\\out\\server\\src\\server.js:2393:7383)\n    at F3.invoke (c:\\Users\\egoytendia\\.vscode\\extensions\\uqbar.wollok-lsp-ide-0.5.3\\out\\server\\src\\server.js:3:157334)\n    at o.fire (c:\\Users\\egoytendia\\.vscode\\extensions\\uqbar.wollok-lsp-ide-0.5.3\\out\\server\\src\\server.js:3:158104)\n    at c:\\Users\\egoytendia\\.vscode\\extensions\\uqbar.wollok-lsp-ide-0.5.3\\out\\server\\src\\server.js:37:57871\n    at Zr (c:\\Users\\egoytendia\\.vscode\\extensions\\uqbar.wollok-lsp-ide-0.5.3\\out\\server\\src\\server.js:8:1561)","timestamp":"2025-12-12T18:20:29.013Z"}
{"level":"error","message":"✘ Failed to rebuild document Failed to parse parciales/elLegadoDeSoliamMurr/exiliado.wlk: \n-- PARSING FAILED --------------------------------------------------\n\n  48 | }\n  49 | \n> 50 | class Diablillo inherits {\n     |                          ^\n  51 |   \n  52 | }\n\nExpected one of the following: \n\n'@', comment, identifier, package identifier, whitespace\n","stack":"Error: Failed to parse parciales/elLegadoDeSoliamMurr/exiliado.wlk: \n-- PARSING FAILED --------------------------------------------------\n\n  48 | }\n  49 | \n> 50 | class Diablillo inherits {\n     |                          ^\n  51 |   \n  52 | }\n\nExpected one of the following: \n\n'@', comment, identifier, package identifier, whitespace\n\n    at c:\\Users\\egoytendia\\.vscode\\extensions\\uqbar.wollok-lsp-ide-0.5.3\\out\\server\\src\\server.js:2348:13026\n    at Array.map (<anonymous>)\n    at W1n (c:\\Users\\egoytendia\\.vscode\\extensions\\uqbar.wollok-lsp-ide-0.5.3\\out\\server\\src\\server.js:2348:12950)\n    at U2.buildEnvironmentFrom (c:\\Users\\egoytendia\\.vscode\\extensions\\uqbar.wollok-lsp-ide-0.5.3\\out\\server\\src\\server.js:2393:5254)\n    at U2.updateEnvironmentWith (c:\\Users\\egoytendia\\.vscode\\extensions\\uqbar.wollok-lsp-ide-0.5.3\\out\\server\\src\\server.js:2393:4989)\n    at JF (c:\\Users\\egoytendia\\.vscode\\extensions\\uqbar.wollok-lsp-ide-0.5.3\\out\\server\\src\\server.js:2393:7383)\n    at F3.invoke (c:\\Users\\egoytendia\\.vscode\\extensions\\uqbar.wollok-lsp-ide-0.5.3\\out\\server\\src\\server.js:3:157334)\n    at o.fire (c:\\Users\\egoytendia\\.vscode\\extensions\\uqbar.wollok-lsp-ide-0.5.3\\out\\server\\src\\server.js:3:158104)\n    at c:\\Users\\egoytendia\\.vscode\\extensions\\uqbar.wollok-lsp-ide-0.5.3\\out\\server\\src\\server.js:37:57871\n    at Zr (c:\\Users\\egoytendia\\.vscode\\extensions\\uqbar.wollok-lsp-ide-0.5.3\\out\\server\\src\\server.js:8:1561)","timestamp":"2025-12-12T18:20:29.241Z"}
{"level":"error","message":"✘ Failed to rebuild document Failed to parse parciales/elLegadoDeSoliamMurr/exiliado.wlk: \n-- PARSING FAILED --------------------------------------------------\n\n  48 | }\n  49 | \n> 50 | class Diablillo inherits  {\n     |                           ^\n  51 |   \n  52 | }\n\nExpected one of the following: \n\n'@', comment, identifier, package identifier, whitespace\n","stack":"Error: Failed to parse parciales/elLegadoDeSoliamMurr/exiliado.wlk: \n-- PARSING FAILED --------------------------------------------------\n\n  48 | }\n  49 | \n> 50 | class Diablillo inherits  {\n     |                           ^\n  51 |   \n  52 | }\n\nExpected one of the following: \n\n'@', comment, identifier, package identifier, whitespace\n\n    at c:\\Users\\egoytendia\\.vscode\\extensions\\uqbar.wollok-lsp-ide-0.5.3\\out\\server\\src\\server.js:2348:13026\n    at Array.map (<anonymous>)\n    at W1n (c:\\Users\\egoytendia\\.vscode\\extensions\\uqbar.wollok-lsp-ide-0.5.3\\out\\server\\src\\server.js:2348:12950)\n    at U2.buildEnvironmentFrom (c:\\Users\\egoytendia\\.vscode\\extensions\\uqbar.wollok-lsp-ide-0.5.3\\out\\server\\src\\server.js:2393:5254)\n    at U2.updateEnvironmentWith (c:\\Users\\egoytendia\\.vscode\\extensions\\uqbar.wollok-lsp-ide-0.5.3\\out\\server\\src\\server.js:2393:4989)\n    at JF (c:\\Users\\egoytendia\\.vscode\\extensions\\uqbar.wollok-lsp-ide-0.5.3\\out\\server\\src\\server.js:2393:7383)\n    at F3.invoke (c:\\Users\\egoytendia\\.vscode\\extensions\\uqbar.wollok-lsp-ide-0.5.3\\out\\server\\src\\server.js:3:157334)\n    at o.fire (c:\\Users\\egoytendia\\.vscode\\extensions\\uqbar.wollok-lsp-ide-0.5.3\\out\\server\\src\\server.js:3:158104)\n    at c:\\Users\\egoytendia\\.vscode\\extensions\\uqbar.wollok-lsp-ide-0.5.3\\out\\server\\src\\server.js:37:57871\n    at Zr (c:\\Users\\egoytendia\\.vscode\\extensions\\uqbar.wollok-lsp-ide-0.5.3\\out\\server\\src\\server.js:8:1561)","timestamp":"2025-12-12T18:20:29.421Z"}
{"level":"info","message":"⌛ Building environment","timeElapsed":123,"timestamp":"2025-12-12T18:20:30.179Z"}
{"level":"error","message":"✘ Completions for node ParameterizedType ([50:26, 50:27] - parciales/elLegadoDeSoliamMurr/exiliado.wlk) failed: Error: [ParameterizedType]{a498b3} at parciales/elLegadoDeSoliamMurr/exiliado.wlk:50 exhausted all cases without a match [ParameterizedType]{a498b3} at parciales/elLegadoDeSoliamMurr/exiliado.wlk:50 exhausted all cases without a match","stack":"Error: [ParameterizedType]{a498b3} at parciales/elLegadoDeSoliamMurr/exiliado.wlk:50 exhausted all cases without a match\n    at c:\\Users\\egoytendia\\.vscode\\extensions\\uqbar.wollok-lsp-ide-0.5.3\\out\\server\\src\\server.js:38:6142\n    at D2 (c:\\Users\\egoytendia\\.vscode\\extensions\\uqbar.wollok-lsp-ide-0.5.3\\out\\server\\src\\server.js:2384:42)\n    at Qh (c:\\Users\\egoytendia\\.vscode\\extensions\\uqbar.wollok-lsp-ide-0.5.3\\out\\server\\src\\server.js:2384:1092)\n    at k6n (c:\\Users\\egoytendia\\.vscode\\extensions\\uqbar.wollok-lsp-ide-0.5.3\\out\\server\\src\\server.js:2384:1248)\n    at c:\\Users\\egoytendia\\.vscode\\extensions\\uqbar.wollok-lsp-ide-0.5.3\\out\\server\\src\\server.js:38:6131\n    at D2 (c:\\Users\\egoytendia\\.vscode\\extensions\\uqbar.wollok-lsp-ide-0.5.3\\out\\server\\src\\server.js:2384:42)\n    at c:\\Users\\egoytendia\\.vscode\\extensions\\uqbar.wollok-lsp-ide-0.5.3\\out\\server\\src\\server.js:2384:2988\n    at c:\\Users\\egoytendia\\.vscode\\extensions\\uqbar.wollok-lsp-ide-0.5.3\\out\\server\\src\\server.js:2393:8440\n    at c:\\Users\\egoytendia\\.vscode\\extensions\\uqbar.wollok-lsp-ide-0.5.3\\out\\server\\src\\server.js:37:74872\n    at Ye (c:\\Users\\egoytendia\\.vscode\\extensions\\uqbar.wollok-lsp-ide-0.5.3\\out\\server\\src\\server.js:7:8527)","timestamp":"2025-12-12T18:20:30.215Z"}
{"level":"info","message":"⌛ Validating parciales/elLegadoDeSoliamMurr/exiliado.wlk","timeElapsed":112,"timestamp":"2025-12-12T18:20:30.327Z"}
{"level":"info","message":"⌛ Validating parciales/elLegadoDeSoliamMurr/exiliado.wlk","timeElapsed":110,"timestamp":"2025-12-12T18:20:30.601Z"}
{"level":"info","message":"⌛ Validating parciales/elLegadoDeSoliamMurr/exiliado.wlk","timeElapsed":114,"timestamp":"2025-12-12T18:20:30.715Z"}
{"level":"info","message":"⌛ Validating parciales/elLegadoDeSoliamMurr/exiliado.wlk","timeElapsed":115,"timestamp":"2025-12-12T18:20:30.915Z"}
{"level":"info","message":"⌛ Validating parciales/elLegadoDeSoliamMurr/exiliado.wlk","timeElapsed":112,"timestamp":"2025-12-12T18:20:31.219Z"}
{"level":"info","message":"⌛ Building environment","timeElapsed":113,"timestamp":"2025-12-12T18:20:34.437Z"}
{"level":"info","message":"⌛ Validating parciales/elLegadoDeSoliamMurr/exiliado.wlk","timeElapsed":114,"timestamp":"2025-12-12T18:20:34.659Z"}
{"level":"info","message":"⌛ Validating parciales/elLegadoDeSoliamMurr/exiliado.wlk","timeElapsed":109,"timestamp":"2025-12-12T18:20:34.768Z"}
{"level":"info","message":"⌛ Validating parciales/elLegadoDeSoliamMurr/exiliado.wlk","timeElapsed":113,"timestamp":"2025-12-12T18:20:34.979Z"}
{"level":"info","message":"⌛ Validating parciales/elLegadoDeSoliamMurr/exiliado.wlk","timeElapsed":111,"timestamp":"2025-12-12T18:20:35.172Z"}
{"level":"info","message":"⌛ Validating parciales/elLegadoDeSoliamMurr/exiliado.wlk","timeElapsed":172,"timestamp":"2025-12-12T18:20:35.424Z"}
{"level":"info","message":"⌛ Building environment","timeElapsed":230,"timestamp":"2025-12-12T18:20:35.661Z"}
{"level":"info","message":"⌛ Validating parciales/elLegadoDeSoliamMurr/exiliado.wlk","timeElapsed":107,"timestamp":"2025-12-12T18:20:35.890Z"}
{"level":"info","message":"⌛ Validating parciales/elLegadoDeSoliamMurr/exiliado.wlk","timeElapsed":110,"timestamp":"2025-12-12T18:20:36.008Z"}
{"level":"info","message":"⌛ Building environment","timeElapsed":108,"timestamp":"2025-12-12T18:20:36.246Z"}
{"level":"info","message":"⌛ Validating parciales/elLegadoDeSoliamMurr/exiliado.wlk","timeElapsed":133,"timestamp":"2025-12-12T18:20:36.379Z"}
{"level":"info","message":"⌛ Building environment","timeElapsed":204,"timestamp":"2025-12-12T18:20:39.738Z"}
{"level":"info","message":"⌛ Validating parciales/elLegadoDeSoliamMurr/exiliado.wlk","timeElapsed":104,"timestamp":"2025-12-12T18:20:40.058Z"}
{"level":"info","message":"⌛ Validating parciales/elLegadoDeSoliamMurr/exiliado.wlk","timeElapsed":111,"timestamp":"2025-12-12T18:20:40.278Z"}
{"level":"info","message":"⌛ Building environment","timeElapsed":107,"timestamp":"2025-12-12T18:20:40.422Z"}
{"level":"info","message":"⌛ Validating parciales/elLegadoDeSoliamMurr/exiliado.wlk","timeElapsed":119,"timestamp":"2025-12-12T18:20:40.548Z"}
{"level":"info","message":"⌛ Validating parciales/elLegadoDeSoliamMurr/exiliado.wlk","timeElapsed":113,"timestamp":"2025-12-12T18:20:40.741Z"}
{"level":"info","message":"⌛ Building environment","timeElapsed":101,"timestamp":"2025-12-12T18:20:40.842Z"}
{"level":"info","message":"⌛ Validating parciales/elLegadoDeSoliamMurr/exiliado.wlk","timeElapsed":117,"timestamp":"2025-12-12T18:20:41.077Z"}
{"level":"info","message":"⌛ Validating parciales/elLegadoDeSoliamMurr/exiliado.wlk","timeElapsed":160,"timestamp":"2025-12-12T18:20:41.324Z"}
{"level":"info","message":"⌛ Building environment","timeElapsed":167,"timestamp":"2025-12-12T18:20:41.493Z"}
{"level":"info","message":"⌛ Building environment","timeElapsed":236,"timestamp":"2025-12-12T18:20:41.741Z"}
{"level":"info","message":"⌛ Validating parciales/elLegadoDeSoliamMurr/exiliado.wlk","timeElapsed":260,"timestamp":"2025-12-12T18:20:42.002Z"}
{"level":"info","message":"⌛ Building environment","timeElapsed":170,"timestamp":"2025-12-12T18:20:42.173Z"}
{"level":"info","message":"⌛ Validating parciales/elLegadoDeSoliamMurr/exiliado.wlk","timeElapsed":266,"timestamp":"2025-12-12T18:20:42.503Z"}
{"level":"info","message":"⌛ Validating parciales/elLegadoDeSoliamMurr/exiliado.wlk","timeElapsed":268,"timestamp":"2025-12-12T18:20:42.775Z"}
{"level":"info","message":"⌛ Validating parciales/elLegadoDeSoliamMurr/exiliado.wlk","timeElapsed":265,"timestamp":"2025-12-12T18:20:43.041Z"}
{"level":"info","message":"⌛ Validating parciales/elLegadoDeSoliamMurr/exiliado.wlk","timeElapsed":218,"timestamp":"2025-12-12T18:20:43.260Z"}
{"level":"info","message":"⌛ Validating parciales/elLegadoDeSoliamMurr/exiliado.wlk","timeElapsed":172,"timestamp":"2025-12-12T18:20:43.432Z"}
{"level":"info","message":"⌛ Building environment","timeElapsed":174,"timestamp":"2025-12-12T18:20:43.959Z"}
{"level":"info","message":"⌛ Validating parciales/elLegadoDeSoliamMurr/exiliado.wlk","timeElapsed":112,"timestamp":"2025-12-12T18:20:44.072Z"}
{"level":"info","message":"⌛ Building environment","timeElapsed":149,"timestamp":"2025-12-12T18:20:44.698Z"}
{"level":"info","message":"⌛ Validating parciales/elLegadoDeSoliamMurr/exiliado.wlk","timeElapsed":114,"timestamp":"2025-12-12T18:20:44.818Z"}
{"level":"info","message":"⌛ Building environment","timeElapsed":112,"timestamp":"2025-12-12T18:20:45.535Z"}
{"level":"error","message":"✘ Completions for node Parameter ([52:23, 52:24] - parciales/elLegadoDeSoliamMurr/exiliado.wlk) failed: Error: [Parameter]{a2037a} at parciales/elLegadoDeSoliamMurr/exiliado.wlk:52 exhausted all cases without a match [Parameter]{a2037a} at parciales/elLegadoDeSoliamMurr/exiliado.wlk:52 exhausted all cases without a match","stack":"Error: [Parameter]{a2037a} at parciales/elLegadoDeSoliamMurr/exiliado.wlk:52 exhausted all cases without a match\n    at c:\\Users\\egoytendia\\.vscode\\extensions\\uqbar.wollok-lsp-ide-0.5.3\\out\\server\\src\\server.js:38:6142\n    at D2 (c:\\Users\\egoytendia\\.vscode\\extensions\\uqbar.wollok-lsp-ide-0.5.3\\out\\server\\src\\server.js:2384:42)\n    at c:\\Users\\egoytendia\\.vscode\\extensions\\uqbar.wollok-lsp-ide-0.5.3\\out\\server\\src\\server.js:2384:2988\n    at c:\\Users\\egoytendia\\.vscode\\extensions\\uqbar.wollok-lsp-ide-0.5.3\\out\\server\\src\\server.js:2393:8440\n    at c:\\Users\\egoytendia\\.vscode\\extensions\\uqbar.wollok-lsp-ide-0.5.3\\out\\server\\src\\server.js:37:74872\n    at Ye (c:\\Users\\egoytendia\\.vscode\\extensions\\uqbar.wollok-lsp-ide-0.5.3\\out\\server\\src\\server.js:7:8527)\n    at qt (c:\\Users\\egoytendia\\.vscode\\extensions\\uqbar.wollok-lsp-ide-0.5.3\\out\\server\\src\\server.js:7:6189)\n    at ot (c:\\Users\\egoytendia\\.vscode\\extensions\\uqbar.wollok-lsp-ide-0.5.3\\out\\server\\src\\server.js:7:6378)\n    at Immediate._onImmediate (c:\\Users\\egoytendia\\.vscode\\extensions\\uqbar.wollok-lsp-ide-0.5.3\\out\\server\\src\\server.js:7:6142)\n    at process.processImmediate (node:internal/timers:485:21)","timestamp":"2025-12-12T18:20:45.562Z"}
{"level":"info","message":"⌛ Validating parciales/elLegadoDeSoliamMurr/exiliado.wlk","timeElapsed":110,"timestamp":"2025-12-12T18:20:45.676Z"}
{"level":"error","message":"✘ Completions for node Parameter ([52:23, 52:25] - parciales/elLegadoDeSoliamMurr/exiliado.wlk) failed: Error: [Parameter]{d656a0} at parciales/elLegadoDeSoliamMurr/exiliado.wlk:52 exhausted all cases without a match [Parameter]{d656a0} at parciales/elLegadoDeSoliamMurr/exiliado.wlk:52 exhausted all cases without a match","stack":"Error: [Parameter]{d656a0} at parciales/elLegadoDeSoliamMurr/exiliado.wlk:52 exhausted all cases without a match\n    at c:\\Users\\egoytendia\\.vscode\\extensions\\uqbar.wollok-lsp-ide-0.5.3\\out\\server\\src\\server.js:38:6142\n    at D2 (c:\\Users\\egoytendia\\.vscode\\extensions\\uqbar.wollok-lsp-ide-0.5.3\\out\\server\\src\\server.js:2384:42)\n    at c:\\Users\\egoytendia\\.vscode\\extensions\\uqbar.wollok-lsp-ide-0.5.3\\out\\server\\src\\server.js:2384:2988\n    at c:\\Users\\egoytendia\\.vscode\\extensions\\uqbar.wollok-lsp-ide-0.5.3\\out\\server\\src\\server.js:2393:8440\n    at c:\\Users\\egoytendia\\.vscode\\extensions\\uqbar.wollok-lsp-ide-0.5.3\\out\\server\\src\\server.js:37:74872\n    at Ye (c:\\Users\\egoytendia\\.vscode\\extensions\\uqbar.wollok-lsp-ide-0.5.3\\out\\server\\src\\server.js:7:8527)\n    at qt (c:\\Users\\egoytendia\\.vscode\\extensions\\uqbar.wollok-lsp-ide-0.5.3\\out\\server\\src\\server.js:7:6189)\n    at ot (c:\\Users\\egoytendia\\.vscode\\extensions\\uqbar.wollok-lsp-ide-0.5.3\\out\\server\\src\\server.js:7:6378)\n    at Immediate._onImmediate (c:\\Users\\egoytendia\\.vscode\\extensions\\uqbar.wollok-lsp-ide-0.5.3\\out\\server\\src\\server.js:7:6142)\n    at process.processImmediate (node:internal/timers:485:21)","timestamp":"2025-12-12T18:20:45.783Z"}
{"level":"info","message":"⌛ Validating parciales/elLegadoDeSoliamMurr/exiliado.wlk","timeElapsed":121,"timestamp":"2025-12-12T18:20:45.908Z"}
{"level":"error","message":"✘ Completions for node Parameter ([52:23, 52:27] - parciales/elLegadoDeSoliamMurr/exiliado.wlk) failed: Error: [Parameter]{5f8fa9} at parciales/elLegadoDeSoliamMurr/exiliado.wlk:52 exhausted all cases without a match [Parameter]{5f8fa9} at parciales/elLegadoDeSoliamMurr/exiliado.wlk:52 exhausted all cases without a match","stack":"Error: [Parameter]{5f8fa9} at parciales/elLegadoDeSoliamMurr/exiliado.wlk:52 exhausted all cases without a match\n    at c:\\Users\\egoytendia\\.vscode\\extensions\\uqbar.wollok-lsp-ide-0.5.3\\out\\server\\src\\server.js:38:6142\n    at D2 (c:\\Users\\egoytendia\\.vscode\\extensions\\uqbar.wollok-lsp-ide-0.5.3\\out\\server\\src\\server.js:2384:42)\n    at c:\\Users\\egoytendia\\.vscode\\extensions\\uqbar.wollok-lsp-ide-0.5.3\\out\\server\\src\\server.js:2384:2988\n    at c:\\Users\\egoytendia\\.vscode\\extensions\\uqbar.wollok-lsp-ide-0.5.3\\out\\server\\src\\server.js:2393:8440\n    at c:\\Users\\egoytendia\\.vscode\\extensions\\uqbar.wollok-lsp-ide-0.5.3\\out\\server\\src\\server.js:37:74872\n    at Ye (c:\\Users\\egoytendia\\.vscode\\extensions\\uqbar.wollok-lsp-ide-0.5.3\\out\\server\\src\\server.js:7:8527)\n    at qt (c:\\Users\\egoytendia\\.vscode\\extensions\\uqbar.wollok-lsp-ide-0.5.3\\out\\server\\src\\server.js:7:6189)\n    at ot (c:\\Users\\egoytendia\\.vscode\\extensions\\uqbar.wollok-lsp-ide-0.5.3\\out\\server\\src\\server.js:7:6378)\n    at Immediate._onImmediate (c:\\Users\\egoytendia\\.vscode\\extensions\\uqbar.wollok-lsp-ide-0.5.3\\out\\server\\src\\server.js:7:6142)\n    at process.processImmediate (node:internal/timers:485:21)","timestamp":"2025-12-12T18:20:46.109Z"}
{"level":"info","message":"⌛ Validating parciales/elLegadoDeSoliamMurr/exiliado.wlk","timeElapsed":113,"timestamp":"2025-12-12T18:20:46.253Z"}
{"level":"info","message":"⌛ Building environment","timeElapsed":127,"timestamp":"2025-12-12T18:20:46.380Z"}
{"level":"info","message":"⌛ Validating parciales/elLegadoDeSoliamMurr/exiliado.wlk","timeElapsed":115,"timestamp":"2025-12-12T18:20:46.496Z"}
{"level":"error","message":"✘ Completions for node Parameter ([52:23, 52:30] - parciales/elLegadoDeSoliamMurr/exiliado.wlk) failed: Error: [Parameter]{ecd41e} at parciales/elLegadoDeSoliamMurr/exiliado.wlk:52 exhausted all cases without a match [Parameter]{ecd41e} at parciales/elLegadoDeSoliamMurr/exiliado.wlk:52 exhausted all cases without a match","stack":"Error: [Parameter]{ecd41e} at parciales/elLegadoDeSoliamMurr/exiliado.wlk:52 exhausted all cases without a match\n    at c:\\Users\\egoytendia\\.vscode\\extensions\\uqbar.wollok-lsp-ide-0.5.3\\out\\server\\src\\server.js:38:6142\n    at D2 (c:\\Users\\egoytendia\\.vscode\\extensions\\uqbar.wollok-lsp-ide-0.5.3\\out\\server\\src\\server.js:2384:42)\n    at c:\\Users\\egoytendia\\.vscode\\extensions\\uqbar.wollok-lsp-ide-0.5.3\\out\\server\\src\\server.js:2384:2988\n    at c:\\Users\\egoytendia\\.vscode\\extensions\\uqbar.wollok-lsp-ide-0.5.3\\out\\server\\src\\server.js:2393:8440\n    at c:\\Users\\egoytendia\\.vscode\\extensions\\uqbar.wollok-lsp-ide-0.5.3\\out\\server\\src\\server.js:37:74872\n    at Ye (c:\\Users\\egoytendia\\.vscode\\extensions\\uqbar.wollok-lsp-ide-0.5.3\\out\\server\\src\\server.js:7:8527)\n    at qt (c:\\Users\\egoytendia\\.vscode\\extensions\\uqbar.wollok-lsp-ide-0.5.3\\out\\server\\src\\server.js:7:6189)\n    at ot (c:\\Users\\egoytendia\\.vscode\\extensions\\uqbar.wollok-lsp-ide-0.5.3\\out\\server\\src\\server.js:7:6378)\n    at Immediate._onImmediate (c:\\Users\\egoytendia\\.vscode\\extensions\\uqbar.wollok-lsp-ide-0.5.3\\out\\server\\src\\server.js:7:6142)\n    at process.processImmediate (node:internal/timers:485:21)","timestamp":"2025-12-12T18:20:46.691Z"}
{"level":"info","message":"⌛ Validating parciales/elLegadoDeSoliamMurr/exiliado.wlk","timeElapsed":149,"timestamp":"2025-12-12T18:20:46.935Z"}
{"level":"info","message":"⌛ Building environment","timeElapsed":169,"timestamp":"2025-12-12T18:20:47.105Z"}
{"level":"info","message":"⌛ Building environment","timeElapsed":181,"timestamp":"2025-12-12T18:20:47.287Z"}
{"level":"info","message":"⌛ Validating parciales/elLegadoDeSoliamMurr/exiliado.wlk","timeElapsed":252,"timestamp":"2025-12-12T18:20:47.539Z"}
{"level":"info","message":"⌛ Validating parciales/elLegadoDeSoliamMurr/exiliado.wlk","timeElapsed":250,"timestamp":"2025-12-12T18:20:47.790Z"}
{"level":"info","message":"⌛ Building environment","timeElapsed":176,"timestamp":"2025-12-12T18:20:47.966Z"}
{"level":"info","message":"⌛ Validating parciales/elLegadoDeSoliamMurr/exiliado.wlk","timeElapsed":214,"timestamp":"2025-12-12T18:20:48.181Z"}
{"level":"info","message":"⌛ Validating parciales/elLegadoDeSoliamMurr/exiliado.wlk","timeElapsed":105,"timestamp":"2025-12-12T18:20:48.293Z"}
{"level":"info","message":"⌛ Validating parciales/elLegadoDeSoliamMurr/exiliado.wlk","timeElapsed":120,"timestamp":"2025-12-12T18:20:48.413Z"}
{"level":"info","message":"⌛ Validating parciales/elLegadoDeSoliamMurr/exiliado.wlk","timeElapsed":115,"timestamp":"2025-12-12T18:20:48.528Z"}
{"level":"error","message":"✘ Completions for node Parameter ([52:34, 52:35] - parciales/elLegadoDeSoliamMurr/exiliado.wlk) failed: Error: [Parameter]{bdcfda} at parciales/elLegadoDeSoliamMurr/exiliado.wlk:52 exhausted all cases without a match [Parameter]{bdcfda} at parciales/elLegadoDeSoliamMurr/exiliado.wlk:52 exhausted all cases without a match","stack":"Error: [Parameter]{bdcfda} at parciales/elLegadoDeSoliamMurr/exiliado.wlk:52 exhausted all cases without a match\n    at c:\\Users\\egoytendia\\.vscode\\extensions\\uqbar.wollok-lsp-ide-0.5.3\\out\\server\\src\\server.js:38:6142\n    at D2 (c:\\Users\\egoytendia\\.vscode\\extensions\\uqbar.wollok-lsp-ide-0.5.3\\out\\server\\src\\server.js:2384:42)\n    at c:\\Users\\egoytendia\\.vscode\\extensions\\uqbar.wollok-lsp-ide-0.5.3\\out\\server\\src\\server.js:2384:2988\n    at c:\\Users\\egoytendia\\.vscode\\extensions\\uqbar.wollok-lsp-ide-0.5.3\\out\\server\\src\\server.js:2393:8440\n    at c:\\Users\\egoytendia\\.vscode\\extensions\\uqbar.wollok-lsp-ide-0.5.3\\out\\server\\src\\server.js:37:74872\n    at Ye (c:\\Users\\egoytendia\\.vscode\\extensions\\uqbar.wollok-lsp-ide-0.5.3\\out\\server\\src\\server.js:7:8527)\n    at qt (c:\\Users\\egoytendia\\.vscode\\extensions\\uqbar.wollok-lsp-ide-0.5.3\\out\\server\\src\\server.js:7:6189)\n    at ot (c:\\Users\\egoytendia\\.vscode\\extensions\\uqbar.wollok-lsp-ide-0.5.3\\out\\server\\src\\server.js:7:6378)\n    at Immediate._onImmediate (c:\\Users\\egoytendia\\.vscode\\extensions\\uqbar.wollok-lsp-ide-0.5.3\\out\\server\\src\\server.js:7:6142)\n    at process.processImmediate (node:internal/timers:485:21)","timestamp":"2025-12-12T18:20:48.636Z"}
{"level":"info","message":"⌛ Building environment","timeElapsed":135,"timestamp":"2025-12-12T18:20:48.865Z"}
{"level":"info","message":"⌛ Validating parciales/elLegadoDeSoliamMurr/exiliado.wlk","timeElapsed":104,"timestamp":"2025-12-12T18:20:48.969Z"}
{"level":"info","message":"⌛ Building environment","timeElapsed":154,"timestamp":"2025-12-12T18:20:49.124Z"}
{"level":"error","message":"✘ Completions for node Parameter ([52:34, 52:38] - parciales/elLegadoDeSoliamMurr/exiliado.wlk) failed: Error: [Parameter]{7c56e9} at parciales/elLegadoDeSoliamMurr/exiliado.wlk:52 exhausted all cases without a match [Parameter]{7c56e9} at parciales/elLegadoDeSoliamMurr/exiliado.wlk:52 exhausted all cases without a match","stack":"Error: [Parameter]{7c56e9} at parciales/elLegadoDeSoliamMurr/exiliado.wlk:52 exhausted all cases without a match\n    at c:\\Users\\egoytendia\\.vscode\\extensions\\uqbar.wollok-lsp-ide-0.5.3\\out\\server\\src\\server.js:38:6142\n    at D2 (c:\\Users\\egoytendia\\.vscode\\extensions\\uqbar.wollok-lsp-ide-0.5.3\\out\\server\\src\\server.js:2384:42)\n    at c:\\Users\\egoytendia\\.vscode\\extensions\\uqbar.wollok-lsp-ide-0.5.3\\out\\server\\src\\server.js:2384:2988\n    at c:\\Users\\egoytendia\\.vscode\\extensions\\uqbar.wollok-lsp-ide-0.5.3\\out\\server\\src\\server.js:2393:8440\n    at c:\\Users\\egoytendia\\.vscode\\extensions\\uqbar.wollok-lsp-ide-0.5.3\\out\\server\\src\\server.js:37:74872\n    at Ye (c:\\Users\\egoytendia\\.vscode\\extensions\\uqbar.wollok-lsp-ide-0.5.3\\out\\server\\src\\server.js:7:8527)\n    at qt (c:\\Users\\egoytendia\\.vscode\\extensions\\uqbar.wollok-lsp-ide-0.5.3\\out\\server\\src\\server.js:7:6189)\n    at ot (c:\\Users\\egoytendia\\.vscode\\extensions\\uqbar.wollok-lsp-ide-0.5.3\\out\\server\\src\\server.js:7:6378)\n    at Immediate._onImmediate (c:\\Users\\egoytendia\\.vscode\\extensions\\uqbar.wollok-lsp-ide-0.5.3\\out\\server\\src\\server.js:7:6142)\n    at process.processImmediate (node:internal/timers:485:21)","timestamp":"2025-12-12T18:20:49.153Z"}
{"level":"info","message":"⌛ Validating parciales/elLegadoDeSoliamMurr/exiliado.wlk","timeElapsed":115,"timestamp":"2025-12-12T18:20:49.273Z"}
{"level":"info","message":"⌛ Validating parciales/elLegadoDeSoliamMurr/exiliado.wlk","timeElapsed":119,"timestamp":"2025-12-12T18:20:49.476Z"}
{"level":"info","message":"⌛ Building environment","timeElapsed":102,"timestamp":"2025-12-12T18:20:49.678Z"}
{"level":"info","message":"⌛ Validating parciales/elLegadoDeSoliamMurr/exiliado.wlk","timeElapsed":112,"timestamp":"2025-12-12T18:20:49.791Z"}
{"level":"error","message":"✘ Completions for node Parameter ([52:34, 52:42] - parciales/elLegadoDeSoliamMurr/exiliado.wlk) failed: Error: [Parameter]{b9ef79} at parciales/elLegadoDeSoliamMurr/exiliado.wlk:52 exhausted all cases without a match [Parameter]{b9ef79} at parciales/elLegadoDeSoliamMurr/exiliado.wlk:52 exhausted all cases without a match","stack":"Error: [Parameter]{b9ef79} at parciales/elLegadoDeSoliamMurr/exiliado.wlk:52 exhausted all cases without a match\n    at c:\\Users\\egoytendia\\.vscode\\extensions\\uqbar.wollok-lsp-ide-0.5.3\\out\\server\\src\\server.js:38:6142\n    at D2 (c:\\Users\\egoytendia\\.vscode\\extensions\\uqbar.wollok-lsp-ide-0.5.3\\out\\server\\src\\server.js:2384:42)\n    at c:\\Users\\egoytendia\\.vscode\\extensions\\uqbar.wollok-lsp-ide-0.5.3\\out\\server\\src\\server.js:2384:2988\n    at c:\\Users\\egoytendia\\.vscode\\extensions\\uqbar.wollok-lsp-ide-0.5.3\\out\\server\\src\\server.js:2393:8440\n    at c:\\Users\\egoytendia\\.vscode\\extensions\\uqbar.wollok-lsp-ide-0.5.3\\out\\server\\src\\server.js:37:74872\n    at Ye (c:\\Users\\egoytendia\\.vscode\\extensions\\uqbar.wollok-lsp-ide-0.5.3\\out\\server\\src\\server.js:7:8527)\n    at qt (c:\\Users\\egoytendia\\.vscode\\extensions\\uqbar.wollok-lsp-ide-0.5.3\\out\\server\\src\\server.js:7:6189)\n    at ot (c:\\Users\\egoytendia\\.vscode\\extensions\\uqbar.wollok-lsp-ide-0.5.3\\out\\server\\src\\server.js:7:6378)\n    at Immediate._onImmediate (c:\\Users\\egoytendia\\.vscode\\extensions\\uqbar.wollok-lsp-ide-0.5.3\\out\\server\\src\\server.js:7:6142)\n    at process.processImmediate (node:internal/timers:485:21)","timestamp":"2025-12-12T18:20:49.904Z"}
{"level":"info","message":"⌛ Building environment","timeElapsed":103,"timestamp":"2025-12-12T18:20:50.010Z"}
{"level":"info","message":"⌛ Validating parciales/elLegadoDeSoliamMurr/exiliado.wlk","timeElapsed":127,"timestamp":"2025-12-12T18:20:50.137Z"}
{"level":"info","message":"⌛ Validating parciales/elLegadoDeSoliamMurr/exiliado.wlk","timeElapsed":106,"timestamp":"2025-12-12T18:20:50.248Z"}
{"level":"info","message":"⌛ Validating parciales/elLegadoDeSoliamMurr/exiliado.wlk","timeElapsed":101,"timestamp":"2025-12-12T18:20:50.351Z"}
{"level":"info","message":"⌛ Validating parciales/elLegadoDeSoliamMurr/exiliado.wlk","timeElapsed":104,"timestamp":"2025-12-12T18:20:50.539Z"}
{"level":"info","message":"⌛ Validating parciales/elLegadoDeSoliamMurr/exiliado.wlk","timeElapsed":141,"timestamp":"2025-12-12T18:20:50.767Z"}
{"level":"info","message":"⌛ Building environment","timeElapsed":159,"timestamp":"2025-12-12T18:20:50.927Z"}
{"level":"info","message":"⌛ Building environment","timeElapsed":178,"timestamp":"2025-12-12T18:20:51.105Z"}
{"level":"error","message":"✘ Completions for node Parameter ([52:34, 52:43] - parciales/elLegadoDeSoliamMurr/exiliado.wlk) failed: Error: [Parameter]{8c66be} at parciales/elLegadoDeSoliamMurr/exiliado.wlk:52 exhausted all cases without a match [Parameter]{8c66be} at parciales/elLegadoDeSoliamMurr/exiliado.wlk:52 exhausted all cases without a match","stack":"Error: [Parameter]{8c66be} at parciales/elLegadoDeSoliamMurr/exiliado.wlk:52 exhausted all cases without a match\n    at c:\\Users\\egoytendia\\.vscode\\extensions\\uqbar.wollok-lsp-ide-0.5.3\\out\\server\\src\\server.js:38:6142\n    at D2 (c:\\Users\\egoytendia\\.vscode\\extensions\\uqbar.wollok-lsp-ide-0.5.3\\out\\server\\src\\server.js:2384:42)\n    at c:\\Users\\egoytendia\\.vscode\\extensions\\uqbar.wollok-lsp-ide-0.5.3\\out\\server\\src\\server.js:2384:2988\n    at c:\\Users\\egoytendia\\.vscode\\extensions\\uqbar.wollok-lsp-ide-0.5.3\\out\\server\\src\\server.js:2393:8440\n    at c:\\Users\\egoytendia\\.vscode\\extensions\\uqbar.wollok-lsp-ide-0.5.3\\out\\server\\src\\server.js:37:74872\n    at Ye (c:\\Users\\egoytendia\\.vscode\\extensions\\uqbar.wollok-lsp-ide-0.5.3\\out\\server\\src\\server.js:7:8527)\n    at qt (c:\\Users\\egoytendia\\.vscode\\extensions\\uqbar.wollok-lsp-ide-0.5.3\\out\\server\\src\\server.js:7:6189)\n    at ot (c:\\Users\\egoytendia\\.vscode\\extensions\\uqbar.wollok-lsp-ide-0.5.3\\out\\server\\src\\server.js:7:6378)\n    at Immediate._onImmediate (c:\\Users\\egoytendia\\.vscode\\extensions\\uqbar.wollok-lsp-ide-0.5.3\\out\\server\\src\\server.js:7:6142)\n    at process.processImmediate (node:internal/timers:485:21)","timestamp":"2025-12-12T18:20:51.160Z"}
{"level":"info","message":"⌛ Building environment","timeElapsed":220,"timestamp":"2025-12-12T18:20:51.391Z"}
{"level":"info","message":"⌛ Building environment","timeElapsed":182,"timestamp":"2025-12-12T18:20:51.574Z"}
{"level":"info","message":"⌛ Building environment","timeElapsed":179,"timestamp":"2025-12-12T18:20:51.753Z"}
{"level":"info","message":"⌛ Validating parciales/elLegadoDeSoliamMurr/exiliado.wlk","timeElapsed":169,"timestamp":"2025-12-12T18:20:51.923Z"}
{"level":"info","message":"⌛ Validating parciales/elLegadoDeSoliamMurr/exiliado.wlk","timeElapsed":108,"timestamp":"2025-12-12T18:20:52.032Z"}
{"level":"info","message":"⌛ Validating parciales/elLegadoDeSoliamMurr/exiliado.wlk","timeElapsed":113,"timestamp":"2025-12-12T18:20:52.150Z"}
{"level":"info","message":"⌛ Validating parciales/elLegadoDeSoliamMurr/exiliado.wlk","timeElapsed":105,"timestamp":"2025-12-12T18:20:52.256Z"}
{"level":"info","message":"⌛ Building environment","timeElapsed":113,"timestamp":"2025-12-12T18:20:52.656Z"}
{"level":"info","message":"⌛ Validating parciales/elLegadoDeSoliamMurr/exiliado.wlk","timeElapsed":111,"timestamp":"2025-12-12T18:20:52.950Z"}
{"level":"error","message":"✘ Completions for node Parameter ([52:48, 52:49] - parciales/elLegadoDeSoliamMurr/exiliado.wlk) failed: Error: [Parameter]{626413} at parciales/elLegadoDeSoliamMurr/exiliado.wlk:52 exhausted all cases without a match [Parameter]{626413} at parciales/elLegadoDeSoliamMurr/exiliado.wlk:52 exhausted all cases without a match","stack":"Error: [Parameter]{626413} at parciales/elLegadoDeSoliamMurr/exiliado.wlk:52 exhausted all cases without a match\n    at c:\\Users\\egoytendia\\.vscode\\extensions\\uqbar.wollok-lsp-ide-0.5.3\\out\\server\\src\\server.js:38:6142\n    at D2 (c:\\Users\\egoytendia\\.vscode\\extensions\\uqbar.wollok-lsp-ide-0.5.3\\out\\server\\src\\server.js:2384:42)\n    at c:\\Users\\egoytendia\\.vscode\\extensions\\uqbar.wollok-lsp-ide-0.5.3\\out\\server\\src\\server.js:2384:2988\n    at c:\\Users\\egoytendia\\.vscode\\extensions\\uqbar.wollok-lsp-ide-0.5.3\\out\\server\\src\\server.js:2393:8440\n    at c:\\Users\\egoytendia\\.vscode\\extensions\\uqbar.wollok-lsp-ide-0.5.3\\out\\server\\src\\server.js:37:74872\n    at Ye (c:\\Users\\egoytendia\\.vscode\\extensions\\uqbar.wollok-lsp-ide-0.5.3\\out\\server\\src\\server.js:7:8527)\n    at qt (c:\\Users\\egoytendia\\.vscode\\extensions\\uqbar.wollok-lsp-ide-0.5.3\\out\\server\\src\\server.js:7:6189)\n    at ot (c:\\Users\\egoytendia\\.vscode\\extensions\\uqbar.wollok-lsp-ide-0.5.3\\out\\server\\src\\server.js:7:6378)\n    at Immediate._onImmediate (c:\\Users\\egoytendia\\.vscode\\extensions\\uqbar.wollok-lsp-ide-0.5.3\\out\\server\\src\\server.js:7:6142)\n    at process.processImmediate (node:internal/timers:485:21)","timestamp":"2025-12-12T18:20:52.976Z"}
{"level":"info","message":"⌛ Validating parciales/elLegadoDeSoliamMurr/exiliado.wlk","timeElapsed":121,"timestamp":"2025-12-12T18:20:53.181Z"}
{"level":"info","message":"⌛ Validating parciales/elLegadoDeSoliamMurr/exiliado.wlk","timeElapsed":119,"timestamp":"2025-12-12T18:20:53.301Z"}
{"level":"info","message":"⌛ Validating parciales/elLegadoDeSoliamMurr/exiliado.wlk","timeElapsed":105,"timestamp":"2025-12-12T18:20:53.412Z"}
{"level":"info","message":"⌛ Building environment","timeElapsed":127,"timestamp":"2025-12-12T18:20:53.539Z"}
{"level":"error","message":"✘ Completions for node Parameter ([52:48, 52:51] - parciales/elLegadoDeSoliamMurr/exiliado.wlk) failed: Error: [Parameter]{af8eea} at parciales/elLegadoDeSoliamMurr/exiliado.wlk:52 exhausted all cases without a match [Parameter]{af8eea} at parciales/elLegadoDeSoliamMurr/exiliado.wlk:52 exhausted all cases without a match","stack":"Error: [Parameter]{af8eea} at parciales/elLegadoDeSoliamMurr/exiliado.wlk:52 exhausted all cases without a match\n    at c:\\Users\\egoytendia\\.vscode\\extensions\\uqbar.wollok-lsp-ide-0.5.3\\out\\server\\src\\server.js:38:6142\n    at D2 (c:\\Users\\egoytendia\\.vscode\\extensions\\uqbar.wollok-lsp-ide-0.5.3\\out\\server\\src\\server.js:2384:42)\n    at c:\\Users\\egoytendia\\.vscode\\extensions\\uqbar.wollok-lsp-ide-0.5.3\\out\\server\\src\\server.js:2384:2988\n    at c:\\Users\\egoytendia\\.vscode\\extensions\\uqbar.wollok-lsp-ide-0.5.3\\out\\server\\src\\server.js:2393:8440\n    at c:\\Users\\egoytendia\\.vscode\\extensions\\uqbar.wollok-lsp-ide-0.5.3\\out\\server\\src\\server.js:37:74872\n    at Ye (c:\\Users\\egoytendia\\.vscode\\extensions\\uqbar.wollok-lsp-ide-0.5.3\\out\\server\\src\\server.js:7:8527)\n    at qt (c:\\Users\\egoytendia\\.vscode\\extensions\\uqbar.wollok-lsp-ide-0.5.3\\out\\server\\src\\server.js:7:6189)\n    at ot (c:\\Users\\egoytendia\\.vscode\\extensions\\uqbar.wollok-lsp-ide-0.5.3\\out\\server\\src\\server.js:7:6378)\n    at Immediate._onImmediate (c:\\Users\\egoytendia\\.vscode\\extensions\\uqbar.wollok-lsp-ide-0.5.3\\out\\server\\src\\server.js:7:6142)\n    at process.processImmediate (node:internal/timers:485:21)","timestamp":"2025-12-12T18:20:53.564Z"}
{"level":"info","message":"⌛ Validating parciales/elLegadoDeSoliamMurr/exiliado.wlk","timeElapsed":109,"timestamp":"2025-12-12T18:20:53.845Z"}
{"level":"info","message":"⌛ Validating parciales/elLegadoDeSoliamMurr/exiliado.wlk","timeElapsed":124,"timestamp":"2025-12-12T18:20:53.974Z"}
{"level":"error","message":"✘ Completions for node Parameter ([52:48, 52:54] - parciales/elLegadoDeSoliamMurr/exiliado.wlk) failed: Error: [Parameter]{54ea8c} at parciales/elLegadoDeSoliamMurr/exiliado.wlk:52 exhausted all cases without a match [Parameter]{54ea8c} at parciales/elLegadoDeSoliamMurr/exiliado.wlk:52 exhausted all cases without a match","stack":"Error: [Parameter]{54ea8c} at parciales/elLegadoDeSoliamMurr/exiliado.wlk:52 exhausted all cases without a match\n    at c:\\Users\\egoytendia\\.vscode\\extensions\\uqbar.wollok-lsp-ide-0.5.3\\out\\server\\src\\server.js:38:6142\n    at D2 (c:\\Users\\egoytendia\\.vscode\\extensions\\uqbar.wollok-lsp-ide-0.5.3\\out\\server\\src\\server.js:2384:42)\n    at c:\\Users\\egoytendia\\.vscode\\extensions\\uqbar.wollok-lsp-ide-0.5.3\\out\\server\\src\\server.js:2384:2988\n    at c:\\Users\\egoytendia\\.vscode\\extensions\\uqbar.wollok-lsp-ide-0.5.3\\out\\server\\src\\server.js:2393:8440\n    at c:\\Users\\egoytendia\\.vscode\\extensions\\uqbar.wollok-lsp-ide-0.5.3\\out\\server\\src\\server.js:37:74872\n    at Ye (c:\\Users\\egoytendia\\.vscode\\extensions\\uqbar.wollok-lsp-ide-0.5.3\\out\\server\\src\\server.js:7:8527)\n    at qt (c:\\Users\\egoytendia\\.vscode\\extensions\\uqbar.wollok-lsp-ide-0.5.3\\out\\server\\src\\server.js:7:6189)\n    at ot (c:\\Users\\egoytendia\\.vscode\\extensions\\uqbar.wollok-lsp-ide-0.5.3\\out\\server\\src\\server.js:7:6378)\n    at Immediate._onImmediate (c:\\Users\\egoytendia\\.vscode\\extensions\\uqbar.wollok-lsp-ide-0.5.3\\out\\server\\src\\server.js:7:6142)\n    at process.processImmediate (node:internal/timers:485:21)","timestamp":"2025-12-12T18:20:54.081Z"}
{"level":"info","message":"⌛ Validating parciales/elLegadoDeSoliamMurr/exiliado.wlk","timeElapsed":108,"timestamp":"2025-12-12T18:20:54.192Z"}
{"level":"info","message":"⌛ Validating parciales/elLegadoDeSoliamMurr/exiliado.wlk","timeElapsed":113,"timestamp":"2025-12-12T18:20:54.481Z"}
{"level":"info","message":"⌛ Validating parciales/elLegadoDeSoliamMurr/exiliado.wlk","timeElapsed":101,"timestamp":"2025-12-12T18:20:54.588Z"}
{"level":"info","message":"⌛ Validating parciales/elLegadoDeSoliamMurr/exiliado.wlk","timeElapsed":136,"timestamp":"2025-12-12T18:20:54.807Z"}
{"level":"info","message":"⌛ Building environment","timeElapsed":155,"timestamp":"2025-12-12T18:20:54.962Z"}
{"level":"error","message":"✘ Completions for node Parameter ([52:48, 52:56] - parciales/elLegadoDeSoliamMurr/exiliado.wlk) failed: Error: [Parameter]{18f698} at parciales/elLegadoDeSoliamMurr/exiliado.wlk:52 exhausted all cases without a match [Parameter]{18f698} at parciales/elLegadoDeSoliamMurr/exiliado.wlk:52 exhausted all cases without a match","stack":"Error: [Parameter]{18f698} at parciales/elLegadoDeSoliamMurr/exiliado.wlk:52 exhausted all cases without a match\n    at c:\\Users\\egoytendia\\.vscode\\extensions\\uqbar.wollok-lsp-ide-0.5.3\\out\\server\\src\\server.js:38:6142\n    at D2 (c:\\Users\\egoytendia\\.vscode\\extensions\\uqbar.wollok-lsp-ide-0.5.3\\out\\server\\src\\server.js:2384:42)\n    at c:\\Users\\egoytendia\\.vscode\\extensions\\uqbar.wollok-lsp-ide-0.5.3\\out\\server\\src\\server.js:2384:2988\n    at c:\\Users\\egoytendia\\.vscode\\extensions\\uqbar.wollok-lsp-ide-0.5.3\\out\\server\\src\\server.js:2393:8440\n    at c:\\Users\\egoytendia\\.vscode\\extensions\\uqbar.wollok-lsp-ide-0.5.3\\out\\server\\src\\server.js:37:74872\n    at Ye (c:\\Users\\egoytendia\\.vscode\\extensions\\uqbar.wollok-lsp-ide-0.5.3\\out\\server\\src\\server.js:7:8527)\n    at qt (c:\\Users\\egoytendia\\.vscode\\extensions\\uqbar.wollok-lsp-ide-0.5.3\\out\\server\\src\\server.js:7:6189)\n    at ot (c:\\Users\\egoytendia\\.vscode\\extensions\\uqbar.wollok-lsp-ide-0.5.3\\out\\server\\src\\server.js:7:6378)\n    at Immediate._onImmediate (c:\\Users\\egoytendia\\.vscode\\extensions\\uqbar.wollok-lsp-ide-0.5.3\\out\\server\\src\\server.js:7:6142)\n    at process.processImmediate (node:internal/timers:485:21)","timestamp":"2025-12-12T18:20:54.986Z"}
{"level":"info","message":"⌛ Building environment","timeElapsed":105,"timestamp":"2025-12-12T18:20:55.094Z"}
{"level":"info","message":"⌛ Validating parciales/elLegadoDeSoliamMurr/exiliado.wlk","timeElapsed":110,"timestamp":"2025-12-12T18:20:55.292Z"}
{"level":"info","message":"⌛ Building environment","timeElapsed":107,"timestamp":"2025-12-12T18:20:55.435Z"}
{"level":"info","message":"⌛ Validating parciales/elLegadoDeSoliamMurr/exiliado.wlk","timeElapsed":119,"timestamp":"2025-12-12T18:20:55.569Z"}
{"level":"info","message":"⌛ Validating parciales/elLegadoDeSoliamMurr/exiliado.wlk","timeElapsed":150,"timestamp":"2025-12-12T18:20:55.719Z"}
{"level":"info","message":"⌛ Validating parciales/elLegadoDeSoliamMurr/exiliado.wlk","timeElapsed":130,"timestamp":"2025-12-12T18:20:55.849Z"}
{"level":"info","message":"⌛ Validating parciales/elLegadoDeSoliamMurr/exiliado.wlk","timeElapsed":113,"timestamp":"2025-12-12T18:20:55.962Z"}
{"level":"error","message":"✘ Completions for node Parameter ([52:48, 52:60] - parciales/elLegadoDeSoliamMurr/exiliado.wlk) failed: Error: [Parameter]{93174a} at parciales/elLegadoDeSoliamMurr/exiliado.wlk:52 exhausted all cases without a match [Parameter]{93174a} at parciales/elLegadoDeSoliamMurr/exiliado.wlk:52 exhausted all cases without a match","stack":"Error: [Parameter]{93174a} at parciales/elLegadoDeSoliamMurr/exiliado.wlk:52 exhausted all cases without a match\n    at c:\\Users\\egoytendia\\.vscode\\extensions\\uqbar.wollok-lsp-ide-0.5.3\\out\\server\\src\\server.js:38:6142\n    at D2 (c:\\Users\\egoytendia\\.vscode\\extensions\\uqbar.wollok-lsp-ide-0.5.3\\out\\server\\src\\server.js:2384:42)\n    at c:\\Users\\egoytendia\\.vscode\\extensions\\uqbar.wollok-lsp-ide-0.5.3\\out\\server\\src\\server.js:2384:2988\n    at c:\\Users\\egoytendia\\.vscode\\extensions\\uqbar.wollok-lsp-ide-0.5.3\\out\\server\\src\\server.js:2393:8440\n    at c:\\Users\\egoytendia\\.vscode\\extensions\\uqbar.wollok-lsp-ide-0.5.3\\out\\server\\src\\server.js:37:74872\n    at Ye (c:\\Users\\egoytendia\\.vscode\\extensions\\uqbar.wollok-lsp-ide-0.5.3\\out\\server\\src\\server.js:7:8527)\n    at qt (c:\\Users\\egoytendia\\.vscode\\extensions\\uqbar.wollok-lsp-ide-0.5.3\\out\\server\\src\\server.js:7:6189)\n    at ot (c:\\Users\\egoytendia\\.vscode\\extensions\\uqbar.wollok-lsp-ide-0.5.3\\out\\server\\src\\server.js:7:6378)\n    at Immediate._onImmediate (c:\\Users\\egoytendia\\.vscode\\extensions\\uqbar.wollok-lsp-ide-0.5.3\\out\\server\\src\\server.js:7:6142)\n    at process.processImmediate (node:internal/timers:485:21)","timestamp":"2025-12-12T18:20:56.071Z"}
{"level":"info","message":"⌛ Validating parciales/elLegadoDeSoliamMurr/exiliado.wlk","timeElapsed":112,"timestamp":"2025-12-12T18:20:56.186Z"}
{"level":"info","message":"⌛ Building environment","timeElapsed":104,"timestamp":"2025-12-12T18:20:58.033Z"}
{"level":"info","message":"⌛ Validating parciales/elLegadoDeSoliamMurr/exiliado.wlk","timeElapsed":115,"timestamp":"2025-12-12T18:20:58.148Z"}
{"level":"info","message":"⌛ Building environment","timeElapsed":131,"timestamp":"2025-12-12T18:21:02.013Z"}
{"level":"info","message":"⌛ Validating parciales/elLegadoDeSoliamMurr/exiliado.wlk","timeElapsed":115,"timestamp":"2025-12-12T18:21:02.252Z"}
{"level":"info","message":"⌛ Validating parciales/elLegadoDeSoliamMurr/exiliado.wlk","timeElapsed":109,"timestamp":"2025-12-12T18:21:02.445Z"}
{"level":"info","message":"⌛ Validating parciales/elLegadoDeSoliamMurr/exiliado.wlk","timeElapsed":121,"timestamp":"2025-12-12T18:21:02.725Z"}
{"level":"info","message":"⌛ Validating parciales/elLegadoDeSoliamMurr/exiliado.wlk","timeElapsed":104,"timestamp":"2025-12-12T18:21:02.935Z"}
{"level":"info","message":"⌛ Validating parciales/elLegadoDeSoliamMurr/exiliado.wlk","timeElapsed":111,"timestamp":"2025-12-12T18:21:03.127Z"}
{"level":"info","message":"⌛ Building environment","timeElapsed":129,"timestamp":"2025-12-12T18:21:03.256Z"}
{"level":"info","message":"⌛ Validating parciales/elLegadoDeSoliamMurr/exiliado.wlk","timeElapsed":112,"timestamp":"2025-12-12T18:21:03.400Z"}
{"level":"info","message":"⌛ Validating parciales/elLegadoDeSoliamMurr/exiliado.wlk","timeElapsed":124,"timestamp":"2025-12-12T18:21:04.713Z"}
{"level":"info","message":"⌛ Validating parciales/elLegadoDeSoliamMurr/exiliado.wlk","timeElapsed":117,"timestamp":"2025-12-12T18:21:04.916Z"}
{"level":"info","message":"⌛ Validating parciales/elLegadoDeSoliamMurr/exiliado.wlk","timeElapsed":121,"timestamp":"2025-12-12T18:21:05.216Z"}
{"level":"info","message":"⌛ Validating parciales/elLegadoDeSoliamMurr/exiliado.wlk","timeElapsed":108,"timestamp":"2025-12-12T18:21:05.486Z"}
{"level":"info","message":"⌛ Validating parciales/elLegadoDeSoliamMurr/exiliado.wlk","timeElapsed":113,"timestamp":"2025-12-12T18:21:05.599Z"}
{"level":"info","message":"⌛ Validating parciales/elLegadoDeSoliamMurr/exiliado.wlk","timeElapsed":186,"timestamp":"2025-12-12T18:21:05.890Z"}
{"level":"info","message":"⌛ Validating parciales/elLegadoDeSoliamMurr/exiliado.wlk","timeElapsed":103,"timestamp":"2025-12-12T18:21:06.286Z"}
{"level":"info","message":"⌛ Validating parciales/elLegadoDeSoliamMurr/exiliado.wlk","timeElapsed":112,"timestamp":"2025-12-12T18:21:06.511Z"}
{"level":"info","message":"⌛ Building environment","timeElapsed":242,"timestamp":"2025-12-12T18:21:06.753Z"}
{"level":"info","message":"⌛ Validating parciales/elLegadoDeSoliamMurr/exiliado.wlk","timeElapsed":112,"timestamp":"2025-12-12T18:21:06.865Z"}
{"level":"info","message":"⌛ Validating parciales/elLegadoDeSoliamMurr/exiliado.wlk","timeElapsed":107,"timestamp":"2025-12-12T18:21:07.280Z"}
{"level":"info","message":"⌛ Validating parciales/elLegadoDeSoliamMurr/exiliado.wlk","timeElapsed":105,"timestamp":"2025-12-12T18:21:07.472Z"}
{"level":"info","message":"⌛ Validating parciales/elLegadoDeSoliamMurr/exiliado.wlk","timeElapsed":144,"timestamp":"2025-12-12T18:21:07.919Z"}
{"level":"info","message":"⌛ Building environment","timeElapsed":109,"timestamp":"2025-12-12T18:21:08.032Z"}
{"level":"info","message":"⌛ Validating parciales/elLegadoDeSoliamMurr/exiliado.wlk","timeElapsed":117,"timestamp":"2025-12-12T18:21:08.154Z"}
{"level":"info","message":"⌛ Validating parciales/elLegadoDeSoliamMurr/exiliado.wlk","timeElapsed":107,"timestamp":"2025-12-12T18:21:08.379Z"}
{"level":"info","message":"⌛ Building environment","timeElapsed":112,"timestamp":"2025-12-12T18:21:08.568Z"}
{"level":"info","message":"⌛ Validating parciales/elLegadoDeSoliamMurr/exiliado.wlk","timeElapsed":116,"timestamp":"2025-12-12T18:21:08.684Z"}
{"level":"info","message":"⌛ Validating parciales/elLegadoDeSoliamMurr/exiliado.wlk","timeElapsed":106,"timestamp":"2025-12-12T18:21:08.991Z"}
{"level":"info","message":"⌛ Validating parciales/elLegadoDeSoliamMurr/exiliado.wlk","timeElapsed":112,"timestamp":"2025-12-12T18:21:09.183Z"}
{"level":"info","message":"⌛ Building environment","timeElapsed":192,"timestamp":"2025-12-12T18:21:10.732Z"}
{"level":"error","message":"✘ Completions for node Send ([53:5, 53:42] - parciales/elLegadoDeSoliamMurr/exiliado.wlk) failed: Error: [Send]{1cebee} at parciales/elLegadoDeSoliamMurr/exiliado.wlk:53 exhausted all cases without a match [Send]{1cebee} at parciales/elLegadoDeSoliamMurr/exiliado.wlk:53 exhausted all cases without a match","stack":"Error: [Send]{1cebee} at parciales/elLegadoDeSoliamMurr/exiliado.wlk:53 exhausted all cases without a match\n    at c:\\Users\\egoytendia\\.vscode\\extensions\\uqbar.wollok-lsp-ide-0.5.3\\out\\server\\src\\server.js:38:6142\n    at D2 (c:\\Users\\egoytendia\\.vscode\\extensions\\uqbar.wollok-lsp-ide-0.5.3\\out\\server\\src\\server.js:2384:42)\n    at Qh (c:\\Users\\egoytendia\\.vscode\\extensions\\uqbar.wollok-lsp-ide-0.5.3\\out\\server\\src\\server.js:2384:1092)\n    at k6n (c:\\Users\\egoytendia\\.vscode\\extensions\\uqbar.wollok-lsp-ide-0.5.3\\out\\server\\src\\server.js:2384:1248)\n    at c:\\Users\\egoytendia\\.vscode\\extensions\\uqbar.wollok-lsp-ide-0.5.3\\out\\server\\src\\server.js:38:6131\n    at D2 (c:\\Users\\egoytendia\\.vscode\\extensions\\uqbar.wollok-lsp-ide-0.5.3\\out\\server\\src\\server.js:2384:42)\n    at c:\\Users\\egoytendia\\.vscode\\extensions\\uqbar.wollok-lsp-ide-0.5.3\\out\\server\\src\\server.js:2384:2988\n    at c:\\Users\\egoytendia\\.vscode\\extensions\\uqbar.wollok-lsp-ide-0.5.3\\out\\server\\src\\server.js:2393:8440\n    at c:\\Users\\egoytendia\\.vscode\\extensions\\uqbar.wollok-lsp-ide-0.5.3\\out\\server\\src\\server.js:37:74872\n    at Ye (c:\\Users\\egoytendia\\.vscode\\extensions\\uqbar.wollok-lsp-ide-0.5.3\\out\\server\\src\\server.js:7:8527)","timestamp":"2025-12-12T18:21:10.767Z"}
{"level":"info","message":"⌛ Validating parciales/elLegadoDeSoliamMurr/exiliado.wlk","timeElapsed":111,"timestamp":"2025-12-12T18:21:10.883Z"}
{"level":"info","message":"⌛ Validating parciales/elLegadoDeSoliamMurr/exiliado.wlk","timeElapsed":146,"timestamp":"2025-12-12T18:21:11.205Z"}
{"level":"info","message":"⌛ Validating parciales/elLegadoDeSoliamMurr/exiliado.wlk","timeElapsed":104,"timestamp":"2025-12-12T18:21:11.309Z"}
{"level":"info","message":"⌛ Building environment","timeElapsed":111,"timestamp":"2025-12-12T18:21:11.749Z"}
{"level":"info","message":"⌛ Validating parciales/elLegadoDeSoliamMurr/exiliado.wlk","timeElapsed":114,"timestamp":"2025-12-12T18:21:11.864Z"}
{"level":"info","message":"⌛ Validating parciales/amongUs/tareas.wlk","timeElapsed":114,"timestamp":"2025-12-13T02:58:09.508Z"}
{"level":"info","message":"⌛ Validating parciales/amongUs/tareas.wlk","timeElapsed":120,"timestamp":"2025-12-13T02:58:09.704Z"}
{"level":"info","message":"⌛ Validating parciales/amongUs/tareas.wlk","timeElapsed":118,"timestamp":"2025-12-13T02:58:10.000Z"}
{"level":"info","message":"⌛ Validating parciales/amongUs/tareas.wlk","timeElapsed":114,"timestamp":"2025-12-13T02:58:10.194Z"}
{"level":"info","message":"⌛ Validating parciales/amongUs/tareas.wlk","timeElapsed":157,"timestamp":"2025-12-13T02:58:10.435Z"}
{"level":"info","message":"⌛ Validating parciales/amongUs/tareas.wlk","timeElapsed":135,"timestamp":"2025-12-13T02:58:10.660Z"}
{"level":"info","message":"⌛ Validating parciales/amongUs/tareas.wlk","timeElapsed":206,"timestamp":"2025-12-13T02:58:11.026Z"}
{"level":"info","message":"⌛ Validating parciales/amongUs/tareas.wlk","timeElapsed":299,"timestamp":"2025-12-13T02:58:11.422Z"}
{"level":"info","message":"⌛ Validating parciales/amongUs/tareas.wlk","timeElapsed":268,"timestamp":"2025-12-13T02:58:11.690Z"}
{"level":"info","message":"⌛ Building environment","timeElapsed":109,"timestamp":"2025-12-13T02:58:23.036Z"}
{"level":"info","message":"⌛ Validating parciales/amongUs/tareas.wlk","timeElapsed":104,"timestamp":"2025-12-13T02:58:23.141Z"}
{"level":"info","message":"⌛ Building environment","timeElapsed":104,"timestamp":"2025-12-13T02:58:23.558Z"}
{"level":"info","message":"⌛ Validating parciales/amongUs/tareas.wlk","timeElapsed":140,"timestamp":"2025-12-13T02:58:23.819Z"}
{"level":"info","message":"⌛ Validating parciales/amongUs/tareas.wlk","timeElapsed":113,"timestamp":"2025-12-13T02:58:24.055Z"}
{"level":"info","message":"⌛ Validating parciales/amongUs/tareas.wlk","timeElapsed":113,"timestamp":"2025-12-13T02:58:24.248Z"}
{"level":"info","message":"⌛ Building environment","timeElapsed":128,"timestamp":"2025-12-13T02:58:24.454Z"}
{"level":"info","message":"⌛ Validating parciales/amongUs/tareas.wlk","timeElapsed":109,"timestamp":"2025-12-13T02:58:24.685Z"}
{"level":"info","message":"⌛ Validating parciales/amongUs/tareas.wlk","timeElapsed":114,"timestamp":"2025-12-13T02:58:24.885Z"}
{"level":"info","message":"⌛ Validating parciales/amongUs/tareas.wlk","timeElapsed":101,"timestamp":"2025-12-13T02:58:24.991Z"}
{"level":"info","message":"⌛ Validating parciales/amongUs/tareas.wlk","timeElapsed":112,"timestamp":"2025-12-13T02:58:25.182Z"}
{"level":"info","message":"⌛ Building environment","timeElapsed":110,"timestamp":"2025-12-13T02:58:25.292Z"}
{"level":"info","message":"⌛ Validating parciales/amongUs/tareas.wlk","timeElapsed":115,"timestamp":"2025-12-13T02:58:25.434Z"}
{"level":"info","message":"⌛ Validating parciales/amongUs/tareas.wlk","timeElapsed":108,"timestamp":"2025-12-13T02:58:25.626Z"}
{"level":"info","message":"⌛ Validating parciales/amongUs/tareas.wlk","timeElapsed":118,"timestamp":"2025-12-13T02:58:25.825Z"}
{"level":"info","message":"⌛ Building environment","timeElapsed":157,"timestamp":"2025-12-13T02:58:26.062Z"}
{"level":"error","message":"✘ Failed to rebuild document Failed to parse parciales/amongUs/tareas.wlk: \n-- PARSING FAILED --------------------------------------------------\n\n  25 |   \n  26 |   override method\n> 27 | }\n     | ^\n  28 | \n  29 | \n\nExpected one of the following: \n\n'!=', '!==', '%', '&&', '*', '**', '+', '-', '->', '..', '..<', '/', '<', '<<', '<<<', '<=', '<=>', '<>', '==', '===', '>', '>..', '>=', '>>', '>>>', '?:', 'and', 'invert', 'negate', 'or', 'plus', '||', identifier, whitespace\n","stack":"Error: Failed to parse parciales/amongUs/tareas.wlk: \n-- PARSING FAILED --------------------------------------------------\n\n  25 |   \n  26 |   override method\n> 27 | }\n     | ^\n  28 | \n  29 | \n\nExpected one of the following: \n\n'!=', '!==', '%', '&&', '*', '**', '+', '-', '->', '..', '..<', '/', '<', '<<', '<<<', '<=', '<=>', '<>', '==', '===', '>', '>..', '>=', '>>', '>>>', '?:', 'and', 'invert', 'negate', 'or', 'plus', '||', identifier, whitespace\n\n    at c:\\Users\\egoytendia\\.vscode\\extensions\\uqbar.wollok-lsp-ide-0.5.3\\out\\server\\src\\server.js:2348:13026\n    at Array.map (<anonymous>)\n    at W1n (c:\\Users\\egoytendia\\.vscode\\extensions\\uqbar.wollok-lsp-ide-0.5.3\\out\\server\\src\\server.js:2348:12950)\n    at U2.buildEnvironmentFrom (c:\\Users\\egoytendia\\.vscode\\extensions\\uqbar.wollok-lsp-ide-0.5.3\\out\\server\\src\\server.js:2393:5254)\n    at U2.updateEnvironmentWith (c:\\Users\\egoytendia\\.vscode\\extensions\\uqbar.wollok-lsp-ide-0.5.3\\out\\server\\src\\server.js:2393:4989)\n    at JF (c:\\Users\\egoytendia\\.vscode\\extensions\\uqbar.wollok-lsp-ide-0.5.3\\out\\server\\src\\server.js:2393:7383)\n    at F3.invoke (c:\\Users\\egoytendia\\.vscode\\extensions\\uqbar.wollok-lsp-ide-0.5.3\\out\\server\\src\\server.js:3:157334)\n    at o.fire (c:\\Users\\egoytendia\\.vscode\\extensions\\uqbar.wollok-lsp-ide-0.5.3\\out\\server\\src\\server.js:3:158104)\n    at c:\\Users\\egoytendia\\.vscode\\extensions\\uqbar.wollok-lsp-ide-0.5.3\\out\\server\\src\\server.js:37:57871\n    at Zr (c:\\Users\\egoytendia\\.vscode\\extensions\\uqbar.wollok-lsp-ide-0.5.3\\out\\server\\src\\server.js:8:1561)","timestamp":"2025-12-13T02:58:26.065Z"}
{"level":"info","message":"⌛ Validating parciales/amongUs/tareas.wlk","timeElapsed":114,"timestamp":"2025-12-13T02:58:26.180Z"}
{"level":"info","message":"⌛ Validating parciales/amongUs/tareas.wlk","timeElapsed":117,"timestamp":"2025-12-13T02:58:26.297Z"}
{"level":"info","message":"⌛ Validating parciales/amongUs/tareas.wlk","timeElapsed":121,"timestamp":"2025-12-13T02:58:26.423Z"}
{"level":"info","message":"⌛ Validating parciales/amongUs/tareas.wlk","timeElapsed":114,"timestamp":"2025-12-13T02:58:26.537Z"}
{"level":"info","message":"⌛ Validating parciales/amongUs/tareas.wlk","timeElapsed":118,"timestamp":"2025-12-13T02:58:26.738Z"}
{"level":"info","message":"⌛ Building environment","timeElapsed":106,"timestamp":"2025-12-13T02:58:28.988Z"}
{"level":"info","message":"⌛ Validating parciales/amongUs/tareas.wlk","timeElapsed":113,"timestamp":"2025-12-13T02:58:29.139Z"}
{"level":"info","message":"⌛ Validating parciales/amongUs/tareas.wlk","timeElapsed":108,"timestamp":"2025-12-13T02:58:29.411Z"}
{"level":"info","message":"⌛ Building environment","timeElapsed":111,"timestamp":"2025-12-13T02:58:29.523Z"}
{"level":"info","message":"⌛ Validating parciales/amongUs/tareas.wlk","timeElapsed":111,"timestamp":"2025-12-13T02:58:29.757Z"}
{"level":"info","message":"⌛ Validating parciales/amongUs/tareas.wlk","timeElapsed":114,"timestamp":"2025-12-13T02:58:29.871Z"}
{"level":"info","message":"⌛ Validating parciales/amongUs/tareas.wlk","timeElapsed":104,"timestamp":"2025-12-13T02:58:29.980Z"}
{"level":"info","message":"⌛ Validating parciales/amongUs/tareas.wlk","timeElapsed":115,"timestamp":"2025-12-13T02:58:30.208Z"}
{"level":"info","message":"⌛ Building environment","timeElapsed":122,"timestamp":"2025-12-13T02:58:30.714Z"}
{"level":"info","message":"⌛ Validating parciales/amongUs/tareas.wlk","timeElapsed":114,"timestamp":"2025-12-13T02:58:30.867Z"}
{"level":"info","message":"⌛ Validating parciales/amongUs/tareas.wlk","timeElapsed":115,"timestamp":"2025-12-13T02:58:31.176Z"}
{"level":"info","message":"⌛ Validating parciales/amongUs/tareas.wlk","timeElapsed":118,"timestamp":"2025-12-13T02:58:31.373Z"}
{"level":"info","message":"⌛ Building environment","timeElapsed":106,"timestamp":"2025-12-13T02:58:31.479Z"}
{"level":"info","message":"⌛ Validating parciales/amongUs/tareas.wlk","timeElapsed":160,"timestamp":"2025-12-13T02:58:31.757Z"}
{"level":"info","message":"⌛ Validating parciales/amongUs/tareas.wlk","timeElapsed":118,"timestamp":"2025-12-13T02:58:31.951Z"}
{"level":"info","message":"⌛ Validating parciales/amongUs/tareas.wlk","timeElapsed":112,"timestamp":"2025-12-13T02:58:32.063Z"}
{"level":"info","message":"⌛ Validating parciales/amongUs/tareas.wlk","timeElapsed":129,"timestamp":"2025-12-13T02:58:32.357Z"}
{"level":"info","message":"⌛ Validating parciales/amongUs/tareas.wlk","timeElapsed":117,"timestamp":"2025-12-13T02:58:32.828Z"}
{"level":"info","message":"⌛ Validating parciales/amongUs/tareas.wlk","timeElapsed":106,"timestamp":"2025-12-13T02:58:32.934Z"}
{"level":"info","message":"⌛ Validating parciales/amongUs/tareas.wlk","timeElapsed":170,"timestamp":"2025-12-13T02:58:33.109Z"}
{"level":"info","message":"⌛ Validating parciales/amongUs/tareas.wlk","timeElapsed":153,"timestamp":"2025-12-13T02:58:33.263Z"}
{"level":"info","message":"⌛ Validating parciales/amongUs/tareas.wlk","timeElapsed":106,"timestamp":"2025-12-13T02:58:33.370Z"}
{"level":"info","message":"⌛ Validating parciales/amongUs/tareas.wlk","timeElapsed":123,"timestamp":"2025-12-13T02:58:33.494Z"}
{"level":"info","message":"⌛ Validating parciales/amongUs/tareas.wlk","timeElapsed":109,"timestamp":"2025-12-13T02:58:34.004Z"}
{"level":"info","message":"⌛ Validating parciales/amongUs/tareas.wlk","timeElapsed":130,"timestamp":"2025-12-13T02:58:34.295Z"}
{"level":"info","message":"⌛ Building environment","timeElapsed":177,"timestamp":"2025-12-13T02:58:34.472Z"}
{"level":"info","message":"⌛ Validating parciales/amongUs/tareas.wlk","timeElapsed":116,"timestamp":"2025-12-13T02:58:34.708Z"}
{"level":"info","message":"⌛ Validating parciales/amongUs/tareas.wlk","timeElapsed":130,"timestamp":"2025-12-13T02:58:34.839Z"}
{"level":"info","message":"⌛ Validating parciales/amongUs/tareas.wlk","timeElapsed":106,"timestamp":"2025-12-13T02:58:35.075Z"}
{"level":"info","message":"⌛ Building environment","timeElapsed":117,"timestamp":"2025-12-13T02:58:35.674Z"}
{"level":"error","message":"✘ Completions for node Parameter ([26:38, 26:39] - parciales/amongUs/tareas.wlk) failed: Error: [Parameter]{5ca60d} at parciales/amongUs/tareas.wlk:26 exhausted all cases without a match [Parameter]{5ca60d} at parciales/amongUs/tareas.wlk:26 exhausted all cases without a match","stack":"Error: [Parameter]{5ca60d} at parciales/amongUs/tareas.wlk:26 exhausted all cases without a match\n    at c:\\Users\\egoytendia\\.vscode\\extensions\\uqbar.wollok-lsp-ide-0.5.3\\out\\server\\src\\server.js:38:6142\n    at D2 (c:\\Users\\egoytendia\\.vscode\\extensions\\uqbar.wollok-lsp-ide-0.5.3\\out\\server\\src\\server.js:2384:42)\n    at c:\\Users\\egoytendia\\.vscode\\extensions\\uqbar.wollok-lsp-ide-0.5.3\\out\\server\\src\\server.js:2384:2988\n    at c:\\Users\\egoytendia\\.vscode\\extensions\\uqbar.wollok-lsp-ide-0.5.3\\out\\server\\src\\server.js:2393:8440\n    at c:\\Users\\egoytendia\\.vscode\\extensions\\uqbar.wollok-lsp-ide-0.5.3\\out\\server\\src\\server.js:37:74872\n    at Ye (c:\\Users\\egoytendia\\.vscode\\extensions\\uqbar.wollok-lsp-ide-0.5.3\\out\\server\\src\\server.js:7:8527)\n    at qt (c:\\Users\\egoytendia\\.vscode\\extensions\\uqbar.wollok-lsp-ide-0.5.3\\out\\server\\src\\server.js:7:6189)\n    at ot (c:\\Users\\egoytendia\\.vscode\\extensions\\uqbar.wollok-lsp-ide-0.5.3\\out\\server\\src\\server.js:7:6378)\n    at Immediate._onImmediate (c:\\Users\\egoytendia\\.vscode\\extensions\\uqbar.wollok-lsp-ide-0.5.3\\out\\server\\src\\server.js:7:6142)\n    at process.processImmediate (node:internal/timers:485:21)","timestamp":"2025-12-13T02:58:35.700Z"}
{"level":"info","message":"⌛ Validating parciales/amongUs/tareas.wlk","timeElapsed":112,"timestamp":"2025-12-13T02:58:35.905Z"}
{"level":"error","message":"✘ Completions for node Parameter ([26:38, 26:41] - parciales/amongUs/tareas.wlk) failed: Error: [Parameter]{c37869} at parciales/amongUs/tareas.wlk:26 exhausted all cases without a match [Parameter]{c37869} at parciales/amongUs/tareas.wlk:26 exhausted all cases without a match","stack":"Error: [Parameter]{c37869} at parciales/amongUs/tareas.wlk:26 exhausted all cases without a match\n    at c:\\Users\\egoytendia\\.vscode\\extensions\\uqbar.wollok-lsp-ide-0.5.3\\out\\server\\src\\server.js:38:6142\n    at D2 (c:\\Users\\egoytendia\\.vscode\\extensions\\uqbar.wollok-lsp-ide-0.5.3\\out\\server\\src\\server.js:2384:42)\n    at c:\\Users\\egoytendia\\.vscode\\extensions\\uqbar.wollok-lsp-ide-0.5.3\\out\\server\\src\\server.js:2384:2988\n    at c:\\Users\\egoytendia\\.vscode\\extensions\\uqbar.wollok-lsp-ide-0.5.3\\out\\server\\src\\server.js:2393:8440\n    at c:\\Users\\egoytendia\\.vscode\\extensions\\uqbar.wollok-lsp-ide-0.5.3\\out\\server\\src\\server.js:37:74872\n    at Ye (c:\\Users\\egoytendia\\.vscode\\extensions\\uqbar.wollok-lsp-ide-0.5.3\\out\\server\\src\\server.js:7:8527)\n    at qt (c:\\Users\\egoytendia\\.vscode\\extensions\\uqbar.wollok-lsp-ide-0.5.3\\out\\server\\src\\server.js:7:6189)\n    at ot (c:\\Users\\egoytendia\\.vscode\\extensions\\uqbar.wollok-lsp-ide-0.5.3\\out\\server\\src\\server.js:7:6378)\n    at Immediate._onImmediate (c:\\Users\\egoytendia\\.vscode\\extensions\\uqbar.wollok-lsp-ide-0.5.3\\out\\server\\src\\server.js:7:6142)\n    at process.processImmediate (node:internal/timers:485:21)","timestamp":"2025-12-13T02:58:36.024Z"}
{"level":"info","message":"⌛ Validating parciales/amongUs/tareas.wlk","timeElapsed":110,"timestamp":"2025-12-13T02:58:36.138Z"}
{"level":"error","message":"✘ Completions for node Parameter ([26:38, 26:40] - parciales/amongUs/tareas.wlk) failed: Error: [Parameter]{cdb5c9} at parciales/amongUs/tareas.wlk:26 exhausted all cases without a match [Parameter]{cdb5c9} at parciales/amongUs/tareas.wlk:26 exhausted all cases without a match","stack":"Error: [Parameter]{cdb5c9} at parciales/amongUs/tareas.wlk:26 exhausted all cases without a match\n    at c:\\Users\\egoytendia\\.vscode\\extensions\\uqbar.wollok-lsp-ide-0.5.3\\out\\server\\src\\server.js:38:6142\n    at D2 (c:\\Users\\egoytendia\\.vscode\\extensions\\uqbar.wollok-lsp-ide-0.5.3\\out\\server\\src\\server.js:2384:42)\n    at c:\\Users\\egoytendia\\.vscode\\extensions\\uqbar.wollok-lsp-ide-0.5.3\\out\\server\\src\\server.js:2384:2988\n    at c:\\Users\\egoytendia\\.vscode\\extensions\\uqbar.wollok-lsp-ide-0.5.3\\out\\server\\src\\server.js:2393:8440\n    at c:\\Users\\egoytendia\\.vscode\\extensions\\uqbar.wollok-lsp-ide-0.5.3\\out\\server\\src\\server.js:37:74872\n    at Ye (c:\\Users\\egoytendia\\.vscode\\extensions\\uqbar.wollok-lsp-ide-0.5.3\\out\\server\\src\\server.js:7:8527)\n    at qt (c:\\Users\\egoytendia\\.vscode\\extensions\\uqbar.wollok-lsp-ide-0.5.3\\out\\server\\src\\server.js:7:6189)\n    at ot (c:\\Users\\egoytendia\\.vscode\\extensions\\uqbar.wollok-lsp-ide-0.5.3\\out\\server\\src\\server.js:7:6378)\n    at Immediate._onImmediate (c:\\Users\\egoytendia\\.vscode\\extensions\\uqbar.wollok-lsp-ide-0.5.3\\out\\server\\src\\server.js:7:6142)\n    at process.processImmediate (node:internal/timers:485:21)","timestamp":"2025-12-13T02:58:36.240Z"}
{"level":"info","message":"⌛ Validating parciales/amongUs/tareas.wlk","timeElapsed":115,"timestamp":"2025-12-13T02:58:36.359Z"}
{"level":"info","message":"⌛ Building environment","timeElapsed":105,"timestamp":"2025-12-13T02:58:36.465Z"}
{"level":"info","message":"⌛ Validating parciales/amongUs/tareas.wlk","timeElapsed":120,"timestamp":"2025-12-13T02:58:36.679Z"}
{"level":"info","message":"⌛ Building environment","timeElapsed":104,"timestamp":"2025-12-13T02:58:36.783Z"}
{"level":"error","message":"✘ Completions for node Parameter ([26:38, 26:43] - parciales/amongUs/tareas.wlk) failed: Error: [Parameter]{7d5278} at parciales/amongUs/tareas.wlk:26 exhausted all cases without a match [Parameter]{7d5278} at parciales/amongUs/tareas.wlk:26 exhausted all cases without a match","stack":"Error: [Parameter]{7d5278} at parciales/amongUs/tareas.wlk:26 exhausted all cases without a match\n    at c:\\Users\\egoytendia\\.vscode\\extensions\\uqbar.wollok-lsp-ide-0.5.3\\out\\server\\src\\server.js:38:6142\n    at D2 (c:\\Users\\egoytendia\\.vscode\\extensions\\uqbar.wollok-lsp-ide-0.5.3\\out\\server\\src\\server.js:2384:42)\n    at c:\\Users\\egoytendia\\.vscode\\extensions\\uqbar.wollok-lsp-ide-0.5.3\\out\\server\\src\\server.js:2384:2988\n    at c:\\Users\\egoytendia\\.vscode\\extensions\\uqbar.wollok-lsp-ide-0.5.3\\out\\server\\src\\server.js:2393:8440\n    at c:\\Users\\egoytendia\\.vscode\\extensions\\uqbar.wollok-lsp-ide-0.5.3\\out\\server\\src\\server.js:37:74872\n    at Ye (c:\\Users\\egoytendia\\.vscode\\extensions\\uqbar.wollok-lsp-ide-0.5.3\\out\\server\\src\\server.js:7:8527)\n    at qt (c:\\Users\\egoytendia\\.vscode\\extensions\\uqbar.wollok-lsp-ide-0.5.3\\out\\server\\src\\server.js:7:6189)\n    at ot (c:\\Users\\egoytendia\\.vscode\\extensions\\uqbar.wollok-lsp-ide-0.5.3\\out\\server\\src\\server.js:7:6378)\n    at Immediate._onImmediate (c:\\Users\\egoytendia\\.vscode\\extensions\\uqbar.wollok-lsp-ide-0.5.3\\out\\server\\src\\server.js:7:6142)\n    at process.processImmediate (node:internal/timers:485:21)","timestamp":"2025-12-13T02:58:36.809Z"}
{"level":"info","message":"⌛ Validating parciales/amongUs/tareas.wlk","timeElapsed":121,"timestamp":"2025-12-13T02:58:37.013Z"}
{"level":"info","message":"⌛ Validating parciales/amongUs/tareas.wlk","timeElapsed":119,"timestamp":"2025-12-13T02:58:37.214Z"}
{"level":"info","message":"⌛ Validating parciales/amongUs/tareas.wlk","timeElapsed":103,"timestamp":"2025-12-13T02:58:37.317Z"}
{"level":"info","message":"⌛ Validating parciales/amongUs/tareas.wlk","timeElapsed":115,"timestamp":"2025-12-13T02:58:37.437Z"}
{"level":"info","message":"⌛ Validating parciales/amongUs/tareas.wlk","timeElapsed":110,"timestamp":"2025-12-13T02:58:37.548Z"}
{"level":"info","message":"⌛ Building environment","timeElapsed":106,"timestamp":"2025-12-13T02:58:45.219Z"}
{"level":"info","message":"⌛ Validating parciales/amongUs/tareas.wlk","timeElapsed":113,"timestamp":"2025-12-13T02:58:45.456Z"}
{"level":"info","message":"⌛ Validating parciales/amongUs/tareas.wlk","timeElapsed":112,"timestamp":"2025-12-13T02:58:45.647Z"}
{"level":"info","message":"⌛ Validating parciales/amongUs/tareas.wlk","timeElapsed":110,"timestamp":"2025-12-13T02:58:45.983Z"}
{"level":"info","message":"⌛ Building environment","timeElapsed":136,"timestamp":"2025-12-13T02:58:46.119Z"}
{"level":"info","message":"⌛ Validating parciales/amongUs/tareas.wlk","timeElapsed":111,"timestamp":"2025-12-13T02:58:46.314Z"}
{"level":"info","message":"⌛ Validating parciales/amongUs/tareas.wlk","timeElapsed":102,"timestamp":"2025-12-13T02:58:46.417Z"}
{"level":"info","message":"⌛ Validating parciales/amongUs/tareas.wlk","timeElapsed":106,"timestamp":"2025-12-13T02:58:46.527Z"}
{"level":"info","message":"⌛ Building environment","timeElapsed":241,"timestamp":"2025-12-13T02:58:48.431Z"}
{"level":"error","message":"✘ Completions for node Return ([27:5, 27:13] - parciales/amongUs/tareas.wlk) failed: Error: [Return]{18b744} at parciales/amongUs/tareas.wlk:27 exhausted all cases without a match [Return]{18b744} at parciales/amongUs/tareas.wlk:27 exhausted all cases without a match","stack":"Error: [Return]{18b744} at parciales/amongUs/tareas.wlk:27 exhausted all cases without a match\n    at c:\\Users\\egoytendia\\.vscode\\extensions\\uqbar.wollok-lsp-ide-0.5.3\\out\\server\\src\\server.js:38:6142\n    at D2 (c:\\Users\\egoytendia\\.vscode\\extensions\\uqbar.wollok-lsp-ide-0.5.3\\out\\server\\src\\server.js:2384:42)\n    at Qh (c:\\Users\\egoytendia\\.vscode\\extensions\\uqbar.wollok-lsp-ide-0.5.3\\out\\server\\src\\server.js:2384:1092)\n    at k6n (c:\\Users\\egoytendia\\.vscode\\extensions\\uqbar.wollok-lsp-ide-0.5.3\\out\\server\\src\\server.js:2384:1248)\n    at c:\\Users\\egoytendia\\.vscode\\extensions\\uqbar.wollok-lsp-ide-0.5.3\\out\\server\\src\\server.js:38:6131\n    at D2 (c:\\Users\\egoytendia\\.vscode\\extensions\\uqbar.wollok-lsp-ide-0.5.3\\out\\server\\src\\server.js:2384:42)\n    at c:\\Users\\egoytendia\\.vscode\\extensions\\uqbar.wollok-lsp-ide-0.5.3\\out\\server\\src\\server.js:2384:2988\n    at c:\\Users\\egoytendia\\.vscode\\extensions\\uqbar.wollok-lsp-ide-0.5.3\\out\\server\\src\\server.js:2393:8440\n    at c:\\Users\\egoytendia\\.vscode\\extensions\\uqbar.wollok-lsp-ide-0.5.3\\out\\server\\src\\server.js:37:74872\n    at Ye (c:\\Users\\egoytendia\\.vscode\\extensions\\uqbar.wollok-lsp-ide-0.5.3\\out\\server\\src\\server.js:7:8527)","timestamp":"2025-12-13T02:58:48.531Z"}
{"level":"info","message":"⌛ Validating parciales/amongUs/tareas.wlk","timeElapsed":116,"timestamp":"2025-12-13T02:58:48.845Z"}
{"level":"info","message":"⌛ Building environment","timeElapsed":129,"timestamp":"2025-12-13T02:58:49.066Z"}
{"level":"info","message":"⌛ Validating parciales/amongUs/tareas.wlk","timeElapsed":140,"timestamp":"2025-12-13T02:58:49.209Z"}
{"level":"info","message":"⌛ Validating parciales/amongUs/tareas.wlk","timeElapsed":101,"timestamp":"2025-12-13T02:58:49.310Z"}
{"level":"info","message":"⌛ Validating parciales/amongUs/tareas.wlk","timeElapsed":112,"timestamp":"2025-12-13T02:58:49.429Z"}
{"level":"info","message":"⌛ Validating parciales/amongUs/tareas.wlk","timeElapsed":102,"timestamp":"2025-12-13T02:58:49.531Z"}
{"level":"info","message":"⌛ Validating parciales/amongUs/tareas.wlk","timeElapsed":116,"timestamp":"2025-12-13T02:58:49.875Z"}
{"level":"info","message":"⌛ Validating parciales/amongUs/tareas.wlk","timeElapsed":110,"timestamp":"2025-12-13T02:58:49.986Z"}
{"level":"info","message":"⌛ Building environment","timeElapsed":105,"timestamp":"2025-12-13T02:58:50.264Z"}
{"level":"info","message":"⌛ Validating parciales/amongUs/tareas.wlk","timeElapsed":109,"timestamp":"2025-12-13T02:58:50.374Z"}
{"level":"info","message":"⌛ Validating parciales/amongUs/tareas.wlk","timeElapsed":116,"timestamp":"2025-12-13T02:58:50.572Z"}
{"level":"info","message":"⌛ Validating parciales/amongUs/tareas.wlk","timeElapsed":110,"timestamp":"2025-12-13T02:58:50.767Z"}
{"level":"info","message":"⌛ Validating parciales/amongUs/tareas.wlk","timeElapsed":104,"timestamp":"2025-12-13T02:58:50.871Z"}
{"level":"info","message":"⌛ Validating parciales/amongUs/tareas.wlk","timeElapsed":102,"timestamp":"2025-12-13T02:58:50.979Z"}
{"level":"info","message":"⌛ Validating parciales/amongUs/tareas.wlk","timeElapsed":117,"timestamp":"2025-12-13T02:58:52.615Z"}
{"level":"info","message":"⌛ Validating parciales/amongUs/tareas.wlk","timeElapsed":107,"timestamp":"2025-12-13T02:58:55.504Z"}
{"level":"info","message":"⌛ Validating parciales/amongUs/tareas.wlk","timeElapsed":117,"timestamp":"2025-12-13T02:58:56.797Z"}
{"level":"info","message":"⌛ Validating parciales/amongUs/tareas.wlk","timeElapsed":116,"timestamp":"2025-12-13T02:58:56.993Z"}
{"level":"info","message":"⌛ Building environment","timeElapsed":185,"timestamp":"2025-12-13T02:58:57.254Z"}
{"level":"info","message":"⌛ Validating parciales/amongUs/tareas.wlk","timeElapsed":109,"timestamp":"2025-12-13T02:58:57.364Z"}
{"level":"info","message":"⌛ Validating parciales/amongUs/tareas.wlk","timeElapsed":113,"timestamp":"2025-12-13T02:58:57.553Z"}
{"level":"info","message":"⌛ Validating parciales/amongUs/tareas.wlk","timeElapsed":107,"timestamp":"2025-12-13T02:58:57.665Z"}
{"level":"info","message":"⌛ Validating parciales/amongUs/tareas.wlk","timeElapsed":120,"timestamp":"2025-12-13T02:58:57.865Z"}
{"level":"info","message":"⌛ Building environment","timeElapsed":141,"timestamp":"2025-12-13T02:59:20.568Z"}
{"level":"error","message":"✘ Completions for node ParameterizedType ([24:28, 24:29] - parciales/amongUs/tareas.wlk) failed: Error: [ParameterizedType]{9c0d93} at parciales/amongUs/tareas.wlk:24 exhausted all cases without a match [ParameterizedType]{9c0d93} at parciales/amongUs/tareas.wlk:24 exhausted all cases without a match","stack":"Error: [ParameterizedType]{9c0d93} at parciales/amongUs/tareas.wlk:24 exhausted all cases without a match\n    at c:\\Users\\egoytendia\\.vscode\\extensions\\uqbar.wollok-lsp-ide-0.5.3\\out\\server\\src\\server.js:38:6142\n    at D2 (c:\\Users\\egoytendia\\.vscode\\extensions\\uqbar.wollok-lsp-ide-0.5.3\\out\\server\\src\\server.js:2384:42)\n    at Qh (c:\\Users\\egoytendia\\.vscode\\extensions\\uqbar.wollok-lsp-ide-0.5.3\\out\\server\\src\\server.js:2384:1092)\n    at k6n (c:\\Users\\egoytendia\\.vscode\\extensions\\uqbar.wollok-lsp-ide-0.5.3\\out\\server\\src\\server.js:2384:1248)\n    at c:\\Users\\egoytendia\\.vscode\\extensions\\uqbar.wollok-lsp-ide-0.5.3\\out\\server\\src\\server.js:38:6131\n    at D2 (c:\\Users\\egoytendia\\.vscode\\extensions\\uqbar.wollok-lsp-ide-0.5.3\\out\\server\\src\\server.js:2384:42)\n    at c:\\Users\\egoytendia\\.vscode\\extensions\\uqbar.wollok-lsp-ide-0.5.3\\out\\server\\src\\server.js:2384:2988\n    at c:\\Users\\egoytendia\\.vscode\\extensions\\uqbar.wollok-lsp-ide-0.5.3\\out\\server\\src\\server.js:2393:8440\n    at c:\\Users\\egoytendia\\.vscode\\extensions\\uqbar.wollok-lsp-ide-0.5.3\\out\\server\\src\\server.js:37:74872\n    at Ye (c:\\Users\\egoytendia\\.vscode\\extensions\\uqbar.wollok-lsp-ide-0.5.3\\out\\server\\src\\server.js:7:8527)","timestamp":"2025-12-13T02:59:20.607Z"}
{"level":"info","message":"⌛ Validating parciales/amongUs/tareas.wlk","timeElapsed":118,"timestamp":"2025-12-13T02:59:20.726Z"}
{"level":"info","message":"⌛ Validating parciales/amongUs/tareas.wlk","timeElapsed":117,"timestamp":"2025-12-13T02:59:21.113Z"}
{"level":"info","message":"⌛ Validating parciales/amongUs/tareas.wlk","timeElapsed":111,"timestamp":"2025-12-13T02:59:21.316Z"}
{"level":"info","message":"⌛ Validating parciales/amongUs/tareas.wlk","timeElapsed":120,"timestamp":"2025-12-13T02:59:21.437Z"}
{"level":"info","message":"⌛ Validating parciales/amongUs/tareas.wlk","timeElapsed":102,"timestamp":"2025-12-13T02:59:21.544Z"}
{"level":"info","message":"⌛ Building environment","timeElapsed":110,"timestamp":"2025-12-13T02:59:38.215Z"}
{"level":"info","message":"⌛ Validating parciales/amongUs/tareas.wlk","timeElapsed":167,"timestamp":"2025-12-13T02:59:38.388Z"}
{"level":"info","message":"⌛ Validating parciales/amongUs/tareas.wlk","timeElapsed":130,"timestamp":"2025-12-13T02:59:38.743Z"}
{"level":"info","message":"⌛ Validating parciales/amongUs/tareas.wlk","timeElapsed":117,"timestamp":"2025-12-13T02:59:38.949Z"}
{"level":"info","message":"⌛ Validating parciales/amongUs/tareas.wlk","timeElapsed":106,"timestamp":"2025-12-13T02:59:39.059Z"}
{"level":"info","message":"⌛ Validating parciales/amongUs/tareas.wlk","timeElapsed":112,"timestamp":"2025-12-13T02:59:39.301Z"}
{"level":"info","message":"⌛ Building environment","timeElapsed":111,"timestamp":"2025-12-13T02:59:40.050Z"}
{"level":"error","message":"✘ Completions for node Send ([27:12, 27:45] - parciales/amongUs/tareas.wlk) failed: Error: [Send]{ed651b} at parciales/amongUs/tareas.wlk:27 exhausted all cases without a match [Send]{ed651b} at parciales/amongUs/tareas.wlk:27 exhausted all cases without a match","stack":"Error: [Send]{ed651b} at parciales/amongUs/tareas.wlk:27 exhausted all cases without a match\n    at c:\\Users\\egoytendia\\.vscode\\extensions\\uqbar.wollok-lsp-ide-0.5.3\\out\\server\\src\\server.js:38:6142\n    at D2 (c:\\Users\\egoytendia\\.vscode\\extensions\\uqbar.wollok-lsp-ide-0.5.3\\out\\server\\src\\server.js:2384:42)\n    at Qh (c:\\Users\\egoytendia\\.vscode\\extensions\\uqbar.wollok-lsp-ide-0.5.3\\out\\server\\src\\server.js:2384:1092)\n    at k6n (c:\\Users\\egoytendia\\.vscode\\extensions\\uqbar.wollok-lsp-ide-0.5.3\\out\\server\\src\\server.js:2384:1248)\n    at c:\\Users\\egoytendia\\.vscode\\extensions\\uqbar.wollok-lsp-ide-0.5.3\\out\\server\\src\\server.js:38:6131\n    at D2 (c:\\Users\\egoytendia\\.vscode\\extensions\\uqbar.wollok-lsp-ide-0.5.3\\out\\server\\src\\server.js:2384:42)\n    at c:\\Users\\egoytendia\\.vscode\\extensions\\uqbar.wollok-lsp-ide-0.5.3\\out\\server\\src\\server.js:2384:2988\n    at c:\\Users\\egoytendia\\.vscode\\extensions\\uqbar.wollok-lsp-ide-0.5.3\\out\\server\\src\\server.js:2393:8440\n    at c:\\Users\\egoytendia\\.vscode\\extensions\\uqbar.wollok-lsp-ide-0.5.3\\out\\server\\src\\server.js:37:74872\n    at Ye (c:\\Users\\egoytendia\\.vscode\\extensions\\uqbar.wollok-lsp-ide-0.5.3\\out\\server\\src\\server.js:7:8527)","timestamp":"2025-12-13T02:59:40.089Z"}
{"level":"error","message":"✘ Completions for node Return ([27:5, 27:45] - parciales/amongUs/tareas.wlk) failed: Error: [Return]{e7c767} at parciales/amongUs/tareas.wlk:27 exhausted all cases without a match [Return]{e7c767} at parciales/amongUs/tareas.wlk:27 exhausted all cases without a match","stack":"Error: [Return]{e7c767} at parciales/amongUs/tareas.wlk:27 exhausted all cases without a match\n    at c:\\Users\\egoytendia\\.vscode\\extensions\\uqbar.wollok-lsp-ide-0.5.3\\out\\server\\src\\server.js:38:6142\n    at D2 (c:\\Users\\egoytendia\\.vscode\\extensions\\uqbar.wollok-lsp-ide-0.5.3\\out\\server\\src\\server.js:2384:42)\n    at Qh (c:\\Users\\egoytendia\\.vscode\\extensions\\uqbar.wollok-lsp-ide-0.5.3\\out\\server\\src\\server.js:2384:1092)\n    at D2 (c:\\Users\\egoytendia\\.vscode\\extensions\\uqbar.wollok-lsp-ide-0.5.3\\out\\server\\src\\server.js:2384:544)\n    at Qh (c:\\Users\\egoytendia\\.vscode\\extensions\\uqbar.wollok-lsp-ide-0.5.3\\out\\server\\src\\server.js:2384:1092)\n    at k6n (c:\\Users\\egoytendia\\.vscode\\extensions\\uqbar.wollok-lsp-ide-0.5.3\\out\\server\\src\\server.js:2384:1248)\n    at c:\\Users\\egoytendia\\.vscode\\extensions\\uqbar.wollok-lsp-ide-0.5.3\\out\\server\\src\\server.js:38:6131\n    at D2 (c:\\Users\\egoytendia\\.vscode\\extensions\\uqbar.wollok-lsp-ide-0.5.3\\out\\server\\src\\server.js:2384:42)\n    at c:\\Users\\egoytendia\\.vscode\\extensions\\uqbar.wollok-lsp-ide-0.5.3\\out\\server\\src\\server.js:2384:2988\n    at c:\\Users\\egoytendia\\.vscode\\extensions\\uqbar.wollok-lsp-ide-0.5.3\\out\\server\\src\\server.js:2393:8440","timestamp":"2025-12-13T02:59:40.089Z"}
{"level":"info","message":"⌛ Validating parciales/amongUs/tareas.wlk","timeElapsed":118,"timestamp":"2025-12-13T02:59:40.307Z"}
{"level":"info","message":"⌛ Validating parciales/amongUs/tareas.wlk","timeElapsed":106,"timestamp":"2025-12-13T02:59:40.489Z"}
{"level":"info","message":"⌛ Validating parciales/amongUs/tareas.wlk","timeElapsed":118,"timestamp":"2025-12-13T02:59:40.613Z"}
{"level":"info","message":"⌛ Validating parciales/amongUs/tareas.wlk","timeElapsed":113,"timestamp":"2025-12-13T02:59:41.003Z"}
{"level":"info","message":"⌛ Validating parciales/amongUs/tareas.wlk","timeElapsed":108,"timestamp":"2025-12-13T02:59:41.226Z"}
{"level":"info","message":"⌛ Building environment","timeElapsed":109,"timestamp":"2025-12-13T02:59:41.895Z"}
{"level":"info","message":"⌛ Validating parciales/amongUs/tareas.wlk","timeElapsed":121,"timestamp":"2025-12-13T02:59:42.105Z"}
{"level":"info","message":"⌛ Validating parciales/amongUs/tareas.wlk","timeElapsed":116,"timestamp":"2025-12-13T02:59:42.220Z"}
{"level":"info","message":"⌛ Building environment","timeElapsed":168,"timestamp":"2025-12-13T02:59:42.568Z"}
{"level":"info","message":"⌛ Validating parciales/amongUs/tareas.wlk","timeElapsed":117,"timestamp":"2025-12-13T02:59:42.694Z"}
{"level":"info","message":"⌛ Validating parciales/amongUs/tareas.wlk","timeElapsed":114,"timestamp":"2025-12-13T02:59:42.809Z"}
{"level":"info","message":"⌛ Validating parciales/amongUs/tareas.wlk","timeElapsed":109,"timestamp":"2025-12-13T02:59:42.923Z"}
{"level":"info","message":"⌛ Building environment","timeElapsed":126,"timestamp":"2025-12-13T02:59:43.352Z"}
{"level":"info","message":"⌛ Validating parciales/amongUs/tareas.wlk","timeElapsed":111,"timestamp":"2025-12-13T02:59:43.463Z"}
{"level":"info","message":"⌛ Building environment","timeElapsed":131,"timestamp":"2025-12-13T02:59:45.350Z"}
{"level":"info","message":"⌛ Validating parciales/amongUs/tareas.wlk","timeElapsed":126,"timestamp":"2025-12-13T02:59:45.476Z"}
{"level":"info","message":"⌛ Building environment","timeElapsed":101,"timestamp":"2025-12-13T02:59:45.961Z"}
{"level":"info","message":"⌛ Validating parciales/amongUs/tareas.wlk","timeElapsed":112,"timestamp":"2025-12-13T02:59:46.165Z"}
{"level":"info","message":"⌛ Validating parciales/amongUs/tareas.wlk","timeElapsed":105,"timestamp":"2025-12-13T02:59:46.270Z"}
{"level":"info","message":"⌛ Building environment","timeElapsed":117,"timestamp":"2025-12-13T02:59:46.389Z"}
{"level":"info","message":"⌛ Validating parciales/amongUs/tareas.wlk","timeElapsed":114,"timestamp":"2025-12-13T02:59:46.695Z"}
{"level":"info","message":"⌛ Validating parciales/amongUs/tareas.wlk","timeElapsed":102,"timestamp":"2025-12-13T02:59:46.798Z"}
{"level":"info","message":"⌛ Validating parciales/amongUs/tareas.wlk","timeElapsed":109,"timestamp":"2025-12-13T02:59:46.913Z"}
{"level":"info","message":"⌛ Building environment","timeElapsed":106,"timestamp":"2025-12-13T02:59:47.696Z"}
{"level":"info","message":"⌛ Validating parciales/amongUs/tareas.wlk","timeElapsed":122,"timestamp":"2025-12-13T02:59:47.819Z"}
{"level":"info","message":"⌛ Validating parciales/amongUs/tareas.wlk","timeElapsed":107,"timestamp":"2025-12-13T02:59:48.247Z"}
{"level":"info","message":"⌛ Validating parciales/amongUs/tareas.wlk","timeElapsed":107,"timestamp":"2025-12-13T02:59:48.354Z"}
{"level":"info","message":"⌛ Validating parciales/amongUs/tareas.wlk","timeElapsed":116,"timestamp":"2025-12-13T02:59:48.558Z"}
{"level":"info","message":"⌛ Building environment","timeElapsed":108,"timestamp":"2025-12-13T02:59:48.781Z"}
{"level":"info","message":"⌛ Validating parciales/amongUs/tareas.wlk","timeElapsed":116,"timestamp":"2025-12-13T02:59:48.902Z"}
{"level":"info","message":"⌛ Validating parciales/amongUs/tareas.wlk","timeElapsed":114,"timestamp":"2025-12-13T02:59:49.099Z"}
{"level":"info","message":"⌛ Building environment","timeElapsed":108,"timestamp":"2025-12-13T02:59:49.285Z"}
{"level":"info","message":"⌛ Validating parciales/amongUs/tareas.wlk","timeElapsed":125,"timestamp":"2025-12-13T02:59:49.495Z"}
{"level":"info","message":"⌛ Building environment","timeElapsed":113,"timestamp":"2025-12-13T02:59:49.609Z"}
{"level":"info","message":"⌛ Validating parciales/amongUs/tareas.wlk","timeElapsed":115,"timestamp":"2025-12-13T02:59:49.724Z"}
{"level":"info","message":"⌛ Validating parciales/amongUs/tareas.wlk","timeElapsed":107,"timestamp":"2025-12-13T02:59:49.831Z"}
{"level":"info","message":"⌛ Building environment","timeElapsed":170,"timestamp":"2025-12-13T02:59:50.180Z"}
{"level":"info","message":"⌛ Validating parciales/amongUs/tareas.wlk","timeElapsed":112,"timestamp":"2025-12-13T02:59:50.293Z"}
{"level":"info","message":"⌛ Validating parciales/amongUs/tareas.wlk","timeElapsed":113,"timestamp":"2025-12-13T02:59:50.492Z"}
{"level":"info","message":"⌛ Building environment","timeElapsed":135,"timestamp":"2025-12-13T02:59:50.627Z"}
{"level":"info","message":"⌛ Validating parciales/amongUs/tareas.wlk","timeElapsed":111,"timestamp":"2025-12-13T02:59:50.739Z"}
{"level":"info","message":"⌛ Validating parciales/amongUs/tareas.wlk","timeElapsed":103,"timestamp":"2025-12-13T02:59:50.920Z"}
{"level":"info","message":"⌛ Validating parciales/amongUs/tareas.wlk","timeElapsed":105,"timestamp":"2025-12-13T02:59:51.031Z"}
{"level":"info","message":"⌛ Building environment","timeElapsed":108,"timestamp":"2025-12-13T02:59:52.017Z"}
{"level":"info","message":"⌛ Validating parciales/amongUs/tareas.wlk","timeElapsed":118,"timestamp":"2025-12-13T02:59:52.136Z"}
{"level":"info","message":"⌛ Validating parciales/amongUs/tareas.wlk","timeElapsed":277,"timestamp":"2025-12-13T02:59:52.740Z"}
{"level":"info","message":"⌛ Validating parciales/amongUs/tareas.wlk","timeElapsed":257,"timestamp":"2025-12-13T02:59:52.997Z"}
{"level":"info","message":"⌛ Validating parciales/amongUs/tareas.wlk","timeElapsed":267,"timestamp":"2025-12-13T02:59:53.265Z"}
{"level":"info","message":"⌛ Building environment","timeElapsed":127,"timestamp":"2025-12-13T03:00:09.247Z"}
{"level":"info","message":"⌛ Validating parciales/amongUs/tareas.wlk","timeElapsed":158,"timestamp":"2025-12-13T03:00:09.406Z"}
{"level":"info","message":"⌛ Validating parciales/amongUs/tareas.wlk","timeElapsed":115,"timestamp":"2025-12-13T03:00:09.819Z"}
{"level":"info","message":"⌛ Building environment","timeElapsed":231,"timestamp":"2025-12-13T03:00:11.344Z"}
{"level":"info","message":"⌛ Validating parciales/amongUs/tareas.wlk","timeElapsed":111,"timestamp":"2025-12-13T03:00:11.567Z"}
{"level":"info","message":"⌛ Validating parciales/amongUs/tareas.wlk","timeElapsed":148,"timestamp":"2025-12-13T03:00:11.721Z"}
{"level":"info","message":"⌛ Building environment","timeElapsed":148,"timestamp":"2025-12-13T03:00:12.582Z"}
{"level":"info","message":"⌛ Validating parciales/amongUs/tareas.wlk","timeElapsed":118,"timestamp":"2025-12-13T03:00:12.707Z"}
{"level":"info","message":"⌛ Building environment","timeElapsed":114,"timestamp":"2025-12-13T03:00:13.464Z"}
{"level":"info","message":"⌛ Validating parciales/amongUs/tareas.wlk","timeElapsed":115,"timestamp":"2025-12-13T03:00:13.697Z"}
{"level":"info","message":"⌛ Validating parciales/amongUs/tareas.wlk","timeElapsed":118,"timestamp":"2025-12-13T03:00:13.896Z"}
{"level":"info","message":"⌛ Validating parciales/amongUs/tareas.wlk","timeElapsed":111,"timestamp":"2025-12-13T03:00:14.186Z"}
{"level":"info","message":"⌛ Validating parciales/amongUs/tareas.wlk","timeElapsed":116,"timestamp":"2025-12-13T03:00:14.496Z"}
{"level":"info","message":"⌛ Validating parciales/amongUs/tareas.wlk","timeElapsed":116,"timestamp":"2025-12-13T03:00:14.689Z"}
{"level":"info","message":"⌛ Validating parciales/amongUs/tareas.wlk","timeElapsed":102,"timestamp":"2025-12-13T03:00:14.797Z"}
{"level":"info","message":"⌛ Validating parciales/amongUs/tareas.wlk","timeElapsed":107,"timestamp":"2025-12-13T03:00:14.904Z"}
{"level":"info","message":"⌛ Validating parciales/amongUs/tareas.wlk","timeElapsed":104,"timestamp":"2025-12-13T03:00:15.009Z"}
{"level":"info","message":"⌛ Validating parciales/amongUs/tareas.wlk","timeElapsed":110,"timestamp":"2025-12-13T03:00:15.403Z"}
{"level":"info","message":"⌛ Building environment","timeElapsed":159,"timestamp":"2025-12-13T03:00:15.561Z"}
{"level":"info","message":"⌛ Validating parciales/amongUs/tareas.wlk","timeElapsed":115,"timestamp":"2025-12-13T03:00:15.705Z"}
{"level":"info","message":"⌛ Validating parciales/amongUs/tareas.wlk","timeElapsed":105,"timestamp":"2025-12-13T03:00:15.885Z"}
{"level":"info","message":"⌛ Validating parciales/amongUs/tareas.wlk","timeElapsed":103,"timestamp":"2025-12-13T03:00:16.089Z"}
{"level":"info","message":"⌛ Building environment","timeElapsed":102,"timestamp":"2025-12-13T03:00:16.568Z"}
{"level":"error","message":"✘ Completions for node Parameter ([30:24, 30:25] - parciales/amongUs/tareas.wlk) failed: Error: [Parameter]{fe50ee} at parciales/amongUs/tareas.wlk:30 exhausted all cases without a match [Parameter]{fe50ee} at parciales/amongUs/tareas.wlk:30 exhausted all cases without a match","stack":"Error: [Parameter]{fe50ee} at parciales/amongUs/tareas.wlk:30 exhausted all cases without a match\n    at c:\\Users\\egoytendia\\.vscode\\extensions\\uqbar.wollok-lsp-ide-0.5.3\\out\\server\\src\\server.js:38:6142\n    at D2 (c:\\Users\\egoytendia\\.vscode\\extensions\\uqbar.wollok-lsp-ide-0.5.3\\out\\server\\src\\server.js:2384:42)\n    at c:\\Users\\egoytendia\\.vscode\\extensions\\uqbar.wollok-lsp-ide-0.5.3\\out\\server\\src\\server.js:2384:2988\n    at c:\\Users\\egoytendia\\.vscode\\extensions\\uqbar.wollok-lsp-ide-0.5.3\\out\\server\\src\\server.js:2393:8440\n    at c:\\Users\\egoytendia\\.vscode\\extensions\\uqbar.wollok-lsp-ide-0.5.3\\out\\server\\src\\server.js:37:74872\n    at Ye (c:\\Users\\egoytendia\\.vscode\\extensions\\uqbar.wollok-lsp-ide-0.5.3\\out\\server\\src\\server.js:7:8527)\n    at qt (c:\\Users\\egoytendia\\.vscode\\extensions\\uqbar.wollok-lsp-ide-0.5.3\\out\\server\\src\\server.js:7:6189)\n    at ot (c:\\Users\\egoytendia\\.vscode\\extensions\\uqbar.wollok-lsp-ide-0.5.3\\out\\server\\src\\server.js:7:6378)\n    at Immediate._onImmediate (c:\\Users\\egoytendia\\.vscode\\extensions\\uqbar.wollok-lsp-ide-0.5.3\\out\\server\\src\\server.js:7:6142)\n    at process.processImmediate (node:internal/timers:485:21)","timestamp":"2025-12-13T03:00:16.599Z"}
{"level":"info","message":"⌛ Validating parciales/amongUs/tareas.wlk","timeElapsed":143,"timestamp":"2025-12-13T03:00:16.829Z"}
{"level":"info","message":"⌛ Building environment","timeElapsed":151,"timestamp":"2025-12-13T03:00:16.981Z"}
{"level":"info","message":"⌛ Validating parciales/amongUs/tareas.wlk","timeElapsed":138,"timestamp":"2025-12-13T03:00:17.120Z"}
{"level":"error","message":"✘ Completions for node Parameter ([30:24, 30:27] - parciales/amongUs/tareas.wlk) failed: Error: [Parameter]{c176bb} at parciales/amongUs/tareas.wlk:30 exhausted all cases without a match [Parameter]{c176bb} at parciales/amongUs/tareas.wlk:30 exhausted all cases without a match","stack":"Error: [Parameter]{c176bb} at parciales/amongUs/tareas.wlk:30 exhausted all cases without a match\n    at c:\\Users\\egoytendia\\.vscode\\extensions\\uqbar.wollok-lsp-ide-0.5.3\\out\\server\\src\\server.js:38:6142\n    at D2 (c:\\Users\\egoytendia\\.vscode\\extensions\\uqbar.wollok-lsp-ide-0.5.3\\out\\server\\src\\server.js:2384:42)\n    at c:\\Users\\egoytendia\\.vscode\\extensions\\uqbar.wollok-lsp-ide-0.5.3\\out\\server\\src\\server.js:2384:2988\n    at c:\\Users\\egoytendia\\.vscode\\extensions\\uqbar.wollok-lsp-ide-0.5.3\\out\\server\\src\\server.js:2393:8440\n    at c:\\Users\\egoytendia\\.vscode\\extensions\\uqbar.wollok-lsp-ide-0.5.3\\out\\server\\src\\server.js:37:74872\n    at Ye (c:\\Users\\egoytendia\\.vscode\\extensions\\uqbar.wollok-lsp-ide-0.5.3\\out\\server\\src\\server.js:7:8527)\n    at qt (c:\\Users\\egoytendia\\.vscode\\extensions\\uqbar.wollok-lsp-ide-0.5.3\\out\\server\\src\\server.js:7:6189)\n    at ot (c:\\Users\\egoytendia\\.vscode\\extensions\\uqbar.wollok-lsp-ide-0.5.3\\out\\server\\src\\server.js:7:6378)\n    at Immediate._onImmediate (c:\\Users\\egoytendia\\.vscode\\extensions\\uqbar.wollok-lsp-ide-0.5.3\\out\\server\\src\\server.js:7:6142)\n    at process.processImmediate (node:internal/timers:485:21)","timestamp":"2025-12-13T03:00:17.150Z"}
{"level":"info","message":"⌛ Validating parciales/amongUs/tareas.wlk","timeElapsed":121,"timestamp":"2025-12-13T03:00:17.441Z"}
{"level":"info","message":"⌛ Validating parciales/amongUs/tareas.wlk","timeElapsed":107,"timestamp":"2025-12-13T03:00:17.653Z"}
{"level":"error","message":"✘ Completions for node Parameter ([30:24, 30:30] - parciales/amongUs/tareas.wlk) failed: Error: [Parameter]{935e32} at parciales/amongUs/tareas.wlk:30 exhausted all cases without a match [Parameter]{935e32} at parciales/amongUs/tareas.wlk:30 exhausted all cases without a match","stack":"Error: [Parameter]{935e32} at parciales/amongUs/tareas.wlk:30 exhausted all cases without a match\n    at c:\\Users\\egoytendia\\.vscode\\extensions\\uqbar.wollok-lsp-ide-0.5.3\\out\\server\\src\\server.js:38:6142\n    at D2 (c:\\Users\\egoytendia\\.vscode\\extensions\\uqbar.wollok-lsp-ide-0.5.3\\out\\server\\src\\server.js:2384:42)\n    at c:\\Users\\egoytendia\\.vscode\\extensions\\uqbar.wollok-lsp-ide-0.5.3\\out\\server\\src\\server.js:2384:2988\n    at c:\\Users\\egoytendia\\.vscode\\extensions\\uqbar.wollok-lsp-ide-0.5.3\\out\\server\\src\\server.js:2393:8440\n    at c:\\Users\\egoytendia\\.vscode\\extensions\\uqbar.wollok-lsp-ide-0.5.3\\out\\server\\src\\server.js:37:74872\n    at Ye (c:\\Users\\egoytendia\\.vscode\\extensions\\uqbar.wollok-lsp-ide-0.5.3\\out\\server\\src\\server.js:7:8527)\n    at qt (c:\\Users\\egoytendia\\.vscode\\extensions\\uqbar.wollok-lsp-ide-0.5.3\\out\\server\\src\\server.js:7:6189)\n    at ot (c:\\Users\\egoytendia\\.vscode\\extensions\\uqbar.wollok-lsp-ide-0.5.3\\out\\server\\src\\server.js:7:6378)\n    at Immediate._onImmediate (c:\\Users\\egoytendia\\.vscode\\extensions\\uqbar.wollok-lsp-ide-0.5.3\\out\\server\\src\\server.js:7:6142)\n    at process.processImmediate (node:internal/timers:485:21)","timestamp":"2025-12-13T03:00:17.760Z"}
{"level":"info","message":"⌛ Validating parciales/amongUs/tareas.wlk","timeElapsed":121,"timestamp":"2025-12-13T03:00:17.976Z"}
{"level":"info","message":"⌛ Validating parciales/amongUs/tareas.wlk","timeElapsed":115,"timestamp":"2025-12-13T03:00:19.182Z"}
{"level":"info","message":"⌛ Validating parciales/amongUs/tareas.wlk","timeElapsed":104,"timestamp":"2025-12-13T03:00:19.286Z"}
{"level":"info","message":"⌛ Building environment","timeElapsed":110,"timestamp":"2025-12-13T03:00:19.912Z"}
{"level":"info","message":"⌛ Validating parciales/amongUs/tareas.wlk","timeElapsed":110,"timestamp":"2025-12-13T03:00:20.023Z"}
{"level":"error","message":"✘ Completions for node Send ([31:5, 31:10] - parciales/amongUs/tareas.wlk) failed: Error: [Send]{ab7323} at parciales/amongUs/tareas.wlk:31 exhausted all cases without a match [Send]{ab7323} at parciales/amongUs/tareas.wlk:31 exhausted all cases without a match","stack":"Error: [Send]{ab7323} at parciales/amongUs/tareas.wlk:31 exhausted all cases without a match\n    at c:\\Users\\egoytendia\\.vscode\\extensions\\uqbar.wollok-lsp-ide-0.5.3\\out\\server\\src\\server.js:38:6142\n    at D2 (c:\\Users\\egoytendia\\.vscode\\extensions\\uqbar.wollok-lsp-ide-0.5.3\\out\\server\\src\\server.js:2384:42)\n    at Qh (c:\\Users\\egoytendia\\.vscode\\extensions\\uqbar.wollok-lsp-ide-0.5.3\\out\\server\\src\\server.js:2384:1092)\n    at k6n (c:\\Users\\egoytendia\\.vscode\\extensions\\uqbar.wollok-lsp-ide-0.5.3\\out\\server\\src\\server.js:2384:1248)\n    at c:\\Users\\egoytendia\\.vscode\\extensions\\uqbar.wollok-lsp-ide-0.5.3\\out\\server\\src\\server.js:38:6131\n    at D2 (c:\\Users\\egoytendia\\.vscode\\extensions\\uqbar.wollok-lsp-ide-0.5.3\\out\\server\\src\\server.js:2384:42)\n    at c:\\Users\\egoytendia\\.vscode\\extensions\\uqbar.wollok-lsp-ide-0.5.3\\out\\server\\src\\server.js:2384:2988\n    at c:\\Users\\egoytendia\\.vscode\\extensions\\uqbar.wollok-lsp-ide-0.5.3\\out\\server\\src\\server.js:2393:8440\n    at c:\\Users\\egoytendia\\.vscode\\extensions\\uqbar.wollok-lsp-ide-0.5.3\\out\\server\\src\\server.js:37:74872\n    at Ye (c:\\Users\\egoytendia\\.vscode\\extensions\\uqbar.wollok-lsp-ide-0.5.3\\out\\server\\src\\server.js:7:8527)","timestamp":"2025-12-13T03:00:20.748Z"}
{"level":"info","message":"⌛ Validating parciales/amongUs/tareas.wlk","timeElapsed":121,"timestamp":"2025-12-13T03:00:20.873Z"}
{"level":"info","message":"⌛ Building environment","timeElapsed":157,"timestamp":"2025-12-13T03:00:21.117Z"}
{"level":"info","message":"⌛ Validating parciales/amongUs/tareas.wlk","timeElapsed":119,"timestamp":"2025-12-13T03:00:21.334Z"}
{"level":"info","message":"⌛ Validating parciales/amongUs/tareas.wlk","timeElapsed":157,"timestamp":"2025-12-13T03:00:21.615Z"}
{"level":"info","message":"⌛ Validating parciales/amongUs/tareas.wlk","timeElapsed":137,"timestamp":"2025-12-13T03:00:21.753Z"}
{"level":"info","message":"⌛ Validating parciales/amongUs/tareas.wlk","timeElapsed":110,"timestamp":"2025-12-13T03:00:21.864Z"}
{"level":"info","message":"⌛ Building environment","timeElapsed":143,"timestamp":"2025-12-13T03:00:22.821Z"}
{"level":"info","message":"⌛ Validating parciales/amongUs/tareas.wlk","timeElapsed":165,"timestamp":"2025-12-13T03:00:22.986Z"}
{"level":"info","message":"⌛ Validating parciales/amongUs/tareas.wlk","timeElapsed":109,"timestamp":"2025-12-13T03:00:23.349Z"}
{"level":"info","message":"⌛ Validating parciales/amongUs/tareas.wlk","timeElapsed":110,"timestamp":"2025-12-13T03:00:23.537Z"}
{"level":"info","message":"⌛ Validating parciales/amongUs/tareas.wlk","timeElapsed":110,"timestamp":"2025-12-13T03:00:23.647Z"}
{"level":"info","message":"⌛ Building environment","timeElapsed":127,"timestamp":"2025-12-13T03:00:24.937Z"}
{"level":"info","message":"⌛ Validating parciales/amongUs/tareas.wlk","timeElapsed":128,"timestamp":"2025-12-13T03:00:25.066Z"}
{"level":"info","message":"⌛ Building environment","timeElapsed":151,"timestamp":"2025-12-13T03:00:27.964Z"}
{"level":"info","message":"⌛ Validating parciales/amongUs/tareas.wlk","timeElapsed":122,"timestamp":"2025-12-13T03:00:28.184Z"}
{"level":"info","message":"⌛ Validating parciales/amongUs/tareas.wlk","timeElapsed":117,"timestamp":"2025-12-13T03:00:28.364Z"}
{"level":"info","message":"⌛ Building environment","timeElapsed":141,"timestamp":"2025-12-13T03:00:48.599Z"}
{"level":"error","message":"✘ Completions for node If ([31:5, 33:6] - parciales/amongUs/tareas.wlk) failed: Error: [If]{3a04c2} at parciales/amongUs/tareas.wlk:31 exhausted all cases without a match [If]{3a04c2} at parciales/amongUs/tareas.wlk:31 exhausted all cases without a match","stack":"Error: [If]{3a04c2} at parciales/amongUs/tareas.wlk:31 exhausted all cases without a match\n    at c:\\Users\\egoytendia\\.vscode\\extensions\\uqbar.wollok-lsp-ide-0.5.3\\out\\server\\src\\server.js:38:6142\n    at D2 (c:\\Users\\egoytendia\\.vscode\\extensions\\uqbar.wollok-lsp-ide-0.5.3\\out\\server\\src\\server.js:2384:42)\n    at Qh (c:\\Users\\egoytendia\\.vscode\\extensions\\uqbar.wollok-lsp-ide-0.5.3\\out\\server\\src\\server.js:2384:1092)\n    at v6n (c:\\Users\\egoytendia\\.vscode\\extensions\\uqbar.wollok-lsp-ide-0.5.3\\out\\server\\src\\server.js:2384:818)\n    at c:\\Users\\egoytendia\\.vscode\\extensions\\uqbar.wollok-lsp-ide-0.5.3\\out\\server\\src\\server.js:38:6131\n    at D2 (c:\\Users\\egoytendia\\.vscode\\extensions\\uqbar.wollok-lsp-ide-0.5.3\\out\\server\\src\\server.js:2384:42)\n    at Qh (c:\\Users\\egoytendia\\.vscode\\extensions\\uqbar.wollok-lsp-ide-0.5.3\\out\\server\\src\\server.js:2384:1092)\n    at k6n (c:\\Users\\egoytendia\\.vscode\\extensions\\uqbar.wollok-lsp-ide-0.5.3\\out\\server\\src\\server.js:2384:1248)\n    at c:\\Users\\egoytendia\\.vscode\\extensions\\uqbar.wollok-lsp-ide-0.5.3\\out\\server\\src\\server.js:38:6131\n    at D2 (c:\\Users\\egoytendia\\.vscode\\extensions\\uqbar.wollok-lsp-ide-0.5.3\\out\\server\\src\\server.js:2384:42)","timestamp":"2025-12-13T03:00:48.636Z"}
{"level":"info","message":"⌛ Validating parciales/amongUs/tareas.wlk","timeElapsed":137,"timestamp":"2025-12-13T03:00:48.869Z"}
{"level":"info","message":"⌛ Validating parciales/amongUs/tareas.wlk","timeElapsed":105,"timestamp":"2025-12-13T03:00:48.974Z"}
{"level":"info","message":"⌛ Validating parciales/amongUs/tareas.wlk","timeElapsed":111,"timestamp":"2025-12-13T03:00:49.372Z"}
{"level":"info","message":"⌛ Validating parciales/amongUs/tareas.wlk","timeElapsed":116,"timestamp":"2025-12-13T03:00:49.677Z"}
{"level":"info","message":"⌛ Validating parciales/amongUs/tareas.wlk","timeElapsed":115,"timestamp":"2025-12-13T03:00:49.868Z"}
{"level":"info","message":"⌛ Validating parciales/amongUs/tareas.wlk","timeElapsed":109,"timestamp":"2025-12-13T03:00:49.982Z"}
{"level":"info","message":"⌛ Validating parciales/amongUs/tareas.wlk","timeElapsed":149,"timestamp":"2025-12-13T03:00:50.472Z"}
{"level":"info","message":"⌛ Validating parciales/amongUs/tareas.wlk","timeElapsed":114,"timestamp":"2025-12-13T03:00:51.389Z"}
{"level":"info","message":"⌛ Validating parciales/amongUs/tareas.wlk","timeElapsed":115,"timestamp":"2025-12-13T03:00:51.505Z"}
{"level":"info","message":"⌛ Building environment","timeElapsed":116,"timestamp":"2025-12-13T03:00:51.704Z"}
{"level":"info","message":"⌛ Validating parciales/amongUs/tareas.wlk","timeElapsed":109,"timestamp":"2025-12-13T03:00:51.897Z"}
{"level":"info","message":"⌛ Validating parciales/amongUs/tareas.wlk","timeElapsed":108,"timestamp":"2025-12-13T03:00:52.005Z"}
{"level":"info","message":"⌛ Building environment","timeElapsed":112,"timestamp":"2025-12-13T03:00:52.559Z"}
{"level":"error","message":"✘ Completions for node If ([31:5, 33:6] - parciales/amongUs/tareas.wlk) failed: Error: [If]{5c85ec} at parciales/amongUs/tareas.wlk:31 exhausted all cases without a match [If]{5c85ec} at parciales/amongUs/tareas.wlk:31 exhausted all cases without a match","stack":"Error: [If]{5c85ec} at parciales/amongUs/tareas.wlk:31 exhausted all cases without a match\n    at c:\\Users\\egoytendia\\.vscode\\extensions\\uqbar.wollok-lsp-ide-0.5.3\\out\\server\\src\\server.js:38:6142\n    at D2 (c:\\Users\\egoytendia\\.vscode\\extensions\\uqbar.wollok-lsp-ide-0.5.3\\out\\server\\src\\server.js:2384:42)\n    at Qh (c:\\Users\\egoytendia\\.vscode\\extensions\\uqbar.wollok-lsp-ide-0.5.3\\out\\server\\src\\server.js:2384:1092)\n    at v6n (c:\\Users\\egoytendia\\.vscode\\extensions\\uqbar.wollok-lsp-ide-0.5.3\\out\\server\\src\\server.js:2384:818)\n    at c:\\Users\\egoytendia\\.vscode\\extensions\\uqbar.wollok-lsp-ide-0.5.3\\out\\server\\src\\server.js:38:6131\n    at D2 (c:\\Users\\egoytendia\\.vscode\\extensions\\uqbar.wollok-lsp-ide-0.5.3\\out\\server\\src\\server.js:2384:42)\n    at Qh (c:\\Users\\egoytendia\\.vscode\\extensions\\uqbar.wollok-lsp-ide-0.5.3\\out\\server\\src\\server.js:2384:1092)\n    at k6n (c:\\Users\\egoytendia\\.vscode\\extensions\\uqbar.wollok-lsp-ide-0.5.3\\out\\server\\src\\server.js:2384:1248)\n    at c:\\Users\\egoytendia\\.vscode\\extensions\\uqbar.wollok-lsp-ide-0.5.3\\out\\server\\src\\server.js:38:6131\n    at D2 (c:\\Users\\egoytendia\\.vscode\\extensions\\uqbar.wollok-lsp-ide-0.5.3\\out\\server\\src\\server.js:2384:42)","timestamp":"2025-12-13T03:00:52.592Z"}
{"level":"info","message":"⌛ Validating parciales/amongUs/tareas.wlk","timeElapsed":110,"timestamp":"2025-12-13T03:00:52.706Z"}
{"level":"info","message":"⌛ Building environment","timeElapsed":116,"timestamp":"2025-12-13T03:00:52.902Z"}
{"level":"error","message":"✘ Completions for node If ([31:5, 33:6] - parciales/amongUs/tareas.wlk) failed: Error: [If]{d04a4f} at parciales/amongUs/tareas.wlk:31 exhausted all cases without a match [If]{d04a4f} at parciales/amongUs/tareas.wlk:31 exhausted all cases without a match","stack":"Error: [If]{d04a4f} at parciales/amongUs/tareas.wlk:31 exhausted all cases without a match\n    at c:\\Users\\egoytendia\\.vscode\\extensions\\uqbar.wollok-lsp-ide-0.5.3\\out\\server\\src\\server.js:38:6142\n    at D2 (c:\\Users\\egoytendia\\.vscode\\extensions\\uqbar.wollok-lsp-ide-0.5.3\\out\\server\\src\\server.js:2384:42)\n    at Qh (c:\\Users\\egoytendia\\.vscode\\extensions\\uqbar.wollok-lsp-ide-0.5.3\\out\\server\\src\\server.js:2384:1092)\n    at v6n (c:\\Users\\egoytendia\\.vscode\\extensions\\uqbar.wollok-lsp-ide-0.5.3\\out\\server\\src\\server.js:2384:818)\n    at c:\\Users\\egoytendia\\.vscode\\extensions\\uqbar.wollok-lsp-ide-0.5.3\\out\\server\\src\\server.js:38:6131\n    at D2 (c:\\Users\\egoytendia\\.vscode\\extensions\\uqbar.wollok-lsp-ide-0.5.3\\out\\server\\src\\server.js:2384:42)\n    at Qh (c:\\Users\\egoytendia\\.vscode\\extensions\\uqbar.wollok-lsp-ide-0.5.3\\out\\server\\src\\server.js:2384:1092)\n    at k6n (c:\\Users\\egoytendia\\.vscode\\extensions\\uqbar.wollok-lsp-ide-0.5.3\\out\\server\\src\\server.js:2384:1248)\n    at c:\\Users\\egoytendia\\.vscode\\extensions\\uqbar.wollok-lsp-ide-0.5.3\\out\\server\\src\\server.js:38:6131\n    at D2 (c:\\Users\\egoytendia\\.vscode\\extensions\\uqbar.wollok-lsp-ide-0.5.3\\out\\server\\src\\server.js:2384:42)","timestamp":"2025-12-13T03:00:52.933Z"}
{"level":"info","message":"⌛ Validating parciales/amongUs/tareas.wlk","timeElapsed":106,"timestamp":"2025-12-13T03:00:53.129Z"}
{"level":"info","message":"⌛ Validating parciales/amongUs/tareas.wlk","timeElapsed":105,"timestamp":"2025-12-13T03:00:53.235Z"}
{"level":"info","message":"⌛ Validating parciales/amongUs/tareas.wlk","timeElapsed":108,"timestamp":"2025-12-13T03:00:53.349Z"}
{"level":"info","message":"⌛ Building environment","timeElapsed":119,"timestamp":"2025-12-13T03:00:53.817Z"}
{"level":"error","message":"✘ Completions for node If ([31:5, 33:6] - parciales/amongUs/tareas.wlk) failed: Error: [If]{974c56} at parciales/amongUs/tareas.wlk:31 exhausted all cases without a match [If]{974c56} at parciales/amongUs/tareas.wlk:31 exhausted all cases without a match","stack":"Error: [If]{974c56} at parciales/amongUs/tareas.wlk:31 exhausted all cases without a match\n    at c:\\Users\\egoytendia\\.vscode\\extensions\\uqbar.wollok-lsp-ide-0.5.3\\out\\server\\src\\server.js:38:6142\n    at D2 (c:\\Users\\egoytendia\\.vscode\\extensions\\uqbar.wollok-lsp-ide-0.5.3\\out\\server\\src\\server.js:2384:42)\n    at Qh (c:\\Users\\egoytendia\\.vscode\\extensions\\uqbar.wollok-lsp-ide-0.5.3\\out\\server\\src\\server.js:2384:1092)\n    at v6n (c:\\Users\\egoytendia\\.vscode\\extensions\\uqbar.wollok-lsp-ide-0.5.3\\out\\server\\src\\server.js:2384:818)\n    at c:\\Users\\egoytendia\\.vscode\\extensions\\uqbar.wollok-lsp-ide-0.5.3\\out\\server\\src\\server.js:38:6131\n    at D2 (c:\\Users\\egoytendia\\.vscode\\extensions\\uqbar.wollok-lsp-ide-0.5.3\\out\\server\\src\\server.js:2384:42)\n    at Qh (c:\\Users\\egoytendia\\.vscode\\extensions\\uqbar.wollok-lsp-ide-0.5.3\\out\\server\\src\\server.js:2384:1092)\n    at k6n (c:\\Users\\egoytendia\\.vscode\\extensions\\uqbar.wollok-lsp-ide-0.5.3\\out\\server\\src\\server.js:2384:1248)\n    at c:\\Users\\egoytendia\\.vscode\\extensions\\uqbar.wollok-lsp-ide-0.5.3\\out\\server\\src\\server.js:38:6131\n    at D2 (c:\\Users\\egoytendia\\.vscode\\extensions\\uqbar.wollok-lsp-ide-0.5.3\\out\\server\\src\\server.js:2384:42)","timestamp":"2025-12-13T03:00:53.862Z"}
{"level":"info","message":"⌛ Validating parciales/amongUs/tareas.wlk","timeElapsed":113,"timestamp":"2025-12-13T03:00:53.979Z"}
{"level":"error","message":"✘ Completions for node If ([31:5, 33:6] - parciales/amongUs/tareas.wlk) failed: Error: [If]{ae1eac} at parciales/amongUs/tareas.wlk:31 exhausted all cases without a match [If]{ae1eac} at parciales/amongUs/tareas.wlk:31 exhausted all cases without a match","stack":"Error: [If]{ae1eac} at parciales/amongUs/tareas.wlk:31 exhausted all cases without a match\n    at c:\\Users\\egoytendia\\.vscode\\extensions\\uqbar.wollok-lsp-ide-0.5.3\\out\\server\\src\\server.js:38:6142\n    at D2 (c:\\Users\\egoytendia\\.vscode\\extensions\\uqbar.wollok-lsp-ide-0.5.3\\out\\server\\src\\server.js:2384:42)\n    at Qh (c:\\Users\\egoytendia\\.vscode\\extensions\\uqbar.wollok-lsp-ide-0.5.3\\out\\server\\src\\server.js:2384:1092)\n    at v6n (c:\\Users\\egoytendia\\.vscode\\extensions\\uqbar.wollok-lsp-ide-0.5.3\\out\\server\\src\\server.js:2384:818)\n    at c:\\Users\\egoytendia\\.vscode\\extensions\\uqbar.wollok-lsp-ide-0.5.3\\out\\server\\src\\server.js:38:6131\n    at D2 (c:\\Users\\egoytendia\\.vscode\\extensions\\uqbar.wollok-lsp-ide-0.5.3\\out\\server\\src\\server.js:2384:42)\n    at Qh (c:\\Users\\egoytendia\\.vscode\\extensions\\uqbar.wollok-lsp-ide-0.5.3\\out\\server\\src\\server.js:2384:1092)\n    at k6n (c:\\Users\\egoytendia\\.vscode\\extensions\\uqbar.wollok-lsp-ide-0.5.3\\out\\server\\src\\server.js:2384:1248)\n    at c:\\Users\\egoytendia\\.vscode\\extensions\\uqbar.wollok-lsp-ide-0.5.3\\out\\server\\src\\server.js:38:6131\n    at D2 (c:\\Users\\egoytendia\\.vscode\\extensions\\uqbar.wollok-lsp-ide-0.5.3\\out\\server\\src\\server.js:2384:42)","timestamp":"2025-12-13T03:00:54.100Z"}
{"level":"info","message":"⌛ Validating parciales/amongUs/tareas.wlk","timeElapsed":104,"timestamp":"2025-12-13T03:00:54.212Z"}
{"level":"info","message":"⌛ Building environment","timeElapsed":112,"timestamp":"2025-12-13T03:00:54.381Z"}
{"level":"error","message":"✘ Completions for node If ([31:5, 33:6] - parciales/amongUs/tareas.wlk) failed: Error: [If]{d652bb} at parciales/amongUs/tareas.wlk:31 exhausted all cases without a match [If]{d652bb} at parciales/amongUs/tareas.wlk:31 exhausted all cases without a match","stack":"Error: [If]{d652bb} at parciales/amongUs/tareas.wlk:31 exhausted all cases without a match\n    at c:\\Users\\egoytendia\\.vscode\\extensions\\uqbar.wollok-lsp-ide-0.5.3\\out\\server\\src\\server.js:38:6142\n    at D2 (c:\\Users\\egoytendia\\.vscode\\extensions\\uqbar.wollok-lsp-ide-0.5.3\\out\\server\\src\\server.js:2384:42)\n    at Qh (c:\\Users\\egoytendia\\.vscode\\extensions\\uqbar.wollok-lsp-ide-0.5.3\\out\\server\\src\\server.js:2384:1092)\n    at v6n (c:\\Users\\egoytendia\\.vscode\\extensions\\uqbar.wollok-lsp-ide-0.5.3\\out\\server\\src\\server.js:2384:818)\n    at c:\\Users\\egoytendia\\.vscode\\extensions\\uqbar.wollok-lsp-ide-0.5.3\\out\\server\\src\\server.js:38:6131\n    at D2 (c:\\Users\\egoytendia\\.vscode\\extensions\\uqbar.wollok-lsp-ide-0.5.3\\out\\server\\src\\server.js:2384:42)\n    at Qh (c:\\Users\\egoytendia\\.vscode\\extensions\\uqbar.wollok-lsp-ide-0.5.3\\out\\server\\src\\server.js:2384:1092)\n    at k6n (c:\\Users\\egoytendia\\.vscode\\extensions\\uqbar.wollok-lsp-ide-0.5.3\\out\\server\\src\\server.js:2384:1248)\n    at c:\\Users\\egoytendia\\.vscode\\extensions\\uqbar.wollok-lsp-ide-0.5.3\\out\\server\\src\\server.js:38:6131\n    at D2 (c:\\Users\\egoytendia\\.vscode\\extensions\\uqbar.wollok-lsp-ide-0.5.3\\out\\server\\src\\server.js:2384:42)","timestamp":"2025-12-13T03:00:54.415Z"}
{"level":"info","message":"⌛ Validating parciales/amongUs/tareas.wlk","timeElapsed":115,"timestamp":"2025-12-13T03:00:54.536Z"}
{"level":"info","message":"⌛ Building environment","timeElapsed":131,"timestamp":"2025-12-13T03:00:55.429Z"}
{"level":"error","message":"✘ Completions for node If ([31:5, 33:6] - parciales/amongUs/tareas.wlk) failed: Error: [If]{69635d} at parciales/amongUs/tareas.wlk:31 exhausted all cases without a match [If]{69635d} at parciales/amongUs/tareas.wlk:31 exhausted all cases without a match","stack":"Error: [If]{69635d} at parciales/amongUs/tareas.wlk:31 exhausted all cases without a match\n    at c:\\Users\\egoytendia\\.vscode\\extensions\\uqbar.wollok-lsp-ide-0.5.3\\out\\server\\src\\server.js:38:6142\n    at D2 (c:\\Users\\egoytendia\\.vscode\\extensions\\uqbar.wollok-lsp-ide-0.5.3\\out\\server\\src\\server.js:2384:42)\n    at Qh (c:\\Users\\egoytendia\\.vscode\\extensions\\uqbar.wollok-lsp-ide-0.5.3\\out\\server\\src\\server.js:2384:1092)\n    at v6n (c:\\Users\\egoytendia\\.vscode\\extensions\\uqbar.wollok-lsp-ide-0.5.3\\out\\server\\src\\server.js:2384:818)\n    at c:\\Users\\egoytendia\\.vscode\\extensions\\uqbar.wollok-lsp-ide-0.5.3\\out\\server\\src\\server.js:38:6131\n    at D2 (c:\\Users\\egoytendia\\.vscode\\extensions\\uqbar.wollok-lsp-ide-0.5.3\\out\\server\\src\\server.js:2384:42)\n    at Qh (c:\\Users\\egoytendia\\.vscode\\extensions\\uqbar.wollok-lsp-ide-0.5.3\\out\\server\\src\\server.js:2384:1092)\n    at k6n (c:\\Users\\egoytendia\\.vscode\\extensions\\uqbar.wollok-lsp-ide-0.5.3\\out\\server\\src\\server.js:2384:1248)\n    at c:\\Users\\egoytendia\\.vscode\\extensions\\uqbar.wollok-lsp-ide-0.5.3\\out\\server\\src\\server.js:38:6131\n    at D2 (c:\\Users\\egoytendia\\.vscode\\extensions\\uqbar.wollok-lsp-ide-0.5.3\\out\\server\\src\\server.js:2384:42)","timestamp":"2025-12-13T03:00:55.469Z"}
{"level":"info","message":"⌛ Validating parciales/amongUs/tareas.wlk","timeElapsed":116,"timestamp":"2025-12-13T03:00:55.676Z"}
{"level":"info","message":"⌛ Validating parciales/amongUs/tareas.wlk","timeElapsed":111,"timestamp":"2025-12-13T03:00:55.787Z"}
{"level":"error","message":"✘ Completions for node If ([31:5, 33:6] - parciales/amongUs/tareas.wlk) failed: Error: [If]{78ed6f} at parciales/amongUs/tareas.wlk:31 exhausted all cases without a match [If]{78ed6f} at parciales/amongUs/tareas.wlk:31 exhausted all cases without a match","stack":"Error: [If]{78ed6f} at parciales/amongUs/tareas.wlk:31 exhausted all cases without a match\n    at c:\\Users\\egoytendia\\.vscode\\extensions\\uqbar.wollok-lsp-ide-0.5.3\\out\\server\\src\\server.js:38:6142\n    at D2 (c:\\Users\\egoytendia\\.vscode\\extensions\\uqbar.wollok-lsp-ide-0.5.3\\out\\server\\src\\server.js:2384:42)\n    at Qh (c:\\Users\\egoytendia\\.vscode\\extensions\\uqbar.wollok-lsp-ide-0.5.3\\out\\server\\src\\server.js:2384:1092)\n    at v6n (c:\\Users\\egoytendia\\.vscode\\extensions\\uqbar.wollok-lsp-ide-0.5.3\\out\\server\\src\\server.js:2384:818)\n    at c:\\Users\\egoytendia\\.vscode\\extensions\\uqbar.wollok-lsp-ide-0.5.3\\out\\server\\src\\server.js:38:6131\n    at D2 (c:\\Users\\egoytendia\\.vscode\\extensions\\uqbar.wollok-lsp-ide-0.5.3\\out\\server\\src\\server.js:2384:42)\n    at Qh (c:\\Users\\egoytendia\\.vscode\\extensions\\uqbar.wollok-lsp-ide-0.5.3\\out\\server\\src\\server.js:2384:1092)\n    at k6n (c:\\Users\\egoytendia\\.vscode\\extensions\\uqbar.wollok-lsp-ide-0.5.3\\out\\server\\src\\server.js:2384:1248)\n    at c:\\Users\\egoytendia\\.vscode\\extensions\\uqbar.wollok-lsp-ide-0.5.3\\out\\server\\src\\server.js:38:6131\n    at D2 (c:\\Users\\egoytendia\\.vscode\\extensions\\uqbar.wollok-lsp-ide-0.5.3\\out\\server\\src\\server.js:2384:42)","timestamp":"2025-12-13T03:00:55.894Z"}
{"level":"info","message":"⌛ Building environment","timeElapsed":106,"timestamp":"2025-12-13T03:00:56.086Z"}
{"level":"info","message":"⌛ Validating parciales/amongUs/tareas.wlk","timeElapsed":110,"timestamp":"2025-12-13T03:00:56.196Z"}
{"level":"info","message":"⌛ Validating parciales/amongUs/tareas.wlk","timeElapsed":105,"timestamp":"2025-12-13T03:00:56.301Z"}
{"level":"info","message":"⌛ Validating parciales/amongUs/tareas.wlk","timeElapsed":104,"timestamp":"2025-12-13T03:00:56.411Z"}
{"level":"info","message":"⌛ Validating parciales/amongUs/tareas.wlk","timeElapsed":156,"timestamp":"2025-12-13T03:00:56.662Z"}
{"level":"info","message":"⌛ Building environment","timeElapsed":246,"timestamp":"2025-12-13T03:00:57.581Z"}
{"level":"info","message":"⌛ Validating parciales/amongUs/tareas.wlk","timeElapsed":181,"timestamp":"2025-12-13T03:00:57.763Z"}
{"level":"info","message":"⌛ Building environment","timeElapsed":132,"timestamp":"2025-12-13T03:01:03.989Z"}
{"level":"info","message":"⌛ Validating parciales/amongUs/jugadores.wlk","timeElapsed":114,"timestamp":"2025-12-13T03:01:04.105Z"}
{"level":"info","message":"⌛ Validating parciales/amongUs/jugadores.wlk","timeElapsed":128,"timestamp":"2025-12-13T03:01:04.326Z"}
{"level":"info","message":"⌛ Validating parciales/amongUs/jugadores.wlk","timeElapsed":122,"timestamp":"2025-12-13T03:01:04.809Z"}
{"level":"info","message":"⌛ Validating parciales/amongUs/jugadores.wlk","timeElapsed":139,"timestamp":"2025-12-13T03:01:04.950Z"}
{"level":"info","message":"⌛ Building environment","timeElapsed":131,"timestamp":"2025-12-13T03:01:05.128Z"}
{"level":"info","message":"⌛ Validating parciales/amongUs/jugadores.wlk","timeElapsed":120,"timestamp":"2025-12-13T03:01:05.249Z"}
{"level":"info","message":"⌛ Building environment","timeElapsed":110,"timestamp":"2025-12-13T03:01:05.978Z"}
{"level":"info","message":"⌛ Validating parciales/amongUs/jugadores.wlk","timeElapsed":124,"timestamp":"2025-12-13T03:01:06.103Z"}
{"level":"error","message":"✘ Completions for node Parameter ([31:28, 31:29] - parciales/amongUs/jugadores.wlk) failed: Error: [Parameter]{04c180} at parciales/amongUs/jugadores.wlk:31 exhausted all cases without a match [Parameter]{04c180} at parciales/amongUs/jugadores.wlk:31 exhausted all cases without a match","stack":"Error: [Parameter]{04c180} at parciales/amongUs/jugadores.wlk:31 exhausted all cases without a match\n    at c:\\Users\\egoytendia\\.vscode\\extensions\\uqbar.wollok-lsp-ide-0.5.3\\out\\server\\src\\server.js:38:6142\n    at D2 (c:\\Users\\egoytendia\\.vscode\\extensions\\uqbar.wollok-lsp-ide-0.5.3\\out\\server\\src\\server.js:2384:42)\n    at c:\\Users\\egoytendia\\.vscode\\extensions\\uqbar.wollok-lsp-ide-0.5.3\\out\\server\\src\\server.js:2384:2988\n    at c:\\Users\\egoytendia\\.vscode\\extensions\\uqbar.wollok-lsp-ide-0.5.3\\out\\server\\src\\server.js:2393:8440\n    at c:\\Users\\egoytendia\\.vscode\\extensions\\uqbar.wollok-lsp-ide-0.5.3\\out\\server\\src\\server.js:37:74872\n    at Ye (c:\\Users\\egoytendia\\.vscode\\extensions\\uqbar.wollok-lsp-ide-0.5.3\\out\\server\\src\\server.js:7:8527)\n    at qt (c:\\Users\\egoytendia\\.vscode\\extensions\\uqbar.wollok-lsp-ide-0.5.3\\out\\server\\src\\server.js:7:6189)\n    at ot (c:\\Users\\egoytendia\\.vscode\\extensions\\uqbar.wollok-lsp-ide-0.5.3\\out\\server\\src\\server.js:7:6378)\n    at Immediate._onImmediate (c:\\Users\\egoytendia\\.vscode\\extensions\\uqbar.wollok-lsp-ide-0.5.3\\out\\server\\src\\server.js:7:6142)\n    at process.processImmediate (node:internal/timers:485:21)","timestamp":"2025-12-13T03:01:07.875Z"}
{"level":"info","message":"⌛ Validating parciales/amongUs/jugadores.wlk","timeElapsed":138,"timestamp":"2025-12-13T03:01:08.117Z"}
{"level":"info","message":"⌛ Validating parciales/amongUs/jugadores.wlk","timeElapsed":108,"timestamp":"2025-12-13T03:01:08.225Z"}
{"level":"info","message":"⌛ Building environment","timeElapsed":104,"timestamp":"2025-12-13T03:01:09.536Z"}
{"level":"error","message":"✘ Completions for node Parameter ([31:28, 31:31] - parciales/amongUs/jugadores.wlk) failed: Error: [Parameter]{82983f} at parciales/amongUs/jugadores.wlk:31 exhausted all cases without a match [Parameter]{82983f} at parciales/amongUs/jugadores.wlk:31 exhausted all cases without a match","stack":"Error: [Parameter]{82983f} at parciales/amongUs/jugadores.wlk:31 exhausted all cases without a match\n    at c:\\Users\\egoytendia\\.vscode\\extensions\\uqbar.wollok-lsp-ide-0.5.3\\out\\server\\src\\server.js:38:6142\n    at D2 (c:\\Users\\egoytendia\\.vscode\\extensions\\uqbar.wollok-lsp-ide-0.5.3\\out\\server\\src\\server.js:2384:42)\n    at c:\\Users\\egoytendia\\.vscode\\extensions\\uqbar.wollok-lsp-ide-0.5.3\\out\\server\\src\\server.js:2384:2988\n    at c:\\Users\\egoytendia\\.vscode\\extensions\\uqbar.wollok-lsp-ide-0.5.3\\out\\server\\src\\server.js:2393:8440\n    at c:\\Users\\egoytendia\\.vscode\\extensions\\uqbar.wollok-lsp-ide-0.5.3\\out\\server\\src\\server.js:37:74872\n    at Ye (c:\\Users\\egoytendia\\.vscode\\extensions\\uqbar.wollok-lsp-ide-0.5.3\\out\\server\\src\\server.js:7:8527)\n    at qt (c:\\Users\\egoytendia\\.vscode\\extensions\\uqbar.wollok-lsp-ide-0.5.3\\out\\server\\src\\server.js:7:6189)\n    at ot (c:\\Users\\egoytendia\\.vscode\\extensions\\uqbar.wollok-lsp-ide-0.5.3\\out\\server\\src\\server.js:7:6378)\n    at Immediate._onImmediate (c:\\Users\\egoytendia\\.vscode\\extensions\\uqbar.wollok-lsp-ide-0.5.3\\out\\server\\src\\server.js:7:6142)\n    at process.processImmediate (node:internal/timers:485:21)","timestamp":"2025-12-13T03:01:09.565Z"}
{"level":"info","message":"⌛ Validating parciales/amongUs/jugadores.wlk","timeElapsed":108,"timestamp":"2025-12-13T03:01:09.677Z"}
{"level":"info","message":"⌛ Building environment","timeElapsed":167,"timestamp":"2025-12-13T03:01:11.116Z"}
{"level":"error","message":"✘ Completions for node Parameter ([31:28, 31:30] - parciales/amongUs/jugadores.wlk) failed: Error: [Parameter]{b731c9} at parciales/amongUs/jugadores.wlk:31 exhausted all cases without a match [Parameter]{b731c9} at parciales/amongUs/jugadores.wlk:31 exhausted all cases without a match","stack":"Error: [Parameter]{b731c9} at parciales/amongUs/jugadores.wlk:31 exhausted all cases without a match\n    at c:\\Users\\egoytendia\\.vscode\\extensions\\uqbar.wollok-lsp-ide-0.5.3\\out\\server\\src\\server.js:38:6142\n    at D2 (c:\\Users\\egoytendia\\.vscode\\extensions\\uqbar.wollok-lsp-ide-0.5.3\\out\\server\\src\\server.js:2384:42)\n    at c:\\Users\\egoytendia\\.vscode\\extensions\\uqbar.wollok-lsp-ide-0.5.3\\out\\server\\src\\server.js:2384:2988\n    at c:\\Users\\egoytendia\\.vscode\\extensions\\uqbar.wollok-lsp-ide-0.5.3\\out\\server\\src\\server.js:2393:8440\n    at c:\\Users\\egoytendia\\.vscode\\extensions\\uqbar.wollok-lsp-ide-0.5.3\\out\\server\\src\\server.js:37:74872\n    at Ye (c:\\Users\\egoytendia\\.vscode\\extensions\\uqbar.wollok-lsp-ide-0.5.3\\out\\server\\src\\server.js:7:8527)\n    at qt (c:\\Users\\egoytendia\\.vscode\\extensions\\uqbar.wollok-lsp-ide-0.5.3\\out\\server\\src\\server.js:7:6189)\n    at ot (c:\\Users\\egoytendia\\.vscode\\extensions\\uqbar.wollok-lsp-ide-0.5.3\\out\\server\\src\\server.js:7:6378)\n    at Immediate._onImmediate (c:\\Users\\egoytendia\\.vscode\\extensions\\uqbar.wollok-lsp-ide-0.5.3\\out\\server\\src\\server.js:7:6142)\n    at process.processImmediate (node:internal/timers:485:21)","timestamp":"2025-12-13T03:01:11.143Z"}
{"level":"info","message":"⌛ Validating parciales/amongUs/jugadores.wlk","timeElapsed":112,"timestamp":"2025-12-13T03:01:11.266Z"}
{"level":"error","message":"✘ Completions for node Parameter ([31:28, 31:29] - parciales/amongUs/jugadores.wlk) failed: Error: [Parameter]{c7b87c} at parciales/amongUs/jugadores.wlk:31 exhausted all cases without a match [Parameter]{c7b87c} at parciales/amongUs/jugadores.wlk:31 exhausted all cases without a match","stack":"Error: [Parameter]{c7b87c} at parciales/amongUs/jugadores.wlk:31 exhausted all cases without a match\n    at c:\\Users\\egoytendia\\.vscode\\extensions\\uqbar.wollok-lsp-ide-0.5.3\\out\\server\\src\\server.js:38:6142\n    at D2 (c:\\Users\\egoytendia\\.vscode\\extensions\\uqbar.wollok-lsp-ide-0.5.3\\out\\server\\src\\server.js:2384:42)\n    at c:\\Users\\egoytendia\\.vscode\\extensions\\uqbar.wollok-lsp-ide-0.5.3\\out\\server\\src\\server.js:2384:2988\n    at c:\\Users\\egoytendia\\.vscode\\extensions\\uqbar.wollok-lsp-ide-0.5.3\\out\\server\\src\\server.js:2393:8440\n    at c:\\Users\\egoytendia\\.vscode\\extensions\\uqbar.wollok-lsp-ide-0.5.3\\out\\server\\src\\server.js:37:74872\n    at Ye (c:\\Users\\egoytendia\\.vscode\\extensions\\uqbar.wollok-lsp-ide-0.5.3\\out\\server\\src\\server.js:7:8527)\n    at qt (c:\\Users\\egoytendia\\.vscode\\extensions\\uqbar.wollok-lsp-ide-0.5.3\\out\\server\\src\\server.js:7:6189)\n    at ot (c:\\Users\\egoytendia\\.vscode\\extensions\\uqbar.wollok-lsp-ide-0.5.3\\out\\server\\src\\server.js:7:6378)\n    at Immediate._onImmediate (c:\\Users\\egoytendia\\.vscode\\extensions\\uqbar.wollok-lsp-ide-0.5.3\\out\\server\\src\\server.js:7:6142)\n    at process.processImmediate (node:internal/timers:485:21)","timestamp":"2025-12-13T03:01:11.369Z"}
{"level":"info","message":"⌛ Validating parciales/amongUs/jugadores.wlk","timeElapsed":114,"timestamp":"2025-12-13T03:01:11.495Z"}
{"level":"error","message":"✘ Completions for node Parameter ([31:28, 31:29] - parciales/amongUs/jugadores.wlk) failed: Error: [Parameter]{8acf90} at parciales/amongUs/jugadores.wlk:31 exhausted all cases without a match [Parameter]{8acf90} at parciales/amongUs/jugadores.wlk:31 exhausted all cases without a match","stack":"Error: [Parameter]{8acf90} at parciales/amongUs/jugadores.wlk:31 exhausted all cases without a match\n    at c:\\Users\\egoytendia\\.vscode\\extensions\\uqbar.wollok-lsp-ide-0.5.3\\out\\server\\src\\server.js:38:6142\n    at D2 (c:\\Users\\egoytendia\\.vscode\\extensions\\uqbar.wollok-lsp-ide-0.5.3\\out\\server\\src\\server.js:2384:42)\n    at c:\\Users\\egoytendia\\.vscode\\extensions\\uqbar.wollok-lsp-ide-0.5.3\\out\\server\\src\\server.js:2384:2988\n    at c:\\Users\\egoytendia\\.vscode\\extensions\\uqbar.wollok-lsp-ide-0.5.3\\out\\server\\src\\server.js:2393:8440\n    at c:\\Users\\egoytendia\\.vscode\\extensions\\uqbar.wollok-lsp-ide-0.5.3\\out\\server\\src\\server.js:37:74872\n    at Ye (c:\\Users\\egoytendia\\.vscode\\extensions\\uqbar.wollok-lsp-ide-0.5.3\\out\\server\\src\\server.js:7:8527)\n    at qt (c:\\Users\\egoytendia\\.vscode\\extensions\\uqbar.wollok-lsp-ide-0.5.3\\out\\server\\src\\server.js:7:6189)\n    at ot (c:\\Users\\egoytendia\\.vscode\\extensions\\uqbar.wollok-lsp-ide-0.5.3\\out\\server\\src\\server.js:7:6378)\n    at Immediate._onImmediate (c:\\Users\\egoytendia\\.vscode\\extensions\\uqbar.wollok-lsp-ide-0.5.3\\out\\server\\src\\server.js:7:6142)\n    at process.processImmediate (node:internal/timers:485:21)","timestamp":"2025-12-13T03:01:11.708Z"}
{"level":"info","message":"⌛ Validating parciales/amongUs/jugadores.wlk","timeElapsed":111,"timestamp":"2025-12-13T03:01:11.823Z"}
{"level":"info","message":"⌛ Validating parciales/amongUs/jugadores.wlk","timeElapsed":112,"timestamp":"2025-12-13T03:01:12.106Z"}
{"level":"info","message":"⌛ Validating parciales/amongUs/jugadores.wlk","timeElapsed":107,"timestamp":"2025-12-13T03:01:12.293Z"}
{"level":"info","message":"⌛ Validating parciales/amongUs/jugadores.wlk","timeElapsed":104,"timestamp":"2025-12-13T03:01:12.397Z"}
{"level":"info","message":"⌛ Validating parciales/amongUs/jugadores.wlk","timeElapsed":115,"timestamp":"2025-12-13T03:01:12.600Z"}
{"level":"info","message":"⌛ Building environment","timeElapsed":142,"timestamp":"2025-12-13T03:01:12.824Z"}
{"level":"error","message":"✘ Completions for node Parameter ([31:28, 31:33] - parciales/amongUs/jugadores.wlk) failed: Error: [Parameter]{b945ba} at parciales/amongUs/jugadores.wlk:31 exhausted all cases without a match [Parameter]{b945ba} at parciales/amongUs/jugadores.wlk:31 exhausted all cases without a match","stack":"Error: [Parameter]{b945ba} at parciales/amongUs/jugadores.wlk:31 exhausted all cases without a match\n    at c:\\Users\\egoytendia\\.vscode\\extensions\\uqbar.wollok-lsp-ide-0.5.3\\out\\server\\src\\server.js:38:6142\n    at D2 (c:\\Users\\egoytendia\\.vscode\\extensions\\uqbar.wollok-lsp-ide-0.5.3\\out\\server\\src\\server.js:2384:42)\n    at c:\\Users\\egoytendia\\.vscode\\extensions\\uqbar.wollok-lsp-ide-0.5.3\\out\\server\\src\\server.js:2384:2988\n    at c:\\Users\\egoytendia\\.vscode\\extensions\\uqbar.wollok-lsp-ide-0.5.3\\out\\server\\src\\server.js:2393:8440\n    at c:\\Users\\egoytendia\\.vscode\\extensions\\uqbar.wollok-lsp-ide-0.5.3\\out\\server\\src\\server.js:37:74872\n    at Ye (c:\\Users\\egoytendia\\.vscode\\extensions\\uqbar.wollok-lsp-ide-0.5.3\\out\\server\\src\\server.js:7:8527)\n    at qt (c:\\Users\\egoytendia\\.vscode\\extensions\\uqbar.wollok-lsp-ide-0.5.3\\out\\server\\src\\server.js:7:6189)\n    at ot (c:\\Users\\egoytendia\\.vscode\\extensions\\uqbar.wollok-lsp-ide-0.5.3\\out\\server\\src\\server.js:7:6378)\n    at Immediate._onImmediate (c:\\Users\\egoytendia\\.vscode\\extensions\\uqbar.wollok-lsp-ide-0.5.3\\out\\server\\src\\server.js:7:6142)\n    at process.processImmediate (node:internal/timers:485:21)","timestamp":"2025-12-13T03:01:12.850Z"}
{"level":"info","message":"⌛ Validating parciales/amongUs/jugadores.wlk","timeElapsed":104,"timestamp":"2025-12-13T03:01:12.964Z"}
{"level":"info","message":"⌛ Building environment","timeElapsed":102,"timestamp":"2025-12-13T03:01:13.236Z"}
{"level":"info","message":"⌛ Validating parciales/amongUs/jugadores.wlk","timeElapsed":122,"timestamp":"2025-12-13T03:01:13.358Z"}
{"level":"info","message":"⌛ Validating parciales/amongUs/jugadores.wlk","timeElapsed":105,"timestamp":"2025-12-13T03:01:13.568Z"}
{"level":"info","message":"⌛ Validating parciales/amongUs/jugadores.wlk","timeElapsed":107,"timestamp":"2025-12-13T03:01:13.675Z"}
{"level":"info","message":"⌛ Validating parciales/amongUs/jugadores.wlk","timeElapsed":122,"timestamp":"2025-12-13T03:01:13.797Z"}
{"level":"info","message":"⌛ Building environment","timeElapsed":107,"timestamp":"2025-12-13T03:01:14.722Z"}
{"level":"info","message":"⌛ Validating parciales/amongUs/jugadores.wlk","timeElapsed":131,"timestamp":"2025-12-13T03:01:14.982Z"}
{"level":"info","message":"⌛ Validating parciales/amongUs/jugadores.wlk","timeElapsed":111,"timestamp":"2025-12-13T03:01:15.192Z"}
{"level":"info","message":"⌛ Validating parciales/amongUs/jugadores.wlk","timeElapsed":112,"timestamp":"2025-12-13T03:01:15.390Z"}
{"level":"info","message":"⌛ Validating parciales/amongUs/jugadores.wlk","timeElapsed":117,"timestamp":"2025-12-13T03:01:15.533Z"}
{"level":"info","message":"⌛ Validating parciales/amongUs/jugadores.wlk","timeElapsed":113,"timestamp":"2025-12-13T03:01:15.733Z"}
{"level":"info","message":"⌛ Building environment","timeElapsed":108,"timestamp":"2025-12-13T03:01:16.028Z"}
{"level":"info","message":"⌛ Validating parciales/amongUs/jugadores.wlk","timeElapsed":114,"timestamp":"2025-12-13T03:01:16.143Z"}
{"level":"info","message":"⌛ Validating parciales/amongUs/jugadores.wlk","timeElapsed":107,"timestamp":"2025-12-13T03:01:17.221Z"}
{"level":"info","message":"⌛ Building environment","timeElapsed":106,"timestamp":"2025-12-13T03:01:17.558Z"}
{"level":"info","message":"⌛ Validating parciales/amongUs/jugadores.wlk","timeElapsed":113,"timestamp":"2025-12-13T03:01:17.671Z"}
{"level":"info","message":"⌛ Building environment","timeElapsed":139,"timestamp":"2025-12-13T03:01:18.238Z"}
{"level":"info","message":"⌛ Validating parciales/amongUs/jugadores.wlk","timeElapsed":130,"timestamp":"2025-12-13T03:01:18.369Z"}
{"level":"info","message":"⌛ Validating parciales/amongUs/jugadores.wlk","timeElapsed":113,"timestamp":"2025-12-13T03:01:18.622Z"}
{"level":"info","message":"⌛ Validating parciales/amongUs/jugadores.wlk","timeElapsed":113,"timestamp":"2025-12-13T03:01:19.797Z"}
{"level":"info","message":"⌛ Building environment","timeElapsed":113,"timestamp":"2025-12-13T03:01:19.974Z"}
{"level":"error","message":"✘ Completions for node Send (undefined - parciales/amongUs/jugadores.wlk) failed: Error: [Send]{39c384} at parciales/amongUs/jugadores.wlk:-- exhausted all cases without a match [Send]{39c384} at parciales/amongUs/jugadores.wlk:-- exhausted all cases without a match","stack":"Error: [Send]{39c384} at parciales/amongUs/jugadores.wlk:-- exhausted all cases without a match\n    at c:\\Users\\egoytendia\\.vscode\\extensions\\uqbar.wollok-lsp-ide-0.5.3\\out\\server\\src\\server.js:38:6142\n    at D2 (c:\\Users\\egoytendia\\.vscode\\extensions\\uqbar.wollok-lsp-ide-0.5.3\\out\\server\\src\\server.js:2384:42)\n    at Qh (c:\\Users\\egoytendia\\.vscode\\extensions\\uqbar.wollok-lsp-ide-0.5.3\\out\\server\\src\\server.js:2384:1092)\n    at k6n (c:\\Users\\egoytendia\\.vscode\\extensions\\uqbar.wollok-lsp-ide-0.5.3\\out\\server\\src\\server.js:2384:1248)\n    at c:\\Users\\egoytendia\\.vscode\\extensions\\uqbar.wollok-lsp-ide-0.5.3\\out\\server\\src\\server.js:38:6131\n    at D2 (c:\\Users\\egoytendia\\.vscode\\extensions\\uqbar.wollok-lsp-ide-0.5.3\\out\\server\\src\\server.js:2384:42)\n    at c:\\Users\\egoytendia\\.vscode\\extensions\\uqbar.wollok-lsp-ide-0.5.3\\out\\server\\src\\server.js:2384:2988\n    at c:\\Users\\egoytendia\\.vscode\\extensions\\uqbar.wollok-lsp-ide-0.5.3\\out\\server\\src\\server.js:2393:8440\n    at c:\\Users\\egoytendia\\.vscode\\extensions\\uqbar.wollok-lsp-ide-0.5.3\\out\\server\\src\\server.js:37:74872\n    at Ye (c:\\Users\\egoytendia\\.vscode\\extensions\\uqbar.wollok-lsp-ide-0.5.3\\out\\server\\src\\server.js:7:8527)","timestamp":"2025-12-13T03:01:20.008Z"}
{"level":"error","message":"✘ Completions for node Assignment ([32:5, 32:25] - parciales/amongUs/jugadores.wlk) failed: Error: [Assignment]{244621} at parciales/amongUs/jugadores.wlk:32 exhausted all cases without a match [Assignment]{244621} at parciales/amongUs/jugadores.wlk:32 exhausted all cases without a match","stack":"Error: [Assignment]{244621} at parciales/amongUs/jugadores.wlk:32 exhausted all cases without a match\n    at c:\\Users\\egoytendia\\.vscode\\extensions\\uqbar.wollok-lsp-ide-0.5.3\\out\\server\\src\\server.js:38:6142\n    at D2 (c:\\Users\\egoytendia\\.vscode\\extensions\\uqbar.wollok-lsp-ide-0.5.3\\out\\server\\src\\server.js:2384:42)\n    at Qh (c:\\Users\\egoytendia\\.vscode\\extensions\\uqbar.wollok-lsp-ide-0.5.3\\out\\server\\src\\server.js:2384:1092)\n    at D2 (c:\\Users\\egoytendia\\.vscode\\extensions\\uqbar.wollok-lsp-ide-0.5.3\\out\\server\\src\\server.js:2384:544)\n    at Qh (c:\\Users\\egoytendia\\.vscode\\extensions\\uqbar.wollok-lsp-ide-0.5.3\\out\\server\\src\\server.js:2384:1092)\n    at k6n (c:\\Users\\egoytendia\\.vscode\\extensions\\uqbar.wollok-lsp-ide-0.5.3\\out\\server\\src\\server.js:2384:1248)\n    at c:\\Users\\egoytendia\\.vscode\\extensions\\uqbar.wollok-lsp-ide-0.5.3\\out\\server\\src\\server.js:38:6131\n    at D2 (c:\\Users\\egoytendia\\.vscode\\extensions\\uqbar.wollok-lsp-ide-0.5.3\\out\\server\\src\\server.js:2384:42)\n    at c:\\Users\\egoytendia\\.vscode\\extensions\\uqbar.wollok-lsp-ide-0.5.3\\out\\server\\src\\server.js:2384:2988\n    at c:\\Users\\egoytendia\\.vscode\\extensions\\uqbar.wollok-lsp-ide-0.5.3\\out\\server\\src\\server.js:2393:8440","timestamp":"2025-12-13T03:01:20.008Z"}
{"level":"info","message":"⌛ Validating parciales/amongUs/jugadores.wlk","timeElapsed":107,"timestamp":"2025-12-13T03:01:20.206Z"}
{"level":"info","message":"⌛ Validating parciales/amongUs/jugadores.wlk","timeElapsed":113,"timestamp":"2025-12-13T03:01:20.400Z"}
{"level":"info","message":"⌛ Building environment","timeElapsed":106,"timestamp":"2025-12-13T03:01:20.779Z"}
{"level":"info","message":"⌛ Validating parciales/amongUs/jugadores.wlk","timeElapsed":125,"timestamp":"2025-12-13T03:01:20.904Z"}
{"level":"info","message":"⌛ Building environment","timeElapsed":110,"timestamp":"2025-12-13T03:01:25.668Z"}
{"level":"info","message":"⌛ Validating parciales/amongUs/jugadores.wlk","timeElapsed":117,"timestamp":"2025-12-13T03:01:25.786Z"}
{"level":"info","message":"⌛ Building environment","timeElapsed":164,"timestamp":"2025-12-13T03:01:25.951Z"}
{"level":"info","message":"⌛ Validating parciales/amongUs/jugadores.wlk","timeElapsed":128,"timestamp":"2025-12-13T03:01:26.167Z"}
{"level":"info","message":"⌛ Validating parciales/amongUs/jugadores.wlk","timeElapsed":132,"timestamp":"2025-12-13T03:01:26.300Z"}
{"level":"info","message":"⌛ Validating parciales/amongUs/jugadores.wlk","timeElapsed":118,"timestamp":"2025-12-13T03:01:26.586Z"}
{"level":"info","message":"⌛ Validating parciales/amongUs/jugadores.wlk","timeElapsed":113,"timestamp":"2025-12-13T03:01:26.778Z"}
{"level":"info","message":"⌛ Validating parciales/amongUs/jugadores.wlk","timeElapsed":114,"timestamp":"2025-12-13T03:01:26.971Z"}
{"level":"info","message":"⌛ Building environment","timeElapsed":129,"timestamp":"2025-12-13T03:01:27.100Z"}
{"level":"info","message":"⌛ Validating parciales/amongUs/jugadores.wlk","timeElapsed":115,"timestamp":"2025-12-13T03:01:27.215Z"}
{"level":"info","message":"⌛ Building environment","timeElapsed":161,"timestamp":"2025-12-13T03:01:27.377Z"}
{"level":"info","message":"⌛ Validating parciales/amongUs/jugadores.wlk","timeElapsed":122,"timestamp":"2025-12-13T03:01:27.584Z"}
{"level":"info","message":"⌛ Validating parciales/amongUs/jugadores.wlk","timeElapsed":113,"timestamp":"2025-12-13T03:01:27.781Z"}
{"level":"info","message":"⌛ Validating parciales/amongUs/jugadores.wlk","timeElapsed":113,"timestamp":"2025-12-13T03:01:27.894Z"}
{"level":"info","message":"⌛ Validating parciales/amongUs/jugadores.wlk","timeElapsed":114,"timestamp":"2025-12-13T03:01:28.093Z"}
{"level":"info","message":"⌛ Validating parciales/amongUs/jugadores.wlk","timeElapsed":108,"timestamp":"2025-12-13T03:01:28.206Z"}
{"level":"info","message":"⌛ Building environment","timeElapsed":143,"timestamp":"2025-12-13T03:01:29.835Z"}
{"level":"info","message":"⌛ Validating parciales/amongUs/jugadores.wlk","timeElapsed":126,"timestamp":"2025-12-13T03:01:29.971Z"}
{"level":"info","message":"⌛ Building environment","timeElapsed":109,"timestamp":"2025-12-13T03:02:07.155Z"}
{"level":"info","message":"⌛ Validating parciales/amongUs/tareas.wlk","timeElapsed":110,"timestamp":"2025-12-13T03:02:07.266Z"}
{"level":"info","message":"⌛ Validating parciales/amongUs/tareas.wlk","timeElapsed":110,"timestamp":"2025-12-13T03:02:07.455Z"}
{"level":"info","message":"⌛ Building environment","timeElapsed":111,"timestamp":"2025-12-13T03:02:09.037Z"}
{"level":"info","message":"⌛ Validating parciales/amongUs/tareas.wlk","timeElapsed":103,"timestamp":"2025-12-13T03:02:09.147Z"}
{"level":"info","message":"⌛ Building environment","timeElapsed":102,"timestamp":"2025-12-13T03:02:12.483Z"}
{"level":"info","message":"⌛ Validating parciales/amongUs/tareas.wlk","timeElapsed":107,"timestamp":"2025-12-13T03:02:12.591Z"}
{"level":"info","message":"⌛ Validating parciales/amongUs/tareas.wlk","timeElapsed":117,"timestamp":"2025-12-13T03:02:12.818Z"}
{"level":"info","message":"⌛ Validating parciales/amongUs/tareas.wlk","timeElapsed":117,"timestamp":"2025-12-13T03:02:13.109Z"}
{"level":"info","message":"⌛ Validating parciales/amongUs/tareas.wlk","timeElapsed":117,"timestamp":"2025-12-13T03:02:13.453Z"}
{"level":"info","message":"⌛ Building environment","timeElapsed":110,"timestamp":"2025-12-13T03:02:13.654Z"}
{"level":"info","message":"⌛ Validating parciales/amongUs/tareas.wlk","timeElapsed":110,"timestamp":"2025-12-13T03:02:13.768Z"}
{"level":"info","message":"⌛ Building environment","timeElapsed":110,"timestamp":"2025-12-13T03:02:13.940Z"}
{"level":"info","message":"⌛ Validating parciales/amongUs/tareas.wlk","timeElapsed":112,"timestamp":"2025-12-13T03:02:14.052Z"}
{"level":"info","message":"⌛ Building environment","timeElapsed":417,"timestamp":"2025-12-13T03:02:14.531Z"}
{"level":"info","message":"⌛ Validating parciales/amongUs/tareas.wlk","timeElapsed":140,"timestamp":"2025-12-13T03:02:14.676Z"}
{"level":"info","message":"⌛ Validating parciales/amongUs/tareas.wlk","timeElapsed":115,"timestamp":"2025-12-13T03:02:15.085Z"}
{"level":"info","message":"⌛ Validating parciales/amongUs/tareas.wlk","timeElapsed":107,"timestamp":"2025-12-13T03:02:15.444Z"}
{"level":"info","message":"⌛ Validating parciales/amongUs/tareas.wlk","timeElapsed":104,"timestamp":"2025-12-13T03:02:15.650Z"}
{"level":"info","message":"⌛ Validating parciales/amongUs/tareas.wlk","timeElapsed":102,"timestamp":"2025-12-13T03:02:15.753Z"}
{"level":"info","message":"⌛ Validating parciales/amongUs/tareas.wlk","timeElapsed":115,"timestamp":"2025-12-13T03:02:15.868Z"}
{"level":"info","message":"⌛ Building environment","timeElapsed":104,"timestamp":"2025-12-13T03:02:16.141Z"}
{"level":"info","message":"⌛ Validating parciales/amongUs/tareas.wlk","timeElapsed":109,"timestamp":"2025-12-13T03:02:16.250Z"}
{"level":"info","message":"⌛ Building environment","timeElapsed":107,"timestamp":"2025-12-13T03:02:16.487Z"}
{"level":"info","message":"⌛ Validating parciales/amongUs/tareas.wlk","timeElapsed":108,"timestamp":"2025-12-13T03:02:16.606Z"}
{"level":"info","message":"⌛ Building environment","timeElapsed":137,"timestamp":"2025-12-13T03:02:16.857Z"}
{"level":"info","message":"⌛ Validating parciales/amongUs/tareas.wlk","timeElapsed":124,"timestamp":"2025-12-13T03:02:16.986Z"}
{"level":"info","message":"⌛ Validating parciales/amongUs/tareas.wlk","timeElapsed":113,"timestamp":"2025-12-13T03:02:17.180Z"}
{"level":"info","message":"⌛ Validating parciales/amongUs/tareas.wlk","timeElapsed":113,"timestamp":"2025-12-13T03:02:18.033Z"}
{"level":"info","message":"⌛ Building environment","timeElapsed":139,"timestamp":"2025-12-13T03:02:19.466Z"}
{"level":"info","message":"⌛ Validating parciales/amongUs/tareas.wlk","timeElapsed":113,"timestamp":"2025-12-13T03:02:19.585Z"}
{"level":"info","message":"⌛ Building environment","timeElapsed":116,"timestamp":"2025-12-13T03:02:19.850Z"}
{"level":"info","message":"⌛ Validating parciales/amongUs/tareas.wlk","timeElapsed":123,"timestamp":"2025-12-13T03:02:19.974Z"}
{"level":"info","message":"⌛ Validating parciales/amongUs/tareas.wlk","timeElapsed":125,"timestamp":"2025-12-13T03:02:20.179Z"}
{"level":"info","message":"⌛ Building environment","timeElapsed":106,"timestamp":"2025-12-13T03:02:20.363Z"}
{"level":"info","message":"⌛ Validating parciales/amongUs/tareas.wlk","timeElapsed":114,"timestamp":"2025-12-13T03:02:20.481Z"}
{"level":"error","message":"✘ Completions for node If ([31:5, 33:6] - parciales/amongUs/tareas.wlk) failed: Error: [If]{2a270f} at parciales/amongUs/tareas.wlk:31 exhausted all cases without a match [If]{2a270f} at parciales/amongUs/tareas.wlk:31 exhausted all cases without a match","stack":"Error: [If]{2a270f} at parciales/amongUs/tareas.wlk:31 exhausted all cases without a match\n    at c:\\Users\\egoytendia\\.vscode\\extensions\\uqbar.wollok-lsp-ide-0.5.3\\out\\server\\src\\server.js:38:6142\n    at D2 (c:\\Users\\egoytendia\\.vscode\\extensions\\uqbar.wollok-lsp-ide-0.5.3\\out\\server\\src\\server.js:2384:42)\n    at Qh (c:\\Users\\egoytendia\\.vscode\\extensions\\uqbar.wollok-lsp-ide-0.5.3\\out\\server\\src\\server.js:2384:1092)\n    at v6n (c:\\Users\\egoytendia\\.vscode\\extensions\\uqbar.wollok-lsp-ide-0.5.3\\out\\server\\src\\server.js:2384:818)\n    at c:\\Users\\egoytendia\\.vscode\\extensions\\uqbar.wollok-lsp-ide-0.5.3\\out\\server\\src\\server.js:38:6131\n    at D2 (c:\\Users\\egoytendia\\.vscode\\extensions\\uqbar.wollok-lsp-ide-0.5.3\\out\\server\\src\\server.js:2384:42)\n    at Qh (c:\\Users\\egoytendia\\.vscode\\extensions\\uqbar.wollok-lsp-ide-0.5.3\\out\\server\\src\\server.js:2384:1092)\n    at k6n (c:\\Users\\egoytendia\\.vscode\\extensions\\uqbar.wollok-lsp-ide-0.5.3\\out\\server\\src\\server.js:2384:1248)\n    at c:\\Users\\egoytendia\\.vscode\\extensions\\uqbar.wollok-lsp-ide-0.5.3\\out\\server\\src\\server.js:38:6131\n    at D2 (c:\\Users\\egoytendia\\.vscode\\extensions\\uqbar.wollok-lsp-ide-0.5.3\\out\\server\\src\\server.js:2384:42)","timestamp":"2025-12-13T03:02:21.969Z"}
{"level":"info","message":"⌛ Validating parciales/amongUs/tareas.wlk","timeElapsed":104,"timestamp":"2025-12-13T03:02:22.084Z"}
{"level":"info","message":"⌛ Building environment","timeElapsed":126,"timestamp":"2025-12-13T03:02:22.297Z"}
{"level":"info","message":"⌛ Validating parciales/amongUs/tareas.wlk","timeElapsed":112,"timestamp":"2025-12-13T03:02:22.410Z"}
{"level":"info","message":"⌛ Validating parciales/amongUs/tareas.wlk","timeElapsed":117,"timestamp":"2025-12-13T03:02:22.626Z"}
{"level":"info","message":"⌛ Validating parciales/amongUs/tareas.wlk","timeElapsed":122,"timestamp":"2025-12-13T03:02:22.827Z"}
{"level":"info","message":"⌛ Validating parciales/amongUs/tareas.wlk","timeElapsed":120,"timestamp":"2025-12-13T03:02:22.952Z"}
{"level":"info","message":"⌛ Validating parciales/amongUs/tareas.wlk","timeElapsed":117,"timestamp":"2025-12-13T03:02:23.330Z"}
{"level":"info","message":"⌛ Building environment","timeElapsed":111,"timestamp":"2025-12-13T03:02:23.443Z"}
{"level":"info","message":"⌛ Validating parciales/amongUs/tareas.wlk","timeElapsed":116,"timestamp":"2025-12-13T03:02:23.601Z"}
{"level":"info","message":"⌛ Building environment","timeElapsed":116,"timestamp":"2025-12-13T03:02:24.136Z"}
{"level":"info","message":"⌛ Validating parciales/amongUs/tareas.wlk","timeElapsed":113,"timestamp":"2025-12-13T03:02:24.333Z"}
{"level":"info","message":"⌛ Validating parciales/amongUs/tareas.wlk","timeElapsed":107,"timestamp":"2025-12-13T03:02:24.440Z"}
{"level":"info","message":"⌛ Building environment","timeElapsed":157,"timestamp":"2025-12-13T03:02:24.769Z"}
{"level":"info","message":"⌛ Validating parciales/amongUs/tareas.wlk","timeElapsed":120,"timestamp":"2025-12-13T03:02:24.889Z"}
{"level":"info","message":"⌛ Building environment","timeElapsed":119,"timestamp":"2025-12-13T03:02:25.009Z"}
{"level":"info","message":"⌛ Validating parciales/amongUs/tareas.wlk","timeElapsed":148,"timestamp":"2025-12-13T03:02:25.165Z"}
{"level":"info","message":"⌛ Validating parciales/amongUs/tareas.wlk","timeElapsed":110,"timestamp":"2025-12-13T03:02:25.279Z"}
{"level":"info","message":"⌛ Building environment","timeElapsed":191,"timestamp":"2025-12-13T03:02:25.773Z"}
{"level":"info","message":"⌛ Validating parciales/amongUs/tareas.wlk","timeElapsed":122,"timestamp":"2025-12-13T03:02:25.896Z"}
{"level":"info","message":"⌛ Building environment","timeElapsed":138,"timestamp":"2025-12-13T03:02:26.597Z"}
{"level":"info","message":"⌛ Validating parciales/amongUs/tareas.wlk","timeElapsed":144,"timestamp":"2025-12-13T03:02:26.832Z"}
{"level":"info","message":"⌛ Validating parciales/amongUs/tareas.wlk","timeElapsed":117,"timestamp":"2025-12-13T03:02:26.950Z"}
{"level":"info","message":"⌛ Building environment","timeElapsed":107,"timestamp":"2025-12-13T03:02:27.541Z"}
{"level":"info","message":"⌛ Validating parciales/amongUs/tareas.wlk","timeElapsed":109,"timestamp":"2025-12-13T03:02:27.651Z"}
{"level":"error","message":"✘ Completions for node If ([31:5, 34:6] - parciales/amongUs/tareas.wlk) failed: Error: [If]{feb28e} at parciales/amongUs/tareas.wlk:31 exhausted all cases without a match [If]{feb28e} at parciales/amongUs/tareas.wlk:31 exhausted all cases without a match","stack":"Error: [If]{feb28e} at parciales/amongUs/tareas.wlk:31 exhausted all cases without a match\n    at c:\\Users\\egoytendia\\.vscode\\extensions\\uqbar.wollok-lsp-ide-0.5.3\\out\\server\\src\\server.js:38:6142\n    at D2 (c:\\Users\\egoytendia\\.vscode\\extensions\\uqbar.wollok-lsp-ide-0.5.3\\out\\server\\src\\server.js:2384:42)\n    at Qh (c:\\Users\\egoytendia\\.vscode\\extensions\\uqbar.wollok-lsp-ide-0.5.3\\out\\server\\src\\server.js:2384:1092)\n    at v6n (c:\\Users\\egoytendia\\.vscode\\extensions\\uqbar.wollok-lsp-ide-0.5.3\\out\\server\\src\\server.js:2384:818)\n    at c:\\Users\\egoytendia\\.vscode\\extensions\\uqbar.wollok-lsp-ide-0.5.3\\out\\server\\src\\server.js:38:6131\n    at D2 (c:\\Users\\egoytendia\\.vscode\\extensions\\uqbar.wollok-lsp-ide-0.5.3\\out\\server\\src\\server.js:2384:42)\n    at Qh (c:\\Users\\egoytendia\\.vscode\\extensions\\uqbar.wollok-lsp-ide-0.5.3\\out\\server\\src\\server.js:2384:1092)\n    at k6n (c:\\Users\\egoytendia\\.vscode\\extensions\\uqbar.wollok-lsp-ide-0.5.3\\out\\server\\src\\server.js:2384:1248)\n    at c:\\Users\\egoytendia\\.vscode\\extensions\\uqbar.wollok-lsp-ide-0.5.3\\out\\server\\src\\server.js:38:6131\n    at D2 (c:\\Users\\egoytendia\\.vscode\\extensions\\uqbar.wollok-lsp-ide-0.5.3\\out\\server\\src\\server.js:2384:42)","timestamp":"2025-12-13T03:02:29.751Z"}
{"level":"info","message":"⌛ Building environment","timeElapsed":107,"timestamp":"2025-12-13T03:02:29.862Z"}
{"level":"info","message":"⌛ Validating parciales/amongUs/tareas.wlk","timeElapsed":114,"timestamp":"2025-12-13T03:02:29.976Z"}
{"level":"info","message":"⌛ Validating parciales/amongUs/tareas.wlk","timeElapsed":139,"timestamp":"2025-12-13T03:02:30.209Z"}
{"level":"info","message":"⌛ Building environment","timeElapsed":106,"timestamp":"2025-12-13T03:02:30.357Z"}
{"level":"info","message":"⌛ Validating parciales/amongUs/tareas.wlk","timeElapsed":126,"timestamp":"2025-12-13T03:02:30.684Z"}
{"level":"info","message":"⌛ Validating parciales/amongUs/tareas.wlk","timeElapsed":113,"timestamp":"2025-12-13T03:02:30.803Z"}
{"level":"info","message":"⌛ Building environment","timeElapsed":128,"timestamp":"2025-12-13T03:02:30.931Z"}
{"level":"info","message":"⌛ Validating parciales/amongUs/tareas.wlk","timeElapsed":110,"timestamp":"2025-12-13T03:02:31.041Z"}
{"level":"info","message":"⌛ Validating parciales/amongUs/tareas.wlk","timeElapsed":109,"timestamp":"2025-12-13T03:02:31.150Z"}
{"level":"info","message":"⌛ Validating parciales/amongUs/tareas.wlk","timeElapsed":108,"timestamp":"2025-12-13T03:02:31.263Z"}
{"level":"info","message":"⌛ Building environment","timeElapsed":110,"timestamp":"2025-12-13T03:02:31.420Z"}
{"level":"info","message":"⌛ Validating parciales/amongUs/tareas.wlk","timeElapsed":115,"timestamp":"2025-12-13T03:02:31.568Z"}
{"level":"info","message":"⌛ Building environment","timeElapsed":114,"timestamp":"2025-12-13T03:02:33.144Z"}
{"level":"info","message":"⌛ Validating parciales/amongUs/tareas.wlk","timeElapsed":114,"timestamp":"2025-12-13T03:02:33.259Z"}
{"level":"info","message":"⌛ Validating parciales/amongUs/tareas.wlk","timeElapsed":118,"timestamp":"2025-12-13T03:02:33.467Z"}
{"level":"info","message":"⌛ Building environment","timeElapsed":108,"timestamp":"2025-12-13T03:02:33.575Z"}
{"level":"info","message":"⌛ Validating parciales/amongUs/tareas.wlk","timeElapsed":110,"timestamp":"2025-12-13T03:02:33.771Z"}
{"level":"info","message":"⌛ Validating parciales/amongUs/tareas.wlk","timeElapsed":110,"timestamp":"2025-12-13T03:02:33.882Z"}
{"level":"info","message":"⌛ Building environment","timeElapsed":107,"timestamp":"2025-12-13T03:02:34.621Z"}
{"level":"info","message":"⌛ Validating parciales/amongUs/tareas.wlk","timeElapsed":129,"timestamp":"2025-12-13T03:02:34.750Z"}
{"level":"info","message":"⌛ Building environment","timeElapsed":108,"timestamp":"2025-12-13T03:02:36.352Z"}
{"level":"error","message":"✘ Completions for node Send ([33:8, 33:34] - parciales/amongUs/tareas.wlk) failed: Error: [Send]{08be52} at parciales/amongUs/tareas.wlk:33 exhausted all cases without a match [Send]{08be52} at parciales/amongUs/tareas.wlk:33 exhausted all cases without a match","stack":"Error: [Send]{08be52} at parciales/amongUs/tareas.wlk:33 exhausted all cases without a match\n    at c:\\Users\\egoytendia\\.vscode\\extensions\\uqbar.wollok-lsp-ide-0.5.3\\out\\server\\src\\server.js:38:6142\n    at D2 (c:\\Users\\egoytendia\\.vscode\\extensions\\uqbar.wollok-lsp-ide-0.5.3\\out\\server\\src\\server.js:2384:42)\n    at Qh (c:\\Users\\egoytendia\\.vscode\\extensions\\uqbar.wollok-lsp-ide-0.5.3\\out\\server\\src\\server.js:2384:1092)\n    at k6n (c:\\Users\\egoytendia\\.vscode\\extensions\\uqbar.wollok-lsp-ide-0.5.3\\out\\server\\src\\server.js:2384:1248)\n    at c:\\Users\\egoytendia\\.vscode\\extensions\\uqbar.wollok-lsp-ide-0.5.3\\out\\server\\src\\server.js:38:6131\n    at D2 (c:\\Users\\egoytendia\\.vscode\\extensions\\uqbar.wollok-lsp-ide-0.5.3\\out\\server\\src\\server.js:2384:42)\n    at c:\\Users\\egoytendia\\.vscode\\extensions\\uqbar.wollok-lsp-ide-0.5.3\\out\\server\\src\\server.js:2384:2988\n    at c:\\Users\\egoytendia\\.vscode\\extensions\\uqbar.wollok-lsp-ide-0.5.3\\out\\server\\src\\server.js:2393:8440\n    at c:\\Users\\egoytendia\\.vscode\\extensions\\uqbar.wollok-lsp-ide-0.5.3\\out\\server\\src\\server.js:37:74872\n    at Ye (c:\\Users\\egoytendia\\.vscode\\extensions\\uqbar.wollok-lsp-ide-0.5.3\\out\\server\\src\\server.js:7:8527)","timestamp":"2025-12-13T03:02:36.390Z"}
{"level":"error","message":"✘ Completions for node If ([31:5, 34:6] - parciales/amongUs/tareas.wlk) failed: Error: [If]{5da682} at parciales/amongUs/tareas.wlk:31 exhausted all cases without a match [If]{5da682} at parciales/amongUs/tareas.wlk:31 exhausted all cases without a match","stack":"Error: [If]{5da682} at parciales/amongUs/tareas.wlk:31 exhausted all cases without a match\n    at c:\\Users\\egoytendia\\.vscode\\extensions\\uqbar.wollok-lsp-ide-0.5.3\\out\\server\\src\\server.js:38:6142\n    at D2 (c:\\Users\\egoytendia\\.vscode\\extensions\\uqbar.wollok-lsp-ide-0.5.3\\out\\server\\src\\server.js:2384:42)\n    at Qh (c:\\Users\\egoytendia\\.vscode\\extensions\\uqbar.wollok-lsp-ide-0.5.3\\out\\server\\src\\server.js:2384:1092)\n    at v6n (c:\\Users\\egoytendia\\.vscode\\extensions\\uqbar.wollok-lsp-ide-0.5.3\\out\\server\\src\\server.js:2384:818)\n    at c:\\Users\\egoytendia\\.vscode\\extensions\\uqbar.wollok-lsp-ide-0.5.3\\out\\server\\src\\server.js:38:6131\n    at D2 (c:\\Users\\egoytendia\\.vscode\\extensions\\uqbar.wollok-lsp-ide-0.5.3\\out\\server\\src\\server.js:2384:42)\n    at Qh (c:\\Users\\egoytendia\\.vscode\\extensions\\uqbar.wollok-lsp-ide-0.5.3\\out\\server\\src\\server.js:2384:1092)\n    at D2 (c:\\Users\\egoytendia\\.vscode\\extensions\\uqbar.wollok-lsp-ide-0.5.3\\out\\server\\src\\server.js:2384:544)\n    at Qh (c:\\Users\\egoytendia\\.vscode\\extensions\\uqbar.wollok-lsp-ide-0.5.3\\out\\server\\src\\server.js:2384:1092)\n    at k6n (c:\\Users\\egoytendia\\.vscode\\extensions\\uqbar.wollok-lsp-ide-0.5.3\\out\\server\\src\\server.js:2384:1248)","timestamp":"2025-12-13T03:02:36.390Z"}
{"level":"info","message":"⌛ Validating parciales/amongUs/tareas.wlk","timeElapsed":108,"timestamp":"2025-12-13T03:02:36.673Z"}
{"level":"info","message":"⌛ Validating parciales/amongUs/tareas.wlk","timeElapsed":111,"timestamp":"2025-12-13T03:02:36.784Z"}
{"level":"error","message":"✘ Completions for node Send ([33:8, 33:37] - parciales/amongUs/tareas.wlk) failed: Error: [Send]{2fa2e1} at parciales/amongUs/tareas.wlk:33 exhausted all cases without a match [Send]{2fa2e1} at parciales/amongUs/tareas.wlk:33 exhausted all cases without a match","stack":"Error: [Send]{2fa2e1} at parciales/amongUs/tareas.wlk:33 exhausted all cases without a match\n    at c:\\Users\\egoytendia\\.vscode\\extensions\\uqbar.wollok-lsp-ide-0.5.3\\out\\server\\src\\server.js:38:6142\n    at D2 (c:\\Users\\egoytendia\\.vscode\\extensions\\uqbar.wollok-lsp-ide-0.5.3\\out\\server\\src\\server.js:2384:42)\n    at Qh (c:\\Users\\egoytendia\\.vscode\\extensions\\uqbar.wollok-lsp-ide-0.5.3\\out\\server\\src\\server.js:2384:1092)\n    at k6n (c:\\Users\\egoytendia\\.vscode\\extensions\\uqbar.wollok-lsp-ide-0.5.3\\out\\server\\src\\server.js:2384:1248)\n    at c:\\Users\\egoytendia\\.vscode\\extensions\\uqbar.wollok-lsp-ide-0.5.3\\out\\server\\src\\server.js:38:6131\n    at D2 (c:\\Users\\egoytendia\\.vscode\\extensions\\uqbar.wollok-lsp-ide-0.5.3\\out\\server\\src\\server.js:2384:42)\n    at c:\\Users\\egoytendia\\.vscode\\extensions\\uqbar.wollok-lsp-ide-0.5.3\\out\\server\\src\\server.js:2384:2988\n    at c:\\Users\\egoytendia\\.vscode\\extensions\\uqbar.wollok-lsp-ide-0.5.3\\out\\server\\src\\server.js:2393:8440\n    at c:\\Users\\egoytendia\\.vscode\\extensions\\uqbar.wollok-lsp-ide-0.5.3\\out\\server\\src\\server.js:37:74872\n    at Ye (c:\\Users\\egoytendia\\.vscode\\extensions\\uqbar.wollok-lsp-ide-0.5.3\\out\\server\\src\\server.js:7:8527)","timestamp":"2025-12-13T03:02:36.901Z"}
{"level":"error","message":"✘ Completions for node If ([31:5, 34:6] - parciales/amongUs/tareas.wlk) failed: Error: [If]{ddff32} at parciales/amongUs/tareas.wlk:31 exhausted all cases without a match [If]{ddff32} at parciales/amongUs/tareas.wlk:31 exhausted all cases without a match","stack":"Error: [If]{ddff32} at parciales/amongUs/tareas.wlk:31 exhausted all cases without a match\n    at c:\\Users\\egoytendia\\.vscode\\extensions\\uqbar.wollok-lsp-ide-0.5.3\\out\\server\\src\\server.js:38:6142\n    at D2 (c:\\Users\\egoytendia\\.vscode\\extensions\\uqbar.wollok-lsp-ide-0.5.3\\out\\server\\src\\server.js:2384:42)\n    at Qh (c:\\Users\\egoytendia\\.vscode\\extensions\\uqbar.wollok-lsp-ide-0.5.3\\out\\server\\src\\server.js:2384:1092)\n    at v6n (c:\\Users\\egoytendia\\.vscode\\extensions\\uqbar.wollok-lsp-ide-0.5.3\\out\\server\\src\\server.js:2384:818)\n    at c:\\Users\\egoytendia\\.vscode\\extensions\\uqbar.wollok-lsp-ide-0.5.3\\out\\server\\src\\server.js:38:6131\n    at D2 (c:\\Users\\egoytendia\\.vscode\\extensions\\uqbar.wollok-lsp-ide-0.5.3\\out\\server\\src\\server.js:2384:42)\n    at Qh (c:\\Users\\egoytendia\\.vscode\\extensions\\uqbar.wollok-lsp-ide-0.5.3\\out\\server\\src\\server.js:2384:1092)\n    at D2 (c:\\Users\\egoytendia\\.vscode\\extensions\\uqbar.wollok-lsp-ide-0.5.3\\out\\server\\src\\server.js:2384:544)\n    at Qh (c:\\Users\\egoytendia\\.vscode\\extensions\\uqbar.wollok-lsp-ide-0.5.3\\out\\server\\src\\server.js:2384:1092)\n    at k6n (c:\\Users\\egoytendia\\.vscode\\extensions\\uqbar.wollok-lsp-ide-0.5.3\\out\\server\\src\\server.js:2384:1248)","timestamp":"2025-12-13T03:02:36.902Z"}
{"level":"info","message":"⌛ Validating parciales/amongUs/tareas.wlk","timeElapsed":108,"timestamp":"2025-12-13T03:02:37.018Z"}
{"level":"info","message":"⌛ Validating parciales/amongUs/tareas.wlk","timeElapsed":104,"timestamp":"2025-12-13T03:02:37.123Z"}
{"level":"info","message":"⌛ Building environment","timeElapsed":115,"timestamp":"2025-12-13T03:02:37.597Z"}
{"level":"info","message":"⌛ Validating parciales/amongUs/tareas.wlk","timeElapsed":134,"timestamp":"2025-12-13T03:02:37.733Z"}
{"level":"info","message":"⌛ Building environment","timeElapsed":167,"timestamp":"2025-12-13T03:02:37.900Z"}
{"level":"info","message":"⌛ Validating parciales/amongUs/tareas.wlk","timeElapsed":115,"timestamp":"2025-12-13T03:02:38.101Z"}
{"level":"info","message":"⌛ Validating parciales/amongUs/tareas.wlk","timeElapsed":147,"timestamp":"2025-12-13T03:02:38.248Z"}
{"level":"error","message":"✘ Completions for node Send ([33:8, 33:35] - parciales/amongUs/tareas.wlk) failed: Error: [Send]{1ab62e} at parciales/amongUs/tareas.wlk:33 exhausted all cases without a match [Send]{1ab62e} at parciales/amongUs/tareas.wlk:33 exhausted all cases without a match","stack":"Error: [Send]{1ab62e} at parciales/amongUs/tareas.wlk:33 exhausted all cases without a match\n    at c:\\Users\\egoytendia\\.vscode\\extensions\\uqbar.wollok-lsp-ide-0.5.3\\out\\server\\src\\server.js:38:6142\n    at D2 (c:\\Users\\egoytendia\\.vscode\\extensions\\uqbar.wollok-lsp-ide-0.5.3\\out\\server\\src\\server.js:2384:42)\n    at Qh (c:\\Users\\egoytendia\\.vscode\\extensions\\uqbar.wollok-lsp-ide-0.5.3\\out\\server\\src\\server.js:2384:1092)\n    at k6n (c:\\Users\\egoytendia\\.vscode\\extensions\\uqbar.wollok-lsp-ide-0.5.3\\out\\server\\src\\server.js:2384:1248)\n    at c:\\Users\\egoytendia\\.vscode\\extensions\\uqbar.wollok-lsp-ide-0.5.3\\out\\server\\src\\server.js:38:6131\n    at D2 (c:\\Users\\egoytendia\\.vscode\\extensions\\uqbar.wollok-lsp-ide-0.5.3\\out\\server\\src\\server.js:2384:42)\n    at c:\\Users\\egoytendia\\.vscode\\extensions\\uqbar.wollok-lsp-ide-0.5.3\\out\\server\\src\\server.js:2384:2988\n    at c:\\Users\\egoytendia\\.vscode\\extensions\\uqbar.wollok-lsp-ide-0.5.3\\out\\server\\src\\server.js:2393:8440\n    at c:\\Users\\egoytendia\\.vscode\\extensions\\uqbar.wollok-lsp-ide-0.5.3\\out\\server\\src\\server.js:37:74872\n    at Ye (c:\\Users\\egoytendia\\.vscode\\extensions\\uqbar.wollok-lsp-ide-0.5.3\\out\\server\\src\\server.js:7:8527)","timestamp":"2025-12-13T03:02:38.367Z"}
{"level":"error","message":"✘ Completions for node If ([31:5, 34:6] - parciales/amongUs/tareas.wlk) failed: Error: [If]{3a6f7b} at parciales/amongUs/tareas.wlk:31 exhausted all cases without a match [If]{3a6f7b} at parciales/amongUs/tareas.wlk:31 exhausted all cases without a match","stack":"Error: [If]{3a6f7b} at parciales/amongUs/tareas.wlk:31 exhausted all cases without a match\n    at c:\\Users\\egoytendia\\.vscode\\extensions\\uqbar.wollok-lsp-ide-0.5.3\\out\\server\\src\\server.js:38:6142\n    at D2 (c:\\Users\\egoytendia\\.vscode\\extensions\\uqbar.wollok-lsp-ide-0.5.3\\out\\server\\src\\server.js:2384:42)\n    at Qh (c:\\Users\\egoytendia\\.vscode\\extensions\\uqbar.wollok-lsp-ide-0.5.3\\out\\server\\src\\server.js:2384:1092)\n    at v6n (c:\\Users\\egoytendia\\.vscode\\extensions\\uqbar.wollok-lsp-ide-0.5.3\\out\\server\\src\\server.js:2384:818)\n    at c:\\Users\\egoytendia\\.vscode\\extensions\\uqbar.wollok-lsp-ide-0.5.3\\out\\server\\src\\server.js:38:6131\n    at D2 (c:\\Users\\egoytendia\\.vscode\\extensions\\uqbar.wollok-lsp-ide-0.5.3\\out\\server\\src\\server.js:2384:42)\n    at Qh (c:\\Users\\egoytendia\\.vscode\\extensions\\uqbar.wollok-lsp-ide-0.5.3\\out\\server\\src\\server.js:2384:1092)\n    at D2 (c:\\Users\\egoytendia\\.vscode\\extensions\\uqbar.wollok-lsp-ide-0.5.3\\out\\server\\src\\server.js:2384:544)\n    at Qh (c:\\Users\\egoytendia\\.vscode\\extensions\\uqbar.wollok-lsp-ide-0.5.3\\out\\server\\src\\server.js:2384:1092)\n    at k6n (c:\\Users\\egoytendia\\.vscode\\extensions\\uqbar.wollok-lsp-ide-0.5.3\\out\\server\\src\\server.js:2384:1248)","timestamp":"2025-12-13T03:02:38.367Z"}
{"level":"info","message":"⌛ Validating parciales/amongUs/tareas.wlk","timeElapsed":111,"timestamp":"2025-12-13T03:02:38.647Z"}
{"level":"info","message":"⌛ Validating parciales/amongUs/tareas.wlk","timeElapsed":140,"timestamp":"2025-12-13T03:02:38.788Z"}
{"level":"info","message":"⌛ Validating parciales/amongUs/tareas.wlk","timeElapsed":113,"timestamp":"2025-12-13T03:02:38.908Z"}
{"level":"info","message":"⌛ Building environment","timeElapsed":105,"timestamp":"2025-12-13T03:02:39.513Z"}
{"level":"info","message":"⌛ Validating parciales/amongUs/tareas.wlk","timeElapsed":120,"timestamp":"2025-12-13T03:02:39.633Z"}
{"level":"info","message":"⌛ Building environment","timeElapsed":110,"timestamp":"2025-12-13T03:02:40.113Z"}
{"level":"error","message":"✘ Completions for node If ([31:5, 35:6] - parciales/amongUs/tareas.wlk) failed: Error: [If]{f97197} at parciales/amongUs/tareas.wlk:31 exhausted all cases without a match [If]{f97197} at parciales/amongUs/tareas.wlk:31 exhausted all cases without a match","stack":"Error: [If]{f97197} at parciales/amongUs/tareas.wlk:31 exhausted all cases without a match\n    at c:\\Users\\egoytendia\\.vscode\\extensions\\uqbar.wollok-lsp-ide-0.5.3\\out\\server\\src\\server.js:38:6142\n    at D2 (c:\\Users\\egoytendia\\.vscode\\extensions\\uqbar.wollok-lsp-ide-0.5.3\\out\\server\\src\\server.js:2384:42)\n    at Qh (c:\\Users\\egoytendia\\.vscode\\extensions\\uqbar.wollok-lsp-ide-0.5.3\\out\\server\\src\\server.js:2384:1092)\n    at v6n (c:\\Users\\egoytendia\\.vscode\\extensions\\uqbar.wollok-lsp-ide-0.5.3\\out\\server\\src\\server.js:2384:818)\n    at c:\\Users\\egoytendia\\.vscode\\extensions\\uqbar.wollok-lsp-ide-0.5.3\\out\\server\\src\\server.js:38:6131\n    at D2 (c:\\Users\\egoytendia\\.vscode\\extensions\\uqbar.wollok-lsp-ide-0.5.3\\out\\server\\src\\server.js:2384:42)\n    at Qh (c:\\Users\\egoytendia\\.vscode\\extensions\\uqbar.wollok-lsp-ide-0.5.3\\out\\server\\src\\server.js:2384:1092)\n    at k6n (c:\\Users\\egoytendia\\.vscode\\extensions\\uqbar.wollok-lsp-ide-0.5.3\\out\\server\\src\\server.js:2384:1248)\n    at c:\\Users\\egoytendia\\.vscode\\extensions\\uqbar.wollok-lsp-ide-0.5.3\\out\\server\\src\\server.js:38:6131\n    at D2 (c:\\Users\\egoytendia\\.vscode\\extensions\\uqbar.wollok-lsp-ide-0.5.3\\out\\server\\src\\server.js:2384:42)","timestamp":"2025-12-13T03:02:40.152Z"}
{"level":"info","message":"⌛ Validating parciales/amongUs/tareas.wlk","timeElapsed":136,"timestamp":"2025-12-13T03:02:40.385Z"}
{"level":"info","message":"⌛ Validating parciales/amongUs/tareas.wlk","timeElapsed":143,"timestamp":"2025-12-13T03:02:40.530Z"}
{"level":"info","message":"⌛ Validating parciales/amongUs/tareas.wlk","timeElapsed":117,"timestamp":"2025-12-13T03:02:40.905Z"}
{"level":"info","message":"⌛ Building environment","timeElapsed":109,"timestamp":"2025-12-13T03:02:41.015Z"}
{"level":"info","message":"⌛ Validating parciales/amongUs/tareas.wlk","timeElapsed":112,"timestamp":"2025-12-13T03:02:41.127Z"}
{"level":"info","message":"⌛ Validating parciales/amongUs/tareas.wlk","timeElapsed":107,"timestamp":"2025-12-13T03:02:41.234Z"}
{"level":"info","message":"⌛ Validating parciales/amongUs/tareas.wlk","timeElapsed":112,"timestamp":"2025-12-13T03:02:41.426Z"}
{"level":"info","message":"⌛ Validating parciales/amongUs/tareas.wlk","timeElapsed":112,"timestamp":"2025-12-13T03:02:41.664Z"}
{"level":"info","message":"⌛ Validating parciales/amongUs/tareas.wlk","timeElapsed":122,"timestamp":"2025-12-13T03:02:41.786Z"}
{"level":"info","message":"⌛ Building environment","timeElapsed":101,"timestamp":"2025-12-13T03:02:42.283Z"}
{"level":"info","message":"⌛ Validating parciales/amongUs/tareas.wlk","timeElapsed":117,"timestamp":"2025-12-13T03:02:42.488Z"}
{"level":"info","message":"⌛ Validating parciales/amongUs/tareas.wlk","timeElapsed":111,"timestamp":"2025-12-13T03:02:42.680Z"}
{"level":"info","message":"⌛ Validating parciales/amongUs/tareas.wlk","timeElapsed":110,"timestamp":"2025-12-13T03:02:42.870Z"}
{"level":"info","message":"⌛ Validating parciales/amongUs/tareas.wlk","timeElapsed":104,"timestamp":"2025-12-13T03:02:42.979Z"}
{"level":"info","message":"⌛ Building environment","timeElapsed":148,"timestamp":"2025-12-13T03:02:44.006Z"}
{"level":"info","message":"⌛ Validating parciales/amongUs/tareas.wlk","timeElapsed":119,"timestamp":"2025-12-13T03:02:44.127Z"}
{"level":"info","message":"⌛ Building environment","timeElapsed":200,"timestamp":"2025-12-13T03:02:50.162Z"}
{"level":"info","message":"⌛ Validating parciales/amongUs/tareas.wlk","timeElapsed":115,"timestamp":"2025-12-13T03:02:50.277Z"}
{"level":"info","message":"⌛ Building environment","timeElapsed":130,"timestamp":"2025-12-13T03:02:52.256Z"}
{"level":"info","message":"⌛ Validating parciales/amongUs/tareas.wlk","timeElapsed":127,"timestamp":"2025-12-13T03:02:52.468Z"}
{"level":"info","message":"⌛ Validating parciales/amongUs/tareas.wlk","timeElapsed":128,"timestamp":"2025-12-13T03:02:52.597Z"}
{"level":"info","message":"⌛ Validating parciales/amongUs/tareas.wlk","timeElapsed":119,"timestamp":"2025-12-13T03:02:52.999Z"}
{"level":"info","message":"⌛ Validating parciales/amongUs/tareas.wlk","timeElapsed":121,"timestamp":"2025-12-13T03:02:53.121Z"}
{"level":"info","message":"⌛ Validating parciales/amongUs/tareas.wlk","timeElapsed":118,"timestamp":"2025-12-13T03:02:53.334Z"}
{"level":"info","message":"⌛ Validating parciales/amongUs/tareas.wlk","timeElapsed":109,"timestamp":"2025-12-13T03:02:53.448Z"}
{"level":"info","message":"⌛ Building environment","timeElapsed":123,"timestamp":"2025-12-13T03:02:55.956Z"}
{"level":"info","message":"⌛ Validating parciales/amongUs/tareas.wlk","timeElapsed":120,"timestamp":"2025-12-13T03:02:56.077Z"}
{"level":"error","message":"✘ Completions for node If ([31:5, 36:6] - parciales/amongUs/tareas.wlk) failed: Error: [If]{ba7c9d} at parciales/amongUs/tareas.wlk:31 exhausted all cases without a match [If]{ba7c9d} at parciales/amongUs/tareas.wlk:31 exhausted all cases without a match","stack":"Error: [If]{ba7c9d} at parciales/amongUs/tareas.wlk:31 exhausted all cases without a match\n    at c:\\Users\\egoytendia\\.vscode\\extensions\\uqbar.wollok-lsp-ide-0.5.3\\out\\server\\src\\server.js:38:6142\n    at D2 (c:\\Users\\egoytendia\\.vscode\\extensions\\uqbar.wollok-lsp-ide-0.5.3\\out\\server\\src\\server.js:2384:42)\n    at Qh (c:\\Users\\egoytendia\\.vscode\\extensions\\uqbar.wollok-lsp-ide-0.5.3\\out\\server\\src\\server.js:2384:1092)\n    at v6n (c:\\Users\\egoytendia\\.vscode\\extensions\\uqbar.wollok-lsp-ide-0.5.3\\out\\server\\src\\server.js:2384:818)\n    at c:\\Users\\egoytendia\\.vscode\\extensions\\uqbar.wollok-lsp-ide-0.5.3\\out\\server\\src\\server.js:38:6131\n    at D2 (c:\\Users\\egoytendia\\.vscode\\extensions\\uqbar.wollok-lsp-ide-0.5.3\\out\\server\\src\\server.js:2384:42)\n    at Qh (c:\\Users\\egoytendia\\.vscode\\extensions\\uqbar.wollok-lsp-ide-0.5.3\\out\\server\\src\\server.js:2384:1092)\n    at k6n (c:\\Users\\egoytendia\\.vscode\\extensions\\uqbar.wollok-lsp-ide-0.5.3\\out\\server\\src\\server.js:2384:1248)\n    at c:\\Users\\egoytendia\\.vscode\\extensions\\uqbar.wollok-lsp-ide-0.5.3\\out\\server\\src\\server.js:38:6131\n    at D2 (c:\\Users\\egoytendia\\.vscode\\extensions\\uqbar.wollok-lsp-ide-0.5.3\\out\\server\\src\\server.js:2384:42)","timestamp":"2025-12-13T03:02:56.292Z"}
{"level":"info","message":"⌛ Building environment","timeElapsed":121,"timestamp":"2025-12-13T03:02:56.418Z"}
{"level":"info","message":"⌛ Validating parciales/amongUs/tareas.wlk","timeElapsed":111,"timestamp":"2025-12-13T03:02:56.530Z"}
{"level":"info","message":"⌛ Building environment","timeElapsed":111,"timestamp":"2025-12-13T03:02:56.642Z"}
{"level":"info","message":"⌛ Validating parciales/amongUs/tareas.wlk","timeElapsed":115,"timestamp":"2025-12-13T03:02:56.757Z"}
{"level":"error","message":"✘ Completions for node If ([31:5, 36:6] - parciales/amongUs/tareas.wlk) failed: Error: [If]{097f86} at parciales/amongUs/tareas.wlk:31 exhausted all cases without a match [If]{097f86} at parciales/amongUs/tareas.wlk:31 exhausted all cases without a match","stack":"Error: [If]{097f86} at parciales/amongUs/tareas.wlk:31 exhausted all cases without a match\n    at c:\\Users\\egoytendia\\.vscode\\extensions\\uqbar.wollok-lsp-ide-0.5.3\\out\\server\\src\\server.js:38:6142\n    at D2 (c:\\Users\\egoytendia\\.vscode\\extensions\\uqbar.wollok-lsp-ide-0.5.3\\out\\server\\src\\server.js:2384:42)\n    at Qh (c:\\Users\\egoytendia\\.vscode\\extensions\\uqbar.wollok-lsp-ide-0.5.3\\out\\server\\src\\server.js:2384:1092)\n    at v6n (c:\\Users\\egoytendia\\.vscode\\extensions\\uqbar.wollok-lsp-ide-0.5.3\\out\\server\\src\\server.js:2384:818)\n    at c:\\Users\\egoytendia\\.vscode\\extensions\\uqbar.wollok-lsp-ide-0.5.3\\out\\server\\src\\server.js:38:6131\n    at D2 (c:\\Users\\egoytendia\\.vscode\\extensions\\uqbar.wollok-lsp-ide-0.5.3\\out\\server\\src\\server.js:2384:42)\n    at Qh (c:\\Users\\egoytendia\\.vscode\\extensions\\uqbar.wollok-lsp-ide-0.5.3\\out\\server\\src\\server.js:2384:1092)\n    at k6n (c:\\Users\\egoytendia\\.vscode\\extensions\\uqbar.wollok-lsp-ide-0.5.3\\out\\server\\src\\server.js:2384:1248)\n    at c:\\Users\\egoytendia\\.vscode\\extensions\\uqbar.wollok-lsp-ide-0.5.3\\out\\server\\src\\server.js:38:6131\n    at D2 (c:\\Users\\egoytendia\\.vscode\\extensions\\uqbar.wollok-lsp-ide-0.5.3\\out\\server\\src\\server.js:2384:42)","timestamp":"2025-12-13T03:02:56.874Z"}
{"level":"info","message":"⌛ Validating parciales/amongUs/tareas.wlk","timeElapsed":116,"timestamp":"2025-12-13T03:02:56.999Z"}
{"level":"error","message":"✘ Completions for node If ([31:5, 36:6] - parciales/amongUs/tareas.wlk) failed: Error: [If]{aa3737} at parciales/amongUs/tareas.wlk:31 exhausted all cases without a match [If]{aa3737} at parciales/amongUs/tareas.wlk:31 exhausted all cases without a match","stack":"Error: [If]{aa3737} at parciales/amongUs/tareas.wlk:31 exhausted all cases without a match\n    at c:\\Users\\egoytendia\\.vscode\\extensions\\uqbar.wollok-lsp-ide-0.5.3\\out\\server\\src\\server.js:38:6142\n    at D2 (c:\\Users\\egoytendia\\.vscode\\extensions\\uqbar.wollok-lsp-ide-0.5.3\\out\\server\\src\\server.js:2384:42)\n    at Qh (c:\\Users\\egoytendia\\.vscode\\extensions\\uqbar.wollok-lsp-ide-0.5.3\\out\\server\\src\\server.js:2384:1092)\n    at v6n (c:\\Users\\egoytendia\\.vscode\\extensions\\uqbar.wollok-lsp-ide-0.5.3\\out\\server\\src\\server.js:2384:818)\n    at c:\\Users\\egoytendia\\.vscode\\extensions\\uqbar.wollok-lsp-ide-0.5.3\\out\\server\\src\\server.js:38:6131\n    at D2 (c:\\Users\\egoytendia\\.vscode\\extensions\\uqbar.wollok-lsp-ide-0.5.3\\out\\server\\src\\server.js:2384:42)\n    at Qh (c:\\Users\\egoytendia\\.vscode\\extensions\\uqbar.wollok-lsp-ide-0.5.3\\out\\server\\src\\server.js:2384:1092)\n    at k6n (c:\\Users\\egoytendia\\.vscode\\extensions\\uqbar.wollok-lsp-ide-0.5.3\\out\\server\\src\\server.js:2384:1248)\n    at c:\\Users\\egoytendia\\.vscode\\extensions\\uqbar.wollok-lsp-ide-0.5.3\\out\\server\\src\\server.js:38:6131\n    at D2 (c:\\Users\\egoytendia\\.vscode\\extensions\\uqbar.wollok-lsp-ide-0.5.3\\out\\server\\src\\server.js:2384:42)","timestamp":"2025-12-13T03:02:57.114Z"}
{"level":"error","message":"✘ Completions for node If ([31:5, 36:6] - parciales/amongUs/tareas.wlk) failed: Error: [If]{f2748f} at parciales/amongUs/tareas.wlk:31 exhausted all cases without a match [If]{f2748f} at parciales/amongUs/tareas.wlk:31 exhausted all cases without a match","stack":"Error: [If]{f2748f} at parciales/amongUs/tareas.wlk:31 exhausted all cases without a match\n    at c:\\Users\\egoytendia\\.vscode\\extensions\\uqbar.wollok-lsp-ide-0.5.3\\out\\server\\src\\server.js:38:6142\n    at D2 (c:\\Users\\egoytendia\\.vscode\\extensions\\uqbar.wollok-lsp-ide-0.5.3\\out\\server\\src\\server.js:2384:42)\n    at Qh (c:\\Users\\egoytendia\\.vscode\\extensions\\uqbar.wollok-lsp-ide-0.5.3\\out\\server\\src\\server.js:2384:1092)\n    at v6n (c:\\Users\\egoytendia\\.vscode\\extensions\\uqbar.wollok-lsp-ide-0.5.3\\out\\server\\src\\server.js:2384:818)\n    at c:\\Users\\egoytendia\\.vscode\\extensions\\uqbar.wollok-lsp-ide-0.5.3\\out\\server\\src\\server.js:38:6131\n    at D2 (c:\\Users\\egoytendia\\.vscode\\extensions\\uqbar.wollok-lsp-ide-0.5.3\\out\\server\\src\\server.js:2384:42)\n    at Qh (c:\\Users\\egoytendia\\.vscode\\extensions\\uqbar.wollok-lsp-ide-0.5.3\\out\\server\\src\\server.js:2384:1092)\n    at k6n (c:\\Users\\egoytendia\\.vscode\\extensions\\uqbar.wollok-lsp-ide-0.5.3\\out\\server\\src\\server.js:2384:1248)\n    at c:\\Users\\egoytendia\\.vscode\\extensions\\uqbar.wollok-lsp-ide-0.5.3\\out\\server\\src\\server.js:38:6131\n    at D2 (c:\\Users\\egoytendia\\.vscode\\extensions\\uqbar.wollok-lsp-ide-0.5.3\\out\\server\\src\\server.js:2384:42)","timestamp":"2025-12-13T03:02:57.231Z"}
{"level":"info","message":"⌛ Validating parciales/amongUs/tareas.wlk","timeElapsed":116,"timestamp":"2025-12-13T03:02:57.350Z"}
{"level":"info","message":"⌛ Validating parciales/amongUs/tareas.wlk","timeElapsed":118,"timestamp":"2025-12-13T03:02:57.641Z"}
{"level":"info","message":"⌛ Validating parciales/amongUs/tareas.wlk","timeElapsed":117,"timestamp":"2025-12-13T03:02:57.840Z"}
{"level":"info","message":"⌛ Building environment","timeElapsed":162,"timestamp":"2025-12-13T03:02:58.083Z"}
{"level":"info","message":"⌛ Validating parciales/amongUs/tareas.wlk","timeElapsed":115,"timestamp":"2025-12-13T03:02:58.198Z"}
{"level":"info","message":"⌛ Validating parciales/amongUs/tareas.wlk","timeElapsed":111,"timestamp":"2025-12-13T03:02:58.310Z"}
{"level":"info","message":"⌛ Validating parciales/amongUs/tareas.wlk","timeElapsed":117,"timestamp":"2025-12-13T03:02:58.553Z"}
{"level":"info","message":"⌛ Validating parciales/amongUs/tareas.wlk","timeElapsed":102,"timestamp":"2025-12-13T03:02:58.656Z"}
{"level":"info","message":"⌛ Validating parciales/amongUs/tareas.wlk","timeElapsed":109,"timestamp":"2025-12-13T03:02:58.766Z"}
{"level":"info","message":"⌛ Validating parciales/amongUs/tareas.wlk","timeElapsed":110,"timestamp":"2025-12-13T03:02:59.041Z"}
{"level":"info","message":"⌛ Validating parciales/amongUs/tareas.wlk","timeElapsed":157,"timestamp":"2025-12-13T03:02:59.445Z"}
{"level":"info","message":"⌛ Validating parciales/amongUs/tareas.wlk","timeElapsed":107,"timestamp":"2025-12-13T03:02:59.553Z"}
{"level":"info","message":"⌛ Validating parciales/amongUs/tareas.wlk","timeElapsed":116,"timestamp":"2025-12-13T03:02:59.673Z"}
{"level":"info","message":"⌛ Validating parciales/amongUs/tareas.wlk","timeElapsed":108,"timestamp":"2025-12-13T03:02:59.781Z"}
{"level":"info","message":"⌛ Building environment","timeElapsed":107,"timestamp":"2025-12-13T03:02:59.991Z"}
{"level":"info","message":"⌛ Validating parciales/amongUs/tareas.wlk","timeElapsed":117,"timestamp":"2025-12-13T03:03:00.118Z"}
{"level":"info","message":"⌛ Building environment","timeElapsed":121,"timestamp":"2025-12-13T03:03:01.038Z"}
{"level":"info","message":"⌛ Validating parciales/amongUs/tareas.wlk","timeElapsed":112,"timestamp":"2025-12-13T03:03:01.151Z"}
{"level":"info","message":"⌛ Building environment","timeElapsed":101,"timestamp":"2025-12-13T03:03:01.273Z"}
{"level":"info","message":"⌛ Validating parciales/amongUs/tareas.wlk","timeElapsed":122,"timestamp":"2025-12-13T03:03:01.395Z"}
{"level":"info","message":"⌛ Building environment","timeElapsed":173,"timestamp":"2025-12-13T03:03:01.951Z"}
{"level":"info","message":"⌛ Validating parciales/amongUs/tareas.wlk","timeElapsed":138,"timestamp":"2025-12-13T03:03:02.183Z"}
{"level":"info","message":"⌛ Building environment","timeElapsed":105,"timestamp":"2025-12-13T03:03:02.290Z"}
{"level":"info","message":"⌛ Validating parciales/amongUs/tareas.wlk","timeElapsed":116,"timestamp":"2025-12-13T03:03:02.413Z"}
{"level":"info","message":"⌛ Validating parciales/amongUs/tareas.wlk","timeElapsed":113,"timestamp":"2025-12-13T03:03:02.695Z"}
{"level":"info","message":"⌛ Validating parciales/amongUs/tareas.wlk","timeElapsed":127,"timestamp":"2025-12-13T03:03:02.828Z"}
{"level":"info","message":"⌛ Validating parciales/amongUs/tareas.wlk","timeElapsed":127,"timestamp":"2025-12-13T03:03:02.956Z"}
{"level":"info","message":"⌛ Validating parciales/amongUs/tareas.wlk","timeElapsed":121,"timestamp":"2025-12-13T03:03:03.244Z"}
{"level":"info","message":"⌛ Validating parciales/amongUs/tareas.wlk","timeElapsed":105,"timestamp":"2025-12-13T03:03:03.350Z"}
{"level":"info","message":"⌛ Building environment","timeElapsed":110,"timestamp":"2025-12-13T03:03:03.602Z"}
{"level":"info","message":"⌛ Validating parciales/amongUs/tareas.wlk","timeElapsed":111,"timestamp":"2025-12-13T03:03:03.715Z"}
{"level":"info","message":"⌛ Validating parciales/amongUs/tareas.wlk","timeElapsed":113,"timestamp":"2025-12-13T03:03:04.004Z"}
{"level":"info","message":"⌛ Validating parciales/amongUs/tareas.wlk","timeElapsed":105,"timestamp":"2025-12-13T03:03:04.109Z"}
{"level":"info","message":"⌛ Building environment","timeElapsed":208,"timestamp":"2025-12-13T03:03:04.396Z"}
{"level":"info","message":"⌛ Validating parciales/amongUs/tareas.wlk","timeElapsed":118,"timestamp":"2025-12-13T03:03:04.609Z"}
{"level":"info","message":"⌛ Validating parciales/amongUs/tareas.wlk","timeElapsed":105,"timestamp":"2025-12-13T03:03:04.719Z"}
{"level":"info","message":"⌛ Validating parciales/amongUs/tareas.wlk","timeElapsed":111,"timestamp":"2025-12-13T03:03:04.998Z"}
{"level":"info","message":"⌛ Validating parciales/amongUs/tareas.wlk","timeElapsed":106,"timestamp":"2025-12-13T03:03:05.273Z"}
{"level":"info","message":"⌛ Validating parciales/amongUs/tareas.wlk","timeElapsed":107,"timestamp":"2025-12-13T03:03:05.484Z"}
{"level":"info","message":"⌛ Validating parciales/amongUs/tareas.wlk","timeElapsed":111,"timestamp":"2025-12-13T03:03:05.595Z"}
{"level":"info","message":"⌛ Validating parciales/amongUs/tareas.wlk","timeElapsed":122,"timestamp":"2025-12-13T03:03:05.880Z"}
{"level":"info","message":"⌛ Validating parciales/amongUs/tareas.wlk","timeElapsed":115,"timestamp":"2025-12-13T03:03:06.003Z"}
{"level":"info","message":"⌛ Validating parciales/amongUs/tareas.wlk","timeElapsed":105,"timestamp":"2025-12-13T03:03:06.357Z"}
{"level":"info","message":"⌛ Validating parciales/amongUs/tareas.wlk","timeElapsed":108,"timestamp":"2025-12-13T03:03:06.563Z"}
{"level":"info","message":"⌛ Validating parciales/amongUs/nave.wlk","timeElapsed":146,"timestamp":"2025-12-13T03:03:47.337Z"}
{"level":"info","message":"⌛ Building environment","timeElapsed":270,"timestamp":"2025-12-13T03:03:47.672Z"}
{"level":"info","message":"⌛ Building environment","timeElapsed":105,"timestamp":"2025-12-13T03:03:47.982Z"}
{"level":"info","message":"⌛ Validating parciales/amongUs/nave.wlk","timeElapsed":127,"timestamp":"2025-12-13T03:03:48.110Z"}
{"level":"info","message":"⌛ Validating parciales/amongUs/nave.wlk","timeElapsed":143,"timestamp":"2025-12-13T03:03:48.252Z"}
{"level":"error","message":"✘ Failed to rebuild document Failed to parse parciales/amongUs/nave.wlk: \n-- PARSING FAILED --------------------------------------------------\n\nGot the end of the input\n\nExpected one of the following: \n\nidentifier, whitespace\n","stack":"Error: Failed to parse parciales/amongUs/nave.wlk: \n-- PARSING FAILED --------------------------------------------------\n\nGot the end of the input\n\nExpected one of the following: \n\nidentifier, whitespace\n\n    at c:\\Users\\egoytendia\\.vscode\\extensions\\uqbar.wollok-lsp-ide-0.5.3\\out\\server\\src\\server.js:2348:13026\n    at Array.map (<anonymous>)\n    at W1n (c:\\Users\\egoytendia\\.vscode\\extensions\\uqbar.wollok-lsp-ide-0.5.3\\out\\server\\src\\server.js:2348:12950)\n    at U2.buildEnvironmentFrom (c:\\Users\\egoytendia\\.vscode\\extensions\\uqbar.wollok-lsp-ide-0.5.3\\out\\server\\src\\server.js:2393:5254)\n    at U2.updateEnvironmentWith (c:\\Users\\egoytendia\\.vscode\\extensions\\uqbar.wollok-lsp-ide-0.5.3\\out\\server\\src\\server.js:2393:4989)\n    at JF (c:\\Users\\egoytendia\\.vscode\\extensions\\uqbar.wollok-lsp-ide-0.5.3\\out\\server\\src\\server.js:2393:7383)\n    at F3.invoke (c:\\Users\\egoytendia\\.vscode\\extensions\\uqbar.wollok-lsp-ide-0.5.3\\out\\server\\src\\server.js:3:157334)\n    at o.fire (c:\\Users\\egoytendia\\.vscode\\extensions\\uqbar.wollok-lsp-ide-0.5.3\\out\\server\\src\\server.js:3:158104)\n    at c:\\Users\\egoytendia\\.vscode\\extensions\\uqbar.wollok-lsp-ide-0.5.3\\out\\server\\src\\server.js:37:57871\n    at Zr (c:\\Users\\egoytendia\\.vscode\\extensions\\uqbar.wollok-lsp-ide-0.5.3\\out\\server\\src\\server.js:8:1561)","timestamp":"2025-12-13T03:03:48.254Z"}
{"level":"info","message":"⌛ Validating parciales/amongUs/nave.wlk","timeElapsed":117,"timestamp":"2025-12-13T03:03:48.371Z"}
{"level":"info","message":"⌛ Validating parciales/amongUs/nave.wlk","timeElapsed":113,"timestamp":"2025-12-13T03:03:48.485Z"}
{"level":"error","message":"✘ Failed to rebuild document Failed to parse parciales/amongUs/nave.wlk: \n-- PARSING FAILED --------------------------------------------------\n\nGot the end of the input\n\nExpected one of the following: \n\nidentifier, whitespace\n","stack":"Error: Failed to parse parciales/amongUs/nave.wlk: \n-- PARSING FAILED --------------------------------------------------\n\nGot the end of the input\n\nExpected one of the following: \n\nidentifier, whitespace\n\n    at c:\\Users\\egoytendia\\.vscode\\extensions\\uqbar.wollok-lsp-ide-0.5.3\\out\\server\\src\\server.js:2348:13026\n    at Array.map (<anonymous>)\n    at W1n (c:\\Users\\egoytendia\\.vscode\\extensions\\uqbar.wollok-lsp-ide-0.5.3\\out\\server\\src\\server.js:2348:12950)\n    at U2.buildEnvironmentFrom (c:\\Users\\egoytendia\\.vscode\\extensions\\uqbar.wollok-lsp-ide-0.5.3\\out\\server\\src\\server.js:2393:5254)\n    at U2.updateEnvironmentWith (c:\\Users\\egoytendia\\.vscode\\extensions\\uqbar.wollok-lsp-ide-0.5.3\\out\\server\\src\\server.js:2393:4989)\n    at JF (c:\\Users\\egoytendia\\.vscode\\extensions\\uqbar.wollok-lsp-ide-0.5.3\\out\\server\\src\\server.js:2393:7383)\n    at F3.invoke (c:\\Users\\egoytendia\\.vscode\\extensions\\uqbar.wollok-lsp-ide-0.5.3\\out\\server\\src\\server.js:3:157334)\n    at o.fire (c:\\Users\\egoytendia\\.vscode\\extensions\\uqbar.wollok-lsp-ide-0.5.3\\out\\server\\src\\server.js:3:158104)\n    at c:\\Users\\egoytendia\\.vscode\\extensions\\uqbar.wollok-lsp-ide-0.5.3\\out\\server\\src\\server.js:37:57871\n    at Zr (c:\\Users\\egoytendia\\.vscode\\extensions\\uqbar.wollok-lsp-ide-0.5.3\\out\\server\\src\\server.js:8:1561)","timestamp":"2025-12-13T03:03:48.490Z"}
{"level":"error","message":"✘ Failed to rebuild document Failed to parse parciales/amongUs/nave.wlk: \n-- PARSING FAILED --------------------------------------------------\n\nGot the end of the input\n\nExpected one of the following: \n\nidentifier, whitespace\n","stack":"Error: Failed to parse parciales/amongUs/nave.wlk: \n-- PARSING FAILED --------------------------------------------------\n\nGot the end of the input\n\nExpected one of the following: \n\nidentifier, whitespace\n\n    at c:\\Users\\egoytendia\\.vscode\\extensions\\uqbar.wollok-lsp-ide-0.5.3\\out\\server\\src\\server.js:2348:13026\n    at Array.map (<anonymous>)\n    at W1n (c:\\Users\\egoytendia\\.vscode\\extensions\\uqbar.wollok-lsp-ide-0.5.3\\out\\server\\src\\server.js:2348:12950)\n    at U2.buildEnvironmentFrom (c:\\Users\\egoytendia\\.vscode\\extensions\\uqbar.wollok-lsp-ide-0.5.3\\out\\server\\src\\server.js:2393:5254)\n    at U2.updateEnvironmentWith (c:\\Users\\egoytendia\\.vscode\\extensions\\uqbar.wollok-lsp-ide-0.5.3\\out\\server\\src\\server.js:2393:4989)\n    at JF (c:\\Users\\egoytendia\\.vscode\\extensions\\uqbar.wollok-lsp-ide-0.5.3\\out\\server\\src\\server.js:2393:7383)\n    at F3.invoke (c:\\Users\\egoytendia\\.vscode\\extensions\\uqbar.wollok-lsp-ide-0.5.3\\out\\server\\src\\server.js:3:157334)\n    at o.fire (c:\\Users\\egoytendia\\.vscode\\extensions\\uqbar.wollok-lsp-ide-0.5.3\\out\\server\\src\\server.js:3:158104)\n    at c:\\Users\\egoytendia\\.vscode\\extensions\\uqbar.wollok-lsp-ide-0.5.3\\out\\server\\src\\server.js:37:57871\n    at Zr (c:\\Users\\egoytendia\\.vscode\\extensions\\uqbar.wollok-lsp-ide-0.5.3\\out\\server\\src\\server.js:8:1561)","timestamp":"2025-12-13T03:03:49.071Z"}
{"level":"info","message":"⌛ Building environment","timeElapsed":169,"timestamp":"2025-12-13T03:03:49.835Z"}
{"level":"info","message":"⌛ Validating parciales/amongUs/nave.wlk","timeElapsed":112,"timestamp":"2025-12-13T03:03:50.308Z"}
{"level":"info","message":"⌛ Validating parciales/amongUs/nave.wlk","timeElapsed":110,"timestamp":"2025-12-13T03:03:50.520Z"}
{"level":"info","message":"⌛ Validating parciales/amongUs/nave.wlk","timeElapsed":109,"timestamp":"2025-12-13T03:03:50.629Z"}
{"level":"info","message":"⌛ Validating parciales/amongUs/nave.wlk","timeElapsed":108,"timestamp":"2025-12-13T03:03:50.837Z"}
{"level":"info","message":"⌛ Validating parciales/amongUs/nave.wlk","timeElapsed":114,"timestamp":"2025-12-13T03:03:51.113Z"}
{"level":"info","message":"⌛ Building environment","timeElapsed":147,"timestamp":"2025-12-13T03:03:51.340Z"}
{"level":"info","message":"⌛ Validating parciales/amongUs/nave.wlk","timeElapsed":121,"timestamp":"2025-12-13T03:03:51.461Z"}
{"level":"info","message":"⌛ Validating parciales/amongUs/nave.wlk","timeElapsed":116,"timestamp":"2025-12-13T03:03:51.579Z"}
{"level":"info","message":"⌛ Validating parciales/amongUs/nave.wlk","timeElapsed":108,"timestamp":"2025-12-13T03:03:51.690Z"}
{"level":"info","message":"⌛ Validating parciales/amongUs/nave.wlk","timeElapsed":107,"timestamp":"2025-12-13T03:03:51.798Z"}
{"level":"info","message":"⌛ Validating parciales/amongUs/nave.wlk","timeElapsed":113,"timestamp":"2025-12-13T03:03:52.099Z"}
{"level":"info","message":"⌛ Validating parciales/amongUs/nave.wlk","timeElapsed":113,"timestamp":"2025-12-13T03:03:52.319Z"}
{"level":"info","message":"⌛ Validating parciales/amongUs/nave.wlk","timeElapsed":112,"timestamp":"2025-12-13T03:03:52.503Z"}
{"level":"info","message":"⌛ Validating parciales/amongUs/nave.wlk","timeElapsed":111,"timestamp":"2025-12-13T03:03:52.619Z"}
{"level":"info","message":"⌛ Building environment","timeElapsed":107,"timestamp":"2025-12-13T03:03:55.634Z"}
{"level":"info","message":"⌛ Validating parciales/amongUs/nave.wlk","timeElapsed":111,"timestamp":"2025-12-13T03:03:55.781Z"}
{"level":"error","message":"✘ Failed to rebuild document Failed to parse parciales/amongUs/nave.wlk: \n-- PARSING FAILED --------------------------------------------------\n\n  1 | class Nave {\n  2 |   var\n> 3 | }\n    | ^\n\nExpected one of the following: \n\n'property', identifier, whitespace\n","stack":"Error: Failed to parse parciales/amongUs/nave.wlk: \n-- PARSING FAILED --------------------------------------------------\n\n  1 | class Nave {\n  2 |   var\n> 3 | }\n    | ^\n\nExpected one of the following: \n\n'property', identifier, whitespace\n\n    at c:\\Users\\egoytendia\\.vscode\\extensions\\uqbar.wollok-lsp-ide-0.5.3\\out\\server\\src\\server.js:2348:13026\n    at Array.map (<anonymous>)\n    at W1n (c:\\Users\\egoytendia\\.vscode\\extensions\\uqbar.wollok-lsp-ide-0.5.3\\out\\server\\src\\server.js:2348:12950)\n    at U2.buildEnvironmentFrom (c:\\Users\\egoytendia\\.vscode\\extensions\\uqbar.wollok-lsp-ide-0.5.3\\out\\server\\src\\server.js:2393:5254)\n    at U2.updateEnvironmentWith (c:\\Users\\egoytendia\\.vscode\\extensions\\uqbar.wollok-lsp-ide-0.5.3\\out\\server\\src\\server.js:2393:4989)\n    at JF (c:\\Users\\egoytendia\\.vscode\\extensions\\uqbar.wollok-lsp-ide-0.5.3\\out\\server\\src\\server.js:2393:7383)\n    at F3.invoke (c:\\Users\\egoytendia\\.vscode\\extensions\\uqbar.wollok-lsp-ide-0.5.3\\out\\server\\src\\server.js:3:157334)\n    at o.fire (c:\\Users\\egoytendia\\.vscode\\extensions\\uqbar.wollok-lsp-ide-0.5.3\\out\\server\\src\\server.js:3:158104)\n    at c:\\Users\\egoytendia\\.vscode\\extensions\\uqbar.wollok-lsp-ide-0.5.3\\out\\server\\src\\server.js:37:57871\n    at Zr (c:\\Users\\egoytendia\\.vscode\\extensions\\uqbar.wollok-lsp-ide-0.5.3\\out\\server\\src\\server.js:8:1561)","timestamp":"2025-12-13T03:03:55.856Z"}
{"level":"info","message":"⌛ Validating parciales/amongUs/nave.wlk","timeElapsed":115,"timestamp":"2025-12-13T03:03:55.971Z"}
{"level":"error","message":"✘ Failed to rebuild document Failed to parse parciales/amongUs/nave.wlk: \n-- PARSING FAILED --------------------------------------------------\n\n  1 | class Nave {\n  2 |   var \n> 3 | }\n    | ^\n\nExpected one of the following: \n\n'property', identifier, whitespace\n","stack":"Error: Failed to parse parciales/amongUs/nave.wlk: \n-- PARSING FAILED --------------------------------------------------\n\n  1 | class Nave {\n  2 |   var \n> 3 | }\n    | ^\n\nExpected one of the following: \n\n'property', identifier, whitespace\n\n    at c:\\Users\\egoytendia\\.vscode\\extensions\\uqbar.wollok-lsp-ide-0.5.3\\out\\server\\src\\server.js:2348:13026\n    at Array.map (<anonymous>)\n    at W1n (c:\\Users\\egoytendia\\.vscode\\extensions\\uqbar.wollok-lsp-ide-0.5.3\\out\\server\\src\\server.js:2348:12950)\n    at U2.buildEnvironmentFrom (c:\\Users\\egoytendia\\.vscode\\extensions\\uqbar.wollok-lsp-ide-0.5.3\\out\\server\\src\\server.js:2393:5254)\n    at U2.updateEnvironmentWith (c:\\Users\\egoytendia\\.vscode\\extensions\\uqbar.wollok-lsp-ide-0.5.3\\out\\server\\src\\server.js:2393:4989)\n    at JF (c:\\Users\\egoytendia\\.vscode\\extensions\\uqbar.wollok-lsp-ide-0.5.3\\out\\server\\src\\server.js:2393:7383)\n    at F3.invoke (c:\\Users\\egoytendia\\.vscode\\extensions\\uqbar.wollok-lsp-ide-0.5.3\\out\\server\\src\\server.js:3:157334)\n    at o.fire (c:\\Users\\egoytendia\\.vscode\\extensions\\uqbar.wollok-lsp-ide-0.5.3\\out\\server\\src\\server.js:3:158104)\n    at c:\\Users\\egoytendia\\.vscode\\extensions\\uqbar.wollok-lsp-ide-0.5.3\\out\\server\\src\\server.js:37:57871\n    at Zr (c:\\Users\\egoytendia\\.vscode\\extensions\\uqbar.wollok-lsp-ide-0.5.3\\out\\server\\src\\server.js:8:1561)","timestamp":"2025-12-13T03:03:56.299Z"}
{"level":"info","message":"⌛ Building environment","timeElapsed":136,"timestamp":"2025-12-13T03:03:56.608Z"}
{"level":"info","message":"⌛ Validating parciales/amongUs/nave.wlk","timeElapsed":114,"timestamp":"2025-12-13T03:03:56.910Z"}
{"level":"info","message":"⌛ Validating parciales/amongUs/nave.wlk","timeElapsed":116,"timestamp":"2025-12-13T03:03:57.103Z"}
{"level":"info","message":"⌛ Validating parciales/amongUs/nave.wlk","timeElapsed":124,"timestamp":"2025-12-13T03:03:57.228Z"}
{"level":"info","message":"⌛ Validating parciales/amongUs/nave.wlk","timeElapsed":111,"timestamp":"2025-12-13T03:03:57.437Z"}
{"level":"info","message":"⌛ Validating parciales/amongUs/nave.wlk","timeElapsed":120,"timestamp":"2025-12-13T03:03:57.634Z"}
{"level":"info","message":"⌛ Validating parciales/amongUs/nave.wlk","timeElapsed":101,"timestamp":"2025-12-13T03:03:57.736Z"}
{"level":"info","message":"⌛ Validating parciales/amongUs/nave.wlk","timeElapsed":117,"timestamp":"2025-12-13T03:03:58.453Z"}
{"level":"info","message":"⌛ Building environment","timeElapsed":138,"timestamp":"2025-12-13T03:03:59.294Z"}
{"level":"info","message":"⌛ Validating parciales/amongUs/nave.wlk","timeElapsed":119,"timestamp":"2025-12-13T03:03:59.445Z"}
{"level":"info","message":"⌛ Building environment","timeElapsed":168,"timestamp":"2025-12-13T03:03:59.996Z"}
{"level":"info","message":"⌛ Validating parciales/amongUs/nave.wlk","timeElapsed":113,"timestamp":"2025-12-13T03:04:00.146Z"}
{"level":"info","message":"⌛ Building environment","timeElapsed":110,"timestamp":"2025-12-13T03:04:00.350Z"}
{"level":"info","message":"⌛ Validating parciales/amongUs/nave.wlk","timeElapsed":116,"timestamp":"2025-12-13T03:04:00.492Z"}
{"level":"info","message":"⌛ Validating parciales/amongUs/nave.wlk","timeElapsed":121,"timestamp":"2025-12-13T03:04:00.895Z"}
{"level":"info","message":"⌛ Validating parciales/amongUs/nave.wlk","timeElapsed":108,"timestamp":"2025-12-13T03:04:01.080Z"}
{"level":"info","message":"⌛ Validating parciales/amongUs/nave.wlk","timeElapsed":105,"timestamp":"2025-12-13T03:04:01.289Z"}
{"level":"info","message":"⌛ Building environment","timeElapsed":118,"timestamp":"2025-12-13T03:04:01.636Z"}
{"level":"info","message":"⌛ Validating parciales/amongUs/nave.wlk","timeElapsed":114,"timestamp":"2025-12-13T03:04:01.751Z"}
{"level":"info","message":"⌛ Validating parciales/amongUs/nave.wlk","timeElapsed":108,"timestamp":"2025-12-13T03:04:02.007Z"}
{"level":"info","message":"⌛ Validating parciales/amongUs/nave.wlk","timeElapsed":110,"timestamp":"2025-12-13T03:04:03.135Z"}
{"level":"info","message":"⌛ Validating parciales/amongUs/nave.wlk","timeElapsed":124,"timestamp":"2025-12-13T03:04:03.338Z"}
{"level":"info","message":"⌛ Validating parciales/amongUs/nave.wlk","timeElapsed":113,"timestamp":"2025-12-13T03:04:03.894Z"}
{"level":"info","message":"⌛ Validating parciales/amongUs/nave.wlk","timeElapsed":118,"timestamp":"2025-12-13T03:04:04.090Z"}
{"level":"info","message":"⌛ Building environment","timeElapsed":112,"timestamp":"2025-12-13T03:04:04.943Z"}
{"level":"info","message":"⌛ Validating parciales/amongUs/nave.wlk","timeElapsed":154,"timestamp":"2025-12-13T03:04:05.206Z"}
{"level":"info","message":"⌛ Validating parciales/amongUs/nave.wlk","timeElapsed":115,"timestamp":"2025-12-13T03:04:05.322Z"}
{"level":"info","message":"⌛ Building environment","timeElapsed":128,"timestamp":"2025-12-13T03:04:05.455Z"}
{"level":"info","message":"⌛ Validating parciales/amongUs/nave.wlk","timeElapsed":111,"timestamp":"2025-12-13T03:04:05.572Z"}
{"level":"info","message":"⌛ Building environment","timeElapsed":105,"timestamp":"2025-12-13T03:04:05.810Z"}
{"level":"info","message":"⌛ Validating parciales/amongUs/nave.wlk","timeElapsed":117,"timestamp":"2025-12-13T03:04:06.051Z"}
{"level":"info","message":"⌛ Validating parciales/amongUs/nave.wlk","timeElapsed":112,"timestamp":"2025-12-13T03:04:06.273Z"}
{"level":"info","message":"⌛ Validating parciales/amongUs/nave.wlk","timeElapsed":112,"timestamp":"2025-12-13T03:04:06.546Z"}
{"level":"info","message":"⌛ Validating parciales/amongUs/nave.wlk","timeElapsed":146,"timestamp":"2025-12-13T03:04:06.883Z"}
{"level":"info","message":"⌛ Building environment","timeElapsed":101,"timestamp":"2025-12-13T03:04:06.984Z"}
{"level":"info","message":"⌛ Validating parciales/amongUs/nave.wlk","timeElapsed":125,"timestamp":"2025-12-13T03:04:07.115Z"}
{"level":"info","message":"⌛ Validating parciales/amongUs/nave.wlk","timeElapsed":118,"timestamp":"2025-12-13T03:04:07.233Z"}
{"level":"info","message":"⌛ Validating parciales/amongUs/nave.wlk","timeElapsed":108,"timestamp":"2025-12-13T03:04:07.345Z"}
{"level":"info","message":"⌛ Validating parciales/amongUs/nave.wlk","timeElapsed":103,"timestamp":"2025-12-13T03:04:07.450Z"}
{"level":"info","message":"⌛ Validating parciales/amongUs/nave.wlk","timeElapsed":110,"timestamp":"2025-12-13T03:04:07.674Z"}
{"level":"info","message":"⌛ Building environment","timeElapsed":140,"timestamp":"2025-12-13T03:04:08.864Z"}
{"level":"info","message":"⌛ Validating parciales/amongUs/nave.wlk","timeElapsed":121,"timestamp":"2025-12-13T03:04:09.099Z"}
{"level":"info","message":"⌛ Validating parciales/amongUs/nave.wlk","timeElapsed":114,"timestamp":"2025-12-13T03:04:09.214Z"}
{"level":"info","message":"⌛ Validating parciales/amongUs/nave.wlk","timeElapsed":110,"timestamp":"2025-12-13T03:04:09.705Z"}
{"level":"info","message":"⌛ Validating parciales/amongUs/nave.wlk","timeElapsed":113,"timestamp":"2025-12-13T03:04:09.819Z"}
{"level":"info","message":"⌛ Validating parciales/amongUs/nave.wlk","timeElapsed":101,"timestamp":"2025-12-13T03:04:10.024Z"}
{"level":"info","message":"⌛ Building environment","timeElapsed":105,"timestamp":"2025-12-13T03:04:13.582Z"}
{"level":"info","message":"⌛ Validating parciales/amongUs/nave.wlk","timeElapsed":114,"timestamp":"2025-12-13T03:04:13.702Z"}
{"level":"info","message":"⌛ Building environment","timeElapsed":122,"timestamp":"2025-12-13T03:04:13.824Z"}
{"level":"info","message":"⌛ Validating parciales/amongUs/nave.wlk","timeElapsed":114,"timestamp":"2025-12-13T03:04:14.133Z"}
{"level":"info","message":"⌛ Validating parciales/amongUs/nave.wlk","timeElapsed":105,"timestamp":"2025-12-13T03:04:14.238Z"}
{"level":"info","message":"⌛ Building environment","timeElapsed":118,"timestamp":"2025-12-13T03:04:14.356Z"}
{"level":"info","message":"⌛ Validating parciales/amongUs/nave.wlk","timeElapsed":114,"timestamp":"2025-12-13T03:04:14.471Z"}
{"level":"info","message":"⌛ Validating parciales/amongUs/nave.wlk","timeElapsed":109,"timestamp":"2025-12-13T03:04:14.587Z"}
{"level":"info","message":"⌛ Building environment","timeElapsed":104,"timestamp":"2025-12-13T03:04:16.669Z"}
{"level":"info","message":"⌛ Validating parciales/amongUs/nave.wlk","timeElapsed":116,"timestamp":"2025-12-13T03:04:16.901Z"}
{"level":"info","message":"⌛ Building environment","timeElapsed":123,"timestamp":"2025-12-13T03:04:17.024Z"}
{"level":"info","message":"⌛ Validating parciales/amongUs/nave.wlk","timeElapsed":121,"timestamp":"2025-12-13T03:04:17.146Z"}
{"level":"info","message":"⌛ Validating parciales/amongUs/nave.wlk","timeElapsed":116,"timestamp":"2025-12-13T03:04:17.262Z"}
{"level":"info","message":"⌛ Validating parciales/amongUs/nave.wlk","timeElapsed":114,"timestamp":"2025-12-13T03:04:17.987Z"}
{"level":"info","message":"⌛ Building environment","timeElapsed":108,"timestamp":"2025-12-13T03:04:18.582Z"}
{"level":"info","message":"⌛ Validating parciales/amongUs/nave.wlk","timeElapsed":109,"timestamp":"2025-12-13T03:04:18.691Z"}
{"level":"info","message":"⌛ Building environment","timeElapsed":106,"timestamp":"2025-12-13T03:04:19.006Z"}
{"level":"info","message":"⌛ Validating parciales/amongUs/nave.wlk","timeElapsed":130,"timestamp":"2025-12-13T03:04:19.137Z"}
{"level":"info","message":"⌛ Validating parciales/amongUs/nave.wlk","timeElapsed":115,"timestamp":"2025-12-13T03:04:19.370Z"}
{"level":"info","message":"⌛ Building environment","timeElapsed":118,"timestamp":"2025-12-13T03:04:21.989Z"}
{"level":"error","message":"✘ Completions for node Parameter ([4:31, 4:32] - parciales/amongUs/nave.wlk) failed: Error: [Parameter]{1212e8} at parciales/amongUs/nave.wlk:4 exhausted all cases without a match [Parameter]{1212e8} at parciales/amongUs/nave.wlk:4 exhausted all cases without a match","stack":"Error: [Parameter]{1212e8} at parciales/amongUs/nave.wlk:4 exhausted all cases without a match\n    at c:\\Users\\egoytendia\\.vscode\\extensions\\uqbar.wollok-lsp-ide-0.5.3\\out\\server\\src\\server.js:38:6142\n    at D2 (c:\\Users\\egoytendia\\.vscode\\extensions\\uqbar.wollok-lsp-ide-0.5.3\\out\\server\\src\\server.js:2384:42)\n    at c:\\Users\\egoytendia\\.vscode\\extensions\\uqbar.wollok-lsp-ide-0.5.3\\out\\server\\src\\server.js:2384:2988\n    at c:\\Users\\egoytendia\\.vscode\\extensions\\uqbar.wollok-lsp-ide-0.5.3\\out\\server\\src\\server.js:2393:8440\n    at c:\\Users\\egoytendia\\.vscode\\extensions\\uqbar.wollok-lsp-ide-0.5.3\\out\\server\\src\\server.js:37:74872\n    at Ye (c:\\Users\\egoytendia\\.vscode\\extensions\\uqbar.wollok-lsp-ide-0.5.3\\out\\server\\src\\server.js:7:8527)\n    at qt (c:\\Users\\egoytendia\\.vscode\\extensions\\uqbar.wollok-lsp-ide-0.5.3\\out\\server\\src\\server.js:7:6189)\n    at ot (c:\\Users\\egoytendia\\.vscode\\extensions\\uqbar.wollok-lsp-ide-0.5.3\\out\\server\\src\\server.js:7:6378)\n    at Immediate._onImmediate (c:\\Users\\egoytendia\\.vscode\\extensions\\uqbar.wollok-lsp-ide-0.5.3\\out\\server\\src\\server.js:7:6142)\n    at process.processImmediate (node:internal/timers:485:21)","timestamp":"2025-12-13T03:04:22.020Z"}
{"level":"info","message":"⌛ Building environment","timeElapsed":103,"timestamp":"2025-12-13T03:04:22.127Z"}
{"level":"info","message":"⌛ Validating parciales/amongUs/nave.wlk","timeElapsed":141,"timestamp":"2025-12-13T03:04:22.268Z"}
{"level":"info","message":"⌛ Validating parciales/amongUs/nave.wlk","timeElapsed":127,"timestamp":"2025-12-13T03:04:22.479Z"}
{"level":"info","message":"⌛ Validating parciales/amongUs/nave.wlk","timeElapsed":152,"timestamp":"2025-12-13T03:04:22.722Z"}
{"level":"error","message":"✘ Completions for node Parameter ([4:31, 4:36] - parciales/amongUs/nave.wlk) failed: Error: [Parameter]{11ad01} at parciales/amongUs/nave.wlk:4 exhausted all cases without a match [Parameter]{11ad01} at parciales/amongUs/nave.wlk:4 exhausted all cases without a match","stack":"Error: [Parameter]{11ad01} at parciales/amongUs/nave.wlk:4 exhausted all cases without a match\n    at c:\\Users\\egoytendia\\.vscode\\extensions\\uqbar.wollok-lsp-ide-0.5.3\\out\\server\\src\\server.js:38:6142\n    at D2 (c:\\Users\\egoytendia\\.vscode\\extensions\\uqbar.wollok-lsp-ide-0.5.3\\out\\server\\src\\server.js:2384:42)\n    at c:\\Users\\egoytendia\\.vscode\\extensions\\uqbar.wollok-lsp-ide-0.5.3\\out\\server\\src\\server.js:2384:2988\n    at c:\\Users\\egoytendia\\.vscode\\extensions\\uqbar.wollok-lsp-ide-0.5.3\\out\\server\\src\\server.js:2393:8440\n    at c:\\Users\\egoytendia\\.vscode\\extensions\\uqbar.wollok-lsp-ide-0.5.3\\out\\server\\src\\server.js:37:74872\n    at Ye (c:\\Users\\egoytendia\\.vscode\\extensions\\uqbar.wollok-lsp-ide-0.5.3\\out\\server\\src\\server.js:7:8527)\n    at qt (c:\\Users\\egoytendia\\.vscode\\extensions\\uqbar.wollok-lsp-ide-0.5.3\\out\\server\\src\\server.js:7:6189)\n    at ot (c:\\Users\\egoytendia\\.vscode\\extensions\\uqbar.wollok-lsp-ide-0.5.3\\out\\server\\src\\server.js:7:6378)\n    at Immediate._onImmediate (c:\\Users\\egoytendia\\.vscode\\extensions\\uqbar.wollok-lsp-ide-0.5.3\\out\\server\\src\\server.js:7:6142)\n    at process.processImmediate (node:internal/timers:485:21)","timestamp":"2025-12-13T03:04:22.835Z"}
{"level":"info","message":"⌛ Validating parciales/amongUs/nave.wlk","timeElapsed":112,"timestamp":"2025-12-13T03:04:22.956Z"}
{"level":"info","message":"⌛ Validating parciales/amongUs/nave.wlk","timeElapsed":135,"timestamp":"2025-12-13T03:04:23.092Z"}
{"level":"info","message":"⌛ Building environment","timeElapsed":126,"timestamp":"2025-12-13T03:04:23.923Z"}
{"level":"error","message":"✘ Completions for node Parameter ([4:31, 4:37] - parciales/amongUs/nave.wlk) failed: Error: [Parameter]{d5e783} at parciales/amongUs/nave.wlk:4 exhausted all cases without a match [Parameter]{d5e783} at parciales/amongUs/nave.wlk:4 exhausted all cases without a match","stack":"Error: [Parameter]{d5e783} at parciales/amongUs/nave.wlk:4 exhausted all cases without a match\n    at c:\\Users\\egoytendia\\.vscode\\extensions\\uqbar.wollok-lsp-ide-0.5.3\\out\\server\\src\\server.js:38:6142\n    at D2 (c:\\Users\\egoytendia\\.vscode\\extensions\\uqbar.wollok-lsp-ide-0.5.3\\out\\server\\src\\server.js:2384:42)\n    at c:\\Users\\egoytendia\\.vscode\\extensions\\uqbar.wollok-lsp-ide-0.5.3\\out\\server\\src\\server.js:2384:2988\n    at c:\\Users\\egoytendia\\.vscode\\extensions\\uqbar.wollok-lsp-ide-0.5.3\\out\\server\\src\\server.js:2393:8440\n    at c:\\Users\\egoytendia\\.vscode\\extensions\\uqbar.wollok-lsp-ide-0.5.3\\out\\server\\src\\server.js:37:74872\n    at Ye (c:\\Users\\egoytendia\\.vscode\\extensions\\uqbar.wollok-lsp-ide-0.5.3\\out\\server\\src\\server.js:7:8527)\n    at qt (c:\\Users\\egoytendia\\.vscode\\extensions\\uqbar.wollok-lsp-ide-0.5.3\\out\\server\\src\\server.js:7:6189)\n    at ot (c:\\Users\\egoytendia\\.vscode\\extensions\\uqbar.wollok-lsp-ide-0.5.3\\out\\server\\src\\server.js:7:6378)\n    at Immediate._onImmediate (c:\\Users\\egoytendia\\.vscode\\extensions\\uqbar.wollok-lsp-ide-0.5.3\\out\\server\\src\\server.js:7:6142)\n    at process.processImmediate (node:internal/timers:485:21)","timestamp":"2025-12-13T03:04:23.963Z"}
{"level":"info","message":"⌛ Building environment","timeElapsed":207,"timestamp":"2025-12-13T03:04:24.190Z"}
{"level":"info","message":"⌛ Validating parciales/amongUs/nave.wlk","timeElapsed":211,"timestamp":"2025-12-13T03:04:24.418Z"}
{"level":"info","message":"⌛ Building environment","timeElapsed":113,"timestamp":"2025-12-13T03:04:24.531Z"}
{"level":"info","message":"⌛ Validating parciales/amongUs/nave.wlk","timeElapsed":174,"timestamp":"2025-12-13T03:04:24.707Z"}
{"level":"info","message":"⌛ Validating parciales/amongUs/nave.wlk","timeElapsed":114,"timestamp":"2025-12-13T03:04:24.827Z"}
{"level":"info","message":"⌛ Building environment","timeElapsed":148,"timestamp":"2025-12-13T03:04:25.082Z"}
{"level":"info","message":"⌛ Validating parciales/amongUs/nave.wlk","timeElapsed":127,"timestamp":"2025-12-13T03:04:25.210Z"}
{"level":"info","message":"⌛ Building environment","timeElapsed":101,"timestamp":"2025-12-13T03:04:25.516Z"}
{"level":"info","message":"⌛ Building environment","timeElapsed":105,"timestamp":"2025-12-13T03:04:25.621Z"}
{"level":"info","message":"⌛ Building environment","timeElapsed":106,"timestamp":"2025-12-13T03:04:25.727Z"}
{"level":"error","message":"✘ Completions for node Send (undefined - parciales/amongUs/nave.wlk) failed: Error: [Send]{e47449} at parciales/amongUs/nave.wlk:-- exhausted all cases without a match [Send]{e47449} at parciales/amongUs/nave.wlk:-- exhausted all cases without a match","stack":"Error: [Send]{e47449} at parciales/amongUs/nave.wlk:-- exhausted all cases without a match\n    at c:\\Users\\egoytendia\\.vscode\\extensions\\uqbar.wollok-lsp-ide-0.5.3\\out\\server\\src\\server.js:38:6142\n    at D2 (c:\\Users\\egoytendia\\.vscode\\extensions\\uqbar.wollok-lsp-ide-0.5.3\\out\\server\\src\\server.js:2384:42)\n    at Qh (c:\\Users\\egoytendia\\.vscode\\extensions\\uqbar.wollok-lsp-ide-0.5.3\\out\\server\\src\\server.js:2384:1092)\n    at k6n (c:\\Users\\egoytendia\\.vscode\\extensions\\uqbar.wollok-lsp-ide-0.5.3\\out\\server\\src\\server.js:2384:1248)\n    at c:\\Users\\egoytendia\\.vscode\\extensions\\uqbar.wollok-lsp-ide-0.5.3\\out\\server\\src\\server.js:38:6131\n    at D2 (c:\\Users\\egoytendia\\.vscode\\extensions\\uqbar.wollok-lsp-ide-0.5.3\\out\\server\\src\\server.js:2384:42)\n    at c:\\Users\\egoytendia\\.vscode\\extensions\\uqbar.wollok-lsp-ide-0.5.3\\out\\server\\src\\server.js:2384:2988\n    at c:\\Users\\egoytendia\\.vscode\\extensions\\uqbar.wollok-lsp-ide-0.5.3\\out\\server\\src\\server.js:2393:8440\n    at c:\\Users\\egoytendia\\.vscode\\extensions\\uqbar.wollok-lsp-ide-0.5.3\\out\\server\\src\\server.js:37:74872\n    at Ye (c:\\Users\\egoytendia\\.vscode\\extensions\\uqbar.wollok-lsp-ide-0.5.3\\out\\server\\src\\server.js:7:8527)","timestamp":"2025-12-13T03:04:25.761Z"}
{"level":"error","message":"✘ Completions for node Assignment ([5:5, 5:25] - parciales/amongUs/nave.wlk) failed: Error: [Assignment]{3db684} at parciales/amongUs/nave.wlk:5 exhausted all cases without a match [Assignment]{3db684} at parciales/amongUs/nave.wlk:5 exhausted all cases without a match","stack":"Error: [Assignment]{3db684} at parciales/amongUs/nave.wlk:5 exhausted all cases without a match\n    at c:\\Users\\egoytendia\\.vscode\\extensions\\uqbar.wollok-lsp-ide-0.5.3\\out\\server\\src\\server.js:38:6142\n    at D2 (c:\\Users\\egoytendia\\.vscode\\extensions\\uqbar.wollok-lsp-ide-0.5.3\\out\\server\\src\\server.js:2384:42)\n    at Qh (c:\\Users\\egoytendia\\.vscode\\extensions\\uqbar.wollok-lsp-ide-0.5.3\\out\\server\\src\\server.js:2384:1092)\n    at D2 (c:\\Users\\egoytendia\\.vscode\\extensions\\uqbar.wollok-lsp-ide-0.5.3\\out\\server\\src\\server.js:2384:544)\n    at Qh (c:\\Users\\egoytendia\\.vscode\\extensions\\uqbar.wollok-lsp-ide-0.5.3\\out\\server\\src\\server.js:2384:1092)\n    at k6n (c:\\Users\\egoytendia\\.vscode\\extensions\\uqbar.wollok-lsp-ide-0.5.3\\out\\server\\src\\server.js:2384:1248)\n    at c:\\Users\\egoytendia\\.vscode\\extensions\\uqbar.wollok-lsp-ide-0.5.3\\out\\server\\src\\server.js:38:6131\n    at D2 (c:\\Users\\egoytendia\\.vscode\\extensions\\uqbar.wollok-lsp-ide-0.5.3\\out\\server\\src\\server.js:2384:42)\n    at c:\\Users\\egoytendia\\.vscode\\extensions\\uqbar.wollok-lsp-ide-0.5.3\\out\\server\\src\\server.js:2384:2988\n    at c:\\Users\\egoytendia\\.vscode\\extensions\\uqbar.wollok-lsp-ide-0.5.3\\out\\server\\src\\server.js:2393:8440","timestamp":"2025-12-13T03:04:25.761Z"}
{"level":"info","message":"⌛ Validating parciales/amongUs/nave.wlk","timeElapsed":167,"timestamp":"2025-12-13T03:04:26.021Z"}
{"level":"info","message":"⌛ Building environment","timeElapsed":102,"timestamp":"2025-12-13T03:04:26.126Z"}
{"level":"info","message":"⌛ Validating parciales/amongUs/nave.wlk","timeElapsed":116,"timestamp":"2025-12-13T03:04:26.242Z"}
{"level":"info","message":"⌛ Validating parciales/amongUs/nave.wlk","timeElapsed":165,"timestamp":"2025-12-13T03:04:26.499Z"}
{"level":"info","message":"⌛ Validating parciales/amongUs/nave.wlk","timeElapsed":123,"timestamp":"2025-12-13T03:04:26.624Z"}
{"level":"info","message":"⌛ Validating parciales/amongUs/nave.wlk","timeElapsed":162,"timestamp":"2025-12-13T03:04:26.790Z"}
{"level":"info","message":"⌛ Validating parciales/amongUs/nave.wlk","timeElapsed":114,"timestamp":"2025-12-13T03:04:26.905Z"}
{"level":"info","message":"⌛ Validating parciales/amongUs/nave.wlk","timeElapsed":129,"timestamp":"2025-12-13T03:04:27.035Z"}
{"level":"info","message":"⌛ Validating parciales/amongUs/nave.wlk","timeElapsed":119,"timestamp":"2025-12-13T03:04:27.246Z"}
{"level":"info","message":"⌛ Building environment","timeElapsed":151,"timestamp":"2025-12-13T03:04:32.685Z"}
{"level":"info","message":"⌛ Building environment","timeElapsed":101,"timestamp":"2025-12-13T03:04:32.817Z"}
{"level":"info","message":"⌛ Validating parciales/amongUs/tareas.wlk","timeElapsed":132,"timestamp":"2025-12-13T03:04:33.035Z"}
{"level":"info","message":"⌛ Building environment","timeElapsed":110,"timestamp":"2025-12-13T03:04:33.145Z"}
{"level":"info","message":"⌛ Validating parciales/amongUs/tareas.wlk","timeElapsed":135,"timestamp":"2025-12-13T03:04:33.280Z"}
{"level":"info","message":"⌛ Validating parciales/amongUs/tareas.wlk","timeElapsed":108,"timestamp":"2025-12-13T03:04:33.390Z"}
{"level":"info","message":"⌛ Validating parciales/amongUs/tareas.wlk","timeElapsed":121,"timestamp":"2025-12-13T03:04:33.601Z"}
{"level":"info","message":"⌛ Validating parciales/amongUs/tareas.wlk","timeElapsed":106,"timestamp":"2025-12-13T03:04:33.711Z"}
{"level":"info","message":"⌛ Validating parciales/amongUs/tareas.wlk","timeElapsed":111,"timestamp":"2025-12-13T03:04:37.039Z"}
{"level":"info","message":"⌛ Validating parciales/amongUs/tareas.wlk","timeElapsed":124,"timestamp":"2025-12-13T03:04:37.354Z"}
{"level":"info","message":"⌛ Building environment","timeElapsed":102,"timestamp":"2025-12-13T03:04:37.456Z"}
{"level":"info","message":"⌛ Validating parciales/amongUs/tareas.wlk","timeElapsed":125,"timestamp":"2025-12-13T03:04:37.781Z"}
{"level":"info","message":"⌛ Validating parciales/amongUs/tareas.wlk","timeElapsed":120,"timestamp":"2025-12-13T03:04:37.901Z"}
{"level":"info","message":"⌛ Validating parciales/amongUs/tareas.wlk","timeElapsed":125,"timestamp":"2025-12-13T03:04:38.026Z"}
{"level":"info","message":"⌛ Building environment","timeElapsed":104,"timestamp":"2025-12-13T03:04:38.334Z"}
{"level":"info","message":"⌛ Validating parciales/amongUs/tareas.wlk","timeElapsed":121,"timestamp":"2025-12-13T03:04:38.455Z"}
{"level":"info","message":"⌛ Validating parciales/amongUs/tareas.wlk","timeElapsed":110,"timestamp":"2025-12-13T03:04:38.567Z"}
{"level":"info","message":"⌛ Validating parciales/amongUs/tareas.wlk","timeElapsed":120,"timestamp":"2025-12-13T03:04:38.693Z"}
{"level":"info","message":"⌛ Building environment","timeElapsed":128,"timestamp":"2025-12-13T03:04:38.926Z"}
{"level":"info","message":"⌛ Validating parciales/amongUs/tareas.wlk","timeElapsed":118,"timestamp":"2025-12-13T03:04:39.044Z"}
{"level":"info","message":"⌛ Validating parciales/amongUs/tareas.wlk","timeElapsed":110,"timestamp":"2025-12-13T03:04:39.266Z"}
{"level":"info","message":"⌛ Validating parciales/amongUs/tareas.wlk","timeElapsed":116,"timestamp":"2025-12-13T03:04:39.463Z"}
{"level":"info","message":"⌛ Validating parciales/amongUs/tareas.wlk","timeElapsed":114,"timestamp":"2025-12-13T03:04:39.583Z"}
{"level":"info","message":"⌛ Validating parciales/amongUs/tareas.wlk","timeElapsed":117,"timestamp":"2025-12-13T03:04:41.045Z"}
{"level":"error","message":"✘ Failed to rebuild document Failed to parse parciales/amongUs/tareas.wlk: \n-- PARSING FAILED --------------------------------------------------\n\n  38 | }\n  39 | \n> 40 | class VentilarNave i {\n     |                    ^\n  41 |   \n  42 | }\n\nExpected one of the following: \n\n'inherits', '{', whitespace\n","stack":"Error: Failed to parse parciales/amongUs/tareas.wlk: \n-- PARSING FAILED --------------------------------------------------\n\n  38 | }\n  39 | \n> 40 | class VentilarNave i {\n     |                    ^\n  41 |   \n  42 | }\n\nExpected one of the following: \n\n'inherits', '{', whitespace\n\n    at c:\\Users\\egoytendia\\.vscode\\extensions\\uqbar.wollok-lsp-ide-0.5.3\\out\\server\\src\\server.js:2348:13026\n    at Array.map (<anonymous>)\n    at W1n (c:\\Users\\egoytendia\\.vscode\\extensions\\uqbar.wollok-lsp-ide-0.5.3\\out\\server\\src\\server.js:2348:12950)\n    at U2.buildEnvironmentFrom (c:\\Users\\egoytendia\\.vscode\\extensions\\uqbar.wollok-lsp-ide-0.5.3\\out\\server\\src\\server.js:2393:5254)\n    at U2.updateEnvironmentWith (c:\\Users\\egoytendia\\.vscode\\extensions\\uqbar.wollok-lsp-ide-0.5.3\\out\\server\\src\\server.js:2393:4989)\n    at JF (c:\\Users\\egoytendia\\.vscode\\extensions\\uqbar.wollok-lsp-ide-0.5.3\\out\\server\\src\\server.js:2393:7383)\n    at F3.invoke (c:\\Users\\egoytendia\\.vscode\\extensions\\uqbar.wollok-lsp-ide-0.5.3\\out\\server\\src\\server.js:3:157334)\n    at o.fire (c:\\Users\\egoytendia\\.vscode\\extensions\\uqbar.wollok-lsp-ide-0.5.3\\out\\server\\src\\server.js:3:158104)\n    at c:\\Users\\egoytendia\\.vscode\\extensions\\uqbar.wollok-lsp-ide-0.5.3\\out\\server\\src\\server.js:37:57871\n    at Zr (c:\\Users\\egoytendia\\.vscode\\extensions\\uqbar.wollok-lsp-ide-0.5.3\\out\\server\\src\\server.js:8:1561)","timestamp":"2025-12-13T03:04:41.299Z"}
{"level":"error","message":"✘ Failed to rebuild document Failed to parse parciales/amongUs/tareas.wlk: \n-- PARSING FAILED --------------------------------------------------\n\n  38 | }\n  39 | \n> 40 | class VentilarNave in {\n     |                    ^\n  41 |   \n  42 | }\n\nExpected one of the following: \n\n'inherits', '{', whitespace\n","stack":"Error: Failed to parse parciales/amongUs/tareas.wlk: \n-- PARSING FAILED --------------------------------------------------\n\n  38 | }\n  39 | \n> 40 | class VentilarNave in {\n     |                    ^\n  41 |   \n  42 | }\n\nExpected one of the following: \n\n'inherits', '{', whitespace\n\n    at c:\\Users\\egoytendia\\.vscode\\extensions\\uqbar.wollok-lsp-ide-0.5.3\\out\\server\\src\\server.js:2348:13026\n    at Array.map (<anonymous>)\n    at W1n (c:\\Users\\egoytendia\\.vscode\\extensions\\uqbar.wollok-lsp-ide-0.5.3\\out\\server\\src\\server.js:2348:12950)\n    at U2.buildEnvironmentFrom (c:\\Users\\egoytendia\\.vscode\\extensions\\uqbar.wollok-lsp-ide-0.5.3\\out\\server\\src\\server.js:2393:5254)\n    at U2.updateEnvironmentWith (c:\\Users\\egoytendia\\.vscode\\extensions\\uqbar.wollok-lsp-ide-0.5.3\\out\\server\\src\\server.js:2393:4989)\n    at JF (c:\\Users\\egoytendia\\.vscode\\extensions\\uqbar.wollok-lsp-ide-0.5.3\\out\\server\\src\\server.js:2393:7383)\n    at F3.invoke (c:\\Users\\egoytendia\\.vscode\\extensions\\uqbar.wollok-lsp-ide-0.5.3\\out\\server\\src\\server.js:3:157334)\n    at o.fire (c:\\Users\\egoytendia\\.vscode\\extensions\\uqbar.wollok-lsp-ide-0.5.3\\out\\server\\src\\server.js:3:158104)\n    at c:\\Users\\egoytendia\\.vscode\\extensions\\uqbar.wollok-lsp-ide-0.5.3\\out\\server\\src\\server.js:37:57871\n    at Zr (c:\\Users\\egoytendia\\.vscode\\extensions\\uqbar.wollok-lsp-ide-0.5.3\\out\\server\\src\\server.js:8:1561)","timestamp":"2025-12-13T03:04:41.415Z"}
{"level":"error","message":"✘ Failed to rebuild document Failed to parse parciales/amongUs/tareas.wlk: \n-- PARSING FAILED --------------------------------------------------\n\n  38 | }\n  39 | \n> 40 | class VentilarNave inh {\n     |                    ^\n  41 |   \n  42 | }\n\nExpected one of the following: \n\n'inherits', '{', whitespace\n","stack":"Error: Failed to parse parciales/amongUs/tareas.wlk: \n-- PARSING FAILED --------------------------------------------------\n\n  38 | }\n  39 | \n> 40 | class VentilarNave inh {\n     |                    ^\n  41 |   \n  42 | }\n\nExpected one of the following: \n\n'inherits', '{', whitespace\n\n    at c:\\Users\\egoytendia\\.vscode\\extensions\\uqbar.wollok-lsp-ide-0.5.3\\out\\server\\src\\server.js:2348:13026\n    at Array.map (<anonymous>)\n    at W1n (c:\\Users\\egoytendia\\.vscode\\extensions\\uqbar.wollok-lsp-ide-0.5.3\\out\\server\\src\\server.js:2348:12950)\n    at U2.buildEnvironmentFrom (c:\\Users\\egoytendia\\.vscode\\extensions\\uqbar.wollok-lsp-ide-0.5.3\\out\\server\\src\\server.js:2393:5254)\n    at U2.updateEnvironmentWith (c:\\Users\\egoytendia\\.vscode\\extensions\\uqbar.wollok-lsp-ide-0.5.3\\out\\server\\src\\server.js:2393:4989)\n    at JF (c:\\Users\\egoytendia\\.vscode\\extensions\\uqbar.wollok-lsp-ide-0.5.3\\out\\server\\src\\server.js:2393:7383)\n    at F3.invoke (c:\\Users\\egoytendia\\.vscode\\extensions\\uqbar.wollok-lsp-ide-0.5.3\\out\\server\\src\\server.js:3:157334)\n    at o.fire (c:\\Users\\egoytendia\\.vscode\\extensions\\uqbar.wollok-lsp-ide-0.5.3\\out\\server\\src\\server.js:3:158104)\n    at c:\\Users\\egoytendia\\.vscode\\extensions\\uqbar.wollok-lsp-ide-0.5.3\\out\\server\\src\\server.js:37:57871\n    at Zr (c:\\Users\\egoytendia\\.vscode\\extensions\\uqbar.wollok-lsp-ide-0.5.3\\out\\server\\src\\server.js:8:1561)","timestamp":"2025-12-13T03:04:41.558Z"}
{"level":"error","message":"✘ Failed to rebuild document Failed to parse parciales/amongUs/tareas.wlk: \n-- PARSING FAILED --------------------------------------------------\n\n  38 | }\n  39 | \n> 40 | class VentilarNave inhe {\n     |                    ^\n  41 |   \n  42 | }\n\nExpected one of the following: \n\n'inherits', '{', whitespace\n","stack":"Error: Failed to parse parciales/amongUs/tareas.wlk: \n-- PARSING FAILED --------------------------------------------------\n\n  38 | }\n  39 | \n> 40 | class VentilarNave inhe {\n     |                    ^\n  41 |   \n  42 | }\n\nExpected one of the following: \n\n'inherits', '{', whitespace\n\n    at c:\\Users\\egoytendia\\.vscode\\extensions\\uqbar.wollok-lsp-ide-0.5.3\\out\\server\\src\\server.js:2348:13026\n    at Array.map (<anonymous>)\n    at W1n (c:\\Users\\egoytendia\\.vscode\\extensions\\uqbar.wollok-lsp-ide-0.5.3\\out\\server\\src\\server.js:2348:12950)\n    at U2.buildEnvironmentFrom (c:\\Users\\egoytendia\\.vscode\\extensions\\uqbar.wollok-lsp-ide-0.5.3\\out\\server\\src\\server.js:2393:5254)\n    at U2.updateEnvironmentWith (c:\\Users\\egoytendia\\.vscode\\extensions\\uqbar.wollok-lsp-ide-0.5.3\\out\\server\\src\\server.js:2393:4989)\n    at JF (c:\\Users\\egoytendia\\.vscode\\extensions\\uqbar.wollok-lsp-ide-0.5.3\\out\\server\\src\\server.js:2393:7383)\n    at F3.invoke (c:\\Users\\egoytendia\\.vscode\\extensions\\uqbar.wollok-lsp-ide-0.5.3\\out\\server\\src\\server.js:3:157334)\n    at o.fire (c:\\Users\\egoytendia\\.vscode\\extensions\\uqbar.wollok-lsp-ide-0.5.3\\out\\server\\src\\server.js:3:158104)\n    at c:\\Users\\egoytendia\\.vscode\\extensions\\uqbar.wollok-lsp-ide-0.5.3\\out\\server\\src\\server.js:37:57871\n    at Zr (c:\\Users\\egoytendia\\.vscode\\extensions\\uqbar.wollok-lsp-ide-0.5.3\\out\\server\\src\\server.js:8:1561)","timestamp":"2025-12-13T03:04:41.681Z"}
{"level":"error","message":"✘ Failed to rebuild document Failed to parse parciales/amongUs/tareas.wlk: \n-- PARSING FAILED --------------------------------------------------\n\n  38 | }\n  39 | \n> 40 | class VentilarNave inher {\n     |                    ^\n  41 |   \n  42 | }\n\nExpected one of the following: \n\n'inherits', '{', whitespace\n","stack":"Error: Failed to parse parciales/amongUs/tareas.wlk: \n-- PARSING FAILED --------------------------------------------------\n\n  38 | }\n  39 | \n> 40 | class VentilarNave inher {\n     |                    ^\n  41 |   \n  42 | }\n\nExpected one of the following: \n\n'inherits', '{', whitespace\n\n    at c:\\Users\\egoytendia\\.vscode\\extensions\\uqbar.wollok-lsp-ide-0.5.3\\out\\server\\src\\server.js:2348:13026\n    at Array.map (<anonymous>)\n    at W1n (c:\\Users\\egoytendia\\.vscode\\extensions\\uqbar.wollok-lsp-ide-0.5.3\\out\\server\\src\\server.js:2348:12950)\n    at U2.buildEnvironmentFrom (c:\\Users\\egoytendia\\.vscode\\extensions\\uqbar.wollok-lsp-ide-0.5.3\\out\\server\\src\\server.js:2393:5254)\n    at U2.updateEnvironmentWith (c:\\Users\\egoytendia\\.vscode\\extensions\\uqbar.wollok-lsp-ide-0.5.3\\out\\server\\src\\server.js:2393:4989)\n    at JF (c:\\Users\\egoytendia\\.vscode\\extensions\\uqbar.wollok-lsp-ide-0.5.3\\out\\server\\src\\server.js:2393:7383)\n    at F3.invoke (c:\\Users\\egoytendia\\.vscode\\extensions\\uqbar.wollok-lsp-ide-0.5.3\\out\\server\\src\\server.js:3:157334)\n    at o.fire (c:\\Users\\egoytendia\\.vscode\\extensions\\uqbar.wollok-lsp-ide-0.5.3\\out\\server\\src\\server.js:3:158104)\n    at c:\\Users\\egoytendia\\.vscode\\extensions\\uqbar.wollok-lsp-ide-0.5.3\\out\\server\\src\\server.js:37:57871\n    at Zr (c:\\Users\\egoytendia\\.vscode\\extensions\\uqbar.wollok-lsp-ide-0.5.3\\out\\server\\src\\server.js:8:1561)","timestamp":"2025-12-13T03:04:41.815Z"}
{"level":"error","message":"✘ Failed to rebuild document Failed to parse parciales/amongUs/tareas.wlk: \n-- PARSING FAILED --------------------------------------------------\n\n  38 | }\n  39 | \n> 40 | class VentilarNave inheri {\n     |                    ^\n  41 |   \n  42 | }\n\nExpected one of the following: \n\n'inherits', '{', whitespace\n","stack":"Error: Failed to parse parciales/amongUs/tareas.wlk: \n-- PARSING FAILED --------------------------------------------------\n\n  38 | }\n  39 | \n> 40 | class VentilarNave inheri {\n     |                    ^\n  41 |   \n  42 | }\n\nExpected one of the following: \n\n'inherits', '{', whitespace\n\n    at c:\\Users\\egoytendia\\.vscode\\extensions\\uqbar.wollok-lsp-ide-0.5.3\\out\\server\\src\\server.js:2348:13026\n    at Array.map (<anonymous>)\n    at W1n (c:\\Users\\egoytendia\\.vscode\\extensions\\uqbar.wollok-lsp-ide-0.5.3\\out\\server\\src\\server.js:2348:12950)\n    at U2.buildEnvironmentFrom (c:\\Users\\egoytendia\\.vscode\\extensions\\uqbar.wollok-lsp-ide-0.5.3\\out\\server\\src\\server.js:2393:5254)\n    at U2.updateEnvironmentWith (c:\\Users\\egoytendia\\.vscode\\extensions\\uqbar.wollok-lsp-ide-0.5.3\\out\\server\\src\\server.js:2393:4989)\n    at JF (c:\\Users\\egoytendia\\.vscode\\extensions\\uqbar.wollok-lsp-ide-0.5.3\\out\\server\\src\\server.js:2393:7383)\n    at F3.invoke (c:\\Users\\egoytendia\\.vscode\\extensions\\uqbar.wollok-lsp-ide-0.5.3\\out\\server\\src\\server.js:3:157334)\n    at o.fire (c:\\Users\\egoytendia\\.vscode\\extensions\\uqbar.wollok-lsp-ide-0.5.3\\out\\server\\src\\server.js:3:158104)\n    at c:\\Users\\egoytendia\\.vscode\\extensions\\uqbar.wollok-lsp-ide-0.5.3\\out\\server\\src\\server.js:37:57871\n    at Zr (c:\\Users\\egoytendia\\.vscode\\extensions\\uqbar.wollok-lsp-ide-0.5.3\\out\\server\\src\\server.js:8:1561)","timestamp":"2025-12-13T03:04:41.943Z"}
{"level":"error","message":"✘ Failed to rebuild document Failed to parse parciales/amongUs/tareas.wlk: \n-- PARSING FAILED --------------------------------------------------\n\n  38 | }\n  39 | \n> 40 | class VentilarNave inherit {\n     |                    ^\n  41 |   \n  42 | }\n\nExpected one of the following: \n\n'inherits', '{', whitespace\n","stack":"Error: Failed to parse parciales/amongUs/tareas.wlk: \n-- PARSING FAILED --------------------------------------------------\n\n  38 | }\n  39 | \n> 40 | class VentilarNave inherit {\n     |                    ^\n  41 |   \n  42 | }\n\nExpected one of the following: \n\n'inherits', '{', whitespace\n\n    at c:\\Users\\egoytendia\\.vscode\\extensions\\uqbar.wollok-lsp-ide-0.5.3\\out\\server\\src\\server.js:2348:13026\n    at Array.map (<anonymous>)\n    at W1n (c:\\Users\\egoytendia\\.vscode\\extensions\\uqbar.wollok-lsp-ide-0.5.3\\out\\server\\src\\server.js:2348:12950)\n    at U2.buildEnvironmentFrom (c:\\Users\\egoytendia\\.vscode\\extensions\\uqbar.wollok-lsp-ide-0.5.3\\out\\server\\src\\server.js:2393:5254)\n    at U2.updateEnvironmentWith (c:\\Users\\egoytendia\\.vscode\\extensions\\uqbar.wollok-lsp-ide-0.5.3\\out\\server\\src\\server.js:2393:4989)\n    at JF (c:\\Users\\egoytendia\\.vscode\\extensions\\uqbar.wollok-lsp-ide-0.5.3\\out\\server\\src\\server.js:2393:7383)\n    at F3.invoke (c:\\Users\\egoytendia\\.vscode\\extensions\\uqbar.wollok-lsp-ide-0.5.3\\out\\server\\src\\server.js:3:157334)\n    at o.fire (c:\\Users\\egoytendia\\.vscode\\extensions\\uqbar.wollok-lsp-ide-0.5.3\\out\\server\\src\\server.js:3:158104)\n    at c:\\Users\\egoytendia\\.vscode\\extensions\\uqbar.wollok-lsp-ide-0.5.3\\out\\server\\src\\server.js:37:57871\n    at Zr (c:\\Users\\egoytendia\\.vscode\\extensions\\uqbar.wollok-lsp-ide-0.5.3\\out\\server\\src\\server.js:8:1561)","timestamp":"2025-12-13T03:04:41.979Z"}
{"level":"error","message":"✘ Failed to rebuild document Failed to parse parciales/amongUs/tareas.wlk: \n-- PARSING FAILED --------------------------------------------------\n\n  38 | }\n  39 | \n> 40 | class VentilarNave inherits {\n     |                             ^\n  41 |   \n  42 | }\n\nExpected one of the following: \n\n'@', comment, identifier, package identifier, whitespace\n","stack":"Error: Failed to parse parciales/amongUs/tareas.wlk: \n-- PARSING FAILED --------------------------------------------------\n\n  38 | }\n  39 | \n> 40 | class VentilarNave inherits {\n     |                             ^\n  41 |   \n  42 | }\n\nExpected one of the following: \n\n'@', comment, identifier, package identifier, whitespace\n\n    at c:\\Users\\egoytendia\\.vscode\\extensions\\uqbar.wollok-lsp-ide-0.5.3\\out\\server\\src\\server.js:2348:13026\n    at Array.map (<anonymous>)\n    at W1n (c:\\Users\\egoytendia\\.vscode\\extensions\\uqbar.wollok-lsp-ide-0.5.3\\out\\server\\src\\server.js:2348:12950)\n    at U2.buildEnvironmentFrom (c:\\Users\\egoytendia\\.vscode\\extensions\\uqbar.wollok-lsp-ide-0.5.3\\out\\server\\src\\server.js:2393:5254)\n    at U2.updateEnvironmentWith (c:\\Users\\egoytendia\\.vscode\\extensions\\uqbar.wollok-lsp-ide-0.5.3\\out\\server\\src\\server.js:2393:4989)\n    at JF (c:\\Users\\egoytendia\\.vscode\\extensions\\uqbar.wollok-lsp-ide-0.5.3\\out\\server\\src\\server.js:2393:7383)\n    at F3.invoke (c:\\Users\\egoytendia\\.vscode\\extensions\\uqbar.wollok-lsp-ide-0.5.3\\out\\server\\src\\server.js:3:157334)\n    at o.fire (c:\\Users\\egoytendia\\.vscode\\extensions\\uqbar.wollok-lsp-ide-0.5.3\\out\\server\\src\\server.js:3:158104)\n    at c:\\Users\\egoytendia\\.vscode\\extensions\\uqbar.wollok-lsp-ide-0.5.3\\out\\server\\src\\server.js:37:57871\n    at Zr (c:\\Users\\egoytendia\\.vscode\\extensions\\uqbar.wollok-lsp-ide-0.5.3\\out\\server\\src\\server.js:8:1561)","timestamp":"2025-12-13T03:04:42.169Z"}
{"level":"error","message":"✘ Failed to rebuild document Failed to parse parciales/amongUs/tareas.wlk: \n-- PARSING FAILED --------------------------------------------------\n\n  38 | }\n  39 | \n> 40 | class VentilarNave inherits  {\n     |                              ^\n  41 |   \n  42 | }\n\nExpected one of the following: \n\n'@', comment, identifier, package identifier, whitespace\n","stack":"Error: Failed to parse parciales/amongUs/tareas.wlk: \n-- PARSING FAILED --------------------------------------------------\n\n  38 | }\n  39 | \n> 40 | class VentilarNave inherits  {\n     |                              ^\n  41 |   \n  42 | }\n\nExpected one of the following: \n\n'@', comment, identifier, package identifier, whitespace\n\n    at c:\\Users\\egoytendia\\.vscode\\extensions\\uqbar.wollok-lsp-ide-0.5.3\\out\\server\\src\\server.js:2348:13026\n    at Array.map (<anonymous>)\n    at W1n (c:\\Users\\egoytendia\\.vscode\\extensions\\uqbar.wollok-lsp-ide-0.5.3\\out\\server\\src\\server.js:2348:12950)\n    at U2.buildEnvironmentFrom (c:\\Users\\egoytendia\\.vscode\\extensions\\uqbar.wollok-lsp-ide-0.5.3\\out\\server\\src\\server.js:2393:5254)\n    at U2.updateEnvironmentWith (c:\\Users\\egoytendia\\.vscode\\extensions\\uqbar.wollok-lsp-ide-0.5.3\\out\\server\\src\\server.js:2393:4989)\n    at JF (c:\\Users\\egoytendia\\.vscode\\extensions\\uqbar.wollok-lsp-ide-0.5.3\\out\\server\\src\\server.js:2393:7383)\n    at F3.invoke (c:\\Users\\egoytendia\\.vscode\\extensions\\uqbar.wollok-lsp-ide-0.5.3\\out\\server\\src\\server.js:3:157334)\n    at o.fire (c:\\Users\\egoytendia\\.vscode\\extensions\\uqbar.wollok-lsp-ide-0.5.3\\out\\server\\src\\server.js:3:158104)\n    at c:\\Users\\egoytendia\\.vscode\\extensions\\uqbar.wollok-lsp-ide-0.5.3\\out\\server\\src\\server.js:37:57871\n    at Zr (c:\\Users\\egoytendia\\.vscode\\extensions\\uqbar.wollok-lsp-ide-0.5.3\\out\\server\\src\\server.js:8:1561)","timestamp":"2025-12-13T03:04:42.437Z"}
{"level":"info","message":"⌛ Building environment","timeElapsed":111,"timestamp":"2025-12-13T03:04:43.346Z"}
{"level":"error","message":"✘ Completions for node ParameterizedType ([40:29, 40:30] - parciales/amongUs/tareas.wlk) failed: Error: [ParameterizedType]{42f9c0} at parciales/amongUs/tareas.wlk:40 exhausted all cases without a match [ParameterizedType]{42f9c0} at parciales/amongUs/tareas.wlk:40 exhausted all cases without a match","stack":"Error: [ParameterizedType]{42f9c0} at parciales/amongUs/tareas.wlk:40 exhausted all cases without a match\n    at c:\\Users\\egoytendia\\.vscode\\extensions\\uqbar.wollok-lsp-ide-0.5.3\\out\\server\\src\\server.js:38:6142\n    at D2 (c:\\Users\\egoytendia\\.vscode\\extensions\\uqbar.wollok-lsp-ide-0.5.3\\out\\server\\src\\server.js:2384:42)\n    at Qh (c:\\Users\\egoytendia\\.vscode\\extensions\\uqbar.wollok-lsp-ide-0.5.3\\out\\server\\src\\server.js:2384:1092)\n    at k6n (c:\\Users\\egoytendia\\.vscode\\extensions\\uqbar.wollok-lsp-ide-0.5.3\\out\\server\\src\\server.js:2384:1248)\n    at c:\\Users\\egoytendia\\.vscode\\extensions\\uqbar.wollok-lsp-ide-0.5.3\\out\\server\\src\\server.js:38:6131\n    at D2 (c:\\Users\\egoytendia\\.vscode\\extensions\\uqbar.wollok-lsp-ide-0.5.3\\out\\server\\src\\server.js:2384:42)\n    at c:\\Users\\egoytendia\\.vscode\\extensions\\uqbar.wollok-lsp-ide-0.5.3\\out\\server\\src\\server.js:2384:2988\n    at c:\\Users\\egoytendia\\.vscode\\extensions\\uqbar.wollok-lsp-ide-0.5.3\\out\\server\\src\\server.js:2393:8440\n    at c:\\Users\\egoytendia\\.vscode\\extensions\\uqbar.wollok-lsp-ide-0.5.3\\out\\server\\src\\server.js:37:74872\n    at Ye (c:\\Users\\egoytendia\\.vscode\\extensions\\uqbar.wollok-lsp-ide-0.5.3\\out\\server\\src\\server.js:7:8527)","timestamp":"2025-12-13T03:04:43.376Z"}
{"level":"info","message":"⌛ Validating parciales/amongUs/tareas.wlk","timeElapsed":123,"timestamp":"2025-12-13T03:04:43.499Z"}
{"level":"info","message":"⌛ Validating parciales/amongUs/tareas.wlk","timeElapsed":113,"timestamp":"2025-12-13T03:04:43.869Z"}
{"level":"info","message":"⌛ Validating parciales/amongUs/tareas.wlk","timeElapsed":114,"timestamp":"2025-12-13T03:04:44.065Z"}
{"level":"info","message":"⌛ Validating parciales/amongUs/tareas.wlk","timeElapsed":111,"timestamp":"2025-12-13T03:04:44.177Z"}
{"level":"info","message":"⌛ Validating parciales/amongUs/tareas.wlk","timeElapsed":121,"timestamp":"2025-12-13T03:04:44.303Z"}
{"level":"info","message":"⌛ Building environment","timeElapsed":212,"timestamp":"2025-12-13T03:04:53.113Z"}
{"level":"info","message":"⌛ Validating parciales/amongUs/tareas.wlk","timeElapsed":126,"timestamp":"2025-12-13T03:04:53.338Z"}
{"level":"info","message":"⌛ Validating parciales/amongUs/tareas.wlk","timeElapsed":127,"timestamp":"2025-12-13T03:04:53.465Z"}
{"level":"info","message":"⌛ Building environment","timeElapsed":121,"timestamp":"2025-12-13T03:04:53.854Z"}
{"level":"info","message":"⌛ Validating parciales/amongUs/tareas.wlk","timeElapsed":122,"timestamp":"2025-12-13T03:04:54.105Z"}
{"level":"info","message":"⌛ Validating parciales/amongUs/tareas.wlk","timeElapsed":128,"timestamp":"2025-12-13T03:04:54.233Z"}
{"level":"info","message":"⌛ Validating parciales/amongUs/tareas.wlk","timeElapsed":120,"timestamp":"2025-12-13T03:04:54.621Z"}
{"level":"info","message":"⌛ Building environment","timeElapsed":113,"timestamp":"2025-12-13T03:04:58.152Z"}
{"level":"info","message":"⌛ Validating parciales/amongUs/tareas.wlk","timeElapsed":127,"timestamp":"2025-12-13T03:04:58.408Z"}
{"level":"info","message":"⌛ Validating parciales/amongUs/tareas.wlk","timeElapsed":119,"timestamp":"2025-12-13T03:04:58.528Z"}
{"level":"info","message":"⌛ Validating parciales/amongUs/tareas.wlk","timeElapsed":111,"timestamp":"2025-12-13T03:04:58.730Z"}
{"level":"info","message":"⌛ Building environment","timeElapsed":153,"timestamp":"2025-12-13T03:05:02.265Z"}
{"level":"info","message":"⌛ Building environment","timeElapsed":126,"timestamp":"2025-12-13T03:05:02.396Z"}
{"level":"info","message":"⌛ Validating parciales/amongUs/tareas.wlk","timeElapsed":113,"timestamp":"2025-12-13T03:05:02.542Z"}
{"level":"info","message":"⌛ Validating parciales/amongUs/tareas.wlk","timeElapsed":131,"timestamp":"2025-12-13T03:05:02.842Z"}
{"level":"info","message":"⌛ Validating parciales/amongUs/tareas.wlk","timeElapsed":111,"timestamp":"2025-12-13T03:05:03.067Z"}
{"level":"info","message":"⌛ Validating parciales/amongUs/tareas.wlk","timeElapsed":142,"timestamp":"2025-12-13T03:05:03.312Z"}
{"level":"info","message":"⌛ Building environment","timeElapsed":109,"timestamp":"2025-12-13T03:05:04.013Z"}
{"level":"info","message":"⌛ Validating parciales/amongUs/tareas.wlk","timeElapsed":111,"timestamp":"2025-12-13T03:05:04.154Z"}
{"level":"info","message":"⌛ Validating parciales/amongUs/tareas.wlk","timeElapsed":116,"timestamp":"2025-12-13T03:05:04.447Z"}
{"level":"info","message":"⌛ Building environment","timeElapsed":108,"timestamp":"2025-12-13T03:05:04.714Z"}
{"level":"info","message":"⌛ Validating parciales/amongUs/tareas.wlk","timeElapsed":108,"timestamp":"2025-12-13T03:05:04.824Z"}
{"level":"info","message":"⌛ Building environment","timeElapsed":173,"timestamp":"2025-12-13T03:05:05.272Z"}
{"level":"info","message":"⌛ Validating parciales/amongUs/tareas.wlk","timeElapsed":109,"timestamp":"2025-12-13T03:05:05.382Z"}
{"level":"info","message":"⌛ Building environment","timeElapsed":113,"timestamp":"2025-12-13T03:05:06.494Z"}
{"level":"info","message":"⌛ Validating parciales/amongUs/tareas.wlk","timeElapsed":122,"timestamp":"2025-12-13T03:05:06.724Z"}
{"level":"info","message":"⌛ Validating parciales/amongUs/tareas.wlk","timeElapsed":109,"timestamp":"2025-12-13T03:05:06.835Z"}
{"level":"info","message":"⌛ Building environment","timeElapsed":112,"timestamp":"2025-12-13T03:06:04.190Z"}
{"level":"info","message":"⌛ Validating parciales/amongUs/tareas.wlk","timeElapsed":110,"timestamp":"2025-12-13T03:06:04.422Z"}
{"level":"info","message":"⌛ Building environment","timeElapsed":139,"timestamp":"2025-12-13T03:06:04.562Z"}
{"level":"info","message":"⌛ Validating parciales/amongUs/tareas.wlk","timeElapsed":122,"timestamp":"2025-12-13T03:06:04.684Z"}
{"level":"info","message":"⌛ Validating parciales/amongUs/tareas.wlk","timeElapsed":158,"timestamp":"2025-12-13T03:06:05.046Z"}
{"level":"info","message":"⌛ Validating parciales/amongUs/tareas.wlk","timeElapsed":110,"timestamp":"2025-12-13T03:06:05.156Z"}
{"level":"info","message":"⌛ Validating parciales/amongUs/tareas.wlk","timeElapsed":127,"timestamp":"2025-12-13T03:06:05.284Z"}
{"level":"info","message":"⌛ Building environment","timeElapsed":113,"timestamp":"2025-12-13T03:06:06.587Z"}
{"level":"info","message":"⌛ Building environment","timeElapsed":124,"timestamp":"2025-12-13T03:06:06.720Z"}
{"level":"info","message":"⌛ Validating parciales/amongUs/tareas.wlk","timeElapsed":135,"timestamp":"2025-12-13T03:06:06.856Z"}
{"level":"info","message":"⌛ Validating parciales/amongUs/tareas.wlk","timeElapsed":110,"timestamp":"2025-12-13T03:06:06.966Z"}
{"level":"info","message":"⌛ Validating parciales/amongUs/tareas.wlk","timeElapsed":107,"timestamp":"2025-12-13T03:06:07.238Z"}
{"level":"info","message":"⌛ Validating parciales/amongUs/tareas.wlk","timeElapsed":135,"timestamp":"2025-12-13T03:06:07.378Z"}
{"level":"info","message":"⌛ Building environment","timeElapsed":107,"timestamp":"2025-12-13T03:06:07.969Z"}
{"level":"info","message":"⌛ Validating parciales/amongUs/tareas.wlk","timeElapsed":109,"timestamp":"2025-12-13T03:06:08.084Z"}
{"level":"info","message":"⌛ Validating parciales/amongUs/tareas.wlk","timeElapsed":117,"timestamp":"2025-12-13T03:06:09.371Z"}
{"level":"info","message":"⌛ Validating parciales/amongUs/tareas.wlk","timeElapsed":106,"timestamp":"2025-12-13T03:06:09.477Z"}
{"level":"info","message":"⌛ Building environment","timeElapsed":160,"timestamp":"2025-12-13T03:06:14.181Z"}
{"level":"error","message":"✘ Completions for node Parameter ([43:24, 43:25] - parciales/amongUs/tareas.wlk) failed: Error: [Parameter]{4e2ead} at parciales/amongUs/tareas.wlk:43 exhausted all cases without a match [Parameter]{4e2ead} at parciales/amongUs/tareas.wlk:43 exhausted all cases without a match","stack":"Error: [Parameter]{4e2ead} at parciales/amongUs/tareas.wlk:43 exhausted all cases without a match\n    at c:\\Users\\egoytendia\\.vscode\\extensions\\uqbar.wollok-lsp-ide-0.5.3\\out\\server\\src\\server.js:38:6142\n    at D2 (c:\\Users\\egoytendia\\.vscode\\extensions\\uqbar.wollok-lsp-ide-0.5.3\\out\\server\\src\\server.js:2384:42)\n    at c:\\Users\\egoytendia\\.vscode\\extensions\\uqbar.wollok-lsp-ide-0.5.3\\out\\server\\src\\server.js:2384:2988\n    at c:\\Users\\egoytendia\\.vscode\\extensions\\uqbar.wollok-lsp-ide-0.5.3\\out\\server\\src\\server.js:2393:8440\n    at c:\\Users\\egoytendia\\.vscode\\extensions\\uqbar.wollok-lsp-ide-0.5.3\\out\\server\\src\\server.js:37:74872\n    at Ye (c:\\Users\\egoytendia\\.vscode\\extensions\\uqbar.wollok-lsp-ide-0.5.3\\out\\server\\src\\server.js:7:8527)\n    at qt (c:\\Users\\egoytendia\\.vscode\\extensions\\uqbar.wollok-lsp-ide-0.5.3\\out\\server\\src\\server.js:7:6189)\n    at ot (c:\\Users\\egoytendia\\.vscode\\extensions\\uqbar.wollok-lsp-ide-0.5.3\\out\\server\\src\\server.js:7:6378)\n    at Immediate._onImmediate (c:\\Users\\egoytendia\\.vscode\\extensions\\uqbar.wollok-lsp-ide-0.5.3\\out\\server\\src\\server.js:7:6142)\n    at process.processImmediate (node:internal/timers:485:21)","timestamp":"2025-12-13T03:06:14.212Z"}
{"level":"info","message":"⌛ Validating parciales/amongUs/tareas.wlk","timeElapsed":121,"timestamp":"2025-12-13T03:06:14.429Z"}
{"level":"info","message":"⌛ Validating parciales/amongUs/tareas.wlk","timeElapsed":150,"timestamp":"2025-12-13T03:06:14.579Z"}
{"level":"error","message":"✘ Completions for node Parameter ([43:24, 43:27] - parciales/amongUs/tareas.wlk) failed: Error: [Parameter]{6e49ec} at parciales/amongUs/tareas.wlk:43 exhausted all cases without a match [Parameter]{6e49ec} at parciales/amongUs/tareas.wlk:43 exhausted all cases without a match","stack":"Error: [Parameter]{6e49ec} at parciales/amongUs/tareas.wlk:43 exhausted all cases without a match\n    at c:\\Users\\egoytendia\\.vscode\\extensions\\uqbar.wollok-lsp-ide-0.5.3\\out\\server\\src\\server.js:38:6142\n    at D2 (c:\\Users\\egoytendia\\.vscode\\extensions\\uqbar.wollok-lsp-ide-0.5.3\\out\\server\\src\\server.js:2384:42)\n    at c:\\Users\\egoytendia\\.vscode\\extensions\\uqbar.wollok-lsp-ide-0.5.3\\out\\server\\src\\server.js:2384:2988\n    at c:\\Users\\egoytendia\\.vscode\\extensions\\uqbar.wollok-lsp-ide-0.5.3\\out\\server\\src\\server.js:2393:8440\n    at c:\\Users\\egoytendia\\.vscode\\extensions\\uqbar.wollok-lsp-ide-0.5.3\\out\\server\\src\\server.js:37:74872\n    at Ye (c:\\Users\\egoytendia\\.vscode\\extensions\\uqbar.wollok-lsp-ide-0.5.3\\out\\server\\src\\server.js:7:8527)\n    at qt (c:\\Users\\egoytendia\\.vscode\\extensions\\uqbar.wollok-lsp-ide-0.5.3\\out\\server\\src\\server.js:7:6189)\n    at ot (c:\\Users\\egoytendia\\.vscode\\extensions\\uqbar.wollok-lsp-ide-0.5.3\\out\\server\\src\\server.js:7:6378)\n    at Immediate._onImmediate (c:\\Users\\egoytendia\\.vscode\\extensions\\uqbar.wollok-lsp-ide-0.5.3\\out\\server\\src\\server.js:7:6142)\n    at process.processImmediate (node:internal/timers:485:21)","timestamp":"2025-12-13T03:06:14.687Z"}
{"level":"info","message":"⌛ Validating parciales/amongUs/tareas.wlk","timeElapsed":115,"timestamp":"2025-12-13T03:06:15.064Z"}
{"level":"error","message":"✘ Completions for node Parameter ([43:24, 43:31] - parciales/amongUs/tareas.wlk) failed: Error: [Parameter]{4e5685} at parciales/amongUs/tareas.wlk:43 exhausted all cases without a match [Parameter]{4e5685} at parciales/amongUs/tareas.wlk:43 exhausted all cases without a match","stack":"Error: [Parameter]{4e5685} at parciales/amongUs/tareas.wlk:43 exhausted all cases without a match\n    at c:\\Users\\egoytendia\\.vscode\\extensions\\uqbar.wollok-lsp-ide-0.5.3\\out\\server\\src\\server.js:38:6142\n    at D2 (c:\\Users\\egoytendia\\.vscode\\extensions\\uqbar.wollok-lsp-ide-0.5.3\\out\\server\\src\\server.js:2384:42)\n    at c:\\Users\\egoytendia\\.vscode\\extensions\\uqbar.wollok-lsp-ide-0.5.3\\out\\server\\src\\server.js:2384:2988\n    at c:\\Users\\egoytendia\\.vscode\\extensions\\uqbar.wollok-lsp-ide-0.5.3\\out\\server\\src\\server.js:2393:8440\n    at c:\\Users\\egoytendia\\.vscode\\extensions\\uqbar.wollok-lsp-ide-0.5.3\\out\\server\\src\\server.js:37:74872\n    at Ye (c:\\Users\\egoytendia\\.vscode\\extensions\\uqbar.wollok-lsp-ide-0.5.3\\out\\server\\src\\server.js:7:8527)\n    at qt (c:\\Users\\egoytendia\\.vscode\\extensions\\uqbar.wollok-lsp-ide-0.5.3\\out\\server\\src\\server.js:7:6189)\n    at ot (c:\\Users\\egoytendia\\.vscode\\extensions\\uqbar.wollok-lsp-ide-0.5.3\\out\\server\\src\\server.js:7:6378)\n    at Immediate._onImmediate (c:\\Users\\egoytendia\\.vscode\\extensions\\uqbar.wollok-lsp-ide-0.5.3\\out\\server\\src\\server.js:7:6142)\n    at process.processImmediate (node:internal/timers:485:21)","timestamp":"2025-12-13T03:06:15.174Z"}
{"level":"info","message":"⌛ Validating parciales/amongUs/tareas.wlk","timeElapsed":117,"timestamp":"2025-12-13T03:06:15.294Z"}
{"level":"info","message":"⌛ Validating parciales/amongUs/tareas.wlk","timeElapsed":101,"timestamp":"2025-12-13T03:06:15.395Z"}
{"level":"info","message":"⌛ Validating parciales/amongUs/tareas.wlk","timeElapsed":109,"timestamp":"2025-12-13T03:06:15.504Z"}
{"level":"info","message":"⌛ Validating parciales/amongUs/tareas.wlk","timeElapsed":101,"timestamp":"2025-12-13T03:06:15.606Z"}
{"level":"info","message":"⌛ Building environment","timeElapsed":106,"timestamp":"2025-12-13T03:06:28.519Z"}
{"level":"error","message":"✘ Completions for node Parameter ([43:24, 43:26] - parciales/amongUs/tareas.wlk) failed: Error: [Parameter]{cd2db3} at parciales/amongUs/tareas.wlk:43 exhausted all cases without a match [Parameter]{cd2db3} at parciales/amongUs/tareas.wlk:43 exhausted all cases without a match","stack":"Error: [Parameter]{cd2db3} at parciales/amongUs/tareas.wlk:43 exhausted all cases without a match\n    at c:\\Users\\egoytendia\\.vscode\\extensions\\uqbar.wollok-lsp-ide-0.5.3\\out\\server\\src\\server.js:38:6142\n    at D2 (c:\\Users\\egoytendia\\.vscode\\extensions\\uqbar.wollok-lsp-ide-0.5.3\\out\\server\\src\\server.js:2384:42)\n    at c:\\Users\\egoytendia\\.vscode\\extensions\\uqbar.wollok-lsp-ide-0.5.3\\out\\server\\src\\server.js:2384:2988\n    at c:\\Users\\egoytendia\\.vscode\\extensions\\uqbar.wollok-lsp-ide-0.5.3\\out\\server\\src\\server.js:2393:8440\n    at c:\\Users\\egoytendia\\.vscode\\extensions\\uqbar.wollok-lsp-ide-0.5.3\\out\\server\\src\\server.js:37:74872\n    at Ye (c:\\Users\\egoytendia\\.vscode\\extensions\\uqbar.wollok-lsp-ide-0.5.3\\out\\server\\src\\server.js:7:8527)\n    at qt (c:\\Users\\egoytendia\\.vscode\\extensions\\uqbar.wollok-lsp-ide-0.5.3\\out\\server\\src\\server.js:7:6189)\n    at ot (c:\\Users\\egoytendia\\.vscode\\extensions\\uqbar.wollok-lsp-ide-0.5.3\\out\\server\\src\\server.js:7:6378)\n    at Immediate._onImmediate (c:\\Users\\egoytendia\\.vscode\\extensions\\uqbar.wollok-lsp-ide-0.5.3\\out\\server\\src\\server.js:7:6142)\n    at process.processImmediate (node:internal/timers:485:21)","timestamp":"2025-12-13T03:06:28.640Z"}
{"level":"info","message":"⌛ Validating parciales/amongUs/tareas.wlk","timeElapsed":112,"timestamp":"2025-12-13T03:06:28.756Z"}
{"level":"info","message":"⌛ Validating parciales/amongUs/tareas.wlk","timeElapsed":112,"timestamp":"2025-12-13T03:06:28.948Z"}
{"level":"error","message":"✘ Completions for node Parameter ([43:24, 43:28] - parciales/amongUs/tareas.wlk) failed: Error: [Parameter]{76a8fc} at parciales/amongUs/tareas.wlk:43 exhausted all cases without a match [Parameter]{76a8fc} at parciales/amongUs/tareas.wlk:43 exhausted all cases without a match","stack":"Error: [Parameter]{76a8fc} at parciales/amongUs/tareas.wlk:43 exhausted all cases without a match\n    at c:\\Users\\egoytendia\\.vscode\\extensions\\uqbar.wollok-lsp-ide-0.5.3\\out\\server\\src\\server.js:38:6142\n    at D2 (c:\\Users\\egoytendia\\.vscode\\extensions\\uqbar.wollok-lsp-ide-0.5.3\\out\\server\\src\\server.js:2384:42)\n    at c:\\Users\\egoytendia\\.vscode\\extensions\\uqbar.wollok-lsp-ide-0.5.3\\out\\server\\src\\server.js:2384:2988\n    at c:\\Users\\egoytendia\\.vscode\\extensions\\uqbar.wollok-lsp-ide-0.5.3\\out\\server\\src\\server.js:2393:8440\n    at c:\\Users\\egoytendia\\.vscode\\extensions\\uqbar.wollok-lsp-ide-0.5.3\\out\\server\\src\\server.js:37:74872\n    at Ye (c:\\Users\\egoytendia\\.vscode\\extensions\\uqbar.wollok-lsp-ide-0.5.3\\out\\server\\src\\server.js:7:8527)\n    at qt (c:\\Users\\egoytendia\\.vscode\\extensions\\uqbar.wollok-lsp-ide-0.5.3\\out\\server\\src\\server.js:7:6189)\n    at ot (c:\\Users\\egoytendia\\.vscode\\extensions\\uqbar.wollok-lsp-ide-0.5.3\\out\\server\\src\\server.js:7:6378)\n    at Immediate._onImmediate (c:\\Users\\egoytendia\\.vscode\\extensions\\uqbar.wollok-lsp-ide-0.5.3\\out\\server\\src\\server.js:7:6142)\n    at process.processImmediate (node:internal/timers:485:21)","timestamp":"2025-12-13T03:06:29.061Z"}
{"level":"info","message":"⌛ Validating parciales/amongUs/tareas.wlk","timeElapsed":109,"timestamp":"2025-12-13T03:06:29.179Z"}
{"level":"info","message":"⌛ Validating parciales/amongUs/tareas.wlk","timeElapsed":101,"timestamp":"2025-12-13T03:06:29.281Z"}
{"level":"info","message":"⌛ Building environment","timeElapsed":109,"timestamp":"2025-12-13T03:06:29.582Z"}
{"level":"error","message":"✘ Completions for node Parameter ([43:24, 43:27] - parciales/amongUs/tareas.wlk) failed: Error: [Parameter]{6546eb} at parciales/amongUs/tareas.wlk:43 exhausted all cases without a match [Parameter]{6546eb} at parciales/amongUs/tareas.wlk:43 exhausted all cases without a match","stack":"Error: [Parameter]{6546eb} at parciales/amongUs/tareas.wlk:43 exhausted all cases without a match\n    at c:\\Users\\egoytendia\\.vscode\\extensions\\uqbar.wollok-lsp-ide-0.5.3\\out\\server\\src\\server.js:38:6142\n    at D2 (c:\\Users\\egoytendia\\.vscode\\extensions\\uqbar.wollok-lsp-ide-0.5.3\\out\\server\\src\\server.js:2384:42)\n    at c:\\Users\\egoytendia\\.vscode\\extensions\\uqbar.wollok-lsp-ide-0.5.3\\out\\server\\src\\server.js:2384:2988\n    at c:\\Users\\egoytendia\\.vscode\\extensions\\uqbar.wollok-lsp-ide-0.5.3\\out\\server\\src\\server.js:2393:8440\n    at c:\\Users\\egoytendia\\.vscode\\extensions\\uqbar.wollok-lsp-ide-0.5.3\\out\\server\\src\\server.js:37:74872\n    at Ye (c:\\Users\\egoytendia\\.vscode\\extensions\\uqbar.wollok-lsp-ide-0.5.3\\out\\server\\src\\server.js:7:8527)\n    at qt (c:\\Users\\egoytendia\\.vscode\\extensions\\uqbar.wollok-lsp-ide-0.5.3\\out\\server\\src\\server.js:7:6189)\n    at ot (c:\\Users\\egoytendia\\.vscode\\extensions\\uqbar.wollok-lsp-ide-0.5.3\\out\\server\\src\\server.js:7:6378)\n    at Immediate._onImmediate (c:\\Users\\egoytendia\\.vscode\\extensions\\uqbar.wollok-lsp-ide-0.5.3\\out\\server\\src\\server.js:7:6142)\n    at process.processImmediate (node:internal/timers:485:21)","timestamp":"2025-12-13T03:06:29.606Z"}
{"level":"info","message":"⌛ Validating parciales/amongUs/tareas.wlk","timeElapsed":127,"timestamp":"2025-12-13T03:06:29.800Z"}
{"level":"info","message":"⌛ Building environment","timeElapsed":249,"timestamp":"2025-12-13T03:06:30.050Z"}
{"level":"error","message":"✘ Completions for node Parameter ([43:24, 43:26] - parciales/amongUs/tareas.wlk) failed: Error: [Parameter]{1f900b} at parciales/amongUs/tareas.wlk:43 exhausted all cases without a match [Parameter]{1f900b} at parciales/amongUs/tareas.wlk:43 exhausted all cases without a match","stack":"Error: [Parameter]{1f900b} at parciales/amongUs/tareas.wlk:43 exhausted all cases without a match\n    at c:\\Users\\egoytendia\\.vscode\\extensions\\uqbar.wollok-lsp-ide-0.5.3\\out\\server\\src\\server.js:38:6142\n    at D2 (c:\\Users\\egoytendia\\.vscode\\extensions\\uqbar.wollok-lsp-ide-0.5.3\\out\\server\\src\\server.js:2384:42)\n    at c:\\Users\\egoytendia\\.vscode\\extensions\\uqbar.wollok-lsp-ide-0.5.3\\out\\server\\src\\server.js:2384:2988\n    at c:\\Users\\egoytendia\\.vscode\\extensions\\uqbar.wollok-lsp-ide-0.5.3\\out\\server\\src\\server.js:2393:8440\n    at c:\\Users\\egoytendia\\.vscode\\extensions\\uqbar.wollok-lsp-ide-0.5.3\\out\\server\\src\\server.js:37:74872\n    at Ye (c:\\Users\\egoytendia\\.vscode\\extensions\\uqbar.wollok-lsp-ide-0.5.3\\out\\server\\src\\server.js:7:8527)\n    at qt (c:\\Users\\egoytendia\\.vscode\\extensions\\uqbar.wollok-lsp-ide-0.5.3\\out\\server\\src\\server.js:7:6189)\n    at ot (c:\\Users\\egoytendia\\.vscode\\extensions\\uqbar.wollok-lsp-ide-0.5.3\\out\\server\\src\\server.js:7:6378)\n    at Immediate._onImmediate (c:\\Users\\egoytendia\\.vscode\\extensions\\uqbar.wollok-lsp-ide-0.5.3\\out\\server\\src\\server.js:7:6142)\n    at process.processImmediate (node:internal/timers:485:21)","timestamp":"2025-12-13T03:06:30.086Z"}
{"level":"error","message":"✘ Completions for node Parameter ([43:24, 43:25] - parciales/amongUs/tareas.wlk) failed: Error: [Parameter]{fa3d92} at parciales/amongUs/tareas.wlk:43 exhausted all cases without a match [Parameter]{fa3d92} at parciales/amongUs/tareas.wlk:43 exhausted all cases without a match","stack":"Error: [Parameter]{fa3d92} at parciales/amongUs/tareas.wlk:43 exhausted all cases without a match\n    at c:\\Users\\egoytendia\\.vscode\\extensions\\uqbar.wollok-lsp-ide-0.5.3\\out\\server\\src\\server.js:38:6142\n    at D2 (c:\\Users\\egoytendia\\.vscode\\extensions\\uqbar.wollok-lsp-ide-0.5.3\\out\\server\\src\\server.js:2384:42)\n    at c:\\Users\\egoytendia\\.vscode\\extensions\\uqbar.wollok-lsp-ide-0.5.3\\out\\server\\src\\server.js:2384:2988\n    at c:\\Users\\egoytendia\\.vscode\\extensions\\uqbar.wollok-lsp-ide-0.5.3\\out\\server\\src\\server.js:2393:8440\n    at c:\\Users\\egoytendia\\.vscode\\extensions\\uqbar.wollok-lsp-ide-0.5.3\\out\\server\\src\\server.js:37:74872\n    at Ye (c:\\Users\\egoytendia\\.vscode\\extensions\\uqbar.wollok-lsp-ide-0.5.3\\out\\server\\src\\server.js:7:8527)\n    at qt (c:\\Users\\egoytendia\\.vscode\\extensions\\uqbar.wollok-lsp-ide-0.5.3\\out\\server\\src\\server.js:7:6189)\n    at ot (c:\\Users\\egoytendia\\.vscode\\extensions\\uqbar.wollok-lsp-ide-0.5.3\\out\\server\\src\\server.js:7:6378)\n    at Immediate._onImmediate (c:\\Users\\egoytendia\\.vscode\\extensions\\uqbar.wollok-lsp-ide-0.5.3\\out\\server\\src\\server.js:7:6142)\n    at process.processImmediate (node:internal/timers:485:21)","timestamp":"2025-12-13T03:06:30.206Z"}
{"level":"info","message":"⌛ Validating parciales/amongUs/tareas.wlk","timeElapsed":129,"timestamp":"2025-12-13T03:06:30.435Z"}
{"level":"info","message":"⌛ Validating parciales/amongUs/tareas.wlk","timeElapsed":115,"timestamp":"2025-12-13T03:06:30.551Z"}
{"level":"info","message":"⌛ Validating parciales/amongUs/tareas.wlk","timeElapsed":121,"timestamp":"2025-12-13T03:06:30.771Z"}
{"level":"error","message":"✘ Completions for node Parameter ([43:24, 43:25] - parciales/amongUs/tareas.wlk) failed: Error: [Parameter]{f42782} at parciales/amongUs/tareas.wlk:43 exhausted all cases without a match [Parameter]{f42782} at parciales/amongUs/tareas.wlk:43 exhausted all cases without a match","stack":"Error: [Parameter]{f42782} at parciales/amongUs/tareas.wlk:43 exhausted all cases without a match\n    at c:\\Users\\egoytendia\\.vscode\\extensions\\uqbar.wollok-lsp-ide-0.5.3\\out\\server\\src\\server.js:38:6142\n    at D2 (c:\\Users\\egoytendia\\.vscode\\extensions\\uqbar.wollok-lsp-ide-0.5.3\\out\\server\\src\\server.js:2384:42)\n    at c:\\Users\\egoytendia\\.vscode\\extensions\\uqbar.wollok-lsp-ide-0.5.3\\out\\server\\src\\server.js:2384:2988\n    at c:\\Users\\egoytendia\\.vscode\\extensions\\uqbar.wollok-lsp-ide-0.5.3\\out\\server\\src\\server.js:2393:8440\n    at c:\\Users\\egoytendia\\.vscode\\extensions\\uqbar.wollok-lsp-ide-0.5.3\\out\\server\\src\\server.js:37:74872\n    at Ye (c:\\Users\\egoytendia\\.vscode\\extensions\\uqbar.wollok-lsp-ide-0.5.3\\out\\server\\src\\server.js:7:8527)\n    at qt (c:\\Users\\egoytendia\\.vscode\\extensions\\uqbar.wollok-lsp-ide-0.5.3\\out\\server\\src\\server.js:7:6189)\n    at ot (c:\\Users\\egoytendia\\.vscode\\extensions\\uqbar.wollok-lsp-ide-0.5.3\\out\\server\\src\\server.js:7:6378)\n    at Immediate._onImmediate (c:\\Users\\egoytendia\\.vscode\\extensions\\uqbar.wollok-lsp-ide-0.5.3\\out\\server\\src\\server.js:7:6142)\n    at process.processImmediate (node:internal/timers:485:21)","timestamp":"2025-12-13T03:06:30.842Z"}
{"level":"info","message":"⌛ Validating parciales/amongUs/tareas.wlk","timeElapsed":120,"timestamp":"2025-12-13T03:06:31.227Z"}
{"level":"info","message":"⌛ Validating parciales/amongUs/tareas.wlk","timeElapsed":123,"timestamp":"2025-12-13T03:06:31.356Z"}
{"level":"info","message":"⌛ Validating parciales/amongUs/tareas.wlk","timeElapsed":110,"timestamp":"2025-12-13T03:06:31.467Z"}
{"level":"info","message":"⌛ Validating parciales/amongUs/tareas.wlk","timeElapsed":104,"timestamp":"2025-12-13T03:06:31.572Z"}
{"level":"info","message":"⌛ Building environment","timeElapsed":158,"timestamp":"2025-12-13T03:08:44.338Z"}
{"level":"info","message":"⌛ Validating parciales/amongUs/tareas.wlk","timeElapsed":150,"timestamp":"2025-12-13T03:08:44.489Z"}
{"level":"info","message":"⌛ Building environment","timeElapsed":132,"timestamp":"2025-12-13T03:18:10.553Z"}
{"level":"info","message":"⌛ Building environment","timeElapsed":125,"timestamp":"2025-12-13T03:18:10.679Z"}
{"level":"info","message":"⌛ Validating parciales/amongUs/tareas.wlk","timeElapsed":132,"timestamp":"2025-12-13T03:18:10.815Z"}
{"level":"info","message":"⌛ Validating parciales/amongUs/tareas.wlk","timeElapsed":139,"timestamp":"2025-12-13T03:18:10.955Z"}
{"level":"info","message":"⌛ Validating parciales/amongUs/tareas.wlk","timeElapsed":118,"timestamp":"2025-12-13T03:18:11.203Z"}
{"level":"info","message":"⌛ Building environment","timeElapsed":116,"timestamp":"2025-12-13T03:18:11.381Z"}
{"level":"info","message":"⌛ Validating parciales/amongUs/tareas.wlk","timeElapsed":126,"timestamp":"2025-12-13T03:18:11.514Z"}
{"level":"info","message":"⌛ Building environment","timeElapsed":116,"timestamp":"2025-12-13T03:18:11.691Z"}
{"level":"info","message":"⌛ Validating parciales/amongUs/tareas.wlk","timeElapsed":113,"timestamp":"2025-12-13T03:18:11.830Z"}
{"level":"info","message":"⌛ Building environment","timeElapsed":114,"timestamp":"2025-12-13T03:18:12.014Z"}
{"level":"info","message":"⌛ Validating parciales/amongUs/tareas.wlk","timeElapsed":128,"timestamp":"2025-12-13T03:18:12.146Z"}
{"level":"info","message":"⌛ Building environment","timeElapsed":124,"timestamp":"2025-12-13T03:18:12.271Z"}
{"level":"info","message":"⌛ Validating parciales/amongUs/tareas.wlk","timeElapsed":120,"timestamp":"2025-12-13T03:18:12.516Z"}
{"level":"info","message":"⌛ Validating parciales/amongUs/tareas.wlk","timeElapsed":109,"timestamp":"2025-12-13T03:18:12.626Z"}
{"level":"info","message":"⌛ Building environment","timeElapsed":145,"timestamp":"2025-12-13T03:18:14.136Z"}
{"level":"info","message":"⌛ Validating parciales/amongUs/tareas.wlk","timeElapsed":123,"timestamp":"2025-12-13T03:18:14.259Z"}
{"level":"info","message":"⌛ Building environment","timeElapsed":119,"timestamp":"2025-12-13T03:18:16.129Z"}
{"level":"info","message":"⌛ Validating parciales/amongUs/tareas.wlk","timeElapsed":116,"timestamp":"2025-12-13T03:18:16.372Z"}
{"level":"info","message":"⌛ Validating parciales/amongUs/tareas.wlk","timeElapsed":116,"timestamp":"2025-12-13T03:18:16.575Z"}
{"level":"info","message":"⌛ Building environment","timeElapsed":108,"timestamp":"2025-12-13T03:18:16.684Z"}
{"level":"info","message":"⌛ Validating parciales/amongUs/tareas.wlk","timeElapsed":116,"timestamp":"2025-12-13T03:18:16.800Z"}
{"level":"info","message":"⌛ Validating parciales/amongUs/tareas.wlk","timeElapsed":117,"timestamp":"2025-12-13T03:18:17.201Z"}
{"level":"info","message":"⌛ Validating parciales/amongUs/tareas.wlk","timeElapsed":112,"timestamp":"2025-12-13T03:18:17.394Z"}
{"level":"info","message":"⌛ Validating parciales/amongUs/tareas.wlk","timeElapsed":110,"timestamp":"2025-12-13T03:18:17.504Z"}
{"level":"info","message":"⌛ Validating parciales/amongUs/tareas.wlk","timeElapsed":111,"timestamp":"2025-12-13T03:18:17.616Z"}
{"level":"info","message":"⌛ Validating parciales/amongUs/tareas.wlk","timeElapsed":103,"timestamp":"2025-12-13T03:18:17.727Z"}
{"level":"info","message":"⌛ Validating parciales/amongUs/tareas.wlk","timeElapsed":110,"timestamp":"2025-12-13T03:18:18.046Z"}
{"level":"info","message":"⌛ Validating parciales/amongUs/tareas.wlk","timeElapsed":106,"timestamp":"2025-12-13T03:18:18.159Z"}
{"level":"info","message":"⌛ Building environment","timeElapsed":153,"timestamp":"2025-12-13T03:18:18.499Z"}
{"level":"info","message":"⌛ Validating parciales/amongUs/tareas.wlk","timeElapsed":120,"timestamp":"2025-12-13T03:18:18.619Z"}
{"level":"info","message":"⌛ Validating parciales/amongUs/tareas.wlk","timeElapsed":102,"timestamp":"2025-12-13T03:18:18.722Z"}
{"level":"info","message":"⌛ Validating parciales/amongUs/tareas.wlk","timeElapsed":112,"timestamp":"2025-12-13T03:18:19.004Z"}
{"level":"info","message":"⌛ Building environment","timeElapsed":145,"timestamp":"2025-12-13T03:18:19.672Z"}
{"level":"error","message":"✘ Completions for node Parameter ([8:24, 8:25] - parciales/amongUs/tareas.wlk) failed: Error: [Parameter]{720529} at parciales/amongUs/tareas.wlk:8 exhausted all cases without a match [Parameter]{720529} at parciales/amongUs/tareas.wlk:8 exhausted all cases without a match","stack":"Error: [Parameter]{720529} at parciales/amongUs/tareas.wlk:8 exhausted all cases without a match\n    at c:\\Users\\egoytendia\\.vscode\\extensions\\uqbar.wollok-lsp-ide-0.5.3\\out\\server\\src\\server.js:38:6142\n    at D2 (c:\\Users\\egoytendia\\.vscode\\extensions\\uqbar.wollok-lsp-ide-0.5.3\\out\\server\\src\\server.js:2384:42)\n    at c:\\Users\\egoytendia\\.vscode\\extensions\\uqbar.wollok-lsp-ide-0.5.3\\out\\server\\src\\server.js:2384:2988\n    at c:\\Users\\egoytendia\\.vscode\\extensions\\uqbar.wollok-lsp-ide-0.5.3\\out\\server\\src\\server.js:2393:8440\n    at c:\\Users\\egoytendia\\.vscode\\extensions\\uqbar.wollok-lsp-ide-0.5.3\\out\\server\\src\\server.js:37:74872\n    at Ye (c:\\Users\\egoytendia\\.vscode\\extensions\\uqbar.wollok-lsp-ide-0.5.3\\out\\server\\src\\server.js:7:8527)\n    at qt (c:\\Users\\egoytendia\\.vscode\\extensions\\uqbar.wollok-lsp-ide-0.5.3\\out\\server\\src\\server.js:7:6189)\n    at ot (c:\\Users\\egoytendia\\.vscode\\extensions\\uqbar.wollok-lsp-ide-0.5.3\\out\\server\\src\\server.js:7:6378)\n    at Immediate._onImmediate (c:\\Users\\egoytendia\\.vscode\\extensions\\uqbar.wollok-lsp-ide-0.5.3\\out\\server\\src\\server.js:7:6142)\n    at process.processImmediate (node:internal/timers:485:21)","timestamp":"2025-12-13T03:18:19.701Z"}
{"level":"info","message":"⌛ Validating parciales/amongUs/tareas.wlk","timeElapsed":118,"timestamp":"2025-12-13T03:18:19.910Z"}
{"level":"info","message":"⌛ Building environment","timeElapsed":124,"timestamp":"2025-12-13T03:18:20.037Z"}
{"level":"info","message":"⌛ Validating parciales/amongUs/tareas.wlk","timeElapsed":115,"timestamp":"2025-12-13T03:18:20.159Z"}
{"level":"error","message":"✘ Completions for node Parameter ([8:24, 8:28] - parciales/amongUs/tareas.wlk) failed: Error: [Parameter]{f76259} at parciales/amongUs/tareas.wlk:8 exhausted all cases without a match [Parameter]{f76259} at parciales/amongUs/tareas.wlk:8 exhausted all cases without a match","stack":"Error: [Parameter]{f76259} at parciales/amongUs/tareas.wlk:8 exhausted all cases without a match\n    at c:\\Users\\egoytendia\\.vscode\\extensions\\uqbar.wollok-lsp-ide-0.5.3\\out\\server\\src\\server.js:38:6142\n    at D2 (c:\\Users\\egoytendia\\.vscode\\extensions\\uqbar.wollok-lsp-ide-0.5.3\\out\\server\\src\\server.js:2384:42)\n    at c:\\Users\\egoytendia\\.vscode\\extensions\\uqbar.wollok-lsp-ide-0.5.3\\out\\server\\src\\server.js:2384:2988\n    at c:\\Users\\egoytendia\\.vscode\\extensions\\uqbar.wollok-lsp-ide-0.5.3\\out\\server\\src\\server.js:2393:8440\n    at c:\\Users\\egoytendia\\.vscode\\extensions\\uqbar.wollok-lsp-ide-0.5.3\\out\\server\\src\\server.js:37:74872\n    at Ye (c:\\Users\\egoytendia\\.vscode\\extensions\\uqbar.wollok-lsp-ide-0.5.3\\out\\server\\src\\server.js:7:8527)\n    at qt (c:\\Users\\egoytendia\\.vscode\\extensions\\uqbar.wollok-lsp-ide-0.5.3\\out\\server\\src\\server.js:7:6189)\n    at ot (c:\\Users\\egoytendia\\.vscode\\extensions\\uqbar.wollok-lsp-ide-0.5.3\\out\\server\\src\\server.js:7:6378)\n    at Immediate._onImmediate (c:\\Users\\egoytendia\\.vscode\\extensions\\uqbar.wollok-lsp-ide-0.5.3\\out\\server\\src\\server.js:7:6142)\n    at process.processImmediate (node:internal/timers:485:21)","timestamp":"2025-12-13T03:18:20.269Z"}
{"level":"info","message":"⌛ Validating parciales/amongUs/tareas.wlk","timeElapsed":116,"timestamp":"2025-12-13T03:18:20.471Z"}
{"level":"info","message":"⌛ Validating parciales/amongUs/tareas.wlk","timeElapsed":114,"timestamp":"2025-12-13T03:18:20.754Z"}
{"level":"info","message":"⌛ Validating parciales/amongUs/tareas.wlk","timeElapsed":107,"timestamp":"2025-12-13T03:18:20.966Z"}
{"level":"info","message":"⌛ Building environment","timeElapsed":101,"timestamp":"2025-12-13T03:18:21.199Z"}
{"level":"info","message":"⌛ Validating parciales/amongUs/tareas.wlk","timeElapsed":120,"timestamp":"2025-12-13T03:18:21.423Z"}
{"level":"error","message":"✘ Completions for node Parameter ([8:33, 8:34] - parciales/amongUs/tareas.wlk) failed: Error: [Parameter]{b22c52} at parciales/amongUs/tareas.wlk:8 exhausted all cases without a match [Parameter]{b22c52} at parciales/amongUs/tareas.wlk:8 exhausted all cases without a match","stack":"Error: [Parameter]{b22c52} at parciales/amongUs/tareas.wlk:8 exhausted all cases without a match\n    at c:\\Users\\egoytendia\\.vscode\\extensions\\uqbar.wollok-lsp-ide-0.5.3\\out\\server\\src\\server.js:38:6142\n    at D2 (c:\\Users\\egoytendia\\.vscode\\extensions\\uqbar.wollok-lsp-ide-0.5.3\\out\\server\\src\\server.js:2384:42)\n    at c:\\Users\\egoytendia\\.vscode\\extensions\\uqbar.wollok-lsp-ide-0.5.3\\out\\server\\src\\server.js:2384:2988\n    at c:\\Users\\egoytendia\\.vscode\\extensions\\uqbar.wollok-lsp-ide-0.5.3\\out\\server\\src\\server.js:2393:8440\n    at c:\\Users\\egoytendia\\.vscode\\extensions\\uqbar.wollok-lsp-ide-0.5.3\\out\\server\\src\\server.js:37:74872\n    at Ye (c:\\Users\\egoytendia\\.vscode\\extensions\\uqbar.wollok-lsp-ide-0.5.3\\out\\server\\src\\server.js:7:8527)\n    at qt (c:\\Users\\egoytendia\\.vscode\\extensions\\uqbar.wollok-lsp-ide-0.5.3\\out\\server\\src\\server.js:7:6189)\n    at ot (c:\\Users\\egoytendia\\.vscode\\extensions\\uqbar.wollok-lsp-ide-0.5.3\\out\\server\\src\\server.js:7:6378)\n    at Immediate._onImmediate (c:\\Users\\egoytendia\\.vscode\\extensions\\uqbar.wollok-lsp-ide-0.5.3\\out\\server\\src\\server.js:7:6142)\n    at process.processImmediate (node:internal/timers:485:21)","timestamp":"2025-12-13T03:18:21.527Z"}
{"level":"info","message":"⌛ Validating parciales/amongUs/tareas.wlk","timeElapsed":115,"timestamp":"2025-12-13T03:18:21.652Z"}
{"level":"info","message":"⌛ Validating parciales/amongUs/tareas.wlk","timeElapsed":119,"timestamp":"2025-12-13T03:18:21.860Z"}
{"level":"error","message":"✘ Completions for node Parameter ([8:33, 8:36] - parciales/amongUs/tareas.wlk) failed: Error: [Parameter]{35b87f} at parciales/amongUs/tareas.wlk:8 exhausted all cases without a match [Parameter]{35b87f} at parciales/amongUs/tareas.wlk:8 exhausted all cases without a match","stack":"Error: [Parameter]{35b87f} at parciales/amongUs/tareas.wlk:8 exhausted all cases without a match\n    at c:\\Users\\egoytendia\\.vscode\\extensions\\uqbar.wollok-lsp-ide-0.5.3\\out\\server\\src\\server.js:38:6142\n    at D2 (c:\\Users\\egoytendia\\.vscode\\extensions\\uqbar.wollok-lsp-ide-0.5.3\\out\\server\\src\\server.js:2384:42)\n    at c:\\Users\\egoytendia\\.vscode\\extensions\\uqbar.wollok-lsp-ide-0.5.3\\out\\server\\src\\server.js:2384:2988\n    at c:\\Users\\egoytendia\\.vscode\\extensions\\uqbar.wollok-lsp-ide-0.5.3\\out\\server\\src\\server.js:2393:8440\n    at c:\\Users\\egoytendia\\.vscode\\extensions\\uqbar.wollok-lsp-ide-0.5.3\\out\\server\\src\\server.js:37:74872\n    at Ye (c:\\Users\\egoytendia\\.vscode\\extensions\\uqbar.wollok-lsp-ide-0.5.3\\out\\server\\src\\server.js:7:8527)\n    at qt (c:\\Users\\egoytendia\\.vscode\\extensions\\uqbar.wollok-lsp-ide-0.5.3\\out\\server\\src\\server.js:7:6189)\n    at ot (c:\\Users\\egoytendia\\.vscode\\extensions\\uqbar.wollok-lsp-ide-0.5.3\\out\\server\\src\\server.js:7:6378)\n    at Immediate._onImmediate (c:\\Users\\egoytendia\\.vscode\\extensions\\uqbar.wollok-lsp-ide-0.5.3\\out\\server\\src\\server.js:7:6142)\n    at process.processImmediate (node:internal/timers:485:21)","timestamp":"2025-12-13T03:18:21.975Z"}
{"level":"info","message":"⌛ Validating parciales/amongUs/tareas.wlk","timeElapsed":110,"timestamp":"2025-12-13T03:18:22.089Z"}
{"level":"info","message":"⌛ Validating parciales/amongUs/tareas.wlk","timeElapsed":141,"timestamp":"2025-12-13T03:18:22.315Z"}
{"level":"info","message":"⌛ Validating parciales/amongUs/tareas.wlk","timeElapsed":109,"timestamp":"2025-12-13T03:18:22.428Z"}
{"level":"info","message":"⌛ Building environment","timeElapsed":109,"timestamp":"2025-12-13T03:18:27.326Z"}
{"level":"info","message":"⌛ Validating parciales/amongUs/tareas.wlk","timeElapsed":115,"timestamp":"2025-12-13T03:18:27.442Z"}
{"level":"info","message":"⌛ Building environment","timeElapsed":113,"timestamp":"2025-12-13T03:18:27.556Z"}
{"level":"info","message":"⌛ Validating parciales/amongUs/tareas.wlk","timeElapsed":118,"timestamp":"2025-12-13T03:18:27.675Z"}
{"level":"info","message":"⌛ Building environment","timeElapsed":113,"timestamp":"2025-12-13T03:18:30.385Z"}
{"level":"info","message":"⌛ Validating parciales/amongUs/tareas.wlk","timeElapsed":128,"timestamp":"2025-12-13T03:18:30.513Z"}
{"level":"info","message":"⌛ Validating parciales/amongUs/tareas.wlk","timeElapsed":111,"timestamp":"2025-12-13T03:18:30.708Z"}
{"level":"info","message":"⌛ Building environment","timeElapsed":123,"timestamp":"2025-12-13T03:18:38.471Z"}
{"level":"info","message":"⌛ Validating parciales/amongUs/tareas.wlk","timeElapsed":117,"timestamp":"2025-12-13T03:18:38.589Z"}
{"level":"info","message":"⌛ Building environment","timeElapsed":108,"timestamp":"2025-12-13T03:18:42.491Z"}
{"level":"info","message":"⌛ Validating parciales/amongUs/tareas.wlk","timeElapsed":121,"timestamp":"2025-12-13T03:18:42.613Z"}
{"level":"info","message":"⌛ Building environment","timeElapsed":107,"timestamp":"2025-12-13T03:18:44.007Z"}
{"level":"info","message":"⌛ Validating parciales/amongUs/tareas.wlk","timeElapsed":116,"timestamp":"2025-12-13T03:18:44.124Z"}
{"level":"info","message":"⌛ Building environment","timeElapsed":144,"timestamp":"2025-12-13T03:18:46.672Z"}
{"level":"info","message":"⌛ Validating parciales/amongUs/tareas.wlk","timeElapsed":116,"timestamp":"2025-12-13T03:18:46.789Z"}
{"level":"info","message":"⌛ Validating parciales/amongUs/tareas.wlk","timeElapsed":121,"timestamp":"2025-12-13T03:18:58.270Z"}
{"level":"info","message":"⌛ Building environment","timeElapsed":168,"timestamp":"2025-12-13T03:18:58.438Z"}
{"level":"info","message":"⌛ Validating parciales/amongUs/tareas.wlk","timeElapsed":120,"timestamp":"2025-12-13T03:18:58.559Z"}
{"level":"info","message":"⌛ Building environment","timeElapsed":119,"timestamp":"2025-12-13T03:18:59.250Z"}
{"level":"info","message":"⌛ Validating parciales/amongUs/tareas.wlk","timeElapsed":118,"timestamp":"2025-12-13T03:18:59.369Z"}
{"level":"info","message":"⌛ Building environment","timeElapsed":101,"timestamp":"2025-12-13T03:18:59.642Z"}
{"level":"info","message":"⌛ Validating parciales/amongUs/tareas.wlk","timeElapsed":108,"timestamp":"2025-12-13T03:18:59.758Z"}
{"level":"info","message":"⌛ Building environment","timeElapsed":102,"timestamp":"2025-12-13T03:19:00.267Z"}
{"level":"info","message":"⌛ Validating parciales/amongUs/tareas.wlk","timeElapsed":127,"timestamp":"2025-12-13T03:19:00.395Z"}
{"level":"info","message":"⌛ Building environment","timeElapsed":114,"timestamp":"2025-12-13T03:19:01.019Z"}
{"level":"info","message":"⌛ Validating parciales/amongUs/tareas.wlk","timeElapsed":124,"timestamp":"2025-12-13T03:19:01.144Z"}
{"level":"info","message":"⌛ Validating parciales/amongUs/tareas.wlk","timeElapsed":114,"timestamp":"2025-12-13T03:19:01.348Z"}
{"level":"info","message":"⌛ Building environment","timeElapsed":141,"timestamp":"2025-12-13T03:19:03.013Z"}
{"level":"info","message":"⌛ Validating parciales/amongUs/tareas.wlk","timeElapsed":121,"timestamp":"2025-12-13T03:19:03.135Z"}
{"level":"info","message":"⌛ Building environment","timeElapsed":136,"timestamp":"2025-12-13T03:23:19.917Z"}
{"level":"error","message":"✘ Completions for node Parameter ([46:24, 46:29] - parciales/amongUs/tareas.wlk) failed: Error: [Parameter]{e74d66} at parciales/amongUs/tareas.wlk:46 exhausted all cases without a match [Parameter]{e74d66} at parciales/amongUs/tareas.wlk:46 exhausted all cases without a match","stack":"Error: [Parameter]{e74d66} at parciales/amongUs/tareas.wlk:46 exhausted all cases without a match\n    at c:\\Users\\egoytendia\\.vscode\\extensions\\uqbar.wollok-lsp-ide-0.5.3\\out\\server\\src\\server.js:38:6142\n    at D2 (c:\\Users\\egoytendia\\.vscode\\extensions\\uqbar.wollok-lsp-ide-0.5.3\\out\\server\\src\\server.js:2384:42)\n    at c:\\Users\\egoytendia\\.vscode\\extensions\\uqbar.wollok-lsp-ide-0.5.3\\out\\server\\src\\server.js:2384:2988\n    at c:\\Users\\egoytendia\\.vscode\\extensions\\uqbar.wollok-lsp-ide-0.5.3\\out\\server\\src\\server.js:2393:8440\n    at c:\\Users\\egoytendia\\.vscode\\extensions\\uqbar.wollok-lsp-ide-0.5.3\\out\\server\\src\\server.js:37:74872\n    at Ye (c:\\Users\\egoytendia\\.vscode\\extensions\\uqbar.wollok-lsp-ide-0.5.3\\out\\server\\src\\server.js:7:8527)\n    at qt (c:\\Users\\egoytendia\\.vscode\\extensions\\uqbar.wollok-lsp-ide-0.5.3\\out\\server\\src\\server.js:7:6189)\n    at ot (c:\\Users\\egoytendia\\.vscode\\extensions\\uqbar.wollok-lsp-ide-0.5.3\\out\\server\\src\\server.js:7:6378)\n    at Immediate._onImmediate (c:\\Users\\egoytendia\\.vscode\\extensions\\uqbar.wollok-lsp-ide-0.5.3\\out\\server\\src\\server.js:7:6142)\n    at process.processImmediate (node:internal/timers:485:21)","timestamp":"2025-12-13T03:23:19.989Z"}
{"level":"info","message":"⌛ Validating parciales/amongUs/tareas.wlk","timeElapsed":121,"timestamp":"2025-12-13T03:23:20.216Z"}
{"level":"info","message":"⌛ Building environment","timeElapsed":129,"timestamp":"2025-12-13T03:23:20.346Z"}
{"level":"info","message":"⌛ Validating parciales/amongUs/tareas.wlk","timeElapsed":126,"timestamp":"2025-12-13T03:23:20.473Z"}
{"level":"info","message":"⌛ Validating parciales/amongUs/tareas.wlk","timeElapsed":126,"timestamp":"2025-12-13T03:23:20.822Z"}
{"level":"info","message":"⌛ Building environment","timeElapsed":101,"timestamp":"2025-12-13T03:23:21.003Z"}
{"level":"info","message":"⌛ Building environment","timeElapsed":114,"timestamp":"2025-12-13T03:23:21.119Z"}
{"level":"info","message":"⌛ Validating parciales/amongUs/tareas.wlk","timeElapsed":125,"timestamp":"2025-12-13T03:23:21.245Z"}
{"level":"info","message":"⌛ Validating parciales/amongUs/tareas.wlk","timeElapsed":130,"timestamp":"2025-12-13T03:23:21.377Z"}
{"level":"info","message":"⌛ Validating parciales/amongUs/tareas.wlk","timeElapsed":115,"timestamp":"2025-12-13T03:23:21.575Z"}
{"level":"info","message":"⌛ Validating parciales/amongUs/tareas.wlk","timeElapsed":121,"timestamp":"2025-12-13T03:23:21.700Z"}
{"level":"info","message":"⌛ Validating parciales/amongUs/tareas.wlk","timeElapsed":122,"timestamp":"2025-12-13T03:23:21.824Z"}
{"level":"info","message":"⌛ Validating parciales/amongUs/tareas.wlk","timeElapsed":117,"timestamp":"2025-12-13T03:23:21.941Z"}
{"level":"info","message":"⌛ Building environment","timeElapsed":117,"timestamp":"2025-12-13T03:23:22.583Z"}
{"level":"info","message":"⌛ Validating parciales/amongUs/tareas.wlk","timeElapsed":114,"timestamp":"2025-12-13T03:23:22.841Z"}
{"level":"info","message":"⌛ Validating parciales/amongUs/tareas.wlk","timeElapsed":140,"timestamp":"2025-12-13T03:23:23.081Z"}
{"level":"info","message":"⌛ Validating parciales/amongUs/tareas.wlk","timeElapsed":124,"timestamp":"2025-12-13T03:23:23.283Z"}
{"level":"info","message":"⌛ Validating parciales/amongUs/tareas.wlk","timeElapsed":110,"timestamp":"2025-12-13T03:23:23.657Z"}
{"level":"info","message":"⌛ Building environment","timeElapsed":128,"timestamp":"2025-12-13T03:23:23.786Z"}
{"level":"info","message":"⌛ Validating parciales/amongUs/tareas.wlk","timeElapsed":121,"timestamp":"2025-12-13T03:23:23.991Z"}
{"level":"info","message":"⌛ Validating parciales/amongUs/tareas.wlk","timeElapsed":133,"timestamp":"2025-12-13T03:23:24.124Z"}
{"level":"info","message":"⌛ Validating parciales/amongUs/tareas.wlk","timeElapsed":110,"timestamp":"2025-12-13T03:23:24.240Z"}
{"level":"info","message":"⌛ Validating parciales/amongUs/tareas.wlk","timeElapsed":122,"timestamp":"2025-12-13T03:23:24.364Z"}
{"level":"info","message":"⌛ Validating parciales/amongUs/tareas.wlk","timeElapsed":112,"timestamp":"2025-12-13T03:23:24.476Z"}
{"level":"info","message":"⌛ Building environment","timeElapsed":191,"timestamp":"2025-12-13T03:24:02.743Z"}
{"level":"info","message":"⌛ Validating parciales/amongUs/nave.wlk","timeElapsed":128,"timestamp":"2025-12-13T03:24:02.872Z"}
{"level":"info","message":"⌛ Building environment","timeElapsed":109,"timestamp":"2025-12-13T03:24:03.027Z"}
{"level":"info","message":"⌛ Validating parciales/amongUs/nave.wlk","timeElapsed":135,"timestamp":"2025-12-13T03:24:03.163Z"}
{"level":"info","message":"⌛ Building environment","timeElapsed":130,"timestamp":"2025-12-13T03:24:03.487Z"}
{"level":"info","message":"⌛ Validating parciales/amongUs/nave.wlk","timeElapsed":117,"timestamp":"2025-12-13T03:24:03.605Z"}
{"level":"info","message":"⌛ Building environment","timeElapsed":110,"timestamp":"2025-12-13T03:24:04.921Z"}
{"level":"info","message":"⌛ Validating parciales/amongUs/nave.wlk","timeElapsed":105,"timestamp":"2025-12-13T03:24:05.106Z"}
{"level":"info","message":"⌛ Validating parciales/amongUs/nave.wlk","timeElapsed":122,"timestamp":"2025-12-13T03:24:05.228Z"}
{"level":"info","message":"⌛ Building environment","timeElapsed":148,"timestamp":"2025-12-13T03:33:02.493Z"}
{"level":"info","message":"⌛ Validating parciales/amongUs/tareas.wlk","timeElapsed":161,"timestamp":"2025-12-13T03:33:02.655Z"}
{"level":"info","message":"⌛ Building environment","timeElapsed":221,"timestamp":"2025-12-13T03:33:03.312Z"}
{"level":"error","message":"✘ Completions for node Send ([36:8, 36:40] - parciales/amongUs/tareas.wlk) failed: Error: [Send]{102be2} at parciales/amongUs/tareas.wlk:36 exhausted all cases without a match [Send]{102be2} at parciales/amongUs/tareas.wlk:36 exhausted all cases without a match","stack":"Error: [Send]{102be2} at parciales/amongUs/tareas.wlk:36 exhausted all cases without a match\n    at c:\\Users\\egoytendia\\.vscode\\extensions\\uqbar.wollok-lsp-ide-0.5.3\\out\\server\\src\\server.js:38:6142\n    at D2 (c:\\Users\\egoytendia\\.vscode\\extensions\\uqbar.wollok-lsp-ide-0.5.3\\out\\server\\src\\server.js:2384:42)\n    at Qh (c:\\Users\\egoytendia\\.vscode\\extensions\\uqbar.wollok-lsp-ide-0.5.3\\out\\server\\src\\server.js:2384:1092)\n    at k6n (c:\\Users\\egoytendia\\.vscode\\extensions\\uqbar.wollok-lsp-ide-0.5.3\\out\\server\\src\\server.js:2384:1248)\n    at c:\\Users\\egoytendia\\.vscode\\extensions\\uqbar.wollok-lsp-ide-0.5.3\\out\\server\\src\\server.js:38:6131\n    at D2 (c:\\Users\\egoytendia\\.vscode\\extensions\\uqbar.wollok-lsp-ide-0.5.3\\out\\server\\src\\server.js:2384:42)\n    at c:\\Users\\egoytendia\\.vscode\\extensions\\uqbar.wollok-lsp-ide-0.5.3\\out\\server\\src\\server.js:2384:2988\n    at c:\\Users\\egoytendia\\.vscode\\extensions\\uqbar.wollok-lsp-ide-0.5.3\\out\\server\\src\\server.js:2393:8440\n    at c:\\Users\\egoytendia\\.vscode\\extensions\\uqbar.wollok-lsp-ide-0.5.3\\out\\server\\src\\server.js:37:74872\n    at Ye (c:\\Users\\egoytendia\\.vscode\\extensions\\uqbar.wollok-lsp-ide-0.5.3\\out\\server\\src\\server.js:7:8527)","timestamp":"2025-12-13T03:33:03.477Z"}
{"level":"error","message":"✘ Completions for node If ([34:5, 39:6] - parciales/amongUs/tareas.wlk) failed: Error: [If]{162410} at parciales/amongUs/tareas.wlk:34 exhausted all cases without a match [If]{162410} at parciales/amongUs/tareas.wlk:34 exhausted all cases without a match","stack":"Error: [If]{162410} at parciales/amongUs/tareas.wlk:34 exhausted all cases without a match\n    at c:\\Users\\egoytendia\\.vscode\\extensions\\uqbar.wollok-lsp-ide-0.5.3\\out\\server\\src\\server.js:38:6142\n    at D2 (c:\\Users\\egoytendia\\.vscode\\extensions\\uqbar.wollok-lsp-ide-0.5.3\\out\\server\\src\\server.js:2384:42)\n    at Qh (c:\\Users\\egoytendia\\.vscode\\extensions\\uqbar.wollok-lsp-ide-0.5.3\\out\\server\\src\\server.js:2384:1092)\n    at v6n (c:\\Users\\egoytendia\\.vscode\\extensions\\uqbar.wollok-lsp-ide-0.5.3\\out\\server\\src\\server.js:2384:818)\n    at c:\\Users\\egoytendia\\.vscode\\extensions\\uqbar.wollok-lsp-ide-0.5.3\\out\\server\\src\\server.js:38:6131\n    at D2 (c:\\Users\\egoytendia\\.vscode\\extensions\\uqbar.wollok-lsp-ide-0.5.3\\out\\server\\src\\server.js:2384:42)\n    at Qh (c:\\Users\\egoytendia\\.vscode\\extensions\\uqbar.wollok-lsp-ide-0.5.3\\out\\server\\src\\server.js:2384:1092)\n    at D2 (c:\\Users\\egoytendia\\.vscode\\extensions\\uqbar.wollok-lsp-ide-0.5.3\\out\\server\\src\\server.js:2384:544)\n    at Qh (c:\\Users\\egoytendia\\.vscode\\extensions\\uqbar.wollok-lsp-ide-0.5.3\\out\\server\\src\\server.js:2384:1092)\n    at k6n (c:\\Users\\egoytendia\\.vscode\\extensions\\uqbar.wollok-lsp-ide-0.5.3\\out\\server\\src\\server.js:2384:1248)","timestamp":"2025-12-13T03:33:03.477Z"}
{"level":"info","message":"⌛ Validating parciales/amongUs/tareas.wlk","timeElapsed":126,"timestamp":"2025-12-13T03:33:03.606Z"}
{"level":"info","message":"⌛ Validating parciales/amongUs/tareas.wlk","timeElapsed":143,"timestamp":"2025-12-13T03:33:03.845Z"}
{"level":"info","message":"⌛ Validating parciales/amongUs/tareas.wlk","timeElapsed":121,"timestamp":"2025-12-13T03:33:04.063Z"}
{"level":"info","message":"⌛ Validating parciales/amongUs/tareas.wlk","timeElapsed":116,"timestamp":"2025-12-13T03:33:04.183Z"}
{"level":"info","message":"⌛ Building environment","timeElapsed":107,"timestamp":"2025-12-13T03:33:04.373Z"}
{"level":"info","message":"⌛ Validating parciales/amongUs/tareas.wlk","timeElapsed":114,"timestamp":"2025-12-13T03:33:04.487Z"}
{"level":"info","message":"⌛ Validating parciales/amongUs/tareas.wlk","timeElapsed":114,"timestamp":"2025-12-13T03:33:04.634Z"}
{"level":"info","message":"⌛ Building environment","timeElapsed":115,"timestamp":"2025-12-13T03:33:04.913Z"}
{"level":"info","message":"⌛ Validating parciales/amongUs/tareas.wlk","timeElapsed":137,"timestamp":"2025-12-13T03:33:05.051Z"}
{"level":"info","message":"⌛ Building environment","timeElapsed":109,"timestamp":"2025-12-13T03:33:12.978Z"}
{"level":"info","message":"⌛ Validating parciales/amongUs/tareas.wlk","timeElapsed":138,"timestamp":"2025-12-13T03:33:13.116Z"}
{"level":"info","message":"⌛ Building environment","timeElapsed":104,"timestamp":"2025-12-13T03:33:25.251Z"}
{"level":"info","message":"⌛ Validating parciales/amongUs/jugadores.wlk","timeElapsed":114,"timestamp":"2025-12-13T03:33:25.366Z"}
{"level":"info","message":"⌛ Building environment","timeElapsed":137,"timestamp":"2025-12-13T03:33:26.815Z"}
{"level":"info","message":"⌛ Validating parciales/amongUs/jugadores.wlk","timeElapsed":119,"timestamp":"2025-12-13T03:33:26.935Z"}
{"level":"info","message":"⌛ Validating parciales/amongUs/jugadores.wlk","timeElapsed":117,"timestamp":"2025-12-13T03:33:27.602Z"}
{"level":"info","message":"⌛ Validating parciales/amongUs/jugadores.wlk","timeElapsed":116,"timestamp":"2025-12-13T03:33:28.717Z"}
{"level":"info","message":"⌛ Building environment","timeElapsed":107,"timestamp":"2025-12-13T03:33:29.217Z"}
{"level":"info","message":"⌛ Validating parciales/amongUs/jugadores.wlk","timeElapsed":123,"timestamp":"2025-12-13T03:33:29.491Z"}
{"level":"info","message":"⌛ Validating parciales/amongUs/jugadores.wlk","timeElapsed":120,"timestamp":"2025-12-13T03:33:29.696Z"}
{"level":"info","message":"⌛ Validating parciales/amongUs/jugadores.wlk","timeElapsed":117,"timestamp":"2025-12-13T03:33:30.009Z"}
{"level":"info","message":"⌛ Validating parciales/amongUs/jugadores.wlk","timeElapsed":108,"timestamp":"2025-12-13T03:33:30.118Z"}
{"level":"info","message":"⌛ Validating parciales/amongUs/jugadores.wlk","timeElapsed":103,"timestamp":"2025-12-13T03:33:30.223Z"}
{"level":"info","message":"⌛ Building environment","timeElapsed":151,"timestamp":"2025-12-13T03:33:31.474Z"}
{"level":"info","message":"⌛ Validating parciales/amongUs/jugadores.wlk","timeElapsed":121,"timestamp":"2025-12-13T03:33:31.596Z"}
{"level":"info","message":"⌛ Building environment","timeElapsed":115,"timestamp":"2025-12-13T03:33:32.187Z"}
{"level":"info","message":"⌛ Validating parciales/amongUs/jugadores.wlk","timeElapsed":110,"timestamp":"2025-12-13T03:33:32.298Z"}
{"level":"info","message":"⌛ Building environment","timeElapsed":133,"timestamp":"2025-12-13T03:33:32.826Z"}
{"level":"info","message":"⌛ Validating parciales/amongUs/jugadores.wlk","timeElapsed":122,"timestamp":"2025-12-13T03:33:32.948Z"}
{"level":"info","message":"⌛ Building environment","timeElapsed":127,"timestamp":"2025-12-13T03:33:33.076Z"}
{"level":"info","message":"⌛ Validating parciales/amongUs/jugadores.wlk","timeElapsed":110,"timestamp":"2025-12-13T03:33:33.193Z"}
{"level":"info","message":"⌛ Validating parciales/amongUs/jugadores.wlk","timeElapsed":118,"timestamp":"2025-12-13T03:33:33.478Z"}
{"level":"info","message":"⌛ Validating parciales/amongUs/jugadores.wlk","timeElapsed":119,"timestamp":"2025-12-13T03:33:33.602Z"}
{"level":"info","message":"⌛ Validating parciales/amongUs/jugadores.wlk","timeElapsed":101,"timestamp":"2025-12-13T03:33:33.703Z"}
{"level":"info","message":"⌛ Validating parciales/amongUs/jugadores.wlk","timeElapsed":127,"timestamp":"2025-12-13T03:33:34.394Z"}
{"level":"info","message":"⌛ Building environment","timeElapsed":101,"timestamp":"2025-12-13T03:33:34.548Z"}
{"level":"info","message":"⌛ Validating parciales/amongUs/jugadores.wlk","timeElapsed":122,"timestamp":"2025-12-13T03:33:34.775Z"}
{"level":"info","message":"⌛ Validating parciales/amongUs/jugadores.wlk","timeElapsed":111,"timestamp":"2025-12-13T03:33:34.886Z"}
{"level":"info","message":"⌛ Validating parciales/amongUs/jugadores.wlk","timeElapsed":120,"timestamp":"2025-12-13T03:33:35.190Z"}
{"level":"info","message":"⌛ Building environment","timeElapsed":109,"timestamp":"2025-12-13T03:33:35.299Z"}
{"level":"info","message":"⌛ Validating parciales/amongUs/jugadores.wlk","timeElapsed":118,"timestamp":"2025-12-13T03:33:35.417Z"}
{"level":"info","message":"⌛ Validating parciales/amongUs/jugadores.wlk","timeElapsed":116,"timestamp":"2025-12-13T03:33:35.704Z"}
{"level":"info","message":"⌛ Building environment","timeElapsed":111,"timestamp":"2025-12-13T03:33:35.815Z"}
{"level":"info","message":"⌛ Validating parciales/amongUs/jugadores.wlk","timeElapsed":109,"timestamp":"2025-12-13T03:33:35.924Z"}
{"level":"info","message":"⌛ Validating parciales/amongUs/jugadores.wlk","timeElapsed":115,"timestamp":"2025-12-13T03:33:36.044Z"}
{"level":"info","message":"⌛ Validating parciales/amongUs/jugadores.wlk","timeElapsed":101,"timestamp":"2025-12-13T03:33:36.146Z"}
{"level":"info","message":"⌛ Building environment","timeElapsed":142,"timestamp":"2025-12-13T03:33:39.323Z"}
{"level":"info","message":"⌛ Validating parciales/amongUs/jugadores.wlk","timeElapsed":123,"timestamp":"2025-12-13T03:33:39.528Z"}
{"level":"info","message":"⌛ Validating parciales/amongUs/jugadores.wlk","timeElapsed":137,"timestamp":"2025-12-13T03:33:39.881Z"}
{"level":"info","message":"⌛ Validating parciales/amongUs/jugadores.wlk","timeElapsed":106,"timestamp":"2025-12-13T03:33:39.987Z"}
{"level":"info","message":"⌛ Building environment","timeElapsed":125,"timestamp":"2025-12-13T03:33:40.517Z"}
{"level":"info","message":"⌛ Validating parciales/amongUs/jugadores.wlk","timeElapsed":116,"timestamp":"2025-12-13T03:33:40.634Z"}
{"level":"info","message":"⌛ Building environment","timeElapsed":103,"timestamp":"2025-12-13T03:33:40.991Z"}
{"level":"error","message":"✘ Completions for node Send ([33:4, 33:30] - parciales/amongUs/jugadores.wlk) failed: Error: [Send]{b1dbe4} at parciales/amongUs/jugadores.wlk:33 exhausted all cases without a match [Send]{b1dbe4} at parciales/amongUs/jugadores.wlk:33 exhausted all cases without a match","stack":"Error: [Send]{b1dbe4} at parciales/amongUs/jugadores.wlk:33 exhausted all cases without a match\n    at c:\\Users\\egoytendia\\.vscode\\extensions\\uqbar.wollok-lsp-ide-0.5.3\\out\\server\\src\\server.js:38:6142\n    at D2 (c:\\Users\\egoytendia\\.vscode\\extensions\\uqbar.wollok-lsp-ide-0.5.3\\out\\server\\src\\server.js:2384:42)\n    at Qh (c:\\Users\\egoytendia\\.vscode\\extensions\\uqbar.wollok-lsp-ide-0.5.3\\out\\server\\src\\server.js:2384:1092)\n    at k6n (c:\\Users\\egoytendia\\.vscode\\extensions\\uqbar.wollok-lsp-ide-0.5.3\\out\\server\\src\\server.js:2384:1248)\n    at c:\\Users\\egoytendia\\.vscode\\extensions\\uqbar.wollok-lsp-ide-0.5.3\\out\\server\\src\\server.js:38:6131\n    at D2 (c:\\Users\\egoytendia\\.vscode\\extensions\\uqbar.wollok-lsp-ide-0.5.3\\out\\server\\src\\server.js:2384:42)\n    at c:\\Users\\egoytendia\\.vscode\\extensions\\uqbar.wollok-lsp-ide-0.5.3\\out\\server\\src\\server.js:2384:2988\n    at c:\\Users\\egoytendia\\.vscode\\extensions\\uqbar.wollok-lsp-ide-0.5.3\\out\\server\\src\\server.js:2393:8440\n    at c:\\Users\\egoytendia\\.vscode\\extensions\\uqbar.wollok-lsp-ide-0.5.3\\out\\server\\src\\server.js:37:74872\n    at Ye (c:\\Users\\egoytendia\\.vscode\\extensions\\uqbar.wollok-lsp-ide-0.5.3\\out\\server\\src\\server.js:7:8527)","timestamp":"2025-12-13T03:33:41.030Z"}
{"level":"info","message":"⌛ Validating parciales/amongUs/jugadores.wlk","timeElapsed":108,"timestamp":"2025-12-13T03:33:41.147Z"}
{"level":"error","message":"✘ Completions for node Send ([33:4, 33:33] - parciales/amongUs/jugadores.wlk) failed: Error: [Send]{c7479f} at parciales/amongUs/jugadores.wlk:33 exhausted all cases without a match [Send]{c7479f} at parciales/amongUs/jugadores.wlk:33 exhausted all cases without a match","stack":"Error: [Send]{c7479f} at parciales/amongUs/jugadores.wlk:33 exhausted all cases without a match\n    at c:\\Users\\egoytendia\\.vscode\\extensions\\uqbar.wollok-lsp-ide-0.5.3\\out\\server\\src\\server.js:38:6142\n    at D2 (c:\\Users\\egoytendia\\.vscode\\extensions\\uqbar.wollok-lsp-ide-0.5.3\\out\\server\\src\\server.js:2384:42)\n    at Qh (c:\\Users\\egoytendia\\.vscode\\extensions\\uqbar.wollok-lsp-ide-0.5.3\\out\\server\\src\\server.js:2384:1092)\n    at k6n (c:\\Users\\egoytendia\\.vscode\\extensions\\uqbar.wollok-lsp-ide-0.5.3\\out\\server\\src\\server.js:2384:1248)\n    at c:\\Users\\egoytendia\\.vscode\\extensions\\uqbar.wollok-lsp-ide-0.5.3\\out\\server\\src\\server.js:38:6131\n    at D2 (c:\\Users\\egoytendia\\.vscode\\extensions\\uqbar.wollok-lsp-ide-0.5.3\\out\\server\\src\\server.js:2384:42)\n    at c:\\Users\\egoytendia\\.vscode\\extensions\\uqbar.wollok-lsp-ide-0.5.3\\out\\server\\src\\server.js:2384:2988\n    at c:\\Users\\egoytendia\\.vscode\\extensions\\uqbar.wollok-lsp-ide-0.5.3\\out\\server\\src\\server.js:2393:8440\n    at c:\\Users\\egoytendia\\.vscode\\extensions\\uqbar.wollok-lsp-ide-0.5.3\\out\\server\\src\\server.js:37:74872\n    at Ye (c:\\Users\\egoytendia\\.vscode\\extensions\\uqbar.wollok-lsp-ide-0.5.3\\out\\server\\src\\server.js:7:8527)","timestamp":"2025-12-13T03:33:41.450Z"}
{"level":"info","message":"⌛ Validating parciales/amongUs/jugadores.wlk","timeElapsed":122,"timestamp":"2025-12-13T03:33:41.577Z"}
{"level":"info","message":"⌛ Validating parciales/amongUs/jugadores.wlk","timeElapsed":104,"timestamp":"2025-12-13T03:33:41.681Z"}
{"level":"info","message":"⌛ Validating parciales/amongUs/jugadores.wlk","timeElapsed":130,"timestamp":"2025-12-13T03:33:41.812Z"}
{"level":"info","message":"⌛ Building environment","timeElapsed":105,"timestamp":"2025-12-13T03:33:41.933Z"}
{"level":"info","message":"⌛ Validating parciales/amongUs/jugadores.wlk","timeElapsed":119,"timestamp":"2025-12-13T03:33:42.057Z"}
{"level":"info","message":"⌛ Building environment","timeElapsed":105,"timestamp":"2025-12-13T03:33:42.162Z"}
{"level":"info","message":"⌛ Validating parciales/amongUs/jugadores.wlk","timeElapsed":109,"timestamp":"2025-12-13T03:33:42.360Z"}
{"level":"info","message":"⌛ Validating parciales/amongUs/jugadores.wlk","timeElapsed":105,"timestamp":"2025-12-13T03:33:42.465Z"}
{"level":"info","message":"⌛ Building environment","timeElapsed":116,"timestamp":"2025-12-13T03:33:42.729Z"}
{"level":"error","message":"✘ Completions for node Send ([33:4, 33:31] - parciales/amongUs/jugadores.wlk) failed: Error: [Send]{56a486} at parciales/amongUs/jugadores.wlk:33 exhausted all cases without a match [Send]{56a486} at parciales/amongUs/jugadores.wlk:33 exhausted all cases without a match","stack":"Error: [Send]{56a486} at parciales/amongUs/jugadores.wlk:33 exhausted all cases without a match\n    at c:\\Users\\egoytendia\\.vscode\\extensions\\uqbar.wollok-lsp-ide-0.5.3\\out\\server\\src\\server.js:38:6142\n    at D2 (c:\\Users\\egoytendia\\.vscode\\extensions\\uqbar.wollok-lsp-ide-0.5.3\\out\\server\\src\\server.js:2384:42)\n    at Qh (c:\\Users\\egoytendia\\.vscode\\extensions\\uqbar.wollok-lsp-ide-0.5.3\\out\\server\\src\\server.js:2384:1092)\n    at k6n (c:\\Users\\egoytendia\\.vscode\\extensions\\uqbar.wollok-lsp-ide-0.5.3\\out\\server\\src\\server.js:2384:1248)\n    at c:\\Users\\egoytendia\\.vscode\\extensions\\uqbar.wollok-lsp-ide-0.5.3\\out\\server\\src\\server.js:38:6131\n    at D2 (c:\\Users\\egoytendia\\.vscode\\extensions\\uqbar.wollok-lsp-ide-0.5.3\\out\\server\\src\\server.js:2384:42)\n    at c:\\Users\\egoytendia\\.vscode\\extensions\\uqbar.wollok-lsp-ide-0.5.3\\out\\server\\src\\server.js:2384:2988\n    at c:\\Users\\egoytendia\\.vscode\\extensions\\uqbar.wollok-lsp-ide-0.5.3\\out\\server\\src\\server.js:2393:8440\n    at c:\\Users\\egoytendia\\.vscode\\extensions\\uqbar.wollok-lsp-ide-0.5.3\\out\\server\\src\\server.js:37:74872\n    at Ye (c:\\Users\\egoytendia\\.vscode\\extensions\\uqbar.wollok-lsp-ide-0.5.3\\out\\server\\src\\server.js:7:8527)","timestamp":"2025-12-13T03:33:42.765Z"}
{"level":"info","message":"⌛ Validating parciales/amongUs/jugadores.wlk","timeElapsed":110,"timestamp":"2025-12-13T03:33:42.969Z"}
{"level":"info","message":"⌛ Validating parciales/amongUs/jugadores.wlk","timeElapsed":106,"timestamp":"2025-12-13T03:33:43.155Z"}
{"level":"info","message":"⌛ Building environment","timeElapsed":117,"timestamp":"2025-12-13T03:33:49.517Z"}
{"level":"info","message":"⌛ Validating parciales/amongUs/nave.wlk","timeElapsed":118,"timestamp":"2025-12-13T03:33:49.635Z"}
{"level":"info","message":"⌛ Validating parciales/amongUs/nave.wlk","timeElapsed":119,"timestamp":"2025-12-13T03:33:49.844Z"}
{"level":"info","message":"⌛ Building environment","timeElapsed":112,"timestamp":"2025-12-13T03:33:50.166Z"}
{"level":"info","message":"⌛ Validating parciales/amongUs/nave.wlk","timeElapsed":134,"timestamp":"2025-12-13T03:33:50.424Z"}
{"level":"info","message":"⌛ Validating parciales/amongUs/nave.wlk","timeElapsed":118,"timestamp":"2025-12-13T03:33:50.638Z"}
{"level":"info","message":"⌛ Validating parciales/amongUs/nave.wlk","timeElapsed":111,"timestamp":"2025-12-13T03:33:50.853Z"}
{"level":"info","message":"⌛ Validating parciales/amongUs/nave.wlk","timeElapsed":120,"timestamp":"2025-12-13T03:33:51.067Z"}
{"level":"info","message":"⌛ Validating parciales/amongUs/nave.wlk","timeElapsed":103,"timestamp":"2025-12-13T03:33:51.200Z"}
{"level":"info","message":"⌛ Building environment","timeElapsed":113,"timestamp":"2025-12-13T03:33:51.748Z"}
{"level":"info","message":"⌛ Validating parciales/amongUs/nave.wlk","timeElapsed":116,"timestamp":"2025-12-13T03:33:51.890Z"}
{"level":"info","message":"⌛ Validating parciales/amongUs/nave.wlk","timeElapsed":112,"timestamp":"2025-12-13T03:33:52.727Z"}
{"level":"info","message":"⌛ Validating parciales/amongUs/nave.wlk","timeElapsed":107,"timestamp":"2025-12-13T03:33:53.126Z"}
{"level":"info","message":"⌛ Validating parciales/amongUs/nave.wlk","timeElapsed":110,"timestamp":"2025-12-13T03:33:53.312Z"}
{"level":"info","message":"⌛ Validating parciales/amongUs/nave.wlk","timeElapsed":128,"timestamp":"2025-12-13T03:33:53.550Z"}
{"level":"info","message":"⌛ Validating parciales/amongUs/nave.wlk","timeElapsed":127,"timestamp":"2025-12-13T03:33:53.677Z"}
{"level":"info","message":"⌛ Validating parciales/amongUs/nave.wlk","timeElapsed":113,"timestamp":"2025-12-13T03:33:53.791Z"}
{"level":"info","message":"⌛ Validating parciales/amongUs/nave.wlk","timeElapsed":108,"timestamp":"2025-12-13T03:33:54.258Z"}
{"level":"info","message":"⌛ Building environment","timeElapsed":102,"timestamp":"2025-12-13T03:33:54.675Z"}
{"level":"info","message":"⌛ Validating parciales/amongUs/nave.wlk","timeElapsed":121,"timestamp":"2025-12-13T03:33:54.912Z"}
{"level":"info","message":"⌛ Validating parciales/amongUs/nave.wlk","timeElapsed":107,"timestamp":"2025-12-13T03:33:55.019Z"}
{"level":"info","message":"⌛ Building environment","timeElapsed":115,"timestamp":"2025-12-13T03:33:55.444Z"}
{"level":"info","message":"⌛ Validating parciales/amongUs/nave.wlk","timeElapsed":148,"timestamp":"2025-12-13T03:33:55.593Z"}
{"level":"info","message":"⌛ Building environment","timeElapsed":177,"timestamp":"2025-12-13T03:33:56.091Z"}
{"level":"info","message":"⌛ Validating parciales/amongUs/nave.wlk","timeElapsed":112,"timestamp":"2025-12-13T03:33:56.204Z"}
{"level":"info","message":"⌛ Building environment","timeElapsed":108,"timestamp":"2025-12-13T03:33:57.317Z"}
{"level":"error","message":"✘ Completions for node Parameter ([8:28, 8:29] - parciales/amongUs/nave.wlk) failed: Error: [Parameter]{8a453c} at parciales/amongUs/nave.wlk:8 exhausted all cases without a match [Parameter]{8a453c} at parciales/amongUs/nave.wlk:8 exhausted all cases without a match","stack":"Error: [Parameter]{8a453c} at parciales/amongUs/nave.wlk:8 exhausted all cases without a match\n    at c:\\Users\\egoytendia\\.vscode\\extensions\\uqbar.wollok-lsp-ide-0.5.3\\out\\server\\src\\server.js:38:6142\n    at D2 (c:\\Users\\egoytendia\\.vscode\\extensions\\uqbar.wollok-lsp-ide-0.5.3\\out\\server\\src\\server.js:2384:42)\n    at c:\\Users\\egoytendia\\.vscode\\extensions\\uqbar.wollok-lsp-ide-0.5.3\\out\\server\\src\\server.js:2384:2988\n    at c:\\Users\\egoytendia\\.vscode\\extensions\\uqbar.wollok-lsp-ide-0.5.3\\out\\server\\src\\server.js:2393:8440\n    at c:\\Users\\egoytendia\\.vscode\\extensions\\uqbar.wollok-lsp-ide-0.5.3\\out\\server\\src\\server.js:37:74872\n    at Ye (c:\\Users\\egoytendia\\.vscode\\extensions\\uqbar.wollok-lsp-ide-0.5.3\\out\\server\\src\\server.js:7:8527)\n    at qt (c:\\Users\\egoytendia\\.vscode\\extensions\\uqbar.wollok-lsp-ide-0.5.3\\out\\server\\src\\server.js:7:6189)\n    at ot (c:\\Users\\egoytendia\\.vscode\\extensions\\uqbar.wollok-lsp-ide-0.5.3\\out\\server\\src\\server.js:7:6378)\n    at Immediate._onImmediate (c:\\Users\\egoytendia\\.vscode\\extensions\\uqbar.wollok-lsp-ide-0.5.3\\out\\server\\src\\server.js:7:6142)\n    at process.processImmediate (node:internal/timers:485:21)","timestamp":"2025-12-13T03:33:57.343Z"}
{"level":"info","message":"⌛ Validating parciales/amongUs/nave.wlk","timeElapsed":146,"timestamp":"2025-12-13T03:33:57.575Z"}
{"level":"info","message":"⌛ Validating parciales/amongUs/nave.wlk","timeElapsed":118,"timestamp":"2025-12-13T03:33:57.694Z"}
{"level":"error","message":"✘ Completions for node Parameter ([8:28, 8:31] - parciales/amongUs/nave.wlk) failed: Error: [Parameter]{957678} at parciales/amongUs/nave.wlk:8 exhausted all cases without a match [Parameter]{957678} at parciales/amongUs/nave.wlk:8 exhausted all cases without a match","stack":"Error: [Parameter]{957678} at parciales/amongUs/nave.wlk:8 exhausted all cases without a match\n    at c:\\Users\\egoytendia\\.vscode\\extensions\\uqbar.wollok-lsp-ide-0.5.3\\out\\server\\src\\server.js:38:6142\n    at D2 (c:\\Users\\egoytendia\\.vscode\\extensions\\uqbar.wollok-lsp-ide-0.5.3\\out\\server\\src\\server.js:2384:42)\n    at c:\\Users\\egoytendia\\.vscode\\extensions\\uqbar.wollok-lsp-ide-0.5.3\\out\\server\\src\\server.js:2384:2988\n    at c:\\Users\\egoytendia\\.vscode\\extensions\\uqbar.wollok-lsp-ide-0.5.3\\out\\server\\src\\server.js:2393:8440\n    at c:\\Users\\egoytendia\\.vscode\\extensions\\uqbar.wollok-lsp-ide-0.5.3\\out\\server\\src\\server.js:37:74872\n    at Ye (c:\\Users\\egoytendia\\.vscode\\extensions\\uqbar.wollok-lsp-ide-0.5.3\\out\\server\\src\\server.js:7:8527)\n    at qt (c:\\Users\\egoytendia\\.vscode\\extensions\\uqbar.wollok-lsp-ide-0.5.3\\out\\server\\src\\server.js:7:6189)\n    at ot (c:\\Users\\egoytendia\\.vscode\\extensions\\uqbar.wollok-lsp-ide-0.5.3\\out\\server\\src\\server.js:7:6378)\n    at Immediate._onImmediate (c:\\Users\\egoytendia\\.vscode\\extensions\\uqbar.wollok-lsp-ide-0.5.3\\out\\server\\src\\server.js:7:6142)\n    at process.processImmediate (node:internal/timers:485:21)","timestamp":"2025-12-13T03:33:57.824Z"}
{"level":"info","message":"⌛ Validating parciales/amongUs/nave.wlk","timeElapsed":115,"timestamp":"2025-12-13T03:33:58.027Z"}
{"level":"error","message":"✘ Completions for node Parameter ([8:28, 8:33] - parciales/amongUs/nave.wlk) failed: Error: [Parameter]{6faf25} at parciales/amongUs/nave.wlk:8 exhausted all cases without a match [Parameter]{6faf25} at parciales/amongUs/nave.wlk:8 exhausted all cases without a match","stack":"Error: [Parameter]{6faf25} at parciales/amongUs/nave.wlk:8 exhausted all cases without a match\n    at c:\\Users\\egoytendia\\.vscode\\extensions\\uqbar.wollok-lsp-ide-0.5.3\\out\\server\\src\\server.js:38:6142\n    at D2 (c:\\Users\\egoytendia\\.vscode\\extensions\\uqbar.wollok-lsp-ide-0.5.3\\out\\server\\src\\server.js:2384:42)\n    at c:\\Users\\egoytendia\\.vscode\\extensions\\uqbar.wollok-lsp-ide-0.5.3\\out\\server\\src\\server.js:2384:2988\n    at c:\\Users\\egoytendia\\.vscode\\extensions\\uqbar.wollok-lsp-ide-0.5.3\\out\\server\\src\\server.js:2393:8440\n    at c:\\Users\\egoytendia\\.vscode\\extensions\\uqbar.wollok-lsp-ide-0.5.3\\out\\server\\src\\server.js:37:74872\n    at Ye (c:\\Users\\egoytendia\\.vscode\\extensions\\uqbar.wollok-lsp-ide-0.5.3\\out\\server\\src\\server.js:7:8527)\n    at qt (c:\\Users\\egoytendia\\.vscode\\extensions\\uqbar.wollok-lsp-ide-0.5.3\\out\\server\\src\\server.js:7:6189)\n    at ot (c:\\Users\\egoytendia\\.vscode\\extensions\\uqbar.wollok-lsp-ide-0.5.3\\out\\server\\src\\server.js:7:6378)\n    at Immediate._onImmediate (c:\\Users\\egoytendia\\.vscode\\extensions\\uqbar.wollok-lsp-ide-0.5.3\\out\\server\\src\\server.js:7:6142)\n    at process.processImmediate (node:internal/timers:485:21)","timestamp":"2025-12-13T03:33:58.147Z"}
{"level":"info","message":"⌛ Validating parciales/amongUs/nave.wlk","timeElapsed":106,"timestamp":"2025-12-13T03:33:58.257Z"}
{"level":"info","message":"⌛ Validating parciales/amongUs/nave.wlk","timeElapsed":118,"timestamp":"2025-12-13T03:33:58.548Z"}
{"level":"info","message":"⌛ Validating parciales/amongUs/nave.wlk","timeElapsed":107,"timestamp":"2025-12-13T03:33:58.660Z"}
{"level":"info","message":"⌛ Validating parciales/amongUs/nave.wlk","timeElapsed":106,"timestamp":"2025-12-13T03:33:58.767Z"}
{"level":"info","message":"⌛ Validating parciales/amongUs/nave.wlk","timeElapsed":121,"timestamp":"2025-12-13T03:34:00.286Z"}
{"level":"info","message":"⌛ Building environment","timeElapsed":125,"timestamp":"2025-12-13T03:34:10.590Z"}
{"level":"info","message":"⌛ Validating parciales/amongUs/nave.wlk","timeElapsed":133,"timestamp":"2025-12-13T03:34:10.768Z"}
{"level":"info","message":"⌛ Validating parciales/amongUs/nave.wlk","timeElapsed":107,"timestamp":"2025-12-13T03:34:11.037Z"}
{"level":"info","message":"⌛ Validating parciales/amongUs/nave.wlk","timeElapsed":106,"timestamp":"2025-12-13T03:34:11.143Z"}
{"level":"info","message":"⌛ Building environment","timeElapsed":102,"timestamp":"2025-12-13T03:34:12.249Z"}
{"level":"info","message":"⌛ Validating parciales/amongUs/nave.wlk","timeElapsed":117,"timestamp":"2025-12-13T03:34:12.367Z"}
{"level":"info","message":"⌛ Building environment","timeElapsed":104,"timestamp":"2025-12-13T03:34:12.859Z"}
{"level":"info","message":"⌛ Validating parciales/amongUs/nave.wlk","timeElapsed":111,"timestamp":"2025-12-13T03:34:12.998Z"}
{"level":"error","message":"✘ Failed to rebuild document Failed to parse parciales/amongUs/nave.wlk: \n-- PARSING FAILED --------------------------------------------------\n\n  1 | class Nave {\n  2 |   var nivelOxigeno = 10\n> 3 |   var  = \n    |        ^\n  4 | \n  5 |   method aumentarNivelOxigeno(cantidad) {\n\nExpected one of the following: \n\n'property', identifier, whitespace\n","stack":"Error: Failed to parse parciales/amongUs/nave.wlk: \n-- PARSING FAILED --------------------------------------------------\n\n  1 | class Nave {\n  2 |   var nivelOxigeno = 10\n> 3 |   var  = \n    |        ^\n  4 | \n  5 |   method aumentarNivelOxigeno(cantidad) {\n\nExpected one of the following: \n\n'property', identifier, whitespace\n\n    at c:\\Users\\egoytendia\\.vscode\\extensions\\uqbar.wollok-lsp-ide-0.5.3\\out\\server\\src\\server.js:2348:13026\n    at Array.map (<anonymous>)\n    at W1n (c:\\Users\\egoytendia\\.vscode\\extensions\\uqbar.wollok-lsp-ide-0.5.3\\out\\server\\src\\server.js:2348:12950)\n    at U2.buildEnvironmentFrom (c:\\Users\\egoytendia\\.vscode\\extensions\\uqbar.wollok-lsp-ide-0.5.3\\out\\server\\src\\server.js:2393:5254)\n    at U2.updateEnvironmentWith (c:\\Users\\egoytendia\\.vscode\\extensions\\uqbar.wollok-lsp-ide-0.5.3\\out\\server\\src\\server.js:2393:4989)\n    at JF (c:\\Users\\egoytendia\\.vscode\\extensions\\uqbar.wollok-lsp-ide-0.5.3\\out\\server\\src\\server.js:2393:7383)\n    at F3.invoke (c:\\Users\\egoytendia\\.vscode\\extensions\\uqbar.wollok-lsp-ide-0.5.3\\out\\server\\src\\server.js:3:157334)\n    at o.fire (c:\\Users\\egoytendia\\.vscode\\extensions\\uqbar.wollok-lsp-ide-0.5.3\\out\\server\\src\\server.js:3:158104)\n    at c:\\Users\\egoytendia\\.vscode\\extensions\\uqbar.wollok-lsp-ide-0.5.3\\out\\server\\src\\server.js:37:57871\n    at Zr (c:\\Users\\egoytendia\\.vscode\\extensions\\uqbar.wollok-lsp-ide-0.5.3\\out\\server\\src\\server.js:8:1561)","timestamp":"2025-12-13T03:34:13.452Z"}
{"level":"info","message":"⌛ Validating parciales/amongUs/nave.wlk","timeElapsed":124,"timestamp":"2025-12-13T03:34:14.004Z"}
{"level":"info","message":"⌛ Building environment","timeElapsed":102,"timestamp":"2025-12-13T03:34:14.106Z"}
{"level":"info","message":"⌛ Validating parciales/amongUs/nave.wlk","timeElapsed":124,"timestamp":"2025-12-13T03:34:14.347Z"}
{"level":"info","message":"⌛ Building environment","timeElapsed":134,"timestamp":"2025-12-13T03:34:14.480Z"}
{"level":"info","message":"⌛ Building environment","timeElapsed":115,"timestamp":"2025-12-13T03:34:14.596Z"}
{"level":"info","message":"⌛ Validating parciales/amongUs/nave.wlk","timeElapsed":108,"timestamp":"2025-12-13T03:34:14.731Z"}
{"level":"info","message":"⌛ Validating parciales/amongUs/nave.wlk","timeElapsed":122,"timestamp":"2025-12-13T03:34:15.092Z"}
{"level":"info","message":"⌛ Validating parciales/amongUs/nave.wlk","timeElapsed":103,"timestamp":"2025-12-13T03:34:15.195Z"}
{"level":"info","message":"⌛ Validating parciales/amongUs/nave.wlk","timeElapsed":102,"timestamp":"2025-12-13T03:34:15.303Z"}
{"level":"info","message":"⌛ Validating parciales/amongUs/nave.wlk","timeElapsed":106,"timestamp":"2025-12-13T03:34:15.513Z"}
{"level":"info","message":"⌛ Validating parciales/amongUs/nave.wlk","timeElapsed":105,"timestamp":"2025-12-13T03:34:15.619Z"}
{"level":"info","message":"⌛ Validating parciales/amongUs/nave.wlk","timeElapsed":133,"timestamp":"2025-12-13T03:34:15.754Z"}
{"level":"info","message":"⌛ Building environment","timeElapsed":109,"timestamp":"2025-12-13T03:34:17.049Z"}
{"level":"info","message":"⌛ Validating parciales/amongUs/nave.wlk","timeElapsed":109,"timestamp":"2025-12-13T03:34:17.158Z"}
{"level":"info","message":"⌛ Building environment","timeElapsed":111,"timestamp":"2025-12-13T03:34:17.896Z"}
{"level":"info","message":"⌛ Validating parciales/amongUs/nave.wlk","timeElapsed":263,"timestamp":"2025-12-13T03:34:18.166Z"}
{"level":"info","message":"⌛ Building environment","timeElapsed":133,"timestamp":"2025-12-13T03:36:28.081Z"}
{"level":"info","message":"⌛ Building environment","timeElapsed":115,"timestamp":"2025-12-13T03:36:28.197Z"}
{"level":"info","message":"⌛ Validating parciales/amongUs/nave.wlk","timeElapsed":133,"timestamp":"2025-12-13T03:36:28.331Z"}
{"level":"info","message":"⌛ Validating parciales/amongUs/nave.wlk","timeElapsed":114,"timestamp":"2025-12-13T03:36:28.445Z"}
{"level":"info","message":"⌛ Building environment","timeElapsed":109,"timestamp":"2025-12-13T03:36:28.667Z"}
{"level":"info","message":"⌛ Validating parciales/amongUs/nave.wlk","timeElapsed":124,"timestamp":"2025-12-13T03:36:28.820Z"}
{"level":"info","message":"⌛ Validating parciales/amongUs/nave.wlk","timeElapsed":134,"timestamp":"2025-12-13T03:36:29.176Z"}
{"level":"info","message":"⌛ Building environment","timeElapsed":109,"timestamp":"2025-12-13T03:36:29.371Z"}
{"level":"info","message":"⌛ Validating parciales/amongUs/nave.wlk","timeElapsed":122,"timestamp":"2025-12-13T03:36:29.505Z"}
{"level":"info","message":"⌛ Validating parciales/amongUs/nave.wlk","timeElapsed":111,"timestamp":"2025-12-13T03:36:29.616Z"}
{"level":"info","message":"⌛ Building environment","timeElapsed":102,"timestamp":"2025-12-13T03:36:32.190Z"}
{"level":"info","message":"⌛ Validating parciales/amongUs/nave.wlk","timeElapsed":126,"timestamp":"2025-12-13T03:36:32.317Z"}
{"level":"info","message":"⌛ Validating parciales/amongUs/nave.wlk","timeElapsed":108,"timestamp":"2025-12-13T03:36:32.424Z"}
{"level":"info","message":"⌛ Building environment","timeElapsed":115,"timestamp":"2025-12-13T03:36:32.652Z"}
{"level":"info","message":"⌛ Building environment","timeElapsed":117,"timestamp":"2025-12-13T03:36:32.862Z"}
{"level":"info","message":"⌛ Validating parciales/amongUs/nave.wlk","timeElapsed":118,"timestamp":"2025-12-13T03:36:32.991Z"}
{"level":"info","message":"⌛ Validating parciales/amongUs/nave.wlk","timeElapsed":116,"timestamp":"2025-12-13T03:36:33.107Z"}
{"level":"info","message":"⌛ Validating parciales/amongUs/nave.wlk","timeElapsed":117,"timestamp":"2025-12-13T03:36:33.224Z"}
{"level":"info","message":"⌛ Validating parciales/amongUs/nave.wlk","timeElapsed":109,"timestamp":"2025-12-13T03:36:33.339Z"}
{"level":"info","message":"⌛ Validating parciales/amongUs/nave.wlk","timeElapsed":117,"timestamp":"2025-12-13T03:36:33.572Z"}
{"level":"info","message":"⌛ Building environment","timeElapsed":202,"timestamp":"2025-12-13T03:36:34.019Z"}
{"level":"info","message":"⌛ Validating parciales/amongUs/nave.wlk","timeElapsed":117,"timestamp":"2025-12-13T03:36:34.166Z"}
{"level":"info","message":"⌛ Validating parciales/amongUs/nave.wlk","timeElapsed":117,"timestamp":"2025-12-13T03:36:34.472Z"}
{"level":"info","message":"⌛ Validating parciales/amongUs/nave.wlk","timeElapsed":110,"timestamp":"2025-12-13T03:36:34.584Z"}
{"level":"info","message":"⌛ Validating parciales/amongUs/nave.wlk","timeElapsed":112,"timestamp":"2025-12-13T03:36:34.891Z"}
{"level":"info","message":"⌛ Validating parciales/amongUs/nave.wlk","timeElapsed":113,"timestamp":"2025-12-13T03:36:35.107Z"}
{"level":"info","message":"⌛ Building environment","timeElapsed":117,"timestamp":"2025-12-13T03:36:35.226Z"}
{"level":"info","message":"⌛ Validating parciales/amongUs/nave.wlk","timeElapsed":119,"timestamp":"2025-12-13T03:36:35.346Z"}
{"level":"info","message":"⌛ Building environment","timeElapsed":143,"timestamp":"2025-12-13T03:36:35.489Z"}
{"level":"info","message":"⌛ Validating parciales/amongUs/nave.wlk","timeElapsed":118,"timestamp":"2025-12-13T03:36:35.637Z"}
{"level":"info","message":"⌛ Validating parciales/amongUs/nave.wlk","timeElapsed":110,"timestamp":"2025-12-13T03:36:35.748Z"}
{"level":"info","message":"⌛ Building environment","timeElapsed":112,"timestamp":"2025-12-13T03:36:38.994Z"}
{"level":"info","message":"⌛ Validating parciales/amongUs/nave.wlk","timeElapsed":118,"timestamp":"2025-12-13T03:36:39.232Z"}
{"level":"info","message":"⌛ Validating parciales/amongUs/nave.wlk","timeElapsed":115,"timestamp":"2025-12-13T03:36:39.431Z"}
{"level":"info","message":"⌛ Validating parciales/amongUs/nave.wlk","timeElapsed":109,"timestamp":"2025-12-13T03:36:39.710Z"}
{"level":"info","message":"⌛ Validating parciales/amongUs/nave.wlk","timeElapsed":129,"timestamp":"2025-12-13T03:36:39.843Z"}
{"level":"info","message":"⌛ Validating parciales/amongUs/nave.wlk","timeElapsed":111,"timestamp":"2025-12-13T03:36:40.038Z"}
{"level":"info","message":"⌛ Validating parciales/amongUs/nave.wlk","timeElapsed":110,"timestamp":"2025-12-13T03:36:40.270Z"}
{"level":"info","message":"⌛ Building environment","timeElapsed":150,"timestamp":"2025-12-13T03:36:58.483Z"}
{"level":"info","message":"⌛ Validating parciales/amongUs/nave.wlk","timeElapsed":123,"timestamp":"2025-12-13T03:36:58.687Z"}
{"level":"info","message":"⌛ Building environment","timeElapsed":103,"timestamp":"2025-12-13T03:36:58.812Z"}
{"level":"info","message":"⌛ Validating parciales/amongUs/nave.wlk","timeElapsed":121,"timestamp":"2025-12-13T03:36:59.051Z"}
{"level":"info","message":"⌛ Validating parciales/amongUs/nave.wlk","timeElapsed":119,"timestamp":"2025-12-13T03:36:59.250Z"}
{"level":"info","message":"⌛ Validating parciales/amongUs/nave.wlk","timeElapsed":117,"timestamp":"2025-12-13T03:36:59.577Z"}
{"level":"info","message":"⌛ Validating parciales/amongUs/nave.wlk","timeElapsed":139,"timestamp":"2025-12-13T03:36:59.809Z"}
{"level":"info","message":"⌛ Validating parciales/amongUs/nave.wlk","timeElapsed":150,"timestamp":"2025-12-13T03:36:59.964Z"}
{"level":"info","message":"⌛ Validating parciales/amongUs/nave.wlk","timeElapsed":111,"timestamp":"2025-12-13T03:37:00.075Z"}
{"level":"info","message":"⌛ Building environment","timeElapsed":125,"timestamp":"2025-12-13T03:37:00.596Z"}
{"level":"info","message":"⌛ Validating parciales/amongUs/nave.wlk","timeElapsed":117,"timestamp":"2025-12-13T03:37:00.712Z"}
{"level":"info","message":"⌛ Validating parciales/amongUs/nave.wlk","timeElapsed":102,"timestamp":"2025-12-13T03:37:00.816Z"}
{"level":"info","message":"⌛ Validating parciales/amongUs/nave.wlk","timeElapsed":107,"timestamp":"2025-12-13T03:37:01.731Z"}
{"level":"info","message":"⌛ Validating parciales/amongUs/nave.wlk","timeElapsed":106,"timestamp":"2025-12-13T03:37:02.075Z"}
{"level":"info","message":"⌛ Validating parciales/amongUs/nave.wlk","timeElapsed":120,"timestamp":"2025-12-13T03:37:02.281Z"}
{"level":"info","message":"⌛ Building environment","timeElapsed":115,"timestamp":"2025-12-13T03:37:02.478Z"}
{"level":"info","message":"⌛ Validating parciales/amongUs/nave.wlk","timeElapsed":119,"timestamp":"2025-12-13T03:37:02.602Z"}
{"level":"info","message":"⌛ Validating parciales/amongUs/nave.wlk","timeElapsed":122,"timestamp":"2025-12-13T03:37:02.845Z"}
{"level":"info","message":"⌛ Building environment","timeElapsed":108,"timestamp":"2025-12-13T03:37:03.382Z"}
{"level":"info","message":"⌛ Validating parciales/amongUs/nave.wlk","timeElapsed":114,"timestamp":"2025-12-13T03:37:03.497Z"}
{"level":"info","message":"⌛ Building environment","timeElapsed":105,"timestamp":"2025-12-13T03:37:03.601Z"}
{"level":"info","message":"⌛ Validating parciales/amongUs/nave.wlk","timeElapsed":111,"timestamp":"2025-12-13T03:37:03.712Z"}
{"level":"info","message":"⌛ Building environment","timeElapsed":130,"timestamp":"2025-12-13T03:37:04.781Z"}
{"level":"info","message":"⌛ Validating parciales/amongUs/nave.wlk","timeElapsed":121,"timestamp":"2025-12-13T03:37:04.910Z"}
{"level":"info","message":"⌛ Building environment","timeElapsed":103,"timestamp":"2025-12-13T03:37:05.203Z"}
{"level":"info","message":"⌛ Validating parciales/amongUs/nave.wlk","timeElapsed":140,"timestamp":"2025-12-13T03:37:05.344Z"}
{"level":"info","message":"⌛ Building environment","timeElapsed":102,"timestamp":"2025-12-13T03:37:06.738Z"}
{"level":"info","message":"⌛ Validating parciales/amongUs/nave.wlk","timeElapsed":166,"timestamp":"2025-12-13T03:37:06.935Z"}
{"level":"info","message":"⌛ Building environment","timeElapsed":208,"timestamp":"2025-12-13T03:37:07.531Z"}
{"level":"info","message":"⌛ Validating parciales/amongUs/nave.wlk","timeElapsed":112,"timestamp":"2025-12-13T03:37:07.651Z"}
{"level":"info","message":"⌛ Building environment","timeElapsed":105,"timestamp":"2025-12-13T03:37:07.975Z"}
{"level":"info","message":"⌛ Validating parciales/amongUs/nave.wlk","timeElapsed":115,"timestamp":"2025-12-13T03:37:08.091Z"}
{"level":"info","message":"⌛ Validating parciales/amongUs/nave.wlk","timeElapsed":120,"timestamp":"2025-12-13T03:37:08.291Z"}
{"level":"info","message":"⌛ Building environment","timeElapsed":114,"timestamp":"2025-12-13T03:37:08.760Z"}
{"level":"info","message":"⌛ Validating parciales/amongUs/nave.wlk","timeElapsed":138,"timestamp":"2025-12-13T03:37:08.899Z"}
{"level":"info","message":"⌛ Building environment","timeElapsed":128,"timestamp":"2025-12-13T03:37:09.209Z"}
{"level":"info","message":"⌛ Validating parciales/amongUs/nave.wlk","timeElapsed":115,"timestamp":"2025-12-13T03:37:09.325Z"}
{"level":"info","message":"⌛ Validating parciales/amongUs/nave.wlk","timeElapsed":114,"timestamp":"2025-12-13T03:37:09.891Z"}
{"level":"info","message":"⌛ Validating parciales/amongUs/nave.wlk","timeElapsed":106,"timestamp":"2025-12-13T03:37:10.076Z"}
{"level":"info","message":"⌛ Building environment","timeElapsed":117,"timestamp":"2025-12-13T03:37:10.427Z"}
{"level":"info","message":"⌛ Validating parciales/amongUs/nave.wlk","timeElapsed":116,"timestamp":"2025-12-13T03:37:10.544Z"}
{"level":"info","message":"⌛ Building environment","timeElapsed":110,"timestamp":"2025-12-13T03:37:11.046Z"}
{"level":"info","message":"⌛ Validating parciales/amongUs/nave.wlk","timeElapsed":114,"timestamp":"2025-12-13T03:37:11.161Z"}
{"level":"info","message":"⌛ Validating parciales/amongUs/nave.wlk","timeElapsed":113,"timestamp":"2025-12-13T03:37:11.352Z"}
{"level":"info","message":"⌛ Building environment","timeElapsed":121,"timestamp":"2025-12-13T03:37:11.535Z"}
{"level":"info","message":"⌛ Validating parciales/amongUs/nave.wlk","timeElapsed":148,"timestamp":"2025-12-13T03:37:11.688Z"}
{"level":"info","message":"⌛ Building environment","timeElapsed":120,"timestamp":"2025-12-13T03:37:12.324Z"}
{"level":"info","message":"⌛ Validating parciales/amongUs/nave.wlk","timeElapsed":119,"timestamp":"2025-12-13T03:37:12.452Z"}
{"level":"info","message":"⌛ Building environment","timeElapsed":202,"timestamp":"2025-12-13T03:37:12.742Z"}
{"level":"info","message":"⌛ Validating parciales/amongUs/nave.wlk","timeElapsed":115,"timestamp":"2025-12-13T03:37:12.864Z"}
{"level":"info","message":"⌛ Building environment","timeElapsed":116,"timestamp":"2025-12-13T03:37:13.821Z"}
{"level":"info","message":"⌛ Validating parciales/amongUs/nave.wlk","timeElapsed":111,"timestamp":"2025-12-13T03:37:13.934Z"}
{"level":"info","message":"⌛ Validating parciales/amongUs/nave.wlk","timeElapsed":110,"timestamp":"2025-12-13T03:37:14.439Z"}
{"level":"info","message":"⌛ Building environment","timeElapsed":105,"timestamp":"2025-12-13T03:37:14.818Z"}
{"level":"info","message":"⌛ Validating parciales/amongUs/nave.wlk","timeElapsed":119,"timestamp":"2025-12-13T03:37:14.938Z"}
{"level":"error","message":"✘ Completions for node Return (undefined - parciales/amongUs/nave.wlk) failed: Error: [Return]{6564fe} at parciales/amongUs/nave.wlk:-- exhausted all cases without a match [Return]{6564fe} at parciales/amongUs/nave.wlk:-- exhausted all cases without a match","stack":"Error: [Return]{6564fe} at parciales/amongUs/nave.wlk:-- exhausted all cases without a match\n    at c:\\Users\\egoytendia\\.vscode\\extensions\\uqbar.wollok-lsp-ide-0.5.3\\out\\server\\src\\server.js:38:6142\n    at D2 (c:\\Users\\egoytendia\\.vscode\\extensions\\uqbar.wollok-lsp-ide-0.5.3\\out\\server\\src\\server.js:2384:42)\n    at Qh (c:\\Users\\egoytendia\\.vscode\\extensions\\uqbar.wollok-lsp-ide-0.5.3\\out\\server\\src\\server.js:2384:1092)\n    at k6n (c:\\Users\\egoytendia\\.vscode\\extensions\\uqbar.wollok-lsp-ide-0.5.3\\out\\server\\src\\server.js:2384:1248)\n    at c:\\Users\\egoytendia\\.vscode\\extensions\\uqbar.wollok-lsp-ide-0.5.3\\out\\server\\src\\server.js:38:6131\n    at D2 (c:\\Users\\egoytendia\\.vscode\\extensions\\uqbar.wollok-lsp-ide-0.5.3\\out\\server\\src\\server.js:2384:42)\n    at c:\\Users\\egoytendia\\.vscode\\extensions\\uqbar.wollok-lsp-ide-0.5.3\\out\\server\\src\\server.js:2384:2988\n    at c:\\Users\\egoytendia\\.vscode\\extensions\\uqbar.wollok-lsp-ide-0.5.3\\out\\server\\src\\server.js:2393:8440\n    at c:\\Users\\egoytendia\\.vscode\\extensions\\uqbar.wollok-lsp-ide-0.5.3\\out\\server\\src\\server.js:37:74872\n    at Ye (c:\\Users\\egoytendia\\.vscode\\extensions\\uqbar.wollok-lsp-ide-0.5.3\\out\\server\\src\\server.js:7:8527)","timestamp":"2025-12-13T03:37:15.428Z"}
{"level":"info","message":"⌛ Validating parciales/amongUs/nave.wlk","timeElapsed":111,"timestamp":"2025-12-13T03:37:15.626Z"}
{"level":"info","message":"⌛ Building environment","timeElapsed":135,"timestamp":"2025-12-13T03:37:15.762Z"}
{"level":"info","message":"⌛ Validating parciales/amongUs/nave.wlk","timeElapsed":136,"timestamp":"2025-12-13T03:37:15.899Z"}
{"level":"info","message":"⌛ Validating parciales/amongUs/nave.wlk","timeElapsed":119,"timestamp":"2025-12-13T03:37:16.189Z"}
{"level":"info","message":"⌛ Building environment","timeElapsed":101,"timestamp":"2025-12-13T03:37:16.372Z"}
{"level":"info","message":"⌛ Validating parciales/amongUs/nave.wlk","timeElapsed":112,"timestamp":"2025-12-13T03:37:16.485Z"}
{"level":"info","message":"⌛ Validating parciales/amongUs/nave.wlk","timeElapsed":109,"timestamp":"2025-12-13T03:37:16.595Z"}
{"level":"info","message":"⌛ Validating parciales/amongUs/nave.wlk","timeElapsed":104,"timestamp":"2025-12-13T03:37:16.705Z"}
{"level":"info","message":"⌛ Validating parciales/amongUs/nave.wlk","timeElapsed":104,"timestamp":"2025-12-13T03:37:16.809Z"}
{"level":"info","message":"⌛ Validating parciales/amongUs/nave.wlk","timeElapsed":112,"timestamp":"2025-12-13T03:37:17.124Z"}
{"level":"info","message":"⌛ Validating parciales/amongUs/nave.wlk","timeElapsed":104,"timestamp":"2025-12-13T03:37:17.229Z"}
{"level":"info","message":"⌛ Building environment","timeElapsed":104,"timestamp":"2025-12-13T03:37:17.470Z"}
{"level":"info","message":"⌛ Validating parciales/amongUs/nave.wlk","timeElapsed":112,"timestamp":"2025-12-13T03:37:17.582Z"}
{"level":"info","message":"⌛ Building environment","timeElapsed":106,"timestamp":"2025-12-13T03:37:17.930Z"}
{"level":"info","message":"⌛ Validating parciales/amongUs/nave.wlk","timeElapsed":115,"timestamp":"2025-12-13T03:37:18.046Z"}
{"level":"info","message":"⌛ Building environment","timeElapsed":111,"timestamp":"2025-12-13T03:37:18.650Z"}
{"level":"error","message":"✘ Completions for node Return (undefined - parciales/amongUs/nave.wlk) failed: Error: [Return]{6a15be} at parciales/amongUs/nave.wlk:-- exhausted all cases without a match [Return]{6a15be} at parciales/amongUs/nave.wlk:-- exhausted all cases without a match","stack":"Error: [Return]{6a15be} at parciales/amongUs/nave.wlk:-- exhausted all cases without a match\n    at c:\\Users\\egoytendia\\.vscode\\extensions\\uqbar.wollok-lsp-ide-0.5.3\\out\\server\\src\\server.js:38:6142\n    at D2 (c:\\Users\\egoytendia\\.vscode\\extensions\\uqbar.wollok-lsp-ide-0.5.3\\out\\server\\src\\server.js:2384:42)\n    at Qh (c:\\Users\\egoytendia\\.vscode\\extensions\\uqbar.wollok-lsp-ide-0.5.3\\out\\server\\src\\server.js:2384:1092)\n    at k6n (c:\\Users\\egoytendia\\.vscode\\extensions\\uqbar.wollok-lsp-ide-0.5.3\\out\\server\\src\\server.js:2384:1248)\n    at c:\\Users\\egoytendia\\.vscode\\extensions\\uqbar.wollok-lsp-ide-0.5.3\\out\\server\\src\\server.js:38:6131\n    at D2 (c:\\Users\\egoytendia\\.vscode\\extensions\\uqbar.wollok-lsp-ide-0.5.3\\out\\server\\src\\server.js:2384:42)\n    at c:\\Users\\egoytendia\\.vscode\\extensions\\uqbar.wollok-lsp-ide-0.5.3\\out\\server\\src\\server.js:2384:2988\n    at c:\\Users\\egoytendia\\.vscode\\extensions\\uqbar.wollok-lsp-ide-0.5.3\\out\\server\\src\\server.js:2393:8440\n    at c:\\Users\\egoytendia\\.vscode\\extensions\\uqbar.wollok-lsp-ide-0.5.3\\out\\server\\src\\server.js:37:74872\n    at Ye (c:\\Users\\egoytendia\\.vscode\\extensions\\uqbar.wollok-lsp-ide-0.5.3\\out\\server\\src\\server.js:7:8527)","timestamp":"2025-12-13T03:37:18.686Z"}
{"level":"info","message":"⌛ Validating parciales/amongUs/nave.wlk","timeElapsed":122,"timestamp":"2025-12-13T03:37:18.819Z"}
{"level":"info","message":"⌛ Building environment","timeElapsed":139,"timestamp":"2025-12-13T03:37:18.958Z"}
{"level":"info","message":"⌛ Validating parciales/amongUs/nave.wlk","timeElapsed":115,"timestamp":"2025-12-13T03:37:19.078Z"}
{"level":"info","message":"⌛ Building environment","timeElapsed":129,"timestamp":"2025-12-13T03:37:19.630Z"}
{"level":"info","message":"⌛ Validating parciales/amongUs/nave.wlk","timeElapsed":115,"timestamp":"2025-12-13T03:37:19.746Z"}
{"level":"info","message":"⌛ Validating parciales/amongUs/nave.wlk","timeElapsed":119,"timestamp":"2025-12-13T03:37:19.974Z"}
{"level":"info","message":"⌛ Building environment","timeElapsed":147,"timestamp":"2025-12-13T03:37:28.425Z"}
{"level":"info","message":"⌛ Validating parciales/amongUs/nave.wlk","timeElapsed":125,"timestamp":"2025-12-13T03:37:28.551Z"}
{"level":"info","message":"⌛ Validating parciales/amongUs/nave.wlk","timeElapsed":120,"timestamp":"2025-12-13T03:37:28.768Z"}
{"level":"info","message":"⌛ Building environment","timeElapsed":107,"timestamp":"2025-12-13T03:37:28.876Z"}
{"level":"info","message":"⌛ Validating parciales/amongUs/nave.wlk","timeElapsed":127,"timestamp":"2025-12-13T03:37:29.090Z"}
{"level":"info","message":"⌛ Validating parciales/amongUs/nave.wlk","timeElapsed":105,"timestamp":"2025-12-13T03:37:29.196Z"}
{"level":"info","message":"⌛ Building environment","timeElapsed":122,"timestamp":"2025-12-13T03:37:30.238Z"}
{"level":"info","message":"⌛ Validating parciales/amongUs/nave.wlk","timeElapsed":117,"timestamp":"2025-12-13T03:37:30.450Z"}
{"level":"info","message":"⌛ Validating parciales/amongUs/nave.wlk","timeElapsed":105,"timestamp":"2025-12-13T03:37:30.555Z"}
{"level":"info","message":"⌛ Validating parciales/amongUs/nave.wlk","timeElapsed":109,"timestamp":"2025-12-13T03:37:31.172Z"}
{"level":"info","message":"⌛ Building environment","timeElapsed":111,"timestamp":"2025-12-13T03:37:33.450Z"}
{"level":"error","message":"✘ Completions for node Return (undefined - parciales/amongUs/nave.wlk) failed: Error: [Return]{5249dc} at parciales/amongUs/nave.wlk:-- exhausted all cases without a match [Return]{5249dc} at parciales/amongUs/nave.wlk:-- exhausted all cases without a match","stack":"Error: [Return]{5249dc} at parciales/amongUs/nave.wlk:-- exhausted all cases without a match\n    at c:\\Users\\egoytendia\\.vscode\\extensions\\uqbar.wollok-lsp-ide-0.5.3\\out\\server\\src\\server.js:38:6142\n    at D2 (c:\\Users\\egoytendia\\.vscode\\extensions\\uqbar.wollok-lsp-ide-0.5.3\\out\\server\\src\\server.js:2384:42)\n    at Qh (c:\\Users\\egoytendia\\.vscode\\extensions\\uqbar.wollok-lsp-ide-0.5.3\\out\\server\\src\\server.js:2384:1092)\n    at k6n (c:\\Users\\egoytendia\\.vscode\\extensions\\uqbar.wollok-lsp-ide-0.5.3\\out\\server\\src\\server.js:2384:1248)\n    at c:\\Users\\egoytendia\\.vscode\\extensions\\uqbar.wollok-lsp-ide-0.5.3\\out\\server\\src\\server.js:38:6131\n    at D2 (c:\\Users\\egoytendia\\.vscode\\extensions\\uqbar.wollok-lsp-ide-0.5.3\\out\\server\\src\\server.js:2384:42)\n    at c:\\Users\\egoytendia\\.vscode\\extensions\\uqbar.wollok-lsp-ide-0.5.3\\out\\server\\src\\server.js:2384:2988\n    at c:\\Users\\egoytendia\\.vscode\\extensions\\uqbar.wollok-lsp-ide-0.5.3\\out\\server\\src\\server.js:2393:8440\n    at c:\\Users\\egoytendia\\.vscode\\extensions\\uqbar.wollok-lsp-ide-0.5.3\\out\\server\\src\\server.js:37:74872\n    at Ye (c:\\Users\\egoytendia\\.vscode\\extensions\\uqbar.wollok-lsp-ide-0.5.3\\out\\server\\src\\server.js:7:8527)","timestamp":"2025-12-13T03:37:33.493Z"}
{"level":"info","message":"⌛ Validating parciales/amongUs/nave.wlk","timeElapsed":126,"timestamp":"2025-12-13T03:37:33.624Z"}
{"level":"error","message":"✘ Completions for node Return (undefined - parciales/amongUs/nave.wlk) failed: Error: [Return]{8c67ae} at parciales/amongUs/nave.wlk:-- exhausted all cases without a match [Return]{8c67ae} at parciales/amongUs/nave.wlk:-- exhausted all cases without a match","stack":"Error: [Return]{8c67ae} at parciales/amongUs/nave.wlk:-- exhausted all cases without a match\n    at c:\\Users\\egoytendia\\.vscode\\extensions\\uqbar.wollok-lsp-ide-0.5.3\\out\\server\\src\\server.js:38:6142\n    at D2 (c:\\Users\\egoytendia\\.vscode\\extensions\\uqbar.wollok-lsp-ide-0.5.3\\out\\server\\src\\server.js:2384:42)\n    at Qh (c:\\Users\\egoytendia\\.vscode\\extensions\\uqbar.wollok-lsp-ide-0.5.3\\out\\server\\src\\server.js:2384:1092)\n    at k6n (c:\\Users\\egoytendia\\.vscode\\extensions\\uqbar.wollok-lsp-ide-0.5.3\\out\\server\\src\\server.js:2384:1248)\n    at c:\\Users\\egoytendia\\.vscode\\extensions\\uqbar.wollok-lsp-ide-0.5.3\\out\\server\\src\\server.js:38:6131\n    at D2 (c:\\Users\\egoytendia\\.vscode\\extensions\\uqbar.wollok-lsp-ide-0.5.3\\out\\server\\src\\server.js:2384:42)\n    at c:\\Users\\egoytendia\\.vscode\\extensions\\uqbar.wollok-lsp-ide-0.5.3\\out\\server\\src\\server.js:2384:2988\n    at c:\\Users\\egoytendia\\.vscode\\extensions\\uqbar.wollok-lsp-ide-0.5.3\\out\\server\\src\\server.js:2393:8440\n    at c:\\Users\\egoytendia\\.vscode\\extensions\\uqbar.wollok-lsp-ide-0.5.3\\out\\server\\src\\server.js:37:74872\n    at Ye (c:\\Users\\egoytendia\\.vscode\\extensions\\uqbar.wollok-lsp-ide-0.5.3\\out\\server\\src\\server.js:7:8527)","timestamp":"2025-12-13T03:37:33.753Z"}
{"level":"info","message":"⌛ Validating parciales/amongUs/nave.wlk","timeElapsed":122,"timestamp":"2025-12-13T03:37:33.961Z"}
{"level":"error","message":"✘ Completions for node Return (undefined - parciales/amongUs/nave.wlk) failed: Error: [Return]{de6cd6} at parciales/amongUs/nave.wlk:-- exhausted all cases without a match [Return]{de6cd6} at parciales/amongUs/nave.wlk:-- exhausted all cases without a match","stack":"Error: [Return]{de6cd6} at parciales/amongUs/nave.wlk:-- exhausted all cases without a match\n    at c:\\Users\\egoytendia\\.vscode\\extensions\\uqbar.wollok-lsp-ide-0.5.3\\out\\server\\src\\server.js:38:6142\n    at D2 (c:\\Users\\egoytendia\\.vscode\\extensions\\uqbar.wollok-lsp-ide-0.5.3\\out\\server\\src\\server.js:2384:42)\n    at Qh (c:\\Users\\egoytendia\\.vscode\\extensions\\uqbar.wollok-lsp-ide-0.5.3\\out\\server\\src\\server.js:2384:1092)\n    at k6n (c:\\Users\\egoytendia\\.vscode\\extensions\\uqbar.wollok-lsp-ide-0.5.3\\out\\server\\src\\server.js:2384:1248)\n    at c:\\Users\\egoytendia\\.vscode\\extensions\\uqbar.wollok-lsp-ide-0.5.3\\out\\server\\src\\server.js:38:6131\n    at D2 (c:\\Users\\egoytendia\\.vscode\\extensions\\uqbar.wollok-lsp-ide-0.5.3\\out\\server\\src\\server.js:2384:42)\n    at c:\\Users\\egoytendia\\.vscode\\extensions\\uqbar.wollok-lsp-ide-0.5.3\\out\\server\\src\\server.js:2384:2988\n    at c:\\Users\\egoytendia\\.vscode\\extensions\\uqbar.wollok-lsp-ide-0.5.3\\out\\server\\src\\server.js:2393:8440\n    at c:\\Users\\egoytendia\\.vscode\\extensions\\uqbar.wollok-lsp-ide-0.5.3\\out\\server\\src\\server.js:37:74872\n    at Ye (c:\\Users\\egoytendia\\.vscode\\extensions\\uqbar.wollok-lsp-ide-0.5.3\\out\\server\\src\\server.js:7:8527)","timestamp":"2025-12-13T03:37:34.078Z"}
{"level":"info","message":"⌛ Validating parciales/amongUs/nave.wlk","timeElapsed":116,"timestamp":"2025-12-13T03:37:34.198Z"}
{"level":"info","message":"⌛ Validating parciales/amongUs/nave.wlk","timeElapsed":114,"timestamp":"2025-12-13T03:37:34.474Z"}
{"level":"error","message":"✘ Completions for node Return (undefined - parciales/amongUs/nave.wlk) failed: Error: [Return]{4e7eb8} at parciales/amongUs/nave.wlk:-- exhausted all cases without a match [Return]{4e7eb8} at parciales/amongUs/nave.wlk:-- exhausted all cases without a match","stack":"Error: [Return]{4e7eb8} at parciales/amongUs/nave.wlk:-- exhausted all cases without a match\n    at c:\\Users\\egoytendia\\.vscode\\extensions\\uqbar.wollok-lsp-ide-0.5.3\\out\\server\\src\\server.js:38:6142\n    at D2 (c:\\Users\\egoytendia\\.vscode\\extensions\\uqbar.wollok-lsp-ide-0.5.3\\out\\server\\src\\server.js:2384:42)\n    at Qh (c:\\Users\\egoytendia\\.vscode\\extensions\\uqbar.wollok-lsp-ide-0.5.3\\out\\server\\src\\server.js:2384:1092)\n    at k6n (c:\\Users\\egoytendia\\.vscode\\extensions\\uqbar.wollok-lsp-ide-0.5.3\\out\\server\\src\\server.js:2384:1248)\n    at c:\\Users\\egoytendia\\.vscode\\extensions\\uqbar.wollok-lsp-ide-0.5.3\\out\\server\\src\\server.js:38:6131\n    at D2 (c:\\Users\\egoytendia\\.vscode\\extensions\\uqbar.wollok-lsp-ide-0.5.3\\out\\server\\src\\server.js:2384:42)\n    at c:\\Users\\egoytendia\\.vscode\\extensions\\uqbar.wollok-lsp-ide-0.5.3\\out\\server\\src\\server.js:2384:2988\n    at c:\\Users\\egoytendia\\.vscode\\extensions\\uqbar.wollok-lsp-ide-0.5.3\\out\\server\\src\\server.js:2393:8440\n    at c:\\Users\\egoytendia\\.vscode\\extensions\\uqbar.wollok-lsp-ide-0.5.3\\out\\server\\src\\server.js:37:74872\n    at Ye (c:\\Users\\egoytendia\\.vscode\\extensions\\uqbar.wollok-lsp-ide-0.5.3\\out\\server\\src\\server.js:7:8527)","timestamp":"2025-12-13T03:37:34.585Z"}
{"level":"info","message":"⌛ Validating parciales/amongUs/nave.wlk","timeElapsed":110,"timestamp":"2025-12-13T03:37:34.699Z"}
{"level":"info","message":"⌛ Validating parciales/amongUs/nave.wlk","timeElapsed":110,"timestamp":"2025-12-13T03:37:34.886Z"}
{"level":"info","message":"⌛ Validating parciales/amongUs/nave.wlk","timeElapsed":102,"timestamp":"2025-12-13T03:37:34.993Z"}
{"level":"info","message":"⌛ Building environment","timeElapsed":144,"timestamp":"2025-12-13T03:37:39.300Z"}
{"level":"info","message":"⌛ Building environment","timeElapsed":128,"timestamp":"2025-12-13T03:37:39.453Z"}
{"level":"info","message":"⌛ Validating parciales/amongUs/jugadores.wlk","timeElapsed":169,"timestamp":"2025-12-13T03:37:39.622Z"}
{"level":"info","message":"⌛ Validating parciales/amongUs/jugadores.wlk","timeElapsed":118,"timestamp":"2025-12-13T03:37:39.826Z"}
{"level":"info","message":"⌛ Validating parciales/amongUs/jugadores.wlk","timeElapsed":114,"timestamp":"2025-12-13T03:37:40.109Z"}
{"level":"info","message":"⌛ Validating parciales/amongUs/jugadores.wlk","timeElapsed":111,"timestamp":"2025-12-13T03:37:40.226Z"}
{"level":"info","message":"⌛ Validating parciales/amongUs/jugadores.wlk","timeElapsed":110,"timestamp":"2025-12-13T03:37:40.336Z"}
{"level":"info","message":"⌛ Building environment","timeElapsed":115,"timestamp":"2025-12-13T03:37:40.581Z"}
{"level":"info","message":"⌛ Validating parciales/amongUs/jugadores.wlk","timeElapsed":116,"timestamp":"2025-12-13T03:37:40.698Z"}
{"level":"info","message":"⌛ Building environment","timeElapsed":120,"timestamp":"2025-12-13T03:37:42.153Z"}
{"level":"info","message":"⌛ Validating parciales/amongUs/jugadores.wlk","timeElapsed":113,"timestamp":"2025-12-13T03:37:42.272Z"}
{"level":"info","message":"⌛ Building environment","timeElapsed":115,"timestamp":"2025-12-13T03:37:43.968Z"}
{"level":"info","message":"⌛ Validating parciales/amongUs/jugadores.wlk","timeElapsed":117,"timestamp":"2025-12-13T03:37:44.085Z"}
{"level":"info","message":"⌛ Building environment","timeElapsed":189,"timestamp":"2025-12-13T03:37:46.758Z"}
{"level":"info","message":"⌛ Validating parciales/amongUs/jugadores.wlk","timeElapsed":127,"timestamp":"2025-12-13T03:37:46.885Z"}
{"level":"info","message":"⌛ Building environment","timeElapsed":106,"timestamp":"2025-12-13T03:37:47.034Z"}
{"level":"info","message":"⌛ Validating parciales/amongUs/jugadores.wlk","timeElapsed":126,"timestamp":"2025-12-13T03:37:47.161Z"}
{"level":"info","message":"⌛ Building environment","timeElapsed":117,"timestamp":"2025-12-13T03:37:50.185Z"}
{"level":"info","message":"⌛ Validating parciales/amongUs/jugadores.wlk","timeElapsed":121,"timestamp":"2025-12-13T03:37:50.313Z"}
{"level":"info","message":"⌛ Building environment","timeElapsed":102,"timestamp":"2025-12-13T03:37:50.416Z"}
{"level":"info","message":"⌛ Validating parciales/amongUs/jugadores.wlk","timeElapsed":122,"timestamp":"2025-12-13T03:37:50.627Z"}
{"level":"info","message":"⌛ Building environment","timeElapsed":124,"timestamp":"2025-12-13T03:37:51.844Z"}
{"level":"info","message":"⌛ Validating parciales/amongUs/jugadores.wlk","timeElapsed":122,"timestamp":"2025-12-13T03:37:51.967Z"}
{"level":"info","message":"⌛ Building environment","timeElapsed":111,"timestamp":"2025-12-13T03:37:53.361Z"}
{"level":"info","message":"⌛ Validating parciales/amongUs/jugadores.wlk","timeElapsed":119,"timestamp":"2025-12-13T03:37:53.486Z"}
{"level":"info","message":"⌛ Building environment","timeElapsed":130,"timestamp":"2025-12-13T03:39:03.941Z"}
{"level":"info","message":"⌛ Validating parciales/amongUs/nave.wlk","timeElapsed":118,"timestamp":"2025-12-13T03:39:04.060Z"}
{"level":"info","message":"⌛ Building environment","timeElapsed":110,"timestamp":"2025-12-13T03:39:11.996Z"}
{"level":"info","message":"⌛ Validating parciales/amongUs/nave.wlk","timeElapsed":119,"timestamp":"2025-12-13T03:39:12.154Z"}
{"level":"info","message":"⌛ Validating parciales/amongUs/nave.wlk","timeElapsed":111,"timestamp":"2025-12-13T03:39:12.375Z"}
{"level":"info","message":"⌛ Building environment","timeElapsed":101,"timestamp":"2025-12-13T03:39:12.619Z"}
{"level":"info","message":"⌛ Validating parciales/amongUs/nave.wlk","timeElapsed":113,"timestamp":"2025-12-13T03:39:12.766Z"}
{"level":"info","message":"⌛ Building environment","timeElapsed":116,"timestamp":"2025-12-13T03:39:12.912Z"}
{"level":"info","message":"⌛ Validating parciales/amongUs/nave.wlk","timeElapsed":107,"timestamp":"2025-12-13T03:39:13.048Z"}
{"level":"info","message":"⌛ Validating parciales/amongUs/nave.wlk","timeElapsed":113,"timestamp":"2025-12-13T03:39:13.285Z"}
{"level":"info","message":"⌛ Validating parciales/amongUs/nave.wlk","timeElapsed":118,"timestamp":"2025-12-13T03:39:13.619Z"}
{"level":"info","message":"⌛ Building environment","timeElapsed":148,"timestamp":"2025-12-13T03:39:13.767Z"}
{"level":"info","message":"⌛ Validating parciales/amongUs/nave.wlk","timeElapsed":120,"timestamp":"2025-12-13T03:39:13.916Z"}
{"level":"info","message":"⌛ Validating parciales/amongUs/nave.wlk","timeElapsed":114,"timestamp":"2025-12-13T03:39:14.201Z"}
{"level":"info","message":"⌛ Validating parciales/amongUs/nave.wlk","timeElapsed":109,"timestamp":"2025-12-13T03:39:14.315Z"}
{"level":"info","message":"⌛ Validating parciales/amongUs/nave.wlk","timeElapsed":108,"timestamp":"2025-12-13T03:39:14.424Z"}
{"level":"info","message":"⌛ Validating parciales/amongUs/nave.wlk","timeElapsed":106,"timestamp":"2025-12-13T03:39:14.642Z"}
{"level":"info","message":"⌛ Building environment","timeElapsed":150,"timestamp":"2025-12-13T03:40:54.535Z"}
{"level":"info","message":"⌛ Building environment","timeElapsed":118,"timestamp":"2025-12-13T03:40:54.654Z"}
{"level":"info","message":"⌛ Validating parciales/amongUs/nave.wlk","timeElapsed":129,"timestamp":"2025-12-13T03:40:54.783Z"}
{"level":"info","message":"⌛ Validating parciales/amongUs/nave.wlk","timeElapsed":178,"timestamp":"2025-12-13T03:40:54.962Z"}
{"level":"info","message":"⌛ Building environment","timeElapsed":105,"timestamp":"2025-12-13T03:40:55.254Z"}
{"level":"info","message":"⌛ Validating parciales/amongUs/nave.wlk","timeElapsed":133,"timestamp":"2025-12-13T03:40:55.387Z"}
{"level":"info","message":"⌛ Validating parciales/amongUs/nave.wlk","timeElapsed":119,"timestamp":"2025-12-13T03:40:55.507Z"}
{"level":"info","message":"⌛ Validating parciales/amongUs/nave.wlk","timeElapsed":118,"timestamp":"2025-12-13T03:40:55.626Z"}
{"level":"error","message":"✘ Completions for node Send ([15:5, 15:57] - parciales/amongUs/nave.wlk) failed: Error: [Send]{87b711} at parciales/amongUs/nave.wlk:15 exhausted all cases without a match [Send]{87b711} at parciales/amongUs/nave.wlk:15 exhausted all cases without a match","stack":"Error: [Send]{87b711} at parciales/amongUs/nave.wlk:15 exhausted all cases without a match\n    at c:\\Users\\egoytendia\\.vscode\\extensions\\uqbar.wollok-lsp-ide-0.5.3\\out\\server\\src\\server.js:38:6142\n    at D2 (c:\\Users\\egoytendia\\.vscode\\extensions\\uqbar.wollok-lsp-ide-0.5.3\\out\\server\\src\\server.js:2384:42)\n    at c:\\Users\\egoytendia\\.vscode\\extensions\\uqbar.wollok-lsp-ide-0.5.3\\out\\server\\src\\server.js:2384:2988\n    at c:\\Users\\egoytendia\\.vscode\\extensions\\uqbar.wollok-lsp-ide-0.5.3\\out\\server\\src\\server.js:2393:8440\n    at c:\\Users\\egoytendia\\.vscode\\extensions\\uqbar.wollok-lsp-ide-0.5.3\\out\\server\\src\\server.js:37:74872\n    at Ye (c:\\Users\\egoytendia\\.vscode\\extensions\\uqbar.wollok-lsp-ide-0.5.3\\out\\server\\src\\server.js:7:8527)\n    at qt (c:\\Users\\egoytendia\\.vscode\\extensions\\uqbar.wollok-lsp-ide-0.5.3\\out\\server\\src\\server.js:7:6189)\n    at ot (c:\\Users\\egoytendia\\.vscode\\extensions\\uqbar.wollok-lsp-ide-0.5.3\\out\\server\\src\\server.js:7:6378)\n    at Immediate._onImmediate (c:\\Users\\egoytendia\\.vscode\\extensions\\uqbar.wollok-lsp-ide-0.5.3\\out\\server\\src\\server.js:7:6142)\n    at process.processImmediate (node:internal/timers:485:21)","timestamp":"2025-12-13T03:40:55.740Z"}
{"level":"info","message":"⌛ Building environment","timeElapsed":120,"timestamp":"2025-12-13T03:40:55.950Z"}
{"level":"info","message":"⌛ Validating parciales/amongUs/nave.wlk","timeElapsed":121,"timestamp":"2025-12-13T03:40:56.071Z"}
{"level":"info","message":"⌛ Validating parciales/amongUs/nave.wlk","timeElapsed":113,"timestamp":"2025-12-13T03:40:56.185Z"}
{"level":"info","message":"⌛ Validating parciales/amongUs/nave.wlk","timeElapsed":116,"timestamp":"2025-12-13T03:40:56.301Z"}
{"level":"error","message":"✘ Completions for node Send ([15:5, 15:60] - parciales/amongUs/nave.wlk) failed: Error: [Send]{0db89c} at parciales/amongUs/nave.wlk:15 exhausted all cases without a match [Send]{0db89c} at parciales/amongUs/nave.wlk:15 exhausted all cases without a match","stack":"Error: [Send]{0db89c} at parciales/amongUs/nave.wlk:15 exhausted all cases without a match\n    at c:\\Users\\egoytendia\\.vscode\\extensions\\uqbar.wollok-lsp-ide-0.5.3\\out\\server\\src\\server.js:38:6142\n    at D2 (c:\\Users\\egoytendia\\.vscode\\extensions\\uqbar.wollok-lsp-ide-0.5.3\\out\\server\\src\\server.js:2384:42)\n    at c:\\Users\\egoytendia\\.vscode\\extensions\\uqbar.wollok-lsp-ide-0.5.3\\out\\server\\src\\server.js:2384:2988\n    at c:\\Users\\egoytendia\\.vscode\\extensions\\uqbar.wollok-lsp-ide-0.5.3\\out\\server\\src\\server.js:2393:8440\n    at c:\\Users\\egoytendia\\.vscode\\extensions\\uqbar.wollok-lsp-ide-0.5.3\\out\\server\\src\\server.js:37:74872\n    at Ye (c:\\Users\\egoytendia\\.vscode\\extensions\\uqbar.wollok-lsp-ide-0.5.3\\out\\server\\src\\server.js:7:8527)\n    at qt (c:\\Users\\egoytendia\\.vscode\\extensions\\uqbar.wollok-lsp-ide-0.5.3\\out\\server\\src\\server.js:7:6189)\n    at ot (c:\\Users\\egoytendia\\.vscode\\extensions\\uqbar.wollok-lsp-ide-0.5.3\\out\\server\\src\\server.js:7:6378)\n    at Immediate._onImmediate (c:\\Users\\egoytendia\\.vscode\\extensions\\uqbar.wollok-lsp-ide-0.5.3\\out\\server\\src\\server.js:7:6142)\n    at process.processImmediate (node:internal/timers:485:21)","timestamp":"2025-12-13T03:40:56.419Z"}
{"level":"info","message":"⌛ Validating parciales/amongUs/nave.wlk","timeElapsed":126,"timestamp":"2025-12-13T03:40:56.550Z"}
{"level":"error","message":"✘ Completions for node Send ([15:5, 15:61] - parciales/amongUs/nave.wlk) failed: Error: [Send]{d6a964} at parciales/amongUs/nave.wlk:15 exhausted all cases without a match [Send]{d6a964} at parciales/amongUs/nave.wlk:15 exhausted all cases without a match","stack":"Error: [Send]{d6a964} at parciales/amongUs/nave.wlk:15 exhausted all cases without a match\n    at c:\\Users\\egoytendia\\.vscode\\extensions\\uqbar.wollok-lsp-ide-0.5.3\\out\\server\\src\\server.js:38:6142\n    at D2 (c:\\Users\\egoytendia\\.vscode\\extensions\\uqbar.wollok-lsp-ide-0.5.3\\out\\server\\src\\server.js:2384:42)\n    at c:\\Users\\egoytendia\\.vscode\\extensions\\uqbar.wollok-lsp-ide-0.5.3\\out\\server\\src\\server.js:2384:2988\n    at c:\\Users\\egoytendia\\.vscode\\extensions\\uqbar.wollok-lsp-ide-0.5.3\\out\\server\\src\\server.js:2393:8440\n    at c:\\Users\\egoytendia\\.vscode\\extensions\\uqbar.wollok-lsp-ide-0.5.3\\out\\server\\src\\server.js:37:74872\n    at Ye (c:\\Users\\egoytendia\\.vscode\\extensions\\uqbar.wollok-lsp-ide-0.5.3\\out\\server\\src\\server.js:7:8527)\n    at qt (c:\\Users\\egoytendia\\.vscode\\extensions\\uqbar.wollok-lsp-ide-0.5.3\\out\\server\\src\\server.js:7:6189)\n    at ot (c:\\Users\\egoytendia\\.vscode\\extensions\\uqbar.wollok-lsp-ide-0.5.3\\out\\server\\src\\server.js:7:6378)\n    at Immediate._onImmediate (c:\\Users\\egoytendia\\.vscode\\extensions\\uqbar.wollok-lsp-ide-0.5.3\\out\\server\\src\\server.js:7:6142)\n    at process.processImmediate (node:internal/timers:485:21)","timestamp":"2025-12-13T03:40:56.690Z"}
{"level":"info","message":"⌛ Validating parciales/amongUs/nave.wlk","timeElapsed":116,"timestamp":"2025-12-13T03:40:56.906Z"}
{"level":"info","message":"⌛ Validating parciales/amongUs/nave.wlk","timeElapsed":109,"timestamp":"2025-12-13T03:40:57.021Z"}
{"level":"info","message":"⌛ Validating parciales/amongUs/nave.wlk","timeElapsed":144,"timestamp":"2025-12-13T03:41:24.302Z"}
{"level":"info","message":"⌛ Building environment","timeElapsed":103,"timestamp":"2025-12-13T03:41:24.501Z"}
{"level":"info","message":"⌛ Validating parciales/amongUs/nave.wlk","timeElapsed":139,"timestamp":"2025-12-13T03:41:24.644Z"}
{"level":"info","message":"⌛ Building environment","timeElapsed":142,"timestamp":"2025-12-13T03:42:17.537Z"}
{"level":"info","message":"⌛ Validating parciales/amongUs/jugadores.wlk","timeElapsed":113,"timestamp":"2025-12-13T03:42:17.746Z"}
{"level":"info","message":"⌛ Validating parciales/amongUs/jugadores.wlk","timeElapsed":134,"timestamp":"2025-12-13T03:42:17.881Z"}
{"level":"info","message":"⌛ Building environment","timeElapsed":115,"timestamp":"2025-12-13T03:42:42.575Z"}
{"level":"info","message":"⌛ Validating parciales/amongUs/jugadores.wlk","timeElapsed":124,"timestamp":"2025-12-13T03:42:42.721Z"}
{"level":"info","message":"⌛ Building environment","timeElapsed":118,"timestamp":"2025-12-13T03:42:42.917Z"}
{"level":"info","message":"⌛ Validating parciales/amongUs/jugadores.wlk","timeElapsed":123,"timestamp":"2025-12-13T03:42:43.048Z"}
{"level":"info","message":"⌛ Building environment","timeElapsed":116,"timestamp":"2025-12-13T03:42:43.264Z"}
{"level":"info","message":"⌛ Validating parciales/amongUs/jugadores.wlk","timeElapsed":139,"timestamp":"2025-12-13T03:42:43.409Z"}
{"level":"info","message":"⌛ Building environment","timeElapsed":117,"timestamp":"2025-12-13T03:42:43.758Z"}
{"level":"info","message":"⌛ Validating parciales/amongUs/jugadores.wlk","timeElapsed":114,"timestamp":"2025-12-13T03:42:43.873Z"}
{"level":"info","message":"⌛ Building environment","timeElapsed":140,"timestamp":"2025-12-13T03:46:02.858Z"}
{"level":"info","message":"⌛ Validating parciales/amongUs/nave.wlk","timeElapsed":147,"timestamp":"2025-12-13T03:46:03.006Z"}
{"level":"info","message":"⌛ Building environment","timeElapsed":136,"timestamp":"2025-12-13T03:46:10.898Z"}
{"level":"info","message":"⌛ Validating parciales/amongUs/jugadores.wlk","timeElapsed":136,"timestamp":"2025-12-13T03:46:11.035Z"}
{"level":"info","message":"⌛ Validating parciales/amongUs/jugadores.wlk","timeElapsed":127,"timestamp":"2025-12-13T03:46:11.350Z"}
{"level":"info","message":"⌛ Validating parciales/amongUs/jugadores.wlk","timeElapsed":109,"timestamp":"2025-12-13T03:46:11.459Z"}
{"level":"info","message":"⌛ Building environment","timeElapsed":108,"timestamp":"2025-12-13T03:46:11.633Z"}
{"level":"info","message":"⌛ Validating parciales/amongUs/jugadores.wlk","timeElapsed":121,"timestamp":"2025-12-13T03:46:11.755Z"}
{"level":"info","message":"⌛ Building environment","timeElapsed":154,"timestamp":"2025-12-13T03:46:19.044Z"}
{"level":"info","message":"⌛ Validating parciales/amongUs/jugadores.wlk","timeElapsed":124,"timestamp":"2025-12-13T03:46:19.168Z"}
{"level":"info","message":"⌛ Validating parciales/amongUs/jugadores.wlk","timeElapsed":123,"timestamp":"2025-12-13T03:46:19.377Z"}
{"level":"info","message":"⌛ Validating parciales/amongUs/jugadores.wlk","timeElapsed":147,"timestamp":"2025-12-13T03:46:19.606Z"}
{"level":"info","message":"⌛ Building environment","timeElapsed":117,"timestamp":"2025-12-13T03:46:25.489Z"}
{"level":"info","message":"⌛ Validating parciales/amongUs/nave.wlk","timeElapsed":116,"timestamp":"2025-12-13T03:46:25.612Z"}
{"level":"info","message":"⌛ Validating parciales/amongUs/nave.wlk","timeElapsed":135,"timestamp":"2025-12-13T03:46:25.837Z"}
{"level":"info","message":"⌛ Building environment","timeElapsed":143,"timestamp":"2025-12-13T03:46:26.109Z"}
{"level":"info","message":"⌛ Validating parciales/amongUs/nave.wlk","timeElapsed":117,"timestamp":"2025-12-13T03:46:26.233Z"}
{"level":"info","message":"⌛ Building environment","timeElapsed":116,"timestamp":"2025-12-13T03:46:26.746Z"}
{"level":"info","message":"⌛ Validating parciales/amongUs/nave.wlk","timeElapsed":116,"timestamp":"2025-12-13T03:46:26.863Z"}
{"level":"info","message":"⌛ Building environment","timeElapsed":109,"timestamp":"2025-12-13T03:46:28.446Z"}
{"level":"info","message":"⌛ Validating parciales/amongUs/jugadores.wlk","timeElapsed":137,"timestamp":"2025-12-13T03:46:28.583Z"}
{"level":"info","message":"⌛ Building environment","timeElapsed":106,"timestamp":"2025-12-13T03:48:49.883Z"}
{"level":"info","message":"⌛ Validating parciales/amongUs/nave.wlk","timeElapsed":125,"timestamp":"2025-12-13T03:48:50.199Z"}
{"level":"info","message":"⌛ Validating parciales/amongUs/nave.wlk","timeElapsed":117,"timestamp":"2025-12-13T03:48:50.324Z"}
{"level":"info","message":"⌛ Validating parciales/amongUs/nave.wlk","timeElapsed":126,"timestamp":"2025-12-13T03:48:51.176Z"}
{"level":"info","message":"⌛ Validating parciales/amongUs/nave.wlk","timeElapsed":129,"timestamp":"2025-12-13T03:48:51.390Z"}
{"level":"info","message":"⌛ Building environment","timeElapsed":102,"timestamp":"2025-12-13T03:48:52.679Z"}
{"level":"info","message":"⌛ Validating parciales/amongUs/nave.wlk","timeElapsed":145,"timestamp":"2025-12-13T03:48:52.868Z"}
{"level":"info","message":"⌛ Building environment","timeElapsed":117,"timestamp":"2025-12-13T03:48:52.986Z"}
{"level":"info","message":"⌛ Building environment","timeElapsed":106,"timestamp":"2025-12-13T03:48:53.093Z"}
{"level":"info","message":"⌛ Validating parciales/amongUs/nave.wlk","timeElapsed":133,"timestamp":"2025-12-13T03:48:53.324Z"}
{"level":"info","message":"⌛ Validating parciales/amongUs/nave.wlk","timeElapsed":121,"timestamp":"2025-12-13T03:48:53.474Z"}
{"level":"info","message":"⌛ Building environment","timeElapsed":108,"timestamp":"2025-12-13T03:48:53.584Z"}
{"level":"info","message":"⌛ Validating parciales/amongUs/nave.wlk","timeElapsed":126,"timestamp":"2025-12-13T03:48:53.715Z"}
{"level":"info","message":"⌛ Validating parciales/amongUs/nave.wlk","timeElapsed":116,"timestamp":"2025-12-13T03:48:53.832Z"}
{"level":"info","message":"⌛ Validating parciales/amongUs/nave.wlk","timeElapsed":122,"timestamp":"2025-12-13T03:48:54.037Z"}
{"level":"info","message":"⌛ Building environment","timeElapsed":112,"timestamp":"2025-12-13T03:48:54.816Z"}
{"level":"error","message":"✘ Completions for node Variable ([11:5, 11:12] - parciales/amongUs/nave.wlk) failed: Error: t [Variable]{f4449d} at parciales/amongUs/nave.wlk:11 exhausted all cases without a match t [Variable]{f4449d} at parciales/amongUs/nave.wlk:11 exhausted all cases without a match","stack":"Error: t [Variable]{f4449d} at parciales/amongUs/nave.wlk:11 exhausted all cases without a match\n    at c:\\Users\\egoytendia\\.vscode\\extensions\\uqbar.wollok-lsp-ide-0.5.3\\out\\server\\src\\server.js:38:6142\n    at D2 (c:\\Users\\egoytendia\\.vscode\\extensions\\uqbar.wollok-lsp-ide-0.5.3\\out\\server\\src\\server.js:2384:42)\n    at c:\\Users\\egoytendia\\.vscode\\extensions\\uqbar.wollok-lsp-ide-0.5.3\\out\\server\\src\\server.js:2384:2988\n    at c:\\Users\\egoytendia\\.vscode\\extensions\\uqbar.wollok-lsp-ide-0.5.3\\out\\server\\src\\server.js:2393:8440\n    at c:\\Users\\egoytendia\\.vscode\\extensions\\uqbar.wollok-lsp-ide-0.5.3\\out\\server\\src\\server.js:37:74872\n    at Ye (c:\\Users\\egoytendia\\.vscode\\extensions\\uqbar.wollok-lsp-ide-0.5.3\\out\\server\\src\\server.js:7:8527)\n    at qt (c:\\Users\\egoytendia\\.vscode\\extensions\\uqbar.wollok-lsp-ide-0.5.3\\out\\server\\src\\server.js:7:6189)\n    at ot (c:\\Users\\egoytendia\\.vscode\\extensions\\uqbar.wollok-lsp-ide-0.5.3\\out\\server\\src\\server.js:7:6378)\n    at Immediate._onImmediate (c:\\Users\\egoytendia\\.vscode\\extensions\\uqbar.wollok-lsp-ide-0.5.3\\out\\server\\src\\server.js:7:6142)\n    at process.processImmediate (node:internal/timers:485:21)","timestamp":"2025-12-13T03:48:54.853Z"}
{"level":"info","message":"⌛ Validating parciales/amongUs/nave.wlk","timeElapsed":128,"timestamp":"2025-12-13T03:48:54.988Z"}
{"level":"info","message":"⌛ Building environment","timeElapsed":141,"timestamp":"2025-12-13T03:48:55.130Z"}
{"level":"error","message":"✘ Completions for node Variable ([11:5, 11:13] - parciales/amongUs/nave.wlk) failed: Error: ta [Variable]{c304b2} at parciales/amongUs/nave.wlk:11 exhausted all cases without a match ta [Variable]{c304b2} at parciales/amongUs/nave.wlk:11 exhausted all cases without a match","stack":"Error: ta [Variable]{c304b2} at parciales/amongUs/nave.wlk:11 exhausted all cases without a match\n    at c:\\Users\\egoytendia\\.vscode\\extensions\\uqbar.wollok-lsp-ide-0.5.3\\out\\server\\src\\server.js:38:6142\n    at D2 (c:\\Users\\egoytendia\\.vscode\\extensions\\uqbar.wollok-lsp-ide-0.5.3\\out\\server\\src\\server.js:2384:42)\n    at c:\\Users\\egoytendia\\.vscode\\extensions\\uqbar.wollok-lsp-ide-0.5.3\\out\\server\\src\\server.js:2384:2988\n    at c:\\Users\\egoytendia\\.vscode\\extensions\\uqbar.wollok-lsp-ide-0.5.3\\out\\server\\src\\server.js:2393:8440\n    at c:\\Users\\egoytendia\\.vscode\\extensions\\uqbar.wollok-lsp-ide-0.5.3\\out\\server\\src\\server.js:37:74872\n    at Ye (c:\\Users\\egoytendia\\.vscode\\extensions\\uqbar.wollok-lsp-ide-0.5.3\\out\\server\\src\\server.js:7:8527)\n    at qt (c:\\Users\\egoytendia\\.vscode\\extensions\\uqbar.wollok-lsp-ide-0.5.3\\out\\server\\src\\server.js:7:6189)\n    at ot (c:\\Users\\egoytendia\\.vscode\\extensions\\uqbar.wollok-lsp-ide-0.5.3\\out\\server\\src\\server.js:7:6378)\n    at Immediate._onImmediate (c:\\Users\\egoytendia\\.vscode\\extensions\\uqbar.wollok-lsp-ide-0.5.3\\out\\server\\src\\server.js:7:6142)\n    at process.processImmediate (node:internal/timers:485:21)","timestamp":"2025-12-13T03:48:55.158Z"}
{"level":"info","message":"⌛ Validating parciales/amongUs/nave.wlk","timeElapsed":165,"timestamp":"2025-12-13T03:48:55.515Z"}
{"level":"info","message":"⌛ Validating parciales/amongUs/nave.wlk","timeElapsed":124,"timestamp":"2025-12-13T03:48:55.639Z"}
{"level":"info","message":"⌛ Validating parciales/amongUs/nave.wlk","timeElapsed":117,"timestamp":"2025-12-13T03:48:55.762Z"}
{"level":"info","message":"⌛ Validating parciales/amongUs/nave.wlk","timeElapsed":156,"timestamp":"2025-12-13T03:48:56.287Z"}
{"level":"info","message":"⌛ Validating parciales/amongUs/nave.wlk","timeElapsed":119,"timestamp":"2025-12-13T03:48:56.405Z"}
{"level":"info","message":"⌛ Validating parciales/amongUs/nave.wlk","timeElapsed":127,"timestamp":"2025-12-13T03:48:56.533Z"}
{"level":"info","message":"⌛ Validating parciales/amongUs/nave.wlk","timeElapsed":121,"timestamp":"2025-12-13T03:48:56.657Z"}
{"level":"info","message":"⌛ Building environment","timeElapsed":110,"timestamp":"2025-12-13T03:48:56.767Z"}
{"level":"error","message":"✘ Completions for node Variable ([11:5, 11:12] - parciales/amongUs/nave.wlk) failed: Error: s [Variable]{a70071} at parciales/amongUs/nave.wlk:11 exhausted all cases without a match s [Variable]{a70071} at parciales/amongUs/nave.wlk:11 exhausted all cases without a match","stack":"Error: s [Variable]{a70071} at parciales/amongUs/nave.wlk:11 exhausted all cases without a match\n    at c:\\Users\\egoytendia\\.vscode\\extensions\\uqbar.wollok-lsp-ide-0.5.3\\out\\server\\src\\server.js:38:6142\n    at D2 (c:\\Users\\egoytendia\\.vscode\\extensions\\uqbar.wollok-lsp-ide-0.5.3\\out\\server\\src\\server.js:2384:42)\n    at c:\\Users\\egoytendia\\.vscode\\extensions\\uqbar.wollok-lsp-ide-0.5.3\\out\\server\\src\\server.js:2384:2988\n    at c:\\Users\\egoytendia\\.vscode\\extensions\\uqbar.wollok-lsp-ide-0.5.3\\out\\server\\src\\server.js:2393:8440\n    at c:\\Users\\egoytendia\\.vscode\\extensions\\uqbar.wollok-lsp-ide-0.5.3\\out\\server\\src\\server.js:37:74872\n    at Ye (c:\\Users\\egoytendia\\.vscode\\extensions\\uqbar.wollok-lsp-ide-0.5.3\\out\\server\\src\\server.js:7:8527)\n    at qt (c:\\Users\\egoytendia\\.vscode\\extensions\\uqbar.wollok-lsp-ide-0.5.3\\out\\server\\src\\server.js:7:6189)\n    at ot (c:\\Users\\egoytendia\\.vscode\\extensions\\uqbar.wollok-lsp-ide-0.5.3\\out\\server\\src\\server.js:7:6378)\n    at Immediate._onImmediate (c:\\Users\\egoytendia\\.vscode\\extensions\\uqbar.wollok-lsp-ide-0.5.3\\out\\server\\src\\server.js:7:6142)\n    at process.processImmediate (node:internal/timers:485:21)","timestamp":"2025-12-13T03:48:56.797Z"}
{"level":"info","message":"⌛ Building environment","timeElapsed":122,"timestamp":"2025-12-13T03:48:57.120Z"}
{"level":"info","message":"⌛ Building environment","timeElapsed":138,"timestamp":"2025-12-13T03:48:57.259Z"}
{"level":"info","message":"⌛ Validating parciales/amongUs/nave.wlk","timeElapsed":127,"timestamp":"2025-12-13T03:48:57.432Z"}
{"level":"info","message":"⌛ Validating parciales/amongUs/nave.wlk","timeElapsed":117,"timestamp":"2025-12-13T03:48:57.550Z"}
{"level":"info","message":"⌛ Validating parciales/amongUs/nave.wlk","timeElapsed":203,"timestamp":"2025-12-13T03:48:57.846Z"}
{"level":"info","message":"⌛ Validating parciales/amongUs/nave.wlk","timeElapsed":178,"timestamp":"2025-12-13T03:48:58.024Z"}
{"level":"info","message":"⌛ Validating parciales/amongUs/nave.wlk","timeElapsed":160,"timestamp":"2025-12-13T03:48:58.188Z"}
{"level":"info","message":"⌛ Validating parciales/amongUs/nave.wlk","timeElapsed":132,"timestamp":"2025-12-13T03:48:58.322Z"}
{"level":"info","message":"⌛ Building environment","timeElapsed":112,"timestamp":"2025-12-13T03:49:00.834Z"}
{"level":"info","message":"⌛ Validating parciales/amongUs/nave.wlk","timeElapsed":122,"timestamp":"2025-12-13T03:49:00.957Z"}
{"level":"info","message":"⌛ Validating parciales/amongUs/nave.wlk","timeElapsed":135,"timestamp":"2025-12-13T03:49:01.303Z"}
{"level":"info","message":"⌛ Building environment","timeElapsed":125,"timestamp":"2025-12-13T03:49:01.428Z"}
{"level":"info","message":"⌛ Validating parciales/amongUs/nave.wlk","timeElapsed":245,"timestamp":"2025-12-13T03:49:01.674Z"}
{"level":"info","message":"⌛ Validating parciales/amongUs/nave.wlk","timeElapsed":123,"timestamp":"2025-12-13T03:49:01.878Z"}
{"level":"info","message":"⌛ Validating parciales/amongUs/nave.wlk","timeElapsed":120,"timestamp":"2025-12-13T03:49:02.040Z"}
{"level":"info","message":"⌛ Building environment","timeElapsed":144,"timestamp":"2025-12-13T03:49:02.458Z"}
{"level":"info","message":"⌛ Validating parciales/amongUs/nave.wlk","timeElapsed":124,"timestamp":"2025-12-13T03:49:02.582Z"}
{"level":"info","message":"⌛ Validating parciales/amongUs/nave.wlk","timeElapsed":126,"timestamp":"2025-12-13T03:49:02.799Z"}
{"level":"info","message":"⌛ Building environment","timeElapsed":102,"timestamp":"2025-12-13T03:49:03.230Z"}
{"level":"info","message":"⌛ Validating parciales/amongUs/nave.wlk","timeElapsed":123,"timestamp":"2025-12-13T03:49:03.360Z"}
{"level":"info","message":"⌛ Building environment","timeElapsed":109,"timestamp":"2025-12-13T03:49:08.641Z"}
{"level":"error","message":"✘ Completions for node Variable ([11:5, 11:16] - parciales/amongUs/nave.wlk) failed: Error: tself [Variable]{28d6d5} at parciales/amongUs/nave.wlk:11 exhausted all cases without a match tself [Variable]{28d6d5} at parciales/amongUs/nave.wlk:11 exhausted all cases without a match","stack":"Error: tself [Variable]{28d6d5} at parciales/amongUs/nave.wlk:11 exhausted all cases without a match\n    at c:\\Users\\egoytendia\\.vscode\\extensions\\uqbar.wollok-lsp-ide-0.5.3\\out\\server\\src\\server.js:38:6142\n    at D2 (c:\\Users\\egoytendia\\.vscode\\extensions\\uqbar.wollok-lsp-ide-0.5.3\\out\\server\\src\\server.js:2384:42)\n    at c:\\Users\\egoytendia\\.vscode\\extensions\\uqbar.wollok-lsp-ide-0.5.3\\out\\server\\src\\server.js:2384:2988\n    at c:\\Users\\egoytendia\\.vscode\\extensions\\uqbar.wollok-lsp-ide-0.5.3\\out\\server\\src\\server.js:2393:8440\n    at c:\\Users\\egoytendia\\.vscode\\extensions\\uqbar.wollok-lsp-ide-0.5.3\\out\\server\\src\\server.js:37:74872\n    at Ye (c:\\Users\\egoytendia\\.vscode\\extensions\\uqbar.wollok-lsp-ide-0.5.3\\out\\server\\src\\server.js:7:8527)\n    at qt (c:\\Users\\egoytendia\\.vscode\\extensions\\uqbar.wollok-lsp-ide-0.5.3\\out\\server\\src\\server.js:7:6189)\n    at ot (c:\\Users\\egoytendia\\.vscode\\extensions\\uqbar.wollok-lsp-ide-0.5.3\\out\\server\\src\\server.js:7:6378)\n    at Immediate._onImmediate (c:\\Users\\egoytendia\\.vscode\\extensions\\uqbar.wollok-lsp-ide-0.5.3\\out\\server\\src\\server.js:7:6142)\n    at process.processImmediate (node:internal/timers:485:21)","timestamp":"2025-12-13T03:49:08.668Z"}
{"level":"info","message":"⌛ Validating parciales/amongUs/nave.wlk","timeElapsed":147,"timestamp":"2025-12-13T03:49:08.820Z"}
{"level":"info","message":"⌛ Building environment","timeElapsed":136,"timestamp":"2025-12-13T03:49:09.049Z"}
{"level":"info","message":"⌛ Validating parciales/amongUs/nave.wlk","timeElapsed":133,"timestamp":"2025-12-13T03:49:09.183Z"}
{"level":"info","message":"⌛ Validating parciales/amongUs/nave.wlk","timeElapsed":149,"timestamp":"2025-12-13T03:49:09.421Z"}
{"level":"info","message":"⌛ Validating parciales/amongUs/nave.wlk","timeElapsed":110,"timestamp":"2025-12-13T03:49:09.537Z"}
{"level":"info","message":"⌛ Validating parciales/amongUs/nave.wlk","timeElapsed":120,"timestamp":"2025-12-13T03:49:10.667Z"}
{"level":"info","message":"⌛ Validating parciales/amongUs/nave.wlk","timeElapsed":106,"timestamp":"2025-12-13T03:49:10.773Z"}
{"level":"info","message":"⌛ Validating parciales/amongUs/nave.wlk","timeElapsed":149,"timestamp":"2025-12-13T03:49:11.865Z"}
{"level":"info","message":"⌛ Validating parciales/amongUs/nave.wlk","timeElapsed":122,"timestamp":"2025-12-13T03:49:12.177Z"}
{"level":"info","message":"⌛ Validating parciales/amongUs/nave.wlk","timeElapsed":127,"timestamp":"2025-12-13T03:49:12.305Z"}
{"level":"error","message":"✘ Completions for node Send ([15:5, 15:63] - parciales/amongUs/nave.wlk) failed: Error: [Send]{c7b059} at parciales/amongUs/nave.wlk:15 exhausted all cases without a match [Send]{c7b059} at parciales/amongUs/nave.wlk:15 exhausted all cases without a match","stack":"Error: [Send]{c7b059} at parciales/amongUs/nave.wlk:15 exhausted all cases without a match\n    at c:\\Users\\egoytendia\\.vscode\\extensions\\uqbar.wollok-lsp-ide-0.5.3\\out\\server\\src\\server.js:38:6142\n    at D2 (c:\\Users\\egoytendia\\.vscode\\extensions\\uqbar.wollok-lsp-ide-0.5.3\\out\\server\\src\\server.js:2384:42)\n    at Qh (c:\\Users\\egoytendia\\.vscode\\extensions\\uqbar.wollok-lsp-ide-0.5.3\\out\\server\\src\\server.js:2384:1092)\n    at k6n (c:\\Users\\egoytendia\\.vscode\\extensions\\uqbar.wollok-lsp-ide-0.5.3\\out\\server\\src\\server.js:2384:1248)\n    at c:\\Users\\egoytendia\\.vscode\\extensions\\uqbar.wollok-lsp-ide-0.5.3\\out\\server\\src\\server.js:38:6131\n    at D2 (c:\\Users\\egoytendia\\.vscode\\extensions\\uqbar.wollok-lsp-ide-0.5.3\\out\\server\\src\\server.js:2384:42)\n    at c:\\Users\\egoytendia\\.vscode\\extensions\\uqbar.wollok-lsp-ide-0.5.3\\out\\server\\src\\server.js:2384:2988\n    at c:\\Users\\egoytendia\\.vscode\\extensions\\uqbar.wollok-lsp-ide-0.5.3\\out\\server\\src\\server.js:2393:8440\n    at c:\\Users\\egoytendia\\.vscode\\extensions\\uqbar.wollok-lsp-ide-0.5.3\\out\\server\\src\\server.js:37:74872\n    at Ye (c:\\Users\\egoytendia\\.vscode\\extensions\\uqbar.wollok-lsp-ide-0.5.3\\out\\server\\src\\server.js:7:8527)","timestamp":"2025-12-13T03:49:16.060Z"}
{"level":"info","message":"⌛ Validating parciales/amongUs/nave.wlk","timeElapsed":128,"timestamp":"2025-12-13T03:49:16.287Z"}
{"level":"info","message":"⌛ Building environment","timeElapsed":125,"timestamp":"2025-12-13T03:49:16.414Z"}
{"level":"info","message":"⌛ Validating parciales/amongUs/nave.wlk","timeElapsed":132,"timestamp":"2025-12-13T03:49:16.547Z"}
{"level":"info","message":"⌛ Validating parciales/amongUs/nave.wlk","timeElapsed":123,"timestamp":"2025-12-13T03:49:16.929Z"}
{"level":"info","message":"⌛ Validating parciales/amongUs/nave.wlk","timeElapsed":125,"timestamp":"2025-12-13T03:49:17.183Z"}
{"level":"info","message":"⌛ Validating parciales/amongUs/nave.wlk","timeElapsed":122,"timestamp":"2025-12-13T03:49:17.304Z"}
{"level":"info","message":"⌛ Validating parciales/amongUs/nave.wlk","timeElapsed":144,"timestamp":"2025-12-13T03:49:17.454Z"}
{"level":"info","message":"⌛ Validating parciales/amongUs/nave.wlk","timeElapsed":126,"timestamp":"2025-12-13T03:49:17.582Z"}
{"level":"info","message":"⌛ Validating parciales/amongUs/nave.wlk","timeElapsed":143,"timestamp":"2025-12-13T03:49:25.285Z"}
{"level":"info","message":"⌛ Building environment","timeElapsed":110,"timestamp":"2025-12-13T03:49:25.721Z"}
{"level":"info","message":"⌛ Validating parciales/amongUs/nave.wlk","timeElapsed":121,"timestamp":"2025-12-13T03:49:25.965Z"}
{"level":"info","message":"⌛ Validating parciales/amongUs/nave.wlk","timeElapsed":132,"timestamp":"2025-12-13T03:49:26.098Z"}
{"level":"info","message":"⌛ Validating parciales/amongUs/nave.wlk","timeElapsed":114,"timestamp":"2025-12-13T03:49:27.163Z"}
{"level":"info","message":"⌛ Validating parciales/amongUs/nave.wlk","timeElapsed":158,"timestamp":"2025-12-13T03:49:27.883Z"}
{"level":"info","message":"⌛ Validating parciales/amongUs/nave.wlk","timeElapsed":152,"timestamp":"2025-12-13T03:49:33.502Z"}
{"level":"info","message":"⌛ Validating parciales/amongUs/nave.wlk","timeElapsed":120,"timestamp":"2025-12-13T03:49:33.806Z"}
{"level":"info","message":"⌛ Validating parciales/amongUs/nave.wlk","timeElapsed":130,"timestamp":"2025-12-13T03:49:34.063Z"}
{"level":"info","message":"⌛ Validating parciales/amongUs/nave.wlk","timeElapsed":132,"timestamp":"2025-12-13T03:49:34.285Z"}
{"level":"info","message":"⌛ Building environment","timeElapsed":117,"timestamp":"2025-12-13T03:49:34.403Z"}
{"level":"info","message":"⌛ Validating parciales/amongUs/nave.wlk","timeElapsed":132,"timestamp":"2025-12-13T03:49:34.536Z"}
{"level":"info","message":"⌛ Validating parciales/amongUs/nave.wlk","timeElapsed":111,"timestamp":"2025-12-13T03:49:34.652Z"}
{"level":"info","message":"⌛ Validating parciales/amongUs/nave.wlk","timeElapsed":119,"timestamp":"2025-12-13T03:49:34.986Z"}
{"level":"info","message":"⌛ Building environment","timeElapsed":124,"timestamp":"2025-12-13T03:49:35.112Z"}
{"level":"info","message":"⌛ Validating parciales/amongUs/nave.wlk","timeElapsed":164,"timestamp":"2025-12-13T03:49:35.374Z"}
{"level":"info","message":"⌛ Validating parciales/amongUs/nave.wlk","timeElapsed":139,"timestamp":"2025-12-13T03:49:35.514Z"}
{"level":"info","message":"⌛ Building environment","timeElapsed":101,"timestamp":"2025-12-13T03:49:35.815Z"}
{"level":"info","message":"⌛ Validating parciales/amongUs/nave.wlk","timeElapsed":114,"timestamp":"2025-12-13T03:49:35.929Z"}
{"level":"info","message":"⌛ Building environment","timeElapsed":101,"timestamp":"2025-12-13T03:49:37.473Z"}
{"level":"info","message":"⌛ Validating parciales/amongUs/nave.wlk","timeElapsed":114,"timestamp":"2025-12-13T03:49:37.595Z"}
{"level":"info","message":"⌛ Validating parciales/amongUs/nave.wlk","timeElapsed":116,"timestamp":"2025-12-13T03:49:41.189Z"}
{"level":"info","message":"⌛ Validating parciales/amongUs/nave.wlk","timeElapsed":137,"timestamp":"2025-12-13T03:49:53.516Z"}
{"level":"info","message":"⌛ Building environment","timeElapsed":101,"timestamp":"2025-12-13T03:49:54.647Z"}
{"level":"info","message":"⌛ Validating parciales/amongUs/nave.wlk","timeElapsed":110,"timestamp":"2025-12-13T03:49:54.757Z"}
{"level":"info","message":"⌛ Validating parciales/amongUs/nave.wlk","timeElapsed":111,"timestamp":"2025-12-13T03:49:55.182Z"}
{"level":"info","message":"⌛ Building environment","timeElapsed":108,"timestamp":"2025-12-13T03:49:59.978Z"}
{"level":"error","message":"✘ Completions for node If ([12:5, 14:6] - parciales/amongUs/nave.wlk) failed: Error: [If]{597775} at parciales/amongUs/nave.wlk:12 exhausted all cases without a match [If]{597775} at parciales/amongUs/nave.wlk:12 exhausted all cases without a match","stack":"Error: [If]{597775} at parciales/amongUs/nave.wlk:12 exhausted all cases without a match\n    at c:\\Users\\egoytendia\\.vscode\\extensions\\uqbar.wollok-lsp-ide-0.5.3\\out\\server\\src\\server.js:38:6142\n    at D2 (c:\\Users\\egoytendia\\.vscode\\extensions\\uqbar.wollok-lsp-ide-0.5.3\\out\\server\\src\\server.js:2384:42)\n    at Qh (c:\\Users\\egoytendia\\.vscode\\extensions\\uqbar.wollok-lsp-ide-0.5.3\\out\\server\\src\\server.js:2384:1092)\n    at v6n (c:\\Users\\egoytendia\\.vscode\\extensions\\uqbar.wollok-lsp-ide-0.5.3\\out\\server\\src\\server.js:2384:818)\n    at c:\\Users\\egoytendia\\.vscode\\extensions\\uqbar.wollok-lsp-ide-0.5.3\\out\\server\\src\\server.js:38:6131\n    at D2 (c:\\Users\\egoytendia\\.vscode\\extensions\\uqbar.wollok-lsp-ide-0.5.3\\out\\server\\src\\server.js:2384:42)\n    at Qh (c:\\Users\\egoytendia\\.vscode\\extensions\\uqbar.wollok-lsp-ide-0.5.3\\out\\server\\src\\server.js:2384:1092)\n    at k6n (c:\\Users\\egoytendia\\.vscode\\extensions\\uqbar.wollok-lsp-ide-0.5.3\\out\\server\\src\\server.js:2384:1248)\n    at c:\\Users\\egoytendia\\.vscode\\extensions\\uqbar.wollok-lsp-ide-0.5.3\\out\\server\\src\\server.js:38:6131\n    at D2 (c:\\Users\\egoytendia\\.vscode\\extensions\\uqbar.wollok-lsp-ide-0.5.3\\out\\server\\src\\server.js:2384:42)","timestamp":"2025-12-13T03:50:00.021Z"}
{"level":"info","message":"⌛ Validating parciales/amongUs/nave.wlk","timeElapsed":136,"timestamp":"2025-12-13T03:50:00.160Z"}
{"level":"info","message":"⌛ Validating parciales/amongUs/nave.wlk","timeElapsed":153,"timestamp":"2025-12-13T03:50:00.409Z"}
{"level":"info","message":"⌛ Validating parciales/amongUs/nave.wlk","timeElapsed":146,"timestamp":"2025-12-13T03:50:01.028Z"}
{"level":"info","message":"⌛ Building environment","timeElapsed":102,"timestamp":"2025-12-13T03:50:01.493Z"}
{"level":"info","message":"⌛ Validating parciales/amongUs/nave.wlk","timeElapsed":111,"timestamp":"2025-12-13T03:50:01.604Z"}
{"level":"info","message":"⌛ Validating parciales/amongUs/nave.wlk","timeElapsed":114,"timestamp":"2025-12-13T03:50:02.335Z"}
{"level":"info","message":"⌛ Validating parciales/amongUs/nave.wlk","timeElapsed":122,"timestamp":"2025-12-13T03:50:02.558Z"}
{"level":"info","message":"⌛ Validating parciales/amongUs/nave.wlk","timeElapsed":149,"timestamp":"2025-12-13T03:50:02.882Z"}
{"level":"info","message":"⌛ Validating parciales/amongUs/nave.wlk","timeElapsed":124,"timestamp":"2025-12-13T03:50:03.005Z"}
{"level":"info","message":"⌛ Validating parciales/amongUs/nave.wlk","timeElapsed":124,"timestamp":"2025-12-13T03:50:03.231Z"}
{"level":"info","message":"⌛ Validating parciales/amongUs/nave.wlk","timeElapsed":117,"timestamp":"2025-12-13T03:50:03.428Z"}
{"level":"info","message":"⌛ Validating parciales/amongUs/nave.wlk","timeElapsed":127,"timestamp":"2025-12-13T03:50:03.673Z"}
{"level":"info","message":"⌛ Validating parciales/amongUs/nave.wlk","timeElapsed":118,"timestamp":"2025-12-13T03:50:03.885Z"}
{"level":"info","message":"⌛ Validating parciales/amongUs/nave.wlk","timeElapsed":164,"timestamp":"2025-12-13T03:50:04.518Z"}
{"level":"info","message":"⌛ Building environment","timeElapsed":106,"timestamp":"2025-12-13T03:50:31.898Z"}
{"level":"error","message":"✘ Completions for node If ([12:5, 14:6] - parciales/amongUs/nave.wlk) failed: Error: [If]{2d4362} at parciales/amongUs/nave.wlk:12 exhausted all cases without a match [If]{2d4362} at parciales/amongUs/nave.wlk:12 exhausted all cases without a match","stack":"Error: [If]{2d4362} at parciales/amongUs/nave.wlk:12 exhausted all cases without a match\n    at c:\\Users\\egoytendia\\.vscode\\extensions\\uqbar.wollok-lsp-ide-0.5.3\\out\\server\\src\\server.js:38:6142\n    at D2 (c:\\Users\\egoytendia\\.vscode\\extensions\\uqbar.wollok-lsp-ide-0.5.3\\out\\server\\src\\server.js:2384:42)\n    at Qh (c:\\Users\\egoytendia\\.vscode\\extensions\\uqbar.wollok-lsp-ide-0.5.3\\out\\server\\src\\server.js:2384:1092)\n    at v6n (c:\\Users\\egoytendia\\.vscode\\extensions\\uqbar.wollok-lsp-ide-0.5.3\\out\\server\\src\\server.js:2384:818)\n    at c:\\Users\\egoytendia\\.vscode\\extensions\\uqbar.wollok-lsp-ide-0.5.3\\out\\server\\src\\server.js:38:6131\n    at D2 (c:\\Users\\egoytendia\\.vscode\\extensions\\uqbar.wollok-lsp-ide-0.5.3\\out\\server\\src\\server.js:2384:42)\n    at Qh (c:\\Users\\egoytendia\\.vscode\\extensions\\uqbar.wollok-lsp-ide-0.5.3\\out\\server\\src\\server.js:2384:1092)\n    at k6n (c:\\Users\\egoytendia\\.vscode\\extensions\\uqbar.wollok-lsp-ide-0.5.3\\out\\server\\src\\server.js:2384:1248)\n    at c:\\Users\\egoytendia\\.vscode\\extensions\\uqbar.wollok-lsp-ide-0.5.3\\out\\server\\src\\server.js:38:6131\n    at D2 (c:\\Users\\egoytendia\\.vscode\\extensions\\uqbar.wollok-lsp-ide-0.5.3\\out\\server\\src\\server.js:2384:42)","timestamp":"2025-12-13T03:50:31.930Z"}
{"level":"info","message":"⌛ Validating parciales/amongUs/nave.wlk","timeElapsed":123,"timestamp":"2025-12-13T03:50:32.056Z"}
{"level":"error","message":"✘ Completions for node If ([12:5, 14:6] - parciales/amongUs/nave.wlk) failed: Error: [If]{6bdbfc} at parciales/amongUs/nave.wlk:12 exhausted all cases without a match [If]{6bdbfc} at parciales/amongUs/nave.wlk:12 exhausted all cases without a match","stack":"Error: [If]{6bdbfc} at parciales/amongUs/nave.wlk:12 exhausted all cases without a match\n    at c:\\Users\\egoytendia\\.vscode\\extensions\\uqbar.wollok-lsp-ide-0.5.3\\out\\server\\src\\server.js:38:6142\n    at D2 (c:\\Users\\egoytendia\\.vscode\\extensions\\uqbar.wollok-lsp-ide-0.5.3\\out\\server\\src\\server.js:2384:42)\n    at Qh (c:\\Users\\egoytendia\\.vscode\\extensions\\uqbar.wollok-lsp-ide-0.5.3\\out\\server\\src\\server.js:2384:1092)\n    at v6n (c:\\Users\\egoytendia\\.vscode\\extensions\\uqbar.wollok-lsp-ide-0.5.3\\out\\server\\src\\server.js:2384:818)\n    at c:\\Users\\egoytendia\\.vscode\\extensions\\uqbar.wollok-lsp-ide-0.5.3\\out\\server\\src\\server.js:38:6131\n    at D2 (c:\\Users\\egoytendia\\.vscode\\extensions\\uqbar.wollok-lsp-ide-0.5.3\\out\\server\\src\\server.js:2384:42)\n    at Qh (c:\\Users\\egoytendia\\.vscode\\extensions\\uqbar.wollok-lsp-ide-0.5.3\\out\\server\\src\\server.js:2384:1092)\n    at k6n (c:\\Users\\egoytendia\\.vscode\\extensions\\uqbar.wollok-lsp-ide-0.5.3\\out\\server\\src\\server.js:2384:1248)\n    at c:\\Users\\egoytendia\\.vscode\\extensions\\uqbar.wollok-lsp-ide-0.5.3\\out\\server\\src\\server.js:38:6131\n    at D2 (c:\\Users\\egoytendia\\.vscode\\extensions\\uqbar.wollok-lsp-ide-0.5.3\\out\\server\\src\\server.js:2384:42)","timestamp":"2025-12-13T03:50:32.707Z"}
{"level":"info","message":"⌛ Validating parciales/amongUs/nave.wlk","timeElapsed":116,"timestamp":"2025-12-13T03:50:32.827Z"}
{"level":"error","message":"✘ Completions for node If ([12:5, 14:6] - parciales/amongUs/nave.wlk) failed: Error: [If]{063981} at parciales/amongUs/nave.wlk:12 exhausted all cases without a match [If]{063981} at parciales/amongUs/nave.wlk:12 exhausted all cases without a match","stack":"Error: [If]{063981} at parciales/amongUs/nave.wlk:12 exhausted all cases without a match\n    at c:\\Users\\egoytendia\\.vscode\\extensions\\uqbar.wollok-lsp-ide-0.5.3\\out\\server\\src\\server.js:38:6142\n    at D2 (c:\\Users\\egoytendia\\.vscode\\extensions\\uqbar.wollok-lsp-ide-0.5.3\\out\\server\\src\\server.js:2384:42)\n    at Qh (c:\\Users\\egoytendia\\.vscode\\extensions\\uqbar.wollok-lsp-ide-0.5.3\\out\\server\\src\\server.js:2384:1092)\n    at v6n (c:\\Users\\egoytendia\\.vscode\\extensions\\uqbar.wollok-lsp-ide-0.5.3\\out\\server\\src\\server.js:2384:818)\n    at c:\\Users\\egoytendia\\.vscode\\extensions\\uqbar.wollok-lsp-ide-0.5.3\\out\\server\\src\\server.js:38:6131\n    at D2 (c:\\Users\\egoytendia\\.vscode\\extensions\\uqbar.wollok-lsp-ide-0.5.3\\out\\server\\src\\server.js:2384:42)\n    at Qh (c:\\Users\\egoytendia\\.vscode\\extensions\\uqbar.wollok-lsp-ide-0.5.3\\out\\server\\src\\server.js:2384:1092)\n    at k6n (c:\\Users\\egoytendia\\.vscode\\extensions\\uqbar.wollok-lsp-ide-0.5.3\\out\\server\\src\\server.js:2384:1248)\n    at c:\\Users\\egoytendia\\.vscode\\extensions\\uqbar.wollok-lsp-ide-0.5.3\\out\\server\\src\\server.js:38:6131\n    at D2 (c:\\Users\\egoytendia\\.vscode\\extensions\\uqbar.wollok-lsp-ide-0.5.3\\out\\server\\src\\server.js:2384:42)","timestamp":"2025-12-13T03:50:34.069Z"}
{"level":"info","message":"⌛ Validating parciales/amongUs/nave.wlk","timeElapsed":123,"timestamp":"2025-12-13T03:50:34.291Z"}
{"level":"info","message":"⌛ Building environment","timeElapsed":114,"timestamp":"2025-12-13T03:50:34.405Z"}
{"level":"error","message":"✘ Completions for node If ([12:5, 14:6] - parciales/amongUs/nave.wlk) failed: Error: [If]{c4b788} at parciales/amongUs/nave.wlk:12 exhausted all cases without a match [If]{c4b788} at parciales/amongUs/nave.wlk:12 exhausted all cases without a match","stack":"Error: [If]{c4b788} at parciales/amongUs/nave.wlk:12 exhausted all cases without a match\n    at c:\\Users\\egoytendia\\.vscode\\extensions\\uqbar.wollok-lsp-ide-0.5.3\\out\\server\\src\\server.js:38:6142\n    at D2 (c:\\Users\\egoytendia\\.vscode\\extensions\\uqbar.wollok-lsp-ide-0.5.3\\out\\server\\src\\server.js:2384:42)\n    at Qh (c:\\Users\\egoytendia\\.vscode\\extensions\\uqbar.wollok-lsp-ide-0.5.3\\out\\server\\src\\server.js:2384:1092)\n    at v6n (c:\\Users\\egoytendia\\.vscode\\extensions\\uqbar.wollok-lsp-ide-0.5.3\\out\\server\\src\\server.js:2384:818)\n    at c:\\Users\\egoytendia\\.vscode\\extensions\\uqbar.wollok-lsp-ide-0.5.3\\out\\server\\src\\server.js:38:6131\n    at D2 (c:\\Users\\egoytendia\\.vscode\\extensions\\uqbar.wollok-lsp-ide-0.5.3\\out\\server\\src\\server.js:2384:42)\n    at Qh (c:\\Users\\egoytendia\\.vscode\\extensions\\uqbar.wollok-lsp-ide-0.5.3\\out\\server\\src\\server.js:2384:1092)\n    at k6n (c:\\Users\\egoytendia\\.vscode\\extensions\\uqbar.wollok-lsp-ide-0.5.3\\out\\server\\src\\server.js:2384:1248)\n    at c:\\Users\\egoytendia\\.vscode\\extensions\\uqbar.wollok-lsp-ide-0.5.3\\out\\server\\src\\server.js:38:6131\n    at D2 (c:\\Users\\egoytendia\\.vscode\\extensions\\uqbar.wollok-lsp-ide-0.5.3\\out\\server\\src\\server.js:2384:42)","timestamp":"2025-12-13T03:50:34.454Z"}
{"level":"info","message":"⌛ Validating parciales/amongUs/nave.wlk","timeElapsed":232,"timestamp":"2025-12-13T03:50:34.701Z"}
{"level":"info","message":"⌛ Validating parciales/amongUs/nave.wlk","timeElapsed":162,"timestamp":"2025-12-13T03:50:34.864Z"}
{"level":"info","message":"⌛ Building environment","timeElapsed":102,"timestamp":"2025-12-13T03:50:35.050Z"}
{"level":"error","message":"✘ Completions for node Throw ([13:9, 13:16] - parciales/amongUs/nave.wlk) failed: Error: [Throw]{8edbe5} at parciales/amongUs/nave.wlk:13 exhausted all cases without a match [Throw]{8edbe5} at parciales/amongUs/nave.wlk:13 exhausted all cases without a match","stack":"Error: [Throw]{8edbe5} at parciales/amongUs/nave.wlk:13 exhausted all cases without a match\n    at c:\\Users\\egoytendia\\.vscode\\extensions\\uqbar.wollok-lsp-ide-0.5.3\\out\\server\\src\\server.js:38:6142\n    at D2 (c:\\Users\\egoytendia\\.vscode\\extensions\\uqbar.wollok-lsp-ide-0.5.3\\out\\server\\src\\server.js:2384:42)\n    at Qh (c:\\Users\\egoytendia\\.vscode\\extensions\\uqbar.wollok-lsp-ide-0.5.3\\out\\server\\src\\server.js:2384:1092)\n    at k6n (c:\\Users\\egoytendia\\.vscode\\extensions\\uqbar.wollok-lsp-ide-0.5.3\\out\\server\\src\\server.js:2384:1248)\n    at c:\\Users\\egoytendia\\.vscode\\extensions\\uqbar.wollok-lsp-ide-0.5.3\\out\\server\\src\\server.js:38:6131\n    at D2 (c:\\Users\\egoytendia\\.vscode\\extensions\\uqbar.wollok-lsp-ide-0.5.3\\out\\server\\src\\server.js:2384:42)\n    at c:\\Users\\egoytendia\\.vscode\\extensions\\uqbar.wollok-lsp-ide-0.5.3\\out\\server\\src\\server.js:2384:2988\n    at c:\\Users\\egoytendia\\.vscode\\extensions\\uqbar.wollok-lsp-ide-0.5.3\\out\\server\\src\\server.js:2393:8440\n    at c:\\Users\\egoytendia\\.vscode\\extensions\\uqbar.wollok-lsp-ide-0.5.3\\out\\server\\src\\server.js:37:74872\n    at Ye (c:\\Users\\egoytendia\\.vscode\\extensions\\uqbar.wollok-lsp-ide-0.5.3\\out\\server\\src\\server.js:7:8527)","timestamp":"2025-12-13T03:50:35.080Z"}
{"level":"error","message":"✘ Completions for node If ([12:5, 14:6] - parciales/amongUs/nave.wlk) failed: Error: [If]{f01d55} at parciales/amongUs/nave.wlk:12 exhausted all cases without a match [If]{f01d55} at parciales/amongUs/nave.wlk:12 exhausted all cases without a match","stack":"Error: [If]{f01d55} at parciales/amongUs/nave.wlk:12 exhausted all cases without a match\n    at c:\\Users\\egoytendia\\.vscode\\extensions\\uqbar.wollok-lsp-ide-0.5.3\\out\\server\\src\\server.js:38:6142\n    at D2 (c:\\Users\\egoytendia\\.vscode\\extensions\\uqbar.wollok-lsp-ide-0.5.3\\out\\server\\src\\server.js:2384:42)\n    at Qh (c:\\Users\\egoytendia\\.vscode\\extensions\\uqbar.wollok-lsp-ide-0.5.3\\out\\server\\src\\server.js:2384:1092)\n    at v6n (c:\\Users\\egoytendia\\.vscode\\extensions\\uqbar.wollok-lsp-ide-0.5.3\\out\\server\\src\\server.js:2384:818)\n    at c:\\Users\\egoytendia\\.vscode\\extensions\\uqbar.wollok-lsp-ide-0.5.3\\out\\server\\src\\server.js:38:6131\n    at D2 (c:\\Users\\egoytendia\\.vscode\\extensions\\uqbar.wollok-lsp-ide-0.5.3\\out\\server\\src\\server.js:2384:42)\n    at Qh (c:\\Users\\egoytendia\\.vscode\\extensions\\uqbar.wollok-lsp-ide-0.5.3\\out\\server\\src\\server.js:2384:1092)\n    at D2 (c:\\Users\\egoytendia\\.vscode\\extensions\\uqbar.wollok-lsp-ide-0.5.3\\out\\server\\src\\server.js:2384:544)\n    at Qh (c:\\Users\\egoytendia\\.vscode\\extensions\\uqbar.wollok-lsp-ide-0.5.3\\out\\server\\src\\server.js:2384:1092)\n    at k6n (c:\\Users\\egoytendia\\.vscode\\extensions\\uqbar.wollok-lsp-ide-0.5.3\\out\\server\\src\\server.js:2384:1248)","timestamp":"2025-12-13T03:50:35.080Z"}
{"level":"info","message":"⌛ Validating parciales/amongUs/nave.wlk","timeElapsed":147,"timestamp":"2025-12-13T03:50:35.230Z"}
{"level":"info","message":"⌛ Building environment","timeElapsed":140,"timestamp":"2025-12-13T03:50:35.372Z"}
{"level":"info","message":"⌛ Validating parciales/amongUs/nave.wlk","timeElapsed":127,"timestamp":"2025-12-13T03:50:35.499Z"}
{"level":"info","message":"⌛ Validating parciales/amongUs/nave.wlk","timeElapsed":140,"timestamp":"2025-12-13T03:50:35.646Z"}
{"level":"info","message":"⌛ Validating parciales/amongUs/nave.wlk","timeElapsed":119,"timestamp":"2025-12-13T03:50:36.667Z"}
{"level":"info","message":"⌛ Building environment","timeElapsed":104,"timestamp":"2025-12-13T03:50:39.919Z"}
{"level":"info","message":"⌛ Validating parciales/amongUs/nave.wlk","timeElapsed":120,"timestamp":"2025-12-13T03:50:40.040Z"}
{"level":"error","message":"✘ Completions for node If ([12:5, 14:6] - parciales/amongUs/nave.wlk) failed: Error: [If]{586fa9} at parciales/amongUs/nave.wlk:12 exhausted all cases without a match [If]{586fa9} at parciales/amongUs/nave.wlk:12 exhausted all cases without a match","stack":"Error: [If]{586fa9} at parciales/amongUs/nave.wlk:12 exhausted all cases without a match\n    at c:\\Users\\egoytendia\\.vscode\\extensions\\uqbar.wollok-lsp-ide-0.5.3\\out\\server\\src\\server.js:38:6142\n    at D2 (c:\\Users\\egoytendia\\.vscode\\extensions\\uqbar.wollok-lsp-ide-0.5.3\\out\\server\\src\\server.js:2384:42)\n    at Qh (c:\\Users\\egoytendia\\.vscode\\extensions\\uqbar.wollok-lsp-ide-0.5.3\\out\\server\\src\\server.js:2384:1092)\n    at v6n (c:\\Users\\egoytendia\\.vscode\\extensions\\uqbar.wollok-lsp-ide-0.5.3\\out\\server\\src\\server.js:2384:818)\n    at c:\\Users\\egoytendia\\.vscode\\extensions\\uqbar.wollok-lsp-ide-0.5.3\\out\\server\\src\\server.js:38:6131\n    at D2 (c:\\Users\\egoytendia\\.vscode\\extensions\\uqbar.wollok-lsp-ide-0.5.3\\out\\server\\src\\server.js:2384:42)\n    at Qh (c:\\Users\\egoytendia\\.vscode\\extensions\\uqbar.wollok-lsp-ide-0.5.3\\out\\server\\src\\server.js:2384:1092)\n    at k6n (c:\\Users\\egoytendia\\.vscode\\extensions\\uqbar.wollok-lsp-ide-0.5.3\\out\\server\\src\\server.js:2384:1248)\n    at c:\\Users\\egoytendia\\.vscode\\extensions\\uqbar.wollok-lsp-ide-0.5.3\\out\\server\\src\\server.js:38:6131\n    at D2 (c:\\Users\\egoytendia\\.vscode\\extensions\\uqbar.wollok-lsp-ide-0.5.3\\out\\server\\src\\server.js:2384:42)","timestamp":"2025-12-13T03:50:40.240Z"}
{"level":"info","message":"⌛ Validating parciales/amongUs/nave.wlk","timeElapsed":146,"timestamp":"2025-12-13T03:50:40.390Z"}
{"level":"info","message":"⌛ Building environment","timeElapsed":196,"timestamp":"2025-12-13T03:50:40.634Z"}
{"level":"info","message":"⌛ Validating parciales/amongUs/nave.wlk","timeElapsed":166,"timestamp":"2025-12-13T03:50:40.809Z"}
{"level":"info","message":"⌛ Validating parciales/amongUs/nave.wlk","timeElapsed":149,"timestamp":"2025-12-13T03:50:41.906Z"}
{"level":"info","message":"⌛ Building environment","timeElapsed":108,"timestamp":"2025-12-13T03:50:42.499Z"}
{"level":"info","message":"⌛ Validating parciales/amongUs/nave.wlk","timeElapsed":116,"timestamp":"2025-12-13T03:50:42.616Z"}
{"level":"info","message":"⌛ Validating parciales/amongUs/nave.wlk","timeElapsed":123,"timestamp":"2025-12-13T03:50:52.237Z"}
{"level":"info","message":"⌛ Building environment","timeElapsed":110,"timestamp":"2025-12-13T03:50:52.348Z"}
{"level":"info","message":"⌛ Validating parciales/amongUs/nave.wlk","timeElapsed":138,"timestamp":"2025-12-13T03:50:52.487Z"}
{"level":"info","message":"⌛ Validating parciales/amongUs/nave.wlk","timeElapsed":120,"timestamp":"2025-12-13T03:50:53.318Z"}
{"level":"info","message":"⌛ Building environment","timeElapsed":122,"timestamp":"2025-12-13T03:50:53.441Z"}
{"level":"info","message":"⌛ Validating parciales/amongUs/nave.wlk","timeElapsed":130,"timestamp":"2025-12-13T03:50:53.571Z"}
{"level":"info","message":"⌛ Validating parciales/amongUs/nave.wlk","timeElapsed":121,"timestamp":"2025-12-13T03:50:53.875Z"}
{"level":"info","message":"⌛ Validating parciales/amongUs/nave.wlk","timeElapsed":144,"timestamp":"2025-12-13T03:50:54.114Z"}
{"level":"info","message":"⌛ Validating parciales/amongUs/nave.wlk","timeElapsed":127,"timestamp":"2025-12-13T03:50:54.287Z"}
{"level":"info","message":"⌛ Validating parciales/amongUs/nave.wlk","timeElapsed":123,"timestamp":"2025-12-13T03:50:54.412Z"}
{"level":"info","message":"⌛ Building environment","timeElapsed":101,"timestamp":"2025-12-13T03:50:54.513Z"}
{"level":"info","message":"⌛ Validating parciales/amongUs/nave.wlk","timeElapsed":122,"timestamp":"2025-12-13T03:50:54.734Z"}
{"level":"info","message":"⌛ Validating parciales/amongUs/nave.wlk","timeElapsed":140,"timestamp":"2025-12-13T03:50:54.875Z"}
{"level":"info","message":"⌛ Building environment","timeElapsed":140,"timestamp":"2025-12-13T03:50:55.153Z"}
{"level":"info","message":"⌛ Validating parciales/amongUs/nave.wlk","timeElapsed":127,"timestamp":"2025-12-13T03:50:55.281Z"}
{"level":"info","message":"⌛ Validating parciales/amongUs/nave.wlk","timeElapsed":125,"timestamp":"2025-12-13T03:50:55.503Z"}
{"level":"info","message":"⌛ Validating parciales/amongUs/nave.wlk","timeElapsed":125,"timestamp":"2025-12-13T03:50:55.870Z"}
{"level":"info","message":"⌛ Building environment","timeElapsed":112,"timestamp":"2025-12-13T03:50:56.175Z"}
{"level":"info","message":"⌛ Validating parciales/amongUs/nave.wlk","timeElapsed":172,"timestamp":"2025-12-13T03:50:56.349Z"}
{"level":"info","message":"⌛ Building environment","timeElapsed":118,"timestamp":"2025-12-13T03:50:56.468Z"}
{"level":"info","message":"⌛ Validating parciales/amongUs/nave.wlk","timeElapsed":142,"timestamp":"2025-12-13T03:50:56.610Z"}
{"level":"info","message":"⌛ Validating parciales/amongUs/nave.wlk","timeElapsed":139,"timestamp":"2025-12-13T03:50:56.934Z"}
{"level":"info","message":"⌛ Building environment","timeElapsed":133,"timestamp":"2025-12-13T03:50:57.068Z"}
{"level":"info","message":"⌛ Building environment","timeElapsed":101,"timestamp":"2025-12-13T03:50:57.170Z"}
{"level":"info","message":"⌛ Validating parciales/amongUs/nave.wlk","timeElapsed":144,"timestamp":"2025-12-13T03:50:57.314Z"}
{"level":"info","message":"⌛ Validating parciales/amongUs/nave.wlk","timeElapsed":121,"timestamp":"2025-12-13T03:50:57.534Z"}
{"level":"info","message":"⌛ Validating parciales/amongUs/nave.wlk","timeElapsed":119,"timestamp":"2025-12-13T03:50:57.653Z"}
{"level":"info","message":"⌛ Validating parciales/amongUs/nave.wlk","timeElapsed":117,"timestamp":"2025-12-13T03:50:57.778Z"}
{"level":"info","message":"⌛ Building environment","timeElapsed":130,"timestamp":"2025-12-13T03:50:57.909Z"}
{"level":"info","message":"⌛ Validating parciales/amongUs/nave.wlk","timeElapsed":147,"timestamp":"2025-12-13T03:50:58.056Z"}
{"level":"info","message":"⌛ Validating parciales/amongUs/nave.wlk","timeElapsed":135,"timestamp":"2025-12-13T03:50:58.389Z"}
{"level":"info","message":"⌛ Building environment","timeElapsed":129,"timestamp":"2025-12-13T03:50:58.519Z"}
{"level":"info","message":"⌛ Building environment","timeElapsed":106,"timestamp":"2025-12-13T03:50:58.818Z"}
{"level":"info","message":"⌛ Validating parciales/amongUs/nave.wlk","timeElapsed":141,"timestamp":"2025-12-13T03:50:59.049Z"}
{"level":"info","message":"⌛ Building environment","timeElapsed":120,"timestamp":"2025-12-13T03:50:59.170Z"}
{"level":"info","message":"⌛ Validating parciales/amongUs/nave.wlk","timeElapsed":134,"timestamp":"2025-12-13T03:50:59.304Z"}
{"level":"info","message":"⌛ Validating parciales/amongUs/nave.wlk","timeElapsed":122,"timestamp":"2025-12-13T03:50:59.606Z"}
{"level":"info","message":"⌛ Validating parciales/amongUs/nave.wlk","timeElapsed":137,"timestamp":"2025-12-13T03:50:59.828Z"}
{"level":"info","message":"⌛ Validating parciales/amongUs/nave.wlk","timeElapsed":129,"timestamp":"2025-12-13T03:51:00.019Z"}
{"level":"info","message":"⌛ Validating parciales/amongUs/nave.wlk","timeElapsed":154,"timestamp":"2025-12-13T03:51:00.175Z"}
{"level":"info","message":"⌛ Validating parciales/amongUs/nave.wlk","timeElapsed":110,"timestamp":"2025-12-13T03:51:00.286Z"}
{"level":"info","message":"⌛ Validating parciales/amongUs/nave.wlk","timeElapsed":120,"timestamp":"2025-12-13T03:51:00.407Z"}
{"level":"info","message":"⌛ Validating parciales/amongUs/nave.wlk","timeElapsed":159,"timestamp":"2025-12-13T03:51:00.567Z"}
{"level":"info","message":"⌛ Building environment","timeElapsed":126,"timestamp":"2025-12-13T03:51:00.693Z"}
{"level":"info","message":"⌛ Validating parciales/amongUs/nave.wlk","timeElapsed":112,"timestamp":"2025-12-13T03:51:00.986Z"}
{"level":"info","message":"⌛ Validating parciales/amongUs/nave.wlk","timeElapsed":118,"timestamp":"2025-12-13T03:51:01.104Z"}
{"level":"info","message":"⌛ Validating parciales/amongUs/nave.wlk","timeElapsed":123,"timestamp":"2025-12-13T03:51:01.315Z"}
{"level":"info","message":"⌛ Validating parciales/amongUs/nave.wlk","timeElapsed":120,"timestamp":"2025-12-13T03:51:01.610Z"}
{"level":"info","message":"⌛ Validating parciales/amongUs/nave.wlk","timeElapsed":125,"timestamp":"2025-12-13T03:51:01.736Z"}
{"level":"info","message":"⌛ Validating parciales/amongUs/nave.wlk","timeElapsed":114,"timestamp":"2025-12-13T03:51:01.938Z"}
{"level":"info","message":"⌛ Building environment","timeElapsed":187,"timestamp":"2025-12-13T03:51:02.212Z"}
{"level":"info","message":"⌛ Validating parciales/amongUs/nave.wlk","timeElapsed":113,"timestamp":"2025-12-13T03:51:02.413Z"}
{"level":"info","message":"⌛ Validating parciales/amongUs/nave.wlk","timeElapsed":111,"timestamp":"2025-12-13T03:51:02.605Z"}
{"level":"info","message":"⌛ Validating parciales/amongUs/nave.wlk","timeElapsed":120,"timestamp":"2025-12-13T03:51:02.725Z"}
{"level":"info","message":"⌛ Validating parciales/amongUs/nave.wlk","timeElapsed":137,"timestamp":"2025-12-13T03:51:03.123Z"}
{"level":"info","message":"⌛ Validating parciales/amongUs/nave.wlk","timeElapsed":187,"timestamp":"2025-12-13T03:51:03.388Z"}
{"level":"info","message":"⌛ Validating parciales/amongUs/nave.wlk","timeElapsed":152,"timestamp":"2025-12-13T03:51:03.542Z"}
{"level":"info","message":"⌛ Validating parciales/amongUs/nave.wlk","timeElapsed":124,"timestamp":"2025-12-13T03:51:03.671Z"}
{"level":"info","message":"⌛ Validating parciales/amongUs/nave.wlk","timeElapsed":244,"timestamp":"2025-12-13T03:51:03.916Z"}
{"level":"info","message":"⌛ Validating parciales/amongUs/nave.wlk","timeElapsed":170,"timestamp":"2025-12-13T03:51:04.087Z"}
{"level":"info","message":"⌛ Validating parciales/amongUs/nave.wlk","timeElapsed":154,"timestamp":"2025-12-13T03:51:04.241Z"}
{"level":"info","message":"⌛ Validating parciales/amongUs/nave.wlk","timeElapsed":118,"timestamp":"2025-12-13T03:51:04.360Z"}
{"level":"info","message":"⌛ Validating parciales/amongUs/nave.wlk","timeElapsed":112,"timestamp":"2025-12-13T03:51:04.473Z"}
{"level":"info","message":"⌛ Building environment","timeElapsed":120,"timestamp":"2025-12-13T03:51:19.124Z"}
{"level":"error","message":"✘ Completions for node If ([12:5, 14:6] - parciales/amongUs/nave.wlk) failed: Error: [If]{3ef9c5} at parciales/amongUs/nave.wlk:12 exhausted all cases without a match [If]{3ef9c5} at parciales/amongUs/nave.wlk:12 exhausted all cases without a match","stack":"Error: [If]{3ef9c5} at parciales/amongUs/nave.wlk:12 exhausted all cases without a match\n    at c:\\Users\\egoytendia\\.vscode\\extensions\\uqbar.wollok-lsp-ide-0.5.3\\out\\server\\src\\server.js:38:6142\n    at D2 (c:\\Users\\egoytendia\\.vscode\\extensions\\uqbar.wollok-lsp-ide-0.5.3\\out\\server\\src\\server.js:2384:42)\n    at Qh (c:\\Users\\egoytendia\\.vscode\\extensions\\uqbar.wollok-lsp-ide-0.5.3\\out\\server\\src\\server.js:2384:1092)\n    at v6n (c:\\Users\\egoytendia\\.vscode\\extensions\\uqbar.wollok-lsp-ide-0.5.3\\out\\server\\src\\server.js:2384:818)\n    at c:\\Users\\egoytendia\\.vscode\\extensions\\uqbar.wollok-lsp-ide-0.5.3\\out\\server\\src\\server.js:38:6131\n    at D2 (c:\\Users\\egoytendia\\.vscode\\extensions\\uqbar.wollok-lsp-ide-0.5.3\\out\\server\\src\\server.js:2384:42)\n    at Qh (c:\\Users\\egoytendia\\.vscode\\extensions\\uqbar.wollok-lsp-ide-0.5.3\\out\\server\\src\\server.js:2384:1092)\n    at k6n (c:\\Users\\egoytendia\\.vscode\\extensions\\uqbar.wollok-lsp-ide-0.5.3\\out\\server\\src\\server.js:2384:1248)\n    at c:\\Users\\egoytendia\\.vscode\\extensions\\uqbar.wollok-lsp-ide-0.5.3\\out\\server\\src\\server.js:38:6131\n    at D2 (c:\\Users\\egoytendia\\.vscode\\extensions\\uqbar.wollok-lsp-ide-0.5.3\\out\\server\\src\\server.js:2384:42)","timestamp":"2025-12-13T03:51:19.161Z"}
{"level":"info","message":"⌛ Validating parciales/amongUs/nave.wlk","timeElapsed":136,"timestamp":"2025-12-13T03:51:19.387Z"}
{"level":"info","message":"⌛ Validating parciales/amongUs/nave.wlk","timeElapsed":150,"timestamp":"2025-12-13T03:51:19.539Z"}
{"level":"info","message":"⌛ Validating parciales/amongUs/nave.wlk","timeElapsed":125,"timestamp":"2025-12-13T03:51:19.952Z"}
{"level":"info","message":"⌛ Validating parciales/amongUs/nave.wlk","timeElapsed":116,"timestamp":"2025-12-13T03:51:20.068Z"}
{"level":"info","message":"⌛ Validating parciales/amongUs/nave.wlk","timeElapsed":109,"timestamp":"2025-12-13T03:51:20.178Z"}
{"level":"info","message":"⌛ Validating parciales/amongUs/nave.wlk","timeElapsed":117,"timestamp":"2025-12-13T03:51:20.686Z"}
{"level":"info","message":"⌛ Validating parciales/amongUs/nave.wlk","timeElapsed":111,"timestamp":"2025-12-13T03:51:21.676Z"}
{"level":"info","message":"⌛ Building environment","timeElapsed":119,"timestamp":"2025-12-13T03:51:22.886Z"}
{"level":"info","message":"⌛ Validating parciales/amongUs/nave.wlk","timeElapsed":117,"timestamp":"2025-12-13T03:51:23.004Z"}
{"level":"info","message":"⌛ Validating parciales/amongUs/nave.wlk","timeElapsed":120,"timestamp":"2025-12-13T03:51:23.296Z"}
{"level":"info","message":"⌛ Validating parciales/amongUs/nave.wlk","timeElapsed":106,"timestamp":"2025-12-13T03:51:23.402Z"}
{"level":"info","message":"⌛ Validating parciales/amongUs/nave.wlk","timeElapsed":181,"timestamp":"2025-12-13T03:51:23.772Z"}
{"level":"info","message":"⌛ Validating parciales/amongUs/nave.wlk","timeElapsed":128,"timestamp":"2025-12-13T03:51:23.901Z"}
{"level":"error","message":"✘ Completions for node If ([12:5, 14:6] - parciales/amongUs/nave.wlk) failed: Error: [If]{e5485d} at parciales/amongUs/nave.wlk:12 exhausted all cases without a match [If]{e5485d} at parciales/amongUs/nave.wlk:12 exhausted all cases without a match","stack":"Error: [If]{e5485d} at parciales/amongUs/nave.wlk:12 exhausted all cases without a match\n    at c:\\Users\\egoytendia\\.vscode\\extensions\\uqbar.wollok-lsp-ide-0.5.3\\out\\server\\src\\server.js:38:6142\n    at D2 (c:\\Users\\egoytendia\\.vscode\\extensions\\uqbar.wollok-lsp-ide-0.5.3\\out\\server\\src\\server.js:2384:42)\n    at Qh (c:\\Users\\egoytendia\\.vscode\\extensions\\uqbar.wollok-lsp-ide-0.5.3\\out\\server\\src\\server.js:2384:1092)\n    at v6n (c:\\Users\\egoytendia\\.vscode\\extensions\\uqbar.wollok-lsp-ide-0.5.3\\out\\server\\src\\server.js:2384:818)\n    at c:\\Users\\egoytendia\\.vscode\\extensions\\uqbar.wollok-lsp-ide-0.5.3\\out\\server\\src\\server.js:38:6131\n    at D2 (c:\\Users\\egoytendia\\.vscode\\extensions\\uqbar.wollok-lsp-ide-0.5.3\\out\\server\\src\\server.js:2384:42)\n    at Qh (c:\\Users\\egoytendia\\.vscode\\extensions\\uqbar.wollok-lsp-ide-0.5.3\\out\\server\\src\\server.js:2384:1092)\n    at k6n (c:\\Users\\egoytendia\\.vscode\\extensions\\uqbar.wollok-lsp-ide-0.5.3\\out\\server\\src\\server.js:2384:1248)\n    at c:\\Users\\egoytendia\\.vscode\\extensions\\uqbar.wollok-lsp-ide-0.5.3\\out\\server\\src\\server.js:38:6131\n    at D2 (c:\\Users\\egoytendia\\.vscode\\extensions\\uqbar.wollok-lsp-ide-0.5.3\\out\\server\\src\\server.js:2384:42)","timestamp":"2025-12-13T03:51:24.056Z"}
{"level":"info","message":"⌛ Building environment","timeElapsed":139,"timestamp":"2025-12-13T03:51:24.199Z"}
{"level":"info","message":"⌛ Building environment","timeElapsed":104,"timestamp":"2025-12-13T03:51:24.399Z"}
{"level":"info","message":"⌛ Validating parciales/amongUs/nave.wlk","timeElapsed":175,"timestamp":"2025-12-13T03:51:24.574Z"}
{"level":"info","message":"⌛ Validating parciales/amongUs/nave.wlk","timeElapsed":119,"timestamp":"2025-12-13T03:51:24.782Z"}
{"level":"info","message":"⌛ Validating parciales/amongUs/nave.wlk","timeElapsed":117,"timestamp":"2025-12-13T03:51:24.899Z"}
{"level":"info","message":"⌛ Validating parciales/amongUs/nave.wlk","timeElapsed":113,"timestamp":"2025-12-13T03:51:25.018Z"}
{"level":"info","message":"⌛ Validating parciales/amongUs/nave.wlk","timeElapsed":115,"timestamp":"2025-12-13T03:51:25.134Z"}
{"level":"info","message":"⌛ Validating parciales/amongUs/nave.wlk","timeElapsed":116,"timestamp":"2025-12-13T03:51:25.528Z"}
{"level":"info","message":"⌛ Validating parciales/amongUs/nave.wlk","timeElapsed":120,"timestamp":"2025-12-13T03:51:25.824Z"}
{"level":"info","message":"⌛ Validating parciales/amongUs/nave.wlk","timeElapsed":119,"timestamp":"2025-12-13T03:51:25.943Z"}
{"level":"info","message":"⌛ Validating parciales/amongUs/nave.wlk","timeElapsed":125,"timestamp":"2025-12-13T03:51:26.237Z"}
{"level":"info","message":"⌛ Validating parciales/amongUs/nave.wlk","timeElapsed":110,"timestamp":"2025-12-13T03:51:26.347Z"}
{"level":"info","message":"⌛ Building environment","timeElapsed":115,"timestamp":"2025-12-13T03:51:26.827Z"}
{"level":"error","message":"✘ Completions for node If ([12:5, 14:6] - parciales/amongUs/nave.wlk) failed: Error: [If]{a1bb4f} at parciales/amongUs/nave.wlk:12 exhausted all cases without a match [If]{a1bb4f} at parciales/amongUs/nave.wlk:12 exhausted all cases without a match","stack":"Error: [If]{a1bb4f} at parciales/amongUs/nave.wlk:12 exhausted all cases without a match\n    at c:\\Users\\egoytendia\\.vscode\\extensions\\uqbar.wollok-lsp-ide-0.5.3\\out\\server\\src\\server.js:38:6142\n    at D2 (c:\\Users\\egoytendia\\.vscode\\extensions\\uqbar.wollok-lsp-ide-0.5.3\\out\\server\\src\\server.js:2384:42)\n    at Qh (c:\\Users\\egoytendia\\.vscode\\extensions\\uqbar.wollok-lsp-ide-0.5.3\\out\\server\\src\\server.js:2384:1092)\n    at v6n (c:\\Users\\egoytendia\\.vscode\\extensions\\uqbar.wollok-lsp-ide-0.5.3\\out\\server\\src\\server.js:2384:818)\n    at c:\\Users\\egoytendia\\.vscode\\extensions\\uqbar.wollok-lsp-ide-0.5.3\\out\\server\\src\\server.js:38:6131\n    at D2 (c:\\Users\\egoytendia\\.vscode\\extensions\\uqbar.wollok-lsp-ide-0.5.3\\out\\server\\src\\server.js:2384:42)\n    at Qh (c:\\Users\\egoytendia\\.vscode\\extensions\\uqbar.wollok-lsp-ide-0.5.3\\out\\server\\src\\server.js:2384:1092)\n    at k6n (c:\\Users\\egoytendia\\.vscode\\extensions\\uqbar.wollok-lsp-ide-0.5.3\\out\\server\\src\\server.js:2384:1248)\n    at c:\\Users\\egoytendia\\.vscode\\extensions\\uqbar.wollok-lsp-ide-0.5.3\\out\\server\\src\\server.js:38:6131\n    at D2 (c:\\Users\\egoytendia\\.vscode\\extensions\\uqbar.wollok-lsp-ide-0.5.3\\out\\server\\src\\server.js:2384:42)","timestamp":"2025-12-13T03:51:26.874Z"}
{"level":"info","message":"⌛ Validating parciales/amongUs/nave.wlk","timeElapsed":132,"timestamp":"2025-12-13T03:51:27.009Z"}
{"level":"info","message":"⌛ Validating parciales/amongUs/nave.wlk","timeElapsed":130,"timestamp":"2025-12-13T03:51:27.327Z"}
{"level":"info","message":"⌛ Validating parciales/amongUs/nave.wlk","timeElapsed":119,"timestamp":"2025-12-13T03:51:27.447Z"}
{"level":"info","message":"⌛ Building environment","timeElapsed":106,"timestamp":"2025-12-13T03:51:27.833Z"}
{"level":"info","message":"⌛ Validating parciales/amongUs/nave.wlk","timeElapsed":120,"timestamp":"2025-12-13T03:51:27.955Z"}
{"level":"error","message":"✘ Completions for node If ([12:5, 14:6] - parciales/amongUs/nave.wlk) failed: Error: [If]{75d568} at parciales/amongUs/nave.wlk:12 exhausted all cases without a match [If]{75d568} at parciales/amongUs/nave.wlk:12 exhausted all cases without a match","stack":"Error: [If]{75d568} at parciales/amongUs/nave.wlk:12 exhausted all cases without a match\n    at c:\\Users\\egoytendia\\.vscode\\extensions\\uqbar.wollok-lsp-ide-0.5.3\\out\\server\\src\\server.js:38:6142\n    at D2 (c:\\Users\\egoytendia\\.vscode\\extensions\\uqbar.wollok-lsp-ide-0.5.3\\out\\server\\src\\server.js:2384:42)\n    at Qh (c:\\Users\\egoytendia\\.vscode\\extensions\\uqbar.wollok-lsp-ide-0.5.3\\out\\server\\src\\server.js:2384:1092)\n    at v6n (c:\\Users\\egoytendia\\.vscode\\extensions\\uqbar.wollok-lsp-ide-0.5.3\\out\\server\\src\\server.js:2384:818)\n    at c:\\Users\\egoytendia\\.vscode\\extensions\\uqbar.wollok-lsp-ide-0.5.3\\out\\server\\src\\server.js:38:6131\n    at D2 (c:\\Users\\egoytendia\\.vscode\\extensions\\uqbar.wollok-lsp-ide-0.5.3\\out\\server\\src\\server.js:2384:42)\n    at Qh (c:\\Users\\egoytendia\\.vscode\\extensions\\uqbar.wollok-lsp-ide-0.5.3\\out\\server\\src\\server.js:2384:1092)\n    at k6n (c:\\Users\\egoytendia\\.vscode\\extensions\\uqbar.wollok-lsp-ide-0.5.3\\out\\server\\src\\server.js:2384:1248)\n    at c:\\Users\\egoytendia\\.vscode\\extensions\\uqbar.wollok-lsp-ide-0.5.3\\out\\server\\src\\server.js:38:6131\n    at D2 (c:\\Users\\egoytendia\\.vscode\\extensions\\uqbar.wollok-lsp-ide-0.5.3\\out\\server\\src\\server.js:2384:42)","timestamp":"2025-12-13T03:51:28.073Z"}
{"level":"info","message":"⌛ Validating parciales/amongUs/nave.wlk","timeElapsed":119,"timestamp":"2025-12-13T03:51:28.283Z"}
{"level":"info","message":"⌛ Validating parciales/amongUs/nave.wlk","timeElapsed":121,"timestamp":"2025-12-13T03:51:28.404Z"}
{"level":"info","message":"⌛ Building environment","timeElapsed":107,"timestamp":"2025-12-13T03:51:28.594Z"}
{"level":"info","message":"⌛ Validating parciales/amongUs/nave.wlk","timeElapsed":111,"timestamp":"2025-12-13T03:51:28.715Z"}
{"level":"info","message":"⌛ Validating parciales/amongUs/nave.wlk","timeElapsed":134,"timestamp":"2025-12-13T03:51:28.854Z"}
{"level":"info","message":"⌛ Building environment","timeElapsed":136,"timestamp":"2025-12-13T03:51:29.015Z"}
{"level":"info","message":"⌛ Validating parciales/amongUs/nave.wlk","timeElapsed":127,"timestamp":"2025-12-13T03:51:29.143Z"}
{"level":"info","message":"⌛ Validating parciales/amongUs/nave.wlk","timeElapsed":123,"timestamp":"2025-12-13T03:51:29.706Z"}
{"level":"info","message":"⌛ Validating parciales/amongUs/nave.wlk","timeElapsed":107,"timestamp":"2025-12-13T03:51:29.814Z"}
{"level":"info","message":"⌛ Validating parciales/amongUs/nave.wlk","timeElapsed":111,"timestamp":"2025-12-13T03:51:30.396Z"}
{"level":"info","message":"⌛ Validating parciales/amongUs/nave.wlk","timeElapsed":115,"timestamp":"2025-12-13T03:51:32.810Z"}
{"level":"info","message":"⌛ Validating parciales/amongUs/nave.wlk","timeElapsed":112,"timestamp":"2025-12-13T03:51:33.310Z"}
{"level":"info","message":"⌛ Validating parciales/amongUs/nave.wlk","timeElapsed":165,"timestamp":"2025-12-13T03:51:34.133Z"}
{"level":"info","message":"⌛ Building environment","timeElapsed":177,"timestamp":"2025-12-13T03:51:34.311Z"}
{"level":"info","message":"⌛ Validating parciales/amongUs/nave.wlk","timeElapsed":123,"timestamp":"2025-12-13T03:51:34.438Z"}
{"level":"info","message":"⌛ Building environment","timeElapsed":108,"timestamp":"2025-12-13T03:51:35.168Z"}
{"level":"info","message":"⌛ Validating parciales/amongUs/nave.wlk","timeElapsed":121,"timestamp":"2025-12-13T03:51:35.290Z"}
{"level":"info","message":"⌛ Validating parciales/amongUs/nave.wlk","timeElapsed":123,"timestamp":"2025-12-13T03:51:35.676Z"}
{"level":"info","message":"⌛ Validating parciales/amongUs/nave.wlk","timeElapsed":112,"timestamp":"2025-12-13T03:51:35.788Z"}
{"level":"info","message":"⌛ Validating parciales/amongUs/nave.wlk","timeElapsed":112,"timestamp":"2025-12-13T03:51:36.076Z"}
{"level":"info","message":"⌛ Building environment","timeElapsed":142,"timestamp":"2025-12-13T03:51:36.220Z"}
{"level":"info","message":"⌛ Validating parciales/amongUs/nave.wlk","timeElapsed":133,"timestamp":"2025-12-13T03:51:36.360Z"}
{"level":"info","message":"⌛ Validating parciales/amongUs/nave.wlk","timeElapsed":130,"timestamp":"2025-12-13T03:51:36.490Z"}
{"level":"info","message":"⌛ Validating parciales/amongUs/nave.wlk","timeElapsed":132,"timestamp":"2025-12-13T03:51:36.624Z"}
{"level":"info","message":"⌛ Validating parciales/amongUs/nave.wlk","timeElapsed":117,"timestamp":"2025-12-13T03:51:59.873Z"}
{"level":"info","message":"⌛ Building environment","timeElapsed":114,"timestamp":"2025-12-13T03:55:03.473Z"}
{"level":"error","message":"✘ Completions for node If ([12:5, 14:6] - parciales/amongUs/nave.wlk) failed: Error: [If]{f47379} at parciales/amongUs/nave.wlk:12 exhausted all cases without a match [If]{f47379} at parciales/amongUs/nave.wlk:12 exhausted all cases without a match","stack":"Error: [If]{f47379} at parciales/amongUs/nave.wlk:12 exhausted all cases without a match\n    at c:\\Users\\egoytendia\\.vscode\\extensions\\uqbar.wollok-lsp-ide-0.5.3\\out\\server\\src\\server.js:38:6142\n    at D2 (c:\\Users\\egoytendia\\.vscode\\extensions\\uqbar.wollok-lsp-ide-0.5.3\\out\\server\\src\\server.js:2384:42)\n    at Qh (c:\\Users\\egoytendia\\.vscode\\extensions\\uqbar.wollok-lsp-ide-0.5.3\\out\\server\\src\\server.js:2384:1092)\n    at v6n (c:\\Users\\egoytendia\\.vscode\\extensions\\uqbar.wollok-lsp-ide-0.5.3\\out\\server\\src\\server.js:2384:818)\n    at c:\\Users\\egoytendia\\.vscode\\extensions\\uqbar.wollok-lsp-ide-0.5.3\\out\\server\\src\\server.js:38:6131\n    at D2 (c:\\Users\\egoytendia\\.vscode\\extensions\\uqbar.wollok-lsp-ide-0.5.3\\out\\server\\src\\server.js:2384:42)\n    at Qh (c:\\Users\\egoytendia\\.vscode\\extensions\\uqbar.wollok-lsp-ide-0.5.3\\out\\server\\src\\server.js:2384:1092)\n    at k6n (c:\\Users\\egoytendia\\.vscode\\extensions\\uqbar.wollok-lsp-ide-0.5.3\\out\\server\\src\\server.js:2384:1248)\n    at c:\\Users\\egoytendia\\.vscode\\extensions\\uqbar.wollok-lsp-ide-0.5.3\\out\\server\\src\\server.js:38:6131\n    at D2 (c:\\Users\\egoytendia\\.vscode\\extensions\\uqbar.wollok-lsp-ide-0.5.3\\out\\server\\src\\server.js:2384:42)","timestamp":"2025-12-13T03:55:03.559Z"}
{"level":"info","message":"⌛ Validating parciales/amongUs/nave.wlk","timeElapsed":122,"timestamp":"2025-12-13T03:55:03.687Z"}
{"level":"info","message":"⌛ Validating parciales/amongUs/nave.wlk","timeElapsed":122,"timestamp":"2025-12-13T03:55:03.995Z"}
{"level":"info","message":"⌛ Validating parciales/amongUs/nave.wlk","timeElapsed":120,"timestamp":"2025-12-13T03:55:04.198Z"}
{"level":"info","message":"⌛ Validating parciales/amongUs/nave.wlk","timeElapsed":124,"timestamp":"2025-12-13T03:55:04.410Z"}
{"level":"info","message":"⌛ Validating parciales/amongUs/nave.wlk","timeElapsed":119,"timestamp":"2025-12-13T03:55:04.535Z"}
{"level":"info","message":"⌛ Building environment","timeElapsed":122,"timestamp":"2025-12-13T03:55:05.021Z"}
{"level":"info","message":"⌛ Validating parciales/amongUs/nave.wlk","timeElapsed":117,"timestamp":"2025-12-13T03:55:05.138Z"}
{"level":"info","message":"⌛ Building environment","timeElapsed":102,"timestamp":"2025-12-13T03:55:05.240Z"}
{"level":"info","message":"⌛ Validating parciales/amongUs/nave.wlk","timeElapsed":163,"timestamp":"2025-12-13T03:55:05.487Z"}
{"level":"info","message":"⌛ Validating parciales/amongUs/nave.wlk","timeElapsed":112,"timestamp":"2025-12-13T03:55:05.599Z"}
{"level":"info","message":"⌛ Validating parciales/amongUs/nave.wlk","timeElapsed":132,"timestamp":"2025-12-13T03:55:05.825Z"}
{"level":"info","message":"⌛ Building environment","timeElapsed":108,"timestamp":"2025-12-13T03:55:06.103Z"}
{"level":"info","message":"⌛ Validating parciales/amongUs/nave.wlk","timeElapsed":115,"timestamp":"2025-12-13T03:55:06.218Z"}
{"level":"error","message":"✘ Completions for node If ([12:5, 14:6] - parciales/amongUs/nave.wlk) failed: Error: [If]{74bc94} at parciales/amongUs/nave.wlk:12 exhausted all cases without a match [If]{74bc94} at parciales/amongUs/nave.wlk:12 exhausted all cases without a match","stack":"Error: [If]{74bc94} at parciales/amongUs/nave.wlk:12 exhausted all cases without a match\n    at c:\\Users\\egoytendia\\.vscode\\extensions\\uqbar.wollok-lsp-ide-0.5.3\\out\\server\\src\\server.js:38:6142\n    at D2 (c:\\Users\\egoytendia\\.vscode\\extensions\\uqbar.wollok-lsp-ide-0.5.3\\out\\server\\src\\server.js:2384:42)\n    at Qh (c:\\Users\\egoytendia\\.vscode\\extensions\\uqbar.wollok-lsp-ide-0.5.3\\out\\server\\src\\server.js:2384:1092)\n    at v6n (c:\\Users\\egoytendia\\.vscode\\extensions\\uqbar.wollok-lsp-ide-0.5.3\\out\\server\\src\\server.js:2384:818)\n    at c:\\Users\\egoytendia\\.vscode\\extensions\\uqbar.wollok-lsp-ide-0.5.3\\out\\server\\src\\server.js:38:6131\n    at D2 (c:\\Users\\egoytendia\\.vscode\\extensions\\uqbar.wollok-lsp-ide-0.5.3\\out\\server\\src\\server.js:2384:42)\n    at Qh (c:\\Users\\egoytendia\\.vscode\\extensions\\uqbar.wollok-lsp-ide-0.5.3\\out\\server\\src\\server.js:2384:1092)\n    at k6n (c:\\Users\\egoytendia\\.vscode\\extensions\\uqbar.wollok-lsp-ide-0.5.3\\out\\server\\src\\server.js:2384:1248)\n    at c:\\Users\\egoytendia\\.vscode\\extensions\\uqbar.wollok-lsp-ide-0.5.3\\out\\server\\src\\server.js:38:6131\n    at D2 (c:\\Users\\egoytendia\\.vscode\\extensions\\uqbar.wollok-lsp-ide-0.5.3\\out\\server\\src\\server.js:2384:42)","timestamp":"2025-12-13T03:55:06.332Z"}
{"level":"info","message":"⌛ Validating parciales/amongUs/nave.wlk","timeElapsed":112,"timestamp":"2025-12-13T03:55:06.531Z"}
{"level":"info","message":"⌛ Validating parciales/amongUs/nave.wlk","timeElapsed":105,"timestamp":"2025-12-13T03:55:06.637Z"}
{"level":"info","message":"⌛ Building environment","timeElapsed":129,"timestamp":"2025-12-13T03:55:06.927Z"}
{"level":"info","message":"⌛ Validating parciales/amongUs/nave.wlk","timeElapsed":112,"timestamp":"2025-12-13T03:55:07.045Z"}
{"level":"info","message":"⌛ Building environment","timeElapsed":122,"timestamp":"2025-12-13T03:55:07.538Z"}
{"level":"info","message":"⌛ Validating parciales/amongUs/nave.wlk","timeElapsed":116,"timestamp":"2025-12-13T03:55:07.654Z"}
{"level":"info","message":"⌛ Building environment","timeElapsed":107,"timestamp":"2025-12-13T03:55:07.880Z"}
{"level":"info","message":"⌛ Validating parciales/amongUs/nave.wlk","timeElapsed":152,"timestamp":"2025-12-13T03:55:08.032Z"}
{"level":"info","message":"⌛ Building environment","timeElapsed":116,"timestamp":"2025-12-13T03:55:08.277Z"}
{"level":"info","message":"⌛ Validating parciales/amongUs/nave.wlk","timeElapsed":118,"timestamp":"2025-12-13T03:55:08.396Z"}
{"level":"info","message":"⌛ Building environment","timeElapsed":127,"timestamp":"2025-12-13T03:55:09.038Z"}
{"level":"info","message":"⌛ Building environment","timeElapsed":120,"timestamp":"2025-12-13T03:55:09.201Z"}
{"level":"info","message":"⌛ Validating parciales/amongUs/nave.wlk","timeElapsed":118,"timestamp":"2025-12-13T03:55:09.320Z"}
{"level":"info","message":"⌛ Validating parciales/amongUs/nave.wlk","timeElapsed":125,"timestamp":"2025-12-13T03:55:09.532Z"}
{"level":"info","message":"⌛ Validating parciales/amongUs/nave.wlk","timeElapsed":160,"timestamp":"2025-12-13T03:55:09.782Z"}
{"level":"info","message":"⌛ Validating parciales/amongUs/nave.wlk","timeElapsed":112,"timestamp":"2025-12-13T03:55:10.062Z"}
{"level":"info","message":"⌛ Validating parciales/amongUs/nave.wlk","timeElapsed":101,"timestamp":"2025-12-13T03:55:10.168Z"}
{"level":"info","message":"⌛ Validating parciales/amongUs/nave.wlk","timeElapsed":114,"timestamp":"2025-12-13T03:55:10.283Z"}
{"level":"info","message":"⌛ Validating parciales/amongUs/nave.wlk","timeElapsed":111,"timestamp":"2025-12-13T03:55:10.469Z"}
{"level":"info","message":"⌛ Building environment","timeElapsed":144,"timestamp":"2025-12-13T03:55:11.050Z"}
{"level":"info","message":"⌛ Validating parciales/amongUs/nave.wlk","timeElapsed":117,"timestamp":"2025-12-13T03:55:11.173Z"}
{"level":"info","message":"⌛ Validating parciales/amongUs/nave.wlk","timeElapsed":111,"timestamp":"2025-12-13T03:55:12.192Z"}
{"level":"info","message":"⌛ Validating parciales/amongUs/nave.wlk","timeElapsed":136,"timestamp":"2025-12-13T03:55:12.406Z"}
{"level":"info","message":"⌛ Building environment","timeElapsed":121,"timestamp":"2025-12-13T03:55:13.197Z"}
{"level":"info","message":"⌛ Validating parciales/amongUs/nave.wlk","timeElapsed":116,"timestamp":"2025-12-13T03:55:13.404Z"}
{"level":"info","message":"⌛ Validating parciales/amongUs/nave.wlk","timeElapsed":129,"timestamp":"2025-12-13T03:55:13.614Z"}
{"level":"info","message":"⌛ Validating parciales/amongUs/nave.wlk","timeElapsed":111,"timestamp":"2025-12-13T03:55:13.807Z"}
{"level":"info","message":"⌛ Validating parciales/amongUs/nave.wlk","timeElapsed":106,"timestamp":"2025-12-13T03:55:13.996Z"}
{"level":"info","message":"⌛ Building environment","timeElapsed":175,"timestamp":"2025-12-13T03:55:14.171Z"}
{"level":"info","message":"⌛ Building environment","timeElapsed":115,"timestamp":"2025-12-13T03:55:14.287Z"}
{"level":"info","message":"⌛ Validating parciales/amongUs/nave.wlk","timeElapsed":129,"timestamp":"2025-12-13T03:55:14.417Z"}
{"level":"info","message":"⌛ Validating parciales/amongUs/nave.wlk","timeElapsed":120,"timestamp":"2025-12-13T03:55:14.619Z"}
{"level":"info","message":"⌛ Validating parciales/amongUs/nave.wlk","timeElapsed":111,"timestamp":"2025-12-13T03:55:14.815Z"}
{"level":"info","message":"⌛ Validating parciales/amongUs/nave.wlk","timeElapsed":118,"timestamp":"2025-12-13T03:55:15.172Z"}
{"level":"info","message":"⌛ Building environment","timeElapsed":144,"timestamp":"2025-12-13T03:55:15.319Z"}
{"level":"info","message":"⌛ Validating parciales/amongUs/nave.wlk","timeElapsed":124,"timestamp":"2025-12-13T03:55:15.528Z"}
{"level":"info","message":"⌛ Validating parciales/amongUs/nave.wlk","timeElapsed":124,"timestamp":"2025-12-13T03:55:15.656Z"}
{"level":"info","message":"⌛ Validating parciales/amongUs/nave.wlk","timeElapsed":108,"timestamp":"2025-12-13T03:55:15.766Z"}
{"level":"info","message":"⌛ Validating parciales/amongUs/nave.wlk","timeElapsed":118,"timestamp":"2025-12-13T03:55:15.884Z"}
{"level":"info","message":"⌛ Validating parciales/amongUs/nave.wlk","timeElapsed":116,"timestamp":"2025-12-13T03:55:16.088Z"}
{"level":"info","message":"⌛ Validating parciales/amongUs/nave.wlk","timeElapsed":111,"timestamp":"2025-12-13T03:55:16.199Z"}
{"level":"info","message":"⌛ Building environment","timeElapsed":127,"timestamp":"2025-12-13T03:55:16.492Z"}
{"level":"info","message":"⌛ Building environment","timeElapsed":137,"timestamp":"2025-12-13T03:55:16.712Z"}
{"level":"info","message":"⌛ Validating parciales/amongUs/nave.wlk","timeElapsed":111,"timestamp":"2025-12-13T03:55:16.823Z"}
{"level":"info","message":"⌛ Validating parciales/amongUs/nave.wlk","timeElapsed":115,"timestamp":"2025-12-13T03:55:17.187Z"}
{"level":"info","message":"⌛ Validating parciales/amongUs/nave.wlk","timeElapsed":112,"timestamp":"2025-12-13T03:55:17.397Z"}
{"level":"info","message":"⌛ Validating parciales/amongUs/nave.wlk","timeElapsed":116,"timestamp":"2025-12-13T03:55:17.591Z"}
{"level":"info","message":"⌛ Validating parciales/amongUs/nave.wlk","timeElapsed":111,"timestamp":"2025-12-13T03:55:17.790Z"}
{"level":"info","message":"⌛ Validating parciales/amongUs/nave.wlk","timeElapsed":111,"timestamp":"2025-12-13T03:55:17.979Z"}
{"level":"info","message":"⌛ Validating parciales/amongUs/nave.wlk","timeElapsed":110,"timestamp":"2025-12-13T03:55:18.164Z"}
{"level":"info","message":"⌛ Validating parciales/amongUs/nave.wlk","timeElapsed":107,"timestamp":"2025-12-13T03:55:18.271Z"}
{"level":"info","message":"⌛ Validating parciales/amongUs/nave.wlk","timeElapsed":124,"timestamp":"2025-12-13T03:55:18.571Z"}
{"level":"info","message":"⌛ Validating parciales/amongUs/nave.wlk","timeElapsed":115,"timestamp":"2025-12-13T03:55:18.853Z"}
{"level":"info","message":"⌛ Validating parciales/amongUs/nave.wlk","timeElapsed":102,"timestamp":"2025-12-13T03:55:18.955Z"}
{"level":"info","message":"⌛ Building environment","timeElapsed":280,"timestamp":"2025-12-13T03:55:19.236Z"}
{"level":"info","message":"⌛ Validating parciales/amongUs/nave.wlk","timeElapsed":121,"timestamp":"2025-12-13T03:55:19.357Z"}
{"level":"info","message":"⌛ Validating parciales/amongUs/nave.wlk","timeElapsed":106,"timestamp":"2025-12-13T03:55:19.625Z"}
{"level":"info","message":"⌛ Validating parciales/amongUs/nave.wlk","timeElapsed":112,"timestamp":"2025-12-13T03:55:19.818Z"}
{"level":"info","message":"⌛ Validating parciales/amongUs/nave.wlk","timeElapsed":109,"timestamp":"2025-12-13T03:55:20.183Z"}
{"level":"info","message":"⌛ Validating parciales/amongUs/nave.wlk","timeElapsed":104,"timestamp":"2025-12-13T03:55:20.288Z"}
{"level":"info","message":"⌛ Validating parciales/amongUs/nave.wlk","timeElapsed":111,"timestamp":"2025-12-13T03:55:20.482Z"}
{"level":"info","message":"⌛ Validating parciales/amongUs/nave.wlk","timeElapsed":106,"timestamp":"2025-12-13T03:55:20.589Z"}
{"level":"info","message":"⌛ Validating parciales/amongUs/nave.wlk","timeElapsed":101,"timestamp":"2025-12-13T03:55:20.690Z"}
{"level":"info","message":"⌛ Validating parciales/amongUs/nave.wlk","timeElapsed":124,"timestamp":"2025-12-13T03:55:20.814Z"}
{"level":"info","message":"⌛ Validating parciales/amongUs/nave.wlk","timeElapsed":102,"timestamp":"2025-12-13T03:55:20.917Z"}
{"level":"info","message":"⌛ Validating parciales/amongUs/nave.wlk","timeElapsed":136,"timestamp":"2025-12-13T03:55:21.055Z"}
{"level":"info","message":"⌛ Validating parciales/amongUs/nave.wlk","timeElapsed":109,"timestamp":"2025-12-13T03:55:21.209Z"}
{"level":"info","message":"⌛ Validating parciales/amongUs/nave.wlk","timeElapsed":153,"timestamp":"2025-12-13T03:55:21.362Z"}
{"level":"info","message":"⌛ Building environment","timeElapsed":139,"timestamp":"2025-12-13T03:55:40.538Z"}
{"level":"error","message":"✘ Completions for node Parameter ([10:28, 10:29] - parciales/amongUs/nave.wlk) failed: Error: [Parameter]{a57e4f} at parciales/amongUs/nave.wlk:10 exhausted all cases without a match [Parameter]{a57e4f} at parciales/amongUs/nave.wlk:10 exhausted all cases without a match","stack":"Error: [Parameter]{a57e4f} at parciales/amongUs/nave.wlk:10 exhausted all cases without a match\n    at c:\\Users\\egoytendia\\.vscode\\extensions\\uqbar.wollok-lsp-ide-0.5.3\\out\\server\\src\\server.js:38:6142\n    at D2 (c:\\Users\\egoytendia\\.vscode\\extensions\\uqbar.wollok-lsp-ide-0.5.3\\out\\server\\src\\server.js:2384:42)\n    at c:\\Users\\egoytendia\\.vscode\\extensions\\uqbar.wollok-lsp-ide-0.5.3\\out\\server\\src\\server.js:2384:2988\n    at c:\\Users\\egoytendia\\.vscode\\extensions\\uqbar.wollok-lsp-ide-0.5.3\\out\\server\\src\\server.js:2393:8440\n    at c:\\Users\\egoytendia\\.vscode\\extensions\\uqbar.wollok-lsp-ide-0.5.3\\out\\server\\src\\server.js:37:74872\n    at Ye (c:\\Users\\egoytendia\\.vscode\\extensions\\uqbar.wollok-lsp-ide-0.5.3\\out\\server\\src\\server.js:7:8527)\n    at qt (c:\\Users\\egoytendia\\.vscode\\extensions\\uqbar.wollok-lsp-ide-0.5.3\\out\\server\\src\\server.js:7:6189)\n    at ot (c:\\Users\\egoytendia\\.vscode\\extensions\\uqbar.wollok-lsp-ide-0.5.3\\out\\server\\src\\server.js:7:6378)\n    at Immediate._onImmediate (c:\\Users\\egoytendia\\.vscode\\extensions\\uqbar.wollok-lsp-ide-0.5.3\\out\\server\\src\\server.js:7:6142)\n    at process.processImmediate (node:internal/timers:485:21)","timestamp":"2025-12-13T03:55:40.566Z"}
{"level":"info","message":"⌛ Validating parciales/amongUs/nave.wlk","timeElapsed":118,"timestamp":"2025-12-13T03:55:40.778Z"}
{"level":"info","message":"⌛ Validating parciales/amongUs/nave.wlk","timeElapsed":121,"timestamp":"2025-12-13T03:55:40.990Z"}
{"level":"info","message":"⌛ Validating parciales/amongUs/nave.wlk","timeElapsed":116,"timestamp":"2025-12-13T03:55:41.183Z"}
{"level":"info","message":"⌛ Validating parciales/amongUs/nave.wlk","timeElapsed":108,"timestamp":"2025-12-13T03:55:41.454Z"}
{"level":"info","message":"⌛ Validating parciales/amongUs/nave.wlk","timeElapsed":107,"timestamp":"2025-12-13T03:55:41.656Z"}
{"level":"info","message":"⌛ Validating parciales/amongUs/nave.wlk","timeElapsed":109,"timestamp":"2025-12-13T03:55:41.871Z"}
{"level":"error","message":"✘ Completions for node Send ([33:4, 33:30] - parciales/amongUs/jugadores.wlk) failed: Error: [Send]{279321} at parciales/amongUs/jugadores.wlk:33 exhausted all cases without a match [Send]{279321} at parciales/amongUs/jugadores.wlk:33 exhausted all cases without a match","stack":"Error: [Send]{279321} at parciales/amongUs/jugadores.wlk:33 exhausted all cases without a match\n    at c:\\Users\\egoytendia\\.vscode\\extensions\\uqbar.wollok-lsp-ide-0.5.3\\out\\server\\src\\server.js:38:6142\n    at D2 (c:\\Users\\egoytendia\\.vscode\\extensions\\uqbar.wollok-lsp-ide-0.5.3\\out\\server\\src\\server.js:2384:42)\n    at Qh (c:\\Users\\egoytendia\\.vscode\\extensions\\uqbar.wollok-lsp-ide-0.5.3\\out\\server\\src\\server.js:2384:1092)\n    at k6n (c:\\Users\\egoytendia\\.vscode\\extensions\\uqbar.wollok-lsp-ide-0.5.3\\out\\server\\src\\server.js:2384:1248)\n    at c:\\Users\\egoytendia\\.vscode\\extensions\\uqbar.wollok-lsp-ide-0.5.3\\out\\server\\src\\server.js:38:6131\n    at D2 (c:\\Users\\egoytendia\\.vscode\\extensions\\uqbar.wollok-lsp-ide-0.5.3\\out\\server\\src\\server.js:2384:42)\n    at c:\\Users\\egoytendia\\.vscode\\extensions\\uqbar.wollok-lsp-ide-0.5.3\\out\\server\\src\\server.js:2384:2988\n    at c:\\Users\\egoytendia\\.vscode\\extensions\\uqbar.wollok-lsp-ide-0.5.3\\out\\server\\src\\server.js:2393:8440\n    at c:\\Users\\egoytendia\\.vscode\\extensions\\uqbar.wollok-lsp-ide-0.5.3\\out\\server\\src\\server.js:37:74872\n    at Ye (c:\\Users\\egoytendia\\.vscode\\extensions\\uqbar.wollok-lsp-ide-0.5.3\\out\\server\\src\\server.js:7:8527)","timestamp":"2025-12-13T03:55:45.526Z"}
{"level":"info","message":"⌛ Validating parciales/amongUs/jugadores.wlk","timeElapsed":168,"timestamp":"2025-12-13T03:55:45.698Z"}
{"level":"info","message":"⌛ Validating parciales/amongUs/jugadores.wlk","timeElapsed":115,"timestamp":"2025-12-13T03:55:46.075Z"}
{"level":"info","message":"⌛ Validating parciales/amongUs/jugadores.wlk","timeElapsed":105,"timestamp":"2025-12-13T03:55:46.181Z"}
{"level":"info","message":"⌛ Validating parciales/amongUs/jugadores.wlk","timeElapsed":106,"timestamp":"2025-12-13T03:55:46.293Z"}
{"level":"info","message":"⌛ Validating parciales/amongUs/nave.wlk","timeElapsed":129,"timestamp":"2025-12-13T03:56:26.176Z"}
{"level":"info","message":"⌛ Validating parciales/amongUs/nave.wlk","timeElapsed":144,"timestamp":"2025-12-13T03:56:26.425Z"}
{"level":"info","message":"⌛ Building environment","timeElapsed":200,"timestamp":"2025-12-13T03:56:26.715Z"}
{"level":"info","message":"⌛ Validating parciales/amongUs/nave.wlk","timeElapsed":116,"timestamp":"2025-12-13T03:56:26.832Z"}
{"level":"info","message":"⌛ Validating parciales/amongUs/nave.wlk","timeElapsed":131,"timestamp":"2025-12-13T03:56:26.970Z"}
{"level":"info","message":"⌛ Validating parciales/amongUs/nave.wlk","timeElapsed":114,"timestamp":"2025-12-13T03:56:27.567Z"}
{"level":"info","message":"⌛ Validating parciales/amongUs/nave.wlk","timeElapsed":108,"timestamp":"2025-12-13T03:56:36.189Z"}
{"level":"error","message":"✘ Completions for node Send ([13:9, 13:57] - parciales/amongUs/nave.wlk) failed: Error: [Send]{506e0b} at parciales/amongUs/nave.wlk:13 exhausted all cases without a match [Send]{506e0b} at parciales/amongUs/nave.wlk:13 exhausted all cases without a match","stack":"Error: [Send]{506e0b} at parciales/amongUs/nave.wlk:13 exhausted all cases without a match\n    at c:\\Users\\egoytendia\\.vscode\\extensions\\uqbar.wollok-lsp-ide-0.5.3\\out\\server\\src\\server.js:38:6142\n    at D2 (c:\\Users\\egoytendia\\.vscode\\extensions\\uqbar.wollok-lsp-ide-0.5.3\\out\\server\\src\\server.js:2384:42)\n    at c:\\Users\\egoytendia\\.vscode\\extensions\\uqbar.wollok-lsp-ide-0.5.3\\out\\server\\src\\server.js:2384:2988\n    at c:\\Users\\egoytendia\\.vscode\\extensions\\uqbar.wollok-lsp-ide-0.5.3\\out\\server\\src\\server.js:2393:8440\n    at c:\\Users\\egoytendia\\.vscode\\extensions\\uqbar.wollok-lsp-ide-0.5.3\\out\\server\\src\\server.js:37:74872\n    at Ye (c:\\Users\\egoytendia\\.vscode\\extensions\\uqbar.wollok-lsp-ide-0.5.3\\out\\server\\src\\server.js:7:8527)\n    at qt (c:\\Users\\egoytendia\\.vscode\\extensions\\uqbar.wollok-lsp-ide-0.5.3\\out\\server\\src\\server.js:7:6189)\n    at ot (c:\\Users\\egoytendia\\.vscode\\extensions\\uqbar.wollok-lsp-ide-0.5.3\\out\\server\\src\\server.js:7:6378)\n    at Immediate._onImmediate (c:\\Users\\egoytendia\\.vscode\\extensions\\uqbar.wollok-lsp-ide-0.5.3\\out\\server\\src\\server.js:7:6142)\n    at process.processImmediate (node:internal/timers:485:21)","timestamp":"2025-12-13T03:56:36.826Z"}
{"level":"error","message":"✘ Completions for node If ([12:5, 14:6] - parciales/amongUs/nave.wlk) failed: Error: [If]{8b71ca} at parciales/amongUs/nave.wlk:12 exhausted all cases without a match [If]{8b71ca} at parciales/amongUs/nave.wlk:12 exhausted all cases without a match","stack":"Error: [If]{8b71ca} at parciales/amongUs/nave.wlk:12 exhausted all cases without a match\n    at c:\\Users\\egoytendia\\.vscode\\extensions\\uqbar.wollok-lsp-ide-0.5.3\\out\\server\\src\\server.js:38:6142\n    at D2 (c:\\Users\\egoytendia\\.vscode\\extensions\\uqbar.wollok-lsp-ide-0.5.3\\out\\server\\src\\server.js:2384:42)\n    at Qh (c:\\Users\\egoytendia\\.vscode\\extensions\\uqbar.wollok-lsp-ide-0.5.3\\out\\server\\src\\server.js:2384:1092)\n    at v6n (c:\\Users\\egoytendia\\.vscode\\extensions\\uqbar.wollok-lsp-ide-0.5.3\\out\\server\\src\\server.js:2384:818)\n    at c:\\Users\\egoytendia\\.vscode\\extensions\\uqbar.wollok-lsp-ide-0.5.3\\out\\server\\src\\server.js:38:6131\n    at D2 (c:\\Users\\egoytendia\\.vscode\\extensions\\uqbar.wollok-lsp-ide-0.5.3\\out\\server\\src\\server.js:2384:42)\n    at Qh (c:\\Users\\egoytendia\\.vscode\\extensions\\uqbar.wollok-lsp-ide-0.5.3\\out\\server\\src\\server.js:2384:1092)\n    at D2 (c:\\Users\\egoytendia\\.vscode\\extensions\\uqbar.wollok-lsp-ide-0.5.3\\out\\server\\src\\server.js:2384:544)\n    at c:\\Users\\egoytendia\\.vscode\\extensions\\uqbar.wollok-lsp-ide-0.5.3\\out\\server\\src\\server.js:2384:2988\n    at c:\\Users\\egoytendia\\.vscode\\extensions\\uqbar.wollok-lsp-ide-0.5.3\\out\\server\\src\\server.js:2393:8440","timestamp":"2025-12-13T03:56:36.826Z"}
{"level":"info","message":"⌛ Validating parciales/amongUs/nave.wlk","timeElapsed":108,"timestamp":"2025-12-13T03:56:36.938Z"}
{"level":"info","message":"⌛ Building environment","timeElapsed":147,"timestamp":"2025-12-13T03:56:38.353Z"}
{"level":"info","message":"⌛ Validating parciales/amongUs/nave.wlk","timeElapsed":119,"timestamp":"2025-12-13T03:56:38.473Z"}
{"level":"info","message":"⌛ Validating parciales/amongUs/nave.wlk","timeElapsed":119,"timestamp":"2025-12-13T03:56:38.765Z"}
{"level":"info","message":"⌛ Validating parciales/amongUs/nave.wlk","timeElapsed":160,"timestamp":"2025-12-13T03:56:38.926Z"}
{"level":"info","message":"⌛ Building environment","timeElapsed":124,"timestamp":"2025-12-13T03:56:39.052Z"}
{"level":"info","message":"⌛ Validating parciales/amongUs/nave.wlk","timeElapsed":127,"timestamp":"2025-12-13T03:56:39.296Z"}
{"level":"info","message":"⌛ Validating parciales/amongUs/nave.wlk","timeElapsed":158,"timestamp":"2025-12-13T03:56:39.454Z"}
{"level":"error","message":"✘ Completions for node Send ([13:9, 13:53] - parciales/amongUs/nave.wlk) failed: Error: [Send]{40d64d} at parciales/amongUs/nave.wlk:13 exhausted all cases without a match [Send]{40d64d} at parciales/amongUs/nave.wlk:13 exhausted all cases without a match","stack":"Error: [Send]{40d64d} at parciales/amongUs/nave.wlk:13 exhausted all cases without a match\n    at c:\\Users\\egoytendia\\.vscode\\extensions\\uqbar.wollok-lsp-ide-0.5.3\\out\\server\\src\\server.js:38:6142\n    at D2 (c:\\Users\\egoytendia\\.vscode\\extensions\\uqbar.wollok-lsp-ide-0.5.3\\out\\server\\src\\server.js:2384:42)\n    at c:\\Users\\egoytendia\\.vscode\\extensions\\uqbar.wollok-lsp-ide-0.5.3\\out\\server\\src\\server.js:2384:2988\n    at c:\\Users\\egoytendia\\.vscode\\extensions\\uqbar.wollok-lsp-ide-0.5.3\\out\\server\\src\\server.js:2393:8440\n    at c:\\Users\\egoytendia\\.vscode\\extensions\\uqbar.wollok-lsp-ide-0.5.3\\out\\server\\src\\server.js:37:74872\n    at Ye (c:\\Users\\egoytendia\\.vscode\\extensions\\uqbar.wollok-lsp-ide-0.5.3\\out\\server\\src\\server.js:7:8527)\n    at qt (c:\\Users\\egoytendia\\.vscode\\extensions\\uqbar.wollok-lsp-ide-0.5.3\\out\\server\\src\\server.js:7:6189)\n    at ot (c:\\Users\\egoytendia\\.vscode\\extensions\\uqbar.wollok-lsp-ide-0.5.3\\out\\server\\src\\server.js:7:6378)\n    at Immediate._onImmediate (c:\\Users\\egoytendia\\.vscode\\extensions\\uqbar.wollok-lsp-ide-0.5.3\\out\\server\\src\\server.js:7:6142)\n    at process.processImmediate (node:internal/timers:485:21)","timestamp":"2025-12-13T03:56:39.951Z"}
{"level":"error","message":"✘ Completions for node If ([12:5, 14:6] - parciales/amongUs/nave.wlk) failed: Error: [If]{484188} at parciales/amongUs/nave.wlk:12 exhausted all cases without a match [If]{484188} at parciales/amongUs/nave.wlk:12 exhausted all cases without a match","stack":"Error: [If]{484188} at parciales/amongUs/nave.wlk:12 exhausted all cases without a match\n    at c:\\Users\\egoytendia\\.vscode\\extensions\\uqbar.wollok-lsp-ide-0.5.3\\out\\server\\src\\server.js:38:6142\n    at D2 (c:\\Users\\egoytendia\\.vscode\\extensions\\uqbar.wollok-lsp-ide-0.5.3\\out\\server\\src\\server.js:2384:42)\n    at Qh (c:\\Users\\egoytendia\\.vscode\\extensions\\uqbar.wollok-lsp-ide-0.5.3\\out\\server\\src\\server.js:2384:1092)\n    at v6n (c:\\Users\\egoytendia\\.vscode\\extensions\\uqbar.wollok-lsp-ide-0.5.3\\out\\server\\src\\server.js:2384:818)\n    at c:\\Users\\egoytendia\\.vscode\\extensions\\uqbar.wollok-lsp-ide-0.5.3\\out\\server\\src\\server.js:38:6131\n    at D2 (c:\\Users\\egoytendia\\.vscode\\extensions\\uqbar.wollok-lsp-ide-0.5.3\\out\\server\\src\\server.js:2384:42)\n    at Qh (c:\\Users\\egoytendia\\.vscode\\extensions\\uqbar.wollok-lsp-ide-0.5.3\\out\\server\\src\\server.js:2384:1092)\n    at D2 (c:\\Users\\egoytendia\\.vscode\\extensions\\uqbar.wollok-lsp-ide-0.5.3\\out\\server\\src\\server.js:2384:544)\n    at c:\\Users\\egoytendia\\.vscode\\extensions\\uqbar.wollok-lsp-ide-0.5.3\\out\\server\\src\\server.js:2384:2988\n    at c:\\Users\\egoytendia\\.vscode\\extensions\\uqbar.wollok-lsp-ide-0.5.3\\out\\server\\src\\server.js:2393:8440","timestamp":"2025-12-13T03:56:39.951Z"}
{"level":"info","message":"⌛ Validating parciales/amongUs/nave.wlk","timeElapsed":214,"timestamp":"2025-12-13T03:56:40.174Z"}
{"level":"info","message":"⌛ Building environment","timeElapsed":118,"timestamp":"2025-12-13T03:56:40.295Z"}
{"level":"error","message":"✘ Completions for node Send ([13:9, 13:54] - parciales/amongUs/nave.wlk) failed: Error: [Send]{c2ce71} at parciales/amongUs/nave.wlk:13 exhausted all cases without a match [Send]{c2ce71} at parciales/amongUs/nave.wlk:13 exhausted all cases without a match","stack":"Error: [Send]{c2ce71} at parciales/amongUs/nave.wlk:13 exhausted all cases without a match\n    at c:\\Users\\egoytendia\\.vscode\\extensions\\uqbar.wollok-lsp-ide-0.5.3\\out\\server\\src\\server.js:38:6142\n    at D2 (c:\\Users\\egoytendia\\.vscode\\extensions\\uqbar.wollok-lsp-ide-0.5.3\\out\\server\\src\\server.js:2384:42)\n    at c:\\Users\\egoytendia\\.vscode\\extensions\\uqbar.wollok-lsp-ide-0.5.3\\out\\server\\src\\server.js:2384:2988\n    at c:\\Users\\egoytendia\\.vscode\\extensions\\uqbar.wollok-lsp-ide-0.5.3\\out\\server\\src\\server.js:2393:8440\n    at c:\\Users\\egoytendia\\.vscode\\extensions\\uqbar.wollok-lsp-ide-0.5.3\\out\\server\\src\\server.js:37:74872\n    at Ye (c:\\Users\\egoytendia\\.vscode\\extensions\\uqbar.wollok-lsp-ide-0.5.3\\out\\server\\src\\server.js:7:8527)\n    at qt (c:\\Users\\egoytendia\\.vscode\\extensions\\uqbar.wollok-lsp-ide-0.5.3\\out\\server\\src\\server.js:7:6189)\n    at ot (c:\\Users\\egoytendia\\.vscode\\extensions\\uqbar.wollok-lsp-ide-0.5.3\\out\\server\\src\\server.js:7:6378)\n    at Immediate._onImmediate (c:\\Users\\egoytendia\\.vscode\\extensions\\uqbar.wollok-lsp-ide-0.5.3\\out\\server\\src\\server.js:7:6142)\n    at process.processImmediate (node:internal/timers:485:21)","timestamp":"2025-12-13T03:56:40.336Z"}
{"level":"error","message":"✘ Completions for node If ([12:5, 14:6] - parciales/amongUs/nave.wlk) failed: Error: [If]{b46a8c} at parciales/amongUs/nave.wlk:12 exhausted all cases without a match [If]{b46a8c} at parciales/amongUs/nave.wlk:12 exhausted all cases without a match","stack":"Error: [If]{b46a8c} at parciales/amongUs/nave.wlk:12 exhausted all cases without a match\n    at c:\\Users\\egoytendia\\.vscode\\extensions\\uqbar.wollok-lsp-ide-0.5.3\\out\\server\\src\\server.js:38:6142\n    at D2 (c:\\Users\\egoytendia\\.vscode\\extensions\\uqbar.wollok-lsp-ide-0.5.3\\out\\server\\src\\server.js:2384:42)\n    at Qh (c:\\Users\\egoytendia\\.vscode\\extensions\\uqbar.wollok-lsp-ide-0.5.3\\out\\server\\src\\server.js:2384:1092)\n    at v6n (c:\\Users\\egoytendia\\.vscode\\extensions\\uqbar.wollok-lsp-ide-0.5.3\\out\\server\\src\\server.js:2384:818)\n    at c:\\Users\\egoytendia\\.vscode\\extensions\\uqbar.wollok-lsp-ide-0.5.3\\out\\server\\src\\server.js:38:6131\n    at D2 (c:\\Users\\egoytendia\\.vscode\\extensions\\uqbar.wollok-lsp-ide-0.5.3\\out\\server\\src\\server.js:2384:42)\n    at Qh (c:\\Users\\egoytendia\\.vscode\\extensions\\uqbar.wollok-lsp-ide-0.5.3\\out\\server\\src\\server.js:2384:1092)\n    at D2 (c:\\Users\\egoytendia\\.vscode\\extensions\\uqbar.wollok-lsp-ide-0.5.3\\out\\server\\src\\server.js:2384:544)\n    at c:\\Users\\egoytendia\\.vscode\\extensions\\uqbar.wollok-lsp-ide-0.5.3\\out\\server\\src\\server.js:2384:2988\n    at c:\\Users\\egoytendia\\.vscode\\extensions\\uqbar.wollok-lsp-ide-0.5.3\\out\\server\\src\\server.js:2393:8440","timestamp":"2025-12-13T03:56:40.336Z"}
{"level":"info","message":"⌛ Validating parciales/amongUs/nave.wlk","timeElapsed":134,"timestamp":"2025-12-13T03:56:40.567Z"}
{"level":"info","message":"⌛ Validating parciales/amongUs/nave.wlk","timeElapsed":115,"timestamp":"2025-12-13T03:56:40.682Z"}
{"level":"error","message":"✘ Completions for node Send ([13:9, 13:56] - parciales/amongUs/nave.wlk) failed: Error: [Send]{2e00b5} at parciales/amongUs/nave.wlk:13 exhausted all cases without a match [Send]{2e00b5} at parciales/amongUs/nave.wlk:13 exhausted all cases without a match","stack":"Error: [Send]{2e00b5} at parciales/amongUs/nave.wlk:13 exhausted all cases without a match\n    at c:\\Users\\egoytendia\\.vscode\\extensions\\uqbar.wollok-lsp-ide-0.5.3\\out\\server\\src\\server.js:38:6142\n    at D2 (c:\\Users\\egoytendia\\.vscode\\extensions\\uqbar.wollok-lsp-ide-0.5.3\\out\\server\\src\\server.js:2384:42)\n    at c:\\Users\\egoytendia\\.vscode\\extensions\\uqbar.wollok-lsp-ide-0.5.3\\out\\server\\src\\server.js:2384:2988\n    at c:\\Users\\egoytendia\\.vscode\\extensions\\uqbar.wollok-lsp-ide-0.5.3\\out\\server\\src\\server.js:2393:8440\n    at c:\\Users\\egoytendia\\.vscode\\extensions\\uqbar.wollok-lsp-ide-0.5.3\\out\\server\\src\\server.js:37:74872\n    at Ye (c:\\Users\\egoytendia\\.vscode\\extensions\\uqbar.wollok-lsp-ide-0.5.3\\out\\server\\src\\server.js:7:8527)\n    at qt (c:\\Users\\egoytendia\\.vscode\\extensions\\uqbar.wollok-lsp-ide-0.5.3\\out\\server\\src\\server.js:7:6189)\n    at ot (c:\\Users\\egoytendia\\.vscode\\extensions\\uqbar.wollok-lsp-ide-0.5.3\\out\\server\\src\\server.js:7:6378)\n    at Immediate._onImmediate (c:\\Users\\egoytendia\\.vscode\\extensions\\uqbar.wollok-lsp-ide-0.5.3\\out\\server\\src\\server.js:7:6142)\n    at process.processImmediate (node:internal/timers:485:21)","timestamp":"2025-12-13T03:56:40.798Z"}
{"level":"error","message":"✘ Completions for node If ([12:5, 14:6] - parciales/amongUs/nave.wlk) failed: Error: [If]{fc4edc} at parciales/amongUs/nave.wlk:12 exhausted all cases without a match [If]{fc4edc} at parciales/amongUs/nave.wlk:12 exhausted all cases without a match","stack":"Error: [If]{fc4edc} at parciales/amongUs/nave.wlk:12 exhausted all cases without a match\n    at c:\\Users\\egoytendia\\.vscode\\extensions\\uqbar.wollok-lsp-ide-0.5.3\\out\\server\\src\\server.js:38:6142\n    at D2 (c:\\Users\\egoytendia\\.vscode\\extensions\\uqbar.wollok-lsp-ide-0.5.3\\out\\server\\src\\server.js:2384:42)\n    at Qh (c:\\Users\\egoytendia\\.vscode\\extensions\\uqbar.wollok-lsp-ide-0.5.3\\out\\server\\src\\server.js:2384:1092)\n    at v6n (c:\\Users\\egoytendia\\.vscode\\extensions\\uqbar.wollok-lsp-ide-0.5.3\\out\\server\\src\\server.js:2384:818)\n    at c:\\Users\\egoytendia\\.vscode\\extensions\\uqbar.wollok-lsp-ide-0.5.3\\out\\server\\src\\server.js:38:6131\n    at D2 (c:\\Users\\egoytendia\\.vscode\\extensions\\uqbar.wollok-lsp-ide-0.5.3\\out\\server\\src\\server.js:2384:42)\n    at Qh (c:\\Users\\egoytendia\\.vscode\\extensions\\uqbar.wollok-lsp-ide-0.5.3\\out\\server\\src\\server.js:2384:1092)\n    at D2 (c:\\Users\\egoytendia\\.vscode\\extensions\\uqbar.wollok-lsp-ide-0.5.3\\out\\server\\src\\server.js:2384:544)\n    at c:\\Users\\egoytendia\\.vscode\\extensions\\uqbar.wollok-lsp-ide-0.5.3\\out\\server\\src\\server.js:2384:2988\n    at c:\\Users\\egoytendia\\.vscode\\extensions\\uqbar.wollok-lsp-ide-0.5.3\\out\\server\\src\\server.js:2393:8440","timestamp":"2025-12-13T03:56:40.798Z"}
{"level":"info","message":"⌛ Validating parciales/amongUs/nave.wlk","timeElapsed":157,"timestamp":"2025-12-13T03:56:41.058Z"}
{"level":"info","message":"⌛ Validating parciales/amongUs/nave.wlk","timeElapsed":120,"timestamp":"2025-12-13T03:56:41.185Z"}
{"level":"info","message":"⌛ Building environment","timeElapsed":108,"timestamp":"2025-12-13T03:56:47.967Z"}
{"level":"error","message":"✘ Completions for node Send ([13:9, 13:58] - parciales/amongUs/nave.wlk) failed: Error: [Send]{b12cbf} at parciales/amongUs/nave.wlk:13 exhausted all cases without a match [Send]{b12cbf} at parciales/amongUs/nave.wlk:13 exhausted all cases without a match","stack":"Error: [Send]{b12cbf} at parciales/amongUs/nave.wlk:13 exhausted all cases without a match\n    at c:\\Users\\egoytendia\\.vscode\\extensions\\uqbar.wollok-lsp-ide-0.5.3\\out\\server\\src\\server.js:38:6142\n    at D2 (c:\\Users\\egoytendia\\.vscode\\extensions\\uqbar.wollok-lsp-ide-0.5.3\\out\\server\\src\\server.js:2384:42)\n    at c:\\Users\\egoytendia\\.vscode\\extensions\\uqbar.wollok-lsp-ide-0.5.3\\out\\server\\src\\server.js:2384:2988\n    at c:\\Users\\egoytendia\\.vscode\\extensions\\uqbar.wollok-lsp-ide-0.5.3\\out\\server\\src\\server.js:2393:8440\n    at c:\\Users\\egoytendia\\.vscode\\extensions\\uqbar.wollok-lsp-ide-0.5.3\\out\\server\\src\\server.js:37:74872\n    at Ye (c:\\Users\\egoytendia\\.vscode\\extensions\\uqbar.wollok-lsp-ide-0.5.3\\out\\server\\src\\server.js:7:8527)\n    at qt (c:\\Users\\egoytendia\\.vscode\\extensions\\uqbar.wollok-lsp-ide-0.5.3\\out\\server\\src\\server.js:7:6189)\n    at ot (c:\\Users\\egoytendia\\.vscode\\extensions\\uqbar.wollok-lsp-ide-0.5.3\\out\\server\\src\\server.js:7:6378)\n    at Immediate._onImmediate (c:\\Users\\egoytendia\\.vscode\\extensions\\uqbar.wollok-lsp-ide-0.5.3\\out\\server\\src\\server.js:7:6142)\n    at process.processImmediate (node:internal/timers:485:21)","timestamp":"2025-12-13T03:56:48.017Z"}
{"level":"error","message":"✘ Completions for node If ([12:5, 14:6] - parciales/amongUs/nave.wlk) failed: Error: [If]{8982c4} at parciales/amongUs/nave.wlk:12 exhausted all cases without a match [If]{8982c4} at parciales/amongUs/nave.wlk:12 exhausted all cases without a match","stack":"Error: [If]{8982c4} at parciales/amongUs/nave.wlk:12 exhausted all cases without a match\n    at c:\\Users\\egoytendia\\.vscode\\extensions\\uqbar.wollok-lsp-ide-0.5.3\\out\\server\\src\\server.js:38:6142\n    at D2 (c:\\Users\\egoytendia\\.vscode\\extensions\\uqbar.wollok-lsp-ide-0.5.3\\out\\server\\src\\server.js:2384:42)\n    at Qh (c:\\Users\\egoytendia\\.vscode\\extensions\\uqbar.wollok-lsp-ide-0.5.3\\out\\server\\src\\server.js:2384:1092)\n    at v6n (c:\\Users\\egoytendia\\.vscode\\extensions\\uqbar.wollok-lsp-ide-0.5.3\\out\\server\\src\\server.js:2384:818)\n    at c:\\Users\\egoytendia\\.vscode\\extensions\\uqbar.wollok-lsp-ide-0.5.3\\out\\server\\src\\server.js:38:6131\n    at D2 (c:\\Users\\egoytendia\\.vscode\\extensions\\uqbar.wollok-lsp-ide-0.5.3\\out\\server\\src\\server.js:2384:42)\n    at Qh (c:\\Users\\egoytendia\\.vscode\\extensions\\uqbar.wollok-lsp-ide-0.5.3\\out\\server\\src\\server.js:2384:1092)\n    at D2 (c:\\Users\\egoytendia\\.vscode\\extensions\\uqbar.wollok-lsp-ide-0.5.3\\out\\server\\src\\server.js:2384:544)\n    at c:\\Users\\egoytendia\\.vscode\\extensions\\uqbar.wollok-lsp-ide-0.5.3\\out\\server\\src\\server.js:2384:2988\n    at c:\\Users\\egoytendia\\.vscode\\extensions\\uqbar.wollok-lsp-ide-0.5.3\\out\\server\\src\\server.js:2393:8440","timestamp":"2025-12-13T03:56:48.017Z"}
{"level":"info","message":"⌛ Validating parciales/amongUs/nave.wlk","timeElapsed":121,"timestamp":"2025-12-13T03:56:48.145Z"}
{"level":"info","message":"⌛ Building environment","timeElapsed":103,"timestamp":"2025-12-13T03:56:48.248Z"}
{"level":"info","message":"⌛ Validating parciales/amongUs/nave.wlk","timeElapsed":122,"timestamp":"2025-12-13T03:56:48.457Z"}
{"level":"info","message":"⌛ Validating parciales/amongUs/nave.wlk","timeElapsed":119,"timestamp":"2025-12-13T03:56:48.576Z"}
{"level":"info","message":"⌛ Building environment","timeElapsed":122,"timestamp":"2025-12-13T03:56:48.701Z"}
{"level":"info","message":"⌛ Validating parciales/amongUs/nave.wlk","timeElapsed":189,"timestamp":"2025-12-13T03:56:49.046Z"}
{"level":"info","message":"⌛ Validating parciales/amongUs/nave.wlk","timeElapsed":104,"timestamp":"2025-12-13T03:56:49.151Z"}
{"level":"info","message":"⌛ Building environment","timeElapsed":112,"timestamp":"2025-12-13T03:59:51.506Z"}
{"level":"info","message":"⌛ Validating parciales/amongUs/nave.wlk","timeElapsed":148,"timestamp":"2025-12-13T03:59:51.832Z"}
{"level":"info","message":"⌛ Building environment","timeElapsed":119,"timestamp":"2025-12-13T03:59:51.952Z"}
{"level":"info","message":"⌛ Validating parciales/amongUs/nave.wlk","timeElapsed":123,"timestamp":"2025-12-13T03:59:52.076Z"}
{"level":"info","message":"⌛ Validating parciales/amongUs/nave.wlk","timeElapsed":122,"timestamp":"2025-12-13T03:59:52.446Z"}
{"level":"info","message":"⌛ Validating parciales/amongUs/nave.wlk","timeElapsed":136,"timestamp":"2025-12-13T03:59:52.765Z"}
{"level":"info","message":"⌛ Validating parciales/amongUs/nave.wlk","timeElapsed":116,"timestamp":"2025-12-13T03:59:53.017Z"}
{"level":"info","message":"⌛ Validating parciales/amongUs/nave.wlk","timeElapsed":121,"timestamp":"2025-12-13T03:59:53.218Z"}
{"level":"info","message":"⌛ Validating parciales/amongUs/nave.wlk","timeElapsed":145,"timestamp":"2025-12-13T03:59:53.448Z"}
{"level":"info","message":"⌛ Validating parciales/amongUs/nave.wlk","timeElapsed":116,"timestamp":"2025-12-13T03:59:53.604Z"}
{"level":"info","message":"⌛ Validating parciales/amongUs/nave.wlk","timeElapsed":105,"timestamp":"2025-12-13T03:59:53.710Z"}
{"level":"info","message":"⌛ Validating parciales/amongUs/nave.wlk","timeElapsed":112,"timestamp":"2025-12-13T03:59:53.823Z"}
{"level":"info","message":"⌛ Building environment","timeElapsed":104,"timestamp":"2025-12-13T03:59:53.928Z"}
{"level":"info","message":"⌛ Validating parciales/amongUs/nave.wlk","timeElapsed":113,"timestamp":"2025-12-13T03:59:54.046Z"}
{"level":"info","message":"⌛ Building environment","timeElapsed":113,"timestamp":"2025-12-13T03:59:54.269Z"}
{"level":"info","message":"⌛ Validating parciales/amongUs/nave.wlk","timeElapsed":115,"timestamp":"2025-12-13T03:59:54.674Z"}
{"level":"info","message":"⌛ Validating parciales/amongUs/nave.wlk","timeElapsed":124,"timestamp":"2025-12-13T03:59:54.798Z"}
{"level":"info","message":"⌛ Validating parciales/amongUs/nave.wlk","timeElapsed":115,"timestamp":"2025-12-13T03:59:54.993Z"}
{"level":"info","message":"⌛ Validating parciales/amongUs/nave.wlk","timeElapsed":109,"timestamp":"2025-12-13T03:59:55.103Z"}
{"level":"info","message":"⌛ Validating parciales/amongUs/nave.wlk","timeElapsed":118,"timestamp":"2025-12-13T03:59:55.386Z"}
{"level":"info","message":"⌛ Validating parciales/amongUs/nave.wlk","timeElapsed":106,"timestamp":"2025-12-13T03:59:55.497Z"}
{"level":"info","message":"⌛ Building environment","timeElapsed":112,"timestamp":"2025-12-13T03:59:55.853Z"}
{"level":"info","message":"⌛ Validating parciales/amongUs/nave.wlk","timeElapsed":115,"timestamp":"2025-12-13T03:59:55.969Z"}
{"level":"info","message":"⌛ Building environment","timeElapsed":151,"timestamp":"2025-12-13T03:59:56.190Z"}
{"level":"info","message":"⌛ Validating parciales/amongUs/nave.wlk","timeElapsed":110,"timestamp":"2025-12-13T03:59:56.412Z"}
{"level":"info","message":"⌛ Validating parciales/amongUs/nave.wlk","timeElapsed":103,"timestamp":"2025-12-13T03:59:56.629Z"}
{"level":"info","message":"⌛ Building environment","timeElapsed":114,"timestamp":"2025-12-13T03:59:56.984Z"}
{"level":"info","message":"⌛ Validating parciales/amongUs/nave.wlk","timeElapsed":114,"timestamp":"2025-12-13T03:59:57.098Z"}
{"level":"info","message":"⌛ Building environment","timeElapsed":131,"timestamp":"2025-12-13T03:59:57.230Z"}
{"level":"info","message":"⌛ Validating parciales/amongUs/nave.wlk","timeElapsed":120,"timestamp":"2025-12-13T03:59:57.434Z"}
{"level":"info","message":"⌛ Validating parciales/amongUs/nave.wlk","timeElapsed":101,"timestamp":"2025-12-13T03:59:57.536Z"}
{"level":"info","message":"⌛ Validating parciales/amongUs/nave.wlk","timeElapsed":114,"timestamp":"2025-12-13T03:59:57.764Z"}
{"level":"info","message":"⌛ Validating parciales/amongUs/nave.wlk","timeElapsed":116,"timestamp":"2025-12-13T03:59:57.959Z"}
{"level":"error","message":"✘ Failed to rebuild document Failed to parse parciales/amongUs/nave.wlk: \n-- PARSING FAILED --------------------------------------------------\n\n   8 |   }\n   9 | \n> 10 |   method (jugador) {\n     |          ^\n  11 |     const tareas = self.tareasDeJugadores()\n  12 |     if(tareas.isEmpty()){\n\nExpected one of the following: \n\n'!=', '!==', '%', '&&', '*', '**', '+', '-', '->', '..', '..<', '/', '<', '<<', '<<<', '<=', '<=>', '<>', '==', '===', '>', '>..', '>=', '>>', '>>>', '?:', 'and', 'invert', 'negate', 'or', 'plus', '||', identifier, whitespace\n","stack":"Error: Failed to parse parciales/amongUs/nave.wlk: \n-- PARSING FAILED --------------------------------------------------\n\n   8 |   }\n   9 | \n> 10 |   method (jugador) {\n     |          ^\n  11 |     const tareas = self.tareasDeJugadores()\n  12 |     if(tareas.isEmpty()){\n\nExpected one of the following: \n\n'!=', '!==', '%', '&&', '*', '**', '+', '-', '->', '..', '..<', '/', '<', '<<', '<<<', '<=', '<=>', '<>', '==', '===', '>', '>..', '>=', '>>', '>>>', '?:', 'and', 'invert', 'negate', 'or', 'plus', '||', identifier, whitespace\n\n    at c:\\Users\\egoytendia\\.vscode\\extensions\\uqbar.wollok-lsp-ide-0.5.3\\out\\server\\src\\server.js:2348:13026\n    at Array.map (<anonymous>)\n    at W1n (c:\\Users\\egoytendia\\.vscode\\extensions\\uqbar.wollok-lsp-ide-0.5.3\\out\\server\\src\\server.js:2348:12950)\n    at U2.buildEnvironmentFrom (c:\\Users\\egoytendia\\.vscode\\extensions\\uqbar.wollok-lsp-ide-0.5.3\\out\\server\\src\\server.js:2393:5254)\n    at U2.updateEnvironmentWith (c:\\Users\\egoytendia\\.vscode\\extensions\\uqbar.wollok-lsp-ide-0.5.3\\out\\server\\src\\server.js:2393:4989)\n    at JF (c:\\Users\\egoytendia\\.vscode\\extensions\\uqbar.wollok-lsp-ide-0.5.3\\out\\server\\src\\server.js:2393:7383)\n    at F3.invoke (c:\\Users\\egoytendia\\.vscode\\extensions\\uqbar.wollok-lsp-ide-0.5.3\\out\\server\\src\\server.js:3:157334)\n    at o.fire (c:\\Users\\egoytendia\\.vscode\\extensions\\uqbar.wollok-lsp-ide-0.5.3\\out\\server\\src\\server.js:3:158104)\n    at c:\\Users\\egoytendia\\.vscode\\extensions\\uqbar.wollok-lsp-ide-0.5.3\\out\\server\\src\\server.js:37:57871\n    at Zr (c:\\Users\\egoytendia\\.vscode\\extensions\\uqbar.wollok-lsp-ide-0.5.3\\out\\server\\src\\server.js:8:1561)","timestamp":"2025-12-13T03:59:57.961Z"}
{"level":"info","message":"⌛ Validating parciales/amongUs/nave.wlk","timeElapsed":115,"timestamp":"2025-12-13T03:59:58.180Z"}
{"level":"info","message":"⌛ Validating parciales/amongUs/nave.wlk","timeElapsed":112,"timestamp":"2025-12-13T03:59:58.706Z"}
{"level":"info","message":"⌛ Validating parciales/amongUs/nave.wlk","timeElapsed":111,"timestamp":"2025-12-13T03:59:58.954Z"}
{"level":"info","message":"⌛ Validating parciales/amongUs/nave.wlk","timeElapsed":103,"timestamp":"2025-12-13T03:59:59.174Z"}
{"level":"info","message":"⌛ Building environment","timeElapsed":305,"timestamp":"2025-12-13T03:59:59.791Z"}
{"level":"info","message":"⌛ Validating parciales/amongUs/nave.wlk","timeElapsed":161,"timestamp":"2025-12-13T04:00:00.152Z"}
{"level":"info","message":"⌛ Building environment","timeElapsed":112,"timestamp":"2025-12-13T04:00:00.264Z"}
{"level":"info","message":"⌛ Validating parciales/amongUs/nave.wlk","timeElapsed":130,"timestamp":"2025-12-13T04:00:00.394Z"}
{"level":"info","message":"⌛ Validating parciales/amongUs/nave.wlk","timeElapsed":102,"timestamp":"2025-12-13T04:00:00.495Z"}
{"level":"info","message":"⌛ Validating parciales/amongUs/nave.wlk","timeElapsed":110,"timestamp":"2025-12-13T04:00:00.718Z"}
{"level":"info","message":"⌛ Validating parciales/amongUs/nave.wlk","timeElapsed":107,"timestamp":"2025-12-13T04:00:00.826Z"}
{"level":"info","message":"⌛ Validating parciales/amongUs/nave.wlk","timeElapsed":108,"timestamp":"2025-12-13T04:00:01.055Z"}
{"level":"info","message":"⌛ Validating parciales/amongUs/nave.wlk","timeElapsed":103,"timestamp":"2025-12-13T04:00:01.291Z"}
{"level":"info","message":"⌛ Validating parciales/amongUs/nave.wlk","timeElapsed":134,"timestamp":"2025-12-13T04:00:01.514Z"}
{"level":"info","message":"⌛ Validating parciales/amongUs/nave.wlk","timeElapsed":106,"timestamp":"2025-12-13T04:00:01.818Z"}
{"level":"info","message":"⌛ Validating parciales/amongUs/nave.wlk","timeElapsed":109,"timestamp":"2025-12-13T04:00:02.089Z"}
{"level":"info","message":"⌛ Building environment","timeElapsed":109,"timestamp":"2025-12-13T04:00:02.242Z"}
{"level":"info","message":"⌛ Validating parciales/amongUs/nave.wlk","timeElapsed":108,"timestamp":"2025-12-13T04:00:02.356Z"}
{"level":"info","message":"⌛ Validating parciales/amongUs/nave.wlk","timeElapsed":109,"timestamp":"2025-12-13T04:00:02.568Z"}
{"level":"info","message":"⌛ Building environment","timeElapsed":116,"timestamp":"2025-12-13T04:00:09.559Z"}
{"level":"info","message":"⌛ Validating parciales/amongUs/jugadores.wlk","timeElapsed":115,"timestamp":"2025-12-13T04:00:09.681Z"}
{"level":"info","message":"⌛ Validating parciales/amongUs/jugadores.wlk","timeElapsed":148,"timestamp":"2025-12-13T04:00:34.612Z"}
{"level":"info","message":"⌛ Validating parciales/amongUs/jugadores.wlk","timeElapsed":125,"timestamp":"2025-12-13T04:00:34.832Z"}
{"level":"info","message":"⌛ Validating parciales/amongUs/jugadores.wlk","timeElapsed":120,"timestamp":"2025-12-13T04:00:35.038Z"}
{"level":"info","message":"⌛ Validating parciales/amongUs/jugadores.wlk","timeElapsed":123,"timestamp":"2025-12-13T04:00:35.167Z"}
{"level":"info","message":"⌛ Building environment","timeElapsed":120,"timestamp":"2025-12-13T04:00:38.362Z"}
{"level":"info","message":"⌛ Validating parciales/amongUs/jugadores.wlk","timeElapsed":112,"timestamp":"2025-12-13T04:00:38.480Z"}
{"level":"info","message":"⌛ Building environment","timeElapsed":114,"timestamp":"2025-12-13T04:00:38.997Z"}
{"level":"info","message":"⌛ Validating parciales/amongUs/jugadores.wlk","timeElapsed":134,"timestamp":"2025-12-13T04:00:39.132Z"}
{"level":"info","message":"⌛ Validating parciales/amongUs/jugadores.wlk","timeElapsed":113,"timestamp":"2025-12-13T04:00:39.415Z"}
{"level":"info","message":"⌛ Validating parciales/amongUs/jugadores.wlk","timeElapsed":103,"timestamp":"2025-12-13T04:00:39.519Z"}
{"level":"info","message":"⌛ Building environment","timeElapsed":119,"timestamp":"2025-12-13T04:00:59.143Z"}
{"level":"info","message":"⌛ Validating parciales/amongUs/jugadores.wlk","timeElapsed":107,"timestamp":"2025-12-13T04:00:59.257Z"}
{"level":"info","message":"⌛ Building environment","timeElapsed":107,"timestamp":"2025-12-13T04:00:59.441Z"}
{"level":"info","message":"⌛ Validating parciales/amongUs/jugadores.wlk","timeElapsed":111,"timestamp":"2025-12-13T04:00:59.556Z"}
{"level":"info","message":"⌛ Validating parciales/amongUs/jugadores.wlk","timeElapsed":119,"timestamp":"2025-12-13T04:01:00.369Z"}
{"level":"info","message":"⌛ Validating parciales/amongUs/jugadores.wlk","timeElapsed":113,"timestamp":"2025-12-13T04:01:00.483Z"}
{"level":"info","message":"⌛ Validating parciales/amongUs/jugadores.wlk","timeElapsed":119,"timestamp":"2025-12-13T04:01:00.686Z"}
{"level":"info","message":"⌛ Building environment","timeElapsed":140,"timestamp":"2025-12-13T04:01:08.449Z"}
{"level":"info","message":"⌛ Validating parciales/amongUs/jugadores.wlk","timeElapsed":112,"timestamp":"2025-12-13T04:01:08.680Z"}
{"level":"info","message":"⌛ Validating parciales/amongUs/jugadores.wlk","timeElapsed":105,"timestamp":"2025-12-13T04:01:08.921Z"}
{"level":"info","message":"⌛ Building environment","timeElapsed":129,"timestamp":"2025-12-13T04:01:09.050Z"}
{"level":"info","message":"⌛ Validating parciales/amongUs/jugadores.wlk","timeElapsed":116,"timestamp":"2025-12-13T04:01:09.262Z"}
{"level":"info","message":"⌛ Validating parciales/amongUs/jugadores.wlk","timeElapsed":106,"timestamp":"2025-12-13T04:01:09.374Z"}
{"level":"info","message":"⌛ Validating parciales/amongUs/jugadores.wlk","timeElapsed":106,"timestamp":"2025-12-13T04:01:09.565Z"}
{"level":"info","message":"⌛ Validating parciales/amongUs/jugadores.wlk","timeElapsed":105,"timestamp":"2025-12-13T04:01:09.857Z"}
{"level":"info","message":"⌛ Validating parciales/amongUs/jugadores.wlk","timeElapsed":111,"timestamp":"2025-12-13T04:01:10.047Z"}
{"level":"info","message":"⌛ Validating parciales/amongUs/jugadores.wlk","timeElapsed":105,"timestamp":"2025-12-13T04:01:10.152Z"}
{"level":"info","message":"⌛ Validating parciales/amongUs/jugadores.wlk","timeElapsed":115,"timestamp":"2025-12-13T04:01:10.275Z"}
{"level":"info","message":"⌛ Validating parciales/amongUs/jugadores.wlk","timeElapsed":132,"timestamp":"2025-12-13T04:01:10.528Z"}
{"level":"error","message":"✘ Failed to rebuild document Failed to parse parciales/amongUs/jugadores.wlk: \n-- PARSING FAILED --------------------------------------------------\n\n  34 |   }\n  35 | \n> 36 |   method () {\n     |          ^\n  37 |     \n  38 |   }\n\nExpected one of the following: \n\n'!=', '!==', '%', '&&', '*', '**', '+', '-', '->', '..', '..<', '/', '<', '<<', '<<<', '<=', '<=>', '<>', '==', '===', '>', '>..', '>=', '>>', '>>>', '?:', 'and', 'invert', 'negate', 'or', 'plus', '||', identifier, whitespace\n","stack":"Error: Failed to parse parciales/amongUs/jugadores.wlk: \n-- PARSING FAILED --------------------------------------------------\n\n  34 |   }\n  35 | \n> 36 |   method () {\n     |          ^\n  37 |     \n  38 |   }\n\nExpected one of the following: \n\n'!=', '!==', '%', '&&', '*', '**', '+', '-', '->', '..', '..<', '/', '<', '<<', '<<<', '<=', '<=>', '<>', '==', '===', '>', '>..', '>=', '>>', '>>>', '?:', 'and', 'invert', 'negate', 'or', 'plus', '||', identifier, whitespace\n\n    at c:\\Users\\egoytendia\\.vscode\\extensions\\uqbar.wollok-lsp-ide-0.5.3\\out\\server\\src\\server.js:2348:13026\n    at Array.map (<anonymous>)\n    at W1n (c:\\Users\\egoytendia\\.vscode\\extensions\\uqbar.wollok-lsp-ide-0.5.3\\out\\server\\src\\server.js:2348:12950)\n    at U2.buildEnvironmentFrom (c:\\Users\\egoytendia\\.vscode\\extensions\\uqbar.wollok-lsp-ide-0.5.3\\out\\server\\src\\server.js:2393:5254)\n    at U2.updateEnvironmentWith (c:\\Users\\egoytendia\\.vscode\\extensions\\uqbar.wollok-lsp-ide-0.5.3\\out\\server\\src\\server.js:2393:4989)\n    at JF (c:\\Users\\egoytendia\\.vscode\\extensions\\uqbar.wollok-lsp-ide-0.5.3\\out\\server\\src\\server.js:2393:7383)\n    at F3.invoke (c:\\Users\\egoytendia\\.vscode\\extensions\\uqbar.wollok-lsp-ide-0.5.3\\out\\server\\src\\server.js:3:157334)\n    at o.fire (c:\\Users\\egoytendia\\.vscode\\extensions\\uqbar.wollok-lsp-ide-0.5.3\\out\\server\\src\\server.js:3:158104)\n    at c:\\Users\\egoytendia\\.vscode\\extensions\\uqbar.wollok-lsp-ide-0.5.3\\out\\server\\src\\server.js:37:57871\n    at Zr (c:\\Users\\egoytendia\\.vscode\\extensions\\uqbar.wollok-lsp-ide-0.5.3\\out\\server\\src\\server.js:8:1561)","timestamp":"2025-12-13T04:01:10.620Z"}
{"level":"info","message":"⌛ Validating parciales/amongUs/jugadores.wlk","timeElapsed":118,"timestamp":"2025-12-13T04:01:10.739Z"}
{"level":"info","message":"⌛ Building environment","timeElapsed":124,"timestamp":"2025-12-13T04:01:10.864Z"}
{"level":"info","message":"⌛ Validating parciales/amongUs/jugadores.wlk","timeElapsed":119,"timestamp":"2025-12-13T04:01:11.110Z"}
{"level":"info","message":"⌛ Validating parciales/amongUs/jugadores.wlk","timeElapsed":109,"timestamp":"2025-12-13T04:01:11.306Z"}
{"level":"info","message":"⌛ Validating parciales/amongUs/jugadores.wlk","timeElapsed":109,"timestamp":"2025-12-13T04:01:11.420Z"}
{"level":"info","message":"⌛ Validating parciales/amongUs/jugadores.wlk","timeElapsed":110,"timestamp":"2025-12-13T04:01:11.662Z"}
{"level":"info","message":"⌛ Validating parciales/amongUs/jugadores.wlk","timeElapsed":103,"timestamp":"2025-12-13T04:01:11.877Z"}
{"level":"info","message":"⌛ Building environment","timeElapsed":114,"timestamp":"2025-12-13T04:01:12.396Z"}
{"level":"info","message":"⌛ Validating parciales/amongUs/jugadores.wlk","timeElapsed":105,"timestamp":"2025-12-13T04:01:12.539Z"}
{"level":"info","message":"⌛ Building environment","timeElapsed":111,"timestamp":"2025-12-13T04:01:12.925Z"}
{"level":"info","message":"⌛ Validating parciales/amongUs/jugadores.wlk","timeElapsed":108,"timestamp":"2025-12-13T04:01:13.153Z"}
{"level":"info","message":"⌛ Building environment","timeElapsed":149,"timestamp":"2025-12-13T04:01:13.303Z"}
{"level":"info","message":"⌛ Validating parciales/amongUs/jugadores.wlk","timeElapsed":107,"timestamp":"2025-12-13T04:01:13.444Z"}
{"level":"info","message":"⌛ Validating parciales/amongUs/jugadores.wlk","timeElapsed":105,"timestamp":"2025-12-13T04:01:13.718Z"}
{"level":"info","message":"⌛ Validating parciales/amongUs/jugadores.wlk","timeElapsed":114,"timestamp":"2025-12-13T04:01:14.029Z"}
{"level":"info","message":"⌛ Validating parciales/amongUs/jugadores.wlk","timeElapsed":116,"timestamp":"2025-12-13T04:01:14.344Z"}
{"level":"info","message":"⌛ Building environment","timeElapsed":116,"timestamp":"2025-12-13T04:01:15.057Z"}
{"level":"info","message":"⌛ Validating parciales/amongUs/jugadores.wlk","timeElapsed":106,"timestamp":"2025-12-13T04:01:15.190Z"}
{"level":"info","message":"⌛ Building environment","timeElapsed":104,"timestamp":"2025-12-13T04:01:15.349Z"}
{"level":"info","message":"⌛ Validating parciales/amongUs/jugadores.wlk","timeElapsed":111,"timestamp":"2025-12-13T04:01:15.498Z"}
{"level":"info","message":"⌛ Building environment","timeElapsed":111,"timestamp":"2025-12-13T04:01:15.706Z"}
{"level":"info","message":"⌛ Validating parciales/amongUs/jugadores.wlk","timeElapsed":128,"timestamp":"2025-12-13T04:01:15.953Z"}
{"level":"info","message":"⌛ Validating parciales/amongUs/jugadores.wlk","timeElapsed":105,"timestamp":"2025-12-13T04:01:16.059Z"}
{"level":"info","message":"⌛ Building environment","timeElapsed":248,"timestamp":"2025-12-13T04:01:16.496Z"}
{"level":"info","message":"⌛ Validating parciales/amongUs/jugadores.wlk","timeElapsed":121,"timestamp":"2025-12-13T04:01:16.651Z"}
{"level":"info","message":"⌛ Validating parciales/amongUs/jugadores.wlk","timeElapsed":112,"timestamp":"2025-12-13T04:01:16.955Z"}
{"level":"info","message":"⌛ Building environment","timeElapsed":112,"timestamp":"2025-12-13T04:01:17.425Z"}
{"level":"info","message":"⌛ Validating parciales/amongUs/jugadores.wlk","timeElapsed":121,"timestamp":"2025-12-13T04:01:17.576Z"}
{"level":"info","message":"⌛ Building environment","timeElapsed":145,"timestamp":"2025-12-13T04:01:18.204Z"}
{"level":"info","message":"⌛ Validating parciales/amongUs/jugadores.wlk","timeElapsed":140,"timestamp":"2025-12-13T04:01:18.352Z"}
{"level":"info","message":"⌛ Building environment","timeElapsed":121,"timestamp":"2025-12-13T04:01:18.777Z"}
{"level":"info","message":"⌛ Building environment","timeElapsed":103,"timestamp":"2025-12-13T04:01:18.970Z"}
{"level":"info","message":"⌛ Building environment","timeElapsed":133,"timestamp":"2025-12-13T04:01:19.103Z"}
{"level":"info","message":"⌛ Validating parciales/amongUs/jugadores.wlk","timeElapsed":117,"timestamp":"2025-12-13T04:01:19.303Z"}
{"level":"info","message":"⌛ Building environment","timeElapsed":102,"timestamp":"2025-12-13T04:01:19.489Z"}
{"level":"info","message":"⌛ Validating parciales/amongUs/jugadores.wlk","timeElapsed":119,"timestamp":"2025-12-13T04:01:19.704Z"}
{"level":"info","message":"⌛ Validating parciales/amongUs/jugadores.wlk","timeElapsed":118,"timestamp":"2025-12-13T04:01:20.076Z"}
{"level":"info","message":"⌛ Building environment","timeElapsed":216,"timestamp":"2025-12-13T04:01:20.540Z"}
{"level":"info","message":"⌛ Validating parciales/amongUs/jugadores.wlk","timeElapsed":119,"timestamp":"2025-12-13T04:01:20.659Z"}
{"level":"info","message":"⌛ Validating parciales/amongUs/jugadores.wlk","timeElapsed":110,"timestamp":"2025-12-13T04:01:20.770Z"}
{"level":"info","message":"⌛ Validating parciales/amongUs/jugadores.wlk","timeElapsed":115,"timestamp":"2025-12-13T04:01:20.963Z"}
{"level":"info","message":"⌛ Validating parciales/amongUs/jugadores.wlk","timeElapsed":106,"timestamp":"2025-12-13T04:01:21.153Z"}
{"level":"info","message":"⌛ Validating parciales/amongUs/jugadores.wlk","timeElapsed":108,"timestamp":"2025-12-13T04:01:21.262Z"}
{"level":"info","message":"⌛ Validating parciales/amongUs/jugadores.wlk","timeElapsed":107,"timestamp":"2025-12-13T04:01:21.444Z"}
{"level":"info","message":"⌛ Validating parciales/amongUs/jugadores.wlk","timeElapsed":106,"timestamp":"2025-12-13T04:01:21.554Z"}
{"level":"info","message":"⌛ Validating parciales/amongUs/jugadores.wlk","timeElapsed":101,"timestamp":"2025-12-13T04:01:21.656Z"}
{"level":"info","message":"⌛ Validating parciales/amongUs/jugadores.wlk","timeElapsed":108,"timestamp":"2025-12-13T04:01:21.766Z"}
{"level":"info","message":"⌛ Validating parciales/amongUs/jugadores.wlk","timeElapsed":108,"timestamp":"2025-12-13T04:01:21.874Z"}
{"level":"info","message":"⌛ Validating parciales/amongUs/jugadores.wlk","timeElapsed":106,"timestamp":"2025-12-13T04:01:21.981Z"}
{"level":"info","message":"⌛ Validating parciales/amongUs/jugadores.wlk","timeElapsed":121,"timestamp":"2025-12-13T04:01:22.302Z"}
{"level":"info","message":"⌛ Validating parciales/amongUs/jugadores.wlk","timeElapsed":158,"timestamp":"2025-12-13T04:01:22.710Z"}
{"level":"info","message":"⌛ Building environment","timeElapsed":130,"timestamp":"2025-12-13T04:01:22.840Z"}
{"level":"info","message":"⌛ Validating parciales/amongUs/jugadores.wlk","timeElapsed":118,"timestamp":"2025-12-13T04:01:22.959Z"}
{"level":"info","message":"⌛ Validating parciales/amongUs/jugadores.wlk","timeElapsed":115,"timestamp":"2025-12-13T04:01:23.079Z"}
{"level":"info","message":"⌛ Validating parciales/amongUs/jugadores.wlk","timeElapsed":113,"timestamp":"2025-12-13T04:01:23.359Z"}
{"level":"info","message":"⌛ Validating parciales/amongUs/jugadores.wlk","timeElapsed":119,"timestamp":"2025-12-13T04:01:23.478Z"}
{"level":"info","message":"⌛ Validating parciales/amongUs/jugadores.wlk","timeElapsed":117,"timestamp":"2025-12-13T04:01:23.725Z"}
{"level":"info","message":"⌛ Validating parciales/amongUs/jugadores.wlk","timeElapsed":120,"timestamp":"2025-12-13T04:01:23.955Z"}
{"level":"info","message":"⌛ Validating parciales/amongUs/jugadores.wlk","timeElapsed":112,"timestamp":"2025-12-13T04:01:24.066Z"}
{"level":"info","message":"⌛ Validating parciales/amongUs/jugadores.wlk","timeElapsed":106,"timestamp":"2025-12-13T04:01:24.347Z"}
{"level":"info","message":"⌛ Validating parciales/amongUs/jugadores.wlk","timeElapsed":103,"timestamp":"2025-12-13T04:01:24.455Z"}
{"level":"info","message":"⌛ Validating parciales/amongUs/jugadores.wlk","timeElapsed":120,"timestamp":"2025-12-13T04:01:24.576Z"}
{"level":"info","message":"⌛ Validating parciales/amongUs/jugadores.wlk","timeElapsed":118,"timestamp":"2025-12-13T04:01:24.696Z"}
{"level":"info","message":"⌛ Validating parciales/amongUs/jugadores.wlk","timeElapsed":121,"timestamp":"2025-12-13T04:01:24.820Z"}
{"level":"info","message":"⌛ Validating parciales/amongUs/jugadores.wlk","timeElapsed":144,"timestamp":"2025-12-13T04:01:24.964Z"}
{"level":"info","message":"⌛ Validating parciales/amongUs/jugadores.wlk","timeElapsed":112,"timestamp":"2025-12-13T04:01:25.076Z"}
{"level":"info","message":"⌛ Building environment","timeElapsed":108,"timestamp":"2025-12-13T04:01:44.872Z"}
{"level":"info","message":"⌛ Validating parciales/amongUs/jugadores.wlk","timeElapsed":116,"timestamp":"2025-12-13T04:01:45.031Z"}
{"level":"info","message":"⌛ Validating parciales/amongUs/jugadores.wlk","timeElapsed":113,"timestamp":"2025-12-13T04:01:45.239Z"}
{"level":"info","message":"⌛ Building environment","timeElapsed":114,"timestamp":"2025-12-13T04:01:46.928Z"}
{"level":"info","message":"⌛ Validating parciales/amongUs/jugadores.wlk","timeElapsed":146,"timestamp":"2025-12-13T04:01:47.224Z"}
{"level":"info","message":"⌛ Validating parciales/amongUs/jugadores.wlk","timeElapsed":110,"timestamp":"2025-12-13T04:01:47.334Z"}
{"level":"info","message":"⌛ Building environment","timeElapsed":217,"timestamp":"2025-12-13T04:01:47.985Z"}
{"level":"info","message":"⌛ Building environment","timeElapsed":106,"timestamp":"2025-12-13T04:01:48.099Z"}
{"level":"info","message":"⌛ Validating parciales/amongUs/jugadores.wlk","timeElapsed":110,"timestamp":"2025-12-13T04:01:48.209Z"}
{"level":"info","message":"⌛ Validating parciales/amongUs/jugadores.wlk","timeElapsed":112,"timestamp":"2025-12-13T04:01:48.329Z"}
{"level":"info","message":"⌛ Building environment","timeElapsed":106,"timestamp":"2025-12-13T04:01:48.544Z"}
{"level":"info","message":"⌛ Validating parciales/amongUs/jugadores.wlk","timeElapsed":118,"timestamp":"2025-12-13T04:01:48.663Z"}
{"level":"info","message":"⌛ Validating parciales/amongUs/jugadores.wlk","timeElapsed":119,"timestamp":"2025-12-13T04:02:08.130Z"}
{"level":"info","message":"⌛ Building environment","timeElapsed":131,"timestamp":"2025-12-13T04:02:08.589Z"}
{"level":"info","message":"⌛ Validating parciales/amongUs/jugadores.wlk","timeElapsed":111,"timestamp":"2025-12-13T04:02:08.700Z"}
{"level":"info","message":"⌛ Building environment","timeElapsed":126,"timestamp":"2025-12-13T04:02:13.609Z"}
{"level":"info","message":"⌛ Validating parciales/amongUs/jugadores.wlk","timeElapsed":117,"timestamp":"2025-12-13T04:02:13.727Z"}
{"level":"info","message":"⌛ Validating parciales/amongUs/jugadores.wlk","timeElapsed":116,"timestamp":"2025-12-13T04:02:13.922Z"}
{"level":"info","message":"⌛ Building environment","timeElapsed":113,"timestamp":"2025-12-13T04:02:14.113Z"}
{"level":"info","message":"⌛ Validating parciales/amongUs/jugadores.wlk","timeElapsed":143,"timestamp":"2025-12-13T04:02:14.258Z"}
{"level":"info","message":"⌛ Building environment","timeElapsed":101,"timestamp":"2025-12-13T04:02:14.435Z"}
{"level":"info","message":"⌛ Validating parciales/amongUs/jugadores.wlk","timeElapsed":113,"timestamp":"2025-12-13T04:02:14.552Z"}
{"level":"info","message":"⌛ Building environment","timeElapsed":104,"timestamp":"2025-12-13T04:02:15.832Z"}
{"level":"info","message":"⌛ Validating parciales/amongUs/jugadores.wlk","timeElapsed":118,"timestamp":"2025-12-13T04:02:15.956Z"}
{"level":"info","message":"⌛ Validating parciales/amongUs/jugadores.wlk","timeElapsed":109,"timestamp":"2025-12-13T04:02:16.146Z"}
{"level":"info","message":"⌛ Building environment","timeElapsed":127,"timestamp":"2025-12-13T04:02:16.628Z"}
{"level":"info","message":"⌛ Validating parciales/amongUs/jugadores.wlk","timeElapsed":121,"timestamp":"2025-12-13T04:02:16.866Z"}
{"level":"info","message":"⌛ Validating parciales/amongUs/jugadores.wlk","timeElapsed":102,"timestamp":"2025-12-13T04:02:16.970Z"}
{"level":"info","message":"⌛ Building environment","timeElapsed":170,"timestamp":"2025-12-13T04:02:17.139Z"}
{"level":"info","message":"⌛ Validating parciales/amongUs/jugadores.wlk","timeElapsed":115,"timestamp":"2025-12-13T04:02:17.257Z"}
{"level":"info","message":"⌛ Validating parciales/amongUs/jugadores.wlk","timeElapsed":115,"timestamp":"2025-12-13T04:02:19.306Z"}
{"level":"info","message":"⌛ Validating parciales/amongUs/jugadores.wlk","timeElapsed":129,"timestamp":"2025-12-13T04:02:19.704Z"}
{"level":"info","message":"⌛ Building environment","timeElapsed":101,"timestamp":"2025-12-13T04:02:19.840Z"}
{"level":"info","message":"⌛ Validating parciales/amongUs/jugadores.wlk","timeElapsed":111,"timestamp":"2025-12-13T04:02:19.957Z"}
{"level":"info","message":"⌛ Validating parciales/amongUs/jugadores.wlk","timeElapsed":136,"timestamp":"2025-12-13T04:02:21.749Z"}
{"level":"info","message":"⌛ Building environment","timeElapsed":105,"timestamp":"2025-12-13T04:02:22.493Z"}
{"level":"info","message":"⌛ Validating parciales/amongUs/jugadores.wlk","timeElapsed":117,"timestamp":"2025-12-13T04:02:22.648Z"}
{"level":"info","message":"⌛ Building environment","timeElapsed":102,"timestamp":"2025-12-13T04:02:22.750Z"}
{"level":"info","message":"⌛ Validating parciales/amongUs/jugadores.wlk","timeElapsed":116,"timestamp":"2025-12-13T04:02:22.867Z"}
{"level":"info","message":"⌛ Building environment","timeElapsed":123,"timestamp":"2025-12-13T04:02:23.251Z"}
{"level":"info","message":"⌛ Validating parciales/amongUs/jugadores.wlk","timeElapsed":119,"timestamp":"2025-12-13T04:02:23.370Z"}
{"level":"info","message":"⌛ Building environment","timeElapsed":103,"timestamp":"2025-12-13T04:02:23.710Z"}
{"level":"info","message":"⌛ Validating parciales/amongUs/jugadores.wlk","timeElapsed":121,"timestamp":"2025-12-13T04:02:23.837Z"}
{"level":"info","message":"⌛ Building environment","timeElapsed":151,"timestamp":"2025-12-13T04:02:25.148Z"}
{"level":"info","message":"⌛ Validating parciales/amongUs/jugadores.wlk","timeElapsed":115,"timestamp":"2025-12-13T04:02:25.270Z"}
{"level":"info","message":"⌛ Validating parciales/amongUs/jugadores.wlk","timeElapsed":113,"timestamp":"2025-12-13T04:02:25.517Z"}
{"level":"info","message":"⌛ Validating parciales/amongUs/jugadores.wlk","timeElapsed":116,"timestamp":"2025-12-13T04:02:25.904Z"}
{"level":"info","message":"⌛ Building environment","timeElapsed":138,"timestamp":"2025-12-13T04:02:26.878Z"}
{"level":"info","message":"⌛ Validating parciales/amongUs/jugadores.wlk","timeElapsed":121,"timestamp":"2025-12-13T04:02:27.008Z"}
{"level":"info","message":"⌛ Validating parciales/amongUs/jugadores.wlk","timeElapsed":121,"timestamp":"2025-12-13T04:02:27.315Z"}
{"level":"info","message":"⌛ Building environment","timeElapsed":107,"timestamp":"2025-12-13T04:02:27.436Z"}
{"level":"info","message":"⌛ Validating parciales/amongUs/jugadores.wlk","timeElapsed":118,"timestamp":"2025-12-13T04:02:27.554Z"}
{"level":"info","message":"⌛ Validating parciales/amongUs/jugadores.wlk","timeElapsed":155,"timestamp":"2025-12-13T04:02:27.834Z"}
{"level":"info","message":"⌛ Building environment","timeElapsed":112,"timestamp":"2025-12-13T04:02:27.956Z"}
{"level":"info","message":"⌛ Validating parciales/amongUs/jugadores.wlk","timeElapsed":110,"timestamp":"2025-12-13T04:02:28.066Z"}
{"level":"info","message":"⌛ Validating parciales/amongUs/jugadores.wlk","timeElapsed":114,"timestamp":"2025-12-13T04:02:28.263Z"}
{"level":"info","message":"⌛ Validating parciales/amongUs/jugadores.wlk","timeElapsed":134,"timestamp":"2025-12-13T04:02:28.564Z"}
{"level":"info","message":"⌛ Building environment","timeElapsed":174,"timestamp":"2025-12-13T04:02:32.410Z"}
{"level":"info","message":"⌛ Validating parciales/amongUs/jugadores.wlk","timeElapsed":163,"timestamp":"2025-12-13T04:02:32.579Z"}
{"level":"info","message":"⌛ Validating parciales/amongUs/jugadores.wlk","timeElapsed":115,"timestamp":"2025-12-13T04:02:32.774Z"}
{"level":"info","message":"⌛ Building environment","timeElapsed":102,"timestamp":"2025-12-13T04:02:36.779Z"}
{"level":"info","message":"⌛ Validating parciales/amongUs/jugadores.wlk","timeElapsed":119,"timestamp":"2025-12-13T04:02:36.900Z"}
{"level":"info","message":"⌛ Validating parciales/amongUs/jugadores.wlk","timeElapsed":116,"timestamp":"2025-12-13T04:02:38.478Z"}
{"level":"info","message":"⌛ Building environment","timeElapsed":114,"timestamp":"2025-12-13T04:02:39.648Z"}
{"level":"info","message":"⌛ Building environment","timeElapsed":219,"timestamp":"2025-12-13T04:02:39.894Z"}
{"level":"info","message":"⌛ Validating parciales/amongUs/jugadores.wlk","timeElapsed":114,"timestamp":"2025-12-13T04:02:40.009Z"}
{"level":"info","message":"⌛ Validating parciales/amongUs/jugadores.wlk","timeElapsed":116,"timestamp":"2025-12-13T04:02:40.211Z"}
{"level":"info","message":"⌛ Validating parciales/amongUs/jugadores.wlk","timeElapsed":111,"timestamp":"2025-12-13T04:02:40.322Z"}
{"level":"info","message":"⌛ Building environment","timeElapsed":208,"timestamp":"2025-12-13T04:02:43.806Z"}
{"level":"info","message":"⌛ Validating parciales/amongUs/jugadores.wlk","timeElapsed":119,"timestamp":"2025-12-13T04:02:44.131Z"}
{"level":"info","message":"⌛ Validating parciales/amongUs/jugadores.wlk","timeElapsed":110,"timestamp":"2025-12-13T04:02:44.323Z"}
{"level":"info","message":"⌛ Validating parciales/amongUs/jugadores.wlk","timeElapsed":128,"timestamp":"2025-12-13T04:02:44.483Z"}
{"level":"info","message":"⌛ Building environment","timeElapsed":107,"timestamp":"2025-12-13T04:02:44.591Z"}
{"level":"info","message":"⌛ Validating parciales/amongUs/jugadores.wlk","timeElapsed":120,"timestamp":"2025-12-13T04:02:44.807Z"}
{"level":"info","message":"⌛ Validating parciales/amongUs/jugadores.wlk","timeElapsed":123,"timestamp":"2025-12-13T04:02:45.196Z"}
{"level":"info","message":"⌛ Validating parciales/amongUs/jugadores.wlk","timeElapsed":104,"timestamp":"2025-12-13T04:02:45.302Z"}
{"level":"info","message":"⌛ Validating parciales/amongUs/jugadores.wlk","timeElapsed":103,"timestamp":"2025-12-13T04:02:45.410Z"}
{"level":"info","message":"⌛ Validating parciales/amongUs/jugadores.wlk","timeElapsed":123,"timestamp":"2025-12-13T04:02:45.532Z"}
{"level":"info","message":"⌛ Validating parciales/amongUs/jugadores.wlk","timeElapsed":121,"timestamp":"2025-12-13T04:02:45.654Z"}
{"level":"info","message":"⌛ Building environment","timeElapsed":142,"timestamp":"2025-12-13T04:02:47.536Z"}
{"level":"info","message":"⌛ Building environment","timeElapsed":109,"timestamp":"2025-12-13T04:02:47.697Z"}
{"level":"info","message":"⌛ Validating parciales/amongUs/jugadores.wlk","timeElapsed":112,"timestamp":"2025-12-13T04:02:47.810Z"}
{"level":"info","message":"⌛ Validating parciales/amongUs/jugadores.wlk","timeElapsed":107,"timestamp":"2025-12-13T04:02:48.031Z"}
{"level":"info","message":"⌛ Validating parciales/amongUs/jugadores.wlk","timeElapsed":107,"timestamp":"2025-12-13T04:02:48.220Z"}
{"level":"info","message":"⌛ Validating parciales/amongUs/jugadores.wlk","timeElapsed":105,"timestamp":"2025-12-13T04:02:48.330Z"}
{"level":"info","message":"⌛ Building environment","timeElapsed":110,"timestamp":"2025-12-13T04:02:48.640Z"}
{"level":"info","message":"⌛ Validating parciales/amongUs/jugadores.wlk","timeElapsed":115,"timestamp":"2025-12-13T04:02:48.868Z"}
{"level":"info","message":"⌛ Validating parciales/amongUs/jugadores.wlk","timeElapsed":113,"timestamp":"2025-12-13T04:02:49.100Z"}
{"level":"info","message":"⌛ Validating parciales/amongUs/jugadores.wlk","timeElapsed":113,"timestamp":"2025-12-13T04:02:49.380Z"}
{"level":"info","message":"⌛ Validating parciales/amongUs/jugadores.wlk","timeElapsed":106,"timestamp":"2025-12-13T04:02:49.485Z"}
{"level":"info","message":"⌛ Building environment","timeElapsed":205,"timestamp":"2025-12-13T04:02:49.843Z"}
{"level":"info","message":"⌛ Validating parciales/amongUs/jugadores.wlk","timeElapsed":123,"timestamp":"2025-12-13T04:02:50.002Z"}
{"level":"info","message":"⌛ Building environment","timeElapsed":121,"timestamp":"2025-12-13T04:02:50.124Z"}
{"level":"info","message":"⌛ Validating parciales/amongUs/jugadores.wlk","timeElapsed":111,"timestamp":"2025-12-13T04:02:50.427Z"}
{"level":"info","message":"⌛ Building environment","timeElapsed":110,"timestamp":"2025-12-13T04:02:50.907Z"}
{"level":"info","message":"⌛ Validating parciales/amongUs/jugadores.wlk","timeElapsed":132,"timestamp":"2025-12-13T04:02:51.073Z"}
{"level":"info","message":"⌛ Building environment","timeElapsed":115,"timestamp":"2025-12-13T04:02:54.246Z"}
{"level":"info","message":"⌛ Validating parciales/amongUs/jugadores.wlk","timeElapsed":102,"timestamp":"2025-12-13T04:02:54.384Z"}
{"level":"info","message":"⌛ Validating parciales/amongUs/jugadores.wlk","timeElapsed":117,"timestamp":"2025-12-13T04:02:56.048Z"}
{"level":"info","message":"⌛ Validating parciales/amongUs/jugadores.wlk","timeElapsed":151,"timestamp":"2025-12-13T04:02:56.494Z"}
{"level":"info","message":"⌛ Validating parciales/amongUs/jugadores.wlk","timeElapsed":119,"timestamp":"2025-12-13T04:02:56.827Z"}
{"level":"info","message":"⌛ Validating parciales/amongUs/jugadores.wlk","timeElapsed":101,"timestamp":"2025-12-13T04:02:56.928Z"}
{"level":"error","message":"✘ Validate text document error: TypeError: Cannot read properties of undefined (reading 'start') Cannot read properties of undefined (reading 'start')","stack":"TypeError: Cannot read properties of undefined (reading 'start')\n    at Idn (c:\\Users\\egoytendia\\.vscode\\extensions\\uqbar.wollok-lsp-ide-0.5.3\\out\\server\\src\\server.js:57:29330)\n    at Fdn (c:\\Users\\egoytendia\\.vscode\\extensions\\uqbar.wollok-lsp-ide-0.5.3\\out\\server\\src\\server.js:57:29768)\n    at c:\\Users\\egoytendia\\.vscode\\extensions\\uqbar.wollok-lsp-ide-0.5.3\\out\\server\\src\\server.js:57:33872\n    at c:\\Users\\egoytendia\\.vscode\\extensions\\uqbar.wollok-lsp-ide-0.5.3\\out\\server\\src\\server.js:57:55944\n    at Array.map (<anonymous>)\n    at c:\\Users\\egoytendia\\.vscode\\extensions\\uqbar.wollok-lsp-ide-0.5.3\\out\\server\\src\\server.js:57:55931\n    at c (c:\\Users\\egoytendia\\.vscode\\extensions\\uqbar.wollok-lsp-ide-0.5.3\\out\\server\\src\\server.js:38:13207)\n    at c:\\Users\\egoytendia\\.vscode\\extensions\\uqbar.wollok-lsp-ide-0.5.3\\out\\server\\src\\server.js:38:13198\n    at Array.reduce (<anonymous>)\n    at c (c:\\Users\\egoytendia\\.vscode\\extensions\\uqbar.wollok-lsp-ide-0.5.3\\out\\server\\src\\server.js:38:13184)","timestamp":"2025-12-13T04:02:57.148Z"}
{"level":"info","message":"⌛ Validating parciales/amongUs/jugadores.wlk","timeElapsed":117,"timestamp":"2025-12-13T04:02:57.148Z"}
{"level":"error","message":"✘ Validate text document error: TypeError: Cannot read properties of undefined (reading 'start') Cannot read properties of undefined (reading 'start')","stack":"TypeError: Cannot read properties of undefined (reading 'start')\n    at Idn (c:\\Users\\egoytendia\\.vscode\\extensions\\uqbar.wollok-lsp-ide-0.5.3\\out\\server\\src\\server.js:57:29330)\n    at Fdn (c:\\Users\\egoytendia\\.vscode\\extensions\\uqbar.wollok-lsp-ide-0.5.3\\out\\server\\src\\server.js:57:29768)\n    at c:\\Users\\egoytendia\\.vscode\\extensions\\uqbar.wollok-lsp-ide-0.5.3\\out\\server\\src\\server.js:57:33872\n    at c:\\Users\\egoytendia\\.vscode\\extensions\\uqbar.wollok-lsp-ide-0.5.3\\out\\server\\src\\server.js:57:55944\n    at Array.map (<anonymous>)\n    at c:\\Users\\egoytendia\\.vscode\\extensions\\uqbar.wollok-lsp-ide-0.5.3\\out\\server\\src\\server.js:57:55931\n    at c (c:\\Users\\egoytendia\\.vscode\\extensions\\uqbar.wollok-lsp-ide-0.5.3\\out\\server\\src\\server.js:38:13207)\n    at c:\\Users\\egoytendia\\.vscode\\extensions\\uqbar.wollok-lsp-ide-0.5.3\\out\\server\\src\\server.js:38:13198\n    at Array.reduce (<anonymous>)\n    at c (c:\\Users\\egoytendia\\.vscode\\extensions\\uqbar.wollok-lsp-ide-0.5.3\\out\\server\\src\\server.js:38:13184)","timestamp":"2025-12-13T04:02:57.352Z"}
{"level":"info","message":"⌛ Validating parciales/amongUs/jugadores.wlk","timeElapsed":117,"timestamp":"2025-12-13T04:02:57.353Z"}
{"level":"info","message":"⌛ Building environment","timeElapsed":261,"timestamp":"2025-12-13T04:02:59.286Z"}
{"level":"error","message":"✘ Completions for node Return ([50:5, 50:13] - parciales/amongUs/jugadores.wlk) failed: Error: [Return]{2b23a7} at parciales/amongUs/jugadores.wlk:50 exhausted all cases without a match [Return]{2b23a7} at parciales/amongUs/jugadores.wlk:50 exhausted all cases without a match","stack":"Error: [Return]{2b23a7} at parciales/amongUs/jugadores.wlk:50 exhausted all cases without a match\n    at c:\\Users\\egoytendia\\.vscode\\extensions\\uqbar.wollok-lsp-ide-0.5.3\\out\\server\\src\\server.js:38:6142\n    at D2 (c:\\Users\\egoytendia\\.vscode\\extensions\\uqbar.wollok-lsp-ide-0.5.3\\out\\server\\src\\server.js:2384:42)\n    at Qh (c:\\Users\\egoytendia\\.vscode\\extensions\\uqbar.wollok-lsp-ide-0.5.3\\out\\server\\src\\server.js:2384:1092)\n    at k6n (c:\\Users\\egoytendia\\.vscode\\extensions\\uqbar.wollok-lsp-ide-0.5.3\\out\\server\\src\\server.js:2384:1248)\n    at c:\\Users\\egoytendia\\.vscode\\extensions\\uqbar.wollok-lsp-ide-0.5.3\\out\\server\\src\\server.js:38:6131\n    at D2 (c:\\Users\\egoytendia\\.vscode\\extensions\\uqbar.wollok-lsp-ide-0.5.3\\out\\server\\src\\server.js:2384:42)\n    at c:\\Users\\egoytendia\\.vscode\\extensions\\uqbar.wollok-lsp-ide-0.5.3\\out\\server\\src\\server.js:2384:2988\n    at c:\\Users\\egoytendia\\.vscode\\extensions\\uqbar.wollok-lsp-ide-0.5.3\\out\\server\\src\\server.js:2393:8440\n    at c:\\Users\\egoytendia\\.vscode\\extensions\\uqbar.wollok-lsp-ide-0.5.3\\out\\server\\src\\server.js:37:74872\n    at Ye (c:\\Users\\egoytendia\\.vscode\\extensions\\uqbar.wollok-lsp-ide-0.5.3\\out\\server\\src\\server.js:7:8527)","timestamp":"2025-12-13T04:02:59.328Z"}
{"level":"info","message":"⌛ Validating parciales/amongUs/jugadores.wlk","timeElapsed":112,"timestamp":"2025-12-13T04:02:59.616Z"}
{"level":"info","message":"⌛ Validating parciales/amongUs/jugadores.wlk","timeElapsed":108,"timestamp":"2025-12-13T04:02:59.725Z"}
{"level":"info","message":"⌛ Validating parciales/amongUs/jugadores.wlk","timeElapsed":103,"timestamp":"2025-12-13T04:02:59.827Z"}
{"level":"info","message":"⌛ Building environment","timeElapsed":117,"timestamp":"2025-12-13T04:03:00.073Z"}
{"level":"info","message":"⌛ Validating parciales/amongUs/jugadores.wlk","timeElapsed":113,"timestamp":"2025-12-13T04:03:00.192Z"}
{"level":"info","message":"⌛ Building environment","timeElapsed":117,"timestamp":"2025-12-13T04:03:07.162Z"}
{"level":"error","message":"✘ Completions for node Send ([37:5, 37:31] - parciales/amongUs/jugadores.wlk) failed: Error: [Send]{996426} at parciales/amongUs/jugadores.wlk:37 exhausted all cases without a match [Send]{996426} at parciales/amongUs/jugadores.wlk:37 exhausted all cases without a match","stack":"Error: [Send]{996426} at parciales/amongUs/jugadores.wlk:37 exhausted all cases without a match\n    at c:\\Users\\egoytendia\\.vscode\\extensions\\uqbar.wollok-lsp-ide-0.5.3\\out\\server\\src\\server.js:38:6142\n    at D2 (c:\\Users\\egoytendia\\.vscode\\extensions\\uqbar.wollok-lsp-ide-0.5.3\\out\\server\\src\\server.js:2384:42)\n    at Qh (c:\\Users\\egoytendia\\.vscode\\extensions\\uqbar.wollok-lsp-ide-0.5.3\\out\\server\\src\\server.js:2384:1092)\n    at k6n (c:\\Users\\egoytendia\\.vscode\\extensions\\uqbar.wollok-lsp-ide-0.5.3\\out\\server\\src\\server.js:2384:1248)\n    at c:\\Users\\egoytendia\\.vscode\\extensions\\uqbar.wollok-lsp-ide-0.5.3\\out\\server\\src\\server.js:38:6131\n    at D2 (c:\\Users\\egoytendia\\.vscode\\extensions\\uqbar.wollok-lsp-ide-0.5.3\\out\\server\\src\\server.js:2384:42)\n    at c:\\Users\\egoytendia\\.vscode\\extensions\\uqbar.wollok-lsp-ide-0.5.3\\out\\server\\src\\server.js:2384:2988\n    at c:\\Users\\egoytendia\\.vscode\\extensions\\uqbar.wollok-lsp-ide-0.5.3\\out\\server\\src\\server.js:2393:8440\n    at c:\\Users\\egoytendia\\.vscode\\extensions\\uqbar.wollok-lsp-ide-0.5.3\\out\\server\\src\\server.js:37:74872\n    at Ye (c:\\Users\\egoytendia\\.vscode\\extensions\\uqbar.wollok-lsp-ide-0.5.3\\out\\server\\src\\server.js:7:8527)","timestamp":"2025-12-13T04:03:07.192Z"}
{"level":"info","message":"⌛ Building environment","timeElapsed":104,"timestamp":"2025-12-13T04:03:07.300Z"}
{"level":"info","message":"⌛ Validating parciales/amongUs/jugadores.wlk","timeElapsed":121,"timestamp":"2025-12-13T04:03:07.422Z"}
{"level":"info","message":"⌛ Building environment","timeElapsed":114,"timestamp":"2025-12-13T04:03:07.537Z"}
{"level":"info","message":"⌛ Validating parciales/amongUs/jugadores.wlk","timeElapsed":118,"timestamp":"2025-12-13T04:03:07.661Z"}
{"level":"info","message":"⌛ Building environment","timeElapsed":131,"timestamp":"2025-12-13T04:03:07.874Z"}
{"level":"info","message":"⌛ Validating parciales/amongUs/jugadores.wlk","timeElapsed":114,"timestamp":"2025-12-13T04:03:08.077Z"}
{"level":"info","message":"⌛ Validating parciales/amongUs/jugadores.wlk","timeElapsed":113,"timestamp":"2025-12-13T04:03:08.279Z"}
{"level":"info","message":"⌛ Validating parciales/amongUs/jugadores.wlk","timeElapsed":114,"timestamp":"2025-12-13T04:03:08.394Z"}
{"level":"info","message":"⌛ Validating parciales/amongUs/jugadores.wlk","timeElapsed":112,"timestamp":"2025-12-13T04:03:08.517Z"}
{"level":"info","message":"⌛ Validating parciales/amongUs/jugadores.wlk","timeElapsed":108,"timestamp":"2025-12-13T04:03:08.625Z"}
{"level":"info","message":"⌛ Building environment","timeElapsed":126,"timestamp":"2025-12-13T04:05:18.342Z"}
{"level":"info","message":"⌛ Validating parciales/amongUs/jugadores.wlk","timeElapsed":117,"timestamp":"2025-12-13T04:05:18.493Z"}
{"level":"info","message":"⌛ Building environment","timeElapsed":121,"timestamp":"2025-12-13T04:05:18.700Z"}
{"level":"info","message":"⌛ Validating parciales/amongUs/jugadores.wlk","timeElapsed":117,"timestamp":"2025-12-13T04:05:18.910Z"}
{"level":"info","message":"⌛ Validating parciales/amongUs/jugadores.wlk","timeElapsed":131,"timestamp":"2025-12-13T04:05:19.042Z"}
{"level":"info","message":"⌛ Building environment","timeElapsed":105,"timestamp":"2025-12-13T04:05:19.207Z"}
{"level":"info","message":"⌛ Validating parciales/amongUs/jugadores.wlk","timeElapsed":141,"timestamp":"2025-12-13T04:05:19.355Z"}
{"level":"info","message":"⌛ Validating parciales/amongUs/jugadores.wlk","timeElapsed":131,"timestamp":"2025-12-13T04:05:21.321Z"}
{"level":"info","message":"⌛ Building environment","timeElapsed":105,"timestamp":"2025-12-13T04:05:21.426Z"}
{"level":"info","message":"⌛ Validating parciales/amongUs/jugadores.wlk","timeElapsed":115,"timestamp":"2025-12-13T04:05:21.680Z"}
{"level":"info","message":"⌛ Validating parciales/amongUs/jugadores.wlk","timeElapsed":106,"timestamp":"2025-12-13T04:05:21.900Z"}
{"level":"info","message":"⌛ Validating parciales/amongUs/jugadores.wlk","timeElapsed":124,"timestamp":"2025-12-13T04:05:22.198Z"}
{"level":"info","message":"⌛ Validating parciales/amongUs/jugadores.wlk","timeElapsed":112,"timestamp":"2025-12-13T04:05:22.310Z"}
{"level":"info","message":"⌛ Validating parciales/amongUs/jugadores.wlk","timeElapsed":105,"timestamp":"2025-12-13T04:05:22.420Z"}
{"level":"info","message":"⌛ Building environment","timeElapsed":104,"timestamp":"2025-12-13T04:05:22.525Z"}
{"level":"info","message":"⌛ Validating parciales/amongUs/jugadores.wlk","timeElapsed":115,"timestamp":"2025-12-13T04:05:22.841Z"}
{"level":"info","message":"⌛ Validating parciales/amongUs/jugadores.wlk","timeElapsed":116,"timestamp":"2025-12-13T04:05:23.039Z"}
{"level":"info","message":"⌛ Validating parciales/amongUs/jugadores.wlk","timeElapsed":111,"timestamp":"2025-12-13T04:05:23.177Z"}
{"level":"info","message":"⌛ Validating parciales/amongUs/jugadores.wlk","timeElapsed":121,"timestamp":"2025-12-13T04:05:23.478Z"}
{"level":"info","message":"⌛ Building environment","timeElapsed":171,"timestamp":"2025-12-13T04:05:23.819Z"}
{"level":"info","message":"⌛ Validating parciales/amongUs/jugadores.wlk","timeElapsed":120,"timestamp":"2025-12-13T04:05:23.970Z"}
{"level":"info","message":"⌛ Validating parciales/amongUs/jugadores.wlk","timeElapsed":107,"timestamp":"2025-12-13T04:05:24.078Z"}
{"level":"info","message":"⌛ Validating parciales/amongUs/jugadores.wlk","timeElapsed":115,"timestamp":"2025-12-13T04:05:24.195Z"}
{"level":"info","message":"⌛ Validating parciales/amongUs/jugadores.wlk","timeElapsed":109,"timestamp":"2025-12-13T04:05:24.304Z"}
{"level":"info","message":"⌛ Validating parciales/amongUs/jugadores.wlk","timeElapsed":104,"timestamp":"2025-12-13T04:05:24.409Z"}
{"level":"info","message":"⌛ Validating parciales/amongUs/jugadores.wlk","timeElapsed":114,"timestamp":"2025-12-13T04:05:24.923Z"}
{"level":"info","message":"⌛ Validating parciales/amongUs/jugadores.wlk","timeElapsed":144,"timestamp":"2025-12-13T04:05:25.069Z"}
{"level":"info","message":"⌛ Validating parciales/amongUs/jugadores.wlk","timeElapsed":101,"timestamp":"2025-12-13T04:05:25.172Z"}
{"level":"info","message":"⌛ Validating parciales/amongUs/jugadores.wlk","timeElapsed":166,"timestamp":"2025-12-13T04:05:25.337Z"}
{"level":"info","message":"⌛ Building environment","timeElapsed":317,"timestamp":"2025-12-13T04:05:36.443Z"}
{"level":"info","message":"⌛ Validating parciales/amongUs/jugadores.wlk","timeElapsed":114,"timestamp":"2025-12-13T04:05:36.776Z"}
{"level":"info","message":"⌛ Building environment","timeElapsed":101,"timestamp":"2025-12-13T04:05:36.878Z"}
{"level":"info","message":"⌛ Validating parciales/amongUs/jugadores.wlk","timeElapsed":114,"timestamp":"2025-12-13T04:05:36.993Z"}
{"level":"info","message":"⌛ Validating parciales/amongUs/jugadores.wlk","timeElapsed":109,"timestamp":"2025-12-13T04:05:37.413Z"}
{"level":"info","message":"⌛ Validating parciales/amongUs/jugadores.wlk","timeElapsed":111,"timestamp":"2025-12-13T04:05:37.524Z"}
{"level":"info","message":"⌛ Validating parciales/amongUs/jugadores.wlk","timeElapsed":126,"timestamp":"2025-12-13T04:05:37.650Z"}
{"level":"info","message":"⌛ Validating parciales/amongUs/jugadores.wlk","timeElapsed":112,"timestamp":"2025-12-13T04:05:37.889Z"}
{"level":"info","message":"⌛ Building environment","timeElapsed":138,"timestamp":"2025-12-13T04:05:39.682Z"}
{"level":"info","message":"⌛ Validating parciales/amongUs/jugadores.wlk","timeElapsed":139,"timestamp":"2025-12-13T04:05:39.821Z"}
{"level":"info","message":"⌛ Building environment","timeElapsed":137,"timestamp":"2025-12-13T04:05:40.054Z"}
{"level":"info","message":"⌛ Validating parciales/amongUs/jugadores.wlk","timeElapsed":115,"timestamp":"2025-12-13T04:05:40.169Z"}
{"level":"info","message":"⌛ Validating parciales/amongUs/jugadores.wlk","timeElapsed":110,"timestamp":"2025-12-13T04:05:40.362Z"}
{"level":"info","message":"⌛ Validating parciales/amongUs/jugadores.wlk","timeElapsed":124,"timestamp":"2025-12-13T04:05:40.486Z"}
{"level":"info","message":"⌛ Building environment","timeElapsed":101,"timestamp":"2025-12-13T04:05:43.198Z"}
{"level":"info","message":"⌛ Validating parciales/amongUs/jugadores.wlk","timeElapsed":109,"timestamp":"2025-12-13T04:05:43.307Z"}
{"level":"info","message":"⌛ Validating parciales/amongUs/jugadores.wlk","timeElapsed":105,"timestamp":"2025-12-13T04:05:47.032Z"}
{"level":"info","message":"⌛ Building environment","timeElapsed":237,"timestamp":"2025-12-13T04:05:48.549Z"}
{"level":"info","message":"⌛ Validating parciales/amongUs/jugadores.wlk","timeElapsed":108,"timestamp":"2025-12-13T04:05:48.695Z"}
{"level":"info","message":"⌛ Building environment","timeElapsed":119,"timestamp":"2025-12-13T04:05:48.962Z"}
{"level":"info","message":"⌛ Validating parciales/amongUs/jugadores.wlk","timeElapsed":109,"timestamp":"2025-12-13T04:05:49.077Z"}
{"level":"info","message":"⌛ Validating parciales/amongUs/jugadores.wlk","timeElapsed":145,"timestamp":"2025-12-13T04:05:49.391Z"}
{"level":"info","message":"⌛ Validating parciales/amongUs/jugadores.wlk","timeElapsed":123,"timestamp":"2025-12-13T04:05:49.515Z"}
{"level":"info","message":"⌛ Building environment","timeElapsed":124,"timestamp":"2025-12-13T04:05:51.199Z"}
{"level":"info","message":"⌛ Validating parciales/amongUs/jugadores.wlk","timeElapsed":117,"timestamp":"2025-12-13T04:05:51.317Z"}
{"level":"info","message":"⌛ Validating parciales/amongUs/jugadores.wlk","timeElapsed":114,"timestamp":"2025-12-13T04:05:53.427Z"}
{"level":"info","message":"⌛ Validating parciales/amongUs/jugadores.wlk","timeElapsed":114,"timestamp":"2025-12-13T04:05:53.623Z"}
{"level":"info","message":"⌛ Building environment","timeElapsed":126,"timestamp":"2025-12-13T04:12:16.555Z"}
{"level":"info","message":"⌛ Validating parciales/amongUs/jugadores.wlk","timeElapsed":145,"timestamp":"2025-12-13T04:12:16.701Z"}
{"level":"info","message":"⌛ Validating parciales/amongUs/jugadores.wlk","timeElapsed":134,"timestamp":"2025-12-13T04:12:16.958Z"}
{"level":"info","message":"⌛ Validating parciales/amongUs/jugadores.wlk","timeElapsed":136,"timestamp":"2025-12-13T04:12:17.847Z"}
{"level":"info","message":"⌛ Validating parciales/amongUs/jugadores.wlk","timeElapsed":108,"timestamp":"2025-12-13T04:12:17.956Z"}
{"level":"info","message":"⌛ Building environment","timeElapsed":108,"timestamp":"2025-12-13T04:12:18.545Z"}
{"level":"info","message":"⌛ Validating parciales/amongUs/jugadores.wlk","timeElapsed":104,"timestamp":"2025-12-13T04:12:18.649Z"}
{"level":"info","message":"⌛ Validating parciales/amongUs/jugadores.wlk","timeElapsed":114,"timestamp":"2025-12-13T04:12:21.253Z"}
{"level":"info","message":"⌛ Validating parciales/amongUs/jugadores.wlk","timeElapsed":115,"timestamp":"2025-12-13T04:12:21.465Z"}
{"level":"info","message":"⌛ Validating parciales/amongUs/jugadores.wlk","timeElapsed":115,"timestamp":"2025-12-13T04:12:21.784Z"}
{"level":"info","message":"⌛ Validating parciales/amongUs/jugadores.wlk","timeElapsed":119,"timestamp":"2025-12-13T04:12:21.904Z"}
{"level":"info","message":"⌛ Validating parciales/amongUs/jugadores.wlk","timeElapsed":102,"timestamp":"2025-12-13T04:12:22.010Z"}
{"level":"info","message":"⌛ Validating parciales/amongUs/jugadores.wlk","timeElapsed":108,"timestamp":"2025-12-13T04:12:22.239Z"}
{"level":"info","message":"⌛ Validating parciales/amongUs/jugadores.wlk","timeElapsed":108,"timestamp":"2025-12-13T04:12:22.557Z"}
{"level":"info","message":"⌛ Validating parciales/amongUs/jugadores.wlk","timeElapsed":108,"timestamp":"2025-12-13T04:12:22.772Z"}
{"level":"info","message":"⌛ Building environment","timeElapsed":111,"timestamp":"2025-12-13T04:12:22.884Z"}
{"level":"info","message":"⌛ Validating parciales/amongUs/jugadores.wlk","timeElapsed":104,"timestamp":"2025-12-13T04:12:22.988Z"}
{"level":"info","message":"⌛ Validating parciales/amongUs/jugadores.wlk","timeElapsed":103,"timestamp":"2025-12-13T04:12:24.201Z"}
{"level":"info","message":"⌛ Building environment","timeElapsed":106,"timestamp":"2025-12-13T04:12:24.318Z"}
{"level":"info","message":"⌛ Validating parciales/amongUs/jugadores.wlk","timeElapsed":111,"timestamp":"2025-12-13T04:12:24.541Z"}
{"level":"info","message":"⌛ Validating parciales/amongUs/jugadores.wlk","timeElapsed":106,"timestamp":"2025-12-13T04:12:24.648Z"}
{"level":"info","message":"⌛ Validating parciales/amongUs/jugadores.wlk","timeElapsed":107,"timestamp":"2025-12-13T04:12:24.942Z"}
{"level":"error","message":"✘ Completions for node Parameter ([48:28, 48:29] - parciales/amongUs/jugadores.wlk) failed: Error: [Parameter]{e074df} at parciales/amongUs/jugadores.wlk:48 exhausted all cases without a match [Parameter]{e074df} at parciales/amongUs/jugadores.wlk:48 exhausted all cases without a match","stack":"Error: [Parameter]{e074df} at parciales/amongUs/jugadores.wlk:48 exhausted all cases without a match\n    at c:\\Users\\egoytendia\\.vscode\\extensions\\uqbar.wollok-lsp-ide-0.5.3\\out\\server\\src\\server.js:38:6142\n    at D2 (c:\\Users\\egoytendia\\.vscode\\extensions\\uqbar.wollok-lsp-ide-0.5.3\\out\\server\\src\\server.js:2384:42)\n    at c:\\Users\\egoytendia\\.vscode\\extensions\\uqbar.wollok-lsp-ide-0.5.3\\out\\server\\src\\server.js:2384:2988\n    at c:\\Users\\egoytendia\\.vscode\\extensions\\uqbar.wollok-lsp-ide-0.5.3\\out\\server\\src\\server.js:2393:8440\n    at c:\\Users\\egoytendia\\.vscode\\extensions\\uqbar.wollok-lsp-ide-0.5.3\\out\\server\\src\\server.js:37:74872\n    at Ye (c:\\Users\\egoytendia\\.vscode\\extensions\\uqbar.wollok-lsp-ide-0.5.3\\out\\server\\src\\server.js:7:8527)\n    at qt (c:\\Users\\egoytendia\\.vscode\\extensions\\uqbar.wollok-lsp-ide-0.5.3\\out\\server\\src\\server.js:7:6189)\n    at ot (c:\\Users\\egoytendia\\.vscode\\extensions\\uqbar.wollok-lsp-ide-0.5.3\\out\\server\\src\\server.js:7:6378)\n    at Immediate._onImmediate (c:\\Users\\egoytendia\\.vscode\\extensions\\uqbar.wollok-lsp-ide-0.5.3\\out\\server\\src\\server.js:7:6142)\n    at process.processImmediate (node:internal/timers:485:21)","timestamp":"2025-12-13T04:12:28.166Z"}
{"level":"info","message":"⌛ Validating parciales/amongUs/jugadores.wlk","timeElapsed":107,"timestamp":"2025-12-13T04:12:28.277Z"}
{"level":"error","message":"✘ Completions for node Parameter ([48:28, 48:30] - parciales/amongUs/jugadores.wlk) failed: Error: [Parameter]{86d2f3} at parciales/amongUs/jugadores.wlk:48 exhausted all cases without a match [Parameter]{86d2f3} at parciales/amongUs/jugadores.wlk:48 exhausted all cases without a match","stack":"Error: [Parameter]{86d2f3} at parciales/amongUs/jugadores.wlk:48 exhausted all cases without a match\n    at c:\\Users\\egoytendia\\.vscode\\extensions\\uqbar.wollok-lsp-ide-0.5.3\\out\\server\\src\\server.js:38:6142\n    at D2 (c:\\Users\\egoytendia\\.vscode\\extensions\\uqbar.wollok-lsp-ide-0.5.3\\out\\server\\src\\server.js:2384:42)\n    at c:\\Users\\egoytendia\\.vscode\\extensions\\uqbar.wollok-lsp-ide-0.5.3\\out\\server\\src\\server.js:2384:2988\n    at c:\\Users\\egoytendia\\.vscode\\extensions\\uqbar.wollok-lsp-ide-0.5.3\\out\\server\\src\\server.js:2393:8440\n    at c:\\Users\\egoytendia\\.vscode\\extensions\\uqbar.wollok-lsp-ide-0.5.3\\out\\server\\src\\server.js:37:74872\n    at Ye (c:\\Users\\egoytendia\\.vscode\\extensions\\uqbar.wollok-lsp-ide-0.5.3\\out\\server\\src\\server.js:7:8527)\n    at qt (c:\\Users\\egoytendia\\.vscode\\extensions\\uqbar.wollok-lsp-ide-0.5.3\\out\\server\\src\\server.js:7:6189)\n    at ot (c:\\Users\\egoytendia\\.vscode\\extensions\\uqbar.wollok-lsp-ide-0.5.3\\out\\server\\src\\server.js:7:6378)\n    at Immediate._onImmediate (c:\\Users\\egoytendia\\.vscode\\extensions\\uqbar.wollok-lsp-ide-0.5.3\\out\\server\\src\\server.js:7:6142)\n    at process.processImmediate (node:internal/timers:485:21)","timestamp":"2025-12-13T04:12:28.377Z"}
{"level":"info","message":"⌛ Validating parciales/amongUs/jugadores.wlk","timeElapsed":113,"timestamp":"2025-12-13T04:12:28.529Z"}
{"level":"info","message":"⌛ Building environment","timeElapsed":118,"timestamp":"2025-12-13T04:12:28.647Z"}
{"level":"error","message":"✘ Completions for node Parameter ([48:28, 48:32] - parciales/amongUs/jugadores.wlk) failed: Error: [Parameter]{075091} at parciales/amongUs/jugadores.wlk:48 exhausted all cases without a match [Parameter]{075091} at parciales/amongUs/jugadores.wlk:48 exhausted all cases without a match","stack":"Error: [Parameter]{075091} at parciales/amongUs/jugadores.wlk:48 exhausted all cases without a match\n    at c:\\Users\\egoytendia\\.vscode\\extensions\\uqbar.wollok-lsp-ide-0.5.3\\out\\server\\src\\server.js:38:6142\n    at D2 (c:\\Users\\egoytendia\\.vscode\\extensions\\uqbar.wollok-lsp-ide-0.5.3\\out\\server\\src\\server.js:2384:42)\n    at c:\\Users\\egoytendia\\.vscode\\extensions\\uqbar.wollok-lsp-ide-0.5.3\\out\\server\\src\\server.js:2384:2988\n    at c:\\Users\\egoytendia\\.vscode\\extensions\\uqbar.wollok-lsp-ide-0.5.3\\out\\server\\src\\server.js:2393:8440\n    at c:\\Users\\egoytendia\\.vscode\\extensions\\uqbar.wollok-lsp-ide-0.5.3\\out\\server\\src\\server.js:37:74872\n    at Ye (c:\\Users\\egoytendia\\.vscode\\extensions\\uqbar.wollok-lsp-ide-0.5.3\\out\\server\\src\\server.js:7:8527)\n    at qt (c:\\Users\\egoytendia\\.vscode\\extensions\\uqbar.wollok-lsp-ide-0.5.3\\out\\server\\src\\server.js:7:6189)\n    at ot (c:\\Users\\egoytendia\\.vscode\\extensions\\uqbar.wollok-lsp-ide-0.5.3\\out\\server\\src\\server.js:7:6378)\n    at Immediate._onImmediate (c:\\Users\\egoytendia\\.vscode\\extensions\\uqbar.wollok-lsp-ide-0.5.3\\out\\server\\src\\server.js:7:6142)\n    at process.processImmediate (node:internal/timers:485:21)","timestamp":"2025-12-13T04:12:28.762Z"}
{"level":"error","message":"✘ Completions for node Parameter ([48:28, 48:33] - parciales/amongUs/jugadores.wlk) failed: Error: [Parameter]{0a0a99} at parciales/amongUs/jugadores.wlk:48 exhausted all cases without a match [Parameter]{0a0a99} at parciales/amongUs/jugadores.wlk:48 exhausted all cases without a match","stack":"Error: [Parameter]{0a0a99} at parciales/amongUs/jugadores.wlk:48 exhausted all cases without a match\n    at c:\\Users\\egoytendia\\.vscode\\extensions\\uqbar.wollok-lsp-ide-0.5.3\\out\\server\\src\\server.js:38:6142\n    at D2 (c:\\Users\\egoytendia\\.vscode\\extensions\\uqbar.wollok-lsp-ide-0.5.3\\out\\server\\src\\server.js:2384:42)\n    at c:\\Users\\egoytendia\\.vscode\\extensions\\uqbar.wollok-lsp-ide-0.5.3\\out\\server\\src\\server.js:2384:2988\n    at c:\\Users\\egoytendia\\.vscode\\extensions\\uqbar.wollok-lsp-ide-0.5.3\\out\\server\\src\\server.js:2393:8440\n    at c:\\Users\\egoytendia\\.vscode\\extensions\\uqbar.wollok-lsp-ide-0.5.3\\out\\server\\src\\server.js:37:74872\n    at Ye (c:\\Users\\egoytendia\\.vscode\\extensions\\uqbar.wollok-lsp-ide-0.5.3\\out\\server\\src\\server.js:7:8527)\n    at qt (c:\\Users\\egoytendia\\.vscode\\extensions\\uqbar.wollok-lsp-ide-0.5.3\\out\\server\\src\\server.js:7:6189)\n    at ot (c:\\Users\\egoytendia\\.vscode\\extensions\\uqbar.wollok-lsp-ide-0.5.3\\out\\server\\src\\server.js:7:6378)\n    at Immediate._onImmediate (c:\\Users\\egoytendia\\.vscode\\extensions\\uqbar.wollok-lsp-ide-0.5.3\\out\\server\\src\\server.js:7:6142)\n    at process.processImmediate (node:internal/timers:485:21)","timestamp":"2025-12-13T04:12:29.544Z"}
{"level":"info","message":"⌛ Validating parciales/amongUs/jugadores.wlk","timeElapsed":108,"timestamp":"2025-12-13T04:12:29.662Z"}
{"level":"info","message":"⌛ Validating parciales/amongUs/jugadores.wlk","timeElapsed":102,"timestamp":"2025-12-13T04:12:29.840Z"}
{"level":"info","message":"⌛ Validating parciales/amongUs/jugadores.wlk","timeElapsed":112,"timestamp":"2025-12-13T04:12:30.290Z"}
{"level":"error","message":"✘ Completions for node Parameter ([48:35, 48:36] - parciales/amongUs/jugadores.wlk) failed: Error: [Parameter]{dc4a0d} at parciales/amongUs/jugadores.wlk:48 exhausted all cases without a match [Parameter]{dc4a0d} at parciales/amongUs/jugadores.wlk:48 exhausted all cases without a match","stack":"Error: [Parameter]{dc4a0d} at parciales/amongUs/jugadores.wlk:48 exhausted all cases without a match\n    at c:\\Users\\egoytendia\\.vscode\\extensions\\uqbar.wollok-lsp-ide-0.5.3\\out\\server\\src\\server.js:38:6142\n    at D2 (c:\\Users\\egoytendia\\.vscode\\extensions\\uqbar.wollok-lsp-ide-0.5.3\\out\\server\\src\\server.js:2384:42)\n    at c:\\Users\\egoytendia\\.vscode\\extensions\\uqbar.wollok-lsp-ide-0.5.3\\out\\server\\src\\server.js:2384:2988\n    at c:\\Users\\egoytendia\\.vscode\\extensions\\uqbar.wollok-lsp-ide-0.5.3\\out\\server\\src\\server.js:2393:8440\n    at c:\\Users\\egoytendia\\.vscode\\extensions\\uqbar.wollok-lsp-ide-0.5.3\\out\\server\\src\\server.js:37:74872\n    at Ye (c:\\Users\\egoytendia\\.vscode\\extensions\\uqbar.wollok-lsp-ide-0.5.3\\out\\server\\src\\server.js:7:8527)\n    at qt (c:\\Users\\egoytendia\\.vscode\\extensions\\uqbar.wollok-lsp-ide-0.5.3\\out\\server\\src\\server.js:7:6189)\n    at ot (c:\\Users\\egoytendia\\.vscode\\extensions\\uqbar.wollok-lsp-ide-0.5.3\\out\\server\\src\\server.js:7:6378)\n    at Immediate._onImmediate (c:\\Users\\egoytendia\\.vscode\\extensions\\uqbar.wollok-lsp-ide-0.5.3\\out\\server\\src\\server.js:7:6142)\n    at process.processImmediate (node:internal/timers:485:21)","timestamp":"2025-12-13T04:12:30.393Z"}
{"level":"info","message":"⌛ Validating parciales/amongUs/jugadores.wlk","timeElapsed":104,"timestamp":"2025-12-13T04:12:30.598Z"}
{"level":"info","message":"⌛ Building environment","timeElapsed":142,"timestamp":"2025-12-13T04:12:30.742Z"}
{"level":"error","message":"✘ Completions for node Parameter ([48:35, 48:38] - parciales/amongUs/jugadores.wlk) failed: Error: [Parameter]{d49502} at parciales/amongUs/jugadores.wlk:48 exhausted all cases without a match [Parameter]{d49502} at parciales/amongUs/jugadores.wlk:48 exhausted all cases without a match","stack":"Error: [Parameter]{d49502} at parciales/amongUs/jugadores.wlk:48 exhausted all cases without a match\n    at c:\\Users\\egoytendia\\.vscode\\extensions\\uqbar.wollok-lsp-ide-0.5.3\\out\\server\\src\\server.js:38:6142\n    at D2 (c:\\Users\\egoytendia\\.vscode\\extensions\\uqbar.wollok-lsp-ide-0.5.3\\out\\server\\src\\server.js:2384:42)\n    at c:\\Users\\egoytendia\\.vscode\\extensions\\uqbar.wollok-lsp-ide-0.5.3\\out\\server\\src\\server.js:2384:2988\n    at c:\\Users\\egoytendia\\.vscode\\extensions\\uqbar.wollok-lsp-ide-0.5.3\\out\\server\\src\\server.js:2393:8440\n    at c:\\Users\\egoytendia\\.vscode\\extensions\\uqbar.wollok-lsp-ide-0.5.3\\out\\server\\src\\server.js:37:74872\n    at Ye (c:\\Users\\egoytendia\\.vscode\\extensions\\uqbar.wollok-lsp-ide-0.5.3\\out\\server\\src\\server.js:7:8527)\n    at qt (c:\\Users\\egoytendia\\.vscode\\extensions\\uqbar.wollok-lsp-ide-0.5.3\\out\\server\\src\\server.js:7:6189)\n    at ot (c:\\Users\\egoytendia\\.vscode\\extensions\\uqbar.wollok-lsp-ide-0.5.3\\out\\server\\src\\server.js:7:6378)\n    at Immediate._onImmediate (c:\\Users\\egoytendia\\.vscode\\extensions\\uqbar.wollok-lsp-ide-0.5.3\\out\\server\\src\\server.js:7:6142)\n    at process.processImmediate (node:internal/timers:485:21)","timestamp":"2025-12-13T04:12:30.772Z"}
{"level":"info","message":"⌛ Validating parciales/amongUs/jugadores.wlk","timeElapsed":104,"timestamp":"2025-12-13T04:12:30.915Z"}
{"level":"info","message":"⌛ Building environment","timeElapsed":189,"timestamp":"2025-12-13T04:12:31.105Z"}
{"level":"info","message":"⌛ Validating parciales/amongUs/jugadores.wlk","timeElapsed":109,"timestamp":"2025-12-13T04:12:31.215Z"}
{"level":"info","message":"⌛ Validating parciales/amongUs/jugadores.wlk","timeElapsed":103,"timestamp":"2025-12-13T04:12:31.326Z"}
{"level":"info","message":"⌛ Validating parciales/amongUs/jugadores.wlk","timeElapsed":113,"timestamp":"2025-12-13T04:12:32.999Z"}
{"level":"info","message":"⌛ Validating parciales/amongUs/jugadores.wlk","timeElapsed":104,"timestamp":"2025-12-13T04:12:33.273Z"}
{"level":"info","message":"⌛ Validating parciales/amongUs/jugadores.wlk","timeElapsed":111,"timestamp":"2025-12-13T04:12:33.726Z"}
{"level":"info","message":"⌛ Validating parciales/amongUs/jugadores.wlk","timeElapsed":104,"timestamp":"2025-12-13T04:12:34.004Z"}
{"level":"info","message":"⌛ Validating parciales/amongUs/jugadores.wlk","timeElapsed":110,"timestamp":"2025-12-13T04:12:34.355Z"}
{"level":"info","message":"⌛ Validating parciales/amongUs/jugadores.wlk","timeElapsed":101,"timestamp":"2025-12-13T04:12:34.665Z"}
{"level":"info","message":"⌛ Validating parciales/amongUs/jugadores.wlk","timeElapsed":102,"timestamp":"2025-12-13T04:12:34.943Z"}
{"level":"info","message":"⌛ Validating parciales/amongUs/jugadores.wlk","timeElapsed":114,"timestamp":"2025-12-13T04:12:35.179Z"}
{"level":"info","message":"⌛ Validating parciales/amongUs/jugadores.wlk","timeElapsed":105,"timestamp":"2025-12-13T04:12:35.497Z"}
{"level":"info","message":"⌛ Validating parciales/amongUs/jugadores.wlk","timeElapsed":102,"timestamp":"2025-12-13T04:12:35.599Z"}
{"level":"info","message":"⌛ Building environment","timeElapsed":124,"timestamp":"2025-12-13T04:12:36.158Z"}
{"level":"info","message":"⌛ Validating parciales/amongUs/jugadores.wlk","timeElapsed":119,"timestamp":"2025-12-13T04:12:36.278Z"}
{"level":"info","message":"⌛ Building environment","timeElapsed":103,"timestamp":"2025-12-13T04:12:36.464Z"}
{"level":"error","message":"✘ Completions for node Variable ([49:5, 49:12] - parciales/amongUs/jugadores.wlk) failed: Error: t [Variable]{49a97c} at parciales/amongUs/jugadores.wlk:49 exhausted all cases without a match t [Variable]{49a97c} at parciales/amongUs/jugadores.wlk:49 exhausted all cases without a match","stack":"Error: t [Variable]{49a97c} at parciales/amongUs/jugadores.wlk:49 exhausted all cases without a match\n    at c:\\Users\\egoytendia\\.vscode\\extensions\\uqbar.wollok-lsp-ide-0.5.3\\out\\server\\src\\server.js:38:6142\n    at D2 (c:\\Users\\egoytendia\\.vscode\\extensions\\uqbar.wollok-lsp-ide-0.5.3\\out\\server\\src\\server.js:2384:42)\n    at c:\\Users\\egoytendia\\.vscode\\extensions\\uqbar.wollok-lsp-ide-0.5.3\\out\\server\\src\\server.js:2384:2988\n    at c:\\Users\\egoytendia\\.vscode\\extensions\\uqbar.wollok-lsp-ide-0.5.3\\out\\server\\src\\server.js:2393:8440\n    at c:\\Users\\egoytendia\\.vscode\\extensions\\uqbar.wollok-lsp-ide-0.5.3\\out\\server\\src\\server.js:37:74872\n    at Ye (c:\\Users\\egoytendia\\.vscode\\extensions\\uqbar.wollok-lsp-ide-0.5.3\\out\\server\\src\\server.js:7:8527)\n    at qt (c:\\Users\\egoytendia\\.vscode\\extensions\\uqbar.wollok-lsp-ide-0.5.3\\out\\server\\src\\server.js:7:6189)\n    at ot (c:\\Users\\egoytendia\\.vscode\\extensions\\uqbar.wollok-lsp-ide-0.5.3\\out\\server\\src\\server.js:7:6378)\n    at Immediate._onImmediate (c:\\Users\\egoytendia\\.vscode\\extensions\\uqbar.wollok-lsp-ide-0.5.3\\out\\server\\src\\server.js:7:6142)\n    at process.processImmediate (node:internal/timers:485:21)","timestamp":"2025-12-13T04:12:36.489Z"}
{"level":"info","message":"⌛ Validating parciales/amongUs/jugadores.wlk","timeElapsed":112,"timestamp":"2025-12-13T04:12:36.604Z"}
{"level":"info","message":"⌛ Building environment","timeElapsed":121,"timestamp":"2025-12-13T04:12:36.812Z"}
{"level":"info","message":"⌛ Validating parciales/amongUs/jugadores.wlk","timeElapsed":109,"timestamp":"2025-12-13T04:12:37.009Z"}
{"level":"info","message":"⌛ Building environment","timeElapsed":226,"timestamp":"2025-12-13T04:12:37.335Z"}
{"level":"info","message":"⌛ Validating parciales/amongUs/jugadores.wlk","timeElapsed":106,"timestamp":"2025-12-13T04:12:37.441Z"}
{"level":"info","message":"⌛ Validating parciales/amongUs/jugadores.wlk","timeElapsed":101,"timestamp":"2025-12-13T04:12:37.546Z"}
{"level":"info","message":"⌛ Building environment","timeElapsed":418,"timestamp":"2025-12-13T04:12:38.003Z"}
{"level":"error","message":"✘ Completions for node Variable ([49:5, 49:17] - parciales/amongUs/jugadores.wlk) failed: Error: tareaE [Variable]{5c6095} at parciales/amongUs/jugadores.wlk:49 exhausted all cases without a match tareaE [Variable]{5c6095} at parciales/amongUs/jugadores.wlk:49 exhausted all cases without a match","stack":"Error: tareaE [Variable]{5c6095} at parciales/amongUs/jugadores.wlk:49 exhausted all cases without a match\n    at c:\\Users\\egoytendia\\.vscode\\extensions\\uqbar.wollok-lsp-ide-0.5.3\\out\\server\\src\\server.js:38:6142\n    at D2 (c:\\Users\\egoytendia\\.vscode\\extensions\\uqbar.wollok-lsp-ide-0.5.3\\out\\server\\src\\server.js:2384:42)\n    at c:\\Users\\egoytendia\\.vscode\\extensions\\uqbar.wollok-lsp-ide-0.5.3\\out\\server\\src\\server.js:2384:2988\n    at c:\\Users\\egoytendia\\.vscode\\extensions\\uqbar.wollok-lsp-ide-0.5.3\\out\\server\\src\\server.js:2393:8440\n    at c:\\Users\\egoytendia\\.vscode\\extensions\\uqbar.wollok-lsp-ide-0.5.3\\out\\server\\src\\server.js:37:74872\n    at Ye (c:\\Users\\egoytendia\\.vscode\\extensions\\uqbar.wollok-lsp-ide-0.5.3\\out\\server\\src\\server.js:7:8527)\n    at qt (c:\\Users\\egoytendia\\.vscode\\extensions\\uqbar.wollok-lsp-ide-0.5.3\\out\\server\\src\\server.js:7:6189)\n    at ot (c:\\Users\\egoytendia\\.vscode\\extensions\\uqbar.wollok-lsp-ide-0.5.3\\out\\server\\src\\server.js:7:6378)\n    at Immediate._onImmediate (c:\\Users\\egoytendia\\.vscode\\extensions\\uqbar.wollok-lsp-ide-0.5.3\\out\\server\\src\\server.js:7:6142)\n    at process.processImmediate (node:internal/timers:485:21)","timestamp":"2025-12-13T04:12:38.029Z"}
{"level":"info","message":"⌛ Validating parciales/amongUs/jugadores.wlk","timeElapsed":103,"timestamp":"2025-12-13T04:12:38.310Z"}
{"level":"error","message":"✘ Completions for node Variable ([49:5, 49:20] - parciales/amongUs/jugadores.wlk) failed: Error: tareaEleg [Variable]{33a984} at parciales/amongUs/jugadores.wlk:49 exhausted all cases without a match tareaEleg [Variable]{33a984} at parciales/amongUs/jugadores.wlk:49 exhausted all cases without a match","stack":"Error: tareaEleg [Variable]{33a984} at parciales/amongUs/jugadores.wlk:49 exhausted all cases without a match\n    at c:\\Users\\egoytendia\\.vscode\\extensions\\uqbar.wollok-lsp-ide-0.5.3\\out\\server\\src\\server.js:38:6142\n    at D2 (c:\\Users\\egoytendia\\.vscode\\extensions\\uqbar.wollok-lsp-ide-0.5.3\\out\\server\\src\\server.js:2384:42)\n    at c:\\Users\\egoytendia\\.vscode\\extensions\\uqbar.wollok-lsp-ide-0.5.3\\out\\server\\src\\server.js:2384:2988\n    at c:\\Users\\egoytendia\\.vscode\\extensions\\uqbar.wollok-lsp-ide-0.5.3\\out\\server\\src\\server.js:2393:8440\n    at c:\\Users\\egoytendia\\.vscode\\extensions\\uqbar.wollok-lsp-ide-0.5.3\\out\\server\\src\\server.js:37:74872\n    at Ye (c:\\Users\\egoytendia\\.vscode\\extensions\\uqbar.wollok-lsp-ide-0.5.3\\out\\server\\src\\server.js:7:8527)\n    at qt (c:\\Users\\egoytendia\\.vscode\\extensions\\uqbar.wollok-lsp-ide-0.5.3\\out\\server\\src\\server.js:7:6189)\n    at ot (c:\\Users\\egoytendia\\.vscode\\extensions\\uqbar.wollok-lsp-ide-0.5.3\\out\\server\\src\\server.js:7:6378)\n    at Immediate._onImmediate (c:\\Users\\egoytendia\\.vscode\\extensions\\uqbar.wollok-lsp-ide-0.5.3\\out\\server\\src\\server.js:7:6142)\n    at process.processImmediate (node:internal/timers:485:21)","timestamp":"2025-12-13T04:12:38.415Z"}
{"level":"info","message":"⌛ Validating parciales/amongUs/jugadores.wlk","timeElapsed":101,"timestamp":"2025-12-13T04:12:38.520Z"}
{"level":"info","message":"⌛ Validating parciales/amongUs/jugadores.wlk","timeElapsed":103,"timestamp":"2025-12-13T04:12:38.700Z"}
{"level":"info","message":"⌛ Validating parciales/amongUs/jugadores.wlk","timeElapsed":101,"timestamp":"2025-12-13T04:12:38.879Z"}
{"level":"info","message":"⌛ Validating parciales/amongUs/jugadores.wlk","timeElapsed":102,"timestamp":"2025-12-13T04:12:39.063Z"}
{"level":"info","message":"⌛ Validating parciales/amongUs/jugadores.wlk","timeElapsed":104,"timestamp":"2025-12-13T04:12:39.173Z"}
{"level":"info","message":"⌛ Validating parciales/amongUs/jugadores.wlk","timeElapsed":108,"timestamp":"2025-12-13T04:12:39.362Z"}
{"level":"info","message":"⌛ Validating parciales/amongUs/jugadores.wlk","timeElapsed":105,"timestamp":"2025-12-13T04:12:39.641Z"}
{"level":"info","message":"⌛ Validating parciales/amongUs/jugadores.wlk","timeElapsed":103,"timestamp":"2025-12-13T04:12:39.744Z"}
{"level":"error","message":"✘ Completions for node Variable ([49:5, 49:27] - parciales/amongUs/jugadores.wlk) failed: Error: tareaElegida [Variable]{d92903} at parciales/amongUs/jugadores.wlk:49 exhausted all cases without a match tareaElegida [Variable]{d92903} at parciales/amongUs/jugadores.wlk:49 exhausted all cases without a match","stack":"Error: tareaElegida [Variable]{d92903} at parciales/amongUs/jugadores.wlk:49 exhausted all cases without a match\n    at c:\\Users\\egoytendia\\.vscode\\extensions\\uqbar.wollok-lsp-ide-0.5.3\\out\\server\\src\\server.js:38:6142\n    at D2 (c:\\Users\\egoytendia\\.vscode\\extensions\\uqbar.wollok-lsp-ide-0.5.3\\out\\server\\src\\server.js:2384:42)\n    at Qh (c:\\Users\\egoytendia\\.vscode\\extensions\\uqbar.wollok-lsp-ide-0.5.3\\out\\server\\src\\server.js:2384:1092)\n    at k6n (c:\\Users\\egoytendia\\.vscode\\extensions\\uqbar.wollok-lsp-ide-0.5.3\\out\\server\\src\\server.js:2384:1248)\n    at c:\\Users\\egoytendia\\.vscode\\extensions\\uqbar.wollok-lsp-ide-0.5.3\\out\\server\\src\\server.js:38:6131\n    at D2 (c:\\Users\\egoytendia\\.vscode\\extensions\\uqbar.wollok-lsp-ide-0.5.3\\out\\server\\src\\server.js:2384:42)\n    at c:\\Users\\egoytendia\\.vscode\\extensions\\uqbar.wollok-lsp-ide-0.5.3\\out\\server\\src\\server.js:2384:2988\n    at c:\\Users\\egoytendia\\.vscode\\extensions\\uqbar.wollok-lsp-ide-0.5.3\\out\\server\\src\\server.js:2393:8440\n    at c:\\Users\\egoytendia\\.vscode\\extensions\\uqbar.wollok-lsp-ide-0.5.3\\out\\server\\src\\server.js:37:74872\n    at Ye (c:\\Users\\egoytendia\\.vscode\\extensions\\uqbar.wollok-lsp-ide-0.5.3\\out\\server\\src\\server.js:7:8527)","timestamp":"2025-12-13T04:12:40.555Z"}
{"level":"info","message":"⌛ Validating parciales/amongUs/jugadores.wlk","timeElapsed":105,"timestamp":"2025-12-13T04:12:40.669Z"}
{"level":"info","message":"⌛ Validating parciales/amongUs/jugadores.wlk","timeElapsed":105,"timestamp":"2025-12-13T04:12:41.120Z"}
{"level":"info","message":"⌛ Validating parciales/amongUs/jugadores.wlk","timeElapsed":127,"timestamp":"2025-12-13T04:12:41.566Z"}
{"level":"info","message":"⌛ Validating parciales/amongUs/jugadores.wlk","timeElapsed":113,"timestamp":"2025-12-13T04:12:42.159Z"}
{"level":"info","message":"⌛ Validating parciales/amongUs/jugadores.wlk","timeElapsed":105,"timestamp":"2025-12-13T04:12:42.437Z"}
{"level":"info","message":"⌛ Building environment","timeElapsed":146,"timestamp":"2025-12-13T04:12:43.303Z"}
{"level":"info","message":"⌛ Validating parciales/amongUs/jugadores.wlk","timeElapsed":106,"timestamp":"2025-12-13T04:12:43.410Z"}
{"level":"info","message":"⌛ Validating parciales/amongUs/jugadores.wlk","timeElapsed":104,"timestamp":"2025-12-13T04:12:43.941Z"}
{"level":"info","message":"⌛ Validating parciales/amongUs/jugadores.wlk","timeElapsed":114,"timestamp":"2025-12-13T04:12:45.125Z"}
{"level":"info","message":"⌛ Validating parciales/amongUs/jugadores.wlk","timeElapsed":102,"timestamp":"2025-12-13T04:12:45.315Z"}
{"level":"info","message":"⌛ Building environment","timeElapsed":159,"timestamp":"2025-12-13T04:12:45.891Z"}
{"level":"info","message":"⌛ Validating parciales/amongUs/jugadores.wlk","timeElapsed":107,"timestamp":"2025-12-13T04:12:46.028Z"}
{"level":"info","message":"⌛ Validating parciales/amongUs/jugadores.wlk","timeElapsed":110,"timestamp":"2025-12-13T04:12:46.334Z"}
{"level":"info","message":"⌛ Validating parciales/amongUs/jugadores.wlk","timeElapsed":130,"timestamp":"2025-12-13T04:12:46.465Z"}
{"level":"info","message":"⌛ Validating parciales/amongUs/jugadores.wlk","timeElapsed":108,"timestamp":"2025-12-13T04:12:46.827Z"}
{"level":"info","message":"⌛ Validating parciales/amongUs/jugadores.wlk","timeElapsed":111,"timestamp":"2025-12-13T04:12:47.139Z"}
{"level":"info","message":"⌛ Validating parciales/amongUs/jugadores.wlk","timeElapsed":112,"timestamp":"2025-12-13T04:12:47.352Z"}
{"level":"info","message":"⌛ Building environment","timeElapsed":101,"timestamp":"2025-12-13T04:12:47.539Z"}
{"level":"info","message":"⌛ Validating parciales/amongUs/jugadores.wlk","timeElapsed":108,"timestamp":"2025-12-13T04:12:47.758Z"}
{"level":"info","message":"⌛ Validating parciales/amongUs/jugadores.wlk","timeElapsed":102,"timestamp":"2025-12-13T04:12:48.032Z"}
{"level":"info","message":"⌛ Validating parciales/amongUs/jugadores.wlk","timeElapsed":108,"timestamp":"2025-12-13T04:12:48.217Z"}
{"level":"info","message":"⌛ Validating parciales/amongUs/jugadores.wlk","timeElapsed":101,"timestamp":"2025-12-13T04:12:48.424Z"}
{"level":"info","message":"⌛ Validating parciales/amongUs/jugadores.wlk","timeElapsed":101,"timestamp":"2025-12-13T04:12:48.623Z"}
{"level":"info","message":"⌛ Validating parciales/amongUs/jugadores.wlk","timeElapsed":106,"timestamp":"2025-12-13T04:12:48.811Z"}
{"level":"info","message":"⌛ Building environment","timeElapsed":648,"timestamp":"2025-12-13T04:12:52.310Z"}
{"level":"info","message":"⌛ Building environment","timeElapsed":176,"timestamp":"2025-12-13T04:12:52.487Z"}
{"level":"info","message":"⌛ Validating parciales/amongUs/jugadores.wlk","timeElapsed":102,"timestamp":"2025-12-13T04:12:52.604Z"}
{"level":"info","message":"⌛ Validating parciales/amongUs/jugadores.wlk","timeElapsed":102,"timestamp":"2025-12-13T04:12:52.706Z"}
{"level":"info","message":"⌛ Validating parciales/amongUs/jugadores.wlk","timeElapsed":106,"timestamp":"2025-12-13T04:12:55.681Z"}
{"level":"error","message":"✘ Completions for node Send ([45:5, 45:30] - parciales/amongUs/jugadores.wlk) failed: Error: [Send]{1022f4} at parciales/amongUs/jugadores.wlk:45 exhausted all cases without a match [Send]{1022f4} at parciales/amongUs/jugadores.wlk:45 exhausted all cases without a match","stack":"Error: [Send]{1022f4} at parciales/amongUs/jugadores.wlk:45 exhausted all cases without a match\n    at c:\\Users\\egoytendia\\.vscode\\extensions\\uqbar.wollok-lsp-ide-0.5.3\\out\\server\\src\\server.js:38:6142\n    at D2 (c:\\Users\\egoytendia\\.vscode\\extensions\\uqbar.wollok-lsp-ide-0.5.3\\out\\server\\src\\server.js:2384:42)\n    at Qh (c:\\Users\\egoytendia\\.vscode\\extensions\\uqbar.wollok-lsp-ide-0.5.3\\out\\server\\src\\server.js:2384:1092)\n    at k6n (c:\\Users\\egoytendia\\.vscode\\extensions\\uqbar.wollok-lsp-ide-0.5.3\\out\\server\\src\\server.js:2384:1248)\n    at c:\\Users\\egoytendia\\.vscode\\extensions\\uqbar.wollok-lsp-ide-0.5.3\\out\\server\\src\\server.js:38:6131\n    at D2 (c:\\Users\\egoytendia\\.vscode\\extensions\\uqbar.wollok-lsp-ide-0.5.3\\out\\server\\src\\server.js:2384:42)\n    at c:\\Users\\egoytendia\\.vscode\\extensions\\uqbar.wollok-lsp-ide-0.5.3\\out\\server\\src\\server.js:2384:2988\n    at c:\\Users\\egoytendia\\.vscode\\extensions\\uqbar.wollok-lsp-ide-0.5.3\\out\\server\\src\\server.js:2393:8440\n    at c:\\Users\\egoytendia\\.vscode\\extensions\\uqbar.wollok-lsp-ide-0.5.3\\out\\server\\src\\server.js:37:74872\n    at Ye (c:\\Users\\egoytendia\\.vscode\\extensions\\uqbar.wollok-lsp-ide-0.5.3\\out\\server\\src\\server.js:7:8527)","timestamp":"2025-12-13T04:13:01.177Z"}
{"level":"info","message":"⌛ Building environment","timeElapsed":344,"timestamp":"2025-12-13T04:13:01.525Z"}
{"level":"info","message":"⌛ Validating parciales/amongUs/jugadores.wlk","timeElapsed":107,"timestamp":"2025-12-13T04:13:01.631Z"}
{"level":"info","message":"⌛ Building environment","timeElapsed":108,"timestamp":"2025-12-13T04:13:01.832Z"}
{"level":"info","message":"⌛ Validating parciales/amongUs/jugadores.wlk","timeElapsed":127,"timestamp":"2025-12-13T04:13:02.147Z"}
{"level":"info","message":"⌛ Validating parciales/amongUs/jugadores.wlk","timeElapsed":106,"timestamp":"2025-12-13T04:13:02.328Z"}
{"level":"info","message":"⌛ Validating parciales/amongUs/jugadores.wlk","timeElapsed":102,"timestamp":"2025-12-13T04:13:02.638Z"}
{"level":"info","message":"⌛ Validating parciales/amongUs/jugadores.wlk","timeElapsed":177,"timestamp":"2025-12-13T04:13:02.820Z"}
{"level":"info","message":"⌛ Building environment","timeElapsed":121,"timestamp":"2025-12-13T04:13:05.859Z"}
{"level":"info","message":"⌛ Validating parciales/amongUs/jugadores.wlk","timeElapsed":104,"timestamp":"2025-12-13T04:13:05.964Z"}
{"level":"info","message":"⌛ Building environment","timeElapsed":123,"timestamp":"2025-12-13T04:13:13.334Z"}
{"level":"info","message":"⌛ Validating parciales/amongUs/jugadores.wlk","timeElapsed":108,"timestamp":"2025-12-13T04:13:13.442Z"}
{"level":"info","message":"⌛ Building environment","timeElapsed":118,"timestamp":"2025-12-13T04:13:14.351Z"}
{"level":"info","message":"⌛ Validating parciales/amongUs/jugadores.wlk","timeElapsed":108,"timestamp":"2025-12-13T04:13:14.460Z"}
{"level":"info","message":"⌛ Building environment","timeElapsed":125,"timestamp":"2025-12-13T04:13:19.055Z"}
{"level":"info","message":"⌛ Validating parciales/amongUs/jugadores.wlk","timeElapsed":106,"timestamp":"2025-12-13T04:13:19.161Z"}
{"level":"info","message":"⌛ Validating parciales/amongUs/jugadores.wlk","timeElapsed":111,"timestamp":"2025-12-13T04:13:19.622Z"}
{"level":"info","message":"⌛ Validating parciales/amongUs/jugadores.wlk","timeElapsed":108,"timestamp":"2025-12-13T04:13:22.462Z"}
{"level":"info","message":"⌛ Building environment","timeElapsed":157,"timestamp":"2025-12-13T04:13:22.712Z"}
{"level":"info","message":"⌛ Validating parciales/amongUs/jugadores.wlk","timeElapsed":111,"timestamp":"2025-12-13T04:13:22.823Z"}
{"level":"info","message":"⌛ Validating parciales/amongUs/jugadores.wlk","timeElapsed":108,"timestamp":"2025-12-13T04:13:23.008Z"}
{"level":"info","message":"⌛ Building environment","timeElapsed":108,"timestamp":"2025-12-13T04:13:23.417Z"}
{"level":"info","message":"⌛ Validating parciales/amongUs/jugadores.wlk","timeElapsed":112,"timestamp":"2025-12-13T04:13:23.530Z"}
{"level":"info","message":"⌛ Validating parciales/amongUs/jugadores.wlk","timeElapsed":106,"timestamp":"2025-12-13T04:13:23.754Z"}
{"level":"info","message":"⌛ Validating parciales/amongUs/jugadores.wlk","timeElapsed":112,"timestamp":"2025-12-13T04:13:24.591Z"}
{"level":"info","message":"⌛ Validating parciales/amongUs/jugadores.wlk","timeElapsed":101,"timestamp":"2025-12-13T04:13:24.875Z"}
{"level":"info","message":"⌛ Building environment","timeElapsed":129,"timestamp":"2025-12-13T04:13:25.244Z"}
{"level":"info","message":"⌛ Validating parciales/amongUs/jugadores.wlk","timeElapsed":112,"timestamp":"2025-12-13T04:13:25.356Z"}
{"level":"info","message":"⌛ Building environment","timeElapsed":144,"timestamp":"2025-12-13T04:13:25.501Z"}
{"level":"info","message":"⌛ Validating parciales/amongUs/jugadores.wlk","timeElapsed":112,"timestamp":"2025-12-13T04:13:25.700Z"}
{"level":"info","message":"⌛ Validating parciales/amongUs/jugadores.wlk","timeElapsed":101,"timestamp":"2025-12-13T04:13:25.885Z"}
{"level":"info","message":"⌛ Building environment","timeElapsed":125,"timestamp":"2025-12-13T04:13:39.002Z"}
{"level":"info","message":"⌛ Validating parciales/amongUs/jugadores.wlk","timeElapsed":104,"timestamp":"2025-12-13T04:13:39.107Z"}
{"level":"info","message":"⌛ Validating parciales/amongUs/jugadores.wlk","timeElapsed":102,"timestamp":"2025-12-13T04:13:40.170Z"}
{"level":"error","message":"✘ Completions for node Send ([50:5, 50:34] - parciales/amongUs/jugadores.wlk) failed: Error: [Send]{5d67c8} at parciales/amongUs/jugadores.wlk:50 exhausted all cases without a match [Send]{5d67c8} at parciales/amongUs/jugadores.wlk:50 exhausted all cases without a match","stack":"Error: [Send]{5d67c8} at parciales/amongUs/jugadores.wlk:50 exhausted all cases without a match\n    at c:\\Users\\egoytendia\\.vscode\\extensions\\uqbar.wollok-lsp-ide-0.5.3\\out\\server\\src\\server.js:38:6142\n    at D2 (c:\\Users\\egoytendia\\.vscode\\extensions\\uqbar.wollok-lsp-ide-0.5.3\\out\\server\\src\\server.js:2384:42)\n    at Qh (c:\\Users\\egoytendia\\.vscode\\extensions\\uqbar.wollok-lsp-ide-0.5.3\\out\\server\\src\\server.js:2384:1092)\n    at k6n (c:\\Users\\egoytendia\\.vscode\\extensions\\uqbar.wollok-lsp-ide-0.5.3\\out\\server\\src\\server.js:2384:1248)\n    at c:\\Users\\egoytendia\\.vscode\\extensions\\uqbar.wollok-lsp-ide-0.5.3\\out\\server\\src\\server.js:38:6131\n    at D2 (c:\\Users\\egoytendia\\.vscode\\extensions\\uqbar.wollok-lsp-ide-0.5.3\\out\\server\\src\\server.js:2384:42)\n    at c:\\Users\\egoytendia\\.vscode\\extensions\\uqbar.wollok-lsp-ide-0.5.3\\out\\server\\src\\server.js:2384:2988\n    at c:\\Users\\egoytendia\\.vscode\\extensions\\uqbar.wollok-lsp-ide-0.5.3\\out\\server\\src\\server.js:2393:8440\n    at c:\\Users\\egoytendia\\.vscode\\extensions\\uqbar.wollok-lsp-ide-0.5.3\\out\\server\\src\\server.js:37:74872\n    at Ye (c:\\Users\\egoytendia\\.vscode\\extensions\\uqbar.wollok-lsp-ide-0.5.3\\out\\server\\src\\server.js:7:8527)","timestamp":"2025-12-13T04:13:40.728Z"}
{"level":"info","message":"⌛ Validating parciales/amongUs/jugadores.wlk","timeElapsed":113,"timestamp":"2025-12-13T04:13:40.851Z"}
{"level":"info","message":"⌛ Building environment","timeElapsed":129,"timestamp":"2025-12-13T04:13:40.981Z"}
{"level":"info","message":"⌛ Building environment","timeElapsed":116,"timestamp":"2025-12-13T04:13:41.098Z"}
{"level":"info","message":"⌛ Building environment","timeElapsed":109,"timestamp":"2025-12-13T04:13:41.208Z"}
{"level":"info","message":"⌛ Validating parciales/amongUs/jugadores.wlk","timeElapsed":113,"timestamp":"2025-12-13T04:13:41.330Z"}
{"level":"info","message":"⌛ Validating parciales/amongUs/jugadores.wlk","timeElapsed":112,"timestamp":"2025-12-13T04:13:41.552Z"}
{"level":"error","message":"✘ Completions for node Self ([50:32, 50:36] - parciales/amongUs/jugadores.wlk) failed: Error: [Self]{1bc262} at parciales/amongUs/jugadores.wlk:50 exhausted all cases without a match [Self]{1bc262} at parciales/amongUs/jugadores.wlk:50 exhausted all cases without a match","stack":"Error: [Self]{1bc262} at parciales/amongUs/jugadores.wlk:50 exhausted all cases without a match\n    at c:\\Users\\egoytendia\\.vscode\\extensions\\uqbar.wollok-lsp-ide-0.5.3\\out\\server\\src\\server.js:38:6142\n    at D2 (c:\\Users\\egoytendia\\.vscode\\extensions\\uqbar.wollok-lsp-ide-0.5.3\\out\\server\\src\\server.js:2384:42)\n    at c:\\Users\\egoytendia\\.vscode\\extensions\\uqbar.wollok-lsp-ide-0.5.3\\out\\server\\src\\server.js:2384:2988\n    at c:\\Users\\egoytendia\\.vscode\\extensions\\uqbar.wollok-lsp-ide-0.5.3\\out\\server\\src\\server.js:2393:8440\n    at c:\\Users\\egoytendia\\.vscode\\extensions\\uqbar.wollok-lsp-ide-0.5.3\\out\\server\\src\\server.js:37:74872\n    at Ye (c:\\Users\\egoytendia\\.vscode\\extensions\\uqbar.wollok-lsp-ide-0.5.3\\out\\server\\src\\server.js:7:8527)\n    at qt (c:\\Users\\egoytendia\\.vscode\\extensions\\uqbar.wollok-lsp-ide-0.5.3\\out\\server\\src\\server.js:7:6189)\n    at ot (c:\\Users\\egoytendia\\.vscode\\extensions\\uqbar.wollok-lsp-ide-0.5.3\\out\\server\\src\\server.js:7:6378)\n    at Immediate._onImmediate (c:\\Users\\egoytendia\\.vscode\\extensions\\uqbar.wollok-lsp-ide-0.5.3\\out\\server\\src\\server.js:7:6142)\n    at process.processImmediate (node:internal/timers:485:21)","timestamp":"2025-12-13T04:13:41.955Z"}
{"level":"error","message":"✘ Completions for node Send ([50:5, 50:37] - parciales/amongUs/jugadores.wlk) failed: Error: [Send]{66a7e9} at parciales/amongUs/jugadores.wlk:50 exhausted all cases without a match [Send]{66a7e9} at parciales/amongUs/jugadores.wlk:50 exhausted all cases without a match","stack":"Error: [Send]{66a7e9} at parciales/amongUs/jugadores.wlk:50 exhausted all cases without a match\n    at c:\\Users\\egoytendia\\.vscode\\extensions\\uqbar.wollok-lsp-ide-0.5.3\\out\\server\\src\\server.js:38:6142\n    at D2 (c:\\Users\\egoytendia\\.vscode\\extensions\\uqbar.wollok-lsp-ide-0.5.3\\out\\server\\src\\server.js:2384:42)\n    at Qh (c:\\Users\\egoytendia\\.vscode\\extensions\\uqbar.wollok-lsp-ide-0.5.3\\out\\server\\src\\server.js:2384:1092)\n    at D2 (c:\\Users\\egoytendia\\.vscode\\extensions\\uqbar.wollok-lsp-ide-0.5.3\\out\\server\\src\\server.js:2384:544)\n    at c:\\Users\\egoytendia\\.vscode\\extensions\\uqbar.wollok-lsp-ide-0.5.3\\out\\server\\src\\server.js:2384:2988\n    at c:\\Users\\egoytendia\\.vscode\\extensions\\uqbar.wollok-lsp-ide-0.5.3\\out\\server\\src\\server.js:2393:8440\n    at c:\\Users\\egoytendia\\.vscode\\extensions\\uqbar.wollok-lsp-ide-0.5.3\\out\\server\\src\\server.js:37:74872\n    at Ye (c:\\Users\\egoytendia\\.vscode\\extensions\\uqbar.wollok-lsp-ide-0.5.3\\out\\server\\src\\server.js:7:8527)\n    at qt (c:\\Users\\egoytendia\\.vscode\\extensions\\uqbar.wollok-lsp-ide-0.5.3\\out\\server\\src\\server.js:7:6189)\n    at ot (c:\\Users\\egoytendia\\.vscode\\extensions\\uqbar.wollok-lsp-ide-0.5.3\\out\\server\\src\\server.js:7:6378)","timestamp":"2025-12-13T04:13:41.955Z"}
{"level":"info","message":"⌛ Validating parciales/amongUs/jugadores.wlk","timeElapsed":104,"timestamp":"2025-12-13T04:13:42.063Z"}
{"level":"info","message":"⌛ Validating parciales/amongUs/jugadores.wlk","timeElapsed":107,"timestamp":"2025-12-13T04:13:42.282Z"}
{"level":"info","message":"⌛ Building environment","timeElapsed":121,"timestamp":"2025-12-13T04:13:42.453Z"}
{"level":"info","message":"⌛ Building environment","timeElapsed":124,"timestamp":"2025-12-13T04:13:43.061Z"}
{"level":"error","message":"✘ Completions for node Send ([50:5, 50:40] - parciales/amongUs/jugadores.wlk) failed: Error: [Send]{a83a6d} at parciales/amongUs/jugadores.wlk:50 exhausted all cases without a match [Send]{a83a6d} at parciales/amongUs/jugadores.wlk:50 exhausted all cases without a match","stack":"Error: [Send]{a83a6d} at parciales/amongUs/jugadores.wlk:50 exhausted all cases without a match\n    at c:\\Users\\egoytendia\\.vscode\\extensions\\uqbar.wollok-lsp-ide-0.5.3\\out\\server\\src\\server.js:38:6142\n    at D2 (c:\\Users\\egoytendia\\.vscode\\extensions\\uqbar.wollok-lsp-ide-0.5.3\\out\\server\\src\\server.js:2384:42)\n    at Qh (c:\\Users\\egoytendia\\.vscode\\extensions\\uqbar.wollok-lsp-ide-0.5.3\\out\\server\\src\\server.js:2384:1092)\n    at k6n (c:\\Users\\egoytendia\\.vscode\\extensions\\uqbar.wollok-lsp-ide-0.5.3\\out\\server\\src\\server.js:2384:1248)\n    at c:\\Users\\egoytendia\\.vscode\\extensions\\uqbar.wollok-lsp-ide-0.5.3\\out\\server\\src\\server.js:38:6131\n    at D2 (c:\\Users\\egoytendia\\.vscode\\extensions\\uqbar.wollok-lsp-ide-0.5.3\\out\\server\\src\\server.js:2384:42)\n    at c:\\Users\\egoytendia\\.vscode\\extensions\\uqbar.wollok-lsp-ide-0.5.3\\out\\server\\src\\server.js:2384:2988\n    at c:\\Users\\egoytendia\\.vscode\\extensions\\uqbar.wollok-lsp-ide-0.5.3\\out\\server\\src\\server.js:2393:8440\n    at c:\\Users\\egoytendia\\.vscode\\extensions\\uqbar.wollok-lsp-ide-0.5.3\\out\\server\\src\\server.js:37:74872\n    at Ye (c:\\Users\\egoytendia\\.vscode\\extensions\\uqbar.wollok-lsp-ide-0.5.3\\out\\server\\src\\server.js:7:8527)","timestamp":"2025-12-13T04:13:43.090Z"}
{"level":"info","message":"⌛ Validating parciales/amongUs/jugadores.wlk","timeElapsed":110,"timestamp":"2025-12-13T04:13:43.289Z"}
{"level":"info","message":"⌛ Validating parciales/amongUs/jugadores.wlk","timeElapsed":107,"timestamp":"2025-12-13T04:13:43.479Z"}
{"level":"info","message":"⌛ Validating parciales/amongUs/jugadores.wlk","timeElapsed":104,"timestamp":"2025-12-13T04:13:43.661Z"}
{"level":"info","message":"⌛ Validating parciales/amongUs/jugadores.wlk","timeElapsed":109,"timestamp":"2025-12-13T04:13:44.414Z"}
{"level":"info","message":"⌛ Validating parciales/amongUs/jugadores.wlk","timeElapsed":108,"timestamp":"2025-12-13T04:14:03.139Z"}
{"level":"info","message":"⌛ Building environment","timeElapsed":104,"timestamp":"2025-12-13T04:14:03.244Z"}
{"level":"info","message":"⌛ Validating parciales/amongUs/jugadores.wlk","timeElapsed":103,"timestamp":"2025-12-13T04:14:03.357Z"}
{"level":"info","message":"⌛ Building environment","timeElapsed":125,"timestamp":"2025-12-13T04:14:04.200Z"}
{"level":"info","message":"⌛ Validating parciales/amongUs/jugadores.wlk","timeElapsed":104,"timestamp":"2025-12-13T04:14:04.431Z"}
{"level":"info","message":"⌛ Validating parciales/amongUs/jugadores.wlk","timeElapsed":104,"timestamp":"2025-12-13T04:14:05.201Z"}
{"level":"info","message":"⌛ Building environment","timeElapsed":111,"timestamp":"2025-12-13T04:14:07.211Z"}
{"level":"info","message":"⌛ Validating parciales/amongUs/jugadores.wlk","timeElapsed":106,"timestamp":"2025-12-13T04:14:07.448Z"}
{"level":"info","message":"⌛ Validating parciales/amongUs/jugadores.wlk","timeElapsed":106,"timestamp":"2025-12-13T04:14:07.664Z"}
{"level":"info","message":"⌛ Validating parciales/amongUs/jugadores.wlk","timeElapsed":103,"timestamp":"2025-12-13T04:14:08.447Z"}
{"level":"info","message":"⌛ Validating parciales/amongUs/jugadores.wlk","timeElapsed":112,"timestamp":"2025-12-13T04:14:08.665Z"}
{"level":"info","message":"⌛ Building environment","timeElapsed":120,"timestamp":"2025-12-13T04:14:08.787Z"}
{"level":"info","message":"⌛ Validating parciales/amongUs/jugadores.wlk","timeElapsed":111,"timestamp":"2025-12-13T04:14:09.022Z"}
{"level":"info","message":"⌛ Validating parciales/amongUs/jugadores.wlk","timeElapsed":107,"timestamp":"2025-12-13T04:14:09.135Z"}
{"level":"info","message":"⌛ Validating parciales/amongUs/jugadores.wlk","timeElapsed":111,"timestamp":"2025-12-13T04:14:09.376Z"}
{"level":"info","message":"⌛ Validating parciales/amongUs/jugadores.wlk","timeElapsed":108,"timestamp":"2025-12-13T04:14:10.091Z"}
{"level":"info","message":"⌛ Validating parciales/amongUs/jugadores.wlk","timeElapsed":109,"timestamp":"2025-12-13T04:14:10.397Z"}
{"level":"info","message":"⌛ Building environment","timeElapsed":105,"timestamp":"2025-12-13T04:14:10.602Z"}
{"level":"info","message":"⌛ Validating parciales/amongUs/jugadores.wlk","timeElapsed":102,"timestamp":"2025-12-13T04:14:10.901Z"}
{"level":"info","message":"⌛ Validating parciales/amongUs/jugadores.wlk","timeElapsed":139,"timestamp":"2025-12-13T04:14:11.245Z"}
{"level":"info","message":"⌛ Validating parciales/amongUs/jugadores.wlk","timeElapsed":102,"timestamp":"2025-12-13T04:14:11.350Z"}
{"level":"info","message":"⌛ Validating parciales/amongUs/jugadores.wlk","timeElapsed":110,"timestamp":"2025-12-13T04:14:12.720Z"}
{"level":"info","message":"⌛ Validating parciales/amongUs/jugadores.wlk","timeElapsed":150,"timestamp":"2025-12-13T04:14:12.953Z"}
{"level":"info","message":"⌛ Validating parciales/amongUs/jugadores.wlk","timeElapsed":113,"timestamp":"2025-12-13T04:14:14.209Z"}
{"level":"info","message":"⌛ Validating parciales/amongUs/jugadores.wlk","timeElapsed":103,"timestamp":"2025-12-13T04:14:14.313Z"}
{"level":"info","message":"⌛ Building environment","timeElapsed":117,"timestamp":"2025-12-13T04:14:14.431Z"}
{"level":"info","message":"⌛ Validating parciales/amongUs/jugadores.wlk","timeElapsed":101,"timestamp":"2025-12-13T04:14:14.829Z"}
{"level":"info","message":"⌛ Validating parciales/amongUs/jugadores.wlk","timeElapsed":103,"timestamp":"2025-12-13T04:14:15.006Z"}
{"level":"info","message":"⌛ Validating parciales/amongUs/jugadores.wlk","timeElapsed":102,"timestamp":"2025-12-13T04:14:15.110Z"}
{"level":"info","message":"⌛ Validating parciales/amongUs/jugadores.wlk","timeElapsed":104,"timestamp":"2025-12-13T04:14:15.214Z"}
{"level":"info","message":"⌛ Validating parciales/amongUs/jugadores.wlk","timeElapsed":107,"timestamp":"2025-12-13T04:14:15.586Z"}
{"level":"info","message":"⌛ Validating parciales/amongUs/jugadores.wlk","timeElapsed":107,"timestamp":"2025-12-13T04:14:17.193Z"}
{"level":"info","message":"⌛ Validating parciales/amongUs/jugadores.wlk","timeElapsed":109,"timestamp":"2025-12-13T04:14:17.377Z"}
{"level":"info","message":"⌛ Building environment","timeElapsed":119,"timestamp":"2025-12-13T04:14:18.580Z"}
{"level":"info","message":"⌛ Validating parciales/amongUs/jugadores.wlk","timeElapsed":123,"timestamp":"2025-12-13T04:14:18.704Z"}
{"level":"info","message":"⌛ Validating parciales/amongUs/jugadores.wlk","timeElapsed":120,"timestamp":"2025-12-13T04:14:18.995Z"}
{"level":"info","message":"⌛ Validating parciales/amongUs/jugadores.wlk","timeElapsed":105,"timestamp":"2025-12-13T04:14:19.102Z"}
{"level":"info","message":"⌛ Validating parciales/amongUs/jugadores.wlk","timeElapsed":114,"timestamp":"2025-12-13T04:14:19.569Z"}
{"level":"info","message":"⌛ Building environment","timeElapsed":102,"timestamp":"2025-12-13T04:14:19.671Z"}
{"level":"info","message":"⌛ Validating parciales/amongUs/jugadores.wlk","timeElapsed":107,"timestamp":"2025-12-13T04:14:19.778Z"}
{"level":"info","message":"⌛ Validating parciales/amongUs/jugadores.wlk","timeElapsed":103,"timestamp":"2025-12-13T04:14:20.142Z"}
{"level":"info","message":"⌛ Validating parciales/amongUs/jugadores.wlk","timeElapsed":116,"timestamp":"2025-12-13T04:14:20.497Z"}
{"level":"info","message":"⌛ Validating parciales/amongUs/jugadores.wlk","timeElapsed":111,"timestamp":"2025-12-13T04:14:20.713Z"}
{"level":"info","message":"⌛ Validating parciales/amongUs/jugadores.wlk","timeElapsed":105,"timestamp":"2025-12-13T04:14:20.817Z"}
{"level":"info","message":"⌛ Building environment","timeElapsed":106,"timestamp":"2025-12-13T04:15:52.105Z"}
{"level":"info","message":"⌛ Validating parciales/amongUs/jugadores.wlk","timeElapsed":102,"timestamp":"2025-12-13T04:15:52.210Z"}
{"level":"info","message":"⌛ Building environment","timeElapsed":111,"timestamp":"2025-12-13T04:15:52.878Z"}
{"level":"info","message":"⌛ Validating parciales/amongUs/jugadores.wlk","timeElapsed":112,"timestamp":"2025-12-13T04:15:53.113Z"}
{"level":"info","message":"⌛ Validating parciales/amongUs/jugadores.wlk","timeElapsed":132,"timestamp":"2025-12-13T04:15:53.246Z"}
{"level":"info","message":"⌛ Validating parciales/amongUs/jugadores.wlk","timeElapsed":105,"timestamp":"2025-12-13T04:15:53.985Z"}
{"level":"info","message":"⌛ Building environment","timeElapsed":105,"timestamp":"2025-12-13T04:15:56.455Z"}
{"level":"error","message":"✘ Completions for node If ([50:5, 51:43] - parciales/amongUs/jugadores.wlk) failed: Error: [If]{c8d3c3} at parciales/amongUs/jugadores.wlk:50 exhausted all cases without a match [If]{c8d3c3} at parciales/amongUs/jugadores.wlk:50 exhausted all cases without a match","stack":"Error: [If]{c8d3c3} at parciales/amongUs/jugadores.wlk:50 exhausted all cases without a match\n    at c:\\Users\\egoytendia\\.vscode\\extensions\\uqbar.wollok-lsp-ide-0.5.3\\out\\server\\src\\server.js:38:6142\n    at D2 (c:\\Users\\egoytendia\\.vscode\\extensions\\uqbar.wollok-lsp-ide-0.5.3\\out\\server\\src\\server.js:2384:42)\n    at Qh (c:\\Users\\egoytendia\\.vscode\\extensions\\uqbar.wollok-lsp-ide-0.5.3\\out\\server\\src\\server.js:2384:1092)\n    at k6n (c:\\Users\\egoytendia\\.vscode\\extensions\\uqbar.wollok-lsp-ide-0.5.3\\out\\server\\src\\server.js:2384:1248)\n    at c:\\Users\\egoytendia\\.vscode\\extensions\\uqbar.wollok-lsp-ide-0.5.3\\out\\server\\src\\server.js:38:6131\n    at D2 (c:\\Users\\egoytendia\\.vscode\\extensions\\uqbar.wollok-lsp-ide-0.5.3\\out\\server\\src\\server.js:2384:42)\n    at c:\\Users\\egoytendia\\.vscode\\extensions\\uqbar.wollok-lsp-ide-0.5.3\\out\\server\\src\\server.js:2384:2988\n    at c:\\Users\\egoytendia\\.vscode\\extensions\\uqbar.wollok-lsp-ide-0.5.3\\out\\server\\src\\server.js:2393:8440\n    at c:\\Users\\egoytendia\\.vscode\\extensions\\uqbar.wollok-lsp-ide-0.5.3\\out\\server\\src\\server.js:37:74872\n    at Ye (c:\\Users\\egoytendia\\.vscode\\extensions\\uqbar.wollok-lsp-ide-0.5.3\\out\\server\\src\\server.js:7:8527)","timestamp":"2025-12-13T04:15:56.486Z"}
{"level":"info","message":"⌛ Validating parciales/amongUs/jugadores.wlk","timeElapsed":106,"timestamp":"2025-12-13T04:15:56.602Z"}
{"level":"info","message":"⌛ Building environment","timeElapsed":106,"timestamp":"2025-12-13T04:15:56.790Z"}
{"level":"info","message":"⌛ Validating parciales/amongUs/jugadores.wlk","timeElapsed":113,"timestamp":"2025-12-13T04:15:56.904Z"}
{"level":"info","message":"⌛ Validating parciales/amongUs/jugadores.wlk","timeElapsed":106,"timestamp":"2025-12-13T04:15:57.097Z"}
{"level":"info","message":"⌛ Validating parciales/amongUs/jugadores.wlk","timeElapsed":109,"timestamp":"2025-12-13T04:15:57.831Z"}
{"level":"info","message":"⌛ Validating parciales/amongUs/jugadores.wlk","timeElapsed":120,"timestamp":"2025-12-13T04:15:58.102Z"}
{"level":"info","message":"⌛ Building environment","timeElapsed":108,"timestamp":"2025-12-13T04:15:58.244Z"}
{"level":"info","message":"⌛ Validating parciales/amongUs/jugadores.wlk","timeElapsed":102,"timestamp":"2025-12-13T04:15:58.351Z"}
{"level":"info","message":"⌛ Validating parciales/amongUs/jugadores.wlk","timeElapsed":102,"timestamp":"2025-12-13T04:15:59.400Z"}
{"level":"info","message":"⌛ Building environment","timeElapsed":120,"timestamp":"2025-12-13T04:16:03.621Z"}
{"level":"error","message":"✘ Completions for node Send ([50:8, 50:30] - parciales/amongUs/jugadores.wlk) failed: Error: [Send]{fb5a23} at parciales/amongUs/jugadores.wlk:50 exhausted all cases without a match [Send]{fb5a23} at parciales/amongUs/jugadores.wlk:50 exhausted all cases without a match","stack":"Error: [Send]{fb5a23} at parciales/amongUs/jugadores.wlk:50 exhausted all cases without a match\n    at c:\\Users\\egoytendia\\.vscode\\extensions\\uqbar.wollok-lsp-ide-0.5.3\\out\\server\\src\\server.js:38:6142\n    at D2 (c:\\Users\\egoytendia\\.vscode\\extensions\\uqbar.wollok-lsp-ide-0.5.3\\out\\server\\src\\server.js:2384:42)\n    at Qh (c:\\Users\\egoytendia\\.vscode\\extensions\\uqbar.wollok-lsp-ide-0.5.3\\out\\server\\src\\server.js:2384:1092)\n    at k6n (c:\\Users\\egoytendia\\.vscode\\extensions\\uqbar.wollok-lsp-ide-0.5.3\\out\\server\\src\\server.js:2384:1248)\n    at c:\\Users\\egoytendia\\.vscode\\extensions\\uqbar.wollok-lsp-ide-0.5.3\\out\\server\\src\\server.js:38:6131\n    at D2 (c:\\Users\\egoytendia\\.vscode\\extensions\\uqbar.wollok-lsp-ide-0.5.3\\out\\server\\src\\server.js:2384:42)\n    at c:\\Users\\egoytendia\\.vscode\\extensions\\uqbar.wollok-lsp-ide-0.5.3\\out\\server\\src\\server.js:2384:2988\n    at c:\\Users\\egoytendia\\.vscode\\extensions\\uqbar.wollok-lsp-ide-0.5.3\\out\\server\\src\\server.js:2393:8440\n    at c:\\Users\\egoytendia\\.vscode\\extensions\\uqbar.wollok-lsp-ide-0.5.3\\out\\server\\src\\server.js:37:74872\n    at Ye (c:\\Users\\egoytendia\\.vscode\\extensions\\uqbar.wollok-lsp-ide-0.5.3\\out\\server\\src\\server.js:7:8527)","timestamp":"2025-12-13T04:16:03.706Z"}
{"level":"error","message":"✘ Completions for node If ([50:5, 51:43] - parciales/amongUs/jugadores.wlk) failed: Error: [If]{ad9118} at parciales/amongUs/jugadores.wlk:50 exhausted all cases without a match [If]{ad9118} at parciales/amongUs/jugadores.wlk:50 exhausted all cases without a match","stack":"Error: [If]{ad9118} at parciales/amongUs/jugadores.wlk:50 exhausted all cases without a match\n    at c:\\Users\\egoytendia\\.vscode\\extensions\\uqbar.wollok-lsp-ide-0.5.3\\out\\server\\src\\server.js:38:6142\n    at D2 (c:\\Users\\egoytendia\\.vscode\\extensions\\uqbar.wollok-lsp-ide-0.5.3\\out\\server\\src\\server.js:2384:42)\n    at Qh (c:\\Users\\egoytendia\\.vscode\\extensions\\uqbar.wollok-lsp-ide-0.5.3\\out\\server\\src\\server.js:2384:1092)\n    at D2 (c:\\Users\\egoytendia\\.vscode\\extensions\\uqbar.wollok-lsp-ide-0.5.3\\out\\server\\src\\server.js:2384:544)\n    at Qh (c:\\Users\\egoytendia\\.vscode\\extensions\\uqbar.wollok-lsp-ide-0.5.3\\out\\server\\src\\server.js:2384:1092)\n    at k6n (c:\\Users\\egoytendia\\.vscode\\extensions\\uqbar.wollok-lsp-ide-0.5.3\\out\\server\\src\\server.js:2384:1248)\n    at c:\\Users\\egoytendia\\.vscode\\extensions\\uqbar.wollok-lsp-ide-0.5.3\\out\\server\\src\\server.js:38:6131\n    at D2 (c:\\Users\\egoytendia\\.vscode\\extensions\\uqbar.wollok-lsp-ide-0.5.3\\out\\server\\src\\server.js:2384:42)\n    at c:\\Users\\egoytendia\\.vscode\\extensions\\uqbar.wollok-lsp-ide-0.5.3\\out\\server\\src\\server.js:2384:2988\n    at c:\\Users\\egoytendia\\.vscode\\extensions\\uqbar.wollok-lsp-ide-0.5.3\\out\\server\\src\\server.js:2393:8440","timestamp":"2025-12-13T04:16:03.706Z"}
{"level":"info","message":"⌛ Validating parciales/amongUs/jugadores.wlk","timeElapsed":110,"timestamp":"2025-12-13T04:16:03.917Z"}
{"level":"info","message":"⌛ Validating parciales/amongUs/jugadores.wlk","timeElapsed":110,"timestamp":"2025-12-13T04:16:04.200Z"}
{"level":"error","message":"✘ Completions for node Send ([50:8, 50:34] - parciales/amongUs/jugadores.wlk) failed: Error: [Send]{c58fd2} at parciales/amongUs/jugadores.wlk:50 exhausted all cases without a match [Send]{c58fd2} at parciales/amongUs/jugadores.wlk:50 exhausted all cases without a match","stack":"Error: [Send]{c58fd2} at parciales/amongUs/jugadores.wlk:50 exhausted all cases without a match\n    at c:\\Users\\egoytendia\\.vscode\\extensions\\uqbar.wollok-lsp-ide-0.5.3\\out\\server\\src\\server.js:38:6142\n    at D2 (c:\\Users\\egoytendia\\.vscode\\extensions\\uqbar.wollok-lsp-ide-0.5.3\\out\\server\\src\\server.js:2384:42)\n    at Qh (c:\\Users\\egoytendia\\.vscode\\extensions\\uqbar.wollok-lsp-ide-0.5.3\\out\\server\\src\\server.js:2384:1092)\n    at k6n (c:\\Users\\egoytendia\\.vscode\\extensions\\uqbar.wollok-lsp-ide-0.5.3\\out\\server\\src\\server.js:2384:1248)\n    at c:\\Users\\egoytendia\\.vscode\\extensions\\uqbar.wollok-lsp-ide-0.5.3\\out\\server\\src\\server.js:38:6131\n    at D2 (c:\\Users\\egoytendia\\.vscode\\extensions\\uqbar.wollok-lsp-ide-0.5.3\\out\\server\\src\\server.js:2384:42)\n    at c:\\Users\\egoytendia\\.vscode\\extensions\\uqbar.wollok-lsp-ide-0.5.3\\out\\server\\src\\server.js:2384:2988\n    at c:\\Users\\egoytendia\\.vscode\\extensions\\uqbar.wollok-lsp-ide-0.5.3\\out\\server\\src\\server.js:2393:8440\n    at c:\\Users\\egoytendia\\.vscode\\extensions\\uqbar.wollok-lsp-ide-0.5.3\\out\\server\\src\\server.js:37:74872\n    at Ye (c:\\Users\\egoytendia\\.vscode\\extensions\\uqbar.wollok-lsp-ide-0.5.3\\out\\server\\src\\server.js:7:8527)","timestamp":"2025-12-13T04:16:08.161Z"}
{"level":"error","message":"✘ Completions for node If ([50:5, 51:43] - parciales/amongUs/jugadores.wlk) failed: Error: [If]{64b568} at parciales/amongUs/jugadores.wlk:50 exhausted all cases without a match [If]{64b568} at parciales/amongUs/jugadores.wlk:50 exhausted all cases without a match","stack":"Error: [If]{64b568} at parciales/amongUs/jugadores.wlk:50 exhausted all cases without a match\n    at c:\\Users\\egoytendia\\.vscode\\extensions\\uqbar.wollok-lsp-ide-0.5.3\\out\\server\\src\\server.js:38:6142\n    at D2 (c:\\Users\\egoytendia\\.vscode\\extensions\\uqbar.wollok-lsp-ide-0.5.3\\out\\server\\src\\server.js:2384:42)\n    at Qh (c:\\Users\\egoytendia\\.vscode\\extensions\\uqbar.wollok-lsp-ide-0.5.3\\out\\server\\src\\server.js:2384:1092)\n    at D2 (c:\\Users\\egoytendia\\.vscode\\extensions\\uqbar.wollok-lsp-ide-0.5.3\\out\\server\\src\\server.js:2384:544)\n    at Qh (c:\\Users\\egoytendia\\.vscode\\extensions\\uqbar.wollok-lsp-ide-0.5.3\\out\\server\\src\\server.js:2384:1092)\n    at k6n (c:\\Users\\egoytendia\\.vscode\\extensions\\uqbar.wollok-lsp-ide-0.5.3\\out\\server\\src\\server.js:2384:1248)\n    at c:\\Users\\egoytendia\\.vscode\\extensions\\uqbar.wollok-lsp-ide-0.5.3\\out\\server\\src\\server.js:38:6131\n    at D2 (c:\\Users\\egoytendia\\.vscode\\extensions\\uqbar.wollok-lsp-ide-0.5.3\\out\\server\\src\\server.js:2384:42)\n    at c:\\Users\\egoytendia\\.vscode\\extensions\\uqbar.wollok-lsp-ide-0.5.3\\out\\server\\src\\server.js:2384:2988\n    at c:\\Users\\egoytendia\\.vscode\\extensions\\uqbar.wollok-lsp-ide-0.5.3\\out\\server\\src\\server.js:2393:8440","timestamp":"2025-12-13T04:16:08.161Z"}
{"level":"info","message":"⌛ Validating parciales/amongUs/jugadores.wlk","timeElapsed":105,"timestamp":"2025-12-13T04:16:08.277Z"}
{"level":"info","message":"⌛ Building environment","timeElapsed":114,"timestamp":"2025-12-13T04:16:08.391Z"}
{"level":"info","message":"⌛ Building environment","timeElapsed":115,"timestamp":"2025-12-13T04:16:08.507Z"}
{"level":"info","message":"⌛ Validating parciales/amongUs/jugadores.wlk","timeElapsed":106,"timestamp":"2025-12-13T04:16:08.613Z"}
{"level":"info","message":"⌛ Validating parciales/amongUs/jugadores.wlk","timeElapsed":103,"timestamp":"2025-12-13T04:16:08.794Z"}
{"level":"info","message":"⌛ Validating parciales/amongUs/jugadores.wlk","timeElapsed":105,"timestamp":"2025-12-13T04:16:09.239Z"}
{"level":"info","message":"⌛ Building environment","timeElapsed":112,"timestamp":"2025-12-13T04:16:16.259Z"}
{"level":"info","message":"⌛ Validating parciales/amongUs/jugadores.wlk","timeElapsed":111,"timestamp":"2025-12-13T04:16:16.372Z"}
{"level":"info","message":"⌛ Validating parciales/amongUs/jugadores.wlk","timeElapsed":108,"timestamp":"2025-12-13T04:16:16.578Z"}
{"level":"info","message":"⌛ Validating parciales/amongUs/jugadores.wlk","timeElapsed":108,"timestamp":"2025-12-13T04:16:16.771Z"}
{"level":"error","message":"✘ Completions for node Send ([50:8, 50:42] - parciales/amongUs/jugadores.wlk) failed: Error: [Send]{1d0a80} at parciales/amongUs/jugadores.wlk:50 exhausted all cases without a match [Send]{1d0a80} at parciales/amongUs/jugadores.wlk:50 exhausted all cases without a match","stack":"Error: [Send]{1d0a80} at parciales/amongUs/jugadores.wlk:50 exhausted all cases without a match\n    at c:\\Users\\egoytendia\\.vscode\\extensions\\uqbar.wollok-lsp-ide-0.5.3\\out\\server\\src\\server.js:38:6142\n    at D2 (c:\\Users\\egoytendia\\.vscode\\extensions\\uqbar.wollok-lsp-ide-0.5.3\\out\\server\\src\\server.js:2384:42)\n    at Qh (c:\\Users\\egoytendia\\.vscode\\extensions\\uqbar.wollok-lsp-ide-0.5.3\\out\\server\\src\\server.js:2384:1092)\n    at k6n (c:\\Users\\egoytendia\\.vscode\\extensions\\uqbar.wollok-lsp-ide-0.5.3\\out\\server\\src\\server.js:2384:1248)\n    at c:\\Users\\egoytendia\\.vscode\\extensions\\uqbar.wollok-lsp-ide-0.5.3\\out\\server\\src\\server.js:38:6131\n    at D2 (c:\\Users\\egoytendia\\.vscode\\extensions\\uqbar.wollok-lsp-ide-0.5.3\\out\\server\\src\\server.js:2384:42)\n    at c:\\Users\\egoytendia\\.vscode\\extensions\\uqbar.wollok-lsp-ide-0.5.3\\out\\server\\src\\server.js:2384:2988\n    at c:\\Users\\egoytendia\\.vscode\\extensions\\uqbar.wollok-lsp-ide-0.5.3\\out\\server\\src\\server.js:2393:8440\n    at c:\\Users\\egoytendia\\.vscode\\extensions\\uqbar.wollok-lsp-ide-0.5.3\\out\\server\\src\\server.js:37:74872\n    at Ye (c:\\Users\\egoytendia\\.vscode\\extensions\\uqbar.wollok-lsp-ide-0.5.3\\out\\server\\src\\server.js:7:8527)","timestamp":"2025-12-13T04:16:18.777Z"}
{"level":"error","message":"✘ Completions for node If ([50:5, 51:43] - parciales/amongUs/jugadores.wlk) failed: Error: [If]{9f19a5} at parciales/amongUs/jugadores.wlk:50 exhausted all cases without a match [If]{9f19a5} at parciales/amongUs/jugadores.wlk:50 exhausted all cases without a match","stack":"Error: [If]{9f19a5} at parciales/amongUs/jugadores.wlk:50 exhausted all cases without a match\n    at c:\\Users\\egoytendia\\.vscode\\extensions\\uqbar.wollok-lsp-ide-0.5.3\\out\\server\\src\\server.js:38:6142\n    at D2 (c:\\Users\\egoytendia\\.vscode\\extensions\\uqbar.wollok-lsp-ide-0.5.3\\out\\server\\src\\server.js:2384:42)\n    at Qh (c:\\Users\\egoytendia\\.vscode\\extensions\\uqbar.wollok-lsp-ide-0.5.3\\out\\server\\src\\server.js:2384:1092)\n    at D2 (c:\\Users\\egoytendia\\.vscode\\extensions\\uqbar.wollok-lsp-ide-0.5.3\\out\\server\\src\\server.js:2384:544)\n    at Qh (c:\\Users\\egoytendia\\.vscode\\extensions\\uqbar.wollok-lsp-ide-0.5.3\\out\\server\\src\\server.js:2384:1092)\n    at k6n (c:\\Users\\egoytendia\\.vscode\\extensions\\uqbar.wollok-lsp-ide-0.5.3\\out\\server\\src\\server.js:2384:1248)\n    at c:\\Users\\egoytendia\\.vscode\\extensions\\uqbar.wollok-lsp-ide-0.5.3\\out\\server\\src\\server.js:38:6131\n    at D2 (c:\\Users\\egoytendia\\.vscode\\extensions\\uqbar.wollok-lsp-ide-0.5.3\\out\\server\\src\\server.js:2384:42)\n    at c:\\Users\\egoytendia\\.vscode\\extensions\\uqbar.wollok-lsp-ide-0.5.3\\out\\server\\src\\server.js:2384:2988\n    at c:\\Users\\egoytendia\\.vscode\\extensions\\uqbar.wollok-lsp-ide-0.5.3\\out\\server\\src\\server.js:2393:8440","timestamp":"2025-12-13T04:16:18.777Z"}
{"level":"info","message":"⌛ Validating parciales/amongUs/jugadores.wlk","timeElapsed":130,"timestamp":"2025-12-13T04:16:18.911Z"}
{"level":"info","message":"⌛ Building environment","timeElapsed":120,"timestamp":"2025-12-13T04:16:19.032Z"}
{"level":"info","message":"⌛ Validating parciales/amongUs/jugadores.wlk","timeElapsed":107,"timestamp":"2025-12-13T04:16:19.326Z"}
{"level":"info","message":"⌛ Validating parciales/amongUs/jugadores.wlk","timeElapsed":104,"timestamp":"2025-12-13T04:16:19.431Z"}
{"level":"info","message":"⌛ Building environment","timeElapsed":129,"timestamp":"2025-12-13T04:16:21.426Z"}
{"level":"info","message":"⌛ Validating parciales/amongUs/jugadores.wlk","timeElapsed":105,"timestamp":"2025-12-13T04:16:21.531Z"}
{"level":"info","message":"⌛ Validating parciales/amongUs/jugadores.wlk","timeElapsed":108,"timestamp":"2025-12-13T04:16:21.796Z"}
{"level":"info","message":"⌛ Building environment","timeElapsed":105,"timestamp":"2025-12-13T04:16:25.189Z"}
{"level":"info","message":"⌛ Validating parciales/amongUs/jugadores.wlk","timeElapsed":105,"timestamp":"2025-12-13T04:16:25.296Z"}
{"level":"info","message":"⌛ Building environment","timeElapsed":105,"timestamp":"2025-12-13T04:16:25.648Z"}
{"level":"info","message":"⌛ Validating parciales/amongUs/jugadores.wlk","timeElapsed":109,"timestamp":"2025-12-13T04:16:25.758Z"}
{"level":"info","message":"⌛ Validating parciales/amongUs/jugadores.wlk","timeElapsed":106,"timestamp":"2025-12-13T04:16:25.939Z"}
{"level":"info","message":"⌛ Building environment","timeElapsed":101,"timestamp":"2025-12-13T04:16:27.064Z"}
{"level":"info","message":"⌛ Validating parciales/amongUs/jugadores.wlk","timeElapsed":106,"timestamp":"2025-12-13T04:16:27.170Z"}
{"level":"info","message":"⌛ Building environment","timeElapsed":111,"timestamp":"2025-12-13T04:16:27.316Z"}
{"level":"info","message":"⌛ Validating parciales/amongUs/jugadores.wlk","timeElapsed":102,"timestamp":"2025-12-13T04:16:27.419Z"}
{"level":"info","message":"⌛ Validating parciales/amongUs/jugadores.wlk","timeElapsed":105,"timestamp":"2025-12-13T04:16:27.623Z"}
{"level":"info","message":"⌛ Building environment","timeElapsed":116,"timestamp":"2025-12-13T04:19:18.201Z"}
{"level":"info","message":"⌛ Validating parciales/amongUs/sabotaje.wlk","timeElapsed":140,"timestamp":"2025-12-13T04:19:18.402Z"}
{"level":"info","message":"⌛ Building environment","timeElapsed":122,"timestamp":"2025-12-13T04:20:15.915Z"}
{"level":"info","message":"⌛ Validating parciales/amongUs/sabotaje.wlk","timeElapsed":115,"timestamp":"2025-12-13T04:20:16.030Z"}
{"level":"info","message":"⌛ Validating parciales/amongUs/sabotaje.wlk","timeElapsed":112,"timestamp":"2025-12-13T04:20:16.335Z"}
{"level":"info","message":"⌛ Validating parciales/amongUs/sabotaje.wlk","timeElapsed":110,"timestamp":"2025-12-13T04:20:16.450Z"}
{"level":"info","message":"⌛ Validating parciales/amongUs/sabotaje.wlk","timeElapsed":105,"timestamp":"2025-12-13T04:20:16.555Z"}
{"level":"info","message":"⌛ Validating parciales/amongUs/sabotaje.wlk","timeElapsed":110,"timestamp":"2025-12-13T04:20:16.741Z"}
{"level":"info","message":"⌛ Building environment","timeElapsed":108,"timestamp":"2025-12-13T04:20:17.052Z"}
{"level":"error","message":"✘ Failed to rebuild document Failed to parse parciales/amongUs/sabotaje.wlk: \n-- PARSING FAILED --------------------------------------------------\n\n> 1 | class  {\n    |        ^\n  2 |   \n  3 | }\n\nExpected one of the following: \n\nidentifier, whitespace\n","stack":"Error: Failed to parse parciales/amongUs/sabotaje.wlk: \n-- PARSING FAILED --------------------------------------------------\n\n> 1 | class  {\n    |        ^\n  2 |   \n  3 | }\n\nExpected one of the following: \n\nidentifier, whitespace\n\n    at c:\\Users\\egoytendia\\.vscode\\extensions\\uqbar.wollok-lsp-ide-0.5.3\\out\\server\\src\\server.js:2348:13026\n    at Array.map (<anonymous>)\n    at W1n (c:\\Users\\egoytendia\\.vscode\\extensions\\uqbar.wollok-lsp-ide-0.5.3\\out\\server\\src\\server.js:2348:12950)\n    at U2.buildEnvironmentFrom (c:\\Users\\egoytendia\\.vscode\\extensions\\uqbar.wollok-lsp-ide-0.5.3\\out\\server\\src\\server.js:2393:5254)\n    at U2.updateEnvironmentWith (c:\\Users\\egoytendia\\.vscode\\extensions\\uqbar.wollok-lsp-ide-0.5.3\\out\\server\\src\\server.js:2393:4989)\n    at JF (c:\\Users\\egoytendia\\.vscode\\extensions\\uqbar.wollok-lsp-ide-0.5.3\\out\\server\\src\\server.js:2393:7383)\n    at F3.invoke (c:\\Users\\egoytendia\\.vscode\\extensions\\uqbar.wollok-lsp-ide-0.5.3\\out\\server\\src\\server.js:3:157334)\n    at o.fire (c:\\Users\\egoytendia\\.vscode\\extensions\\uqbar.wollok-lsp-ide-0.5.3\\out\\server\\src\\server.js:3:158104)\n    at c:\\Users\\egoytendia\\.vscode\\extensions\\uqbar.wollok-lsp-ide-0.5.3\\out\\server\\src\\server.js:37:57871\n    at Zr (c:\\Users\\egoytendia\\.vscode\\extensions\\uqbar.wollok-lsp-ide-0.5.3\\out\\server\\src\\server.js:8:1561)","timestamp":"2025-12-13T04:20:17.285Z"}
{"level":"info","message":"⌛ Validating parciales/amongUs/sabotaje.wlk","timeElapsed":104,"timestamp":"2025-12-13T04:20:17.624Z"}
{"level":"info","message":"⌛ Validating parciales/amongUs/sabotaje.wlk","timeElapsed":109,"timestamp":"2025-12-13T04:20:18.153Z"}
{"level":"info","message":"⌛ Validating parciales/amongUs/sabotaje.wlk","timeElapsed":115,"timestamp":"2025-12-13T04:20:18.372Z"}
{"level":"info","message":"⌛ Validating parciales/amongUs/sabotaje.wlk","timeElapsed":143,"timestamp":"2025-12-13T04:20:18.722Z"}
{"level":"info","message":"⌛ Validating parciales/amongUs/sabotaje.wlk","timeElapsed":106,"timestamp":"2025-12-13T04:20:18.829Z"}
{"level":"info","message":"⌛ Validating parciales/amongUs/sabotaje.wlk","timeElapsed":106,"timestamp":"2025-12-13T04:20:19.211Z"}
{"level":"info","message":"⌛ Validating parciales/amongUs/sabotaje.wlk","timeElapsed":102,"timestamp":"2025-12-13T04:20:19.318Z"}
{"level":"info","message":"⌛ Building environment","timeElapsed":103,"timestamp":"2025-12-13T04:20:35.314Z"}
{"level":"info","message":"⌛ Validating parciales/amongUs/sabotaje.wlk","timeElapsed":143,"timestamp":"2025-12-13T04:20:35.460Z"}
{"level":"info","message":"⌛ Validating parciales/amongUs/sabotaje.wlk","timeElapsed":110,"timestamp":"2025-12-13T04:20:36.320Z"}
{"level":"info","message":"⌛ Validating parciales/amongUs/sabotaje.wlk","timeElapsed":141,"timestamp":"2025-12-13T04:20:36.463Z"}
{"level":"info","message":"⌛ Validating parciales/amongUs/sabotaje.wlk","timeElapsed":113,"timestamp":"2025-12-13T04:20:36.676Z"}
{"level":"info","message":"⌛ Validating parciales/amongUs/sabotaje.wlk","timeElapsed":116,"timestamp":"2025-12-13T04:20:37.476Z"}
{"level":"info","message":"⌛ Validating parciales/amongUs/sabotaje.wlk","timeElapsed":109,"timestamp":"2025-12-13T04:20:37.586Z"}
{"level":"info","message":"⌛ Validating parciales/amongUs/sabotaje.wlk","timeElapsed":113,"timestamp":"2025-12-13T04:20:38.080Z"}
{"level":"info","message":"⌛ Validating parciales/amongUs/sabotaje.wlk","timeElapsed":109,"timestamp":"2025-12-13T04:20:38.293Z"}
{"level":"info","message":"⌛ Validating parciales/amongUs/sabotaje.wlk","timeElapsed":116,"timestamp":"2025-12-13T04:20:38.482Z"}
{"level":"info","message":"⌛ Validating parciales/amongUs/sabotaje.wlk","timeElapsed":101,"timestamp":"2025-12-13T04:20:38.582Z"}
{"level":"info","message":"⌛ Validating parciales/amongUs/sabotaje.wlk","timeElapsed":105,"timestamp":"2025-12-13T04:20:38.693Z"}
{"level":"info","message":"⌛ Validating parciales/amongUs/sabotaje.wlk","timeElapsed":106,"timestamp":"2025-12-13T04:20:38.799Z"}
{"level":"info","message":"⌛ Validating parciales/amongUs/sabotaje.wlk","timeElapsed":115,"timestamp":"2025-12-13T04:20:39.027Z"}
{"level":"info","message":"⌛ Validating parciales/amongUs/sabotaje.wlk","timeElapsed":114,"timestamp":"2025-12-13T04:20:39.250Z"}
{"level":"info","message":"⌛ Validating parciales/amongUs/sabotaje.wlk","timeElapsed":109,"timestamp":"2025-12-13T04:20:39.484Z"}
{"level":"info","message":"⌛ Building environment","timeElapsed":103,"timestamp":"2025-12-13T04:20:40.039Z"}
{"level":"info","message":"⌛ Validating parciales/amongUs/sabotaje.wlk","timeElapsed":110,"timestamp":"2025-12-13T04:20:40.259Z"}
{"level":"info","message":"⌛ Validating parciales/amongUs/sabotaje.wlk","timeElapsed":105,"timestamp":"2025-12-13T04:20:40.365Z"}
{"level":"info","message":"⌛ Building environment","timeElapsed":153,"timestamp":"2025-12-13T04:20:43.137Z"}
{"level":"info","message":"⌛ Validating parciales/amongUs/sabotaje.wlk","timeElapsed":118,"timestamp":"2025-12-13T04:20:43.255Z"}
{"level":"info","message":"⌛ Validating parciales/amongUs/sabotaje.wlk","timeElapsed":111,"timestamp":"2025-12-13T04:20:43.452Z"}
{"level":"info","message":"⌛ Validating parciales/amongUs/sabotaje.wlk","timeElapsed":112,"timestamp":"2025-12-13T04:20:43.639Z"}
{"level":"info","message":"⌛ Validating parciales/amongUs/sabotaje.wlk","timeElapsed":109,"timestamp":"2025-12-13T04:20:43.828Z"}
{"level":"info","message":"⌛ Validating parciales/amongUs/sabotaje.wlk","timeElapsed":108,"timestamp":"2025-12-13T04:20:45.338Z"}
{"level":"info","message":"⌛ Building environment","timeElapsed":115,"timestamp":"2025-12-13T04:21:01.610Z"}
{"level":"info","message":"⌛ Validating parciales/amongUs/sabotaje.wlk","timeElapsed":113,"timestamp":"2025-12-13T04:21:01.724Z"}
{"level":"info","message":"⌛ Validating parciales/amongUs/sabotaje.wlk","timeElapsed":112,"timestamp":"2025-12-13T04:21:20.588Z"}
{"level":"info","message":"⌛ Validating parciales/amongUs/sabotaje.wlk","timeElapsed":125,"timestamp":"2025-12-13T04:21:20.816Z"}
{"level":"info","message":"⌛ Validating parciales/amongUs/sabotaje.wlk","timeElapsed":127,"timestamp":"2025-12-13T04:21:21.307Z"}
{"level":"info","message":"⌛ Validating parciales/amongUs/sabotaje.wlk","timeElapsed":157,"timestamp":"2025-12-13T04:21:21.721Z"}
{"level":"info","message":"⌛ Validating parciales/amongUs/sabotaje.wlk","timeElapsed":110,"timestamp":"2025-12-13T04:21:21.832Z"}
{"level":"info","message":"⌛ Validating parciales/amongUs/sabotaje.wlk","timeElapsed":101,"timestamp":"2025-12-13T04:21:21.939Z"}
{"level":"info","message":"⌛ Validating parciales/amongUs/sabotaje.wlk","timeElapsed":118,"timestamp":"2025-12-13T04:21:22.137Z"}
{"level":"info","message":"⌛ Validating parciales/amongUs/sabotaje.wlk","timeElapsed":144,"timestamp":"2025-12-13T04:21:23.882Z"}
{"level":"info","message":"⌛ Validating parciales/amongUs/sabotaje.wlk","timeElapsed":109,"timestamp":"2025-12-13T04:21:24.101Z"}
{"level":"info","message":"⌛ Building environment","timeElapsed":119,"timestamp":"2025-12-13T04:21:24.252Z"}
{"level":"info","message":"⌛ Validating parciales/amongUs/sabotaje.wlk","timeElapsed":115,"timestamp":"2025-12-13T04:21:24.479Z"}
{"level":"info","message":"⌛ Validating parciales/amongUs/sabotaje.wlk","timeElapsed":113,"timestamp":"2025-12-13T04:21:24.702Z"}
{"level":"info","message":"⌛ Validating parciales/amongUs/sabotaje.wlk","timeElapsed":105,"timestamp":"2025-12-13T04:21:24.963Z"}
{"level":"info","message":"⌛ Validating parciales/amongUs/sabotaje.wlk","timeElapsed":109,"timestamp":"2025-12-13T04:21:25.171Z"}
{"level":"info","message":"⌛ Validating parciales/amongUs/sabotaje.wlk","timeElapsed":106,"timestamp":"2025-12-13T04:21:25.277Z"}
{"level":"info","message":"⌛ Validating parciales/amongUs/sabotaje.wlk","timeElapsed":107,"timestamp":"2025-12-13T04:21:25.387Z"}
{"level":"info","message":"⌛ Validating parciales/amongUs/sabotaje.wlk","timeElapsed":115,"timestamp":"2025-12-13T04:21:25.801Z"}
{"level":"info","message":"⌛ Validating parciales/amongUs/sabotaje.wlk","timeElapsed":105,"timestamp":"2025-12-13T04:21:25.906Z"}
{"level":"info","message":"⌛ Validating parciales/amongUs/sabotaje.wlk","timeElapsed":105,"timestamp":"2025-12-13T04:21:26.011Z"}
{"level":"info","message":"⌛ Building environment","timeElapsed":194,"timestamp":"2025-12-13T04:21:26.206Z"}
{"level":"info","message":"⌛ Building environment","timeElapsed":112,"timestamp":"2025-12-13T04:21:26.560Z"}
{"level":"info","message":"⌛ Validating parciales/amongUs/sabotaje.wlk","timeElapsed":111,"timestamp":"2025-12-13T04:21:26.671Z"}
{"level":"info","message":"⌛ Validating parciales/amongUs/sabotaje.wlk","timeElapsed":102,"timestamp":"2025-12-13T04:21:26.773Z"}
{"level":"info","message":"⌛ Validating parciales/amongUs/sabotaje.wlk","timeElapsed":110,"timestamp":"2025-12-13T04:21:26.883Z"}
{"level":"info","message":"⌛ Validating parciales/amongUs/sabotaje.wlk","timeElapsed":104,"timestamp":"2025-12-13T04:21:26.993Z"}
{"level":"info","message":"⌛ Validating parciales/amongUs/sabotaje.wlk","timeElapsed":111,"timestamp":"2025-12-13T04:21:27.209Z"}
{"level":"info","message":"⌛ Validating parciales/amongUs/sabotaje.wlk","timeElapsed":107,"timestamp":"2025-12-13T04:21:27.937Z"}
{"level":"info","message":"⌛ Validating parciales/amongUs/sabotaje.wlk","timeElapsed":161,"timestamp":"2025-12-13T04:21:28.178Z"}
{"level":"info","message":"⌛ Building environment","timeElapsed":104,"timestamp":"2025-12-13T04:21:28.286Z"}
{"level":"info","message":"⌛ Validating parciales/amongUs/sabotaje.wlk","timeElapsed":111,"timestamp":"2025-12-13T04:21:28.615Z"}
{"level":"info","message":"⌛ Validating parciales/amongUs/sabotaje.wlk","timeElapsed":114,"timestamp":"2025-12-13T04:21:28.812Z"}
{"level":"info","message":"⌛ Validating parciales/amongUs/sabotaje.wlk","timeElapsed":105,"timestamp":"2025-12-13T04:21:28.917Z"}
{"level":"info","message":"⌛ Validating parciales/amongUs/sabotaje.wlk","timeElapsed":102,"timestamp":"2025-12-13T04:21:29.025Z"}
{"level":"info","message":"⌛ Validating parciales/amongUs/sabotaje.wlk","timeElapsed":107,"timestamp":"2025-12-13T04:21:29.458Z"}
{"level":"error","message":"✘ Failed to rebuild document Failed to parse parciales/amongUs/sabotaje.wlk: \n-- PARSING FAILED --------------------------------------------------\n\n  4 | }\n  5 | \n> 6 | class ReducirOxigeno i {\n    |                      ^\n  7 |   \n  8 | }\n\nExpected one of the following: \n\n'inherits', '{', whitespace\n","stack":"Error: Failed to parse parciales/amongUs/sabotaje.wlk: \n-- PARSING FAILED --------------------------------------------------\n\n  4 | }\n  5 | \n> 6 | class ReducirOxigeno i {\n    |                      ^\n  7 |   \n  8 | }\n\nExpected one of the following: \n\n'inherits', '{', whitespace\n\n    at c:\\Users\\egoytendia\\.vscode\\extensions\\uqbar.wollok-lsp-ide-0.5.3\\out\\server\\src\\server.js:2348:13026\n    at Array.map (<anonymous>)\n    at W1n (c:\\Users\\egoytendia\\.vscode\\extensions\\uqbar.wollok-lsp-ide-0.5.3\\out\\server\\src\\server.js:2348:12950)\n    at U2.buildEnvironmentFrom (c:\\Users\\egoytendia\\.vscode\\extensions\\uqbar.wollok-lsp-ide-0.5.3\\out\\server\\src\\server.js:2393:5254)\n    at U2.updateEnvironmentWith (c:\\Users\\egoytendia\\.vscode\\extensions\\uqbar.wollok-lsp-ide-0.5.3\\out\\server\\src\\server.js:2393:4989)\n    at JF (c:\\Users\\egoytendia\\.vscode\\extensions\\uqbar.wollok-lsp-ide-0.5.3\\out\\server\\src\\server.js:2393:7383)\n    at F3.invoke (c:\\Users\\egoytendia\\.vscode\\extensions\\uqbar.wollok-lsp-ide-0.5.3\\out\\server\\src\\server.js:3:157334)\n    at o.fire (c:\\Users\\egoytendia\\.vscode\\extensions\\uqbar.wollok-lsp-ide-0.5.3\\out\\server\\src\\server.js:3:158104)\n    at c:\\Users\\egoytendia\\.vscode\\extensions\\uqbar.wollok-lsp-ide-0.5.3\\out\\server\\src\\server.js:37:57871\n    at Zr (c:\\Users\\egoytendia\\.vscode\\extensions\\uqbar.wollok-lsp-ide-0.5.3\\out\\server\\src\\server.js:8:1561)","timestamp":"2025-12-13T04:21:29.623Z"}
{"level":"error","message":"✘ Failed to rebuild document Failed to parse parciales/amongUs/sabotaje.wlk: \n-- PARSING FAILED --------------------------------------------------\n\n  4 | }\n  5 | \n> 6 | class ReducirOxigeno in {\n    |                      ^\n  7 |   \n  8 | }\n\nExpected one of the following: \n\n'inherits', '{', whitespace\n","stack":"Error: Failed to parse parciales/amongUs/sabotaje.wlk: \n-- PARSING FAILED --------------------------------------------------\n\n  4 | }\n  5 | \n> 6 | class ReducirOxigeno in {\n    |                      ^\n  7 |   \n  8 | }\n\nExpected one of the following: \n\n'inherits', '{', whitespace\n\n    at c:\\Users\\egoytendia\\.vscode\\extensions\\uqbar.wollok-lsp-ide-0.5.3\\out\\server\\src\\server.js:2348:13026\n    at Array.map (<anonymous>)\n    at W1n (c:\\Users\\egoytendia\\.vscode\\extensions\\uqbar.wollok-lsp-ide-0.5.3\\out\\server\\src\\server.js:2348:12950)\n    at U2.buildEnvironmentFrom (c:\\Users\\egoytendia\\.vscode\\extensions\\uqbar.wollok-lsp-ide-0.5.3\\out\\server\\src\\server.js:2393:5254)\n    at U2.updateEnvironmentWith (c:\\Users\\egoytendia\\.vscode\\extensions\\uqbar.wollok-lsp-ide-0.5.3\\out\\server\\src\\server.js:2393:4989)\n    at JF (c:\\Users\\egoytendia\\.vscode\\extensions\\uqbar.wollok-lsp-ide-0.5.3\\out\\server\\src\\server.js:2393:7383)\n    at F3.invoke (c:\\Users\\egoytendia\\.vscode\\extensions\\uqbar.wollok-lsp-ide-0.5.3\\out\\server\\src\\server.js:3:157334)\n    at o.fire (c:\\Users\\egoytendia\\.vscode\\extensions\\uqbar.wollok-lsp-ide-0.5.3\\out\\server\\src\\server.js:3:158104)\n    at c:\\Users\\egoytendia\\.vscode\\extensions\\uqbar.wollok-lsp-ide-0.5.3\\out\\server\\src\\server.js:37:57871\n    at Zr (c:\\Users\\egoytendia\\.vscode\\extensions\\uqbar.wollok-lsp-ide-0.5.3\\out\\server\\src\\server.js:8:1561)","timestamp":"2025-12-13T04:21:29.688Z"}
{"level":"error","message":"✘ Failed to rebuild document Failed to parse parciales/amongUs/sabotaje.wlk: \n-- PARSING FAILED --------------------------------------------------\n\n  4 | }\n  5 | \n> 6 | class ReducirOxigeno inh {\n    |                      ^\n  7 |   \n  8 | }\n\nExpected one of the following: \n\n'inherits', '{', whitespace\n","stack":"Error: Failed to parse parciales/amongUs/sabotaje.wlk: \n-- PARSING FAILED --------------------------------------------------\n\n  4 | }\n  5 | \n> 6 | class ReducirOxigeno inh {\n    |                      ^\n  7 |   \n  8 | }\n\nExpected one of the following: \n\n'inherits', '{', whitespace\n\n    at c:\\Users\\egoytendia\\.vscode\\extensions\\uqbar.wollok-lsp-ide-0.5.3\\out\\server\\src\\server.js:2348:13026\n    at Array.map (<anonymous>)\n    at W1n (c:\\Users\\egoytendia\\.vscode\\extensions\\uqbar.wollok-lsp-ide-0.5.3\\out\\server\\src\\server.js:2348:12950)\n    at U2.buildEnvironmentFrom (c:\\Users\\egoytendia\\.vscode\\extensions\\uqbar.wollok-lsp-ide-0.5.3\\out\\server\\src\\server.js:2393:5254)\n    at U2.updateEnvironmentWith (c:\\Users\\egoytendia\\.vscode\\extensions\\uqbar.wollok-lsp-ide-0.5.3\\out\\server\\src\\server.js:2393:4989)\n    at JF (c:\\Users\\egoytendia\\.vscode\\extensions\\uqbar.wollok-lsp-ide-0.5.3\\out\\server\\src\\server.js:2393:7383)\n    at F3.invoke (c:\\Users\\egoytendia\\.vscode\\extensions\\uqbar.wollok-lsp-ide-0.5.3\\out\\server\\src\\server.js:3:157334)\n    at o.fire (c:\\Users\\egoytendia\\.vscode\\extensions\\uqbar.wollok-lsp-ide-0.5.3\\out\\server\\src\\server.js:3:158104)\n    at c:\\Users\\egoytendia\\.vscode\\extensions\\uqbar.wollok-lsp-ide-0.5.3\\out\\server\\src\\server.js:37:57871\n    at Zr (c:\\Users\\egoytendia\\.vscode\\extensions\\uqbar.wollok-lsp-ide-0.5.3\\out\\server\\src\\server.js:8:1561)","timestamp":"2025-12-13T04:21:29.887Z"}
{"level":"error","message":"✘ Failed to rebuild document Failed to parse parciales/amongUs/sabotaje.wlk: \n-- PARSING FAILED --------------------------------------------------\n\n  4 | }\n  5 | \n> 6 | class ReducirOxigeno inhe {\n    |                      ^\n  7 |   \n  8 | }\n\nExpected one of the following: \n\n'inherits', '{', whitespace\n","stack":"Error: Failed to parse parciales/amongUs/sabotaje.wlk: \n-- PARSING FAILED --------------------------------------------------\n\n  4 | }\n  5 | \n> 6 | class ReducirOxigeno inhe {\n    |                      ^\n  7 |   \n  8 | }\n\nExpected one of the following: \n\n'inherits', '{', whitespace\n\n    at c:\\Users\\egoytendia\\.vscode\\extensions\\uqbar.wollok-lsp-ide-0.5.3\\out\\server\\src\\server.js:2348:13026\n    at Array.map (<anonymous>)\n    at W1n (c:\\Users\\egoytendia\\.vscode\\extensions\\uqbar.wollok-lsp-ide-0.5.3\\out\\server\\src\\server.js:2348:12950)\n    at U2.buildEnvironmentFrom (c:\\Users\\egoytendia\\.vscode\\extensions\\uqbar.wollok-lsp-ide-0.5.3\\out\\server\\src\\server.js:2393:5254)\n    at U2.updateEnvironmentWith (c:\\Users\\egoytendia\\.vscode\\extensions\\uqbar.wollok-lsp-ide-0.5.3\\out\\server\\src\\server.js:2393:4989)\n    at JF (c:\\Users\\egoytendia\\.vscode\\extensions\\uqbar.wollok-lsp-ide-0.5.3\\out\\server\\src\\server.js:2393:7383)\n    at F3.invoke (c:\\Users\\egoytendia\\.vscode\\extensions\\uqbar.wollok-lsp-ide-0.5.3\\out\\server\\src\\server.js:3:157334)\n    at o.fire (c:\\Users\\egoytendia\\.vscode\\extensions\\uqbar.wollok-lsp-ide-0.5.3\\out\\server\\src\\server.js:3:158104)\n    at c:\\Users\\egoytendia\\.vscode\\extensions\\uqbar.wollok-lsp-ide-0.5.3\\out\\server\\src\\server.js:37:57871\n    at Zr (c:\\Users\\egoytendia\\.vscode\\extensions\\uqbar.wollok-lsp-ide-0.5.3\\out\\server\\src\\server.js:8:1561)","timestamp":"2025-12-13T04:21:29.992Z"}
{"level":"error","message":"✘ Failed to rebuild document Failed to parse parciales/amongUs/sabotaje.wlk: \n-- PARSING FAILED --------------------------------------------------\n\n  4 | }\n  5 | \n> 6 | class ReducirOxigeno inher {\n    |                      ^\n  7 |   \n  8 | }\n\nExpected one of the following: \n\n'inherits', '{', whitespace\n","stack":"Error: Failed to parse parciales/amongUs/sabotaje.wlk: \n-- PARSING FAILED --------------------------------------------------\n\n  4 | }\n  5 | \n> 6 | class ReducirOxigeno inher {\n    |                      ^\n  7 |   \n  8 | }\n\nExpected one of the following: \n\n'inherits', '{', whitespace\n\n    at c:\\Users\\egoytendia\\.vscode\\extensions\\uqbar.wollok-lsp-ide-0.5.3\\out\\server\\src\\server.js:2348:13026\n    at Array.map (<anonymous>)\n    at W1n (c:\\Users\\egoytendia\\.vscode\\extensions\\uqbar.wollok-lsp-ide-0.5.3\\out\\server\\src\\server.js:2348:12950)\n    at U2.buildEnvironmentFrom (c:\\Users\\egoytendia\\.vscode\\extensions\\uqbar.wollok-lsp-ide-0.5.3\\out\\server\\src\\server.js:2393:5254)\n    at U2.updateEnvironmentWith (c:\\Users\\egoytendia\\.vscode\\extensions\\uqbar.wollok-lsp-ide-0.5.3\\out\\server\\src\\server.js:2393:4989)\n    at JF (c:\\Users\\egoytendia\\.vscode\\extensions\\uqbar.wollok-lsp-ide-0.5.3\\out\\server\\src\\server.js:2393:7383)\n    at F3.invoke (c:\\Users\\egoytendia\\.vscode\\extensions\\uqbar.wollok-lsp-ide-0.5.3\\out\\server\\src\\server.js:3:157334)\n    at o.fire (c:\\Users\\egoytendia\\.vscode\\extensions\\uqbar.wollok-lsp-ide-0.5.3\\out\\server\\src\\server.js:3:158104)\n    at c:\\Users\\egoytendia\\.vscode\\extensions\\uqbar.wollok-lsp-ide-0.5.3\\out\\server\\src\\server.js:37:57871\n    at Zr (c:\\Users\\egoytendia\\.vscode\\extensions\\uqbar.wollok-lsp-ide-0.5.3\\out\\server\\src\\server.js:8:1561)","timestamp":"2025-12-13T04:21:30.161Z"}
{"level":"error","message":"✘ Failed to rebuild document Failed to parse parciales/amongUs/sabotaje.wlk: \n-- PARSING FAILED --------------------------------------------------\n\n  4 | }\n  5 | \n> 6 | class ReducirOxigeno inheri {\n    |                      ^\n  7 |   \n  8 | }\n\nExpected one of the following: \n\n'inherits', '{', whitespace\n","stack":"Error: Failed to parse parciales/amongUs/sabotaje.wlk: \n-- PARSING FAILED --------------------------------------------------\n\n  4 | }\n  5 | \n> 6 | class ReducirOxigeno inheri {\n    |                      ^\n  7 |   \n  8 | }\n\nExpected one of the following: \n\n'inherits', '{', whitespace\n\n    at c:\\Users\\egoytendia\\.vscode\\extensions\\uqbar.wollok-lsp-ide-0.5.3\\out\\server\\src\\server.js:2348:13026\n    at Array.map (<anonymous>)\n    at W1n (c:\\Users\\egoytendia\\.vscode\\extensions\\uqbar.wollok-lsp-ide-0.5.3\\out\\server\\src\\server.js:2348:12950)\n    at U2.buildEnvironmentFrom (c:\\Users\\egoytendia\\.vscode\\extensions\\uqbar.wollok-lsp-ide-0.5.3\\out\\server\\src\\server.js:2393:5254)\n    at U2.updateEnvironmentWith (c:\\Users\\egoytendia\\.vscode\\extensions\\uqbar.wollok-lsp-ide-0.5.3\\out\\server\\src\\server.js:2393:4989)\n    at JF (c:\\Users\\egoytendia\\.vscode\\extensions\\uqbar.wollok-lsp-ide-0.5.3\\out\\server\\src\\server.js:2393:7383)\n    at F3.invoke (c:\\Users\\egoytendia\\.vscode\\extensions\\uqbar.wollok-lsp-ide-0.5.3\\out\\server\\src\\server.js:3:157334)\n    at o.fire (c:\\Users\\egoytendia\\.vscode\\extensions\\uqbar.wollok-lsp-ide-0.5.3\\out\\server\\src\\server.js:3:158104)\n    at c:\\Users\\egoytendia\\.vscode\\extensions\\uqbar.wollok-lsp-ide-0.5.3\\out\\server\\src\\server.js:37:57871\n    at Zr (c:\\Users\\egoytendia\\.vscode\\extensions\\uqbar.wollok-lsp-ide-0.5.3\\out\\server\\src\\server.js:8:1561)","timestamp":"2025-12-13T04:21:30.271Z"}
{"level":"error","message":"✘ Failed to rebuild document Failed to parse parciales/amongUs/sabotaje.wlk: \n-- PARSING FAILED --------------------------------------------------\n\n  4 | }\n  5 | \n> 6 | class ReducirOxigeno inherit {\n    |                      ^\n  7 |   \n  8 | }\n\nExpected one of the following: \n\n'inherits', '{', whitespace\n","stack":"Error: Failed to parse parciales/amongUs/sabotaje.wlk: \n-- PARSING FAILED --------------------------------------------------\n\n  4 | }\n  5 | \n> 6 | class ReducirOxigeno inherit {\n    |                      ^\n  7 |   \n  8 | }\n\nExpected one of the following: \n\n'inherits', '{', whitespace\n\n    at c:\\Users\\egoytendia\\.vscode\\extensions\\uqbar.wollok-lsp-ide-0.5.3\\out\\server\\src\\server.js:2348:13026\n    at Array.map (<anonymous>)\n    at W1n (c:\\Users\\egoytendia\\.vscode\\extensions\\uqbar.wollok-lsp-ide-0.5.3\\out\\server\\src\\server.js:2348:12950)\n    at U2.buildEnvironmentFrom (c:\\Users\\egoytendia\\.vscode\\extensions\\uqbar.wollok-lsp-ide-0.5.3\\out\\server\\src\\server.js:2393:5254)\n    at U2.updateEnvironmentWith (c:\\Users\\egoytendia\\.vscode\\extensions\\uqbar.wollok-lsp-ide-0.5.3\\out\\server\\src\\server.js:2393:4989)\n    at JF (c:\\Users\\egoytendia\\.vscode\\extensions\\uqbar.wollok-lsp-ide-0.5.3\\out\\server\\src\\server.js:2393:7383)\n    at F3.invoke (c:\\Users\\egoytendia\\.vscode\\extensions\\uqbar.wollok-lsp-ide-0.5.3\\out\\server\\src\\server.js:3:157334)\n    at o.fire (c:\\Users\\egoytendia\\.vscode\\extensions\\uqbar.wollok-lsp-ide-0.5.3\\out\\server\\src\\server.js:3:158104)\n    at c:\\Users\\egoytendia\\.vscode\\extensions\\uqbar.wollok-lsp-ide-0.5.3\\out\\server\\src\\server.js:37:57871\n    at Zr (c:\\Users\\egoytendia\\.vscode\\extensions\\uqbar.wollok-lsp-ide-0.5.3\\out\\server\\src\\server.js:8:1561)","timestamp":"2025-12-13T04:21:30.350Z"}
{"level":"error","message":"✘ Failed to rebuild document Failed to parse parciales/amongUs/sabotaje.wlk: \n-- PARSING FAILED --------------------------------------------------\n\n  4 | }\n  5 | \n> 6 | class ReducirOxigeno inherits {\n    |                               ^\n  7 |   \n  8 | }\n\nExpected one of the following: \n\n'@', comment, identifier, package identifier, whitespace\n","stack":"Error: Failed to parse parciales/amongUs/sabotaje.wlk: \n-- PARSING FAILED --------------------------------------------------\n\n  4 | }\n  5 | \n> 6 | class ReducirOxigeno inherits {\n    |                               ^\n  7 |   \n  8 | }\n\nExpected one of the following: \n\n'@', comment, identifier, package identifier, whitespace\n\n    at c:\\Users\\egoytendia\\.vscode\\extensions\\uqbar.wollok-lsp-ide-0.5.3\\out\\server\\src\\server.js:2348:13026\n    at Array.map (<anonymous>)\n    at W1n (c:\\Users\\egoytendia\\.vscode\\extensions\\uqbar.wollok-lsp-ide-0.5.3\\out\\server\\src\\server.js:2348:12950)\n    at U2.buildEnvironmentFrom (c:\\Users\\egoytendia\\.vscode\\extensions\\uqbar.wollok-lsp-ide-0.5.3\\out\\server\\src\\server.js:2393:5254)\n    at U2.updateEnvironmentWith (c:\\Users\\egoytendia\\.vscode\\extensions\\uqbar.wollok-lsp-ide-0.5.3\\out\\server\\src\\server.js:2393:4989)\n    at JF (c:\\Users\\egoytendia\\.vscode\\extensions\\uqbar.wollok-lsp-ide-0.5.3\\out\\server\\src\\server.js:2393:7383)\n    at F3.invoke (c:\\Users\\egoytendia\\.vscode\\extensions\\uqbar.wollok-lsp-ide-0.5.3\\out\\server\\src\\server.js:3:157334)\n    at o.fire (c:\\Users\\egoytendia\\.vscode\\extensions\\uqbar.wollok-lsp-ide-0.5.3\\out\\server\\src\\server.js:3:158104)\n    at c:\\Users\\egoytendia\\.vscode\\extensions\\uqbar.wollok-lsp-ide-0.5.3\\out\\server\\src\\server.js:37:57871\n    at Zr (c:\\Users\\egoytendia\\.vscode\\extensions\\uqbar.wollok-lsp-ide-0.5.3\\out\\server\\src\\server.js:8:1561)","timestamp":"2025-12-13T04:21:30.521Z"}
{"level":"error","message":"✘ Failed to rebuild document Failed to parse parciales/amongUs/sabotaje.wlk: \n-- PARSING FAILED --------------------------------------------------\n\n  4 | }\n  5 | \n> 6 | class ReducirOxigeno inherits  {\n    |                                ^\n  7 |   \n  8 | }\n\nExpected one of the following: \n\n'@', comment, identifier, package identifier, whitespace\n","stack":"Error: Failed to parse parciales/amongUs/sabotaje.wlk: \n-- PARSING FAILED --------------------------------------------------\n\n  4 | }\n  5 | \n> 6 | class ReducirOxigeno inherits  {\n    |                                ^\n  7 |   \n  8 | }\n\nExpected one of the following: \n\n'@', comment, identifier, package identifier, whitespace\n\n    at c:\\Users\\egoytendia\\.vscode\\extensions\\uqbar.wollok-lsp-ide-0.5.3\\out\\server\\src\\server.js:2348:13026\n    at Array.map (<anonymous>)\n    at W1n (c:\\Users\\egoytendia\\.vscode\\extensions\\uqbar.wollok-lsp-ide-0.5.3\\out\\server\\src\\server.js:2348:12950)\n    at U2.buildEnvironmentFrom (c:\\Users\\egoytendia\\.vscode\\extensions\\uqbar.wollok-lsp-ide-0.5.3\\out\\server\\src\\server.js:2393:5254)\n    at U2.updateEnvironmentWith (c:\\Users\\egoytendia\\.vscode\\extensions\\uqbar.wollok-lsp-ide-0.5.3\\out\\server\\src\\server.js:2393:4989)\n    at JF (c:\\Users\\egoytendia\\.vscode\\extensions\\uqbar.wollok-lsp-ide-0.5.3\\out\\server\\src\\server.js:2393:7383)\n    at F3.invoke (c:\\Users\\egoytendia\\.vscode\\extensions\\uqbar.wollok-lsp-ide-0.5.3\\out\\server\\src\\server.js:3:157334)\n    at o.fire (c:\\Users\\egoytendia\\.vscode\\extensions\\uqbar.wollok-lsp-ide-0.5.3\\out\\server\\src\\server.js:3:158104)\n    at c:\\Users\\egoytendia\\.vscode\\extensions\\uqbar.wollok-lsp-ide-0.5.3\\out\\server\\src\\server.js:37:57871\n    at Zr (c:\\Users\\egoytendia\\.vscode\\extensions\\uqbar.wollok-lsp-ide-0.5.3\\out\\server\\src\\server.js:8:1561)","timestamp":"2025-12-13T04:21:30.684Z"}
{"level":"info","message":"⌛ Building environment","timeElapsed":113,"timestamp":"2025-12-13T04:21:31.728Z"}
{"level":"error","message":"✘ Completions for node ParameterizedType ([6:31, 6:32] - parciales/amongUs/sabotaje.wlk) failed: Error: [ParameterizedType]{e76aff} at parciales/amongUs/sabotaje.wlk:6 exhausted all cases without a match [ParameterizedType]{e76aff} at parciales/amongUs/sabotaje.wlk:6 exhausted all cases without a match","stack":"Error: [ParameterizedType]{e76aff} at parciales/amongUs/sabotaje.wlk:6 exhausted all cases without a match\n    at c:\\Users\\egoytendia\\.vscode\\extensions\\uqbar.wollok-lsp-ide-0.5.3\\out\\server\\src\\server.js:38:6142\n    at D2 (c:\\Users\\egoytendia\\.vscode\\extensions\\uqbar.wollok-lsp-ide-0.5.3\\out\\server\\src\\server.js:2384:42)\n    at Qh (c:\\Users\\egoytendia\\.vscode\\extensions\\uqbar.wollok-lsp-ide-0.5.3\\out\\server\\src\\server.js:2384:1092)\n    at k6n (c:\\Users\\egoytendia\\.vscode\\extensions\\uqbar.wollok-lsp-ide-0.5.3\\out\\server\\src\\server.js:2384:1248)\n    at c:\\Users\\egoytendia\\.vscode\\extensions\\uqbar.wollok-lsp-ide-0.5.3\\out\\server\\src\\server.js:38:6131\n    at D2 (c:\\Users\\egoytendia\\.vscode\\extensions\\uqbar.wollok-lsp-ide-0.5.3\\out\\server\\src\\server.js:2384:42)\n    at c:\\Users\\egoytendia\\.vscode\\extensions\\uqbar.wollok-lsp-ide-0.5.3\\out\\server\\src\\server.js:2384:2988\n    at c:\\Users\\egoytendia\\.vscode\\extensions\\uqbar.wollok-lsp-ide-0.5.3\\out\\server\\src\\server.js:2393:8440\n    at c:\\Users\\egoytendia\\.vscode\\extensions\\uqbar.wollok-lsp-ide-0.5.3\\out\\server\\src\\server.js:37:74872\n    at Ye (c:\\Users\\egoytendia\\.vscode\\extensions\\uqbar.wollok-lsp-ide-0.5.3\\out\\server\\src\\server.js:7:8527)","timestamp":"2025-12-13T04:21:31.792Z"}
{"level":"info","message":"⌛ Validating parciales/amongUs/sabotaje.wlk","timeElapsed":165,"timestamp":"2025-12-13T04:21:31.957Z"}
{"level":"info","message":"⌛ Validating parciales/amongUs/sabotaje.wlk","timeElapsed":116,"timestamp":"2025-12-13T04:21:32.164Z"}
{"level":"info","message":"⌛ Validating parciales/amongUs/sabotaje.wlk","timeElapsed":116,"timestamp":"2025-12-13T04:21:32.438Z"}
{"level":"info","message":"⌛ Validating parciales/amongUs/sabotaje.wlk","timeElapsed":102,"timestamp":"2025-12-13T04:21:32.540Z"}
{"level":"info","message":"⌛ Validating parciales/amongUs/sabotaje.wlk","timeElapsed":107,"timestamp":"2025-12-13T04:21:32.724Z"}
{"level":"info","message":"⌛ Validating parciales/amongUs/sabotaje.wlk","timeElapsed":109,"timestamp":"2025-12-13T04:21:33.257Z"}
{"level":"info","message":"⌛ Validating parciales/amongUs/sabotaje.wlk","timeElapsed":112,"timestamp":"2025-12-13T04:22:46.909Z"}
{"level":"info","message":"⌛ Building environment","timeElapsed":103,"timestamp":"2025-12-13T04:22:47.482Z"}
{"level":"info","message":"⌛ Validating parciales/amongUs/sabotaje.wlk","timeElapsed":112,"timestamp":"2025-12-13T04:22:47.594Z"}
{"level":"info","message":"⌛ Validating parciales/amongUs/sabotaje.wlk","timeElapsed":119,"timestamp":"2025-12-13T04:22:48.593Z"}
{"level":"info","message":"⌛ Building environment","timeElapsed":102,"timestamp":"2025-12-13T04:22:48.696Z"}
{"level":"info","message":"⌛ Validating parciales/amongUs/sabotaje.wlk","timeElapsed":124,"timestamp":"2025-12-13T04:22:48.908Z"}
{"level":"info","message":"⌛ Validating parciales/amongUs/sabotaje.wlk","timeElapsed":112,"timestamp":"2025-12-13T04:22:49.020Z"}
{"level":"info","message":"⌛ Building environment","timeElapsed":144,"timestamp":"2025-12-13T04:22:49.962Z"}
{"level":"info","message":"⌛ Validating parciales/amongUs/sabotaje.wlk","timeElapsed":134,"timestamp":"2025-12-13T04:22:50.097Z"}
{"level":"info","message":"⌛ Building environment","timeElapsed":121,"timestamp":"2025-12-13T04:22:50.336Z"}
{"level":"info","message":"⌛ Validating parciales/amongUs/sabotaje.wlk","timeElapsed":115,"timestamp":"2025-12-13T04:22:50.451Z"}
{"level":"info","message":"⌛ Validating parciales/amongUs/sabotaje.wlk","timeElapsed":109,"timestamp":"2025-12-13T04:22:50.635Z"}
{"level":"info","message":"⌛ Validating parciales/amongUs/sabotaje.wlk","timeElapsed":120,"timestamp":"2025-12-13T04:22:50.887Z"}
{"level":"info","message":"⌛ Validating parciales/amongUs/sabotaje.wlk","timeElapsed":105,"timestamp":"2025-12-13T04:22:50.993Z"}
{"level":"info","message":"⌛ Building environment","timeElapsed":113,"timestamp":"2025-12-13T04:22:51.565Z"}
{"level":"info","message":"⌛ Validating parciales/amongUs/sabotaje.wlk","timeElapsed":108,"timestamp":"2025-12-13T04:22:51.710Z"}
{"level":"info","message":"⌛ Validating parciales/amongUs/sabotaje.wlk","timeElapsed":115,"timestamp":"2025-12-13T04:22:51.996Z"}
{"level":"info","message":"⌛ Validating parciales/amongUs/sabotaje.wlk","timeElapsed":111,"timestamp":"2025-12-13T04:22:52.207Z"}
{"level":"info","message":"⌛ Validating parciales/amongUs/sabotaje.wlk","timeElapsed":111,"timestamp":"2025-12-13T04:22:52.393Z"}
{"level":"info","message":"⌛ Validating parciales/amongUs/sabotaje.wlk","timeElapsed":109,"timestamp":"2025-12-13T04:22:52.618Z"}
{"level":"info","message":"⌛ Validating parciales/amongUs/sabotaje.wlk","timeElapsed":117,"timestamp":"2025-12-13T04:22:52.839Z"}
{"level":"info","message":"⌛ Validating parciales/amongUs/sabotaje.wlk","timeElapsed":109,"timestamp":"2025-12-13T04:22:53.142Z"}
{"level":"info","message":"⌛ Validating parciales/amongUs/sabotaje.wlk","timeElapsed":102,"timestamp":"2025-12-13T04:22:53.245Z"}
{"level":"error","message":"✘ Completions for node Parameter ([3:27, 3:28] - parciales/amongUs/sabotaje.wlk) failed: Error: [Parameter]{eb5dd8} at parciales/amongUs/sabotaje.wlk:3 exhausted all cases without a match [Parameter]{eb5dd8} at parciales/amongUs/sabotaje.wlk:3 exhausted all cases without a match","stack":"Error: [Parameter]{eb5dd8} at parciales/amongUs/sabotaje.wlk:3 exhausted all cases without a match\n    at c:\\Users\\egoytendia\\.vscode\\extensions\\uqbar.wollok-lsp-ide-0.5.3\\out\\server\\src\\server.js:38:6142\n    at D2 (c:\\Users\\egoytendia\\.vscode\\extensions\\uqbar.wollok-lsp-ide-0.5.3\\out\\server\\src\\server.js:2384:42)\n    at c:\\Users\\egoytendia\\.vscode\\extensions\\uqbar.wollok-lsp-ide-0.5.3\\out\\server\\src\\server.js:2384:2988\n    at c:\\Users\\egoytendia\\.vscode\\extensions\\uqbar.wollok-lsp-ide-0.5.3\\out\\server\\src\\server.js:2393:8440\n    at c:\\Users\\egoytendia\\.vscode\\extensions\\uqbar.wollok-lsp-ide-0.5.3\\out\\server\\src\\server.js:37:74872\n    at Ye (c:\\Users\\egoytendia\\.vscode\\extensions\\uqbar.wollok-lsp-ide-0.5.3\\out\\server\\src\\server.js:7:8527)\n    at qt (c:\\Users\\egoytendia\\.vscode\\extensions\\uqbar.wollok-lsp-ide-0.5.3\\out\\server\\src\\server.js:7:6189)\n    at ot (c:\\Users\\egoytendia\\.vscode\\extensions\\uqbar.wollok-lsp-ide-0.5.3\\out\\server\\src\\server.js:7:6378)\n    at Immediate._onImmediate (c:\\Users\\egoytendia\\.vscode\\extensions\\uqbar.wollok-lsp-ide-0.5.3\\out\\server\\src\\server.js:7:6142)\n    at process.processImmediate (node:internal/timers:485:21)","timestamp":"2025-12-13T04:22:57.296Z"}
{"level":"info","message":"⌛ Validating parciales/amongUs/sabotaje.wlk","timeElapsed":113,"timestamp":"2025-12-13T04:22:57.492Z"}
{"level":"info","message":"⌛ Validating parciales/amongUs/sabotaje.wlk","timeElapsed":109,"timestamp":"2025-12-13T04:22:57.601Z"}
{"level":"info","message":"⌛ Building environment","timeElapsed":163,"timestamp":"2025-12-13T04:22:57.764Z"}
{"level":"error","message":"✘ Completions for node Parameter ([3:27, 3:30] - parciales/amongUs/sabotaje.wlk) failed: Error: [Parameter]{b94604} at parciales/amongUs/sabotaje.wlk:3 exhausted all cases without a match [Parameter]{b94604} at parciales/amongUs/sabotaje.wlk:3 exhausted all cases without a match","stack":"Error: [Parameter]{b94604} at parciales/amongUs/sabotaje.wlk:3 exhausted all cases without a match\n    at c:\\Users\\egoytendia\\.vscode\\extensions\\uqbar.wollok-lsp-ide-0.5.3\\out\\server\\src\\server.js:38:6142\n    at D2 (c:\\Users\\egoytendia\\.vscode\\extensions\\uqbar.wollok-lsp-ide-0.5.3\\out\\server\\src\\server.js:2384:42)\n    at c:\\Users\\egoytendia\\.vscode\\extensions\\uqbar.wollok-lsp-ide-0.5.3\\out\\server\\src\\server.js:2384:2988\n    at c:\\Users\\egoytendia\\.vscode\\extensions\\uqbar.wollok-lsp-ide-0.5.3\\out\\server\\src\\server.js:2393:8440\n    at c:\\Users\\egoytendia\\.vscode\\extensions\\uqbar.wollok-lsp-ide-0.5.3\\out\\server\\src\\server.js:37:74872\n    at Ye (c:\\Users\\egoytendia\\.vscode\\extensions\\uqbar.wollok-lsp-ide-0.5.3\\out\\server\\src\\server.js:7:8527)\n    at qt (c:\\Users\\egoytendia\\.vscode\\extensions\\uqbar.wollok-lsp-ide-0.5.3\\out\\server\\src\\server.js:7:6189)\n    at ot (c:\\Users\\egoytendia\\.vscode\\extensions\\uqbar.wollok-lsp-ide-0.5.3\\out\\server\\src\\server.js:7:6378)\n    at Immediate._onImmediate (c:\\Users\\egoytendia\\.vscode\\extensions\\uqbar.wollok-lsp-ide-0.5.3\\out\\server\\src\\server.js:7:6142)\n    at process.processImmediate (node:internal/timers:485:21)","timestamp":"2025-12-13T04:22:57.791Z"}
{"level":"info","message":"⌛ Validating parciales/amongUs/sabotaje.wlk","timeElapsed":109,"timestamp":"2025-12-13T04:22:58.161Z"}
{"level":"info","message":"⌛ Building environment","timeElapsed":166,"timestamp":"2025-12-13T04:22:58.327Z"}
{"level":"error","message":"✘ Completions for node Parameter ([3:27, 3:34] - parciales/amongUs/sabotaje.wlk) failed: Error: [Parameter]{913e35} at parciales/amongUs/sabotaje.wlk:3 exhausted all cases without a match [Parameter]{913e35} at parciales/amongUs/sabotaje.wlk:3 exhausted all cases without a match","stack":"Error: [Parameter]{913e35} at parciales/amongUs/sabotaje.wlk:3 exhausted all cases without a match\n    at c:\\Users\\egoytendia\\.vscode\\extensions\\uqbar.wollok-lsp-ide-0.5.3\\out\\server\\src\\server.js:38:6142\n    at D2 (c:\\Users\\egoytendia\\.vscode\\extensions\\uqbar.wollok-lsp-ide-0.5.3\\out\\server\\src\\server.js:2384:42)\n    at c:\\Users\\egoytendia\\.vscode\\extensions\\uqbar.wollok-lsp-ide-0.5.3\\out\\server\\src\\server.js:2384:2988\n    at c:\\Users\\egoytendia\\.vscode\\extensions\\uqbar.wollok-lsp-ide-0.5.3\\out\\server\\src\\server.js:2393:8440\n    at c:\\Users\\egoytendia\\.vscode\\extensions\\uqbar.wollok-lsp-ide-0.5.3\\out\\server\\src\\server.js:37:74872\n    at Ye (c:\\Users\\egoytendia\\.vscode\\extensions\\uqbar.wollok-lsp-ide-0.5.3\\out\\server\\src\\server.js:7:8527)\n    at qt (c:\\Users\\egoytendia\\.vscode\\extensions\\uqbar.wollok-lsp-ide-0.5.3\\out\\server\\src\\server.js:7:6189)\n    at ot (c:\\Users\\egoytendia\\.vscode\\extensions\\uqbar.wollok-lsp-ide-0.5.3\\out\\server\\src\\server.js:7:6378)\n    at Immediate._onImmediate (c:\\Users\\egoytendia\\.vscode\\extensions\\uqbar.wollok-lsp-ide-0.5.3\\out\\server\\src\\server.js:7:6142)\n    at process.processImmediate (node:internal/timers:485:21)","timestamp":"2025-12-13T04:22:58.353Z"}
{"level":"info","message":"⌛ Validating parciales/amongUs/sabotaje.wlk","timeElapsed":114,"timestamp":"2025-12-13T04:22:58.470Z"}
{"level":"info","message":"⌛ Validating parciales/amongUs/sabotaje.wlk","timeElapsed":113,"timestamp":"2025-12-13T04:22:58.662Z"}
{"level":"info","message":"⌛ Validating parciales/amongUs/sabotaje.wlk","timeElapsed":113,"timestamp":"2025-12-13T04:22:58.775Z"}
{"level":"info","message":"⌛ Validating parciales/amongUs/sabotaje.wlk","timeElapsed":110,"timestamp":"2025-12-13T04:22:58.968Z"}
{"level":"error","message":"✘ Completions for node Parameter ([3:36, 3:37] - parciales/amongUs/sabotaje.wlk) failed: Error: [Parameter]{da596e} at parciales/amongUs/sabotaje.wlk:3 exhausted all cases without a match [Parameter]{da596e} at parciales/amongUs/sabotaje.wlk:3 exhausted all cases without a match","stack":"Error: [Parameter]{da596e} at parciales/amongUs/sabotaje.wlk:3 exhausted all cases without a match\n    at c:\\Users\\egoytendia\\.vscode\\extensions\\uqbar.wollok-lsp-ide-0.5.3\\out\\server\\src\\server.js:38:6142\n    at D2 (c:\\Users\\egoytendia\\.vscode\\extensions\\uqbar.wollok-lsp-ide-0.5.3\\out\\server\\src\\server.js:2384:42)\n    at c:\\Users\\egoytendia\\.vscode\\extensions\\uqbar.wollok-lsp-ide-0.5.3\\out\\server\\src\\server.js:2384:2988\n    at c:\\Users\\egoytendia\\.vscode\\extensions\\uqbar.wollok-lsp-ide-0.5.3\\out\\server\\src\\server.js:2393:8440\n    at c:\\Users\\egoytendia\\.vscode\\extensions\\uqbar.wollok-lsp-ide-0.5.3\\out\\server\\src\\server.js:37:74872\n    at Ye (c:\\Users\\egoytendia\\.vscode\\extensions\\uqbar.wollok-lsp-ide-0.5.3\\out\\server\\src\\server.js:7:8527)\n    at qt (c:\\Users\\egoytendia\\.vscode\\extensions\\uqbar.wollok-lsp-ide-0.5.3\\out\\server\\src\\server.js:7:6189)\n    at ot (c:\\Users\\egoytendia\\.vscode\\extensions\\uqbar.wollok-lsp-ide-0.5.3\\out\\server\\src\\server.js:7:6378)\n    at Immediate._onImmediate (c:\\Users\\egoytendia\\.vscode\\extensions\\uqbar.wollok-lsp-ide-0.5.3\\out\\server\\src\\server.js:7:6142)\n    at process.processImmediate (node:internal/timers:485:21)","timestamp":"2025-12-13T04:22:59.067Z"}
{"level":"info","message":"⌛ Validating parciales/amongUs/sabotaje.wlk","timeElapsed":109,"timestamp":"2025-12-13T04:22:59.267Z"}
{"level":"info","message":"⌛ Validating parciales/amongUs/sabotaje.wlk","timeElapsed":108,"timestamp":"2025-12-13T04:22:59.540Z"}
{"level":"info","message":"⌛ Validating parciales/amongUs/sabotaje.wlk","timeElapsed":112,"timestamp":"2025-12-13T04:22:59.707Z"}
{"level":"info","message":"⌛ Validating parciales/amongUs/sabotaje.wlk","timeElapsed":130,"timestamp":"2025-12-13T04:22:59.839Z"}
{"level":"info","message":"⌛ Validating parciales/amongUs/sabotaje.wlk","timeElapsed":114,"timestamp":"2025-12-13T04:22:59.953Z"}
{"level":"info","message":"⌛ Validating parciales/amongUs/sabotaje.wlk","timeElapsed":107,"timestamp":"2025-12-13T04:23:00.060Z"}
{"level":"info","message":"⌛ Building environment","timeElapsed":110,"timestamp":"2025-12-13T04:23:01.872Z"}
{"level":"info","message":"⌛ Validating parciales/amongUs/sabotaje.wlk","timeElapsed":117,"timestamp":"2025-12-13T04:23:01.989Z"}
{"level":"info","message":"⌛ Validating parciales/amongUs/sabotaje.wlk","timeElapsed":117,"timestamp":"2025-12-13T04:23:02.927Z"}
{"level":"info","message":"⌛ Validating parciales/amongUs/sabotaje.wlk","timeElapsed":116,"timestamp":"2025-12-13T04:23:03.233Z"}
{"level":"info","message":"⌛ Validating parciales/amongUs/sabotaje.wlk","timeElapsed":113,"timestamp":"2025-12-13T04:23:03.454Z"}
{"level":"info","message":"⌛ Building environment","timeElapsed":102,"timestamp":"2025-12-13T04:23:03.556Z"}
{"level":"info","message":"⌛ Validating parciales/amongUs/sabotaje.wlk","timeElapsed":109,"timestamp":"2025-12-13T04:23:03.750Z"}
{"level":"info","message":"⌛ Validating parciales/amongUs/sabotaje.wlk","timeElapsed":111,"timestamp":"2025-12-13T04:23:04.048Z"}
{"level":"info","message":"⌛ Validating parciales/amongUs/sabotaje.wlk","timeElapsed":116,"timestamp":"2025-12-13T04:23:04.239Z"}
{"level":"info","message":"⌛ Validating parciales/amongUs/sabotaje.wlk","timeElapsed":112,"timestamp":"2025-12-13T04:23:04.428Z"}
{"level":"info","message":"⌛ Validating parciales/amongUs/sabotaje.wlk","timeElapsed":109,"timestamp":"2025-12-13T04:23:04.614Z"}
{"level":"info","message":"⌛ Validating parciales/amongUs/sabotaje.wlk","timeElapsed":102,"timestamp":"2025-12-13T04:23:04.721Z"}
{"level":"info","message":"⌛ Validating parciales/amongUs/sabotaje.wlk","timeElapsed":107,"timestamp":"2025-12-13T04:23:04.829Z"}
{"level":"info","message":"⌛ Validating parciales/amongUs/sabotaje.wlk","timeElapsed":153,"timestamp":"2025-12-13T04:23:04.983Z"}
{"level":"info","message":"⌛ Building environment","timeElapsed":112,"timestamp":"2025-12-13T04:23:06.008Z"}
{"level":"info","message":"⌛ Validating parciales/amongUs/sabotaje.wlk","timeElapsed":151,"timestamp":"2025-12-13T04:23:06.193Z"}
{"level":"info","message":"⌛ Validating parciales/amongUs/sabotaje.wlk","timeElapsed":111,"timestamp":"2025-12-13T04:23:06.391Z"}
{"level":"info","message":"⌛ Validating parciales/amongUs/sabotaje.wlk","timeElapsed":107,"timestamp":"2025-12-13T04:23:06.635Z"}
{"level":"info","message":"⌛ Building environment","timeElapsed":150,"timestamp":"2025-12-13T04:23:08.334Z"}
{"level":"info","message":"⌛ Validating parciales/amongUs/sabotaje.wlk","timeElapsed":108,"timestamp":"2025-12-13T04:23:08.471Z"}
{"level":"info","message":"⌛ Validating parciales/amongUs/sabotaje.wlk","timeElapsed":116,"timestamp":"2025-12-13T04:23:08.700Z"}
{"level":"info","message":"⌛ Validating parciales/amongUs/sabotaje.wlk","timeElapsed":121,"timestamp":"2025-12-13T04:23:08.980Z"}
{"level":"info","message":"⌛ Validating parciales/amongUs/sabotaje.wlk","timeElapsed":112,"timestamp":"2025-12-13T04:23:09.092Z"}
{"level":"info","message":"⌛ Validating parciales/amongUs/sabotaje.wlk","timeElapsed":109,"timestamp":"2025-12-13T04:23:09.473Z"}
{"level":"info","message":"⌛ Validating parciales/amongUs/sabotaje.wlk","timeElapsed":106,"timestamp":"2025-12-13T04:23:09.687Z"}
{"level":"info","message":"⌛ Validating parciales/amongUs/sabotaje.wlk","timeElapsed":103,"timestamp":"2025-12-13T04:23:09.790Z"}
{"level":"info","message":"⌛ Validating parciales/amongUs/sabotaje.wlk","timeElapsed":102,"timestamp":"2025-12-13T04:23:09.892Z"}
{"level":"info","message":"⌛ Validating parciales/amongUs/sabotaje.wlk","timeElapsed":106,"timestamp":"2025-12-13T04:23:10.295Z"}
{"level":"info","message":"⌛ Validating parciales/amongUs/sabotaje.wlk","timeElapsed":110,"timestamp":"2025-12-13T04:23:10.598Z"}
{"level":"info","message":"⌛ Validating parciales/amongUs/sabotaje.wlk","timeElapsed":113,"timestamp":"2025-12-13T04:23:10.895Z"}
{"level":"info","message":"⌛ Validating parciales/amongUs/sabotaje.wlk","timeElapsed":134,"timestamp":"2025-12-13T04:23:11.032Z"}
{"level":"info","message":"⌛ Validating parciales/amongUs/sabotaje.wlk","timeElapsed":161,"timestamp":"2025-12-13T04:23:11.377Z"}
{"level":"info","message":"⌛ Validating parciales/amongUs/sabotaje.wlk","timeElapsed":116,"timestamp":"2025-12-13T04:23:11.697Z"}
{"level":"info","message":"⌛ Validating parciales/amongUs/sabotaje.wlk","timeElapsed":104,"timestamp":"2025-12-13T04:23:11.801Z"}
{"level":"info","message":"⌛ Validating parciales/amongUs/sabotaje.wlk","timeElapsed":110,"timestamp":"2025-12-13T04:23:12.025Z"}
{"level":"error","message":"✘ Completions for node Parameter ([10:36, 10:37] - parciales/amongUs/sabotaje.wlk) failed: Error: [Parameter]{13468a} at parciales/amongUs/sabotaje.wlk:10 exhausted all cases without a match [Parameter]{13468a} at parciales/amongUs/sabotaje.wlk:10 exhausted all cases without a match","stack":"Error: [Parameter]{13468a} at parciales/amongUs/sabotaje.wlk:10 exhausted all cases without a match\n    at c:\\Users\\egoytendia\\.vscode\\extensions\\uqbar.wollok-lsp-ide-0.5.3\\out\\server\\src\\server.js:38:6142\n    at D2 (c:\\Users\\egoytendia\\.vscode\\extensions\\uqbar.wollok-lsp-ide-0.5.3\\out\\server\\src\\server.js:2384:42)\n    at c:\\Users\\egoytendia\\.vscode\\extensions\\uqbar.wollok-lsp-ide-0.5.3\\out\\server\\src\\server.js:2384:2988\n    at c:\\Users\\egoytendia\\.vscode\\extensions\\uqbar.wollok-lsp-ide-0.5.3\\out\\server\\src\\server.js:2393:8440\n    at c:\\Users\\egoytendia\\.vscode\\extensions\\uqbar.wollok-lsp-ide-0.5.3\\out\\server\\src\\server.js:37:74872\n    at Ye (c:\\Users\\egoytendia\\.vscode\\extensions\\uqbar.wollok-lsp-ide-0.5.3\\out\\server\\src\\server.js:7:8527)\n    at qt (c:\\Users\\egoytendia\\.vscode\\extensions\\uqbar.wollok-lsp-ide-0.5.3\\out\\server\\src\\server.js:7:6189)\n    at ot (c:\\Users\\egoytendia\\.vscode\\extensions\\uqbar.wollok-lsp-ide-0.5.3\\out\\server\\src\\server.js:7:6378)\n    at Immediate._onImmediate (c:\\Users\\egoytendia\\.vscode\\extensions\\uqbar.wollok-lsp-ide-0.5.3\\out\\server\\src\\server.js:7:6142)\n    at process.processImmediate (node:internal/timers:485:21)","timestamp":"2025-12-13T04:23:13.405Z"}
{"level":"info","message":"⌛ Validating parciales/amongUs/sabotaje.wlk","timeElapsed":113,"timestamp":"2025-12-13T04:23:13.522Z"}
{"level":"info","message":"⌛ Building environment","timeElapsed":102,"timestamp":"2025-12-13T04:23:13.704Z"}
{"level":"error","message":"✘ Completions for node Parameter ([10:36, 10:39] - parciales/amongUs/sabotaje.wlk) failed: Error: [Parameter]{d758b2} at parciales/amongUs/sabotaje.wlk:10 exhausted all cases without a match [Parameter]{d758b2} at parciales/amongUs/sabotaje.wlk:10 exhausted all cases without a match","stack":"Error: [Parameter]{d758b2} at parciales/amongUs/sabotaje.wlk:10 exhausted all cases without a match\n    at c:\\Users\\egoytendia\\.vscode\\extensions\\uqbar.wollok-lsp-ide-0.5.3\\out\\server\\src\\server.js:38:6142\n    at D2 (c:\\Users\\egoytendia\\.vscode\\extensions\\uqbar.wollok-lsp-ide-0.5.3\\out\\server\\src\\server.js:2384:42)\n    at c:\\Users\\egoytendia\\.vscode\\extensions\\uqbar.wollok-lsp-ide-0.5.3\\out\\server\\src\\server.js:2384:2988\n    at c:\\Users\\egoytendia\\.vscode\\extensions\\uqbar.wollok-lsp-ide-0.5.3\\out\\server\\src\\server.js:2393:8440\n    at c:\\Users\\egoytendia\\.vscode\\extensions\\uqbar.wollok-lsp-ide-0.5.3\\out\\server\\src\\server.js:37:74872\n    at Ye (c:\\Users\\egoytendia\\.vscode\\extensions\\uqbar.wollok-lsp-ide-0.5.3\\out\\server\\src\\server.js:7:8527)\n    at qt (c:\\Users\\egoytendia\\.vscode\\extensions\\uqbar.wollok-lsp-ide-0.5.3\\out\\server\\src\\server.js:7:6189)\n    at ot (c:\\Users\\egoytendia\\.vscode\\extensions\\uqbar.wollok-lsp-ide-0.5.3\\out\\server\\src\\server.js:7:6378)\n    at Immediate._onImmediate (c:\\Users\\egoytendia\\.vscode\\extensions\\uqbar.wollok-lsp-ide-0.5.3\\out\\server\\src\\server.js:7:6142)\n    at process.processImmediate (node:internal/timers:485:21)","timestamp":"2025-12-13T04:23:13.730Z"}
{"level":"info","message":"⌛ Validating parciales/amongUs/sabotaje.wlk","timeElapsed":113,"timestamp":"2025-12-13T04:23:13.856Z"}
{"level":"info","message":"⌛ Validating parciales/amongUs/sabotaje.wlk","timeElapsed":106,"timestamp":"2025-12-13T04:23:14.039Z"}
{"level":"error","message":"✘ Completions for node Parameter ([10:36, 10:41] - parciales/amongUs/sabotaje.wlk) failed: Error: [Parameter]{be837b} at parciales/amongUs/sabotaje.wlk:10 exhausted all cases without a match [Parameter]{be837b} at parciales/amongUs/sabotaje.wlk:10 exhausted all cases without a match","stack":"Error: [Parameter]{be837b} at parciales/amongUs/sabotaje.wlk:10 exhausted all cases without a match\n    at c:\\Users\\egoytendia\\.vscode\\extensions\\uqbar.wollok-lsp-ide-0.5.3\\out\\server\\src\\server.js:38:6142\n    at D2 (c:\\Users\\egoytendia\\.vscode\\extensions\\uqbar.wollok-lsp-ide-0.5.3\\out\\server\\src\\server.js:2384:42)\n    at c:\\Users\\egoytendia\\.vscode\\extensions\\uqbar.wollok-lsp-ide-0.5.3\\out\\server\\src\\server.js:2384:2988\n    at c:\\Users\\egoytendia\\.vscode\\extensions\\uqbar.wollok-lsp-ide-0.5.3\\out\\server\\src\\server.js:2393:8440\n    at c:\\Users\\egoytendia\\.vscode\\extensions\\uqbar.wollok-lsp-ide-0.5.3\\out\\server\\src\\server.js:37:74872\n    at Ye (c:\\Users\\egoytendia\\.vscode\\extensions\\uqbar.wollok-lsp-ide-0.5.3\\out\\server\\src\\server.js:7:8527)\n    at qt (c:\\Users\\egoytendia\\.vscode\\extensions\\uqbar.wollok-lsp-ide-0.5.3\\out\\server\\src\\server.js:7:6189)\n    at ot (c:\\Users\\egoytendia\\.vscode\\extensions\\uqbar.wollok-lsp-ide-0.5.3\\out\\server\\src\\server.js:7:6378)\n    at Immediate._onImmediate (c:\\Users\\egoytendia\\.vscode\\extensions\\uqbar.wollok-lsp-ide-0.5.3\\out\\server\\src\\server.js:7:6142)\n    at process.processImmediate (node:internal/timers:485:21)","timestamp":"2025-12-13T04:23:14.148Z"}
{"level":"info","message":"⌛ Validating parciales/amongUs/sabotaje.wlk","timeElapsed":108,"timestamp":"2025-12-13T04:23:14.343Z"}
{"level":"info","message":"⌛ Validating parciales/amongUs/sabotaje.wlk","timeElapsed":107,"timestamp":"2025-12-13T04:23:14.531Z"}
{"level":"info","message":"⌛ Validating parciales/amongUs/sabotaje.wlk","timeElapsed":115,"timestamp":"2025-12-13T04:23:14.722Z"}
{"level":"info","message":"⌛ Validating parciales/amongUs/sabotaje.wlk","timeElapsed":110,"timestamp":"2025-12-13T04:23:14.911Z"}
{"level":"info","message":"⌛ Validating parciales/amongUs/sabotaje.wlk","timeElapsed":112,"timestamp":"2025-12-13T04:23:15.103Z"}
{"level":"error","message":"✘ Completions for node Parameter ([10:45, 10:46] - parciales/amongUs/sabotaje.wlk) failed: Error: [Parameter]{744418} at parciales/amongUs/sabotaje.wlk:10 exhausted all cases without a match [Parameter]{744418} at parciales/amongUs/sabotaje.wlk:10 exhausted all cases without a match","stack":"Error: [Parameter]{744418} at parciales/amongUs/sabotaje.wlk:10 exhausted all cases without a match\n    at c:\\Users\\egoytendia\\.vscode\\extensions\\uqbar.wollok-lsp-ide-0.5.3\\out\\server\\src\\server.js:38:6142\n    at D2 (c:\\Users\\egoytendia\\.vscode\\extensions\\uqbar.wollok-lsp-ide-0.5.3\\out\\server\\src\\server.js:2384:42)\n    at c:\\Users\\egoytendia\\.vscode\\extensions\\uqbar.wollok-lsp-ide-0.5.3\\out\\server\\src\\server.js:2384:2988\n    at c:\\Users\\egoytendia\\.vscode\\extensions\\uqbar.wollok-lsp-ide-0.5.3\\out\\server\\src\\server.js:2393:8440\n    at c:\\Users\\egoytendia\\.vscode\\extensions\\uqbar.wollok-lsp-ide-0.5.3\\out\\server\\src\\server.js:37:74872\n    at Ye (c:\\Users\\egoytendia\\.vscode\\extensions\\uqbar.wollok-lsp-ide-0.5.3\\out\\server\\src\\server.js:7:8527)\n    at qt (c:\\Users\\egoytendia\\.vscode\\extensions\\uqbar.wollok-lsp-ide-0.5.3\\out\\server\\src\\server.js:7:6189)\n    at ot (c:\\Users\\egoytendia\\.vscode\\extensions\\uqbar.wollok-lsp-ide-0.5.3\\out\\server\\src\\server.js:7:6378)\n    at Immediate._onImmediate (c:\\Users\\egoytendia\\.vscode\\extensions\\uqbar.wollok-lsp-ide-0.5.3\\out\\server\\src\\server.js:7:6142)\n    at process.processImmediate (node:internal/timers:485:21)","timestamp":"2025-12-13T04:23:15.130Z"}
{"level":"info","message":"⌛ Building environment","timeElapsed":117,"timestamp":"2025-12-13T04:23:15.250Z"}
{"level":"info","message":"⌛ Validating parciales/amongUs/sabotaje.wlk","timeElapsed":113,"timestamp":"2025-12-13T04:23:15.363Z"}
{"level":"info","message":"⌛ Building environment","timeElapsed":112,"timestamp":"2025-12-13T04:23:15.475Z"}
{"level":"info","message":"⌛ Validating parciales/amongUs/sabotaje.wlk","timeElapsed":108,"timestamp":"2025-12-13T04:23:15.663Z"}
{"level":"info","message":"⌛ Validating parciales/amongUs/sabotaje.wlk","timeElapsed":107,"timestamp":"2025-12-13T04:23:15.876Z"}
{"level":"info","message":"⌛ Validating parciales/amongUs/sabotaje.wlk","timeElapsed":118,"timestamp":"2025-12-13T04:23:15.994Z"}
{"level":"info","message":"⌛ Validating parciales/amongUs/sabotaje.wlk","timeElapsed":106,"timestamp":"2025-12-13T04:23:19.771Z"}
{"level":"info","message":"⌛ Validating parciales/amongUs/sabotaje.wlk","timeElapsed":109,"timestamp":"2025-12-13T04:23:19.976Z"}
{"level":"info","message":"⌛ Building environment","timeElapsed":119,"timestamp":"2025-12-13T04:23:27.184Z"}
{"level":"info","message":"⌛ Validating parciales/amongUs/sabotaje.wlk","timeElapsed":118,"timestamp":"2025-12-13T04:23:27.305Z"}
{"level":"info","message":"⌛ Building environment","timeElapsed":102,"timestamp":"2025-12-13T04:23:27.407Z"}
{"level":"info","message":"⌛ Validating parciales/amongUs/sabotaje.wlk","timeElapsed":110,"timestamp":"2025-12-13T04:23:27.518Z"}
{"level":"info","message":"⌛ Validating parciales/amongUs/sabotaje.wlk","timeElapsed":116,"timestamp":"2025-12-13T04:23:28.688Z"}
{"level":"info","message":"⌛ Validating parciales/amongUs/sabotaje.wlk","timeElapsed":120,"timestamp":"2025-12-13T04:23:29.410Z"}
{"level":"info","message":"⌛ Validating parciales/amongUs/sabotaje.wlk","timeElapsed":115,"timestamp":"2025-12-13T04:24:00.319Z"}
{"level":"info","message":"⌛ Validating parciales/amongUs/sabotaje.wlk","timeElapsed":125,"timestamp":"2025-12-13T04:24:00.918Z"}
{"level":"info","message":"⌛ Validating parciales/amongUs/sabotaje.wlk","timeElapsed":111,"timestamp":"2025-12-13T04:24:02.104Z"}
{"level":"info","message":"⌛ Building environment","timeElapsed":106,"timestamp":"2025-12-13T04:24:03.003Z"}
{"level":"error","message":"✘ Completions for node Send ([10:5, 10:10] - parciales/amongUs/sabotaje.wlk) failed: Error: [Send]{de8c63} at parciales/amongUs/sabotaje.wlk:10 exhausted all cases without a match [Send]{de8c63} at parciales/amongUs/sabotaje.wlk:10 exhausted all cases without a match","stack":"Error: [Send]{de8c63} at parciales/amongUs/sabotaje.wlk:10 exhausted all cases without a match\n    at c:\\Users\\egoytendia\\.vscode\\extensions\\uqbar.wollok-lsp-ide-0.5.3\\out\\server\\src\\server.js:38:6142\n    at D2 (c:\\Users\\egoytendia\\.vscode\\extensions\\uqbar.wollok-lsp-ide-0.5.3\\out\\server\\src\\server.js:2384:42)\n    at Qh (c:\\Users\\egoytendia\\.vscode\\extensions\\uqbar.wollok-lsp-ide-0.5.3\\out\\server\\src\\server.js:2384:1092)\n    at k6n (c:\\Users\\egoytendia\\.vscode\\extensions\\uqbar.wollok-lsp-ide-0.5.3\\out\\server\\src\\server.js:2384:1248)\n    at c:\\Users\\egoytendia\\.vscode\\extensions\\uqbar.wollok-lsp-ide-0.5.3\\out\\server\\src\\server.js:38:6131\n    at D2 (c:\\Users\\egoytendia\\.vscode\\extensions\\uqbar.wollok-lsp-ide-0.5.3\\out\\server\\src\\server.js:2384:42)\n    at c:\\Users\\egoytendia\\.vscode\\extensions\\uqbar.wollok-lsp-ide-0.5.3\\out\\server\\src\\server.js:2384:2988\n    at c:\\Users\\egoytendia\\.vscode\\extensions\\uqbar.wollok-lsp-ide-0.5.3\\out\\server\\src\\server.js:2393:8440\n    at c:\\Users\\egoytendia\\.vscode\\extensions\\uqbar.wollok-lsp-ide-0.5.3\\out\\server\\src\\server.js:37:74872\n    at Ye (c:\\Users\\egoytendia\\.vscode\\extensions\\uqbar.wollok-lsp-ide-0.5.3\\out\\server\\src\\server.js:7:8527)","timestamp":"2025-12-13T04:24:03.041Z"}
{"level":"info","message":"⌛ Validating parciales/amongUs/sabotaje.wlk","timeElapsed":127,"timestamp":"2025-12-13T04:24:03.255Z"}
{"level":"info","message":"⌛ Validating parciales/amongUs/sabotaje.wlk","timeElapsed":102,"timestamp":"2025-12-13T04:24:03.357Z"}
{"level":"info","message":"⌛ Building environment","timeElapsed":114,"timestamp":"2025-12-13T04:24:03.547Z"}
{"level":"info","message":"⌛ Validating parciales/amongUs/sabotaje.wlk","timeElapsed":116,"timestamp":"2025-12-13T04:24:03.663Z"}
{"level":"info","message":"⌛ Validating parciales/amongUs/sabotaje.wlk","timeElapsed":155,"timestamp":"2025-12-13T04:24:03.929Z"}
{"level":"info","message":"⌛ Validating parciales/amongUs/sabotaje.wlk","timeElapsed":106,"timestamp":"2025-12-13T04:24:04.035Z"}
{"level":"info","message":"⌛ Validating parciales/amongUs/sabotaje.wlk","timeElapsed":113,"timestamp":"2025-12-13T04:24:05.733Z"}
{"level":"info","message":"⌛ Validating parciales/amongUs/sabotaje.wlk","timeElapsed":111,"timestamp":"2025-12-13T04:24:06.387Z"}
{"level":"info","message":"⌛ Validating parciales/amongUs/sabotaje.wlk","timeElapsed":116,"timestamp":"2025-12-13T04:24:06.912Z"}
{"level":"info","message":"⌛ Validating parciales/amongUs/sabotaje.wlk","timeElapsed":120,"timestamp":"2025-12-13T04:24:07.108Z"}
{"level":"info","message":"⌛ Building environment","timeElapsed":130,"timestamp":"2025-12-13T04:24:07.411Z"}
{"level":"info","message":"⌛ Validating parciales/amongUs/sabotaje.wlk","timeElapsed":106,"timestamp":"2025-12-13T04:24:07.517Z"}
{"level":"info","message":"⌛ Validating parciales/amongUs/sabotaje.wlk","timeElapsed":103,"timestamp":"2025-12-13T04:24:07.620Z"}
{"level":"info","message":"⌛ Validating parciales/amongUs/sabotaje.wlk","timeElapsed":111,"timestamp":"2025-12-13T04:24:07.807Z"}
{"level":"info","message":"⌛ Validating parciales/amongUs/sabotaje.wlk","timeElapsed":104,"timestamp":"2025-12-13T04:24:07.916Z"}
{"level":"info","message":"⌛ Building environment","timeElapsed":119,"timestamp":"2025-12-13T04:24:09.767Z"}
{"level":"info","message":"⌛ Validating parciales/amongUs/sabotaje.wlk","timeElapsed":111,"timestamp":"2025-12-13T04:24:09.878Z"}
{"level":"info","message":"⌛ Validating parciales/amongUs/sabotaje.wlk","timeElapsed":110,"timestamp":"2025-12-13T04:24:20.928Z"}
{"level":"info","message":"⌛ Validating parciales/amongUs/sabotaje.wlk","timeElapsed":114,"timestamp":"2025-12-13T04:24:21.133Z"}
{"level":"info","message":"⌛ Validating parciales/amongUs/sabotaje.wlk","timeElapsed":111,"timestamp":"2025-12-13T04:24:21.321Z"}
{"level":"info","message":"⌛ Validating parciales/amongUs/sabotaje.wlk","timeElapsed":111,"timestamp":"2025-12-13T04:24:21.508Z"}
{"level":"info","message":"⌛ Validating parciales/amongUs/sabotaje.wlk","timeElapsed":110,"timestamp":"2025-12-13T04:24:21.693Z"}
{"level":"info","message":"⌛ Validating parciales/amongUs/sabotaje.wlk","timeElapsed":110,"timestamp":"2025-12-13T04:24:21.881Z"}
{"level":"info","message":"⌛ Validating parciales/amongUs/sabotaje.wlk","timeElapsed":111,"timestamp":"2025-12-13T04:24:22.176Z"}
{"level":"error","message":"✘ Completions for node Send ([10:5, 10:15] - parciales/amongUs/sabotaje.wlk) failed: Error: [Send]{ea0ac0} at parciales/amongUs/sabotaje.wlk:10 exhausted all cases without a match [Send]{ea0ac0} at parciales/amongUs/sabotaje.wlk:10 exhausted all cases without a match","stack":"Error: [Send]{ea0ac0} at parciales/amongUs/sabotaje.wlk:10 exhausted all cases without a match\n    at c:\\Users\\egoytendia\\.vscode\\extensions\\uqbar.wollok-lsp-ide-0.5.3\\out\\server\\src\\server.js:38:6142\n    at D2 (c:\\Users\\egoytendia\\.vscode\\extensions\\uqbar.wollok-lsp-ide-0.5.3\\out\\server\\src\\server.js:2384:42)\n    at Qh (c:\\Users\\egoytendia\\.vscode\\extensions\\uqbar.wollok-lsp-ide-0.5.3\\out\\server\\src\\server.js:2384:1092)\n    at k6n (c:\\Users\\egoytendia\\.vscode\\extensions\\uqbar.wollok-lsp-ide-0.5.3\\out\\server\\src\\server.js:2384:1248)\n    at c:\\Users\\egoytendia\\.vscode\\extensions\\uqbar.wollok-lsp-ide-0.5.3\\out\\server\\src\\server.js:38:6131\n    at D2 (c:\\Users\\egoytendia\\.vscode\\extensions\\uqbar.wollok-lsp-ide-0.5.3\\out\\server\\src\\server.js:2384:42)\n    at c:\\Users\\egoytendia\\.vscode\\extensions\\uqbar.wollok-lsp-ide-0.5.3\\out\\server\\src\\server.js:2384:2988\n    at c:\\Users\\egoytendia\\.vscode\\extensions\\uqbar.wollok-lsp-ide-0.5.3\\out\\server\\src\\server.js:2393:8440\n    at c:\\Users\\egoytendia\\.vscode\\extensions\\uqbar.wollok-lsp-ide-0.5.3\\out\\server\\src\\server.js:37:74872\n    at Ye (c:\\Users\\egoytendia\\.vscode\\extensions\\uqbar.wollok-lsp-ide-0.5.3\\out\\server\\src\\server.js:7:8527)","timestamp":"2025-12-13T04:24:22.440Z"}
{"level":"info","message":"⌛ Validating parciales/amongUs/sabotaje.wlk","timeElapsed":123,"timestamp":"2025-12-13T04:24:22.568Z"}
{"level":"error","message":"✘ Completions for node Send ([10:5, 10:18] - parciales/amongUs/sabotaje.wlk) failed: Error: [Send]{8760d3} at parciales/amongUs/sabotaje.wlk:10 exhausted all cases without a match [Send]{8760d3} at parciales/amongUs/sabotaje.wlk:10 exhausted all cases without a match","stack":"Error: [Send]{8760d3} at parciales/amongUs/sabotaje.wlk:10 exhausted all cases without a match\n    at c:\\Users\\egoytendia\\.vscode\\extensions\\uqbar.wollok-lsp-ide-0.5.3\\out\\server\\src\\server.js:38:6142\n    at D2 (c:\\Users\\egoytendia\\.vscode\\extensions\\uqbar.wollok-lsp-ide-0.5.3\\out\\server\\src\\server.js:2384:42)\n    at Qh (c:\\Users\\egoytendia\\.vscode\\extensions\\uqbar.wollok-lsp-ide-0.5.3\\out\\server\\src\\server.js:2384:1092)\n    at k6n (c:\\Users\\egoytendia\\.vscode\\extensions\\uqbar.wollok-lsp-ide-0.5.3\\out\\server\\src\\server.js:2384:1248)\n    at c:\\Users\\egoytendia\\.vscode\\extensions\\uqbar.wollok-lsp-ide-0.5.3\\out\\server\\src\\server.js:38:6131\n    at D2 (c:\\Users\\egoytendia\\.vscode\\extensions\\uqbar.wollok-lsp-ide-0.5.3\\out\\server\\src\\server.js:2384:42)\n    at c:\\Users\\egoytendia\\.vscode\\extensions\\uqbar.wollok-lsp-ide-0.5.3\\out\\server\\src\\server.js:2384:2988\n    at c:\\Users\\egoytendia\\.vscode\\extensions\\uqbar.wollok-lsp-ide-0.5.3\\out\\server\\src\\server.js:2393:8440\n    at c:\\Users\\egoytendia\\.vscode\\extensions\\uqbar.wollok-lsp-ide-0.5.3\\out\\server\\src\\server.js:37:74872\n    at Ye (c:\\Users\\egoytendia\\.vscode\\extensions\\uqbar.wollok-lsp-ide-0.5.3\\out\\server\\src\\server.js:7:8527)","timestamp":"2025-12-13T04:24:22.872Z"}
{"level":"info","message":"⌛ Validating parciales/amongUs/sabotaje.wlk","timeElapsed":111,"timestamp":"2025-12-13T04:24:22.987Z"}
{"level":"info","message":"⌛ Validating parciales/amongUs/sabotaje.wlk","timeElapsed":107,"timestamp":"2025-12-13T04:24:23.095Z"}
{"level":"info","message":"⌛ Validating parciales/amongUs/sabotaje.wlk","timeElapsed":109,"timestamp":"2025-12-13T04:24:23.204Z"}
{"level":"info","message":"⌛ Validating parciales/amongUs/sabotaje.wlk","timeElapsed":110,"timestamp":"2025-12-13T04:24:23.394Z"}
{"level":"error","message":"✘ Completions for node Send ([10:5, 10:18] - parciales/amongUs/sabotaje.wlk) failed: Error: [Send]{6219d0} at parciales/amongUs/sabotaje.wlk:10 exhausted all cases without a match [Send]{6219d0} at parciales/amongUs/sabotaje.wlk:10 exhausted all cases without a match","stack":"Error: [Send]{6219d0} at parciales/amongUs/sabotaje.wlk:10 exhausted all cases without a match\n    at c:\\Users\\egoytendia\\.vscode\\extensions\\uqbar.wollok-lsp-ide-0.5.3\\out\\server\\src\\server.js:38:6142\n    at D2 (c:\\Users\\egoytendia\\.vscode\\extensions\\uqbar.wollok-lsp-ide-0.5.3\\out\\server\\src\\server.js:2384:42)\n    at Qh (c:\\Users\\egoytendia\\.vscode\\extensions\\uqbar.wollok-lsp-ide-0.5.3\\out\\server\\src\\server.js:2384:1092)\n    at k6n (c:\\Users\\egoytendia\\.vscode\\extensions\\uqbar.wollok-lsp-ide-0.5.3\\out\\server\\src\\server.js:2384:1248)\n    at c:\\Users\\egoytendia\\.vscode\\extensions\\uqbar.wollok-lsp-ide-0.5.3\\out\\server\\src\\server.js:38:6131\n    at D2 (c:\\Users\\egoytendia\\.vscode\\extensions\\uqbar.wollok-lsp-ide-0.5.3\\out\\server\\src\\server.js:2384:42)\n    at c:\\Users\\egoytendia\\.vscode\\extensions\\uqbar.wollok-lsp-ide-0.5.3\\out\\server\\src\\server.js:2384:2988\n    at c:\\Users\\egoytendia\\.vscode\\extensions\\uqbar.wollok-lsp-ide-0.5.3\\out\\server\\src\\server.js:2393:8440\n    at c:\\Users\\egoytendia\\.vscode\\extensions\\uqbar.wollok-lsp-ide-0.5.3\\out\\server\\src\\server.js:37:74872\n    at Ye (c:\\Users\\egoytendia\\.vscode\\extensions\\uqbar.wollok-lsp-ide-0.5.3\\out\\server\\src\\server.js:7:8527)","timestamp":"2025-12-13T04:24:23.576Z"}
{"level":"info","message":"⌛ Validating parciales/amongUs/sabotaje.wlk","timeElapsed":109,"timestamp":"2025-12-13T04:24:23.690Z"}
{"level":"info","message":"⌛ Building environment","timeElapsed":106,"timestamp":"2025-12-13T04:24:23.885Z"}
{"level":"error","message":"✘ Completions for node Send ([10:5, 10:20] - parciales/amongUs/sabotaje.wlk) failed: Error: [Send]{1217d7} at parciales/amongUs/sabotaje.wlk:10 exhausted all cases without a match [Send]{1217d7} at parciales/amongUs/sabotaje.wlk:10 exhausted all cases without a match","stack":"Error: [Send]{1217d7} at parciales/amongUs/sabotaje.wlk:10 exhausted all cases without a match\n    at c:\\Users\\egoytendia\\.vscode\\extensions\\uqbar.wollok-lsp-ide-0.5.3\\out\\server\\src\\server.js:38:6142\n    at D2 (c:\\Users\\egoytendia\\.vscode\\extensions\\uqbar.wollok-lsp-ide-0.5.3\\out\\server\\src\\server.js:2384:42)\n    at Qh (c:\\Users\\egoytendia\\.vscode\\extensions\\uqbar.wollok-lsp-ide-0.5.3\\out\\server\\src\\server.js:2384:1092)\n    at k6n (c:\\Users\\egoytendia\\.vscode\\extensions\\uqbar.wollok-lsp-ide-0.5.3\\out\\server\\src\\server.js:2384:1248)\n    at c:\\Users\\egoytendia\\.vscode\\extensions\\uqbar.wollok-lsp-ide-0.5.3\\out\\server\\src\\server.js:38:6131\n    at D2 (c:\\Users\\egoytendia\\.vscode\\extensions\\uqbar.wollok-lsp-ide-0.5.3\\out\\server\\src\\server.js:2384:42)\n    at c:\\Users\\egoytendia\\.vscode\\extensions\\uqbar.wollok-lsp-ide-0.5.3\\out\\server\\src\\server.js:2384:2988\n    at c:\\Users\\egoytendia\\.vscode\\extensions\\uqbar.wollok-lsp-ide-0.5.3\\out\\server\\src\\server.js:2393:8440\n    at c:\\Users\\egoytendia\\.vscode\\extensions\\uqbar.wollok-lsp-ide-0.5.3\\out\\server\\src\\server.js:37:74872\n    at Ye (c:\\Users\\egoytendia\\.vscode\\extensions\\uqbar.wollok-lsp-ide-0.5.3\\out\\server\\src\\server.js:7:8527)","timestamp":"2025-12-13T04:24:23.936Z"}
{"level":"info","message":"⌛ Validating parciales/amongUs/sabotaje.wlk","timeElapsed":109,"timestamp":"2025-12-13T04:24:24.048Z"}
{"level":"info","message":"⌛ Validating parciales/amongUs/sabotaje.wlk","timeElapsed":108,"timestamp":"2025-12-13T04:24:24.229Z"}
{"level":"info","message":"⌛ Validating parciales/amongUs/sabotaje.wlk","timeElapsed":107,"timestamp":"2025-12-13T04:24:24.340Z"}
{"level":"info","message":"⌛ Building environment","timeElapsed":104,"timestamp":"2025-12-13T04:24:24.622Z"}
{"level":"error","message":"✘ Completions for node Send ([10:5, 10:22] - parciales/amongUs/sabotaje.wlk) failed: Error: [Send]{f4972d} at parciales/amongUs/sabotaje.wlk:10 exhausted all cases without a match [Send]{f4972d} at parciales/amongUs/sabotaje.wlk:10 exhausted all cases without a match","stack":"Error: [Send]{f4972d} at parciales/amongUs/sabotaje.wlk:10 exhausted all cases without a match\n    at c:\\Users\\egoytendia\\.vscode\\extensions\\uqbar.wollok-lsp-ide-0.5.3\\out\\server\\src\\server.js:38:6142\n    at D2 (c:\\Users\\egoytendia\\.vscode\\extensions\\uqbar.wollok-lsp-ide-0.5.3\\out\\server\\src\\server.js:2384:42)\n    at Qh (c:\\Users\\egoytendia\\.vscode\\extensions\\uqbar.wollok-lsp-ide-0.5.3\\out\\server\\src\\server.js:2384:1092)\n    at k6n (c:\\Users\\egoytendia\\.vscode\\extensions\\uqbar.wollok-lsp-ide-0.5.3\\out\\server\\src\\server.js:2384:1248)\n    at c:\\Users\\egoytendia\\.vscode\\extensions\\uqbar.wollok-lsp-ide-0.5.3\\out\\server\\src\\server.js:38:6131\n    at D2 (c:\\Users\\egoytendia\\.vscode\\extensions\\uqbar.wollok-lsp-ide-0.5.3\\out\\server\\src\\server.js:2384:42)\n    at c:\\Users\\egoytendia\\.vscode\\extensions\\uqbar.wollok-lsp-ide-0.5.3\\out\\server\\src\\server.js:2384:2988\n    at c:\\Users\\egoytendia\\.vscode\\extensions\\uqbar.wollok-lsp-ide-0.5.3\\out\\server\\src\\server.js:2393:8440\n    at c:\\Users\\egoytendia\\.vscode\\extensions\\uqbar.wollok-lsp-ide-0.5.3\\out\\server\\src\\server.js:37:74872\n    at Ye (c:\\Users\\egoytendia\\.vscode\\extensions\\uqbar.wollok-lsp-ide-0.5.3\\out\\server\\src\\server.js:7:8527)","timestamp":"2025-12-13T04:24:24.659Z"}
{"level":"info","message":"⌛ Validating parciales/amongUs/sabotaje.wlk","timeElapsed":110,"timestamp":"2025-12-13T04:24:24.773Z"}
{"level":"error","message":"✘ Completions for node Send ([10:5, 10:23] - parciales/amongUs/sabotaje.wlk) failed: Error: [Send]{aa4cff} at parciales/amongUs/sabotaje.wlk:10 exhausted all cases without a match [Send]{aa4cff} at parciales/amongUs/sabotaje.wlk:10 exhausted all cases without a match","stack":"Error: [Send]{aa4cff} at parciales/amongUs/sabotaje.wlk:10 exhausted all cases without a match\n    at c:\\Users\\egoytendia\\.vscode\\extensions\\uqbar.wollok-lsp-ide-0.5.3\\out\\server\\src\\server.js:38:6142\n    at D2 (c:\\Users\\egoytendia\\.vscode\\extensions\\uqbar.wollok-lsp-ide-0.5.3\\out\\server\\src\\server.js:2384:42)\n    at Qh (c:\\Users\\egoytendia\\.vscode\\extensions\\uqbar.wollok-lsp-ide-0.5.3\\out\\server\\src\\server.js:2384:1092)\n    at k6n (c:\\Users\\egoytendia\\.vscode\\extensions\\uqbar.wollok-lsp-ide-0.5.3\\out\\server\\src\\server.js:2384:1248)\n    at c:\\Users\\egoytendia\\.vscode\\extensions\\uqbar.wollok-lsp-ide-0.5.3\\out\\server\\src\\server.js:38:6131\n    at D2 (c:\\Users\\egoytendia\\.vscode\\extensions\\uqbar.wollok-lsp-ide-0.5.3\\out\\server\\src\\server.js:2384:42)\n    at c:\\Users\\egoytendia\\.vscode\\extensions\\uqbar.wollok-lsp-ide-0.5.3\\out\\server\\src\\server.js:2384:2988\n    at c:\\Users\\egoytendia\\.vscode\\extensions\\uqbar.wollok-lsp-ide-0.5.3\\out\\server\\src\\server.js:2393:8440\n    at c:\\Users\\egoytendia\\.vscode\\extensions\\uqbar.wollok-lsp-ide-0.5.3\\out\\server\\src\\server.js:37:74872\n    at Ye (c:\\Users\\egoytendia\\.vscode\\extensions\\uqbar.wollok-lsp-ide-0.5.3\\out\\server\\src\\server.js:7:8527)","timestamp":"2025-12-13T04:24:24.883Z"}
{"level":"info","message":"⌛ Validating parciales/amongUs/sabotaje.wlk","timeElapsed":115,"timestamp":"2025-12-13T04:24:25.088Z"}
{"level":"error","message":"✘ Completions for node Send ([10:5, 10:25] - parciales/amongUs/sabotaje.wlk) failed: Error: [Send]{d0a355} at parciales/amongUs/sabotaje.wlk:10 exhausted all cases without a match [Send]{d0a355} at parciales/amongUs/sabotaje.wlk:10 exhausted all cases without a match","stack":"Error: [Send]{d0a355} at parciales/amongUs/sabotaje.wlk:10 exhausted all cases without a match\n    at c:\\Users\\egoytendia\\.vscode\\extensions\\uqbar.wollok-lsp-ide-0.5.3\\out\\server\\src\\server.js:38:6142\n    at D2 (c:\\Users\\egoytendia\\.vscode\\extensions\\uqbar.wollok-lsp-ide-0.5.3\\out\\server\\src\\server.js:2384:42)\n    at Qh (c:\\Users\\egoytendia\\.vscode\\extensions\\uqbar.wollok-lsp-ide-0.5.3\\out\\server\\src\\server.js:2384:1092)\n    at k6n (c:\\Users\\egoytendia\\.vscode\\extensions\\uqbar.wollok-lsp-ide-0.5.3\\out\\server\\src\\server.js:2384:1248)\n    at c:\\Users\\egoytendia\\.vscode\\extensions\\uqbar.wollok-lsp-ide-0.5.3\\out\\server\\src\\server.js:38:6131\n    at D2 (c:\\Users\\egoytendia\\.vscode\\extensions\\uqbar.wollok-lsp-ide-0.5.3\\out\\server\\src\\server.js:2384:42)\n    at c:\\Users\\egoytendia\\.vscode\\extensions\\uqbar.wollok-lsp-ide-0.5.3\\out\\server\\src\\server.js:2384:2988\n    at c:\\Users\\egoytendia\\.vscode\\extensions\\uqbar.wollok-lsp-ide-0.5.3\\out\\server\\src\\server.js:2393:8440\n    at c:\\Users\\egoytendia\\.vscode\\extensions\\uqbar.wollok-lsp-ide-0.5.3\\out\\server\\src\\server.js:37:74872\n    at Ye (c:\\Users\\egoytendia\\.vscode\\extensions\\uqbar.wollok-lsp-ide-0.5.3\\out\\server\\src\\server.js:7:8527)","timestamp":"2025-12-13T04:24:25.202Z"}
{"level":"info","message":"⌛ Validating parciales/amongUs/sabotaje.wlk","timeElapsed":108,"timestamp":"2025-12-13T04:24:25.314Z"}
{"level":"info","message":"⌛ Validating parciales/amongUs/sabotaje.wlk","timeElapsed":107,"timestamp":"2025-12-13T04:24:25.500Z"}
{"level":"info","message":"⌛ Validating parciales/amongUs/sabotaje.wlk","timeElapsed":102,"timestamp":"2025-12-13T04:24:25.606Z"}
{"level":"info","message":"⌛ Validating parciales/amongUs/sabotaje.wlk","timeElapsed":111,"timestamp":"2025-12-13T04:24:26.924Z"}
{"level":"info","message":"⌛ Building environment","timeElapsed":145,"timestamp":"2025-12-13T04:24:28.583Z"}
{"level":"info","message":"⌛ Validating parciales/amongUs/sabotaje.wlk","timeElapsed":112,"timestamp":"2025-12-13T04:24:28.697Z"}
{"level":"info","message":"⌛ Validating parciales/amongUs/sabotaje.wlk","timeElapsed":108,"timestamp":"2025-12-13T04:24:40.944Z"}
{"level":"info","message":"⌛ Building environment","timeElapsed":101,"timestamp":"2025-12-13T04:24:41.046Z"}
{"level":"info","message":"⌛ Validating parciales/amongUs/sabotaje.wlk","timeElapsed":104,"timestamp":"2025-12-13T04:24:41.239Z"}
{"level":"info","message":"⌛ Validating parciales/amongUs/sabotaje.wlk","timeElapsed":109,"timestamp":"2025-12-13T04:24:41.434Z"}
{"level":"info","message":"⌛ Building environment","timeElapsed":123,"timestamp":"2025-12-13T04:24:41.557Z"}
{"level":"info","message":"⌛ Validating parciales/amongUs/sabotaje.wlk","timeElapsed":120,"timestamp":"2025-12-13T04:24:41.677Z"}
{"level":"info","message":"⌛ Validating parciales/amongUs/sabotaje.wlk","timeElapsed":112,"timestamp":"2025-12-13T04:24:41.949Z"}
{"level":"info","message":"⌛ Validating parciales/amongUs/sabotaje.wlk","timeElapsed":114,"timestamp":"2025-12-13T04:24:42.136Z"}
{"level":"info","message":"⌛ Validating parciales/amongUs/sabotaje.wlk","timeElapsed":103,"timestamp":"2025-12-13T04:24:42.345Z"}
{"level":"info","message":"⌛ Validating parciales/amongUs/sabotaje.wlk","timeElapsed":106,"timestamp":"2025-12-13T04:24:42.643Z"}
{"level":"info","message":"⌛ Validating parciales/amongUs/sabotaje.wlk","timeElapsed":107,"timestamp":"2025-12-13T04:24:42.823Z"}
{"level":"info","message":"⌛ Validating parciales/amongUs/sabotaje.wlk","timeElapsed":114,"timestamp":"2025-12-13T04:24:43.495Z"}
{"level":"info","message":"⌛ Validating parciales/amongUs/sabotaje.wlk","timeElapsed":109,"timestamp":"2025-12-13T04:24:43.839Z"}
{"level":"info","message":"⌛ Validating parciales/amongUs/sabotaje.wlk","timeElapsed":103,"timestamp":"2025-12-13T04:24:43.944Z"}
{"level":"info","message":"⌛ Validating parciales/amongUs/sabotaje.wlk","timeElapsed":102,"timestamp":"2025-12-13T04:24:46.921Z"}
{"level":"info","message":"⌛ Validating parciales/amongUs/sabotaje.wlk","timeElapsed":104,"timestamp":"2025-12-13T04:24:49.049Z"}
{"level":"info","message":"⌛ Building environment","timeElapsed":155,"timestamp":"2025-12-13T04:24:49.215Z"}
{"level":"info","message":"⌛ Validating parciales/amongUs/sabotaje.wlk","timeElapsed":102,"timestamp":"2025-12-13T04:24:49.319Z"}
{"level":"info","message":"⌛ Building environment","timeElapsed":124,"timestamp":"2025-12-13T04:25:00.884Z"}
{"level":"error","message":"✘ Completions for node If ([10:5, 12:6] - parciales/amongUs/sabotaje.wlk) failed: Error: [If]{fbc51b} at parciales/amongUs/sabotaje.wlk:10 exhausted all cases without a match [If]{fbc51b} at parciales/amongUs/sabotaje.wlk:10 exhausted all cases without a match","stack":"Error: [If]{fbc51b} at parciales/amongUs/sabotaje.wlk:10 exhausted all cases without a match\n    at c:\\Users\\egoytendia\\.vscode\\extensions\\uqbar.wollok-lsp-ide-0.5.3\\out\\server\\src\\server.js:38:6142\n    at D2 (c:\\Users\\egoytendia\\.vscode\\extensions\\uqbar.wollok-lsp-ide-0.5.3\\out\\server\\src\\server.js:2384:42)\n    at Qh (c:\\Users\\egoytendia\\.vscode\\extensions\\uqbar.wollok-lsp-ide-0.5.3\\out\\server\\src\\server.js:2384:1092)\n    at v6n (c:\\Users\\egoytendia\\.vscode\\extensions\\uqbar.wollok-lsp-ide-0.5.3\\out\\server\\src\\server.js:2384:818)\n    at c:\\Users\\egoytendia\\.vscode\\extensions\\uqbar.wollok-lsp-ide-0.5.3\\out\\server\\src\\server.js:38:6131\n    at D2 (c:\\Users\\egoytendia\\.vscode\\extensions\\uqbar.wollok-lsp-ide-0.5.3\\out\\server\\src\\server.js:2384:42)\n    at Qh (c:\\Users\\egoytendia\\.vscode\\extensions\\uqbar.wollok-lsp-ide-0.5.3\\out\\server\\src\\server.js:2384:1092)\n    at k6n (c:\\Users\\egoytendia\\.vscode\\extensions\\uqbar.wollok-lsp-ide-0.5.3\\out\\server\\src\\server.js:2384:1248)\n    at c:\\Users\\egoytendia\\.vscode\\extensions\\uqbar.wollok-lsp-ide-0.5.3\\out\\server\\src\\server.js:38:6131\n    at D2 (c:\\Users\\egoytendia\\.vscode\\extensions\\uqbar.wollok-lsp-ide-0.5.3\\out\\server\\src\\server.js:2384:42)","timestamp":"2025-12-13T04:25:00.918Z"}
{"level":"info","message":"⌛ Validating parciales/amongUs/sabotaje.wlk","timeElapsed":111,"timestamp":"2025-12-13T04:25:01.032Z"}
{"level":"info","message":"⌛ Validating parciales/amongUs/sabotaje.wlk","timeElapsed":105,"timestamp":"2025-12-13T04:25:01.261Z"}
{"level":"error","message":"✘ Completions for node If ([10:5, 12:6] - parciales/amongUs/sabotaje.wlk) failed: Error: [If]{907afe} at parciales/amongUs/sabotaje.wlk:10 exhausted all cases without a match [If]{907afe} at parciales/amongUs/sabotaje.wlk:10 exhausted all cases without a match","stack":"Error: [If]{907afe} at parciales/amongUs/sabotaje.wlk:10 exhausted all cases without a match\n    at c:\\Users\\egoytendia\\.vscode\\extensions\\uqbar.wollok-lsp-ide-0.5.3\\out\\server\\src\\server.js:38:6142\n    at D2 (c:\\Users\\egoytendia\\.vscode\\extensions\\uqbar.wollok-lsp-ide-0.5.3\\out\\server\\src\\server.js:2384:42)\n    at Qh (c:\\Users\\egoytendia\\.vscode\\extensions\\uqbar.wollok-lsp-ide-0.5.3\\out\\server\\src\\server.js:2384:1092)\n    at v6n (c:\\Users\\egoytendia\\.vscode\\extensions\\uqbar.wollok-lsp-ide-0.5.3\\out\\server\\src\\server.js:2384:818)\n    at c:\\Users\\egoytendia\\.vscode\\extensions\\uqbar.wollok-lsp-ide-0.5.3\\out\\server\\src\\server.js:38:6131\n    at D2 (c:\\Users\\egoytendia\\.vscode\\extensions\\uqbar.wollok-lsp-ide-0.5.3\\out\\server\\src\\server.js:2384:42)\n    at Qh (c:\\Users\\egoytendia\\.vscode\\extensions\\uqbar.wollok-lsp-ide-0.5.3\\out\\server\\src\\server.js:2384:1092)\n    at k6n (c:\\Users\\egoytendia\\.vscode\\extensions\\uqbar.wollok-lsp-ide-0.5.3\\out\\server\\src\\server.js:2384:1248)\n    at c:\\Users\\egoytendia\\.vscode\\extensions\\uqbar.wollok-lsp-ide-0.5.3\\out\\server\\src\\server.js:38:6131\n    at D2 (c:\\Users\\egoytendia\\.vscode\\extensions\\uqbar.wollok-lsp-ide-0.5.3\\out\\server\\src\\server.js:2384:42)","timestamp":"2025-12-13T04:25:01.720Z"}
{"level":"info","message":"⌛ Validating parciales/amongUs/sabotaje.wlk","timeElapsed":120,"timestamp":"2025-12-13T04:25:01.844Z"}
{"level":"info","message":"⌛ Validating parciales/amongUs/sabotaje.wlk","timeElapsed":140,"timestamp":"2025-12-13T04:25:02.243Z"}
{"level":"info","message":"⌛ Validating parciales/amongUs/sabotaje.wlk","timeElapsed":118,"timestamp":"2025-12-13T04:25:02.361Z"}
{"level":"info","message":"⌛ Validating parciales/amongUs/sabotaje.wlk","timeElapsed":109,"timestamp":"2025-12-13T04:25:02.604Z"}
{"level":"info","message":"⌛ Validating parciales/amongUs/sabotaje.wlk","timeElapsed":103,"timestamp":"2025-12-13T04:25:02.708Z"}
{"level":"info","message":"⌛ Validating parciales/amongUs/nave.wlk","timeElapsed":118,"timestamp":"2025-12-13T04:25:13.439Z"}
{"level":"info","message":"⌛ Validating parciales/amongUs/nave.wlk","timeElapsed":115,"timestamp":"2025-12-13T04:25:13.816Z"}
{"level":"info","message":"⌛ Validating parciales/amongUs/nave.wlk","timeElapsed":110,"timestamp":"2025-12-13T04:25:14.186Z"}
{"level":"info","message":"⌛ Validating parciales/amongUs/nave.wlk","timeElapsed":115,"timestamp":"2025-12-13T04:25:14.486Z"}
{"level":"info","message":"⌛ Validating parciales/amongUs/nave.wlk","timeElapsed":106,"timestamp":"2025-12-13T04:25:15.006Z"}
{"level":"info","message":"⌛ Building environment","timeElapsed":107,"timestamp":"2025-12-13T04:25:15.872Z"}
{"level":"info","message":"⌛ Validating parciales/amongUs/nave.wlk","timeElapsed":110,"timestamp":"2025-12-13T04:25:16.096Z"}
{"level":"info","message":"⌛ Validating parciales/amongUs/nave.wlk","timeElapsed":108,"timestamp":"2025-12-13T04:25:16.313Z"}
{"level":"info","message":"⌛ Validating parciales/amongUs/nave.wlk","timeElapsed":143,"timestamp":"2025-12-13T04:25:16.664Z"}
{"level":"info","message":"⌛ Building environment","timeElapsed":111,"timestamp":"2025-12-13T04:25:17.121Z"}
{"level":"info","message":"⌛ Validating parciales/amongUs/nave.wlk","timeElapsed":106,"timestamp":"2025-12-13T04:25:17.233Z"}
{"level":"info","message":"⌛ Validating parciales/amongUs/nave.wlk","timeElapsed":111,"timestamp":"2025-12-13T04:25:17.527Z"}
{"level":"info","message":"⌛ Validating parciales/amongUs/nave.wlk","timeElapsed":103,"timestamp":"2025-12-13T04:25:17.630Z"}
{"level":"info","message":"⌛ Validating parciales/amongUs/nave.wlk","timeElapsed":105,"timestamp":"2025-12-13T04:25:18.008Z"}
{"level":"info","message":"⌛ Validating parciales/amongUs/nave.wlk","timeElapsed":125,"timestamp":"2025-12-13T04:25:19.041Z"}
{"level":"info","message":"⌛ Building environment","timeElapsed":146,"timestamp":"2025-12-13T04:25:19.188Z"}
{"level":"info","message":"⌛ Validating parciales/amongUs/nave.wlk","timeElapsed":108,"timestamp":"2025-12-13T04:25:19.488Z"}
{"level":"info","message":"⌛ Validating parciales/amongUs/nave.wlk","timeElapsed":113,"timestamp":"2025-12-13T04:25:19.675Z"}
{"level":"info","message":"⌛ Validating parciales/amongUs/nave.wlk","timeElapsed":101,"timestamp":"2025-12-13T04:25:19.777Z"}
{"level":"info","message":"⌛ Validating parciales/amongUs/nave.wlk","timeElapsed":101,"timestamp":"2025-12-13T04:25:19.882Z"}
{"level":"info","message":"⌛ Validating parciales/amongUs/nave.wlk","timeElapsed":101,"timestamp":"2025-12-13T04:25:20.087Z"}
{"level":"info","message":"⌛ Validating parciales/amongUs/nave.wlk","timeElapsed":102,"timestamp":"2025-12-13T04:25:20.876Z"}
{"level":"info","message":"⌛ Validating parciales/amongUs/nave.wlk","timeElapsed":143,"timestamp":"2025-12-13T04:25:21.020Z"}
{"level":"info","message":"⌛ Validating parciales/amongUs/nave.wlk","timeElapsed":107,"timestamp":"2025-12-13T04:25:21.439Z"}
{"level":"info","message":"⌛ Validating parciales/amongUs/nave.wlk","timeElapsed":105,"timestamp":"2025-12-13T04:25:21.637Z"}
{"level":"info","message":"⌛ Validating parciales/amongUs/nave.wlk","timeElapsed":101,"timestamp":"2025-12-13T04:25:21.739Z"}
{"level":"error","message":"✘ Completions for node Parameter ([10:32, 10:33] - parciales/amongUs/nave.wlk) failed: Error: [Parameter]{e0988c} at parciales/amongUs/nave.wlk:10 exhausted all cases without a match [Parameter]{e0988c} at parciales/amongUs/nave.wlk:10 exhausted all cases without a match","stack":"Error: [Parameter]{e0988c} at parciales/amongUs/nave.wlk:10 exhausted all cases without a match\n    at c:\\Users\\egoytendia\\.vscode\\extensions\\uqbar.wollok-lsp-ide-0.5.3\\out\\server\\src\\server.js:38:6142\n    at D2 (c:\\Users\\egoytendia\\.vscode\\extensions\\uqbar.wollok-lsp-ide-0.5.3\\out\\server\\src\\server.js:2384:42)\n    at c:\\Users\\egoytendia\\.vscode\\extensions\\uqbar.wollok-lsp-ide-0.5.3\\out\\server\\src\\server.js:2384:2988\n    at c:\\Users\\egoytendia\\.vscode\\extensions\\uqbar.wollok-lsp-ide-0.5.3\\out\\server\\src\\server.js:2393:8440\n    at c:\\Users\\egoytendia\\.vscode\\extensions\\uqbar.wollok-lsp-ide-0.5.3\\out\\server\\src\\server.js:37:74872\n    at Ye (c:\\Users\\egoytendia\\.vscode\\extensions\\uqbar.wollok-lsp-ide-0.5.3\\out\\server\\src\\server.js:7:8527)\n    at qt (c:\\Users\\egoytendia\\.vscode\\extensions\\uqbar.wollok-lsp-ide-0.5.3\\out\\server\\src\\server.js:7:6189)\n    at ot (c:\\Users\\egoytendia\\.vscode\\extensions\\uqbar.wollok-lsp-ide-0.5.3\\out\\server\\src\\server.js:7:6378)\n    at Immediate._onImmediate (c:\\Users\\egoytendia\\.vscode\\extensions\\uqbar.wollok-lsp-ide-0.5.3\\out\\server\\src\\server.js:7:6142)\n    at process.processImmediate (node:internal/timers:485:21)","timestamp":"2025-12-13T04:25:22.413Z"}
{"level":"info","message":"⌛ Validating parciales/amongUs/nave.wlk","timeElapsed":108,"timestamp":"2025-12-13T04:25:22.525Z"}
{"level":"info","message":"⌛ Validating parciales/amongUs/nave.wlk","timeElapsed":113,"timestamp":"2025-12-13T04:25:22.797Z"}
{"level":"info","message":"⌛ Building environment","timeElapsed":151,"timestamp":"2025-12-13T04:25:22.949Z"}
{"level":"info","message":"⌛ Validating parciales/amongUs/nave.wlk","timeElapsed":103,"timestamp":"2025-12-13T04:25:23.053Z"}
{"level":"error","message":"✘ Completions for node Parameter ([10:32, 10:37] - parciales/amongUs/nave.wlk) failed: Error: [Parameter]{79f0de} at parciales/amongUs/nave.wlk:10 exhausted all cases without a match [Parameter]{79f0de} at parciales/amongUs/nave.wlk:10 exhausted all cases without a match","stack":"Error: [Parameter]{79f0de} at parciales/amongUs/nave.wlk:10 exhausted all cases without a match\n    at c:\\Users\\egoytendia\\.vscode\\extensions\\uqbar.wollok-lsp-ide-0.5.3\\out\\server\\src\\server.js:38:6142\n    at D2 (c:\\Users\\egoytendia\\.vscode\\extensions\\uqbar.wollok-lsp-ide-0.5.3\\out\\server\\src\\server.js:2384:42)\n    at c:\\Users\\egoytendia\\.vscode\\extensions\\uqbar.wollok-lsp-ide-0.5.3\\out\\server\\src\\server.js:2384:2988\n    at c:\\Users\\egoytendia\\.vscode\\extensions\\uqbar.wollok-lsp-ide-0.5.3\\out\\server\\src\\server.js:2393:8440\n    at c:\\Users\\egoytendia\\.vscode\\extensions\\uqbar.wollok-lsp-ide-0.5.3\\out\\server\\src\\server.js:37:74872\n    at Ye (c:\\Users\\egoytendia\\.vscode\\extensions\\uqbar.wollok-lsp-ide-0.5.3\\out\\server\\src\\server.js:7:8527)\n    at qt (c:\\Users\\egoytendia\\.vscode\\extensions\\uqbar.wollok-lsp-ide-0.5.3\\out\\server\\src\\server.js:7:6189)\n    at ot (c:\\Users\\egoytendia\\.vscode\\extensions\\uqbar.wollok-lsp-ide-0.5.3\\out\\server\\src\\server.js:7:6378)\n    at Immediate._onImmediate (c:\\Users\\egoytendia\\.vscode\\extensions\\uqbar.wollok-lsp-ide-0.5.3\\out\\server\\src\\server.js:7:6142)\n    at process.processImmediate (node:internal/timers:485:21)","timestamp":"2025-12-13T04:25:23.154Z"}
{"level":"info","message":"⌛ Validating parciales/amongUs/nave.wlk","timeElapsed":137,"timestamp":"2025-12-13T04:25:23.471Z"}
{"level":"error","message":"✘ Completions for node Parameter ([10:32, 10:40] - parciales/amongUs/nave.wlk) failed: Error: [Parameter]{6f8815} at parciales/amongUs/nave.wlk:10 exhausted all cases without a match [Parameter]{6f8815} at parciales/amongUs/nave.wlk:10 exhausted all cases without a match","stack":"Error: [Parameter]{6f8815} at parciales/amongUs/nave.wlk:10 exhausted all cases without a match\n    at c:\\Users\\egoytendia\\.vscode\\extensions\\uqbar.wollok-lsp-ide-0.5.3\\out\\server\\src\\server.js:38:6142\n    at D2 (c:\\Users\\egoytendia\\.vscode\\extensions\\uqbar.wollok-lsp-ide-0.5.3\\out\\server\\src\\server.js:2384:42)\n    at c:\\Users\\egoytendia\\.vscode\\extensions\\uqbar.wollok-lsp-ide-0.5.3\\out\\server\\src\\server.js:2384:2988\n    at c:\\Users\\egoytendia\\.vscode\\extensions\\uqbar.wollok-lsp-ide-0.5.3\\out\\server\\src\\server.js:2393:8440\n    at c:\\Users\\egoytendia\\.vscode\\extensions\\uqbar.wollok-lsp-ide-0.5.3\\out\\server\\src\\server.js:37:74872\n    at Ye (c:\\Users\\egoytendia\\.vscode\\extensions\\uqbar.wollok-lsp-ide-0.5.3\\out\\server\\src\\server.js:7:8527)\n    at qt (c:\\Users\\egoytendia\\.vscode\\extensions\\uqbar.wollok-lsp-ide-0.5.3\\out\\server\\src\\server.js:7:6189)\n    at ot (c:\\Users\\egoytendia\\.vscode\\extensions\\uqbar.wollok-lsp-ide-0.5.3\\out\\server\\src\\server.js:7:6378)\n    at Immediate._onImmediate (c:\\Users\\egoytendia\\.vscode\\extensions\\uqbar.wollok-lsp-ide-0.5.3\\out\\server\\src\\server.js:7:6142)\n    at process.processImmediate (node:internal/timers:485:21)","timestamp":"2025-12-13T04:25:23.876Z"}
{"level":"info","message":"⌛ Validating parciales/amongUs/nave.wlk","timeElapsed":105,"timestamp":"2025-12-13T04:25:23.985Z"}
{"level":"info","message":"⌛ Validating parciales/amongUs/nave.wlk","timeElapsed":113,"timestamp":"2025-12-13T04:25:25.033Z"}
{"level":"info","message":"⌛ Building environment","timeElapsed":180,"timestamp":"2025-12-13T04:25:25.395Z"}
{"level":"info","message":"⌛ Validating parciales/amongUs/nave.wlk","timeElapsed":104,"timestamp":"2025-12-13T04:25:25.583Z"}
{"level":"info","message":"⌛ Validating parciales/amongUs/nave.wlk","timeElapsed":110,"timestamp":"2025-12-13T04:25:26.297Z"}
{"level":"info","message":"⌛ Validating parciales/amongUs/nave.wlk","timeElapsed":109,"timestamp":"2025-12-13T04:25:27.644Z"}
{"level":"info","message":"⌛ Validating parciales/amongUs/nave.wlk","timeElapsed":105,"timestamp":"2025-12-13T04:25:27.827Z"}
{"level":"info","message":"⌛ Building environment","timeElapsed":107,"timestamp":"2025-12-13T04:25:29.495Z"}
{"level":"info","message":"⌛ Validating parciales/amongUs/nave.wlk","timeElapsed":107,"timestamp":"2025-12-13T04:25:29.607Z"}
{"level":"error","message":"✘ Completions for node Send (undefined - parciales/amongUs/nave.wlk) failed: Error: [Send]{4cdc0d} at parciales/amongUs/nave.wlk:-- exhausted all cases without a match [Send]{4cdc0d} at parciales/amongUs/nave.wlk:-- exhausted all cases without a match","stack":"Error: [Send]{4cdc0d} at parciales/amongUs/nave.wlk:-- exhausted all cases without a match\n    at c:\\Users\\egoytendia\\.vscode\\extensions\\uqbar.wollok-lsp-ide-0.5.3\\out\\server\\src\\server.js:38:6142\n    at D2 (c:\\Users\\egoytendia\\.vscode\\extensions\\uqbar.wollok-lsp-ide-0.5.3\\out\\server\\src\\server.js:2384:42)\n    at Qh (c:\\Users\\egoytendia\\.vscode\\extensions\\uqbar.wollok-lsp-ide-0.5.3\\out\\server\\src\\server.js:2384:1092)\n    at k6n (c:\\Users\\egoytendia\\.vscode\\extensions\\uqbar.wollok-lsp-ide-0.5.3\\out\\server\\src\\server.js:2384:1248)\n    at c:\\Users\\egoytendia\\.vscode\\extensions\\uqbar.wollok-lsp-ide-0.5.3\\out\\server\\src\\server.js:38:6131\n    at D2 (c:\\Users\\egoytendia\\.vscode\\extensions\\uqbar.wollok-lsp-ide-0.5.3\\out\\server\\src\\server.js:2384:42)\n    at c:\\Users\\egoytendia\\.vscode\\extensions\\uqbar.wollok-lsp-ide-0.5.3\\out\\server\\src\\server.js:2384:2988\n    at c:\\Users\\egoytendia\\.vscode\\extensions\\uqbar.wollok-lsp-ide-0.5.3\\out\\server\\src\\server.js:2393:8440\n    at c:\\Users\\egoytendia\\.vscode\\extensions\\uqbar.wollok-lsp-ide-0.5.3\\out\\server\\src\\server.js:37:74872\n    at Ye (c:\\Users\\egoytendia\\.vscode\\extensions\\uqbar.wollok-lsp-ide-0.5.3\\out\\server\\src\\server.js:7:8527)","timestamp":"2025-12-13T04:25:29.864Z"}
{"level":"error","message":"✘ Completions for node Assignment ([11:5, 11:22] - parciales/amongUs/nave.wlk) failed: Error: [Assignment]{9e9c61} at parciales/amongUs/nave.wlk:11 exhausted all cases without a match [Assignment]{9e9c61} at parciales/amongUs/nave.wlk:11 exhausted all cases without a match","stack":"Error: [Assignment]{9e9c61} at parciales/amongUs/nave.wlk:11 exhausted all cases without a match\n    at c:\\Users\\egoytendia\\.vscode\\extensions\\uqbar.wollok-lsp-ide-0.5.3\\out\\server\\src\\server.js:38:6142\n    at D2 (c:\\Users\\egoytendia\\.vscode\\extensions\\uqbar.wollok-lsp-ide-0.5.3\\out\\server\\src\\server.js:2384:42)\n    at Qh (c:\\Users\\egoytendia\\.vscode\\extensions\\uqbar.wollok-lsp-ide-0.5.3\\out\\server\\src\\server.js:2384:1092)\n    at D2 (c:\\Users\\egoytendia\\.vscode\\extensions\\uqbar.wollok-lsp-ide-0.5.3\\out\\server\\src\\server.js:2384:544)\n    at Qh (c:\\Users\\egoytendia\\.vscode\\extensions\\uqbar.wollok-lsp-ide-0.5.3\\out\\server\\src\\server.js:2384:1092)\n    at k6n (c:\\Users\\egoytendia\\.vscode\\extensions\\uqbar.wollok-lsp-ide-0.5.3\\out\\server\\src\\server.js:2384:1248)\n    at c:\\Users\\egoytendia\\.vscode\\extensions\\uqbar.wollok-lsp-ide-0.5.3\\out\\server\\src\\server.js:38:6131\n    at D2 (c:\\Users\\egoytendia\\.vscode\\extensions\\uqbar.wollok-lsp-ide-0.5.3\\out\\server\\src\\server.js:2384:42)\n    at c:\\Users\\egoytendia\\.vscode\\extensions\\uqbar.wollok-lsp-ide-0.5.3\\out\\server\\src\\server.js:2384:2988\n    at c:\\Users\\egoytendia\\.vscode\\extensions\\uqbar.wollok-lsp-ide-0.5.3\\out\\server\\src\\server.js:2393:8440","timestamp":"2025-12-13T04:25:29.864Z"}
{"level":"info","message":"⌛ Validating parciales/amongUs/nave.wlk","timeElapsed":103,"timestamp":"2025-12-13T04:25:29.971Z"}
{"level":"info","message":"⌛ Building environment","timeElapsed":126,"timestamp":"2025-12-13T04:25:30.099Z"}
{"level":"info","message":"⌛ Validating parciales/amongUs/nave.wlk","timeElapsed":126,"timestamp":"2025-12-13T04:25:30.317Z"}
{"level":"info","message":"⌛ Validating parciales/amongUs/nave.wlk","timeElapsed":115,"timestamp":"2025-12-13T04:25:30.521Z"}
{"level":"info","message":"⌛ Validating parciales/amongUs/nave.wlk","timeElapsed":106,"timestamp":"2025-12-13T04:25:30.713Z"}
{"level":"info","message":"⌛ Validating parciales/amongUs/nave.wlk","timeElapsed":108,"timestamp":"2025-12-13T04:25:30.977Z"}
{"level":"info","message":"⌛ Validating parciales/amongUs/nave.wlk","timeElapsed":101,"timestamp":"2025-12-13T04:25:31.078Z"}
{"level":"info","message":"⌛ Building environment","timeElapsed":110,"timestamp":"2025-12-13T04:25:31.382Z"}
{"level":"info","message":"⌛ Validating parciales/amongUs/nave.wlk","timeElapsed":105,"timestamp":"2025-12-13T04:25:31.492Z"}
{"level":"info","message":"⌛ Validating parciales/amongUs/sabotaje.wlk","timeElapsed":108,"timestamp":"2025-12-13T04:25:37.675Z"}
{"level":"info","message":"⌛ Validating parciales/amongUs/sabotaje.wlk","timeElapsed":107,"timestamp":"2025-12-13T04:25:38.937Z"}
{"level":"info","message":"⌛ Building environment","timeElapsed":113,"timestamp":"2025-12-13T04:25:40.856Z"}
{"level":"info","message":"⌛ Validating parciales/amongUs/sabotaje.wlk","timeElapsed":104,"timestamp":"2025-12-13T04:25:41.050Z"}
{"level":"info","message":"⌛ Validating parciales/amongUs/sabotaje.wlk","timeElapsed":138,"timestamp":"2025-12-13T04:25:41.189Z"}
{"level":"info","message":"⌛ Building environment","timeElapsed":101,"timestamp":"2025-12-13T04:26:40.825Z"}
{"level":"info","message":"⌛ Validating parciales/amongUs/sabotaje.wlk","timeElapsed":110,"timestamp":"2025-12-13T04:26:40.935Z"}
{"level":"info","message":"⌛ Validating parciales/amongUs/sabotaje.wlk","timeElapsed":117,"timestamp":"2025-12-13T04:26:41.661Z"}
{"level":"info","message":"⌛ Building environment","timeElapsed":110,"timestamp":"2025-12-13T04:26:41.772Z"}
{"level":"info","message":"⌛ Validating parciales/amongUs/sabotaje.wlk","timeElapsed":112,"timestamp":"2025-12-13T04:26:42.067Z"}
{"level":"info","message":"⌛ Validating parciales/amongUs/sabotaje.wlk","timeElapsed":103,"timestamp":"2025-12-13T04:26:42.172Z"}
{"level":"info","message":"⌛ Validating parciales/amongUs/sabotaje.wlk","timeElapsed":102,"timestamp":"2025-12-13T04:26:42.385Z"}
{"level":"info","message":"⌛ Validating parciales/amongUs/sabotaje.wlk","timeElapsed":101,"timestamp":"2025-12-13T04:26:42.486Z"}
{"level":"info","message":"⌛ Building environment","timeElapsed":107,"timestamp":"2025-12-13T04:26:42.889Z"}
{"level":"info","message":"⌛ Validating parciales/amongUs/sabotaje.wlk","timeElapsed":117,"timestamp":"2025-12-13T04:26:43.087Z"}
{"level":"info","message":"⌛ Validating parciales/amongUs/sabotaje.wlk","timeElapsed":108,"timestamp":"2025-12-13T04:26:43.196Z"}
{"level":"info","message":"⌛ Validating parciales/amongUs/sabotaje.wlk","timeElapsed":109,"timestamp":"2025-12-13T04:26:43.473Z"}
{"level":"info","message":"⌛ Validating parciales/amongUs/sabotaje.wlk","timeElapsed":111,"timestamp":"2025-12-13T04:26:43.659Z"}
{"level":"info","message":"⌛ Validating parciales/amongUs/sabotaje.wlk","timeElapsed":104,"timestamp":"2025-12-13T04:26:43.847Z"}
{"level":"info","message":"⌛ Building environment","timeElapsed":128,"timestamp":"2025-12-13T04:26:44.047Z"}
{"level":"info","message":"⌛ Validating parciales/amongUs/sabotaje.wlk","timeElapsed":104,"timestamp":"2025-12-13T04:26:44.151Z"}
{"level":"info","message":"⌛ Validating parciales/amongUs/sabotaje.wlk","timeElapsed":103,"timestamp":"2025-12-13T04:26:44.425Z"}
{"level":"info","message":"⌛ Validating parciales/amongUs/sabotaje.wlk","timeElapsed":104,"timestamp":"2025-12-13T04:26:47.674Z"}
{"level":"info","message":"⌛ Validating parciales/amongUs/sabotaje.wlk","timeElapsed":108,"timestamp":"2025-12-13T04:26:48.006Z"}
{"level":"info","message":"⌛ Validating parciales/amongUs/sabotaje.wlk","timeElapsed":106,"timestamp":"2025-12-13T04:26:48.223Z"}
{"level":"info","message":"⌛ Validating parciales/amongUs/sabotaje.wlk","timeElapsed":111,"timestamp":"2025-12-13T04:26:48.535Z"}
{"level":"info","message":"⌛ Validating parciales/amongUs/sabotaje.wlk","timeElapsed":104,"timestamp":"2025-12-13T04:26:48.740Z"}
{"level":"info","message":"⌛ Validating parciales/amongUs/sabotaje.wlk","timeElapsed":106,"timestamp":"2025-12-13T04:26:48.922Z"}
{"level":"info","message":"⌛ Building environment","timeElapsed":164,"timestamp":"2025-12-13T04:26:55.983Z"}
{"level":"info","message":"⌛ Validating parciales/amongUs/nave.wlk","timeElapsed":114,"timestamp":"2025-12-13T04:26:56.179Z"}
{"level":"info","message":"⌛ Validating parciales/amongUs/nave.wlk","timeElapsed":118,"timestamp":"2025-12-13T04:26:56.298Z"}
{"level":"info","message":"⌛ Building environment","timeElapsed":101,"timestamp":"2025-12-13T04:26:56.554Z"}
{"level":"info","message":"⌛ Validating parciales/amongUs/nave.wlk","timeElapsed":115,"timestamp":"2025-12-13T04:26:56.793Z"}
{"level":"info","message":"⌛ Validating parciales/amongUs/nave.wlk","timeElapsed":106,"timestamp":"2025-12-13T04:26:56.899Z"}
{"level":"info","message":"⌛ Validating parciales/amongUs/nave.wlk","timeElapsed":113,"timestamp":"2025-12-13T04:26:57.095Z"}
{"level":"info","message":"⌛ Validating parciales/amongUs/nave.wlk","timeElapsed":108,"timestamp":"2025-12-13T04:26:57.297Z"}
{"level":"info","message":"⌛ Validating parciales/amongUs/nave.wlk","timeElapsed":106,"timestamp":"2025-12-13T04:26:57.885Z"}
{"level":"info","message":"⌛ Validating parciales/amongUs/nave.wlk","timeElapsed":110,"timestamp":"2025-12-13T04:26:58.208Z"}
{"level":"info","message":"⌛ Validating parciales/amongUs/nave.wlk","timeElapsed":101,"timestamp":"2025-12-13T04:26:58.709Z"}
{"level":"info","message":"⌛ Building environment","timeElapsed":104,"timestamp":"2025-12-13T04:26:59.328Z"}
{"level":"info","message":"⌛ Validating parciales/amongUs/nave.wlk","timeElapsed":101,"timestamp":"2025-12-13T04:26:59.550Z"}
{"level":"info","message":"⌛ Validating parciales/amongUs/nave.wlk","timeElapsed":141,"timestamp":"2025-12-13T04:26:59.771Z"}
{"level":"info","message":"⌛ Validating parciales/amongUs/nave.wlk","timeElapsed":106,"timestamp":"2025-12-13T04:26:59.983Z"}
{"level":"info","message":"⌛ Validating parciales/amongUs/nave.wlk","timeElapsed":102,"timestamp":"2025-12-13T04:27:00.087Z"}
{"level":"info","message":"⌛ Validating parciales/amongUs/nave.wlk","timeElapsed":107,"timestamp":"2025-12-13T04:27:00.302Z"}
{"level":"info","message":"⌛ Validating parciales/amongUs/nave.wlk","timeElapsed":110,"timestamp":"2025-12-13T04:27:00.581Z"}
{"level":"info","message":"⌛ Building environment","timeElapsed":131,"timestamp":"2025-12-13T04:27:00.714Z"}
{"level":"info","message":"⌛ Validating parciales/amongUs/nave.wlk","timeElapsed":105,"timestamp":"2025-12-13T04:27:01.021Z"}
{"level":"info","message":"⌛ Validating parciales/amongUs/nave.wlk","timeElapsed":102,"timestamp":"2025-12-13T04:27:01.200Z"}
{"level":"info","message":"⌛ Validating parciales/amongUs/nave.wlk","timeElapsed":102,"timestamp":"2025-12-13T04:27:01.405Z"}
{"level":"info","message":"⌛ Validating parciales/amongUs/nave.wlk","timeElapsed":108,"timestamp":"2025-12-13T04:27:01.612Z"}
{"level":"info","message":"⌛ Building environment","timeElapsed":116,"timestamp":"2025-12-13T04:27:13.334Z"}
{"level":"info","message":"⌛ Validating parciales/amongUs/nave.wlk","timeElapsed":110,"timestamp":"2025-12-13T04:27:13.573Z"}
{"level":"info","message":"⌛ Validating parciales/amongUs/nave.wlk","timeElapsed":105,"timestamp":"2025-12-13T04:27:13.677Z"}
{"level":"info","message":"⌛ Validating parciales/amongUs/nave.wlk","timeElapsed":105,"timestamp":"2025-12-13T04:27:14.538Z"}
{"level":"error","message":"✘ Completions for node Send ([26:5, 26:10] - parciales/amongUs/nave.wlk) failed: Error: [Send]{d926e7} at parciales/amongUs/nave.wlk:26 exhausted all cases without a match [Send]{d926e7} at parciales/amongUs/nave.wlk:26 exhausted all cases without a match","stack":"Error: [Send]{d926e7} at parciales/amongUs/nave.wlk:26 exhausted all cases without a match\n    at c:\\Users\\egoytendia\\.vscode\\extensions\\uqbar.wollok-lsp-ide-0.5.3\\out\\server\\src\\server.js:38:6142\n    at D2 (c:\\Users\\egoytendia\\.vscode\\extensions\\uqbar.wollok-lsp-ide-0.5.3\\out\\server\\src\\server.js:2384:42)\n    at Qh (c:\\Users\\egoytendia\\.vscode\\extensions\\uqbar.wollok-lsp-ide-0.5.3\\out\\server\\src\\server.js:2384:1092)\n    at k6n (c:\\Users\\egoytendia\\.vscode\\extensions\\uqbar.wollok-lsp-ide-0.5.3\\out\\server\\src\\server.js:2384:1248)\n    at c:\\Users\\egoytendia\\.vscode\\extensions\\uqbar.wollok-lsp-ide-0.5.3\\out\\server\\src\\server.js:38:6131\n    at D2 (c:\\Users\\egoytendia\\.vscode\\extensions\\uqbar.wollok-lsp-ide-0.5.3\\out\\server\\src\\server.js:2384:42)\n    at c:\\Users\\egoytendia\\.vscode\\extensions\\uqbar.wollok-lsp-ide-0.5.3\\out\\server\\src\\server.js:2384:2988\n    at c:\\Users\\egoytendia\\.vscode\\extensions\\uqbar.wollok-lsp-ide-0.5.3\\out\\server\\src\\server.js:2393:8440\n    at c:\\Users\\egoytendia\\.vscode\\extensions\\uqbar.wollok-lsp-ide-0.5.3\\out\\server\\src\\server.js:37:74872\n    at Ye (c:\\Users\\egoytendia\\.vscode\\extensions\\uqbar.wollok-lsp-ide-0.5.3\\out\\server\\src\\server.js:7:8527)","timestamp":"2025-12-13T04:27:15.240Z"}
{"level":"info","message":"⌛ Validating parciales/amongUs/nave.wlk","timeElapsed":171,"timestamp":"2025-12-13T04:27:15.414Z"}
{"level":"info","message":"⌛ Building environment","timeElapsed":107,"timestamp":"2025-12-13T04:27:15.541Z"}
{"level":"info","message":"⌛ Validating parciales/amongUs/nave.wlk","timeElapsed":106,"timestamp":"2025-12-13T04:27:15.651Z"}
{"level":"error","message":"✘ Completions for node Send ([26:5, 26:10] - parciales/amongUs/nave.wlk) failed: Error: [Send]{d5429a} at parciales/amongUs/nave.wlk:26 exhausted all cases without a match [Send]{d5429a} at parciales/amongUs/nave.wlk:26 exhausted all cases without a match","stack":"Error: [Send]{d5429a} at parciales/amongUs/nave.wlk:26 exhausted all cases without a match\n    at c:\\Users\\egoytendia\\.vscode\\extensions\\uqbar.wollok-lsp-ide-0.5.3\\out\\server\\src\\server.js:38:6142\n    at D2 (c:\\Users\\egoytendia\\.vscode\\extensions\\uqbar.wollok-lsp-ide-0.5.3\\out\\server\\src\\server.js:2384:42)\n    at Qh (c:\\Users\\egoytendia\\.vscode\\extensions\\uqbar.wollok-lsp-ide-0.5.3\\out\\server\\src\\server.js:2384:1092)\n    at k6n (c:\\Users\\egoytendia\\.vscode\\extensions\\uqbar.wollok-lsp-ide-0.5.3\\out\\server\\src\\server.js:2384:1248)\n    at c:\\Users\\egoytendia\\.vscode\\extensions\\uqbar.wollok-lsp-ide-0.5.3\\out\\server\\src\\server.js:38:6131\n    at D2 (c:\\Users\\egoytendia\\.vscode\\extensions\\uqbar.wollok-lsp-ide-0.5.3\\out\\server\\src\\server.js:2384:42)\n    at c:\\Users\\egoytendia\\.vscode\\extensions\\uqbar.wollok-lsp-ide-0.5.3\\out\\server\\src\\server.js:2384:2988\n    at c:\\Users\\egoytendia\\.vscode\\extensions\\uqbar.wollok-lsp-ide-0.5.3\\out\\server\\src\\server.js:2393:8440\n    at c:\\Users\\egoytendia\\.vscode\\extensions\\uqbar.wollok-lsp-ide-0.5.3\\out\\server\\src\\server.js:37:74872\n    at Ye (c:\\Users\\egoytendia\\.vscode\\extensions\\uqbar.wollok-lsp-ide-0.5.3\\out\\server\\src\\server.js:7:8527)","timestamp":"2025-12-13T04:27:15.795Z"}
{"level":"info","message":"⌛ Validating parciales/amongUs/nave.wlk","timeElapsed":118,"timestamp":"2025-12-13T04:27:15.917Z"}
{"level":"info","message":"⌛ Validating parciales/amongUs/nave.wlk","timeElapsed":107,"timestamp":"2025-12-13T04:27:16.286Z"}
{"level":"info","message":"⌛ Validating parciales/amongUs/nave.wlk","timeElapsed":102,"timestamp":"2025-12-13T04:27:16.468Z"}
{"level":"info","message":"⌛ Validating parciales/amongUs/nave.wlk","timeElapsed":105,"timestamp":"2025-12-13T04:27:16.574Z"}
{"level":"info","message":"⌛ Building environment","timeElapsed":111,"timestamp":"2025-12-13T04:27:16.786Z"}
{"level":"info","message":"⌛ Validating parciales/amongUs/nave.wlk","timeElapsed":111,"timestamp":"2025-12-13T04:27:16.901Z"}
{"level":"info","message":"⌛ Validating parciales/amongUs/nave.wlk","timeElapsed":103,"timestamp":"2025-12-13T04:27:19.117Z"}
{"level":"info","message":"⌛ Validating parciales/amongUs/nave.wlk","timeElapsed":112,"timestamp":"2025-12-13T04:27:19.421Z"}
{"level":"info","message":"⌛ Validating parciales/amongUs/nave.wlk","timeElapsed":108,"timestamp":"2025-12-13T04:27:19.602Z"}
{"level":"info","message":"⌛ Validating parciales/amongUs/nave.wlk","timeElapsed":105,"timestamp":"2025-12-13T04:27:21.356Z"}
{"level":"info","message":"⌛ Validating parciales/amongUs/nave.wlk","timeElapsed":106,"timestamp":"2025-12-13T04:27:21.588Z"}
{"level":"info","message":"⌛ Validating parciales/amongUs/nave.wlk","timeElapsed":113,"timestamp":"2025-12-13T04:27:22.399Z"}
{"level":"info","message":"⌛ Building environment","timeElapsed":124,"timestamp":"2025-12-13T04:27:22.524Z"}
{"level":"info","message":"⌛ Validating parciales/amongUs/nave.wlk","timeElapsed":101,"timestamp":"2025-12-13T04:27:22.660Z"}
{"level":"info","message":"⌛ Building environment","timeElapsed":103,"timestamp":"2025-12-13T04:27:23.097Z"}
{"level":"info","message":"⌛ Validating parciales/amongUs/nave.wlk","timeElapsed":109,"timestamp":"2025-12-13T04:27:23.207Z"}
{"level":"info","message":"⌛ Validating parciales/amongUs/nave.wlk","timeElapsed":108,"timestamp":"2025-12-13T04:27:23.388Z"}
{"level":"info","message":"⌛ Validating parciales/amongUs/nave.wlk","timeElapsed":111,"timestamp":"2025-12-13T04:27:24.541Z"}
{"level":"info","message":"⌛ Validating parciales/amongUs/nave.wlk","timeElapsed":107,"timestamp":"2025-12-13T04:27:24.835Z"}
{"level":"info","message":"⌛ Validating parciales/amongUs/nave.wlk","timeElapsed":107,"timestamp":"2025-12-13T04:27:25.023Z"}
{"level":"info","message":"⌛ Validating parciales/amongUs/nave.wlk","timeElapsed":122,"timestamp":"2025-12-13T04:27:25.275Z"}
{"level":"info","message":"⌛ Validating parciales/amongUs/nave.wlk","timeElapsed":107,"timestamp":"2025-12-13T04:27:25.410Z"}
{"level":"info","message":"⌛ Building environment","timeElapsed":106,"timestamp":"2025-12-13T04:27:25.516Z"}
{"level":"info","message":"⌛ Validating parciales/amongUs/nave.wlk","timeElapsed":151,"timestamp":"2025-12-13T04:27:25.759Z"}
{"level":"info","message":"⌛ Building environment","timeElapsed":115,"timestamp":"2025-12-13T04:27:25.875Z"}
{"level":"info","message":"⌛ Validating parciales/amongUs/nave.wlk","timeElapsed":107,"timestamp":"2025-12-13T04:27:25.982Z"}
{"level":"info","message":"⌛ Validating parciales/amongUs/nave.wlk","timeElapsed":107,"timestamp":"2025-12-13T04:27:26.172Z"}
{"level":"info","message":"⌛ Validating parciales/amongUs/nave.wlk","timeElapsed":104,"timestamp":"2025-12-13T04:27:26.281Z"}
{"level":"info","message":"⌛ Validating parciales/amongUs/nave.wlk","timeElapsed":101,"timestamp":"2025-12-13T04:27:27.049Z"}
{"level":"info","message":"⌛ Validating parciales/amongUs/nave.wlk","timeElapsed":106,"timestamp":"2025-12-13T04:27:28.236Z"}
{"level":"info","message":"⌛ Validating parciales/amongUs/nave.wlk","timeElapsed":107,"timestamp":"2025-12-13T04:27:28.958Z"}
{"level":"info","message":"⌛ Validating parciales/amongUs/nave.wlk","timeElapsed":144,"timestamp":"2025-12-13T04:27:30.896Z"}
{"level":"info","message":"⌛ Validating parciales/amongUs/nave.wlk","timeElapsed":107,"timestamp":"2025-12-13T04:27:31.093Z"}
{"level":"info","message":"⌛ Validating parciales/amongUs/nave.wlk","timeElapsed":102,"timestamp":"2025-12-13T04:27:32.169Z"}
{"level":"info","message":"⌛ Building environment","timeElapsed":114,"timestamp":"2025-12-13T04:27:32.284Z"}
{"level":"info","message":"⌛ Validating parciales/amongUs/nave.wlk","timeElapsed":116,"timestamp":"2025-12-13T04:27:32.400Z"}
{"level":"info","message":"⌛ Validating parciales/amongUs/nave.wlk","timeElapsed":105,"timestamp":"2025-12-13T04:27:32.671Z"}
{"level":"info","message":"⌛ Validating parciales/amongUs/nave.wlk","timeElapsed":108,"timestamp":"2025-12-13T04:27:32.859Z"}
{"level":"info","message":"⌛ Building environment","timeElapsed":122,"timestamp":"2025-12-13T04:27:32.981Z"}
{"level":"info","message":"⌛ Validating parciales/amongUs/nave.wlk","timeElapsed":109,"timestamp":"2025-12-13T04:27:33.090Z"}
{"level":"info","message":"⌛ Validating parciales/amongUs/nave.wlk","timeElapsed":104,"timestamp":"2025-12-13T04:27:33.275Z"}
{"level":"info","message":"⌛ Building environment","timeElapsed":112,"timestamp":"2025-12-13T04:27:33.388Z"}
{"level":"info","message":"⌛ Validating parciales/amongUs/nave.wlk","timeElapsed":111,"timestamp":"2025-12-13T04:27:33.580Z"}
{"level":"info","message":"⌛ Validating parciales/amongUs/nave.wlk","timeElapsed":103,"timestamp":"2025-12-13T04:27:33.842Z"}
{"level":"info","message":"⌛ Validating parciales/amongUs/nave.wlk","timeElapsed":103,"timestamp":"2025-12-13T04:27:34.150Z"}
{"level":"info","message":"⌛ Validating parciales/amongUs/nave.wlk","timeElapsed":112,"timestamp":"2025-12-13T04:27:34.262Z"}
{"level":"info","message":"⌛ Building environment","timeElapsed":106,"timestamp":"2025-12-13T04:27:34.614Z"}
{"level":"info","message":"⌛ Validating parciales/amongUs/nave.wlk","timeElapsed":115,"timestamp":"2025-12-13T04:27:34.831Z"}
{"level":"info","message":"⌛ Validating parciales/amongUs/nave.wlk","timeElapsed":106,"timestamp":"2025-12-13T04:27:35.211Z"}
{"level":"info","message":"⌛ Validating parciales/amongUs/nave.wlk","timeElapsed":142,"timestamp":"2025-12-13T04:27:36.117Z"}
{"level":"info","message":"⌛ Building environment","timeElapsed":108,"timestamp":"2025-12-13T04:27:36.389Z"}
{"level":"info","message":"⌛ Validating parciales/amongUs/nave.wlk","timeElapsed":114,"timestamp":"2025-12-13T04:27:36.502Z"}
{"level":"info","message":"⌛ Validating parciales/amongUs/nave.wlk","timeElapsed":102,"timestamp":"2025-12-13T04:27:36.780Z"}
{"level":"info","message":"⌛ Validating parciales/amongUs/nave.wlk","timeElapsed":111,"timestamp":"2025-12-13T04:27:37.051Z"}
{"level":"info","message":"⌛ Validating parciales/amongUs/nave.wlk","timeElapsed":107,"timestamp":"2025-12-13T04:27:37.163Z"}
{"level":"info","message":"⌛ Validating parciales/amongUs/nave.wlk","timeElapsed":143,"timestamp":"2025-12-13T04:27:37.307Z"}
{"level":"info","message":"⌛ Validating parciales/amongUs/nave.wlk","timeElapsed":106,"timestamp":"2025-12-13T04:27:37.659Z"}
{"level":"info","message":"⌛ Validating parciales/amongUs/nave.wlk","timeElapsed":103,"timestamp":"2025-12-13T04:27:37.940Z"}
{"level":"info","message":"⌛ Building environment","timeElapsed":160,"timestamp":"2025-12-13T04:27:38.106Z"}
{"level":"info","message":"⌛ Validating parciales/amongUs/nave.wlk","timeElapsed":106,"timestamp":"2025-12-13T04:27:38.211Z"}
{"level":"info","message":"⌛ Validating parciales/amongUs/nave.wlk","timeElapsed":110,"timestamp":"2025-12-13T04:27:38.402Z"}
{"level":"info","message":"⌛ Validating parciales/amongUs/nave.wlk","timeElapsed":112,"timestamp":"2025-12-13T04:27:39.527Z"}
{"level":"info","message":"⌛ Validating parciales/amongUs/nave.wlk","timeElapsed":104,"timestamp":"2025-12-13T04:27:39.790Z"}
{"level":"info","message":"⌛ Validating parciales/amongUs/nave.wlk","timeElapsed":110,"timestamp":"2025-12-13T04:27:40.158Z"}
{"level":"info","message":"⌛ Validating parciales/amongUs/nave.wlk","timeElapsed":111,"timestamp":"2025-12-13T04:27:40.498Z"}
{"level":"info","message":"⌛ Building environment","timeElapsed":104,"timestamp":"2025-12-13T04:27:40.972Z"}
{"level":"info","message":"⌛ Validating parciales/amongUs/nave.wlk","timeElapsed":152,"timestamp":"2025-12-13T04:27:41.206Z"}
{"level":"info","message":"⌛ Validating parciales/amongUs/nave.wlk","timeElapsed":106,"timestamp":"2025-12-13T04:27:41.312Z"}
{"level":"info","message":"⌛ Validating parciales/amongUs/nave.wlk","timeElapsed":108,"timestamp":"2025-12-13T04:27:41.515Z"}
{"level":"info","message":"⌛ Validating parciales/amongUs/nave.wlk","timeElapsed":104,"timestamp":"2025-12-13T04:27:41.696Z"}
{"level":"info","message":"⌛ Building environment","timeElapsed":108,"timestamp":"2025-12-13T04:27:42.038Z"}
{"level":"info","message":"⌛ Validating parciales/amongUs/nave.wlk","timeElapsed":106,"timestamp":"2025-12-13T04:27:42.145Z"}
{"level":"error","message":"✘ Failed to get type description: Error: Failed to print, found malformed node Failed to print, found malformed node","node":{"id":"3196b7b8-2bff-4287-baf0-d83551e6699d","metadata":[],"problems":[{"code":"malformedSentence","sourceMap":{"end":{"column":3,"line":29,"offset":652},"start":{"column":5,"line":26,"offset":558}}}],"scope":{"containerScope":{"containerScope":{"containerScope":{"containerScope":{"containerScope":{"containerScope":{"contributions":{},"includedScopes":[]},"contributions":{},"includedScopes":[]},"contributions":{},"includedScopes":[]},"contributions":{},"includedScopes":[]},"contributions":{},"includedScopes":[{"containerScope":{"containerScope":{"containerScope":{"contributions":{},"includedScopes":[]},"contributions":{},"includedScopes":[]},"contributions":{},"includedScopes":[]},"contributions":{},"includedScopes":[]}]},"contributions":{},"includedScopes":[]},"contributions":{},"includedScopes":[]},"sentences":[],"sourceMap":{"end":{"column":4,"line":29,"offset":653},"start":{"column":29,"line":25,"offset":551}}},"stack":"Error: Failed to print, found malformed node\n    at c:\\Users\\egoytendia\\.vscode\\extensions\\uqbar.wollok-lsp-ide-0.5.3\\out\\server\\src\\server.js:68:3585\n    at c:\\Users\\egoytendia\\.vscode\\extensions\\uqbar.wollok-lsp-ide-0.5.3\\out\\server\\src\\server.js:68:5370\n    at c:\\Users\\egoytendia\\.vscode\\extensions\\uqbar.wollok-lsp-ide-0.5.3\\out\\server\\src\\server.js:38:6131\n    at c:\\Users\\egoytendia\\.vscode\\extensions\\uqbar.wollok-lsp-ide-0.5.3\\out\\server\\src\\server.js:68:3664\n    at Gbn (c:\\Users\\egoytendia\\.vscode\\extensions\\uqbar.wollok-lsp-ide-0.5.3\\out\\server\\src\\server.js:68:3396)\n    at c:\\Users\\egoytendia\\.vscode\\extensions\\uqbar.wollok-lsp-ide-0.5.3\\out\\server\\src\\server.js:2393:847\n    at c:\\Users\\egoytendia\\.vscode\\extensions\\uqbar.wollok-lsp-ide-0.5.3\\out\\server\\src\\server.js:2393:8440\n    at c:\\Users\\egoytendia\\.vscode\\extensions\\uqbar.wollok-lsp-ide-0.5.3\\out\\server\\src\\server.js:37:74770\n    at Ye (c:\\Users\\egoytendia\\.vscode\\extensions\\uqbar.wollok-lsp-ide-0.5.3\\out\\server\\src\\server.js:7:8527)\n    at qt (c:\\Users\\egoytendia\\.vscode\\extensions\\uqbar.wollok-lsp-ide-0.5.3\\out\\server\\src\\server.js:7:6189)","timestamp":"2025-12-13T04:27:51.758Z"}
{"level":"error","message":"✘ Failed to get type description: Error: Failed to print, found malformed node Failed to print, found malformed node","node":{"id":"3196b7b8-2bff-4287-baf0-d83551e6699d","metadata":[],"problems":[{"code":"malformedSentence","sourceMap":{"end":{"column":3,"line":29,"offset":652},"start":{"column":5,"line":26,"offset":558}}}],"scope":{"containerScope":{"containerScope":{"containerScope":{"containerScope":{"containerScope":{"containerScope":{"contributions":{},"includedScopes":[]},"contributions":{},"includedScopes":[]},"contributions":{},"includedScopes":[]},"contributions":{},"includedScopes":[]},"contributions":{},"includedScopes":[{"containerScope":{"containerScope":{"containerScope":{"contributions":{},"includedScopes":[]},"contributions":{},"includedScopes":[]},"contributions":{},"includedScopes":[]},"contributions":{},"includedScopes":[]}]},"contributions":{},"includedScopes":[]},"contributions":{},"includedScopes":[]},"sentences":[],"sourceMap":{"end":{"column":4,"line":29,"offset":653},"start":{"column":29,"line":25,"offset":551}}},"stack":"Error: Failed to print, found malformed node\n    at c:\\Users\\egoytendia\\.vscode\\extensions\\uqbar.wollok-lsp-ide-0.5.3\\out\\server\\src\\server.js:68:3585\n    at c:\\Users\\egoytendia\\.vscode\\extensions\\uqbar.wollok-lsp-ide-0.5.3\\out\\server\\src\\server.js:68:5370\n    at c:\\Users\\egoytendia\\.vscode\\extensions\\uqbar.wollok-lsp-ide-0.5.3\\out\\server\\src\\server.js:38:6131\n    at c:\\Users\\egoytendia\\.vscode\\extensions\\uqbar.wollok-lsp-ide-0.5.3\\out\\server\\src\\server.js:68:3664\n    at Gbn (c:\\Users\\egoytendia\\.vscode\\extensions\\uqbar.wollok-lsp-ide-0.5.3\\out\\server\\src\\server.js:68:3396)\n    at c:\\Users\\egoytendia\\.vscode\\extensions\\uqbar.wollok-lsp-ide-0.5.3\\out\\server\\src\\server.js:2393:847\n    at c:\\Users\\egoytendia\\.vscode\\extensions\\uqbar.wollok-lsp-ide-0.5.3\\out\\server\\src\\server.js:2393:8440\n    at c:\\Users\\egoytendia\\.vscode\\extensions\\uqbar.wollok-lsp-ide-0.5.3\\out\\server\\src\\server.js:37:74770\n    at Ye (c:\\Users\\egoytendia\\.vscode\\extensions\\uqbar.wollok-lsp-ide-0.5.3\\out\\server\\src\\server.js:7:8527)\n    at qt (c:\\Users\\egoytendia\\.vscode\\extensions\\uqbar.wollok-lsp-ide-0.5.3\\out\\server\\src\\server.js:7:6189)","timestamp":"2025-12-13T04:27:52.208Z"}
{"level":"info","message":"⌛ Validating parciales/amongUs/nave.wlk","timeElapsed":106,"timestamp":"2025-12-13T04:27:53.223Z"}
{"level":"info","message":"⌛ Validating parciales/amongUs/nave.wlk","timeElapsed":112,"timestamp":"2025-12-13T04:30:05.428Z"}
{"level":"info","message":"⌛ Validating parciales/amongUs/nave.wlk","timeElapsed":107,"timestamp":"2025-12-13T04:30:05.624Z"}
{"level":"info","message":"⌛ Validating parciales/amongUs/nave.wlk","timeElapsed":120,"timestamp":"2025-12-13T04:30:05.981Z"}
{"level":"info","message":"⌛ Validating parciales/amongUs/nave.wlk","timeElapsed":115,"timestamp":"2025-12-13T04:30:06.267Z"}
{"level":"info","message":"⌛ Validating parciales/amongUs/nave.wlk","timeElapsed":104,"timestamp":"2025-12-13T04:30:06.571Z"}
{"level":"info","message":"⌛ Validating parciales/amongUs/nave.wlk","timeElapsed":106,"timestamp":"2025-12-13T04:30:06.961Z"}
{"level":"info","message":"⌛ Validating parciales/amongUs/nave.wlk","timeElapsed":105,"timestamp":"2025-12-13T04:30:07.144Z"}
{"level":"info","message":"⌛ Validating parciales/amongUs/nave.wlk","timeElapsed":109,"timestamp":"2025-12-13T04:30:07.365Z"}
{"level":"error","message":"✘ Failed to rebuild document Failed to parse parciales/amongUs/nave.wlk: \n-- PARSING FAILED --------------------------------------------------\n\n  29 |   }\n  30 | \n> 31 |   method () {\n     |          ^\n  32 |     \n  33 |   }\n\nExpected one of the following: \n\n'!=', '!==', '%', '&&', '*', '**', '+', '-', '->', '..', '..<', '/', '<', '<<', '<<<', '<=', '<=>', '<>', '==', '===', '>', '>..', '>=', '>>', '>>>', '?:', 'and', 'invert', 'negate', 'or', 'plus', '||', identifier, whitespace\n","stack":"Error: Failed to parse parciales/amongUs/nave.wlk: \n-- PARSING FAILED --------------------------------------------------\n\n  29 |   }\n  30 | \n> 31 |   method () {\n     |          ^\n  32 |     \n  33 |   }\n\nExpected one of the following: \n\n'!=', '!==', '%', '&&', '*', '**', '+', '-', '->', '..', '..<', '/', '<', '<<', '<<<', '<=', '<=>', '<>', '==', '===', '>', '>..', '>=', '>>', '>>>', '?:', 'and', 'invert', 'negate', 'or', 'plus', '||', identifier, whitespace\n\n    at c:\\Users\\egoytendia\\.vscode\\extensions\\uqbar.wollok-lsp-ide-0.5.3\\out\\server\\src\\server.js:2348:13026\n    at Array.map (<anonymous>)\n    at W1n (c:\\Users\\egoytendia\\.vscode\\extensions\\uqbar.wollok-lsp-ide-0.5.3\\out\\server\\src\\server.js:2348:12950)\n    at U2.buildEnvironmentFrom (c:\\Users\\egoytendia\\.vscode\\extensions\\uqbar.wollok-lsp-ide-0.5.3\\out\\server\\src\\server.js:2393:5254)\n    at U2.updateEnvironmentWith (c:\\Users\\egoytendia\\.vscode\\extensions\\uqbar.wollok-lsp-ide-0.5.3\\out\\server\\src\\server.js:2393:4989)\n    at JF (c:\\Users\\egoytendia\\.vscode\\extensions\\uqbar.wollok-lsp-ide-0.5.3\\out\\server\\src\\server.js:2393:7383)\n    at F3.invoke (c:\\Users\\egoytendia\\.vscode\\extensions\\uqbar.wollok-lsp-ide-0.5.3\\out\\server\\src\\server.js:3:157334)\n    at o.fire (c:\\Users\\egoytendia\\.vscode\\extensions\\uqbar.wollok-lsp-ide-0.5.3\\out\\server\\src\\server.js:3:158104)\n    at c:\\Users\\egoytendia\\.vscode\\extensions\\uqbar.wollok-lsp-ide-0.5.3\\out\\server\\src\\server.js:37:57871\n    at Zr (c:\\Users\\egoytendia\\.vscode\\extensions\\uqbar.wollok-lsp-ide-0.5.3\\out\\server\\src\\server.js:8:1561)","timestamp":"2025-12-13T04:30:07.396Z"}
{"level":"info","message":"⌛ Validating parciales/amongUs/nave.wlk","timeElapsed":113,"timestamp":"2025-12-13T04:30:07.968Z"}
{"level":"info","message":"⌛ Validating parciales/amongUs/nave.wlk","timeElapsed":110,"timestamp":"2025-12-13T04:30:18.033Z"}
{"level":"info","message":"⌛ Validating parciales/amongUs/nave.wlk","timeElapsed":111,"timestamp":"2025-12-13T04:30:18.325Z"}
{"level":"info","message":"⌛ Validating parciales/amongUs/nave.wlk","timeElapsed":109,"timestamp":"2025-12-13T04:30:18.521Z"}
{"level":"info","message":"⌛ Validating parciales/amongUs/nave.wlk","timeElapsed":104,"timestamp":"2025-12-13T04:30:18.703Z"}
{"level":"info","message":"⌛ Validating parciales/amongUs/nave.wlk","timeElapsed":107,"timestamp":"2025-12-13T04:30:19.179Z"}
{"level":"info","message":"⌛ Validating parciales/amongUs/nave.wlk","timeElapsed":108,"timestamp":"2025-12-13T04:30:19.365Z"}
{"level":"info","message":"⌛ Building environment","timeElapsed":181,"timestamp":"2025-12-13T04:30:20.195Z"}
{"level":"info","message":"⌛ Validating parciales/amongUs/nave.wlk","timeElapsed":107,"timestamp":"2025-12-13T04:30:20.303Z"}
{"level":"error","message":"✘ Completions for node Variable ([32:5, 32:12] - parciales/amongUs/nave.wlk) failed: Error: i [Variable]{768869} at parciales/amongUs/nave.wlk:32 exhausted all cases without a match i [Variable]{768869} at parciales/amongUs/nave.wlk:32 exhausted all cases without a match","stack":"Error: i [Variable]{768869} at parciales/amongUs/nave.wlk:32 exhausted all cases without a match\n    at c:\\Users\\egoytendia\\.vscode\\extensions\\uqbar.wollok-lsp-ide-0.5.3\\out\\server\\src\\server.js:38:6142\n    at D2 (c:\\Users\\egoytendia\\.vscode\\extensions\\uqbar.wollok-lsp-ide-0.5.3\\out\\server\\src\\server.js:2384:42)\n    at c:\\Users\\egoytendia\\.vscode\\extensions\\uqbar.wollok-lsp-ide-0.5.3\\out\\server\\src\\server.js:2384:2988\n    at c:\\Users\\egoytendia\\.vscode\\extensions\\uqbar.wollok-lsp-ide-0.5.3\\out\\server\\src\\server.js:2393:8440\n    at c:\\Users\\egoytendia\\.vscode\\extensions\\uqbar.wollok-lsp-ide-0.5.3\\out\\server\\src\\server.js:37:74872\n    at Ye (c:\\Users\\egoytendia\\.vscode\\extensions\\uqbar.wollok-lsp-ide-0.5.3\\out\\server\\src\\server.js:7:8527)\n    at qt (c:\\Users\\egoytendia\\.vscode\\extensions\\uqbar.wollok-lsp-ide-0.5.3\\out\\server\\src\\server.js:7:6189)\n    at ot (c:\\Users\\egoytendia\\.vscode\\extensions\\uqbar.wollok-lsp-ide-0.5.3\\out\\server\\src\\server.js:7:6378)\n    at Immediate._onImmediate (c:\\Users\\egoytendia\\.vscode\\extensions\\uqbar.wollok-lsp-ide-0.5.3\\out\\server\\src\\server.js:7:6142)\n    at process.processImmediate (node:internal/timers:485:21)","timestamp":"2025-12-13T04:30:22.880Z"}
{"level":"info","message":"⌛ Validating parciales/amongUs/nave.wlk","timeElapsed":110,"timestamp":"2025-12-13T04:30:22.992Z"}
{"level":"error","message":"✘ Completions for node Variable ([32:5, 32:13] - parciales/amongUs/nave.wlk) failed: Error: it [Variable]{1cba7c} at parciales/amongUs/nave.wlk:32 exhausted all cases without a match it [Variable]{1cba7c} at parciales/amongUs/nave.wlk:32 exhausted all cases without a match","stack":"Error: it [Variable]{1cba7c} at parciales/amongUs/nave.wlk:32 exhausted all cases without a match\n    at c:\\Users\\egoytendia\\.vscode\\extensions\\uqbar.wollok-lsp-ide-0.5.3\\out\\server\\src\\server.js:38:6142\n    at D2 (c:\\Users\\egoytendia\\.vscode\\extensions\\uqbar.wollok-lsp-ide-0.5.3\\out\\server\\src\\server.js:2384:42)\n    at c:\\Users\\egoytendia\\.vscode\\extensions\\uqbar.wollok-lsp-ide-0.5.3\\out\\server\\src\\server.js:2384:2988\n    at c:\\Users\\egoytendia\\.vscode\\extensions\\uqbar.wollok-lsp-ide-0.5.3\\out\\server\\src\\server.js:2393:8440\n    at c:\\Users\\egoytendia\\.vscode\\extensions\\uqbar.wollok-lsp-ide-0.5.3\\out\\server\\src\\server.js:37:74872\n    at Ye (c:\\Users\\egoytendia\\.vscode\\extensions\\uqbar.wollok-lsp-ide-0.5.3\\out\\server\\src\\server.js:7:8527)\n    at qt (c:\\Users\\egoytendia\\.vscode\\extensions\\uqbar.wollok-lsp-ide-0.5.3\\out\\server\\src\\server.js:7:6189)\n    at ot (c:\\Users\\egoytendia\\.vscode\\extensions\\uqbar.wollok-lsp-ide-0.5.3\\out\\server\\src\\server.js:7:6378)\n    at Immediate._onImmediate (c:\\Users\\egoytendia\\.vscode\\extensions\\uqbar.wollok-lsp-ide-0.5.3\\out\\server\\src\\server.js:7:6142)\n    at process.processImmediate (node:internal/timers:485:21)","timestamp":"2025-12-13T04:30:23.094Z"}
{"level":"info","message":"⌛ Validating parciales/amongUs/nave.wlk","timeElapsed":103,"timestamp":"2025-12-13T04:30:23.290Z"}
{"level":"error","message":"✘ Completions for node Variable ([32:5, 32:15] - parciales/amongUs/nave.wlk) failed: Error: item [Variable]{105231} at parciales/amongUs/nave.wlk:32 exhausted all cases without a match item [Variable]{105231} at parciales/amongUs/nave.wlk:32 exhausted all cases without a match","stack":"Error: item [Variable]{105231} at parciales/amongUs/nave.wlk:32 exhausted all cases without a match\n    at c:\\Users\\egoytendia\\.vscode\\extensions\\uqbar.wollok-lsp-ide-0.5.3\\out\\server\\src\\server.js:38:6142\n    at D2 (c:\\Users\\egoytendia\\.vscode\\extensions\\uqbar.wollok-lsp-ide-0.5.3\\out\\server\\src\\server.js:2384:42)\n    at c:\\Users\\egoytendia\\.vscode\\extensions\\uqbar.wollok-lsp-ide-0.5.3\\out\\server\\src\\server.js:2384:2988\n    at c:\\Users\\egoytendia\\.vscode\\extensions\\uqbar.wollok-lsp-ide-0.5.3\\out\\server\\src\\server.js:2393:8440\n    at c:\\Users\\egoytendia\\.vscode\\extensions\\uqbar.wollok-lsp-ide-0.5.3\\out\\server\\src\\server.js:37:74872\n    at Ye (c:\\Users\\egoytendia\\.vscode\\extensions\\uqbar.wollok-lsp-ide-0.5.3\\out\\server\\src\\server.js:7:8527)\n    at qt (c:\\Users\\egoytendia\\.vscode\\extensions\\uqbar.wollok-lsp-ide-0.5.3\\out\\server\\src\\server.js:7:6189)\n    at ot (c:\\Users\\egoytendia\\.vscode\\extensions\\uqbar.wollok-lsp-ide-0.5.3\\out\\server\\src\\server.js:7:6378)\n    at Immediate._onImmediate (c:\\Users\\egoytendia\\.vscode\\extensions\\uqbar.wollok-lsp-ide-0.5.3\\out\\server\\src\\server.js:7:6142)\n    at process.processImmediate (node:internal/timers:485:21)","timestamp":"2025-12-13T04:30:23.395Z"}
{"level":"info","message":"⌛ Validating parciales/amongUs/nave.wlk","timeElapsed":104,"timestamp":"2025-12-13T04:30:23.502Z"}
{"level":"error","message":"✘ Completions for node Variable ([32:5, 32:16] - parciales/amongUs/nave.wlk) failed: Error: items [Variable]{cc1015} at parciales/amongUs/nave.wlk:32 exhausted all cases without a match items [Variable]{cc1015} at parciales/amongUs/nave.wlk:32 exhausted all cases without a match","stack":"Error: items [Variable]{cc1015} at parciales/amongUs/nave.wlk:32 exhausted all cases without a match\n    at c:\\Users\\egoytendia\\.vscode\\extensions\\uqbar.wollok-lsp-ide-0.5.3\\out\\server\\src\\server.js:38:6142\n    at D2 (c:\\Users\\egoytendia\\.vscode\\extensions\\uqbar.wollok-lsp-ide-0.5.3\\out\\server\\src\\server.js:2384:42)\n    at c:\\Users\\egoytendia\\.vscode\\extensions\\uqbar.wollok-lsp-ide-0.5.3\\out\\server\\src\\server.js:2384:2988\n    at c:\\Users\\egoytendia\\.vscode\\extensions\\uqbar.wollok-lsp-ide-0.5.3\\out\\server\\src\\server.js:2393:8440\n    at c:\\Users\\egoytendia\\.vscode\\extensions\\uqbar.wollok-lsp-ide-0.5.3\\out\\server\\src\\server.js:37:74872\n    at Ye (c:\\Users\\egoytendia\\.vscode\\extensions\\uqbar.wollok-lsp-ide-0.5.3\\out\\server\\src\\server.js:7:8527)\n    at qt (c:\\Users\\egoytendia\\.vscode\\extensions\\uqbar.wollok-lsp-ide-0.5.3\\out\\server\\src\\server.js:7:6189)\n    at ot (c:\\Users\\egoytendia\\.vscode\\extensions\\uqbar.wollok-lsp-ide-0.5.3\\out\\server\\src\\server.js:7:6378)\n    at Immediate._onImmediate (c:\\Users\\egoytendia\\.vscode\\extensions\\uqbar.wollok-lsp-ide-0.5.3\\out\\server\\src\\server.js:7:6142)\n    at process.processImmediate (node:internal/timers:485:21)","timestamp":"2025-12-13T04:30:23.710Z"}
{"level":"info","message":"⌛ Validating parciales/amongUs/nave.wlk","timeElapsed":104,"timestamp":"2025-12-13T04:30:24.273Z"}
{"level":"info","message":"⌛ Building environment","timeElapsed":134,"timestamp":"2025-12-13T04:30:24.602Z"}
{"level":"info","message":"⌛ Validating parciales/amongUs/nave.wlk","timeElapsed":115,"timestamp":"2025-12-13T04:30:24.718Z"}
{"level":"error","message":"✘ Completions for node Variable ([32:5, 32:20] - parciales/amongUs/nave.wlk) failed: Error: items [Variable]{4d58fb} at parciales/amongUs/nave.wlk:32 exhausted all cases without a match items [Variable]{4d58fb} at parciales/amongUs/nave.wlk:32 exhausted all cases without a match","stack":"Error: items [Variable]{4d58fb} at parciales/amongUs/nave.wlk:32 exhausted all cases without a match\n    at c:\\Users\\egoytendia\\.vscode\\extensions\\uqbar.wollok-lsp-ide-0.5.3\\out\\server\\src\\server.js:38:6142\n    at D2 (c:\\Users\\egoytendia\\.vscode\\extensions\\uqbar.wollok-lsp-ide-0.5.3\\out\\server\\src\\server.js:2384:42)\n    at Qh (c:\\Users\\egoytendia\\.vscode\\extensions\\uqbar.wollok-lsp-ide-0.5.3\\out\\server\\src\\server.js:2384:1092)\n    at k6n (c:\\Users\\egoytendia\\.vscode\\extensions\\uqbar.wollok-lsp-ide-0.5.3\\out\\server\\src\\server.js:2384:1248)\n    at c:\\Users\\egoytendia\\.vscode\\extensions\\uqbar.wollok-lsp-ide-0.5.3\\out\\server\\src\\server.js:38:6131\n    at D2 (c:\\Users\\egoytendia\\.vscode\\extensions\\uqbar.wollok-lsp-ide-0.5.3\\out\\server\\src\\server.js:2384:42)\n    at c:\\Users\\egoytendia\\.vscode\\extensions\\uqbar.wollok-lsp-ide-0.5.3\\out\\server\\src\\server.js:2384:2988\n    at c:\\Users\\egoytendia\\.vscode\\extensions\\uqbar.wollok-lsp-ide-0.5.3\\out\\server\\src\\server.js:2393:8440\n    at c:\\Users\\egoytendia\\.vscode\\extensions\\uqbar.wollok-lsp-ide-0.5.3\\out\\server\\src\\server.js:37:74872\n    at Ye (c:\\Users\\egoytendia\\.vscode\\extensions\\uqbar.wollok-lsp-ide-0.5.3\\out\\server\\src\\server.js:7:8527)","timestamp":"2025-12-13T04:30:25.627Z"}
{"level":"info","message":"⌛ Validating parciales/amongUs/nave.wlk","timeElapsed":118,"timestamp":"2025-12-13T04:30:25.752Z"}
{"level":"info","message":"⌛ Building environment","timeElapsed":102,"timestamp":"2025-12-13T04:30:25.931Z"}
{"level":"info","message":"⌛ Validating parciales/amongUs/nave.wlk","timeElapsed":118,"timestamp":"2025-12-13T04:30:26.048Z"}
{"level":"info","message":"⌛ Validating parciales/amongUs/nave.wlk","timeElapsed":103,"timestamp":"2025-12-13T04:30:26.230Z"}
{"level":"error","message":"✘ Completions for node Variable ([32:5, 32:23] - parciales/amongUs/nave.wlk) failed: Error: items [Variable]{7dad9e} at parciales/amongUs/nave.wlk:32 exhausted all cases without a match items [Variable]{7dad9e} at parciales/amongUs/nave.wlk:32 exhausted all cases without a match","stack":"Error: items [Variable]{7dad9e} at parciales/amongUs/nave.wlk:32 exhausted all cases without a match\n    at c:\\Users\\egoytendia\\.vscode\\extensions\\uqbar.wollok-lsp-ide-0.5.3\\out\\server\\src\\server.js:38:6142\n    at D2 (c:\\Users\\egoytendia\\.vscode\\extensions\\uqbar.wollok-lsp-ide-0.5.3\\out\\server\\src\\server.js:2384:42)\n    at Qh (c:\\Users\\egoytendia\\.vscode\\extensions\\uqbar.wollok-lsp-ide-0.5.3\\out\\server\\src\\server.js:2384:1092)\n    at k6n (c:\\Users\\egoytendia\\.vscode\\extensions\\uqbar.wollok-lsp-ide-0.5.3\\out\\server\\src\\server.js:2384:1248)\n    at c:\\Users\\egoytendia\\.vscode\\extensions\\uqbar.wollok-lsp-ide-0.5.3\\out\\server\\src\\server.js:38:6131\n    at D2 (c:\\Users\\egoytendia\\.vscode\\extensions\\uqbar.wollok-lsp-ide-0.5.3\\out\\server\\src\\server.js:2384:42)\n    at c:\\Users\\egoytendia\\.vscode\\extensions\\uqbar.wollok-lsp-ide-0.5.3\\out\\server\\src\\server.js:2384:2988\n    at c:\\Users\\egoytendia\\.vscode\\extensions\\uqbar.wollok-lsp-ide-0.5.3\\out\\server\\src\\server.js:2393:8440\n    at c:\\Users\\egoytendia\\.vscode\\extensions\\uqbar.wollok-lsp-ide-0.5.3\\out\\server\\src\\server.js:37:74872\n    at Ye (c:\\Users\\egoytendia\\.vscode\\extensions\\uqbar.wollok-lsp-ide-0.5.3\\out\\server\\src\\server.js:7:8527)","timestamp":"2025-12-13T04:30:26.258Z"}
{"level":"info","message":"⌛ Validating parciales/amongUs/nave.wlk","timeElapsed":105,"timestamp":"2025-12-13T04:30:26.472Z"}
{"level":"info","message":"⌛ Validating parciales/amongUs/nave.wlk","timeElapsed":101,"timestamp":"2025-12-13T04:30:26.574Z"}
{"level":"info","message":"⌛ Building environment","timeElapsed":102,"timestamp":"2025-12-13T04:30:26.794Z"}
{"level":"error","message":"✘ Completions for node Variable ([32:5, 32:23] - parciales/amongUs/nave.wlk) failed: Error: items [Variable]{411b1b} at parciales/amongUs/nave.wlk:32 exhausted all cases without a match items [Variable]{411b1b} at parciales/amongUs/nave.wlk:32 exhausted all cases without a match","stack":"Error: items [Variable]{411b1b} at parciales/amongUs/nave.wlk:32 exhausted all cases without a match\n    at c:\\Users\\egoytendia\\.vscode\\extensions\\uqbar.wollok-lsp-ide-0.5.3\\out\\server\\src\\server.js:38:6142\n    at D2 (c:\\Users\\egoytendia\\.vscode\\extensions\\uqbar.wollok-lsp-ide-0.5.3\\out\\server\\src\\server.js:2384:42)\n    at Qh (c:\\Users\\egoytendia\\.vscode\\extensions\\uqbar.wollok-lsp-ide-0.5.3\\out\\server\\src\\server.js:2384:1092)\n    at k6n (c:\\Users\\egoytendia\\.vscode\\extensions\\uqbar.wollok-lsp-ide-0.5.3\\out\\server\\src\\server.js:2384:1248)\n    at c:\\Users\\egoytendia\\.vscode\\extensions\\uqbar.wollok-lsp-ide-0.5.3\\out\\server\\src\\server.js:38:6131\n    at D2 (c:\\Users\\egoytendia\\.vscode\\extensions\\uqbar.wollok-lsp-ide-0.5.3\\out\\server\\src\\server.js:2384:42)\n    at c:\\Users\\egoytendia\\.vscode\\extensions\\uqbar.wollok-lsp-ide-0.5.3\\out\\server\\src\\server.js:2384:2988\n    at c:\\Users\\egoytendia\\.vscode\\extensions\\uqbar.wollok-lsp-ide-0.5.3\\out\\server\\src\\server.js:2393:8440\n    at c:\\Users\\egoytendia\\.vscode\\extensions\\uqbar.wollok-lsp-ide-0.5.3\\out\\server\\src\\server.js:37:74872\n    at Ye (c:\\Users\\egoytendia\\.vscode\\extensions\\uqbar.wollok-lsp-ide-0.5.3\\out\\server\\src\\server.js:7:8527)","timestamp":"2025-12-13T04:30:26.826Z"}
{"level":"info","message":"⌛ Validating parciales/amongUs/nave.wlk","timeElapsed":144,"timestamp":"2025-12-13T04:30:26.974Z"}
{"level":"error","message":"✘ Completions for node Variable ([32:5, 32:22] - parciales/amongUs/nave.wlk) failed: Error: items [Variable]{6f5db4} at parciales/amongUs/nave.wlk:32 exhausted all cases without a match items [Variable]{6f5db4} at parciales/amongUs/nave.wlk:32 exhausted all cases without a match","stack":"Error: items [Variable]{6f5db4} at parciales/amongUs/nave.wlk:32 exhausted all cases without a match\n    at c:\\Users\\egoytendia\\.vscode\\extensions\\uqbar.wollok-lsp-ide-0.5.3\\out\\server\\src\\server.js:38:6142\n    at D2 (c:\\Users\\egoytendia\\.vscode\\extensions\\uqbar.wollok-lsp-ide-0.5.3\\out\\server\\src\\server.js:2384:42)\n    at Qh (c:\\Users\\egoytendia\\.vscode\\extensions\\uqbar.wollok-lsp-ide-0.5.3\\out\\server\\src\\server.js:2384:1092)\n    at k6n (c:\\Users\\egoytendia\\.vscode\\extensions\\uqbar.wollok-lsp-ide-0.5.3\\out\\server\\src\\server.js:2384:1248)\n    at c:\\Users\\egoytendia\\.vscode\\extensions\\uqbar.wollok-lsp-ide-0.5.3\\out\\server\\src\\server.js:38:6131\n    at D2 (c:\\Users\\egoytendia\\.vscode\\extensions\\uqbar.wollok-lsp-ide-0.5.3\\out\\server\\src\\server.js:2384:42)\n    at c:\\Users\\egoytendia\\.vscode\\extensions\\uqbar.wollok-lsp-ide-0.5.3\\out\\server\\src\\server.js:2384:2988\n    at c:\\Users\\egoytendia\\.vscode\\extensions\\uqbar.wollok-lsp-ide-0.5.3\\out\\server\\src\\server.js:2393:8440\n    at c:\\Users\\egoytendia\\.vscode\\extensions\\uqbar.wollok-lsp-ide-0.5.3\\out\\server\\src\\server.js:37:74872\n    at Ye (c:\\Users\\egoytendia\\.vscode\\extensions\\uqbar.wollok-lsp-ide-0.5.3\\out\\server\\src\\server.js:7:8527)","timestamp":"2025-12-13T04:30:27.093Z"}
{"level":"error","message":"✘ Completions for node Variable ([32:5, 32:21] - parciales/amongUs/nave.wlk) failed: Error: items [Variable]{3abd56} at parciales/amongUs/nave.wlk:32 exhausted all cases without a match items [Variable]{3abd56} at parciales/amongUs/nave.wlk:32 exhausted all cases without a match","stack":"Error: items [Variable]{3abd56} at parciales/amongUs/nave.wlk:32 exhausted all cases without a match\n    at c:\\Users\\egoytendia\\.vscode\\extensions\\uqbar.wollok-lsp-ide-0.5.3\\out\\server\\src\\server.js:38:6142\n    at D2 (c:\\Users\\egoytendia\\.vscode\\extensions\\uqbar.wollok-lsp-ide-0.5.3\\out\\server\\src\\server.js:2384:42)\n    at Qh (c:\\Users\\egoytendia\\.vscode\\extensions\\uqbar.wollok-lsp-ide-0.5.3\\out\\server\\src\\server.js:2384:1092)\n    at k6n (c:\\Users\\egoytendia\\.vscode\\extensions\\uqbar.wollok-lsp-ide-0.5.3\\out\\server\\src\\server.js:2384:1248)\n    at c:\\Users\\egoytendia\\.vscode\\extensions\\uqbar.wollok-lsp-ide-0.5.3\\out\\server\\src\\server.js:38:6131\n    at D2 (c:\\Users\\egoytendia\\.vscode\\extensions\\uqbar.wollok-lsp-ide-0.5.3\\out\\server\\src\\server.js:2384:42)\n    at c:\\Users\\egoytendia\\.vscode\\extensions\\uqbar.wollok-lsp-ide-0.5.3\\out\\server\\src\\server.js:2384:2988\n    at c:\\Users\\egoytendia\\.vscode\\extensions\\uqbar.wollok-lsp-ide-0.5.3\\out\\server\\src\\server.js:2393:8440\n    at c:\\Users\\egoytendia\\.vscode\\extensions\\uqbar.wollok-lsp-ide-0.5.3\\out\\server\\src\\server.js:37:74872\n    at Ye (c:\\Users\\egoytendia\\.vscode\\extensions\\uqbar.wollok-lsp-ide-0.5.3\\out\\server\\src\\server.js:7:8527)","timestamp":"2025-12-13T04:30:27.216Z"}
{"level":"info","message":"⌛ Validating parciales/amongUs/nave.wlk","timeElapsed":121,"timestamp":"2025-12-13T04:30:27.341Z"}
{"level":"info","message":"⌛ Validating parciales/amongUs/nave.wlk","timeElapsed":127,"timestamp":"2025-12-13T04:30:27.468Z"}
{"level":"error","message":"✘ Completions for node Variable ([32:5, 32:20] - parciales/amongUs/nave.wlk) failed: Error: items [Variable]{e07a68} at parciales/amongUs/nave.wlk:32 exhausted all cases without a match items [Variable]{e07a68} at parciales/amongUs/nave.wlk:32 exhausted all cases without a match","stack":"Error: items [Variable]{e07a68} at parciales/amongUs/nave.wlk:32 exhausted all cases without a match\n    at c:\\Users\\egoytendia\\.vscode\\extensions\\uqbar.wollok-lsp-ide-0.5.3\\out\\server\\src\\server.js:38:6142\n    at D2 (c:\\Users\\egoytendia\\.vscode\\extensions\\uqbar.wollok-lsp-ide-0.5.3\\out\\server\\src\\server.js:2384:42)\n    at Qh (c:\\Users\\egoytendia\\.vscode\\extensions\\uqbar.wollok-lsp-ide-0.5.3\\out\\server\\src\\server.js:2384:1092)\n    at k6n (c:\\Users\\egoytendia\\.vscode\\extensions\\uqbar.wollok-lsp-ide-0.5.3\\out\\server\\src\\server.js:2384:1248)\n    at c:\\Users\\egoytendia\\.vscode\\extensions\\uqbar.wollok-lsp-ide-0.5.3\\out\\server\\src\\server.js:38:6131\n    at D2 (c:\\Users\\egoytendia\\.vscode\\extensions\\uqbar.wollok-lsp-ide-0.5.3\\out\\server\\src\\server.js:2384:42)\n    at c:\\Users\\egoytendia\\.vscode\\extensions\\uqbar.wollok-lsp-ide-0.5.3\\out\\server\\src\\server.js:2384:2988\n    at c:\\Users\\egoytendia\\.vscode\\extensions\\uqbar.wollok-lsp-ide-0.5.3\\out\\server\\src\\server.js:2393:8440\n    at c:\\Users\\egoytendia\\.vscode\\extensions\\uqbar.wollok-lsp-ide-0.5.3\\out\\server\\src\\server.js:37:74872\n    at Ye (c:\\Users\\egoytendia\\.vscode\\extensions\\uqbar.wollok-lsp-ide-0.5.3\\out\\server\\src\\server.js:7:8527)","timestamp":"2025-12-13T04:30:27.597Z"}
{"level":"info","message":"⌛ Building environment","timeElapsed":112,"timestamp":"2025-12-13T04:30:27.721Z"}
{"level":"info","message":"⌛ Validating parciales/amongUs/nave.wlk","timeElapsed":104,"timestamp":"2025-12-13T04:30:27.834Z"}
{"level":"info","message":"⌛ Validating parciales/amongUs/nave.wlk","timeElapsed":106,"timestamp":"2025-12-13T04:30:28.017Z"}
{"level":"info","message":"⌛ Validating parciales/amongUs/nave.wlk","timeElapsed":105,"timestamp":"2025-12-13T04:30:28.127Z"}
{"level":"info","message":"⌛ Validating parciales/amongUs/nave.wlk","timeElapsed":115,"timestamp":"2025-12-13T04:30:28.322Z"}
{"level":"info","message":"⌛ Validating parciales/amongUs/nave.wlk","timeElapsed":103,"timestamp":"2025-12-13T04:30:28.538Z"}
{"level":"info","message":"⌛ Validating parciales/amongUs/nave.wlk","timeElapsed":105,"timestamp":"2025-12-13T04:30:28.979Z"}
{"level":"info","message":"⌛ Validating parciales/amongUs/nave.wlk","timeElapsed":122,"timestamp":"2025-12-13T04:30:29.196Z"}
{"level":"info","message":"⌛ Validating parciales/amongUs/nave.wlk","timeElapsed":107,"timestamp":"2025-12-13T04:30:29.382Z"}
{"level":"info","message":"⌛ Validating parciales/amongUs/nave.wlk","timeElapsed":106,"timestamp":"2025-12-13T04:30:29.678Z"}
{"level":"info","message":"⌛ Validating parciales/amongUs/nave.wlk","timeElapsed":105,"timestamp":"2025-12-13T04:30:30.182Z"}
{"level":"info","message":"⌛ Validating parciales/amongUs/nave.wlk","timeElapsed":114,"timestamp":"2025-12-13T04:30:30.449Z"}
{"level":"info","message":"⌛ Building environment","timeElapsed":196,"timestamp":"2025-12-13T04:30:30.723Z"}
{"level":"info","message":"⌛ Validating parciales/amongUs/nave.wlk","timeElapsed":109,"timestamp":"2025-12-13T04:30:30.871Z"}
{"level":"info","message":"⌛ Validating parciales/amongUs/nave.wlk","timeElapsed":110,"timestamp":"2025-12-13T04:30:31.139Z"}
{"level":"info","message":"⌛ Validating parciales/amongUs/nave.wlk","timeElapsed":105,"timestamp":"2025-12-13T04:30:31.440Z"}
{"level":"info","message":"⌛ Validating parciales/amongUs/nave.wlk","timeElapsed":132,"timestamp":"2025-12-13T04:30:31.574Z"}
{"level":"info","message":"⌛ Validating parciales/amongUs/nave.wlk","timeElapsed":108,"timestamp":"2025-12-13T04:30:31.782Z"}
{"level":"info","message":"⌛ Building environment","timeElapsed":124,"timestamp":"2025-12-13T04:30:32.804Z"}
{"level":"info","message":"⌛ Validating parciales/amongUs/nave.wlk","timeElapsed":101,"timestamp":"2025-12-13T04:30:32.905Z"}
{"level":"info","message":"⌛ Validating parciales/amongUs/nave.wlk","timeElapsed":107,"timestamp":"2025-12-13T04:30:35.960Z"}
{"level":"info","message":"⌛ Building environment","timeElapsed":104,"timestamp":"2025-12-13T04:30:38.332Z"}
{"level":"info","message":"⌛ Validating parciales/amongUs/nave.wlk","timeElapsed":132,"timestamp":"2025-12-13T04:30:38.522Z"}
{"level":"info","message":"⌛ Validating parciales/amongUs/nave.wlk","timeElapsed":111,"timestamp":"2025-12-13T04:30:38.813Z"}
{"level":"info","message":"⌛ Validating parciales/amongUs/nave.wlk","timeElapsed":110,"timestamp":"2025-12-13T04:30:39.000Z"}
{"level":"info","message":"⌛ Validating parciales/amongUs/nave.wlk","timeElapsed":107,"timestamp":"2025-12-13T04:30:39.184Z"}
{"level":"info","message":"⌛ Validating parciales/amongUs/nave.wlk","timeElapsed":129,"timestamp":"2025-12-13T04:30:39.739Z"}
{"level":"info","message":"⌛ Validating parciales/amongUs/nave.wlk","timeElapsed":103,"timestamp":"2025-12-13T04:30:40.903Z"}
{"level":"info","message":"⌛ Building environment","timeElapsed":144,"timestamp":"2025-12-13T04:30:41.611Z"}
{"level":"info","message":"⌛ Validating parciales/amongUs/nave.wlk","timeElapsed":113,"timestamp":"2025-12-13T04:30:41.755Z"}
{"level":"info","message":"⌛ Validating parciales/amongUs/nave.wlk","timeElapsed":110,"timestamp":"2025-12-13T04:30:41.950Z"}
{"level":"info","message":"⌛ Validating parciales/amongUs/nave.wlk","timeElapsed":117,"timestamp":"2025-12-13T04:30:42.326Z"}
{"level":"info","message":"⌛ Validating parciales/amongUs/nave.wlk","timeElapsed":106,"timestamp":"2025-12-13T04:30:42.433Z"}
{"level":"info","message":"⌛ Validating parciales/amongUs/nave.wlk","timeElapsed":104,"timestamp":"2025-12-13T04:30:42.614Z"}
{"level":"info","message":"⌛ Validating parciales/amongUs/nave.wlk","timeElapsed":102,"timestamp":"2025-12-13T04:30:43.164Z"}
{"level":"info","message":"⌛ Validating parciales/amongUs/nave.wlk","timeElapsed":105,"timestamp":"2025-12-13T04:30:43.451Z"}
{"level":"error","message":"✘ Completions for node Send ([33:5, 33:22] - parciales/amongUs/nave.wlk) failed: Error: [Send]{a690da} at parciales/amongUs/nave.wlk:33 exhausted all cases without a match [Send]{a690da} at parciales/amongUs/nave.wlk:33 exhausted all cases without a match","stack":"Error: [Send]{a690da} at parciales/amongUs/nave.wlk:33 exhausted all cases without a match\n    at c:\\Users\\egoytendia\\.vscode\\extensions\\uqbar.wollok-lsp-ide-0.5.3\\out\\server\\src\\server.js:38:6142\n    at D2 (c:\\Users\\egoytendia\\.vscode\\extensions\\uqbar.wollok-lsp-ide-0.5.3\\out\\server\\src\\server.js:2384:42)\n    at Qh (c:\\Users\\egoytendia\\.vscode\\extensions\\uqbar.wollok-lsp-ide-0.5.3\\out\\server\\src\\server.js:2384:1092)\n    at k6n (c:\\Users\\egoytendia\\.vscode\\extensions\\uqbar.wollok-lsp-ide-0.5.3\\out\\server\\src\\server.js:2384:1248)\n    at c:\\Users\\egoytendia\\.vscode\\extensions\\uqbar.wollok-lsp-ide-0.5.3\\out\\server\\src\\server.js:38:6131\n    at D2 (c:\\Users\\egoytendia\\.vscode\\extensions\\uqbar.wollok-lsp-ide-0.5.3\\out\\server\\src\\server.js:2384:42)\n    at c:\\Users\\egoytendia\\.vscode\\extensions\\uqbar.wollok-lsp-ide-0.5.3\\out\\server\\src\\server.js:2384:2988\n    at c:\\Users\\egoytendia\\.vscode\\extensions\\uqbar.wollok-lsp-ide-0.5.3\\out\\server\\src\\server.js:2393:8440\n    at c:\\Users\\egoytendia\\.vscode\\extensions\\uqbar.wollok-lsp-ide-0.5.3\\out\\server\\src\\server.js:37:74872\n    at Ye (c:\\Users\\egoytendia\\.vscode\\extensions\\uqbar.wollok-lsp-ide-0.5.3\\out\\server\\src\\server.js:7:8527)","timestamp":"2025-12-13T04:30:45.606Z"}
{"level":"info","message":"⌛ Validating parciales/amongUs/nave.wlk","timeElapsed":109,"timestamp":"2025-12-13T04:30:45.720Z"}
{"level":"info","message":"⌛ Building environment","timeElapsed":255,"timestamp":"2025-12-13T04:30:46.058Z"}
{"level":"info","message":"⌛ Validating parciales/amongUs/nave.wlk","timeElapsed":102,"timestamp":"2025-12-13T04:30:46.246Z"}
{"level":"error","message":"✘ Completions for node Parameter ([31:23, 31:24] - parciales/amongUs/nave.wlk) failed: Error: [Parameter]{0f644c} at parciales/amongUs/nave.wlk:31 exhausted all cases without a match [Parameter]{0f644c} at parciales/amongUs/nave.wlk:31 exhausted all cases without a match","stack":"Error: [Parameter]{0f644c} at parciales/amongUs/nave.wlk:31 exhausted all cases without a match\n    at c:\\Users\\egoytendia\\.vscode\\extensions\\uqbar.wollok-lsp-ide-0.5.3\\out\\server\\src\\server.js:38:6142\n    at D2 (c:\\Users\\egoytendia\\.vscode\\extensions\\uqbar.wollok-lsp-ide-0.5.3\\out\\server\\src\\server.js:2384:42)\n    at c:\\Users\\egoytendia\\.vscode\\extensions\\uqbar.wollok-lsp-ide-0.5.3\\out\\server\\src\\server.js:2384:2988\n    at c:\\Users\\egoytendia\\.vscode\\extensions\\uqbar.wollok-lsp-ide-0.5.3\\out\\server\\src\\server.js:2393:8440\n    at c:\\Users\\egoytendia\\.vscode\\extensions\\uqbar.wollok-lsp-ide-0.5.3\\out\\server\\src\\server.js:37:74872\n    at Ye (c:\\Users\\egoytendia\\.vscode\\extensions\\uqbar.wollok-lsp-ide-0.5.3\\out\\server\\src\\server.js:7:8527)\n    at qt (c:\\Users\\egoytendia\\.vscode\\extensions\\uqbar.wollok-lsp-ide-0.5.3\\out\\server\\src\\server.js:7:6189)\n    at ot (c:\\Users\\egoytendia\\.vscode\\extensions\\uqbar.wollok-lsp-ide-0.5.3\\out\\server\\src\\server.js:7:6378)\n    at Immediate._onImmediate (c:\\Users\\egoytendia\\.vscode\\extensions\\uqbar.wollok-lsp-ide-0.5.3\\out\\server\\src\\server.js:7:6142)\n    at process.processImmediate (node:internal/timers:485:21)","timestamp":"2025-12-13T04:30:48.559Z"}
{"level":"info","message":"⌛ Validating parciales/amongUs/nave.wlk","timeElapsed":125,"timestamp":"2025-12-13T04:30:48.693Z"}
{"level":"info","message":"⌛ Building environment","timeElapsed":114,"timestamp":"2025-12-13T04:30:48.807Z"}
{"level":"error","message":"✘ Completions for node Parameter ([31:23, 31:25] - parciales/amongUs/nave.wlk) failed: Error: [Parameter]{5ee01a} at parciales/amongUs/nave.wlk:31 exhausted all cases without a match [Parameter]{5ee01a} at parciales/amongUs/nave.wlk:31 exhausted all cases without a match","stack":"Error: [Parameter]{5ee01a} at parciales/amongUs/nave.wlk:31 exhausted all cases without a match\n    at c:\\Users\\egoytendia\\.vscode\\extensions\\uqbar.wollok-lsp-ide-0.5.3\\out\\server\\src\\server.js:38:6142\n    at D2 (c:\\Users\\egoytendia\\.vscode\\extensions\\uqbar.wollok-lsp-ide-0.5.3\\out\\server\\src\\server.js:2384:42)\n    at c:\\Users\\egoytendia\\.vscode\\extensions\\uqbar.wollok-lsp-ide-0.5.3\\out\\server\\src\\server.js:2384:2988\n    at c:\\Users\\egoytendia\\.vscode\\extensions\\uqbar.wollok-lsp-ide-0.5.3\\out\\server\\src\\server.js:2393:8440\n    at c:\\Users\\egoytendia\\.vscode\\extensions\\uqbar.wollok-lsp-ide-0.5.3\\out\\server\\src\\server.js:37:74872\n    at Ye (c:\\Users\\egoytendia\\.vscode\\extensions\\uqbar.wollok-lsp-ide-0.5.3\\out\\server\\src\\server.js:7:8527)\n    at qt (c:\\Users\\egoytendia\\.vscode\\extensions\\uqbar.wollok-lsp-ide-0.5.3\\out\\server\\src\\server.js:7:6189)\n    at ot (c:\\Users\\egoytendia\\.vscode\\extensions\\uqbar.wollok-lsp-ide-0.5.3\\out\\server\\src\\server.js:7:6378)\n    at Immediate._onImmediate (c:\\Users\\egoytendia\\.vscode\\extensions\\uqbar.wollok-lsp-ide-0.5.3\\out\\server\\src\\server.js:7:6142)\n    at process.processImmediate (node:internal/timers:485:21)","timestamp":"2025-12-13T04:30:48.833Z"}
{"level":"info","message":"⌛ Building environment","timeElapsed":133,"timestamp":"2025-12-13T04:30:49.052Z"}
{"level":"info","message":"⌛ Validating parciales/amongUs/nave.wlk","timeElapsed":115,"timestamp":"2025-12-13T04:30:49.167Z"}
{"level":"info","message":"⌛ Validating parciales/amongUs/nave.wlk","timeElapsed":107,"timestamp":"2025-12-13T04:30:49.381Z"}
{"level":"info","message":"⌛ Validating parciales/amongUs/nave.wlk","timeElapsed":105,"timestamp":"2025-12-13T04:30:50.146Z"}
{"level":"info","message":"⌛ Validating parciales/amongUs/nave.wlk","timeElapsed":114,"timestamp":"2025-12-13T04:30:50.937Z"}
{"level":"info","message":"⌛ Validating parciales/amongUs/nave.wlk","timeElapsed":105,"timestamp":"2025-12-13T04:30:51.745Z"}
{"level":"info","message":"⌛ Validating parciales/amongUs/nave.wlk","timeElapsed":108,"timestamp":"2025-12-13T04:30:51.950Z"}
{"level":"info","message":"⌛ Validating parciales/amongUs/nave.wlk","timeElapsed":104,"timestamp":"2025-12-13T04:30:52.350Z"}
{"level":"info","message":"⌛ Validating parciales/amongUs/nave.wlk","timeElapsed":103,"timestamp":"2025-12-13T04:30:52.743Z"}
{"level":"info","message":"⌛ Building environment","timeElapsed":138,"timestamp":"2025-12-13T04:30:53.344Z"}
{"level":"info","message":"⌛ Validating parciales/amongUs/nave.wlk","timeElapsed":111,"timestamp":"2025-12-13T04:30:53.455Z"}
{"level":"info","message":"⌛ Validating parciales/amongUs/nave.wlk","timeElapsed":102,"timestamp":"2025-12-13T04:30:53.667Z"}
{"level":"info","message":"⌛ Validating parciales/amongUs/nave.wlk","timeElapsed":135,"timestamp":"2025-12-13T04:30:53.877Z"}
{"level":"info","message":"⌛ Validating parciales/amongUs/nave.wlk","timeElapsed":103,"timestamp":"2025-12-13T04:30:54.178Z"}
{"level":"info","message":"⌛ Building environment","timeElapsed":161,"timestamp":"2025-12-13T04:30:55.211Z"}
{"level":"info","message":"⌛ Validating parciales/amongUs/nave.wlk","timeElapsed":102,"timestamp":"2025-12-13T04:30:55.348Z"}
{"level":"error","message":"✘ Failed to rebuild document Failed to parse parciales/amongUs/nave.wlk: \n-- PARSING FAILED --------------------------------------------------\n\n  34 |   }\n  35 | \n> 36 |   method () {\n     |          ^\n  37 |     \n  38 |   }\n\nExpected one of the following: \n\n'!=', '!==', '%', '&&', '*', '**', '+', '-', '->', '..', '..<', '/', '<', '<<', '<<<', '<=', '<=>', '<>', '==', '===', '>', '>..', '>=', '>>', '>>>', '?:', 'and', 'invert', 'negate', 'or', 'plus', '||', identifier, whitespace\n","stack":"Error: Failed to parse parciales/amongUs/nave.wlk: \n-- PARSING FAILED --------------------------------------------------\n\n  34 |   }\n  35 | \n> 36 |   method () {\n     |          ^\n  37 |     \n  38 |   }\n\nExpected one of the following: \n\n'!=', '!==', '%', '&&', '*', '**', '+', '-', '->', '..', '..<', '/', '<', '<<', '<<<', '<=', '<=>', '<>', '==', '===', '>', '>..', '>=', '>>', '>>>', '?:', 'and', 'invert', 'negate', 'or', 'plus', '||', identifier, whitespace\n\n    at c:\\Users\\egoytendia\\.vscode\\extensions\\uqbar.wollok-lsp-ide-0.5.3\\out\\server\\src\\server.js:2348:13026\n    at Array.map (<anonymous>)\n    at W1n (c:\\Users\\egoytendia\\.vscode\\extensions\\uqbar.wollok-lsp-ide-0.5.3\\out\\server\\src\\server.js:2348:12950)\n    at U2.buildEnvironmentFrom (c:\\Users\\egoytendia\\.vscode\\extensions\\uqbar.wollok-lsp-ide-0.5.3\\out\\server\\src\\server.js:2393:5254)\n    at U2.updateEnvironmentWith (c:\\Users\\egoytendia\\.vscode\\extensions\\uqbar.wollok-lsp-ide-0.5.3\\out\\server\\src\\server.js:2393:4989)\n    at JF (c:\\Users\\egoytendia\\.vscode\\extensions\\uqbar.wollok-lsp-ide-0.5.3\\out\\server\\src\\server.js:2393:7383)\n    at F3.invoke (c:\\Users\\egoytendia\\.vscode\\extensions\\uqbar.wollok-lsp-ide-0.5.3\\out\\server\\src\\server.js:3:157334)\n    at o.fire (c:\\Users\\egoytendia\\.vscode\\extensions\\uqbar.wollok-lsp-ide-0.5.3\\out\\server\\src\\server.js:3:158104)\n    at c:\\Users\\egoytendia\\.vscode\\extensions\\uqbar.wollok-lsp-ide-0.5.3\\out\\server\\src\\server.js:37:57871\n    at Zr (c:\\Users\\egoytendia\\.vscode\\extensions\\uqbar.wollok-lsp-ide-0.5.3\\out\\server\\src\\server.js:8:1561)","timestamp":"2025-12-13T04:30:55.434Z"}
{"level":"info","message":"⌛ Validating parciales/amongUs/nave.wlk","timeElapsed":105,"timestamp":"2025-12-13T04:30:56.492Z"}
{"level":"info","message":"⌛ Validating parciales/amongUs/nave.wlk","timeElapsed":104,"timestamp":"2025-12-13T04:30:56.793Z"}
{"level":"info","message":"⌛ Validating parciales/amongUs/nave.wlk","timeElapsed":101,"timestamp":"2025-12-13T04:30:57.166Z"}
{"level":"info","message":"⌛ Validating parciales/amongUs/nave.wlk","timeElapsed":108,"timestamp":"2025-12-13T04:30:58.131Z"}
{"level":"info","message":"⌛ Validating parciales/amongUs/nave.wlk","timeElapsed":107,"timestamp":"2025-12-13T04:30:58.342Z"}
{"level":"info","message":"⌛ Validating parciales/amongUs/nave.wlk","timeElapsed":106,"timestamp":"2025-12-13T04:30:58.642Z"}
{"level":"info","message":"⌛ Validating parciales/amongUs/nave.wlk","timeElapsed":109,"timestamp":"2025-12-13T04:30:58.859Z"}
{"level":"info","message":"⌛ Validating parciales/amongUs/nave.wlk","timeElapsed":192,"timestamp":"2025-12-13T04:30:59.131Z"}
{"level":"info","message":"⌛ Building environment","timeElapsed":170,"timestamp":"2025-12-13T04:30:59.381Z"}
{"level":"info","message":"⌛ Building environment","timeElapsed":192,"timestamp":"2025-12-13T04:30:59.699Z"}
{"level":"info","message":"⌛ Validating parciales/amongUs/nave.wlk","timeElapsed":137,"timestamp":"2025-12-13T04:30:59.838Z"}
{"level":"info","message":"⌛ Building environment","timeElapsed":110,"timestamp":"2025-12-13T04:31:01.153Z"}
{"level":"info","message":"⌛ Validating parciales/amongUs/nave.wlk","timeElapsed":109,"timestamp":"2025-12-13T04:31:01.381Z"}
{"level":"info","message":"⌛ Validating parciales/amongUs/nave.wlk","timeElapsed":106,"timestamp":"2025-12-13T04:31:01.586Z"}
{"level":"info","message":"⌛ Building environment","timeElapsed":117,"timestamp":"2025-12-13T04:31:01.928Z"}
{"level":"info","message":"⌛ Validating parciales/amongUs/nave.wlk","timeElapsed":104,"timestamp":"2025-12-13T04:31:02.338Z"}
{"level":"info","message":"⌛ Validating parciales/amongUs/nave.wlk","timeElapsed":109,"timestamp":"2025-12-13T04:31:02.523Z"}
{"level":"info","message":"⌛ Validating parciales/amongUs/nave.wlk","timeElapsed":103,"timestamp":"2025-12-13T04:31:02.626Z"}
{"level":"error","message":"✘ Completions for node Return ([37:5, 37:13] - parciales/amongUs/nave.wlk) failed: Error: [Return]{3317bd} at parciales/amongUs/nave.wlk:37 exhausted all cases without a match [Return]{3317bd} at parciales/amongUs/nave.wlk:37 exhausted all cases without a match","stack":"Error: [Return]{3317bd} at parciales/amongUs/nave.wlk:37 exhausted all cases without a match\n    at c:\\Users\\egoytendia\\.vscode\\extensions\\uqbar.wollok-lsp-ide-0.5.3\\out\\server\\src\\server.js:38:6142\n    at D2 (c:\\Users\\egoytendia\\.vscode\\extensions\\uqbar.wollok-lsp-ide-0.5.3\\out\\server\\src\\server.js:2384:42)\n    at Qh (c:\\Users\\egoytendia\\.vscode\\extensions\\uqbar.wollok-lsp-ide-0.5.3\\out\\server\\src\\server.js:2384:1092)\n    at k6n (c:\\Users\\egoytendia\\.vscode\\extensions\\uqbar.wollok-lsp-ide-0.5.3\\out\\server\\src\\server.js:2384:1248)\n    at c:\\Users\\egoytendia\\.vscode\\extensions\\uqbar.wollok-lsp-ide-0.5.3\\out\\server\\src\\server.js:38:6131\n    at D2 (c:\\Users\\egoytendia\\.vscode\\extensions\\uqbar.wollok-lsp-ide-0.5.3\\out\\server\\src\\server.js:2384:42)\n    at c:\\Users\\egoytendia\\.vscode\\extensions\\uqbar.wollok-lsp-ide-0.5.3\\out\\server\\src\\server.js:2384:2988\n    at c:\\Users\\egoytendia\\.vscode\\extensions\\uqbar.wollok-lsp-ide-0.5.3\\out\\server\\src\\server.js:2393:8440\n    at c:\\Users\\egoytendia\\.vscode\\extensions\\uqbar.wollok-lsp-ide-0.5.3\\out\\server\\src\\server.js:37:74872\n    at Ye (c:\\Users\\egoytendia\\.vscode\\extensions\\uqbar.wollok-lsp-ide-0.5.3\\out\\server\\src\\server.js:7:8527)","timestamp":"2025-12-13T04:31:05.697Z"}
{"level":"info","message":"⌛ Validating parciales/amongUs/nave.wlk","timeElapsed":102,"timestamp":"2025-12-13T04:31:05.803Z"}
{"level":"info","message":"⌛ Building environment","timeElapsed":133,"timestamp":"2025-12-13T04:31:06.018Z"}
{"level":"info","message":"⌛ Validating parciales/amongUs/nave.wlk","timeElapsed":106,"timestamp":"2025-12-13T04:31:06.123Z"}
{"level":"info","message":"⌛ Validating parciales/amongUs/nave.wlk","timeElapsed":126,"timestamp":"2025-12-13T04:31:06.329Z"}
{"level":"info","message":"⌛ Validating parciales/amongUs/nave.wlk","timeElapsed":110,"timestamp":"2025-12-13T04:31:06.439Z"}
{"level":"info","message":"⌛ Validating parciales/amongUs/nave.wlk","timeElapsed":105,"timestamp":"2025-12-13T04:31:06.628Z"}
{"level":"info","message":"⌛ Validating parciales/amongUs/nave.wlk","timeElapsed":104,"timestamp":"2025-12-13T04:31:06.936Z"}
{"level":"info","message":"⌛ Validating parciales/amongUs/nave.wlk","timeElapsed":112,"timestamp":"2025-12-13T04:31:11.264Z"}
{"level":"info","message":"⌛ Validating parciales/amongUs/nave.wlk","timeElapsed":108,"timestamp":"2025-12-13T04:31:11.638Z"}
{"level":"info","message":"⌛ Validating parciales/amongUs/nave.wlk","timeElapsed":102,"timestamp":"2025-12-13T04:31:12.916Z"}
{"level":"info","message":"⌛ Validating parciales/amongUs/nave.wlk","timeElapsed":103,"timestamp":"2025-12-13T04:31:13.569Z"}
{"level":"info","message":"⌛ Validating parciales/amongUs/nave.wlk","timeElapsed":122,"timestamp":"2025-12-13T04:31:14.420Z"}
{"level":"info","message":"⌛ Validating parciales/amongUs/nave.wlk","timeElapsed":109,"timestamp":"2025-12-13T04:31:15.587Z"}
{"level":"info","message":"⌛ Building environment","timeElapsed":231,"timestamp":"2025-12-13T04:31:15.818Z"}
{"level":"info","message":"⌛ Validating parciales/amongUs/nave.wlk","timeElapsed":106,"timestamp":"2025-12-13T04:31:15.929Z"}
{"level":"error","message":"✘ Completions for node Return (undefined - parciales/amongUs/nave.wlk) failed: Error: [Return]{2a3eff} at parciales/amongUs/nave.wlk:-- exhausted all cases without a match [Return]{2a3eff} at parciales/amongUs/nave.wlk:-- exhausted all cases without a match","stack":"Error: [Return]{2a3eff} at parciales/amongUs/nave.wlk:-- exhausted all cases without a match\n    at c:\\Users\\egoytendia\\.vscode\\extensions\\uqbar.wollok-lsp-ide-0.5.3\\out\\server\\src\\server.js:38:6142\n    at D2 (c:\\Users\\egoytendia\\.vscode\\extensions\\uqbar.wollok-lsp-ide-0.5.3\\out\\server\\src\\server.js:2384:42)\n    at Qh (c:\\Users\\egoytendia\\.vscode\\extensions\\uqbar.wollok-lsp-ide-0.5.3\\out\\server\\src\\server.js:2384:1092)\n    at k6n (c:\\Users\\egoytendia\\.vscode\\extensions\\uqbar.wollok-lsp-ide-0.5.3\\out\\server\\src\\server.js:2384:1248)\n    at c:\\Users\\egoytendia\\.vscode\\extensions\\uqbar.wollok-lsp-ide-0.5.3\\out\\server\\src\\server.js:38:6131\n    at D2 (c:\\Users\\egoytendia\\.vscode\\extensions\\uqbar.wollok-lsp-ide-0.5.3\\out\\server\\src\\server.js:2384:42)\n    at c:\\Users\\egoytendia\\.vscode\\extensions\\uqbar.wollok-lsp-ide-0.5.3\\out\\server\\src\\server.js:2384:2988\n    at c:\\Users\\egoytendia\\.vscode\\extensions\\uqbar.wollok-lsp-ide-0.5.3\\out\\server\\src\\server.js:2393:8440\n    at c:\\Users\\egoytendia\\.vscode\\extensions\\uqbar.wollok-lsp-ide-0.5.3\\out\\server\\src\\server.js:37:74872\n    at Ye (c:\\Users\\egoytendia\\.vscode\\extensions\\uqbar.wollok-lsp-ide-0.5.3\\out\\server\\src\\server.js:7:8527)","timestamp":"2025-12-13T04:31:19.350Z"}
{"level":"info","message":"⌛ Validating parciales/amongUs/nave.wlk","timeElapsed":131,"timestamp":"2025-12-13T04:31:19.572Z"}
{"level":"info","message":"⌛ Building environment","timeElapsed":103,"timestamp":"2025-12-13T04:31:19.675Z"}
{"level":"info","message":"⌛ Validating parciales/amongUs/nave.wlk","timeElapsed":107,"timestamp":"2025-12-13T04:31:19.783Z"}
{"level":"info","message":"⌛ Building environment","timeElapsed":124,"timestamp":"2025-12-13T04:31:19.910Z"}
{"level":"info","message":"⌛ Validating parciales/amongUs/nave.wlk","timeElapsed":116,"timestamp":"2025-12-13T04:31:20.119Z"}
{"level":"info","message":"⌛ Validating parciales/amongUs/nave.wlk","timeElapsed":120,"timestamp":"2025-12-13T04:31:20.335Z"}
{"level":"info","message":"⌛ Validating parciales/amongUs/nave.wlk","timeElapsed":108,"timestamp":"2025-12-13T04:31:20.520Z"}
{"level":"info","message":"⌛ Validating parciales/amongUs/nave.wlk","timeElapsed":106,"timestamp":"2025-12-13T04:31:20.631Z"}
{"level":"info","message":"⌛ Validating parciales/amongUs/nave.wlk","timeElapsed":107,"timestamp":"2025-12-13T04:31:20.822Z"}
{"level":"info","message":"⌛ Validating parciales/amongUs/nave.wlk","timeElapsed":102,"timestamp":"2025-12-13T04:31:20.931Z"}
{"level":"info","message":"⌛ Validating parciales/amongUs/nave.wlk","timeElapsed":106,"timestamp":"2025-12-13T04:31:21.117Z"}
{"level":"info","message":"⌛ Building environment","timeElapsed":117,"timestamp":"2025-12-13T04:31:21.581Z"}
{"level":"info","message":"⌛ Validating parciales/amongUs/nave.wlk","timeElapsed":103,"timestamp":"2025-12-13T04:31:21.685Z"}
{"level":"info","message":"⌛ Validating parciales/amongUs/nave.wlk","timeElapsed":103,"timestamp":"2025-12-13T04:31:22.084Z"}
{"level":"error","message":"✘ Completions for node Return (undefined - parciales/amongUs/nave.wlk) failed: Error: [Return]{d5734e} at parciales/amongUs/nave.wlk:-- exhausted all cases without a match [Return]{d5734e} at parciales/amongUs/nave.wlk:-- exhausted all cases without a match","stack":"Error: [Return]{d5734e} at parciales/amongUs/nave.wlk:-- exhausted all cases without a match\n    at c:\\Users\\egoytendia\\.vscode\\extensions\\uqbar.wollok-lsp-ide-0.5.3\\out\\server\\src\\server.js:38:6142\n    at D2 (c:\\Users\\egoytendia\\.vscode\\extensions\\uqbar.wollok-lsp-ide-0.5.3\\out\\server\\src\\server.js:2384:42)\n    at Qh (c:\\Users\\egoytendia\\.vscode\\extensions\\uqbar.wollok-lsp-ide-0.5.3\\out\\server\\src\\server.js:2384:1092)\n    at k6n (c:\\Users\\egoytendia\\.vscode\\extensions\\uqbar.wollok-lsp-ide-0.5.3\\out\\server\\src\\server.js:2384:1248)\n    at c:\\Users\\egoytendia\\.vscode\\extensions\\uqbar.wollok-lsp-ide-0.5.3\\out\\server\\src\\server.js:38:6131\n    at D2 (c:\\Users\\egoytendia\\.vscode\\extensions\\uqbar.wollok-lsp-ide-0.5.3\\out\\server\\src\\server.js:2384:42)\n    at c:\\Users\\egoytendia\\.vscode\\extensions\\uqbar.wollok-lsp-ide-0.5.3\\out\\server\\src\\server.js:2384:2988\n    at c:\\Users\\egoytendia\\.vscode\\extensions\\uqbar.wollok-lsp-ide-0.5.3\\out\\server\\src\\server.js:2393:8440\n    at c:\\Users\\egoytendia\\.vscode\\extensions\\uqbar.wollok-lsp-ide-0.5.3\\out\\server\\src\\server.js:37:74872\n    at Ye (c:\\Users\\egoytendia\\.vscode\\extensions\\uqbar.wollok-lsp-ide-0.5.3\\out\\server\\src\\server.js:7:8527)","timestamp":"2025-12-13T04:31:22.216Z"}
{"level":"info","message":"⌛ Validating parciales/amongUs/nave.wlk","timeElapsed":107,"timestamp":"2025-12-13T04:31:22.332Z"}
{"level":"info","message":"⌛ Validating parciales/amongUs/nave.wlk","timeElapsed":106,"timestamp":"2025-12-13T04:31:22.781Z"}
{"level":"info","message":"⌛ Building environment","timeElapsed":112,"timestamp":"2025-12-13T04:31:23.323Z"}
{"level":"info","message":"⌛ Validating parciales/amongUs/nave.wlk","timeElapsed":107,"timestamp":"2025-12-13T04:31:23.462Z"}
{"level":"info","message":"⌛ Building environment","timeElapsed":132,"timestamp":"2025-12-13T04:31:26.098Z"}
{"level":"info","message":"⌛ Validating parciales/amongUs/nave.wlk","timeElapsed":108,"timestamp":"2025-12-13T04:31:26.305Z"}
{"level":"info","message":"⌛ Validating parciales/amongUs/nave.wlk","timeElapsed":109,"timestamp":"2025-12-13T04:31:26.494Z"}
{"level":"error","message":"✘ Completions for node Return (undefined - parciales/amongUs/nave.wlk) failed: Error: [Return]{e718aa} at parciales/amongUs/nave.wlk:-- exhausted all cases without a match [Return]{e718aa} at parciales/amongUs/nave.wlk:-- exhausted all cases without a match","stack":"Error: [Return]{e718aa} at parciales/amongUs/nave.wlk:-- exhausted all cases without a match\n    at c:\\Users\\egoytendia\\.vscode\\extensions\\uqbar.wollok-lsp-ide-0.5.3\\out\\server\\src\\server.js:38:6142\n    at D2 (c:\\Users\\egoytendia\\.vscode\\extensions\\uqbar.wollok-lsp-ide-0.5.3\\out\\server\\src\\server.js:2384:42)\n    at Qh (c:\\Users\\egoytendia\\.vscode\\extensions\\uqbar.wollok-lsp-ide-0.5.3\\out\\server\\src\\server.js:2384:1092)\n    at k6n (c:\\Users\\egoytendia\\.vscode\\extensions\\uqbar.wollok-lsp-ide-0.5.3\\out\\server\\src\\server.js:2384:1248)\n    at c:\\Users\\egoytendia\\.vscode\\extensions\\uqbar.wollok-lsp-ide-0.5.3\\out\\server\\src\\server.js:38:6131\n    at D2 (c:\\Users\\egoytendia\\.vscode\\extensions\\uqbar.wollok-lsp-ide-0.5.3\\out\\server\\src\\server.js:2384:42)\n    at c:\\Users\\egoytendia\\.vscode\\extensions\\uqbar.wollok-lsp-ide-0.5.3\\out\\server\\src\\server.js:2384:2988\n    at c:\\Users\\egoytendia\\.vscode\\extensions\\uqbar.wollok-lsp-ide-0.5.3\\out\\server\\src\\server.js:2393:8440\n    at c:\\Users\\egoytendia\\.vscode\\extensions\\uqbar.wollok-lsp-ide-0.5.3\\out\\server\\src\\server.js:37:74872\n    at Ye (c:\\Users\\egoytendia\\.vscode\\extensions\\uqbar.wollok-lsp-ide-0.5.3\\out\\server\\src\\server.js:7:8527)","timestamp":"2025-12-13T04:31:26.599Z"}
{"level":"error","message":"✘ Completions for node Return (undefined - parciales/amongUs/nave.wlk) failed: Error: [Return]{47ebd6} at parciales/amongUs/nave.wlk:-- exhausted all cases without a match [Return]{47ebd6} at parciales/amongUs/nave.wlk:-- exhausted all cases without a match","stack":"Error: [Return]{47ebd6} at parciales/amongUs/nave.wlk:-- exhausted all cases without a match\n    at c:\\Users\\egoytendia\\.vscode\\extensions\\uqbar.wollok-lsp-ide-0.5.3\\out\\server\\src\\server.js:38:6142\n    at D2 (c:\\Users\\egoytendia\\.vscode\\extensions\\uqbar.wollok-lsp-ide-0.5.3\\out\\server\\src\\server.js:2384:42)\n    at Qh (c:\\Users\\egoytendia\\.vscode\\extensions\\uqbar.wollok-lsp-ide-0.5.3\\out\\server\\src\\server.js:2384:1092)\n    at k6n (c:\\Users\\egoytendia\\.vscode\\extensions\\uqbar.wollok-lsp-ide-0.5.3\\out\\server\\src\\server.js:2384:1248)\n    at c:\\Users\\egoytendia\\.vscode\\extensions\\uqbar.wollok-lsp-ide-0.5.3\\out\\server\\src\\server.js:38:6131\n    at D2 (c:\\Users\\egoytendia\\.vscode\\extensions\\uqbar.wollok-lsp-ide-0.5.3\\out\\server\\src\\server.js:2384:42)\n    at c:\\Users\\egoytendia\\.vscode\\extensions\\uqbar.wollok-lsp-ide-0.5.3\\out\\server\\src\\server.js:2384:2988\n    at c:\\Users\\egoytendia\\.vscode\\extensions\\uqbar.wollok-lsp-ide-0.5.3\\out\\server\\src\\server.js:2393:8440\n    at c:\\Users\\egoytendia\\.vscode\\extensions\\uqbar.wollok-lsp-ide-0.5.3\\out\\server\\src\\server.js:37:74872\n    at Ye (c:\\Users\\egoytendia\\.vscode\\extensions\\uqbar.wollok-lsp-ide-0.5.3\\out\\server\\src\\server.js:7:8527)","timestamp":"2025-12-13T04:31:27.540Z"}
{"level":"info","message":"⌛ Validating parciales/amongUs/nave.wlk","timeElapsed":109,"timestamp":"2025-12-13T04:31:27.659Z"}
{"level":"error","message":"✘ Completions for node Return (undefined - parciales/amongUs/nave.wlk) failed: Error: [Return]{1c8bf6} at parciales/amongUs/nave.wlk:-- exhausted all cases without a match [Return]{1c8bf6} at parciales/amongUs/nave.wlk:-- exhausted all cases without a match","stack":"Error: [Return]{1c8bf6} at parciales/amongUs/nave.wlk:-- exhausted all cases without a match\n    at c:\\Users\\egoytendia\\.vscode\\extensions\\uqbar.wollok-lsp-ide-0.5.3\\out\\server\\src\\server.js:38:6142\n    at D2 (c:\\Users\\egoytendia\\.vscode\\extensions\\uqbar.wollok-lsp-ide-0.5.3\\out\\server\\src\\server.js:2384:42)\n    at Qh (c:\\Users\\egoytendia\\.vscode\\extensions\\uqbar.wollok-lsp-ide-0.5.3\\out\\server\\src\\server.js:2384:1092)\n    at k6n (c:\\Users\\egoytendia\\.vscode\\extensions\\uqbar.wollok-lsp-ide-0.5.3\\out\\server\\src\\server.js:2384:1248)\n    at c:\\Users\\egoytendia\\.vscode\\extensions\\uqbar.wollok-lsp-ide-0.5.3\\out\\server\\src\\server.js:38:6131\n    at D2 (c:\\Users\\egoytendia\\.vscode\\extensions\\uqbar.wollok-lsp-ide-0.5.3\\out\\server\\src\\server.js:2384:42)\n    at c:\\Users\\egoytendia\\.vscode\\extensions\\uqbar.wollok-lsp-ide-0.5.3\\out\\server\\src\\server.js:2384:2988\n    at c:\\Users\\egoytendia\\.vscode\\extensions\\uqbar.wollok-lsp-ide-0.5.3\\out\\server\\src\\server.js:2393:8440\n    at c:\\Users\\egoytendia\\.vscode\\extensions\\uqbar.wollok-lsp-ide-0.5.3\\out\\server\\src\\server.js:37:74872\n    at Ye (c:\\Users\\egoytendia\\.vscode\\extensions\\uqbar.wollok-lsp-ide-0.5.3\\out\\server\\src\\server.js:7:8527)","timestamp":"2025-12-13T04:31:27.767Z"}
{"level":"info","message":"⌛ Building environment","timeElapsed":110,"timestamp":"2025-12-13T04:31:35.176Z"}
{"level":"info","message":"⌛ Validating parciales/amongUs/jugadores.wlk","timeElapsed":110,"timestamp":"2025-12-13T04:31:35.288Z"}
{"level":"info","message":"⌛ Validating parciales/amongUs/jugadores.wlk","timeElapsed":111,"timestamp":"2025-12-13T04:31:36.825Z"}
{"level":"info","message":"⌛ Building environment","timeElapsed":101,"timestamp":"2025-12-13T04:31:40.736Z"}
{"level":"info","message":"⌛ Validating parciales/amongUs/jugadores.wlk","timeElapsed":163,"timestamp":"2025-12-13T04:31:40.899Z"}
{"level":"info","message":"⌛ Validating parciales/amongUs/jugadores.wlk","timeElapsed":116,"timestamp":"2025-12-13T04:31:41.108Z"}
{"level":"info","message":"⌛ Building environment","timeElapsed":109,"timestamp":"2025-12-13T04:36:38.654Z"}
{"level":"info","message":"⌛ Validating parciales/amongUs/sabotaje.wlk","timeElapsed":149,"timestamp":"2025-12-13T04:36:38.804Z"}
{"level":"info","message":"⌛ Building environment","timeElapsed":121,"timestamp":"2025-12-13T04:36:40.796Z"}
{"level":"info","message":"⌛ Validating parciales/amongUs/sabotaje.wlk","timeElapsed":137,"timestamp":"2025-12-13T04:36:41.078Z"}
{"level":"info","message":"⌛ Validating parciales/amongUs/sabotaje.wlk","timeElapsed":112,"timestamp":"2025-12-13T04:36:41.287Z"}
{"level":"info","message":"⌛ Building environment","timeElapsed":122,"timestamp":"2025-12-13T04:36:41.487Z"}
{"level":"info","message":"⌛ Validating parciales/amongUs/sabotaje.wlk","timeElapsed":112,"timestamp":"2025-12-13T04:36:41.599Z"}
{"level":"info","message":"⌛ Validating parciales/amongUs/sabotaje.wlk","timeElapsed":107,"timestamp":"2025-12-13T04:36:41.706Z"}
{"level":"info","message":"⌛ Validating parciales/amongUs/sabotaje.wlk","timeElapsed":103,"timestamp":"2025-12-13T04:36:41.816Z"}
{"level":"info","message":"⌛ Building environment","timeElapsed":104,"timestamp":"2025-12-13T04:36:42.207Z"}
{"level":"info","message":"⌛ Validating parciales/amongUs/sabotaje.wlk","timeElapsed":114,"timestamp":"2025-12-13T04:36:42.322Z"}
{"level":"info","message":"⌛ Validating parciales/amongUs/sabotaje.wlk","timeElapsed":111,"timestamp":"2025-12-13T04:36:42.543Z"}
{"level":"info","message":"⌛ Validating parciales/amongUs/sabotaje.wlk","timeElapsed":115,"timestamp":"2025-12-13T04:36:43.274Z"}
{"level":"info","message":"⌛ Validating parciales/amongUs/sabotaje.wlk","timeElapsed":108,"timestamp":"2025-12-13T04:36:43.471Z"}
{"level":"info","message":"⌛ Validating parciales/amongUs/sabotaje.wlk","timeElapsed":121,"timestamp":"2025-12-13T04:36:44.112Z"}
{"level":"info","message":"⌛ Validating parciales/amongUs/sabotaje.wlk","timeElapsed":112,"timestamp":"2025-12-13T04:36:44.312Z"}
{"level":"info","message":"⌛ Validating parciales/amongUs/sabotaje.wlk","timeElapsed":104,"timestamp":"2025-12-13T04:36:44.501Z"}
{"level":"info","message":"⌛ Validating parciales/amongUs/sabotaje.wlk","timeElapsed":104,"timestamp":"2025-12-13T04:36:45.273Z"}
{"level":"info","message":"⌛ Validating parciales/amongUs/sabotaje.wlk","timeElapsed":105,"timestamp":"2025-12-13T04:36:46.272Z"}
{"level":"info","message":"⌛ Validating parciales/amongUs/sabotaje.wlk","timeElapsed":105,"timestamp":"2025-12-13T04:36:46.378Z"}
{"level":"info","message":"⌛ Building environment","timeElapsed":119,"timestamp":"2025-12-13T04:37:58.585Z"}
{"level":"info","message":"⌛ Validating parciales/amongUs/nave.wlk","timeElapsed":148,"timestamp":"2025-12-13T04:37:58.735Z"}
{"level":"info","message":"⌛ Building environment","timeElapsed":118,"timestamp":"2025-12-13T04:37:59.640Z"}
{"level":"info","message":"⌛ Validating parciales/amongUs/nave.wlk","timeElapsed":110,"timestamp":"2025-12-13T04:37:59.752Z"}
{"level":"info","message":"⌛ Building environment","timeElapsed":161,"timestamp":"2025-12-13T04:40:52.783Z"}
{"level":"info","message":"⌛ Validating parciales/amongUs/sabotaje.wlk","timeElapsed":199,"timestamp":"2025-12-13T04:40:52.983Z"}
{"level":"info","message":"⌛ Building environment","timeElapsed":129,"timestamp":"2025-12-13T04:40:53.117Z"}
{"level":"info","message":"⌛ Building environment","timeElapsed":102,"timestamp":"2025-12-13T04:40:53.220Z"}
{"level":"info","message":"⌛ Validating parciales/amongUs/sabotaje.wlk","timeElapsed":150,"timestamp":"2025-12-13T04:40:53.377Z"}
{"level":"info","message":"⌛ Validating parciales/amongUs/sabotaje.wlk","timeElapsed":124,"timestamp":"2025-12-13T04:40:53.502Z"}
{"level":"info","message":"⌛ Validating parciales/amongUs/sabotaje.wlk","timeElapsed":119,"timestamp":"2025-12-13T04:40:57.999Z"}
{"level":"info","message":"⌛ Validating parciales/amongUs/sabotaje.wlk","timeElapsed":107,"timestamp":"2025-12-13T04:40:58.199Z"}
{"level":"info","message":"⌛ Validating parciales/amongUs/sabotaje.wlk","timeElapsed":104,"timestamp":"2025-12-13T04:41:00.924Z"}
{"level":"info","message":"⌛ Validating parciales/amongUs/sabotaje.wlk","timeElapsed":113,"timestamp":"2025-12-13T04:41:01.667Z"}
{"level":"info","message":"⌛ Validating parciales/amongUs/sabotaje.wlk","timeElapsed":109,"timestamp":"2025-12-13T04:41:01.860Z"}
{"level":"info","message":"⌛ Validating parciales/amongUs/sabotaje.wlk","timeElapsed":105,"timestamp":"2025-12-13T04:41:02.157Z"}
{"level":"info","message":"⌛ Validating parciales/amongUs/sabotaje.wlk","timeElapsed":104,"timestamp":"2025-12-13T04:41:02.855Z"}
{"level":"info","message":"⌛ Building environment","timeElapsed":113,"timestamp":"2025-12-13T04:41:08.281Z"}
{"level":"info","message":"⌛ Validating parciales/amongUs/sabotaje.wlk","timeElapsed":108,"timestamp":"2025-12-13T04:41:08.390Z"}
{"level":"info","message":"⌛ Building environment","timeElapsed":113,"timestamp":"2025-12-13T04:43:01.036Z"}
{"level":"info","message":"⌛ Validating parciales/amongUs/sabotaje.wlk","timeElapsed":119,"timestamp":"2025-12-13T04:43:01.180Z"}
{"level":"info","message":"⌛ Building environment","timeElapsed":119,"timestamp":"2025-12-13T04:43:01.397Z"}
{"level":"info","message":"⌛ Validating parciales/amongUs/sabotaje.wlk","timeElapsed":120,"timestamp":"2025-12-13T04:43:01.518Z"}
{"level":"info","message":"⌛ Validating parciales/amongUs/sabotaje.wlk","timeElapsed":150,"timestamp":"2025-12-13T04:43:01.670Z"}
{"level":"info","message":"⌛ Validating parciales/amongUs/sabotaje.wlk","timeElapsed":122,"timestamp":"2025-12-13T04:43:01.973Z"}
{"level":"info","message":"⌛ Validating parciales/amongUs/sabotaje.wlk","timeElapsed":102,"timestamp":"2025-12-13T04:43:02.081Z"}
{"level":"info","message":"⌛ Validating parciales/amongUs/sabotaje.wlk","timeElapsed":114,"timestamp":"2025-12-13T04:43:02.316Z"}
{"level":"info","message":"⌛ Validating parciales/amongUs/sabotaje.wlk","timeElapsed":107,"timestamp":"2025-12-13T04:43:02.522Z"}
{"level":"info","message":"⌛ Validating parciales/amongUs/sabotaje.wlk","timeElapsed":111,"timestamp":"2025-12-13T04:43:02.884Z"}
{"level":"info","message":"⌛ Building environment","timeElapsed":285,"timestamp":"2025-12-13T05:09:21.094Z"}
{"level":"info","message":"⌛ Validating parciales/amongUs/jugadores.wlk","timeElapsed":118,"timestamp":"2025-12-13T05:09:21.219Z"}
{"level":"info","message":"⌛ Building environment","timeElapsed":104,"timestamp":"2025-12-13T05:09:24.314Z"}
{"level":"info","message":"⌛ Validating parciales/amongUs/jugadores.wlk","timeElapsed":134,"timestamp":"2025-12-13T05:09:24.495Z"}
{"level":"info","message":"⌛ Building environment","timeElapsed":103,"timestamp":"2025-12-13T05:09:24.599Z"}
{"level":"info","message":"⌛ Building environment","timeElapsed":103,"timestamp":"2025-12-13T05:09:24.702Z"}
{"level":"info","message":"⌛ Validating parciales/amongUs/jugadores.wlk","timeElapsed":179,"timestamp":"2025-12-13T05:09:24.965Z"}
{"level":"info","message":"⌛ Validating parciales/amongUs/jugadores.wlk","timeElapsed":129,"timestamp":"2025-12-13T05:09:25.191Z"}
{"level":"info","message":"⌛ Validating parciales/amongUs/jugadores.wlk","timeElapsed":116,"timestamp":"2025-12-13T05:09:25.307Z"}
{"level":"info","message":"⌛ Validating parciales/amongUs/jugadores.wlk","timeElapsed":112,"timestamp":"2025-12-13T05:09:25.505Z"}
{"level":"info","message":"⌛ Building environment","timeElapsed":105,"timestamp":"2025-12-13T05:09:25.611Z"}
{"level":"info","message":"⌛ Validating parciales/amongUs/jugadores.wlk","timeElapsed":114,"timestamp":"2025-12-13T05:09:25.932Z"}
{"level":"info","message":"⌛ Building environment","timeElapsed":112,"timestamp":"2025-12-13T05:09:26.045Z"}
{"level":"info","message":"⌛ Validating parciales/amongUs/jugadores.wlk","timeElapsed":115,"timestamp":"2025-12-13T05:09:26.194Z"}
{"level":"info","message":"⌛ Validating parciales/amongUs/jugadores.wlk","timeElapsed":114,"timestamp":"2025-12-13T05:09:26.482Z"}
{"level":"info","message":"⌛ Validating parciales/amongUs/jugadores.wlk","timeElapsed":107,"timestamp":"2025-12-13T05:09:26.590Z"}
{"level":"info","message":"⌛ Validating parciales/amongUs/jugadores.wlk","timeElapsed":124,"timestamp":"2025-12-13T05:09:26.752Z"}
{"level":"info","message":"⌛ Validating parciales/amongUs/jugadores.wlk","timeElapsed":102,"timestamp":"2025-12-13T05:09:26.856Z"}
{"level":"info","message":"⌛ Validating parciales/amongUs/jugadores.wlk","timeElapsed":117,"timestamp":"2025-12-13T05:09:26.973Z"}
{"level":"info","message":"⌛ Building environment","timeElapsed":110,"timestamp":"2025-12-13T05:09:27.086Z"}
{"level":"info","message":"⌛ Building environment","timeElapsed":108,"timestamp":"2025-12-13T05:09:27.386Z"}
{"level":"info","message":"⌛ Building environment","timeElapsed":108,"timestamp":"2025-12-13T05:09:27.495Z"}
{"level":"info","message":"⌛ Building environment","timeElapsed":106,"timestamp":"2025-12-13T05:09:27.601Z"}
{"level":"info","message":"⌛ Validating parciales/amongUs/jugadores.wlk","timeElapsed":119,"timestamp":"2025-12-13T05:09:27.720Z"}
{"level":"info","message":"⌛ Validating parciales/amongUs/jugadores.wlk","timeElapsed":106,"timestamp":"2025-12-13T05:09:27.826Z"}
{"level":"info","message":"⌛ Validating parciales/amongUs/jugadores.wlk","timeElapsed":101,"timestamp":"2025-12-13T05:09:27.928Z"}
{"level":"info","message":"⌛ Validating parciales/amongUs/jugadores.wlk","timeElapsed":159,"timestamp":"2025-12-13T05:09:28.194Z"}
{"level":"info","message":"⌛ Validating parciales/amongUs/jugadores.wlk","timeElapsed":108,"timestamp":"2025-12-13T05:09:28.302Z"}
{"level":"info","message":"⌛ Validating parciales/amongUs/personalidad.wlk","timeElapsed":149,"timestamp":"2025-12-13T05:09:38.129Z"}
{"level":"info","message":"⌛ Validating parciales/amongUs/personalidad.wlk","timeElapsed":139,"timestamp":"2025-12-13T05:09:39.028Z"}
{"level":"info","message":"⌛ Building environment","timeElapsed":111,"timestamp":"2025-12-13T05:09:39.229Z"}
{"level":"info","message":"⌛ Validating parciales/amongUs/personalidad.wlk","timeElapsed":111,"timestamp":"2025-12-13T05:09:39.350Z"}
{"level":"info","message":"⌛ Validating parciales/amongUs/personalidad.wlk","timeElapsed":112,"timestamp":"2025-12-13T05:09:39.819Z"}
{"level":"info","message":"⌛ Building environment","timeElapsed":136,"timestamp":"2025-12-13T05:09:39.955Z"}
{"level":"info","message":"⌛ Validating parciales/amongUs/personalidad.wlk","timeElapsed":114,"timestamp":"2025-12-13T05:09:40.070Z"}
{"level":"info","message":"⌛ Building environment","timeElapsed":110,"timestamp":"2025-12-13T05:09:40.325Z"}
{"level":"info","message":"⌛ Validating parciales/amongUs/personalidad.wlk","timeElapsed":113,"timestamp":"2025-12-13T05:09:40.446Z"}
{"level":"info","message":"⌛ Validating parciales/amongUs/personalidad.wlk","timeElapsed":113,"timestamp":"2025-12-13T05:09:40.639Z"}
{"level":"info","message":"⌛ Validating parciales/amongUs/personalidad.wlk","timeElapsed":113,"timestamp":"2025-12-13T05:09:40.837Z"}
{"level":"info","message":"⌛ Building environment","timeElapsed":112,"timestamp":"2025-12-13T05:09:40.950Z"}
{"level":"info","message":"⌛ Validating parciales/amongUs/personalidad.wlk","timeElapsed":119,"timestamp":"2025-12-13T05:09:41.154Z"}
{"level":"info","message":"⌛ Validating parciales/amongUs/personalidad.wlk","timeElapsed":105,"timestamp":"2025-12-13T05:09:41.452Z"}
{"level":"info","message":"⌛ Validating parciales/amongUs/personalidad.wlk","timeElapsed":115,"timestamp":"2025-12-13T05:09:42.094Z"}
{"level":"info","message":"⌛ Validating parciales/amongUs/personalidad.wlk","timeElapsed":121,"timestamp":"2025-12-13T05:09:42.410Z"}
{"level":"info","message":"⌛ Validating parciales/amongUs/personalidad.wlk","timeElapsed":111,"timestamp":"2025-12-13T05:09:42.521Z"}
{"level":"info","message":"⌛ Validating parciales/amongUs/personalidad.wlk","timeElapsed":107,"timestamp":"2025-12-13T05:09:42.633Z"}
{"level":"info","message":"⌛ Validating parciales/amongUs/personalidad.wlk","timeElapsed":110,"timestamp":"2025-12-13T05:09:42.850Z"}
{"level":"info","message":"⌛ Validating parciales/amongUs/personalidad.wlk","timeElapsed":108,"timestamp":"2025-12-13T05:09:43.201Z"}
{"level":"info","message":"⌛ Building environment","timeElapsed":104,"timestamp":"2025-12-13T05:09:43.307Z"}
{"level":"info","message":"⌛ Validating parciales/amongUs/personalidad.wlk","timeElapsed":118,"timestamp":"2025-12-13T05:09:43.426Z"}
{"level":"info","message":"⌛ Validating parciales/amongUs/personalidad.wlk","timeElapsed":124,"timestamp":"2025-12-13T05:09:43.997Z"}
{"level":"info","message":"⌛ Validating parciales/amongUs/personalidad.wlk","timeElapsed":149,"timestamp":"2025-12-13T05:09:44.611Z"}
{"level":"info","message":"⌛ Validating parciales/amongUs/personalidad.wlk","timeElapsed":107,"timestamp":"2025-12-13T05:09:44.831Z"}
{"level":"info","message":"⌛ Building environment","timeElapsed":109,"timestamp":"2025-12-13T05:09:44.941Z"}
{"level":"info","message":"⌛ Validating parciales/amongUs/personalidad.wlk","timeElapsed":115,"timestamp":"2025-12-13T05:09:45.134Z"}
{"level":"info","message":"⌛ Validating parciales/amongUs/personalidad.wlk","timeElapsed":112,"timestamp":"2025-12-13T05:09:45.277Z"}
{"level":"info","message":"⌛ Validating parciales/amongUs/personalidad.wlk","timeElapsed":110,"timestamp":"2025-12-13T05:09:45.387Z"}
{"level":"info","message":"⌛ Validating parciales/amongUs/personalidad.wlk","timeElapsed":106,"timestamp":"2025-12-13T05:09:45.607Z"}
{"level":"info","message":"⌛ Validating parciales/amongUs/personalidad.wlk","timeElapsed":107,"timestamp":"2025-12-13T05:09:45.845Z"}
{"level":"info","message":"⌛ Validating parciales/amongUs/personalidad.wlk","timeElapsed":118,"timestamp":"2025-12-13T05:09:46.204Z"}
{"level":"info","message":"⌛ Validating parciales/amongUs/personalidad.wlk","timeElapsed":106,"timestamp":"2025-12-13T05:09:46.396Z"}
{"level":"info","message":"⌛ Validating parciales/amongUs/personalidad.wlk","timeElapsed":117,"timestamp":"2025-12-13T05:09:46.639Z"}
{"level":"info","message":"⌛ Validating parciales/amongUs/personalidad.wlk","timeElapsed":114,"timestamp":"2025-12-13T05:09:46.755Z"}
{"level":"info","message":"⌛ Validating parciales/amongUs/personalidad.wlk","timeElapsed":117,"timestamp":"2025-12-13T05:10:42.050Z"}
{"level":"info","message":"⌛ Validating parciales/amongUs/personalidad.wlk","timeElapsed":117,"timestamp":"2025-12-13T05:10:42.286Z"}
{"level":"info","message":"⌛ Validating parciales/amongUs/personalidad.wlk","timeElapsed":104,"timestamp":"2025-12-13T05:10:42.508Z"}
{"level":"info","message":"⌛ Validating parciales/amongUs/personalidad.wlk","timeElapsed":109,"timestamp":"2025-12-13T05:10:42.690Z"}
{"level":"info","message":"⌛ Validating parciales/amongUs/personalidad.wlk","timeElapsed":106,"timestamp":"2025-12-13T05:10:42.822Z"}
{"level":"info","message":"⌛ Building environment","timeElapsed":108,"timestamp":"2025-12-13T05:10:43.349Z"}
{"level":"info","message":"⌛ Validating parciales/amongUs/personalidad.wlk","timeElapsed":116,"timestamp":"2025-12-13T05:10:43.467Z"}
{"level":"info","message":"⌛ Validating parciales/amongUs/personalidad.wlk","timeElapsed":123,"timestamp":"2025-12-13T05:10:43.771Z"}
{"level":"info","message":"⌛ Validating parciales/amongUs/personalidad.wlk","timeElapsed":117,"timestamp":"2025-12-13T05:10:43.889Z"}
{"level":"info","message":"⌛ Validating parciales/amongUs/personalidad.wlk","timeElapsed":122,"timestamp":"2025-12-13T05:10:44.094Z"}
{"level":"info","message":"⌛ Validating parciales/amongUs/personalidad.wlk","timeElapsed":133,"timestamp":"2025-12-13T05:10:44.342Z"}
{"level":"info","message":"⌛ Validating parciales/amongUs/personalidad.wlk","timeElapsed":110,"timestamp":"2025-12-13T05:10:44.534Z"}
{"level":"info","message":"⌛ Building environment","timeElapsed":104,"timestamp":"2025-12-13T05:10:45.997Z"}
{"level":"info","message":"⌛ Validating parciales/amongUs/personalidad.wlk","timeElapsed":144,"timestamp":"2025-12-13T05:10:46.252Z"}
{"level":"info","message":"⌛ Validating parciales/amongUs/personalidad.wlk","timeElapsed":110,"timestamp":"2025-12-13T05:10:46.363Z"}
{"level":"info","message":"⌛ Validating parciales/amongUs/personalidad.wlk","timeElapsed":106,"timestamp":"2025-12-13T05:10:46.570Z"}
{"level":"info","message":"⌛ Validating parciales/amongUs/personalidad.wlk","timeElapsed":115,"timestamp":"2025-12-13T05:10:47.348Z"}
{"level":"info","message":"⌛ Validating parciales/amongUs/personalidad.wlk","timeElapsed":111,"timestamp":"2025-12-13T05:10:47.478Z"}
{"level":"info","message":"⌛ Validating parciales/amongUs/personalidad.wlk","timeElapsed":111,"timestamp":"2025-12-13T05:10:47.889Z"}
{"level":"info","message":"⌛ Validating parciales/amongUs/personalidad.wlk","timeElapsed":118,"timestamp":"2025-12-13T05:10:48.007Z"}
{"level":"info","message":"⌛ Building environment","timeElapsed":114,"timestamp":"2025-12-13T05:10:59.888Z"}
{"level":"error","message":"✘ Completions for node Parameter ([3:16, 3:17] - parciales/amongUs/personalidad.wlk) failed: Error: [Parameter]{71f330} at parciales/amongUs/personalidad.wlk:3 exhausted all cases without a match [Parameter]{71f330} at parciales/amongUs/personalidad.wlk:3 exhausted all cases without a match","stack":"Error: [Parameter]{71f330} at parciales/amongUs/personalidad.wlk:3 exhausted all cases without a match\n    at c:\\Users\\egoytendia\\.vscode\\extensions\\uqbar.wollok-lsp-ide-0.5.3\\out\\server\\src\\server.js:38:6142\n    at D2 (c:\\Users\\egoytendia\\.vscode\\extensions\\uqbar.wollok-lsp-ide-0.5.3\\out\\server\\src\\server.js:2384:42)\n    at c:\\Users\\egoytendia\\.vscode\\extensions\\uqbar.wollok-lsp-ide-0.5.3\\out\\server\\src\\server.js:2384:2988\n    at c:\\Users\\egoytendia\\.vscode\\extensions\\uqbar.wollok-lsp-ide-0.5.3\\out\\server\\src\\server.js:2393:8440\n    at c:\\Users\\egoytendia\\.vscode\\extensions\\uqbar.wollok-lsp-ide-0.5.3\\out\\server\\src\\server.js:37:74872\n    at Ye (c:\\Users\\egoytendia\\.vscode\\extensions\\uqbar.wollok-lsp-ide-0.5.3\\out\\server\\src\\server.js:7:8527)\n    at qt (c:\\Users\\egoytendia\\.vscode\\extensions\\uqbar.wollok-lsp-ide-0.5.3\\out\\server\\src\\server.js:7:6189)\n    at ot (c:\\Users\\egoytendia\\.vscode\\extensions\\uqbar.wollok-lsp-ide-0.5.3\\out\\server\\src\\server.js:7:6378)\n    at Immediate._onImmediate (c:\\Users\\egoytendia\\.vscode\\extensions\\uqbar.wollok-lsp-ide-0.5.3\\out\\server\\src\\server.js:7:6142)\n    at process.processImmediate (node:internal/timers:485:21)","timestamp":"2025-12-13T05:10:59.915Z"}
{"level":"info","message":"⌛ Validating parciales/amongUs/personalidad.wlk","timeElapsed":128,"timestamp":"2025-12-13T05:11:00.135Z"}
{"level":"error","message":"✘ Completions for node Parameter ([3:16, 3:19] - parciales/amongUs/personalidad.wlk) failed: Error: [Parameter]{dd1a4e} at parciales/amongUs/personalidad.wlk:3 exhausted all cases without a match [Parameter]{dd1a4e} at parciales/amongUs/personalidad.wlk:3 exhausted all cases without a match","stack":"Error: [Parameter]{dd1a4e} at parciales/amongUs/personalidad.wlk:3 exhausted all cases without a match\n    at c:\\Users\\egoytendia\\.vscode\\extensions\\uqbar.wollok-lsp-ide-0.5.3\\out\\server\\src\\server.js:38:6142\n    at D2 (c:\\Users\\egoytendia\\.vscode\\extensions\\uqbar.wollok-lsp-ide-0.5.3\\out\\server\\src\\server.js:2384:42)\n    at c:\\Users\\egoytendia\\.vscode\\extensions\\uqbar.wollok-lsp-ide-0.5.3\\out\\server\\src\\server.js:2384:2988\n    at c:\\Users\\egoytendia\\.vscode\\extensions\\uqbar.wollok-lsp-ide-0.5.3\\out\\server\\src\\server.js:2393:8440\n    at c:\\Users\\egoytendia\\.vscode\\extensions\\uqbar.wollok-lsp-ide-0.5.3\\out\\server\\src\\server.js:37:74872\n    at Ye (c:\\Users\\egoytendia\\.vscode\\extensions\\uqbar.wollok-lsp-ide-0.5.3\\out\\server\\src\\server.js:7:8527)\n    at qt (c:\\Users\\egoytendia\\.vscode\\extensions\\uqbar.wollok-lsp-ide-0.5.3\\out\\server\\src\\server.js:7:6189)\n    at ot (c:\\Users\\egoytendia\\.vscode\\extensions\\uqbar.wollok-lsp-ide-0.5.3\\out\\server\\src\\server.js:7:6378)\n    at Immediate._onImmediate (c:\\Users\\egoytendia\\.vscode\\extensions\\uqbar.wollok-lsp-ide-0.5.3\\out\\server\\src\\server.js:7:6142)\n    at process.processImmediate (node:internal/timers:485:21)","timestamp":"2025-12-13T05:11:00.256Z"}
{"level":"info","message":"⌛ Validating parciales/amongUs/personalidad.wlk","timeElapsed":109,"timestamp":"2025-12-13T05:11:00.375Z"}
{"level":"info","message":"⌛ Validating parciales/amongUs/personalidad.wlk","timeElapsed":108,"timestamp":"2025-12-13T05:11:00.647Z"}
{"level":"error","message":"✘ Completions for node Parameter ([3:16, 3:22] - parciales/amongUs/personalidad.wlk) failed: Error: [Parameter]{934dbe} at parciales/amongUs/personalidad.wlk:3 exhausted all cases without a match [Parameter]{934dbe} at parciales/amongUs/personalidad.wlk:3 exhausted all cases without a match","stack":"Error: [Parameter]{934dbe} at parciales/amongUs/personalidad.wlk:3 exhausted all cases without a match\n    at c:\\Users\\egoytendia\\.vscode\\extensions\\uqbar.wollok-lsp-ide-0.5.3\\out\\server\\src\\server.js:38:6142\n    at D2 (c:\\Users\\egoytendia\\.vscode\\extensions\\uqbar.wollok-lsp-ide-0.5.3\\out\\server\\src\\server.js:2384:42)\n    at c:\\Users\\egoytendia\\.vscode\\extensions\\uqbar.wollok-lsp-ide-0.5.3\\out\\server\\src\\server.js:2384:2988\n    at c:\\Users\\egoytendia\\.vscode\\extensions\\uqbar.wollok-lsp-ide-0.5.3\\out\\server\\src\\server.js:2393:8440\n    at c:\\Users\\egoytendia\\.vscode\\extensions\\uqbar.wollok-lsp-ide-0.5.3\\out\\server\\src\\server.js:37:74872\n    at Ye (c:\\Users\\egoytendia\\.vscode\\extensions\\uqbar.wollok-lsp-ide-0.5.3\\out\\server\\src\\server.js:7:8527)\n    at qt (c:\\Users\\egoytendia\\.vscode\\extensions\\uqbar.wollok-lsp-ide-0.5.3\\out\\server\\src\\server.js:7:6189)\n    at ot (c:\\Users\\egoytendia\\.vscode\\extensions\\uqbar.wollok-lsp-ide-0.5.3\\out\\server\\src\\server.js:7:6378)\n    at Immediate._onImmediate (c:\\Users\\egoytendia\\.vscode\\extensions\\uqbar.wollok-lsp-ide-0.5.3\\out\\server\\src\\server.js:7:6142)\n    at process.processImmediate (node:internal/timers:485:21)","timestamp":"2025-12-13T05:11:00.775Z"}
{"level":"info","message":"⌛ Validating parciales/amongUs/personalidad.wlk","timeElapsed":109,"timestamp":"2025-12-13T05:11:00.972Z"}
{"level":"info","message":"⌛ Validating parciales/amongUs/personalidad.wlk","timeElapsed":108,"timestamp":"2025-12-13T05:11:01.081Z"}
{"level":"info","message":"⌛ Validating parciales/amongUs/personalidad.wlk","timeElapsed":101,"timestamp":"2025-12-13T05:11:01.188Z"}
{"level":"info","message":"⌛ Validating parciales/amongUs/personalidad.wlk","timeElapsed":109,"timestamp":"2025-12-13T05:11:01.297Z"}
{"level":"error","message":"✘ Completions for node Parameter ([3:25, 3:26] - parciales/amongUs/personalidad.wlk) failed: Error: [Parameter]{98faf3} at parciales/amongUs/personalidad.wlk:3 exhausted all cases without a match [Parameter]{98faf3} at parciales/amongUs/personalidad.wlk:3 exhausted all cases without a match","stack":"Error: [Parameter]{98faf3} at parciales/amongUs/personalidad.wlk:3 exhausted all cases without a match\n    at c:\\Users\\egoytendia\\.vscode\\extensions\\uqbar.wollok-lsp-ide-0.5.3\\out\\server\\src\\server.js:38:6142\n    at D2 (c:\\Users\\egoytendia\\.vscode\\extensions\\uqbar.wollok-lsp-ide-0.5.3\\out\\server\\src\\server.js:2384:42)\n    at c:\\Users\\egoytendia\\.vscode\\extensions\\uqbar.wollok-lsp-ide-0.5.3\\out\\server\\src\\server.js:2384:2988\n    at c:\\Users\\egoytendia\\.vscode\\extensions\\uqbar.wollok-lsp-ide-0.5.3\\out\\server\\src\\server.js:2393:8440\n    at c:\\Users\\egoytendia\\.vscode\\extensions\\uqbar.wollok-lsp-ide-0.5.3\\out\\server\\src\\server.js:37:74872\n    at Ye (c:\\Users\\egoytendia\\.vscode\\extensions\\uqbar.wollok-lsp-ide-0.5.3\\out\\server\\src\\server.js:7:8527)\n    at qt (c:\\Users\\egoytendia\\.vscode\\extensions\\uqbar.wollok-lsp-ide-0.5.3\\out\\server\\src\\server.js:7:6189)\n    at ot (c:\\Users\\egoytendia\\.vscode\\extensions\\uqbar.wollok-lsp-ide-0.5.3\\out\\server\\src\\server.js:7:6378)\n    at Immediate._onImmediate (c:\\Users\\egoytendia\\.vscode\\extensions\\uqbar.wollok-lsp-ide-0.5.3\\out\\server\\src\\server.js:7:6142)\n    at process.processImmediate (node:internal/timers:485:21)","timestamp":"2025-12-13T05:11:01.635Z"}
{"level":"info","message":"⌛ Validating parciales/amongUs/personalidad.wlk","timeElapsed":114,"timestamp":"2025-12-13T05:11:01.757Z"}
{"level":"info","message":"⌛ Validating parciales/amongUs/personalidad.wlk","timeElapsed":110,"timestamp":"2025-12-13T05:11:01.960Z"}
{"level":"info","message":"⌛ Validating parciales/amongUs/personalidad.wlk","timeElapsed":103,"timestamp":"2025-12-13T05:11:02.136Z"}
{"level":"error","message":"✘ Completions for node Parameter ([3:25, 3:29] - parciales/amongUs/personalidad.wlk) failed: Error: [Parameter]{e6e8bb} at parciales/amongUs/personalidad.wlk:3 exhausted all cases without a match [Parameter]{e6e8bb} at parciales/amongUs/personalidad.wlk:3 exhausted all cases without a match","stack":"Error: [Parameter]{e6e8bb} at parciales/amongUs/personalidad.wlk:3 exhausted all cases without a match\n    at c:\\Users\\egoytendia\\.vscode\\extensions\\uqbar.wollok-lsp-ide-0.5.3\\out\\server\\src\\server.js:38:6142\n    at D2 (c:\\Users\\egoytendia\\.vscode\\extensions\\uqbar.wollok-lsp-ide-0.5.3\\out\\server\\src\\server.js:2384:42)\n    at c:\\Users\\egoytendia\\.vscode\\extensions\\uqbar.wollok-lsp-ide-0.5.3\\out\\server\\src\\server.js:2384:2988\n    at c:\\Users\\egoytendia\\.vscode\\extensions\\uqbar.wollok-lsp-ide-0.5.3\\out\\server\\src\\server.js:2393:8440\n    at c:\\Users\\egoytendia\\.vscode\\extensions\\uqbar.wollok-lsp-ide-0.5.3\\out\\server\\src\\server.js:37:74872\n    at Ye (c:\\Users\\egoytendia\\.vscode\\extensions\\uqbar.wollok-lsp-ide-0.5.3\\out\\server\\src\\server.js:7:8527)\n    at qt (c:\\Users\\egoytendia\\.vscode\\extensions\\uqbar.wollok-lsp-ide-0.5.3\\out\\server\\src\\server.js:7:6189)\n    at ot (c:\\Users\\egoytendia\\.vscode\\extensions\\uqbar.wollok-lsp-ide-0.5.3\\out\\server\\src\\server.js:7:6378)\n    at Immediate._onImmediate (c:\\Users\\egoytendia\\.vscode\\extensions\\uqbar.wollok-lsp-ide-0.5.3\\out\\server\\src\\server.js:7:6142)\n    at process.processImmediate (node:internal/timers:485:21)","timestamp":"2025-12-13T05:11:02.239Z"}
{"level":"info","message":"⌛ Validating parciales/amongUs/personalidad.wlk","timeElapsed":129,"timestamp":"2025-12-13T05:11:02.373Z"}
{"level":"info","message":"⌛ Validating parciales/amongUs/personalidad.wlk","timeElapsed":108,"timestamp":"2025-12-13T05:11:02.582Z"}
{"level":"info","message":"⌛ Building environment","timeElapsed":103,"timestamp":"2025-12-13T05:11:03.382Z"}
{"level":"info","message":"⌛ Validating parciales/amongUs/personalidad.wlk","timeElapsed":114,"timestamp":"2025-12-13T05:11:03.497Z"}
{"level":"info","message":"⌛ Validating parciales/amongUs/personalidad.wlk","timeElapsed":110,"timestamp":"2025-12-13T05:11:03.682Z"}
{"level":"info","message":"⌛ Validating parciales/amongUs/personalidad.wlk","timeElapsed":126,"timestamp":"2025-12-13T05:11:04.785Z"}
{"level":"info","message":"⌛ Validating parciales/amongUs/personalidad.wlk","timeElapsed":111,"timestamp":"2025-12-13T05:11:04.973Z"}
{"level":"info","message":"⌛ Validating parciales/amongUs/personalidad.wlk","timeElapsed":111,"timestamp":"2025-12-13T05:11:05.463Z"}
{"level":"info","message":"⌛ Validating parciales/amongUs/personalidad.wlk","timeElapsed":132,"timestamp":"2025-12-13T05:11:05.894Z"}
{"level":"info","message":"⌛ Validating parciales/amongUs/personalidad.wlk","timeElapsed":130,"timestamp":"2025-12-13T05:11:06.025Z"}
{"level":"info","message":"⌛ Validating parciales/amongUs/personalidad.wlk","timeElapsed":102,"timestamp":"2025-12-13T05:11:06.128Z"}
{"level":"info","message":"⌛ Validating parciales/amongUs/personalidad.wlk","timeElapsed":109,"timestamp":"2025-12-13T05:11:06.340Z"}
{"level":"info","message":"⌛ Validating parciales/amongUs/personalidad.wlk","timeElapsed":102,"timestamp":"2025-12-13T05:11:06.663Z"}
{"level":"info","message":"⌛ Validating parciales/amongUs/personalidad.wlk","timeElapsed":118,"timestamp":"2025-12-13T05:11:06.955Z"}
{"level":"info","message":"⌛ Validating parciales/amongUs/personalidad.wlk","timeElapsed":114,"timestamp":"2025-12-13T05:11:07.269Z"}
{"level":"info","message":"⌛ Validating parciales/amongUs/personalidad.wlk","timeElapsed":113,"timestamp":"2025-12-13T05:11:07.401Z"}
{"level":"info","message":"⌛ Validating parciales/amongUs/personalidad.wlk","timeElapsed":122,"timestamp":"2025-12-13T05:11:07.619Z"}
{"level":"error","message":"✘ Failed to rebuild document Failed to parse parciales/amongUs/personalidad.wlk: \n-- PARSING FAILED --------------------------------------------------\n\n  5 | }\n  6 | \n> 7 | class Trol i {\n    |            ^\n  8 |   \n  9 | }\n\nExpected one of the following: \n\n'inherits', '{', whitespace\n","stack":"Error: Failed to parse parciales/amongUs/personalidad.wlk: \n-- PARSING FAILED --------------------------------------------------\n\n  5 | }\n  6 | \n> 7 | class Trol i {\n    |            ^\n  8 |   \n  9 | }\n\nExpected one of the following: \n\n'inherits', '{', whitespace\n\n    at c:\\Users\\egoytendia\\.vscode\\extensions\\uqbar.wollok-lsp-ide-0.5.3\\out\\server\\src\\server.js:2348:13026\n    at Array.map (<anonymous>)\n    at W1n (c:\\Users\\egoytendia\\.vscode\\extensions\\uqbar.wollok-lsp-ide-0.5.3\\out\\server\\src\\server.js:2348:12950)\n    at U2.buildEnvironmentFrom (c:\\Users\\egoytendia\\.vscode\\extensions\\uqbar.wollok-lsp-ide-0.5.3\\out\\server\\src\\server.js:2393:5254)\n    at U2.updateEnvironmentWith (c:\\Users\\egoytendia\\.vscode\\extensions\\uqbar.wollok-lsp-ide-0.5.3\\out\\server\\src\\server.js:2393:4989)\n    at JF (c:\\Users\\egoytendia\\.vscode\\extensions\\uqbar.wollok-lsp-ide-0.5.3\\out\\server\\src\\server.js:2393:7383)\n    at F3.invoke (c:\\Users\\egoytendia\\.vscode\\extensions\\uqbar.wollok-lsp-ide-0.5.3\\out\\server\\src\\server.js:3:157334)\n    at o.fire (c:\\Users\\egoytendia\\.vscode\\extensions\\uqbar.wollok-lsp-ide-0.5.3\\out\\server\\src\\server.js:3:158104)\n    at c:\\Users\\egoytendia\\.vscode\\extensions\\uqbar.wollok-lsp-ide-0.5.3\\out\\server\\src\\server.js:37:57871\n    at Zr (c:\\Users\\egoytendia\\.vscode\\extensions\\uqbar.wollok-lsp-ide-0.5.3\\out\\server\\src\\server.js:8:1561)","timestamp":"2025-12-13T05:11:07.620Z"}
{"level":"error","message":"✘ Failed to rebuild document Failed to parse parciales/amongUs/personalidad.wlk: \n-- PARSING FAILED --------------------------------------------------\n\n  5 | }\n  6 | \n> 7 | class Trol in {\n    |            ^\n  8 |   \n  9 | }\n\nExpected one of the following: \n\n'inherits', '{', whitespace\n","stack":"Error: Failed to parse parciales/amongUs/personalidad.wlk: \n-- PARSING FAILED --------------------------------------------------\n\n  5 | }\n  6 | \n> 7 | class Trol in {\n    |            ^\n  8 |   \n  9 | }\n\nExpected one of the following: \n\n'inherits', '{', whitespace\n\n    at c:\\Users\\egoytendia\\.vscode\\extensions\\uqbar.wollok-lsp-ide-0.5.3\\out\\server\\src\\server.js:2348:13026\n    at Array.map (<anonymous>)\n    at W1n (c:\\Users\\egoytendia\\.vscode\\extensions\\uqbar.wollok-lsp-ide-0.5.3\\out\\server\\src\\server.js:2348:12950)\n    at U2.buildEnvironmentFrom (c:\\Users\\egoytendia\\.vscode\\extensions\\uqbar.wollok-lsp-ide-0.5.3\\out\\server\\src\\server.js:2393:5254)\n    at U2.updateEnvironmentWith (c:\\Users\\egoytendia\\.vscode\\extensions\\uqbar.wollok-lsp-ide-0.5.3\\out\\server\\src\\server.js:2393:4989)\n    at JF (c:\\Users\\egoytendia\\.vscode\\extensions\\uqbar.wollok-lsp-ide-0.5.3\\out\\server\\src\\server.js:2393:7383)\n    at F3.invoke (c:\\Users\\egoytendia\\.vscode\\extensions\\uqbar.wollok-lsp-ide-0.5.3\\out\\server\\src\\server.js:3:157334)\n    at o.fire (c:\\Users\\egoytendia\\.vscode\\extensions\\uqbar.wollok-lsp-ide-0.5.3\\out\\server\\src\\server.js:3:158104)\n    at c:\\Users\\egoytendia\\.vscode\\extensions\\uqbar.wollok-lsp-ide-0.5.3\\out\\server\\src\\server.js:37:57871\n    at Zr (c:\\Users\\egoytendia\\.vscode\\extensions\\uqbar.wollok-lsp-ide-0.5.3\\out\\server\\src\\server.js:8:1561)","timestamp":"2025-12-13T05:11:07.643Z"}
{"level":"error","message":"✘ Failed to rebuild document Failed to parse parciales/amongUs/personalidad.wlk: \n-- PARSING FAILED --------------------------------------------------\n\n  5 | }\n  6 | \n> 7 | class Trol inh {\n    |            ^\n  8 |   \n  9 | }\n\nExpected one of the following: \n\n'inherits', '{', whitespace\n","stack":"Error: Failed to parse parciales/amongUs/personalidad.wlk: \n-- PARSING FAILED --------------------------------------------------\n\n  5 | }\n  6 | \n> 7 | class Trol inh {\n    |            ^\n  8 |   \n  9 | }\n\nExpected one of the following: \n\n'inherits', '{', whitespace\n\n    at c:\\Users\\egoytendia\\.vscode\\extensions\\uqbar.wollok-lsp-ide-0.5.3\\out\\server\\src\\server.js:2348:13026\n    at Array.map (<anonymous>)\n    at W1n (c:\\Users\\egoytendia\\.vscode\\extensions\\uqbar.wollok-lsp-ide-0.5.3\\out\\server\\src\\server.js:2348:12950)\n    at U2.buildEnvironmentFrom (c:\\Users\\egoytendia\\.vscode\\extensions\\uqbar.wollok-lsp-ide-0.5.3\\out\\server\\src\\server.js:2393:5254)\n    at U2.updateEnvironmentWith (c:\\Users\\egoytendia\\.vscode\\extensions\\uqbar.wollok-lsp-ide-0.5.3\\out\\server\\src\\server.js:2393:4989)\n    at JF (c:\\Users\\egoytendia\\.vscode\\extensions\\uqbar.wollok-lsp-ide-0.5.3\\out\\server\\src\\server.js:2393:7383)\n    at F3.invoke (c:\\Users\\egoytendia\\.vscode\\extensions\\uqbar.wollok-lsp-ide-0.5.3\\out\\server\\src\\server.js:3:157334)\n    at o.fire (c:\\Users\\egoytendia\\.vscode\\extensions\\uqbar.wollok-lsp-ide-0.5.3\\out\\server\\src\\server.js:3:158104)\n    at c:\\Users\\egoytendia\\.vscode\\extensions\\uqbar.wollok-lsp-ide-0.5.3\\out\\server\\src\\server.js:37:57871\n    at Zr (c:\\Users\\egoytendia\\.vscode\\extensions\\uqbar.wollok-lsp-ide-0.5.3\\out\\server\\src\\server.js:8:1561)","timestamp":"2025-12-13T05:11:07.789Z"}
{"level":"error","message":"✘ Failed to rebuild document Failed to parse parciales/amongUs/personalidad.wlk: \n-- PARSING FAILED --------------------------------------------------\n\n  5 | }\n  6 | \n> 7 | class Trol inhe {\n    |            ^\n  8 |   \n  9 | }\n\nExpected one of the following: \n\n'inherits', '{', whitespace\n","stack":"Error: Failed to parse parciales/amongUs/personalidad.wlk: \n-- PARSING FAILED --------------------------------------------------\n\n  5 | }\n  6 | \n> 7 | class Trol inhe {\n    |            ^\n  8 |   \n  9 | }\n\nExpected one of the following: \n\n'inherits', '{', whitespace\n\n    at c:\\Users\\egoytendia\\.vscode\\extensions\\uqbar.wollok-lsp-ide-0.5.3\\out\\server\\src\\server.js:2348:13026\n    at Array.map (<anonymous>)\n    at W1n (c:\\Users\\egoytendia\\.vscode\\extensions\\uqbar.wollok-lsp-ide-0.5.3\\out\\server\\src\\server.js:2348:12950)\n    at U2.buildEnvironmentFrom (c:\\Users\\egoytendia\\.vscode\\extensions\\uqbar.wollok-lsp-ide-0.5.3\\out\\server\\src\\server.js:2393:5254)\n    at U2.updateEnvironmentWith (c:\\Users\\egoytendia\\.vscode\\extensions\\uqbar.wollok-lsp-ide-0.5.3\\out\\server\\src\\server.js:2393:4989)\n    at JF (c:\\Users\\egoytendia\\.vscode\\extensions\\uqbar.wollok-lsp-ide-0.5.3\\out\\server\\src\\server.js:2393:7383)\n    at F3.invoke (c:\\Users\\egoytendia\\.vscode\\extensions\\uqbar.wollok-lsp-ide-0.5.3\\out\\server\\src\\server.js:3:157334)\n    at o.fire (c:\\Users\\egoytendia\\.vscode\\extensions\\uqbar.wollok-lsp-ide-0.5.3\\out\\server\\src\\server.js:3:158104)\n    at c:\\Users\\egoytendia\\.vscode\\extensions\\uqbar.wollok-lsp-ide-0.5.3\\out\\server\\src\\server.js:37:57871\n    at Zr (c:\\Users\\egoytendia\\.vscode\\extensions\\uqbar.wollok-lsp-ide-0.5.3\\out\\server\\src\\server.js:8:1561)","timestamp":"2025-12-13T05:11:07.864Z"}
{"level":"error","message":"✘ Failed to rebuild document Failed to parse parciales/amongUs/personalidad.wlk: \n-- PARSING FAILED --------------------------------------------------\n\n  5 | }\n  6 | \n> 7 | class Trol inher {\n    |            ^\n  8 |   \n  9 | }\n\nExpected one of the following: \n\n'inherits', '{', whitespace\n","stack":"Error: Failed to parse parciales/amongUs/personalidad.wlk: \n-- PARSING FAILED --------------------------------------------------\n\n  5 | }\n  6 | \n> 7 | class Trol inher {\n    |            ^\n  8 |   \n  9 | }\n\nExpected one of the following: \n\n'inherits', '{', whitespace\n\n    at c:\\Users\\egoytendia\\.vscode\\extensions\\uqbar.wollok-lsp-ide-0.5.3\\out\\server\\src\\server.js:2348:13026\n    at Array.map (<anonymous>)\n    at W1n (c:\\Users\\egoytendia\\.vscode\\extensions\\uqbar.wollok-lsp-ide-0.5.3\\out\\server\\src\\server.js:2348:12950)\n    at U2.buildEnvironmentFrom (c:\\Users\\egoytendia\\.vscode\\extensions\\uqbar.wollok-lsp-ide-0.5.3\\out\\server\\src\\server.js:2393:5254)\n    at U2.updateEnvironmentWith (c:\\Users\\egoytendia\\.vscode\\extensions\\uqbar.wollok-lsp-ide-0.5.3\\out\\server\\src\\server.js:2393:4989)\n    at JF (c:\\Users\\egoytendia\\.vscode\\extensions\\uqbar.wollok-lsp-ide-0.5.3\\out\\server\\src\\server.js:2393:7383)\n    at F3.invoke (c:\\Users\\egoytendia\\.vscode\\extensions\\uqbar.wollok-lsp-ide-0.5.3\\out\\server\\src\\server.js:3:157334)\n    at o.fire (c:\\Users\\egoytendia\\.vscode\\extensions\\uqbar.wollok-lsp-ide-0.5.3\\out\\server\\src\\server.js:3:158104)\n    at c:\\Users\\egoytendia\\.vscode\\extensions\\uqbar.wollok-lsp-ide-0.5.3\\out\\server\\src\\server.js:37:57871\n    at Zr (c:\\Users\\egoytendia\\.vscode\\extensions\\uqbar.wollok-lsp-ide-0.5.3\\out\\server\\src\\server.js:8:1561)","timestamp":"2025-12-13T05:11:07.980Z"}
{"level":"error","message":"✘ Failed to rebuild document Failed to parse parciales/amongUs/personalidad.wlk: \n-- PARSING FAILED --------------------------------------------------\n\n  5 | }\n  6 | \n> 7 | class Trol inheri {\n    |            ^\n  8 |   \n  9 | }\n\nExpected one of the following: \n\n'inherits', '{', whitespace\n","stack":"Error: Failed to parse parciales/amongUs/personalidad.wlk: \n-- PARSING FAILED --------------------------------------------------\n\n  5 | }\n  6 | \n> 7 | class Trol inheri {\n    |            ^\n  8 |   \n  9 | }\n\nExpected one of the following: \n\n'inherits', '{', whitespace\n\n    at c:\\Users\\egoytendia\\.vscode\\extensions\\uqbar.wollok-lsp-ide-0.5.3\\out\\server\\src\\server.js:2348:13026\n    at Array.map (<anonymous>)\n    at W1n (c:\\Users\\egoytendia\\.vscode\\extensions\\uqbar.wollok-lsp-ide-0.5.3\\out\\server\\src\\server.js:2348:12950)\n    at U2.buildEnvironmentFrom (c:\\Users\\egoytendia\\.vscode\\extensions\\uqbar.wollok-lsp-ide-0.5.3\\out\\server\\src\\server.js:2393:5254)\n    at U2.updateEnvironmentWith (c:\\Users\\egoytendia\\.vscode\\extensions\\uqbar.wollok-lsp-ide-0.5.3\\out\\server\\src\\server.js:2393:4989)\n    at JF (c:\\Users\\egoytendia\\.vscode\\extensions\\uqbar.wollok-lsp-ide-0.5.3\\out\\server\\src\\server.js:2393:7383)\n    at F3.invoke (c:\\Users\\egoytendia\\.vscode\\extensions\\uqbar.wollok-lsp-ide-0.5.3\\out\\server\\src\\server.js:3:157334)\n    at o.fire (c:\\Users\\egoytendia\\.vscode\\extensions\\uqbar.wollok-lsp-ide-0.5.3\\out\\server\\src\\server.js:3:158104)\n    at c:\\Users\\egoytendia\\.vscode\\extensions\\uqbar.wollok-lsp-ide-0.5.3\\out\\server\\src\\server.js:37:57871\n    at Zr (c:\\Users\\egoytendia\\.vscode\\extensions\\uqbar.wollok-lsp-ide-0.5.3\\out\\server\\src\\server.js:8:1561)","timestamp":"2025-12-13T05:11:08.096Z"}
{"level":"error","message":"✘ Failed to rebuild document Failed to parse parciales/amongUs/personalidad.wlk: \n-- PARSING FAILED --------------------------------------------------\n\n  5 | }\n  6 | \n> 7 | class Trol inherit {\n    |            ^\n  8 |   \n  9 | }\n\nExpected one of the following: \n\n'inherits', '{', whitespace\n","stack":"Error: Failed to parse parciales/amongUs/personalidad.wlk: \n-- PARSING FAILED --------------------------------------------------\n\n  5 | }\n  6 | \n> 7 | class Trol inherit {\n    |            ^\n  8 |   \n  9 | }\n\nExpected one of the following: \n\n'inherits', '{', whitespace\n\n    at c:\\Users\\egoytendia\\.vscode\\extensions\\uqbar.wollok-lsp-ide-0.5.3\\out\\server\\src\\server.js:2348:13026\n    at Array.map (<anonymous>)\n    at W1n (c:\\Users\\egoytendia\\.vscode\\extensions\\uqbar.wollok-lsp-ide-0.5.3\\out\\server\\src\\server.js:2348:12950)\n    at U2.buildEnvironmentFrom (c:\\Users\\egoytendia\\.vscode\\extensions\\uqbar.wollok-lsp-ide-0.5.3\\out\\server\\src\\server.js:2393:5254)\n    at U2.updateEnvironmentWith (c:\\Users\\egoytendia\\.vscode\\extensions\\uqbar.wollok-lsp-ide-0.5.3\\out\\server\\src\\server.js:2393:4989)\n    at JF (c:\\Users\\egoytendia\\.vscode\\extensions\\uqbar.wollok-lsp-ide-0.5.3\\out\\server\\src\\server.js:2393:7383)\n    at F3.invoke (c:\\Users\\egoytendia\\.vscode\\extensions\\uqbar.wollok-lsp-ide-0.5.3\\out\\server\\src\\server.js:3:157334)\n    at o.fire (c:\\Users\\egoytendia\\.vscode\\extensions\\uqbar.wollok-lsp-ide-0.5.3\\out\\server\\src\\server.js:3:158104)\n    at c:\\Users\\egoytendia\\.vscode\\extensions\\uqbar.wollok-lsp-ide-0.5.3\\out\\server\\src\\server.js:37:57871\n    at Zr (c:\\Users\\egoytendia\\.vscode\\extensions\\uqbar.wollok-lsp-ide-0.5.3\\out\\server\\src\\server.js:8:1561)","timestamp":"2025-12-13T05:11:08.168Z"}
{"level":"error","message":"✘ Failed to rebuild document Failed to parse parciales/amongUs/personalidad.wlk: \n-- PARSING FAILED --------------------------------------------------\n\n  5 | }\n  6 | \n> 7 | class Trol inherits {\n    |                     ^\n  8 |   \n  9 | }\n\nExpected one of the following: \n\n'@', comment, identifier, package identifier, whitespace\n","stack":"Error: Failed to parse parciales/amongUs/personalidad.wlk: \n-- PARSING FAILED --------------------------------------------------\n\n  5 | }\n  6 | \n> 7 | class Trol inherits {\n    |                     ^\n  8 |   \n  9 | }\n\nExpected one of the following: \n\n'@', comment, identifier, package identifier, whitespace\n\n    at c:\\Users\\egoytendia\\.vscode\\extensions\\uqbar.wollok-lsp-ide-0.5.3\\out\\server\\src\\server.js:2348:13026\n    at Array.map (<anonymous>)\n    at W1n (c:\\Users\\egoytendia\\.vscode\\extensions\\uqbar.wollok-lsp-ide-0.5.3\\out\\server\\src\\server.js:2348:12950)\n    at U2.buildEnvironmentFrom (c:\\Users\\egoytendia\\.vscode\\extensions\\uqbar.wollok-lsp-ide-0.5.3\\out\\server\\src\\server.js:2393:5254)\n    at U2.updateEnvironmentWith (c:\\Users\\egoytendia\\.vscode\\extensions\\uqbar.wollok-lsp-ide-0.5.3\\out\\server\\src\\server.js:2393:4989)\n    at JF (c:\\Users\\egoytendia\\.vscode\\extensions\\uqbar.wollok-lsp-ide-0.5.3\\out\\server\\src\\server.js:2393:7383)\n    at F3.invoke (c:\\Users\\egoytendia\\.vscode\\extensions\\uqbar.wollok-lsp-ide-0.5.3\\out\\server\\src\\server.js:3:157334)\n    at o.fire (c:\\Users\\egoytendia\\.vscode\\extensions\\uqbar.wollok-lsp-ide-0.5.3\\out\\server\\src\\server.js:3:158104)\n    at c:\\Users\\egoytendia\\.vscode\\extensions\\uqbar.wollok-lsp-ide-0.5.3\\out\\server\\src\\server.js:37:57871\n    at Zr (c:\\Users\\egoytendia\\.vscode\\extensions\\uqbar.wollok-lsp-ide-0.5.3\\out\\server\\src\\server.js:8:1561)","timestamp":"2025-12-13T05:11:08.379Z"}
{"level":"error","message":"✘ Failed to rebuild document Failed to parse parciales/amongUs/personalidad.wlk: \n-- PARSING FAILED --------------------------------------------------\n\n  5 | }\n  6 | \n> 7 | class Trol inherits  {\n    |                      ^\n  8 |   \n  9 | }\n\nExpected one of the following: \n\n'@', comment, identifier, package identifier, whitespace\n","stack":"Error: Failed to parse parciales/amongUs/personalidad.wlk: \n-- PARSING FAILED --------------------------------------------------\n\n  5 | }\n  6 | \n> 7 | class Trol inherits  {\n    |                      ^\n  8 |   \n  9 | }\n\nExpected one of the following: \n\n'@', comment, identifier, package identifier, whitespace\n\n    at c:\\Users\\egoytendia\\.vscode\\extensions\\uqbar.wollok-lsp-ide-0.5.3\\out\\server\\src\\server.js:2348:13026\n    at Array.map (<anonymous>)\n    at W1n (c:\\Users\\egoytendia\\.vscode\\extensions\\uqbar.wollok-lsp-ide-0.5.3\\out\\server\\src\\server.js:2348:12950)\n    at U2.buildEnvironmentFrom (c:\\Users\\egoytendia\\.vscode\\extensions\\uqbar.wollok-lsp-ide-0.5.3\\out\\server\\src\\server.js:2393:5254)\n    at U2.updateEnvironmentWith (c:\\Users\\egoytendia\\.vscode\\extensions\\uqbar.wollok-lsp-ide-0.5.3\\out\\server\\src\\server.js:2393:4989)\n    at JF (c:\\Users\\egoytendia\\.vscode\\extensions\\uqbar.wollok-lsp-ide-0.5.3\\out\\server\\src\\server.js:2393:7383)\n    at F3.invoke (c:\\Users\\egoytendia\\.vscode\\extensions\\uqbar.wollok-lsp-ide-0.5.3\\out\\server\\src\\server.js:3:157334)\n    at o.fire (c:\\Users\\egoytendia\\.vscode\\extensions\\uqbar.wollok-lsp-ide-0.5.3\\out\\server\\src\\server.js:3:158104)\n    at c:\\Users\\egoytendia\\.vscode\\extensions\\uqbar.wollok-lsp-ide-0.5.3\\out\\server\\src\\server.js:37:57871\n    at Zr (c:\\Users\\egoytendia\\.vscode\\extensions\\uqbar.wollok-lsp-ide-0.5.3\\out\\server\\src\\server.js:8:1561)","timestamp":"2025-12-13T05:11:08.538Z"}
{"level":"info","message":"⌛ Building environment","timeElapsed":107,"timestamp":"2025-12-13T05:11:09.406Z"}
{"level":"error","message":"✘ Completions for node ParameterizedType ([7:21, 7:22] - parciales/amongUs/personalidad.wlk) failed: Error: [ParameterizedType]{02937d} at parciales/amongUs/personalidad.wlk:7 exhausted all cases without a match [ParameterizedType]{02937d} at parciales/amongUs/personalidad.wlk:7 exhausted all cases without a match","stack":"Error: [ParameterizedType]{02937d} at parciales/amongUs/personalidad.wlk:7 exhausted all cases without a match\n    at c:\\Users\\egoytendia\\.vscode\\extensions\\uqbar.wollok-lsp-ide-0.5.3\\out\\server\\src\\server.js:38:6142\n    at D2 (c:\\Users\\egoytendia\\.vscode\\extensions\\uqbar.wollok-lsp-ide-0.5.3\\out\\server\\src\\server.js:2384:42)\n    at Qh (c:\\Users\\egoytendia\\.vscode\\extensions\\uqbar.wollok-lsp-ide-0.5.3\\out\\server\\src\\server.js:2384:1092)\n    at k6n (c:\\Users\\egoytendia\\.vscode\\extensions\\uqbar.wollok-lsp-ide-0.5.3\\out\\server\\src\\server.js:2384:1248)\n    at c:\\Users\\egoytendia\\.vscode\\extensions\\uqbar.wollok-lsp-ide-0.5.3\\out\\server\\src\\server.js:38:6131\n    at D2 (c:\\Users\\egoytendia\\.vscode\\extensions\\uqbar.wollok-lsp-ide-0.5.3\\out\\server\\src\\server.js:2384:42)\n    at c:\\Users\\egoytendia\\.vscode\\extensions\\uqbar.wollok-lsp-ide-0.5.3\\out\\server\\src\\server.js:2384:2988\n    at c:\\Users\\egoytendia\\.vscode\\extensions\\uqbar.wollok-lsp-ide-0.5.3\\out\\server\\src\\server.js:2393:8440\n    at c:\\Users\\egoytendia\\.vscode\\extensions\\uqbar.wollok-lsp-ide-0.5.3\\out\\server\\src\\server.js:37:74872\n    at Ye (c:\\Users\\egoytendia\\.vscode\\extensions\\uqbar.wollok-lsp-ide-0.5.3\\out\\server\\src\\server.js:7:8527)","timestamp":"2025-12-13T05:11:09.439Z"}
{"level":"info","message":"⌛ Validating parciales/amongUs/personalidad.wlk","timeElapsed":113,"timestamp":"2025-12-13T05:11:09.553Z"}
{"level":"info","message":"⌛ Building environment","timeElapsed":110,"timestamp":"2025-12-13T05:11:09.667Z"}
{"level":"info","message":"⌛ Validating parciales/amongUs/personalidad.wlk","timeElapsed":123,"timestamp":"2025-12-13T05:11:09.790Z"}
{"level":"info","message":"⌛ Validating parciales/amongUs/personalidad.wlk","timeElapsed":125,"timestamp":"2025-12-13T05:11:09.993Z"}
{"level":"info","message":"⌛ Validating parciales/amongUs/personalidad.wlk","timeElapsed":145,"timestamp":"2025-12-13T05:11:10.406Z"}
{"level":"info","message":"⌛ Validating parciales/amongUs/personalidad.wlk","timeElapsed":108,"timestamp":"2025-12-13T05:11:10.514Z"}
{"level":"info","message":"⌛ Validating parciales/amongUs/personalidad.wlk","timeElapsed":103,"timestamp":"2025-12-13T05:11:10.618Z"}
{"level":"info","message":"⌛ Validating parciales/amongUs/personalidad.wlk","timeElapsed":111,"timestamp":"2025-12-13T05:11:10.837Z"}
{"level":"info","message":"⌛ Validating parciales/amongUs/personalidad.wlk","timeElapsed":139,"timestamp":"2025-12-13T05:11:11.839Z"}
{"level":"info","message":"⌛ Validating parciales/amongUs/personalidad.wlk","timeElapsed":106,"timestamp":"2025-12-13T05:11:11.945Z"}
{"level":"info","message":"⌛ Building environment","timeElapsed":104,"timestamp":"2025-12-13T05:11:26.360Z"}
{"level":"info","message":"⌛ Validating parciales/amongUs/personalidad.wlk","timeElapsed":117,"timestamp":"2025-12-13T05:11:26.478Z"}
{"level":"info","message":"⌛ Validating parciales/amongUs/personalidad.wlk","timeElapsed":122,"timestamp":"2025-12-13T05:11:27.250Z"}
{"level":"info","message":"⌛ Validating parciales/amongUs/personalidad.wlk","timeElapsed":113,"timestamp":"2025-12-13T05:11:27.606Z"}
{"level":"info","message":"⌛ Validating parciales/amongUs/personalidad.wlk","timeElapsed":112,"timestamp":"2025-12-13T05:11:27.827Z"}
{"level":"info","message":"⌛ Building environment","timeElapsed":102,"timestamp":"2025-12-13T05:11:27.930Z"}
{"level":"info","message":"⌛ Validating parciales/amongUs/personalidad.wlk","timeElapsed":123,"timestamp":"2025-12-13T05:11:28.176Z"}
{"level":"info","message":"⌛ Validating parciales/amongUs/personalidad.wlk","timeElapsed":108,"timestamp":"2025-12-13T05:11:28.402Z"}
{"level":"info","message":"⌛ Building environment","timeElapsed":103,"timestamp":"2025-12-13T05:11:28.583Z"}
{"level":"info","message":"⌛ Validating parciales/amongUs/personalidad.wlk","timeElapsed":108,"timestamp":"2025-12-13T05:11:28.691Z"}
{"level":"info","message":"⌛ Validating parciales/amongUs/personalidad.wlk","timeElapsed":101,"timestamp":"2025-12-13T05:11:28.799Z"}
{"level":"info","message":"⌛ Validating parciales/amongUs/personalidad.wlk","timeElapsed":106,"timestamp":"2025-12-13T05:11:28.906Z"}
{"level":"info","message":"⌛ Building environment","timeElapsed":117,"timestamp":"2025-12-13T05:11:31.705Z"}
{"level":"info","message":"⌛ Validating parciales/amongUs/personalidad.wlk","timeElapsed":109,"timestamp":"2025-12-13T05:11:31.814Z"}
{"level":"info","message":"⌛ Building environment","timeElapsed":110,"timestamp":"2025-12-13T05:11:33.346Z"}
{"level":"info","message":"⌛ Validating parciales/amongUs/personalidad.wlk","timeElapsed":114,"timestamp":"2025-12-13T05:11:33.465Z"}
{"level":"info","message":"⌛ Validating parciales/amongUs/personalidad.wlk","timeElapsed":106,"timestamp":"2025-12-13T05:11:37.643Z"}
{"level":"info","message":"⌛ Validating parciales/amongUs/personalidad.wlk","timeElapsed":108,"timestamp":"2025-12-13T05:11:37.881Z"}
{"level":"info","message":"⌛ Building environment","timeElapsed":117,"timestamp":"2025-12-13T05:11:37.999Z"}
{"level":"info","message":"⌛ Validating parciales/amongUs/personalidad.wlk","timeElapsed":119,"timestamp":"2025-12-13T05:11:38.118Z"}
{"level":"info","message":"⌛ Validating parciales/amongUs/personalidad.wlk","timeElapsed":109,"timestamp":"2025-12-13T05:11:38.410Z"}
{"level":"info","message":"⌛ Validating parciales/amongUs/personalidad.wlk","timeElapsed":117,"timestamp":"2025-12-13T05:11:39.970Z"}
{"level":"info","message":"⌛ Validating parciales/amongUs/personalidad.wlk","timeElapsed":119,"timestamp":"2025-12-13T05:11:40.108Z"}
{"level":"info","message":"⌛ Validating parciales/amongUs/personalidad.wlk","timeElapsed":116,"timestamp":"2025-12-13T05:11:40.519Z"}
{"level":"info","message":"⌛ Validating parciales/amongUs/personalidad.wlk","timeElapsed":121,"timestamp":"2025-12-13T05:11:40.641Z"}
{"level":"info","message":"⌛ Validating parciales/amongUs/personalidad.wlk","timeElapsed":143,"timestamp":"2025-12-13T05:11:40.789Z"}
{"level":"info","message":"⌛ Building environment","timeElapsed":123,"timestamp":"2025-12-13T05:11:41.250Z"}
{"level":"error","message":"✘ Completions for node Parameter ([9:25, 9:26] - parciales/amongUs/personalidad.wlk) failed: Error: [Parameter]{1a8b15} at parciales/amongUs/personalidad.wlk:9 exhausted all cases without a match [Parameter]{1a8b15} at parciales/amongUs/personalidad.wlk:9 exhausted all cases without a match","stack":"Error: [Parameter]{1a8b15} at parciales/amongUs/personalidad.wlk:9 exhausted all cases without a match\n    at c:\\Users\\egoytendia\\.vscode\\extensions\\uqbar.wollok-lsp-ide-0.5.3\\out\\server\\src\\server.js:38:6142\n    at D2 (c:\\Users\\egoytendia\\.vscode\\extensions\\uqbar.wollok-lsp-ide-0.5.3\\out\\server\\src\\server.js:2384:42)\n    at c:\\Users\\egoytendia\\.vscode\\extensions\\uqbar.wollok-lsp-ide-0.5.3\\out\\server\\src\\server.js:2384:2988\n    at c:\\Users\\egoytendia\\.vscode\\extensions\\uqbar.wollok-lsp-ide-0.5.3\\out\\server\\src\\server.js:2393:8440\n    at c:\\Users\\egoytendia\\.vscode\\extensions\\uqbar.wollok-lsp-ide-0.5.3\\out\\server\\src\\server.js:37:74872\n    at Ye (c:\\Users\\egoytendia\\.vscode\\extensions\\uqbar.wollok-lsp-ide-0.5.3\\out\\server\\src\\server.js:7:8527)\n    at qt (c:\\Users\\egoytendia\\.vscode\\extensions\\uqbar.wollok-lsp-ide-0.5.3\\out\\server\\src\\server.js:7:6189)\n    at ot (c:\\Users\\egoytendia\\.vscode\\extensions\\uqbar.wollok-lsp-ide-0.5.3\\out\\server\\src\\server.js:7:6378)\n    at Immediate._onImmediate (c:\\Users\\egoytendia\\.vscode\\extensions\\uqbar.wollok-lsp-ide-0.5.3\\out\\server\\src\\server.js:7:6142)\n    at process.processImmediate (node:internal/timers:485:21)","timestamp":"2025-12-13T05:11:41.277Z"}
{"level":"info","message":"⌛ Validating parciales/amongUs/personalidad.wlk","timeElapsed":111,"timestamp":"2025-12-13T05:11:41.472Z"}
{"level":"info","message":"⌛ Validating parciales/amongUs/personalidad.wlk","timeElapsed":125,"timestamp":"2025-12-13T05:11:41.708Z"}
{"level":"error","message":"✘ Completions for node Parameter ([9:25, 9:28] - parciales/amongUs/personalidad.wlk) failed: Error: [Parameter]{d34cb7} at parciales/amongUs/personalidad.wlk:9 exhausted all cases without a match [Parameter]{d34cb7} at parciales/amongUs/personalidad.wlk:9 exhausted all cases without a match","stack":"Error: [Parameter]{d34cb7} at parciales/amongUs/personalidad.wlk:9 exhausted all cases without a match\n    at c:\\Users\\egoytendia\\.vscode\\extensions\\uqbar.wollok-lsp-ide-0.5.3\\out\\server\\src\\server.js:38:6142\n    at D2 (c:\\Users\\egoytendia\\.vscode\\extensions\\uqbar.wollok-lsp-ide-0.5.3\\out\\server\\src\\server.js:2384:42)\n    at c:\\Users\\egoytendia\\.vscode\\extensions\\uqbar.wollok-lsp-ide-0.5.3\\out\\server\\src\\server.js:2384:2988\n    at c:\\Users\\egoytendia\\.vscode\\extensions\\uqbar.wollok-lsp-ide-0.5.3\\out\\server\\src\\server.js:2393:8440\n    at c:\\Users\\egoytendia\\.vscode\\extensions\\uqbar.wollok-lsp-ide-0.5.3\\out\\server\\src\\server.js:37:74872\n    at Ye (c:\\Users\\egoytendia\\.vscode\\extensions\\uqbar.wollok-lsp-ide-0.5.3\\out\\server\\src\\server.js:7:8527)\n    at qt (c:\\Users\\egoytendia\\.vscode\\extensions\\uqbar.wollok-lsp-ide-0.5.3\\out\\server\\src\\server.js:7:6189)\n    at ot (c:\\Users\\egoytendia\\.vscode\\extensions\\uqbar.wollok-lsp-ide-0.5.3\\out\\server\\src\\server.js:7:6378)\n    at Immediate._onImmediate (c:\\Users\\egoytendia\\.vscode\\extensions\\uqbar.wollok-lsp-ide-0.5.3\\out\\server\\src\\server.js:7:6142)\n    at process.processImmediate (node:internal/timers:485:21)","timestamp":"2025-12-13T05:11:41.733Z"}
{"level":"info","message":"⌛ Validating parciales/amongUs/personalidad.wlk","timeElapsed":116,"timestamp":"2025-12-13T05:11:42.027Z"}
{"level":"info","message":"⌛ Building environment","timeElapsed":102,"timestamp":"2025-12-13T05:11:42.130Z"}
{"level":"error","message":"✘ Completions for node Parameter ([9:25, 9:32] - parciales/amongUs/personalidad.wlk) failed: Error: [Parameter]{351731} at parciales/amongUs/personalidad.wlk:9 exhausted all cases without a match [Parameter]{351731} at parciales/amongUs/personalidad.wlk:9 exhausted all cases without a match","stack":"Error: [Parameter]{351731} at parciales/amongUs/personalidad.wlk:9 exhausted all cases without a match\n    at c:\\Users\\egoytendia\\.vscode\\extensions\\uqbar.wollok-lsp-ide-0.5.3\\out\\server\\src\\server.js:38:6142\n    at D2 (c:\\Users\\egoytendia\\.vscode\\extensions\\uqbar.wollok-lsp-ide-0.5.3\\out\\server\\src\\server.js:2384:42)\n    at c:\\Users\\egoytendia\\.vscode\\extensions\\uqbar.wollok-lsp-ide-0.5.3\\out\\server\\src\\server.js:2384:2988\n    at c:\\Users\\egoytendia\\.vscode\\extensions\\uqbar.wollok-lsp-ide-0.5.3\\out\\server\\src\\server.js:2393:8440\n    at c:\\Users\\egoytendia\\.vscode\\extensions\\uqbar.wollok-lsp-ide-0.5.3\\out\\server\\src\\server.js:37:74872\n    at Ye (c:\\Users\\egoytendia\\.vscode\\extensions\\uqbar.wollok-lsp-ide-0.5.3\\out\\server\\src\\server.js:7:8527)\n    at qt (c:\\Users\\egoytendia\\.vscode\\extensions\\uqbar.wollok-lsp-ide-0.5.3\\out\\server\\src\\server.js:7:6189)\n    at ot (c:\\Users\\egoytendia\\.vscode\\extensions\\uqbar.wollok-lsp-ide-0.5.3\\out\\server\\src\\server.js:7:6378)\n    at Immediate._onImmediate (c:\\Users\\egoytendia\\.vscode\\extensions\\uqbar.wollok-lsp-ide-0.5.3\\out\\server\\src\\server.js:7:6142)\n    at process.processImmediate (node:internal/timers:485:21)","timestamp":"2025-12-13T05:11:42.242Z"}
{"level":"info","message":"⌛ Validating parciales/amongUs/personalidad.wlk","timeElapsed":113,"timestamp":"2025-12-13T05:11:42.360Z"}
{"level":"info","message":"⌛ Validating parciales/amongUs/personalidad.wlk","timeElapsed":112,"timestamp":"2025-12-13T05:11:42.558Z"}
{"level":"info","message":"⌛ Validating parciales/amongUs/personalidad.wlk","timeElapsed":144,"timestamp":"2025-12-13T05:11:42.788Z"}
{"level":"info","message":"⌛ Validating parciales/amongUs/personalidad.wlk","timeElapsed":106,"timestamp":"2025-12-13T05:11:42.895Z"}
{"level":"info","message":"⌛ Validating parciales/amongUs/personalidad.wlk","timeElapsed":138,"timestamp":"2025-12-13T05:11:43.038Z"}
{"level":"info","message":"⌛ Validating parciales/amongUs/personalidad.wlk","timeElapsed":105,"timestamp":"2025-12-13T05:11:43.143Z"}
{"level":"error","message":"✘ Completions for node Parameter ([9:34, 9:35] - parciales/amongUs/personalidad.wlk) failed: Error: [Parameter]{e17d7c} at parciales/amongUs/personalidad.wlk:9 exhausted all cases without a match [Parameter]{e17d7c} at parciales/amongUs/personalidad.wlk:9 exhausted all cases without a match","stack":"Error: [Parameter]{e17d7c} at parciales/amongUs/personalidad.wlk:9 exhausted all cases without a match\n    at c:\\Users\\egoytendia\\.vscode\\extensions\\uqbar.wollok-lsp-ide-0.5.3\\out\\server\\src\\server.js:38:6142\n    at D2 (c:\\Users\\egoytendia\\.vscode\\extensions\\uqbar.wollok-lsp-ide-0.5.3\\out\\server\\src\\server.js:2384:42)\n    at c:\\Users\\egoytendia\\.vscode\\extensions\\uqbar.wollok-lsp-ide-0.5.3\\out\\server\\src\\server.js:2384:2988\n    at c:\\Users\\egoytendia\\.vscode\\extensions\\uqbar.wollok-lsp-ide-0.5.3\\out\\server\\src\\server.js:2393:8440\n    at c:\\Users\\egoytendia\\.vscode\\extensions\\uqbar.wollok-lsp-ide-0.5.3\\out\\server\\src\\server.js:37:74872\n    at Ye (c:\\Users\\egoytendia\\.vscode\\extensions\\uqbar.wollok-lsp-ide-0.5.3\\out\\server\\src\\server.js:7:8527)\n    at qt (c:\\Users\\egoytendia\\.vscode\\extensions\\uqbar.wollok-lsp-ide-0.5.3\\out\\server\\src\\server.js:7:6189)\n    at ot (c:\\Users\\egoytendia\\.vscode\\extensions\\uqbar.wollok-lsp-ide-0.5.3\\out\\server\\src\\server.js:7:6378)\n    at Immediate._onImmediate (c:\\Users\\egoytendia\\.vscode\\extensions\\uqbar.wollok-lsp-ide-0.5.3\\out\\server\\src\\server.js:7:6142)\n    at process.processImmediate (node:internal/timers:485:21)","timestamp":"2025-12-13T05:11:43.273Z"}
{"level":"info","message":"⌛ Validating parciales/amongUs/personalidad.wlk","timeElapsed":136,"timestamp":"2025-12-13T05:11:43.658Z"}
{"level":"info","message":"⌛ Validating parciales/amongUs/personalidad.wlk","timeElapsed":103,"timestamp":"2025-12-13T05:11:43.762Z"}
{"level":"info","message":"⌛ Validating parciales/amongUs/personalidad.wlk","timeElapsed":103,"timestamp":"2025-12-13T05:11:43.866Z"}
{"level":"info","message":"⌛ Building environment","timeElapsed":110,"timestamp":"2025-12-13T05:17:12.982Z"}
{"level":"info","message":"⌛ Validating parciales/amongUs/personalidad.wlk","timeElapsed":109,"timestamp":"2025-12-13T05:17:13.143Z"}
{"level":"info","message":"⌛ Building environment","timeElapsed":106,"timestamp":"2025-12-13T05:18:27.173Z"}
{"level":"info","message":"⌛ Validating parciales/amongUs/personalidad.wlk","timeElapsed":117,"timestamp":"2025-12-13T05:18:27.463Z"}
{"level":"info","message":"⌛ Validating parciales/amongUs/personalidad.wlk","timeElapsed":142,"timestamp":"2025-12-13T05:18:27.687Z"}
{"level":"info","message":"⌛ Validating parciales/amongUs/personalidad.wlk","timeElapsed":111,"timestamp":"2025-12-13T05:18:27.894Z"}
{"level":"info","message":"⌛ Validating parciales/amongUs/personalidad.wlk","timeElapsed":106,"timestamp":"2025-12-13T05:18:28.089Z"}
{"level":"info","message":"⌛ Validating parciales/amongUs/personalidad.wlk","timeElapsed":134,"timestamp":"2025-12-13T05:18:28.223Z"}
{"level":"info","message":"⌛ Validating parciales/amongUs/personalidad.wlk","timeElapsed":106,"timestamp":"2025-12-13T05:18:28.421Z"}
{"level":"info","message":"⌛ Validating parciales/amongUs/personalidad.wlk","timeElapsed":115,"timestamp":"2025-12-13T05:18:28.787Z"}
{"level":"info","message":"⌛ Validating parciales/amongUs/personalidad.wlk","timeElapsed":120,"timestamp":"2025-12-13T05:18:28.909Z"}
{"level":"info","message":"⌛ Validating parciales/amongUs/personalidad.wlk","timeElapsed":109,"timestamp":"2025-12-13T05:18:29.326Z"}
{"level":"info","message":"⌛ Validating parciales/amongUs/personalidad.wlk","timeElapsed":117,"timestamp":"2025-12-13T05:18:29.443Z"}
{"level":"info","message":"⌛ Validating parciales/amongUs/personalidad.wlk","timeElapsed":101,"timestamp":"2025-12-13T05:18:29.550Z"}
{"level":"error","message":"✘ Completions for node Return ([10:5, 10:13] - parciales/amongUs/personalidad.wlk) failed: Error: [Return]{9c810c} at parciales/amongUs/personalidad.wlk:10 exhausted all cases without a match [Return]{9c810c} at parciales/amongUs/personalidad.wlk:10 exhausted all cases without a match","stack":"Error: [Return]{9c810c} at parciales/amongUs/personalidad.wlk:10 exhausted all cases without a match\n    at c:\\Users\\egoytendia\\.vscode\\extensions\\uqbar.wollok-lsp-ide-0.5.3\\out\\server\\src\\server.js:38:6142\n    at D2 (c:\\Users\\egoytendia\\.vscode\\extensions\\uqbar.wollok-lsp-ide-0.5.3\\out\\server\\src\\server.js:2384:42)\n    at Qh (c:\\Users\\egoytendia\\.vscode\\extensions\\uqbar.wollok-lsp-ide-0.5.3\\out\\server\\src\\server.js:2384:1092)\n    at k6n (c:\\Users\\egoytendia\\.vscode\\extensions\\uqbar.wollok-lsp-ide-0.5.3\\out\\server\\src\\server.js:2384:1248)\n    at c:\\Users\\egoytendia\\.vscode\\extensions\\uqbar.wollok-lsp-ide-0.5.3\\out\\server\\src\\server.js:38:6131\n    at D2 (c:\\Users\\egoytendia\\.vscode\\extensions\\uqbar.wollok-lsp-ide-0.5.3\\out\\server\\src\\server.js:2384:42)\n    at c:\\Users\\egoytendia\\.vscode\\extensions\\uqbar.wollok-lsp-ide-0.5.3\\out\\server\\src\\server.js:2384:2988\n    at c:\\Users\\egoytendia\\.vscode\\extensions\\uqbar.wollok-lsp-ide-0.5.3\\out\\server\\src\\server.js:2393:8440\n    at c:\\Users\\egoytendia\\.vscode\\extensions\\uqbar.wollok-lsp-ide-0.5.3\\out\\server\\src\\server.js:37:74872\n    at Ye (c:\\Users\\egoytendia\\.vscode\\extensions\\uqbar.wollok-lsp-ide-0.5.3\\out\\server\\src\\server.js:7:8527)","timestamp":"2025-12-13T05:18:30.231Z"}
{"level":"info","message":"⌛ Validating parciales/amongUs/personalidad.wlk","timeElapsed":108,"timestamp":"2025-12-13T05:18:30.342Z"}
{"level":"info","message":"⌛ Validating parciales/amongUs/personalidad.wlk","timeElapsed":110,"timestamp":"2025-12-13T05:18:30.625Z"}
{"level":"info","message":"⌛ Validating parciales/amongUs/personalidad.wlk","timeElapsed":129,"timestamp":"2025-12-13T05:18:30.755Z"}
{"level":"info","message":"⌛ Validating parciales/amongUs/personalidad.wlk","timeElapsed":110,"timestamp":"2025-12-13T05:18:31.013Z"}
{"level":"info","message":"⌛ Building environment","timeElapsed":116,"timestamp":"2025-12-13T05:18:31.240Z"}
{"level":"info","message":"⌛ Validating parciales/amongUs/personalidad.wlk","timeElapsed":112,"timestamp":"2025-12-13T05:18:31.358Z"}
{"level":"info","message":"⌛ Building environment","timeElapsed":107,"timestamp":"2025-12-13T05:18:31.552Z"}
{"level":"info","message":"⌛ Validating parciales/amongUs/personalidad.wlk","timeElapsed":122,"timestamp":"2025-12-13T05:18:31.675Z"}
{"level":"info","message":"⌛ Validating parciales/amongUs/personalidad.wlk","timeElapsed":107,"timestamp":"2025-12-13T05:18:31.782Z"}
{"level":"info","message":"⌛ Building environment","timeElapsed":102,"timestamp":"2025-12-13T05:18:32.122Z"}
{"level":"info","message":"⌛ Validating parciales/amongUs/personalidad.wlk","timeElapsed":114,"timestamp":"2025-12-13T05:18:32.237Z"}
{"level":"info","message":"⌛ Building environment","timeElapsed":104,"timestamp":"2025-12-13T05:18:41.763Z"}
{"level":"info","message":"⌛ Validating parciales/amongUs/nave.wlk","timeElapsed":127,"timestamp":"2025-12-13T05:18:41.921Z"}
{"level":"info","message":"⌛ Building environment","timeElapsed":101,"timestamp":"2025-12-13T05:18:42.201Z"}
{"level":"info","message":"⌛ Validating parciales/amongUs/nave.wlk","timeElapsed":147,"timestamp":"2025-12-13T05:18:42.351Z"}
{"level":"info","message":"⌛ Validating parciales/amongUs/nave.wlk","timeElapsed":107,"timestamp":"2025-12-13T05:18:42.458Z"}
{"level":"info","message":"⌛ Validating parciales/amongUs/nave.wlk","timeElapsed":105,"timestamp":"2025-12-13T05:18:42.562Z"}
{"level":"info","message":"⌛ Building environment","timeElapsed":114,"timestamp":"2025-12-13T05:18:42.823Z"}
{"level":"info","message":"⌛ Validating parciales/amongUs/nave.wlk","timeElapsed":115,"timestamp":"2025-12-13T05:18:42.939Z"}
{"level":"info","message":"⌛ Validating parciales/amongUs/nave.wlk","timeElapsed":111,"timestamp":"2025-12-13T05:18:43.131Z"}
{"level":"info","message":"⌛ Validating parciales/amongUs/nave.wlk","timeElapsed":116,"timestamp":"2025-12-13T05:18:43.363Z"}
{"level":"info","message":"⌛ Building environment","timeElapsed":102,"timestamp":"2025-12-13T05:18:43.976Z"}
{"level":"info","message":"⌛ Validating parciales/amongUs/nave.wlk","timeElapsed":115,"timestamp":"2025-12-13T05:18:44.179Z"}
{"level":"info","message":"⌛ Validating parciales/amongUs/nave.wlk","timeElapsed":126,"timestamp":"2025-12-13T05:18:44.306Z"}
{"level":"error","message":"✘ Failed to rebuild document Failed to parse parciales/amongUs/personalidad.wlk: \n-- PARSING FAILED --------------------------------------------------\n\n  10 |     return }\n  11 |   }\n> 12 | }\n     | ^\n\nExpected one of the following: \n\n' ', '@', 'class', 'const', 'describe', 'mixin', 'object', 'only', 'package', 'program', 'test', 'var', '{', EOF, comment, not \"}\", whitespace\n","stack":"Error: Failed to parse parciales/amongUs/personalidad.wlk: \n-- PARSING FAILED --------------------------------------------------\n\n  10 |     return }\n  11 |   }\n> 12 | }\n     | ^\n\nExpected one of the following: \n\n' ', '@', 'class', 'const', 'describe', 'mixin', 'object', 'only', 'package', 'program', 'test', 'var', '{', EOF, comment, not \"}\", whitespace\n\n    at c:\\Users\\egoytendia\\.vscode\\extensions\\uqbar.wollok-lsp-ide-0.5.3\\out\\server\\src\\server.js:2348:13026\n    at Array.map (<anonymous>)\n    at W1n (c:\\Users\\egoytendia\\.vscode\\extensions\\uqbar.wollok-lsp-ide-0.5.3\\out\\server\\src\\server.js:2348:12950)\n    at U2.buildEnvironmentFrom (c:\\Users\\egoytendia\\.vscode\\extensions\\uqbar.wollok-lsp-ide-0.5.3\\out\\server\\src\\server.js:2393:5254)\n    at U2.updateEnvironmentWith (c:\\Users\\egoytendia\\.vscode\\extensions\\uqbar.wollok-lsp-ide-0.5.3\\out\\server\\src\\server.js:2393:4989)\n    at JF (c:\\Users\\egoytendia\\.vscode\\extensions\\uqbar.wollok-lsp-ide-0.5.3\\out\\server\\src\\server.js:2393:7383)\n    at F3.invoke (c:\\Users\\egoytendia\\.vscode\\extensions\\uqbar.wollok-lsp-ide-0.5.3\\out\\server\\src\\server.js:3:157334)\n    at o.fire (c:\\Users\\egoytendia\\.vscode\\extensions\\uqbar.wollok-lsp-ide-0.5.3\\out\\server\\src\\server.js:3:158104)\n    at c:\\Users\\egoytendia\\.vscode\\extensions\\uqbar.wollok-lsp-ide-0.5.3\\out\\server\\src\\server.js:37:57871\n    at Zr (c:\\Users\\egoytendia\\.vscode\\extensions\\uqbar.wollok-lsp-ide-0.5.3\\out\\server\\src\\server.js:8:1561)","timestamp":"2025-12-13T05:18:53.100Z"}
{"level":"info","message":"⌛ Building environment","timeElapsed":110,"timestamp":"2025-12-13T05:18:53.690Z"}
{"level":"info","message":"⌛ Validating parciales/amongUs/personalidad.wlk","timeElapsed":114,"timestamp":"2025-12-13T05:18:53.812Z"}
{"level":"info","message":"⌛ Building environment","timeElapsed":107,"timestamp":"2025-12-13T05:18:54.002Z"}
{"level":"info","message":"⌛ Validating parciales/amongUs/personalidad.wlk","timeElapsed":125,"timestamp":"2025-12-13T05:18:54.127Z"}
{"level":"info","message":"⌛ Validating parciales/amongUs/personalidad.wlk","timeElapsed":109,"timestamp":"2025-12-13T05:18:54.236Z"}
{"level":"info","message":"⌛ Validating parciales/amongUs/personalidad.wlk","timeElapsed":106,"timestamp":"2025-12-13T05:18:54.517Z"}
{"level":"info","message":"⌛ Building environment","timeElapsed":116,"timestamp":"2025-12-13T05:18:54.635Z"}
{"level":"info","message":"⌛ Validating parciales/amongUs/personalidad.wlk","timeElapsed":117,"timestamp":"2025-12-13T05:18:54.752Z"}
{"level":"info","message":"⌛ Validating parciales/amongUs/personalidad.wlk","timeElapsed":113,"timestamp":"2025-12-13T05:18:54.947Z"}
{"level":"info","message":"⌛ Validating parciales/amongUs/personalidad.wlk","timeElapsed":104,"timestamp":"2025-12-13T05:18:55.055Z"}
{"level":"info","message":"⌛ Validating parciales/amongUs/personalidad.wlk","timeElapsed":110,"timestamp":"2025-12-13T05:18:55.246Z"}
{"level":"info","message":"⌛ Building environment","timeElapsed":111,"timestamp":"2025-12-13T05:19:32.657Z"}
{"level":"info","message":"⌛ Building environment","timeElapsed":127,"timestamp":"2025-12-13T05:19:32.784Z"}
{"level":"info","message":"⌛ Validating parciales/amongUs/nave.wlk","timeElapsed":117,"timestamp":"2025-12-13T05:19:32.902Z"}
{"level":"info","message":"⌛ Validating parciales/amongUs/nave.wlk","timeElapsed":120,"timestamp":"2025-12-13T05:19:33.022Z"}
{"level":"info","message":"⌛ Building environment","timeElapsed":110,"timestamp":"2025-12-13T05:19:33.592Z"}
{"level":"info","message":"⌛ Validating parciales/amongUs/nave.wlk","timeElapsed":114,"timestamp":"2025-12-13T05:19:33.732Z"}
{"level":"info","message":"⌛ Building environment","timeElapsed":101,"timestamp":"2025-12-13T05:19:33.907Z"}
{"level":"info","message":"⌛ Validating parciales/amongUs/nave.wlk","timeElapsed":115,"timestamp":"2025-12-13T05:19:34.028Z"}
{"level":"info","message":"⌛ Building environment","timeElapsed":109,"timestamp":"2025-12-13T05:19:34.138Z"}
{"level":"info","message":"⌛ Validating parciales/amongUs/nave.wlk","timeElapsed":114,"timestamp":"2025-12-13T05:19:34.372Z"}
{"level":"info","message":"⌛ Validating parciales/amongUs/nave.wlk","timeElapsed":102,"timestamp":"2025-12-13T05:19:34.474Z"}
{"level":"info","message":"⌛ Building environment","timeElapsed":105,"timestamp":"2025-12-13T05:19:34.782Z"}
{"level":"info","message":"⌛ Validating parciales/amongUs/nave.wlk","timeElapsed":115,"timestamp":"2025-12-13T05:19:34.898Z"}
