{"level":"info","message":"⌛ Building environment","timeElapsed":360,"timestamp":"2025-12-12T21:32:28.832Z"}
{"level":"info","message":"⌛ Building environment","timeElapsed":204,"timestamp":"2025-12-12T21:32:29.040Z"}
{"level":"info","message":"⌛ Building environment","timeElapsed":157,"timestamp":"2025-12-12T21:32:29.209Z"}
{"level":"info","message":"⌛ Validating parciales/elLegadoDeSoliamMurr/exiliado.wlk","timeElapsed":351,"timestamp":"2025-12-12T21:32:29.564Z"}
{"level":"info","message":"⌛ Building environment","timeElapsed":175,"timestamp":"2025-12-12T21:32:29.742Z"}
{"level":"info","message":"⌛ Building environment","timeElapsed":150,"timestamp":"2025-12-12T21:32:29.919Z"}
{"level":"info","message":"⌛ Building environment","timeElapsed":108,"timestamp":"2025-12-12T21:32:30.124Z"}
{"level":"info","message":"⌛ Validating parciales/noticiasDeAyer/periodista.wlk","timeElapsed":121,"timestamp":"2025-12-12T21:32:30.792Z"}
{"level":"info","message":"⌛ Building environment","timeElapsed":128,"timestamp":"2025-12-12T21:32:30.921Z"}
{"level":"info","message":"⌛ Building environment","timeElapsed":128,"timestamp":"2025-12-12T21:32:31.213Z"}
{"level":"info","message":"⌛ Building environment","timeElapsed":159,"timestamp":"2025-12-12T21:32:32.119Z"}
{"level":"info","message":"⌛ Building environment","timeElapsed":101,"timestamp":"2025-12-12T21:32:32.220Z"}
{"level":"info","message":"⌛ Building environment","timeElapsed":122,"timestamp":"2025-12-12T21:32:32.614Z"}
{"level":"info","message":"⌛ Validating parciales/elLegadoDeSoliamMurr/exiliado.wlk","timeElapsed":101,"timestamp":"2025-12-12T21:32:32.805Z"}
{"level":"info","message":"⌛ Validating Guia-03/alquiler-Vehiculos/bicicletas.wlk","timeElapsed":103,"timestamp":"2025-12-12T21:32:34.621Z"}
{"level":"info","message":"⌛ Validating Guia-03/alquiler-Vehiculos/autos.wlk","timeElapsed":104,"timestamp":"2025-12-12T21:32:34.726Z"}
{"level":"info","message":"⌛ Validating Guia-01/Ejercicio1-PepitaBasica/pepitaBasica.wlk","timeElapsed":104,"timestamp":"2025-12-12T21:32:35.119Z"}
{"level":"info","message":"⌛ Validating Guia-02/microsEmpresarios.wlk","timeElapsed":101,"timestamp":"2025-12-12T21:32:35.222Z"}
{"level":"info","message":"⌛ Validating parciales/elLegadoDeSoliamMurr/asentamientos.wlk","timeElapsed":104,"timestamp":"2025-12-12T21:32:35.520Z"}
{"level":"info","message":"⌛ Validating Guia-04/trenesYDepositos.wlk","timeElapsed":103,"timestamp":"2025-12-12T21:32:35.624Z"}
{"level":"info","message":"⌛ Building environment","timeElapsed":233,"timestamp":"2025-12-12T21:49:01.135Z"}
{"level":"info","message":"⌛ Validating parciales/elLegadoDeSoliamMurr/triunviratos.wlk","timeElapsed":198,"timestamp":"2025-12-12T21:49:01.407Z"}
{"level":"info","message":"⌛ Building environment","timeElapsed":144,"timestamp":"2025-12-12T22:17:04.627Z"}
{"level":"info","message":"⌛ Validating parciales/elLegadoDeSoliamMurr/exiliado.wlk","timeElapsed":180,"timestamp":"2025-12-12T22:17:04.809Z"}
{"level":"info","message":"⌛ Building environment","timeElapsed":121,"timestamp":"2025-12-12T22:17:04.930Z"}
{"level":"info","message":"⌛ Validating parciales/elLegadoDeSoliamMurr/exiliado.wlk","timeElapsed":123,"timestamp":"2025-12-12T22:17:05.089Z"}
{"level":"info","message":"⌛ Building environment","timeElapsed":113,"timestamp":"2025-12-12T22:17:05.203Z"}
{"level":"info","message":"⌛ Validating parciales/elLegadoDeSoliamMurr/exiliado.wlk","timeElapsed":128,"timestamp":"2025-12-12T22:17:05.332Z"}
{"level":"info","message":"⌛ Building environment","timeElapsed":120,"timestamp":"2025-12-12T22:17:06.267Z"}
{"level":"info","message":"⌛ Validating parciales/elLegadoDeSoliamMurr/exiliado.wlk","timeElapsed":184,"timestamp":"2025-12-12T22:17:06.481Z"}
{"level":"info","message":"⌛ Building environment","timeElapsed":116,"timestamp":"2025-12-12T22:17:06.598Z"}
{"level":"info","message":"⌛ Validating parciales/elLegadoDeSoliamMurr/exiliado.wlk","timeElapsed":125,"timestamp":"2025-12-12T22:17:06.729Z"}
{"level":"info","message":"⌛ Building environment","timeElapsed":163,"timestamp":"2025-12-12T22:17:07.283Z"}
{"level":"info","message":"⌛ Building environment","timeElapsed":212,"timestamp":"2025-12-12T22:17:07.539Z"}
{"level":"info","message":"⌛ Validating parciales/elLegadoDeSoliamMurr/exiliado.wlk","timeElapsed":197,"timestamp":"2025-12-12T22:17:07.737Z"}
{"level":"info","message":"⌛ Building environment","timeElapsed":103,"timestamp":"2025-12-12T22:17:07.841Z"}
{"level":"info","message":"⌛ Validating parciales/elLegadoDeSoliamMurr/exiliado.wlk","timeElapsed":139,"timestamp":"2025-12-12T22:17:07.981Z"}
{"level":"info","message":"⌛ Validating parciales/elLegadoDeSoliamMurr/exiliado.wlk","timeElapsed":136,"timestamp":"2025-12-12T22:17:08.128Z"}
{"level":"info","message":"⌛ Building environment","timeElapsed":113,"timestamp":"2025-12-12T22:17:08.369Z"}
{"level":"info","message":"⌛ Validating parciales/elLegadoDeSoliamMurr/exiliado.wlk","timeElapsed":165,"timestamp":"2025-12-12T22:17:08.535Z"}
{"level":"info","message":"⌛ Building environment","timeElapsed":146,"timestamp":"2025-12-12T22:17:09.420Z"}
{"level":"info","message":"⌛ Building environment","timeElapsed":137,"timestamp":"2025-12-12T22:17:09.595Z"}
{"level":"info","message":"⌛ Validating parciales/elLegadoDeSoliamMurr/exiliado.wlk","timeElapsed":165,"timestamp":"2025-12-12T22:17:09.761Z"}
{"level":"info","message":"⌛ Building environment","timeElapsed":152,"timestamp":"2025-12-12T22:17:09.915Z"}
{"level":"info","message":"⌛ Building environment","timeElapsed":111,"timestamp":"2025-12-12T22:17:10.027Z"}
{"level":"info","message":"⌛ Validating parciales/elLegadoDeSoliamMurr/exiliado.wlk","timeElapsed":132,"timestamp":"2025-12-12T22:17:10.204Z"}
{"level":"info","message":"⌛ Validating parciales/elLegadoDeSoliamMurr/exiliado.wlk","timeElapsed":132,"timestamp":"2025-12-12T22:17:10.471Z"}
{"level":"info","message":"⌛ Validating parciales/elLegadoDeSoliamMurr/exiliado.wlk","timeElapsed":112,"timestamp":"2025-12-12T22:17:10.583Z"}
{"level":"info","message":"⌛ Validating parciales/elLegadoDeSoliamMurr/exiliado.wlk","timeElapsed":121,"timestamp":"2025-12-12T22:17:10.704Z"}
{"level":"info","message":"⌛ Building environment","timeElapsed":118,"timestamp":"2025-12-12T22:17:10.823Z"}
{"level":"info","message":"⌛ Validating parciales/elLegadoDeSoliamMurr/exiliado.wlk","timeElapsed":122,"timestamp":"2025-12-12T22:17:11.043Z"}
{"level":"info","message":"⌛ Validating parciales/elLegadoDeSoliamMurr/exiliado.wlk","timeElapsed":136,"timestamp":"2025-12-12T22:17:11.179Z"}
{"level":"info","message":"⌛ Building environment","timeElapsed":106,"timestamp":"2025-12-12T22:17:11.293Z"}
{"level":"info","message":"⌛ Validating parciales/elLegadoDeSoliamMurr/exiliado.wlk","timeElapsed":123,"timestamp":"2025-12-12T22:17:11.422Z"}
{"level":"info","message":"⌛ Validating parciales/elLegadoDeSoliamMurr/exiliado.wlk","timeElapsed":137,"timestamp":"2025-12-12T22:17:12.383Z"}
{"level":"info","message":"⌛ Building environment","timeElapsed":194,"timestamp":"2025-12-12T22:17:12.672Z"}
{"level":"info","message":"⌛ Validating parciales/elLegadoDeSoliamMurr/exiliado.wlk","timeElapsed":134,"timestamp":"2025-12-12T22:17:12.856Z"}
{"level":"info","message":"⌛ Building environment","timeElapsed":116,"timestamp":"2025-12-12T22:17:12.971Z"}
{"level":"info","message":"⌛ Building environment","timeElapsed":152,"timestamp":"2025-12-12T22:17:13.124Z"}
{"level":"info","message":"⌛ Validating parciales/elLegadoDeSoliamMurr/exiliado.wlk","timeElapsed":210,"timestamp":"2025-12-12T22:17:13.335Z"}
{"level":"info","message":"⌛ Validating parciales/elLegadoDeSoliamMurr/exiliado.wlk","timeElapsed":154,"timestamp":"2025-12-12T22:17:13.498Z"}
{"level":"info","message":"⌛ Validating parciales/elLegadoDeSoliamMurr/exiliado.wlk","timeElapsed":127,"timestamp":"2025-12-12T22:17:13.625Z"}
{"level":"info","message":"⌛ Building environment","timeElapsed":173,"timestamp":"2025-12-12T22:17:14.030Z"}
{"level":"info","message":"⌛ Building environment","timeElapsed":110,"timestamp":"2025-12-12T22:17:14.241Z"}
{"level":"info","message":"⌛ Validating parciales/elLegadoDeSoliamMurr/exiliado.wlk","timeElapsed":129,"timestamp":"2025-12-12T22:17:14.370Z"}
{"level":"info","message":"⌛ Validating parciales/elLegadoDeSoliamMurr/exiliado.wlk","timeElapsed":117,"timestamp":"2025-12-12T22:17:14.495Z"}
{"level":"info","message":"⌛ Validating parciales/elLegadoDeSoliamMurr/exiliado.wlk","timeElapsed":126,"timestamp":"2025-12-12T22:17:14.740Z"}
{"level":"info","message":"⌛ Validating parciales/elLegadoDeSoliamMurr/exiliado.wlk","timeElapsed":119,"timestamp":"2025-12-12T22:17:14.861Z"}
{"level":"info","message":"⌛ Validating parciales/elLegadoDeSoliamMurr/exiliado.wlk","timeElapsed":129,"timestamp":"2025-12-12T22:17:15.181Z"}
{"level":"info","message":"⌛ Validating parciales/elLegadoDeSoliamMurr/exiliado.wlk","timeElapsed":122,"timestamp":"2025-12-12T22:17:15.309Z"}
{"level":"info","message":"⌛ Building environment","timeElapsed":103,"timestamp":"2025-12-12T22:17:15.637Z"}
{"level":"info","message":"⌛ Validating parciales/elLegadoDeSoliamMurr/exiliado.wlk","timeElapsed":135,"timestamp":"2025-12-12T22:17:15.771Z"}
{"level":"info","message":"⌛ Validating parciales/elLegadoDeSoliamMurr/exiliado.wlk","timeElapsed":151,"timestamp":"2025-12-12T22:17:15.924Z"}
{"level":"info","message":"⌛ Building environment","timeElapsed":137,"timestamp":"2025-12-12T22:17:16.061Z"}
{"level":"info","message":"⌛ Building environment","timeElapsed":104,"timestamp":"2025-12-12T22:17:16.165Z"}
{"level":"info","message":"⌛ Validating parciales/elLegadoDeSoliamMurr/exiliado.wlk","timeElapsed":142,"timestamp":"2025-12-12T22:17:16.411Z"}
{"level":"info","message":"⌛ Validating parciales/elLegadoDeSoliamMurr/exiliado.wlk","timeElapsed":118,"timestamp":"2025-12-12T22:17:16.529Z"}
{"level":"info","message":"⌛ Building environment","timeElapsed":103,"timestamp":"2025-12-12T22:17:16.633Z"}
{"level":"info","message":"⌛ Validating parciales/elLegadoDeSoliamMurr/exiliado.wlk","timeElapsed":120,"timestamp":"2025-12-12T22:17:16.753Z"}
{"level":"info","message":"⌛ Building environment","timeElapsed":107,"timestamp":"2025-12-12T22:17:16.860Z"}
{"level":"info","message":"⌛ Building environment","timeElapsed":112,"timestamp":"2025-12-12T22:17:16.972Z"}
{"level":"info","message":"⌛ Validating parciales/elLegadoDeSoliamMurr/exiliado.wlk","timeElapsed":128,"timestamp":"2025-12-12T22:17:17.200Z"}
{"level":"info","message":"⌛ Validating parciales/elLegadoDeSoliamMurr/exiliado.wlk","timeElapsed":119,"timestamp":"2025-12-12T22:17:17.407Z"}
{"level":"info","message":"⌛ Validating parciales/elLegadoDeSoliamMurr/exiliado.wlk","timeElapsed":107,"timestamp":"2025-12-12T22:17:17.516Z"}
{"level":"info","message":"⌛ Building environment","timeElapsed":116,"timestamp":"2025-12-12T22:17:17.757Z"}
{"level":"info","message":"⌛ Validating parciales/elLegadoDeSoliamMurr/exiliado.wlk","timeElapsed":136,"timestamp":"2025-12-12T22:17:17.903Z"}
{"level":"info","message":"⌛ Validating parciales/elLegadoDeSoliamMurr/exiliado.wlk","timeElapsed":103,"timestamp":"2025-12-12T22:17:18.007Z"}
{"level":"info","message":"⌛ Validating parciales/elLegadoDeSoliamMurr/exiliado.wlk","timeElapsed":129,"timestamp":"2025-12-12T22:17:18.137Z"}
{"level":"info","message":"⌛ Validating parciales/elLegadoDeSoliamMurr/exiliado.wlk","timeElapsed":128,"timestamp":"2025-12-12T22:17:18.354Z"}
{"level":"info","message":"⌛ Building environment","timeElapsed":108,"timestamp":"2025-12-12T22:17:18.463Z"}
{"level":"info","message":"⌛ Building environment","timeElapsed":227,"timestamp":"2025-12-12T22:17:18.691Z"}
{"level":"info","message":"⌛ Validating parciales/elLegadoDeSoliamMurr/exiliado.wlk","timeElapsed":111,"timestamp":"2025-12-12T22:17:18.813Z"}
{"level":"info","message":"⌛ Validating parciales/elLegadoDeSoliamMurr/exiliado.wlk","timeElapsed":121,"timestamp":"2025-12-12T22:17:18.940Z"}
{"level":"info","message":"⌛ Validating parciales/elLegadoDeSoliamMurr/exiliado.wlk","timeElapsed":128,"timestamp":"2025-12-12T22:17:19.163Z"}
{"level":"info","message":"⌛ Validating parciales/elLegadoDeSoliamMurr/exiliado.wlk","timeElapsed":114,"timestamp":"2025-12-12T22:17:19.279Z"}
{"level":"info","message":"⌛ Validating parciales/elLegadoDeSoliamMurr/exiliado.wlk","timeElapsed":108,"timestamp":"2025-12-12T22:17:19.387Z"}
{"level":"info","message":"⌛ Building environment","timeElapsed":105,"timestamp":"2025-12-12T22:17:19.493Z"}
{"level":"error","message":"✘ Completions for node Parameter ([16:32, 16:33] - parciales/elLegadoDeSoliamMurr/exiliado.wlk) failed: Error: [Parameter]{a0c65b} at parciales/elLegadoDeSoliamMurr/exiliado.wlk:16 exhausted all cases without a match [Parameter]{a0c65b} at parciales/elLegadoDeSoliamMurr/exiliado.wlk:16 exhausted all cases without a match","stack":"Error: [Parameter]{a0c65b} at parciales/elLegadoDeSoliamMurr/exiliado.wlk:16 exhausted all cases without a match\n    at c:\\Users\\egoytendia\\.vscode\\extensions\\uqbar.wollok-lsp-ide-0.5.3\\out\\server\\src\\server.js:38:6142\n    at D2 (c:\\Users\\egoytendia\\.vscode\\extensions\\uqbar.wollok-lsp-ide-0.5.3\\out\\server\\src\\server.js:2384:42)\n    at c:\\Users\\egoytendia\\.vscode\\extensions\\uqbar.wollok-lsp-ide-0.5.3\\out\\server\\src\\server.js:2384:2988\n    at c:\\Users\\egoytendia\\.vscode\\extensions\\uqbar.wollok-lsp-ide-0.5.3\\out\\server\\src\\server.js:2393:8440\n    at c:\\Users\\egoytendia\\.vscode\\extensions\\uqbar.wollok-lsp-ide-0.5.3\\out\\server\\src\\server.js:37:74872\n    at Ye (c:\\Users\\egoytendia\\.vscode\\extensions\\uqbar.wollok-lsp-ide-0.5.3\\out\\server\\src\\server.js:7:8527)\n    at qt (c:\\Users\\egoytendia\\.vscode\\extensions\\uqbar.wollok-lsp-ide-0.5.3\\out\\server\\src\\server.js:7:6189)\n    at ot (c:\\Users\\egoytendia\\.vscode\\extensions\\uqbar.wollok-lsp-ide-0.5.3\\out\\server\\src\\server.js:7:6378)\n    at Immediate._onImmediate (c:\\Users\\egoytendia\\.vscode\\extensions\\uqbar.wollok-lsp-ide-0.5.3\\out\\server\\src\\server.js:7:6142)\n    at process.processImmediate (node:internal/timers:485:21)","timestamp":"2025-12-12T22:17:19.543Z"}
{"level":"info","message":"⌛ Building environment","timeElapsed":126,"timestamp":"2025-12-12T22:17:19.674Z"}
{"level":"info","message":"⌛ Building environment","timeElapsed":114,"timestamp":"2025-12-12T22:17:19.807Z"}
{"level":"info","message":"⌛ Validating parciales/elLegadoDeSoliamMurr/exiliado.wlk","timeElapsed":129,"timestamp":"2025-12-12T22:17:19.936Z"}
{"level":"error","message":"✘ Completions for node Parameter ([16:32, 16:36] - parciales/elLegadoDeSoliamMurr/exiliado.wlk) failed: Error: [Parameter]{cf4c24} at parciales/elLegadoDeSoliamMurr/exiliado.wlk:16 exhausted all cases without a match [Parameter]{cf4c24} at parciales/elLegadoDeSoliamMurr/exiliado.wlk:16 exhausted all cases without a match","stack":"Error: [Parameter]{cf4c24} at parciales/elLegadoDeSoliamMurr/exiliado.wlk:16 exhausted all cases without a match\n    at c:\\Users\\egoytendia\\.vscode\\extensions\\uqbar.wollok-lsp-ide-0.5.3\\out\\server\\src\\server.js:38:6142\n    at D2 (c:\\Users\\egoytendia\\.vscode\\extensions\\uqbar.wollok-lsp-ide-0.5.3\\out\\server\\src\\server.js:2384:42)\n    at c:\\Users\\egoytendia\\.vscode\\extensions\\uqbar.wollok-lsp-ide-0.5.3\\out\\server\\src\\server.js:2384:2988\n    at c:\\Users\\egoytendia\\.vscode\\extensions\\uqbar.wollok-lsp-ide-0.5.3\\out\\server\\src\\server.js:2393:8440\n    at c:\\Users\\egoytendia\\.vscode\\extensions\\uqbar.wollok-lsp-ide-0.5.3\\out\\server\\src\\server.js:37:74872\n    at Ye (c:\\Users\\egoytendia\\.vscode\\extensions\\uqbar.wollok-lsp-ide-0.5.3\\out\\server\\src\\server.js:7:8527)\n    at qt (c:\\Users\\egoytendia\\.vscode\\extensions\\uqbar.wollok-lsp-ide-0.5.3\\out\\server\\src\\server.js:7:6189)\n    at ot (c:\\Users\\egoytendia\\.vscode\\extensions\\uqbar.wollok-lsp-ide-0.5.3\\out\\server\\src\\server.js:7:6378)\n    at Immediate._onImmediate (c:\\Users\\egoytendia\\.vscode\\extensions\\uqbar.wollok-lsp-ide-0.5.3\\out\\server\\src\\server.js:7:6142)\n    at process.processImmediate (node:internal/timers:485:21)","timestamp":"2025-12-12T22:17:20.062Z"}
{"level":"info","message":"⌛ Validating parciales/elLegadoDeSoliamMurr/exiliado.wlk","timeElapsed":134,"timestamp":"2025-12-12T22:17:20.200Z"}
{"level":"info","message":"⌛ Validating parciales/elLegadoDeSoliamMurr/exiliado.wlk","timeElapsed":132,"timestamp":"2025-12-12T22:17:20.431Z"}
{"level":"info","message":"⌛ Validating parciales/elLegadoDeSoliamMurr/exiliado.wlk","timeElapsed":160,"timestamp":"2025-12-12T22:17:20.789Z"}
{"level":"error","message":"✘ Completions for node Parameter ([16:32, 16:40] - parciales/elLegadoDeSoliamMurr/exiliado.wlk) failed: Error: [Parameter]{6e9aa3} at parciales/elLegadoDeSoliamMurr/exiliado.wlk:16 exhausted all cases without a match [Parameter]{6e9aa3} at parciales/elLegadoDeSoliamMurr/exiliado.wlk:16 exhausted all cases without a match","stack":"Error: [Parameter]{6e9aa3} at parciales/elLegadoDeSoliamMurr/exiliado.wlk:16 exhausted all cases without a match\n    at c:\\Users\\egoytendia\\.vscode\\extensions\\uqbar.wollok-lsp-ide-0.5.3\\out\\server\\src\\server.js:38:6142\n    at D2 (c:\\Users\\egoytendia\\.vscode\\extensions\\uqbar.wollok-lsp-ide-0.5.3\\out\\server\\src\\server.js:2384:42)\n    at c:\\Users\\egoytendia\\.vscode\\extensions\\uqbar.wollok-lsp-ide-0.5.3\\out\\server\\src\\server.js:2384:2988\n    at c:\\Users\\egoytendia\\.vscode\\extensions\\uqbar.wollok-lsp-ide-0.5.3\\out\\server\\src\\server.js:2393:8440\n    at c:\\Users\\egoytendia\\.vscode\\extensions\\uqbar.wollok-lsp-ide-0.5.3\\out\\server\\src\\server.js:37:74872\n    at Ye (c:\\Users\\egoytendia\\.vscode\\extensions\\uqbar.wollok-lsp-ide-0.5.3\\out\\server\\src\\server.js:7:8527)\n    at qt (c:\\Users\\egoytendia\\.vscode\\extensions\\uqbar.wollok-lsp-ide-0.5.3\\out\\server\\src\\server.js:7:6189)\n    at ot (c:\\Users\\egoytendia\\.vscode\\extensions\\uqbar.wollok-lsp-ide-0.5.3\\out\\server\\src\\server.js:7:6378)\n    at Immediate._onImmediate (c:\\Users\\egoytendia\\.vscode\\extensions\\uqbar.wollok-lsp-ide-0.5.3\\out\\server\\src\\server.js:7:6142)\n    at process.processImmediate (node:internal/timers:485:21)","timestamp":"2025-12-12T22:17:20.918Z"}
{"level":"info","message":"⌛ Validating parciales/elLegadoDeSoliamMurr/exiliado.wlk","timeElapsed":114,"timestamp":"2025-12-12T22:17:21.037Z"}
{"level":"info","message":"⌛ Validating parciales/elLegadoDeSoliamMurr/exiliado.wlk","timeElapsed":102,"timestamp":"2025-12-12T22:17:21.140Z"}
{"level":"info","message":"⌛ Validating parciales/elLegadoDeSoliamMurr/exiliado.wlk","timeElapsed":102,"timestamp":"2025-12-12T22:17:21.243Z"}
{"level":"info","message":"⌛ Validating parciales/elLegadoDeSoliamMurr/exiliado.wlk","timeElapsed":128,"timestamp":"2025-12-12T22:17:21.461Z"}
{"level":"info","message":"⌛ Building environment","timeElapsed":128,"timestamp":"2025-12-12T22:17:21.591Z"}
{"level":"info","message":"⌛ Validating parciales/elLegadoDeSoliamMurr/exiliado.wlk","timeElapsed":136,"timestamp":"2025-12-12T22:17:21.738Z"}
{"level":"info","message":"⌛ Validating parciales/elLegadoDeSoliamMurr/exiliado.wlk","timeElapsed":108,"timestamp":"2025-12-12T22:17:21.845Z"}
{"level":"info","message":"⌛ Building environment","timeElapsed":239,"timestamp":"2025-12-12T22:17:25.394Z"}
{"level":"info","message":"⌛ Building environment","timeElapsed":106,"timestamp":"2025-12-12T22:17:25.548Z"}
{"level":"info","message":"⌛ Building environment","timeElapsed":102,"timestamp":"2025-12-12T22:17:25.651Z"}
{"level":"info","message":"⌛ Validating parciales/elLegadoDeSoliamMurr/exiliado.wlk","timeElapsed":144,"timestamp":"2025-12-12T22:17:25.797Z"}
{"level":"info","message":"⌛ Validating parciales/elLegadoDeSoliamMurr/exiliado.wlk","timeElapsed":140,"timestamp":"2025-12-12T22:17:26.037Z"}
{"level":"info","message":"⌛ Validating parciales/elLegadoDeSoliamMurr/exiliado.wlk","timeElapsed":118,"timestamp":"2025-12-12T22:17:26.156Z"}
{"level":"info","message":"⌛ Building environment","timeElapsed":109,"timestamp":"2025-12-12T22:17:26.270Z"}
{"level":"info","message":"⌛ Validating parciales/elLegadoDeSoliamMurr/exiliado.wlk","timeElapsed":132,"timestamp":"2025-12-12T22:17:26.449Z"}
{"level":"info","message":"⌛ Validating parciales/elLegadoDeSoliamMurr/exiliado.wlk","timeElapsed":120,"timestamp":"2025-12-12T22:17:26.571Z"}
{"level":"info","message":"⌛ Building environment","timeElapsed":110,"timestamp":"2025-12-12T22:17:27.141Z"}
{"level":"info","message":"⌛ Validating parciales/elLegadoDeSoliamMurr/exiliado.wlk","timeElapsed":133,"timestamp":"2025-12-12T22:17:27.276Z"}
{"level":"info","message":"⌛ Building environment","timeElapsed":110,"timestamp":"2025-12-12T22:17:27.499Z"}
{"level":"info","message":"⌛ Validating parciales/elLegadoDeSoliamMurr/exiliado.wlk","timeElapsed":131,"timestamp":"2025-12-12T22:17:27.631Z"}
{"level":"info","message":"⌛ Building environment","timeElapsed":103,"timestamp":"2025-12-12T22:17:27.734Z"}
{"level":"info","message":"⌛ Validating parciales/elLegadoDeSoliamMurr/exiliado.wlk","timeElapsed":129,"timestamp":"2025-12-12T22:17:27.863Z"}
{"level":"info","message":"⌛ Validating parciales/elLegadoDeSoliamMurr/exiliado.wlk","timeElapsed":131,"timestamp":"2025-12-12T22:17:27.999Z"}
{"level":"info","message":"⌛ Building environment","timeElapsed":128,"timestamp":"2025-12-12T22:17:29.214Z"}
{"level":"info","message":"⌛ Building environment","timeElapsed":268,"timestamp":"2025-12-12T22:17:29.484Z"}
{"level":"info","message":"⌛ Validating parciales/elLegadoDeSoliamMurr/exiliado.wlk","timeElapsed":153,"timestamp":"2025-12-12T22:17:29.637Z"}
{"level":"info","message":"⌛ Validating parciales/elLegadoDeSoliamMurr/exiliado.wlk","timeElapsed":128,"timestamp":"2025-12-12T22:17:29.874Z"}
{"level":"info","message":"⌛ Validating parciales/elLegadoDeSoliamMurr/exiliado.wlk","timeElapsed":127,"timestamp":"2025-12-12T22:17:30.009Z"}
{"level":"info","message":"⌛ Building environment","timeElapsed":122,"timestamp":"2025-12-12T22:17:31.406Z"}
{"level":"info","message":"⌛ Validating parciales/elLegadoDeSoliamMurr/exiliado.wlk","timeElapsed":130,"timestamp":"2025-12-12T22:17:31.537Z"}
{"level":"info","message":"⌛ Validating parciales/elLegadoDeSoliamMurr/exiliado.wlk","timeElapsed":118,"timestamp":"2025-12-12T22:17:31.749Z"}
{"level":"info","message":"⌛ Building environment","timeElapsed":111,"timestamp":"2025-12-12T22:17:33.390Z"}
{"level":"info","message":"⌛ Validating parciales/elLegadoDeSoliamMurr/exiliado.wlk","timeElapsed":135,"timestamp":"2025-12-12T22:17:33.526Z"}
{"level":"info","message":"⌛ Building environment","timeElapsed":104,"timestamp":"2025-12-12T22:17:33.633Z"}
{"level":"info","message":"⌛ Validating parciales/elLegadoDeSoliamMurr/exiliado.wlk","timeElapsed":122,"timestamp":"2025-12-12T22:17:33.761Z"}
{"level":"info","message":"⌛ Building environment","timeElapsed":122,"timestamp":"2025-12-12T22:17:36.320Z"}
{"level":"info","message":"⌛ Validating parciales/elLegadoDeSoliamMurr/exiliado.wlk","timeElapsed":165,"timestamp":"2025-12-12T22:17:36.489Z"}
{"level":"info","message":"⌛ Building environment","timeElapsed":120,"timestamp":"2025-12-12T22:17:36.609Z"}
{"level":"info","message":"⌛ Building environment","timeElapsed":105,"timestamp":"2025-12-12T22:17:36.714Z"}
{"level":"info","message":"⌛ Validating parciales/elLegadoDeSoliamMurr/exiliado.wlk","timeElapsed":120,"timestamp":"2025-12-12T22:17:36.834Z"}
{"level":"info","message":"⌛ Building environment","timeElapsed":124,"timestamp":"2025-12-12T22:17:36.959Z"}
{"level":"info","message":"⌛ Validating parciales/elLegadoDeSoliamMurr/exiliado.wlk","timeElapsed":131,"timestamp":"2025-12-12T22:17:37.091Z"}
{"level":"info","message":"⌛ Validating parciales/elLegadoDeSoliamMurr/exiliado.wlk","timeElapsed":123,"timestamp":"2025-12-12T22:17:37.314Z"}
{"level":"info","message":"⌛ Validating parciales/elLegadoDeSoliamMurr/exiliado.wlk","timeElapsed":123,"timestamp":"2025-12-12T22:17:37.444Z"}
{"level":"info","message":"⌛ Building environment","timeElapsed":111,"timestamp":"2025-12-12T22:17:37.831Z"}
{"level":"info","message":"⌛ Validating parciales/elLegadoDeSoliamMurr/exiliado.wlk","timeElapsed":142,"timestamp":"2025-12-12T22:17:37.974Z"}
{"level":"info","message":"⌛ Validating parciales/elLegadoDeSoliamMurr/exiliado.wlk","timeElapsed":123,"timestamp":"2025-12-12T22:17:38.189Z"}
{"level":"info","message":"⌛ Building environment","timeElapsed":144,"timestamp":"2025-12-12T22:17:38.950Z"}
{"level":"info","message":"⌛ Validating parciales/elLegadoDeSoliamMurr/exiliado.wlk","timeElapsed":133,"timestamp":"2025-12-12T22:17:39.084Z"}
{"level":"info","message":"⌛ Building environment","timeElapsed":246,"timestamp":"2025-12-12T22:17:41.093Z"}
{"level":"info","message":"⌛ Validating parciales/elLegadoDeSoliamMurr/exiliado.wlk","timeElapsed":204,"timestamp":"2025-12-12T22:17:41.361Z"}
{"level":"info","message":"⌛ Building environment","timeElapsed":115,"timestamp":"2025-12-12T22:17:41.480Z"}
{"level":"info","message":"⌛ Building environment","timeElapsed":112,"timestamp":"2025-12-12T22:17:41.593Z"}
{"level":"info","message":"⌛ Building environment","timeElapsed":101,"timestamp":"2025-12-12T22:17:41.695Z"}
{"level":"info","message":"⌛ Validating parciales/elLegadoDeSoliamMurr/exiliado.wlk","timeElapsed":129,"timestamp":"2025-12-12T22:17:41.824Z"}
{"level":"info","message":"⌛ Validating parciales/elLegadoDeSoliamMurr/exiliado.wlk","timeElapsed":116,"timestamp":"2025-12-12T22:17:42.037Z"}
{"level":"info","message":"⌛ Validating parciales/elLegadoDeSoliamMurr/exiliado.wlk","timeElapsed":133,"timestamp":"2025-12-12T22:17:42.169Z"}
{"level":"info","message":"⌛ Validating parciales/elLegadoDeSoliamMurr/exiliado.wlk","timeElapsed":134,"timestamp":"2025-12-12T22:17:42.311Z"}
{"level":"info","message":"⌛ Building environment","timeElapsed":152,"timestamp":"2025-12-12T22:17:43.336Z"}
{"level":"info","message":"⌛ Building environment","timeElapsed":282,"timestamp":"2025-12-12T22:17:43.619Z"}
{"level":"info","message":"⌛ Validating parciales/elLegadoDeSoliamMurr/exiliado.wlk","timeElapsed":159,"timestamp":"2025-12-12T22:17:43.780Z"}
{"level":"info","message":"⌛ Validating parciales/elLegadoDeSoliamMurr/exiliado.wlk","timeElapsed":113,"timestamp":"2025-12-12T22:17:43.899Z"}
{"level":"info","message":"⌛ Building environment","timeElapsed":134,"timestamp":"2025-12-12T22:17:44.270Z"}
{"level":"info","message":"⌛ Validating parciales/elLegadoDeSoliamMurr/exiliado.wlk","timeElapsed":130,"timestamp":"2025-12-12T22:17:44.400Z"}
{"level":"info","message":"⌛ Building environment","timeElapsed":159,"timestamp":"2025-12-12T22:17:44.560Z"}
{"level":"info","message":"⌛ Building environment","timeElapsed":111,"timestamp":"2025-12-12T22:17:44.678Z"}
{"level":"info","message":"⌛ Validating parciales/elLegadoDeSoliamMurr/exiliado.wlk","timeElapsed":155,"timestamp":"2025-12-12T22:17:44.833Z"}
{"level":"info","message":"⌛ Building environment","timeElapsed":109,"timestamp":"2025-12-12T22:17:45.366Z"}
{"level":"info","message":"⌛ Validating parciales/elLegadoDeSoliamMurr/exiliado.wlk","timeElapsed":122,"timestamp":"2025-12-12T22:17:45.489Z"}
{"level":"info","message":"⌛ Building environment","timeElapsed":119,"timestamp":"2025-12-12T22:17:45.850Z"}
{"level":"info","message":"⌛ Validating parciales/elLegadoDeSoliamMurr/exiliado.wlk","timeElapsed":119,"timestamp":"2025-12-12T22:17:45.970Z"}
{"level":"info","message":"⌛ Building environment","timeElapsed":130,"timestamp":"2025-12-12T22:17:50.735Z"}
{"level":"error","message":"✘ Completions for node Send ([17:5, 17:35] - parciales/elLegadoDeSoliamMurr/exiliado.wlk) failed: Error: [Send]{e39d50} at parciales/elLegadoDeSoliamMurr/exiliado.wlk:17 exhausted all cases without a match [Send]{e39d50} at parciales/elLegadoDeSoliamMurr/exiliado.wlk:17 exhausted all cases without a match","stack":"Error: [Send]{e39d50} at parciales/elLegadoDeSoliamMurr/exiliado.wlk:17 exhausted all cases without a match\n    at c:\\Users\\egoytendia\\.vscode\\extensions\\uqbar.wollok-lsp-ide-0.5.3\\out\\server\\src\\server.js:38:6142\n    at D2 (c:\\Users\\egoytendia\\.vscode\\extensions\\uqbar.wollok-lsp-ide-0.5.3\\out\\server\\src\\server.js:2384:42)\n    at Qh (c:\\Users\\egoytendia\\.vscode\\extensions\\uqbar.wollok-lsp-ide-0.5.3\\out\\server\\src\\server.js:2384:1092)\n    at k6n (c:\\Users\\egoytendia\\.vscode\\extensions\\uqbar.wollok-lsp-ide-0.5.3\\out\\server\\src\\server.js:2384:1248)\n    at c:\\Users\\egoytendia\\.vscode\\extensions\\uqbar.wollok-lsp-ide-0.5.3\\out\\server\\src\\server.js:38:6131\n    at D2 (c:\\Users\\egoytendia\\.vscode\\extensions\\uqbar.wollok-lsp-ide-0.5.3\\out\\server\\src\\server.js:2384:42)\n    at c:\\Users\\egoytendia\\.vscode\\extensions\\uqbar.wollok-lsp-ide-0.5.3\\out\\server\\src\\server.js:2384:2988\n    at c:\\Users\\egoytendia\\.vscode\\extensions\\uqbar.wollok-lsp-ide-0.5.3\\out\\server\\src\\server.js:2393:8440\n    at c:\\Users\\egoytendia\\.vscode\\extensions\\uqbar.wollok-lsp-ide-0.5.3\\out\\server\\src\\server.js:37:74872\n    at Ye (c:\\Users\\egoytendia\\.vscode\\extensions\\uqbar.wollok-lsp-ide-0.5.3\\out\\server\\src\\server.js:7:8527)","timestamp":"2025-12-12T22:17:50.770Z"}
{"level":"info","message":"⌛ Validating parciales/elLegadoDeSoliamMurr/exiliado.wlk","timeElapsed":108,"timestamp":"2025-12-12T22:17:50.883Z"}
{"level":"info","message":"⌛ Building environment","timeElapsed":113,"timestamp":"2025-12-12T22:17:51.087Z"}
{"level":"info","message":"⌛ Validating parciales/elLegadoDeSoliamMurr/exiliado.wlk","timeElapsed":129,"timestamp":"2025-12-12T22:17:51.217Z"}
{"level":"info","message":"⌛ Building environment","timeElapsed":367,"timestamp":"2025-12-12T22:17:53.342Z"}
{"level":"info","message":"⌛ Building environment","timeElapsed":107,"timestamp":"2025-12-12T22:17:53.467Z"}
{"level":"info","message":"⌛ Validating parciales/elLegadoDeSoliamMurr/exiliado.wlk","timeElapsed":154,"timestamp":"2025-12-12T22:17:53.622Z"}
{"level":"info","message":"⌛ Validating parciales/elLegadoDeSoliamMurr/exiliado.wlk","timeElapsed":113,"timestamp":"2025-12-12T22:17:53.735Z"}
{"level":"info","message":"⌛ Building environment","timeElapsed":348,"timestamp":"2025-12-12T22:17:54.654Z"}
{"level":"info","message":"⌛ Building environment","timeElapsed":129,"timestamp":"2025-12-12T22:17:54.784Z"}
{"level":"info","message":"⌛ Building environment","timeElapsed":147,"timestamp":"2025-12-12T22:17:54.983Z"}
{"level":"info","message":"⌛ Validating parciales/elLegadoDeSoliamMurr/exiliado.wlk","timeElapsed":129,"timestamp":"2025-12-12T22:17:55.114Z"}
{"level":"info","message":"⌛ Validating parciales/elLegadoDeSoliamMurr/exiliado.wlk","timeElapsed":125,"timestamp":"2025-12-12T22:17:55.274Z"}
{"level":"info","message":"⌛ Building environment","timeElapsed":134,"timestamp":"2025-12-12T22:17:55.409Z"}
{"level":"info","message":"⌛ Validating parciales/elLegadoDeSoliamMurr/exiliado.wlk","timeElapsed":131,"timestamp":"2025-12-12T22:17:55.579Z"}
{"level":"info","message":"⌛ Validating parciales/elLegadoDeSoliamMurr/exiliado.wlk","timeElapsed":124,"timestamp":"2025-12-12T22:17:55.802Z"}
{"level":"info","message":"⌛ Validating parciales/elLegadoDeSoliamMurr/exiliado.wlk","timeElapsed":121,"timestamp":"2025-12-12T22:17:56.065Z"}
{"level":"info","message":"⌛ Validating parciales/elLegadoDeSoliamMurr/exiliado.wlk","timeElapsed":114,"timestamp":"2025-12-12T22:17:56.179Z"}
{"level":"info","message":"⌛ Building environment","timeElapsed":149,"timestamp":"2025-12-12T22:17:57.246Z"}
{"level":"info","message":"⌛ Building environment","timeElapsed":154,"timestamp":"2025-12-12T22:17:57.400Z"}
{"level":"info","message":"⌛ Validating parciales/elLegadoDeSoliamMurr/exiliado.wlk","timeElapsed":129,"timestamp":"2025-12-12T22:17:57.529Z"}
{"level":"info","message":"⌛ Validating parciales/elLegadoDeSoliamMurr/exiliado.wlk","timeElapsed":119,"timestamp":"2025-12-12T22:17:57.748Z"}
{"level":"info","message":"⌛ Validating parciales/elLegadoDeSoliamMurr/exiliado.wlk","timeElapsed":123,"timestamp":"2025-12-12T22:17:57.876Z"}
{"level":"info","message":"⌛ Building environment","timeElapsed":138,"timestamp":"2025-12-12T22:17:58.460Z"}
{"level":"info","message":"⌛ Validating parciales/elLegadoDeSoliamMurr/exiliado.wlk","timeElapsed":121,"timestamp":"2025-12-12T22:17:58.587Z"}
{"level":"error","message":"✘ Failed to get type description: Error: Failed to print, found malformed node Failed to print, found malformed node","node":{"id":"acf21ef3-541f-4718-815b-888375f25ea0","metadata":[],"problems":[{"code":"malformedSentence","sourceMap":{"end":{"column":70,"line":17,"offset":425},"start":{"column":26,"line":17,"offset":381}}}],"scope":{"containerScope":{"containerScope":{"containerScope":{"containerScope":{"containerScope":{"containerScope":{"contributions":{},"includedScopes":[]},"contributions":{},"includedScopes":[]},"contributions":{},"includedScopes":[]},"contributions":{},"includedScopes":[]},"contributions":{},"includedScopes":[{"containerScope":{"containerScope":{"containerScope":{"contributions":{},"includedScopes":[]},"contributions":{},"includedScopes":[]},"contributions":{},"includedScopes":[]},"contributions":{},"includedScopes":[]}]},"contributions":{},"includedScopes":[]},"contributions":{},"includedScopes":[]},"sentences":[{"args":[],"id":"d4b9bb44-1bda-4b53-b79c-9b6481bd888b","message":"cantidadPlazas","metadata":[],"receiver":{"id":"b6f1d97b-6cee-45e5-abf4-848d30124033","metadata":[],"scope":{"containerScope":{"containerScope":{"containerScope":{"containerScope":{"containerScope":{"containerScope":{"containerScope":{"containerScope":{"contributions":{},"includedScopes":[]},"contributions":{},"includedScopes":[]},"contributions":{},"includedScopes":[]},"contributions":{},"includedScopes":[]},"contributions":{},"includedScopes":[{"containerScope":{"containerScope":{"containerScope":{"contributions":{},"includedScopes":[]},"contributions":{},"includedScopes":[]},"contributions":{},"includedScopes":[]},"contributions":{},"includedScopes":[]}]},"contributions":{},"includedScopes":[]},"contributions":{},"includedScopes":[]},"contributions":{},"includedScopes":[]},"contributions":{},"includedScopes":[]},"sourceMap":{"end":{"column":9,"line":17,"offset":364},"start":{"column":5,"line":17,"offset":360}}},"scope":{"containerScope":{"containerScope":{"containerScope":{"containerScope":{"containerScope":{"containerScope":{"containerScope":{"contributions":{},"includedScopes":[]},"contributions":{},"includedScopes":[]},"contributions":{},"includedScopes":[]},"contributions":{},"includedScopes":[]},"contributions":{},"includedScopes":[{"containerScope":{"containerScope":{"containerScope":{"contributions":{},"includedScopes":[]},"contributions":{},"includedScopes":[]},"contributions":{},"includedScopes":[]},"contributions":{},"includedScopes":[]}]},"contributions":{},"includedScopes":[]},"contributions":{},"includedScopes":[]},"contributions":{},"includedScopes":[]},"sourceMap":{"end":{"column":26,"line":17,"offset":381},"start":{"column":5,"line":17,"offset":360}}}],"sourceMap":{"end":{"column":4,"line":18,"offset":430},"start":{"column":44,"line":16,"offset":353}}},"stack":"Error: Failed to print, found malformed node\n    at c:\\Users\\egoytendia\\.vscode\\extensions\\uqbar.wollok-lsp-ide-0.5.3\\out\\server\\src\\server.js:68:3585\n    at c:\\Users\\egoytendia\\.vscode\\extensions\\uqbar.wollok-lsp-ide-0.5.3\\out\\server\\src\\server.js:68:5370\n    at c:\\Users\\egoytendia\\.vscode\\extensions\\uqbar.wollok-lsp-ide-0.5.3\\out\\server\\src\\server.js:38:6131\n    at c:\\Users\\egoytendia\\.vscode\\extensions\\uqbar.wollok-lsp-ide-0.5.3\\out\\server\\src\\server.js:68:3664\n    at Gbn (c:\\Users\\egoytendia\\.vscode\\extensions\\uqbar.wollok-lsp-ide-0.5.3\\out\\server\\src\\server.js:68:3396)\n    at c:\\Users\\egoytendia\\.vscode\\extensions\\uqbar.wollok-lsp-ide-0.5.3\\out\\server\\src\\server.js:2393:847\n    at c:\\Users\\egoytendia\\.vscode\\extensions\\uqbar.wollok-lsp-ide-0.5.3\\out\\server\\src\\server.js:2393:8440\n    at c:\\Users\\egoytendia\\.vscode\\extensions\\uqbar.wollok-lsp-ide-0.5.3\\out\\server\\src\\server.js:37:74770\n    at Ye (c:\\Users\\egoytendia\\.vscode\\extensions\\uqbar.wollok-lsp-ide-0.5.3\\out\\server\\src\\server.js:7:8527)\n    at qt (c:\\Users\\egoytendia\\.vscode\\extensions\\uqbar.wollok-lsp-ide-0.5.3\\out\\server\\src\\server.js:7:6189)","timestamp":"2025-12-12T22:18:00.311Z"}
{"level":"error","message":"✘ Failed to get type description: Error: Failed to print, found malformed node Failed to print, found malformed node","node":{"id":"acf21ef3-541f-4718-815b-888375f25ea0","metadata":[],"problems":[{"code":"malformedSentence","sourceMap":{"end":{"column":70,"line":17,"offset":425},"start":{"column":26,"line":17,"offset":381}}}],"scope":{"containerScope":{"containerScope":{"containerScope":{"containerScope":{"containerScope":{"containerScope":{"contributions":{},"includedScopes":[]},"contributions":{},"includedScopes":[]},"contributions":{},"includedScopes":[]},"contributions":{},"includedScopes":[]},"contributions":{},"includedScopes":[{"containerScope":{"containerScope":{"containerScope":{"contributions":{},"includedScopes":[]},"contributions":{},"includedScopes":[]},"contributions":{},"includedScopes":[]},"contributions":{},"includedScopes":[]}]},"contributions":{},"includedScopes":[]},"contributions":{},"includedScopes":[]},"sentences":[{"args":[],"id":"d4b9bb44-1bda-4b53-b79c-9b6481bd888b","message":"cantidadPlazas","metadata":[],"receiver":{"id":"b6f1d97b-6cee-45e5-abf4-848d30124033","metadata":[],"scope":{"containerScope":{"containerScope":{"containerScope":{"containerScope":{"containerScope":{"containerScope":{"containerScope":{"containerScope":{"contributions":{},"includedScopes":[]},"contributions":{},"includedScopes":[]},"contributions":{},"includedScopes":[]},"contributions":{},"includedScopes":[]},"contributions":{},"includedScopes":[{"containerScope":{"containerScope":{"containerScope":{"contributions":{},"includedScopes":[]},"contributions":{},"includedScopes":[]},"contributions":{},"includedScopes":[]},"contributions":{},"includedScopes":[]}]},"contributions":{},"includedScopes":[]},"contributions":{},"includedScopes":[]},"contributions":{},"includedScopes":[]},"contributions":{},"includedScopes":[]},"sourceMap":{"end":{"column":9,"line":17,"offset":364},"start":{"column":5,"line":17,"offset":360}}},"scope":{"containerScope":{"containerScope":{"containerScope":{"containerScope":{"containerScope":{"containerScope":{"containerScope":{"contributions":{},"includedScopes":[]},"contributions":{},"includedScopes":[]},"contributions":{},"includedScopes":[]},"contributions":{},"includedScopes":[]},"contributions":{},"includedScopes":[{"containerScope":{"containerScope":{"containerScope":{"contributions":{},"includedScopes":[]},"contributions":{},"includedScopes":[]},"contributions":{},"includedScopes":[]},"contributions":{},"includedScopes":[]}]},"contributions":{},"includedScopes":[]},"contributions":{},"includedScopes":[]},"contributions":{},"includedScopes":[]},"sourceMap":{"end":{"column":26,"line":17,"offset":381},"start":{"column":5,"line":17,"offset":360}}}],"sourceMap":{"end":{"column":4,"line":18,"offset":430},"start":{"column":44,"line":16,"offset":353}}},"stack":"Error: Failed to print, found malformed node\n    at c:\\Users\\egoytendia\\.vscode\\extensions\\uqbar.wollok-lsp-ide-0.5.3\\out\\server\\src\\server.js:68:3585\n    at c:\\Users\\egoytendia\\.vscode\\extensions\\uqbar.wollok-lsp-ide-0.5.3\\out\\server\\src\\server.js:68:5370\n    at c:\\Users\\egoytendia\\.vscode\\extensions\\uqbar.wollok-lsp-ide-0.5.3\\out\\server\\src\\server.js:38:6131\n    at c:\\Users\\egoytendia\\.vscode\\extensions\\uqbar.wollok-lsp-ide-0.5.3\\out\\server\\src\\server.js:68:3664\n    at Gbn (c:\\Users\\egoytendia\\.vscode\\extensions\\uqbar.wollok-lsp-ide-0.5.3\\out\\server\\src\\server.js:68:3396)\n    at c:\\Users\\egoytendia\\.vscode\\extensions\\uqbar.wollok-lsp-ide-0.5.3\\out\\server\\src\\server.js:2393:847\n    at c:\\Users\\egoytendia\\.vscode\\extensions\\uqbar.wollok-lsp-ide-0.5.3\\out\\server\\src\\server.js:2393:8440\n    at c:\\Users\\egoytendia\\.vscode\\extensions\\uqbar.wollok-lsp-ide-0.5.3\\out\\server\\src\\server.js:37:74770\n    at Ye (c:\\Users\\egoytendia\\.vscode\\extensions\\uqbar.wollok-lsp-ide-0.5.3\\out\\server\\src\\server.js:7:8527)\n    at qt (c:\\Users\\egoytendia\\.vscode\\extensions\\uqbar.wollok-lsp-ide-0.5.3\\out\\server\\src\\server.js:7:6189)","timestamp":"2025-12-12T22:18:01.326Z"}
{"level":"error","message":"✘ Failed to get type description: Error: Failed to print, found malformed node Failed to print, found malformed node","node":{"id":"acf21ef3-541f-4718-815b-888375f25ea0","metadata":[],"problems":[{"code":"malformedSentence","sourceMap":{"end":{"column":70,"line":17,"offset":425},"start":{"column":26,"line":17,"offset":381}}}],"scope":{"containerScope":{"containerScope":{"containerScope":{"containerScope":{"containerScope":{"containerScope":{"contributions":{},"includedScopes":[]},"contributions":{},"includedScopes":[]},"contributions":{},"includedScopes":[]},"contributions":{},"includedScopes":[]},"contributions":{},"includedScopes":[{"containerScope":{"containerScope":{"containerScope":{"contributions":{},"includedScopes":[]},"contributions":{},"includedScopes":[]},"contributions":{},"includedScopes":[]},"contributions":{},"includedScopes":[]}]},"contributions":{},"includedScopes":[]},"contributions":{},"includedScopes":[]},"sentences":[{"args":[],"id":"d4b9bb44-1bda-4b53-b79c-9b6481bd888b","message":"cantidadPlazas","metadata":[],"receiver":{"id":"b6f1d97b-6cee-45e5-abf4-848d30124033","metadata":[],"scope":{"containerScope":{"containerScope":{"containerScope":{"containerScope":{"containerScope":{"containerScope":{"containerScope":{"containerScope":{"contributions":{},"includedScopes":[]},"contributions":{},"includedScopes":[]},"contributions":{},"includedScopes":[]},"contributions":{},"includedScopes":[]},"contributions":{},"includedScopes":[{"containerScope":{"containerScope":{"containerScope":{"contributions":{},"includedScopes":[]},"contributions":{},"includedScopes":[]},"contributions":{},"includedScopes":[]},"contributions":{},"includedScopes":[]}]},"contributions":{},"includedScopes":[]},"contributions":{},"includedScopes":[]},"contributions":{},"includedScopes":[]},"contributions":{},"includedScopes":[]},"sourceMap":{"end":{"column":9,"line":17,"offset":364},"start":{"column":5,"line":17,"offset":360}}},"scope":{"containerScope":{"containerScope":{"containerScope":{"containerScope":{"containerScope":{"containerScope":{"containerScope":{"contributions":{},"includedScopes":[]},"contributions":{},"includedScopes":[]},"contributions":{},"includedScopes":[]},"contributions":{},"includedScopes":[]},"contributions":{},"includedScopes":[{"containerScope":{"containerScope":{"containerScope":{"contributions":{},"includedScopes":[]},"contributions":{},"includedScopes":[]},"contributions":{},"includedScopes":[]},"contributions":{},"includedScopes":[]}]},"contributions":{},"includedScopes":[]},"contributions":{},"includedScopes":[]},"contributions":{},"includedScopes":[]},"sourceMap":{"end":{"column":26,"line":17,"offset":381},"start":{"column":5,"line":17,"offset":360}}}],"sourceMap":{"end":{"column":4,"line":18,"offset":430},"start":{"column":44,"line":16,"offset":353}}},"stack":"Error: Failed to print, found malformed node\n    at c:\\Users\\egoytendia\\.vscode\\extensions\\uqbar.wollok-lsp-ide-0.5.3\\out\\server\\src\\server.js:68:3585\n    at c:\\Users\\egoytendia\\.vscode\\extensions\\uqbar.wollok-lsp-ide-0.5.3\\out\\server\\src\\server.js:68:5370\n    at c:\\Users\\egoytendia\\.vscode\\extensions\\uqbar.wollok-lsp-ide-0.5.3\\out\\server\\src\\server.js:38:6131\n    at c:\\Users\\egoytendia\\.vscode\\extensions\\uqbar.wollok-lsp-ide-0.5.3\\out\\server\\src\\server.js:68:3664\n    at Gbn (c:\\Users\\egoytendia\\.vscode\\extensions\\uqbar.wollok-lsp-ide-0.5.3\\out\\server\\src\\server.js:68:3396)\n    at c:\\Users\\egoytendia\\.vscode\\extensions\\uqbar.wollok-lsp-ide-0.5.3\\out\\server\\src\\server.js:2393:847\n    at c:\\Users\\egoytendia\\.vscode\\extensions\\uqbar.wollok-lsp-ide-0.5.3\\out\\server\\src\\server.js:2393:8440\n    at c:\\Users\\egoytendia\\.vscode\\extensions\\uqbar.wollok-lsp-ide-0.5.3\\out\\server\\src\\server.js:37:74770\n    at Ye (c:\\Users\\egoytendia\\.vscode\\extensions\\uqbar.wollok-lsp-ide-0.5.3\\out\\server\\src\\server.js:7:8527)\n    at qt (c:\\Users\\egoytendia\\.vscode\\extensions\\uqbar.wollok-lsp-ide-0.5.3\\out\\server\\src\\server.js:7:6189)","timestamp":"2025-12-12T22:18:05.967Z"}
{"level":"error","message":"✘ Failed to get type description: Error: Failed to print, found malformed node Failed to print, found malformed node","node":{"id":"acf21ef3-541f-4718-815b-888375f25ea0","metadata":[],"problems":[{"code":"malformedSentence","sourceMap":{"end":{"column":70,"line":17,"offset":425},"start":{"column":26,"line":17,"offset":381}}}],"scope":{"containerScope":{"containerScope":{"containerScope":{"containerScope":{"containerScope":{"containerScope":{"contributions":{},"includedScopes":[]},"contributions":{},"includedScopes":[]},"contributions":{},"includedScopes":[]},"contributions":{},"includedScopes":[]},"contributions":{},"includedScopes":[{"containerScope":{"containerScope":{"containerScope":{"contributions":{},"includedScopes":[]},"contributions":{},"includedScopes":[]},"contributions":{},"includedScopes":[]},"contributions":{},"includedScopes":[]}]},"contributions":{},"includedScopes":[]},"contributions":{},"includedScopes":[]},"sentences":[{"args":[],"id":"d4b9bb44-1bda-4b53-b79c-9b6481bd888b","message":"cantidadPlazas","metadata":[],"receiver":{"id":"b6f1d97b-6cee-45e5-abf4-848d30124033","metadata":[],"scope":{"containerScope":{"containerScope":{"containerScope":{"containerScope":{"containerScope":{"containerScope":{"containerScope":{"containerScope":{"contributions":{},"includedScopes":[]},"contributions":{},"includedScopes":[]},"contributions":{},"includedScopes":[]},"contributions":{},"includedScopes":[]},"contributions":{},"includedScopes":[{"containerScope":{"containerScope":{"containerScope":{"contributions":{},"includedScopes":[]},"contributions":{},"includedScopes":[]},"contributions":{},"includedScopes":[]},"contributions":{},"includedScopes":[]}]},"contributions":{},"includedScopes":[]},"contributions":{},"includedScopes":[]},"contributions":{},"includedScopes":[]},"contributions":{},"includedScopes":[]},"sourceMap":{"end":{"column":9,"line":17,"offset":364},"start":{"column":5,"line":17,"offset":360}}},"scope":{"containerScope":{"containerScope":{"containerScope":{"containerScope":{"containerScope":{"containerScope":{"containerScope":{"contributions":{},"includedScopes":[]},"contributions":{},"includedScopes":[]},"contributions":{},"includedScopes":[]},"contributions":{},"includedScopes":[]},"contributions":{},"includedScopes":[{"containerScope":{"containerScope":{"containerScope":{"contributions":{},"includedScopes":[]},"contributions":{},"includedScopes":[]},"contributions":{},"includedScopes":[]},"contributions":{},"includedScopes":[]}]},"contributions":{},"includedScopes":[]},"contributions":{},"includedScopes":[]},"contributions":{},"includedScopes":[]},"sourceMap":{"end":{"column":26,"line":17,"offset":381},"start":{"column":5,"line":17,"offset":360}}}],"sourceMap":{"end":{"column":4,"line":18,"offset":430},"start":{"column":44,"line":16,"offset":353}}},"stack":"Error: Failed to print, found malformed node\n    at c:\\Users\\egoytendia\\.vscode\\extensions\\uqbar.wollok-lsp-ide-0.5.3\\out\\server\\src\\server.js:68:3585\n    at c:\\Users\\egoytendia\\.vscode\\extensions\\uqbar.wollok-lsp-ide-0.5.3\\out\\server\\src\\server.js:68:5370\n    at c:\\Users\\egoytendia\\.vscode\\extensions\\uqbar.wollok-lsp-ide-0.5.3\\out\\server\\src\\server.js:38:6131\n    at c:\\Users\\egoytendia\\.vscode\\extensions\\uqbar.wollok-lsp-ide-0.5.3\\out\\server\\src\\server.js:68:3664\n    at Gbn (c:\\Users\\egoytendia\\.vscode\\extensions\\uqbar.wollok-lsp-ide-0.5.3\\out\\server\\src\\server.js:68:3396)\n    at c:\\Users\\egoytendia\\.vscode\\extensions\\uqbar.wollok-lsp-ide-0.5.3\\out\\server\\src\\server.js:2393:847\n    at c:\\Users\\egoytendia\\.vscode\\extensions\\uqbar.wollok-lsp-ide-0.5.3\\out\\server\\src\\server.js:2393:8440\n    at c:\\Users\\egoytendia\\.vscode\\extensions\\uqbar.wollok-lsp-ide-0.5.3\\out\\server\\src\\server.js:37:74770\n    at Ye (c:\\Users\\egoytendia\\.vscode\\extensions\\uqbar.wollok-lsp-ide-0.5.3\\out\\server\\src\\server.js:7:8527)\n    at qt (c:\\Users\\egoytendia\\.vscode\\extensions\\uqbar.wollok-lsp-ide-0.5.3\\out\\server\\src\\server.js:7:6189)","timestamp":"2025-12-12T22:18:07.370Z"}
{"level":"error","message":"✘ Failed to get type description: Error: Failed to print, found malformed node Failed to print, found malformed node","node":{"id":"acf21ef3-541f-4718-815b-888375f25ea0","metadata":[],"problems":[{"code":"malformedSentence","sourceMap":{"end":{"column":70,"line":17,"offset":425},"start":{"column":26,"line":17,"offset":381}}}],"scope":{"containerScope":{"containerScope":{"containerScope":{"containerScope":{"containerScope":{"containerScope":{"contributions":{},"includedScopes":[]},"contributions":{},"includedScopes":[]},"contributions":{},"includedScopes":[]},"contributions":{},"includedScopes":[]},"contributions":{},"includedScopes":[{"containerScope":{"containerScope":{"containerScope":{"contributions":{},"includedScopes":[]},"contributions":{},"includedScopes":[]},"contributions":{},"includedScopes":[]},"contributions":{},"includedScopes":[]}]},"contributions":{},"includedScopes":[]},"contributions":{},"includedScopes":[]},"sentences":[{"args":[],"id":"d4b9bb44-1bda-4b53-b79c-9b6481bd888b","message":"cantidadPlazas","metadata":[],"receiver":{"id":"b6f1d97b-6cee-45e5-abf4-848d30124033","metadata":[],"scope":{"containerScope":{"containerScope":{"containerScope":{"containerScope":{"containerScope":{"containerScope":{"containerScope":{"containerScope":{"contributions":{},"includedScopes":[]},"contributions":{},"includedScopes":[]},"contributions":{},"includedScopes":[]},"contributions":{},"includedScopes":[]},"contributions":{},"includedScopes":[{"containerScope":{"containerScope":{"containerScope":{"contributions":{},"includedScopes":[]},"contributions":{},"includedScopes":[]},"contributions":{},"includedScopes":[]},"contributions":{},"includedScopes":[]}]},"contributions":{},"includedScopes":[]},"contributions":{},"includedScopes":[]},"contributions":{},"includedScopes":[]},"contributions":{},"includedScopes":[]},"sourceMap":{"end":{"column":9,"line":17,"offset":364},"start":{"column":5,"line":17,"offset":360}}},"scope":{"containerScope":{"containerScope":{"containerScope":{"containerScope":{"containerScope":{"containerScope":{"containerScope":{"contributions":{},"includedScopes":[]},"contributions":{},"includedScopes":[]},"contributions":{},"includedScopes":[]},"contributions":{},"includedScopes":[]},"contributions":{},"includedScopes":[{"containerScope":{"containerScope":{"containerScope":{"contributions":{},"includedScopes":[]},"contributions":{},"includedScopes":[]},"contributions":{},"includedScopes":[]},"contributions":{},"includedScopes":[]}]},"contributions":{},"includedScopes":[]},"contributions":{},"includedScopes":[]},"contributions":{},"includedScopes":[]},"sourceMap":{"end":{"column":26,"line":17,"offset":381},"start":{"column":5,"line":17,"offset":360}}}],"sourceMap":{"end":{"column":4,"line":18,"offset":430},"start":{"column":44,"line":16,"offset":353}}},"stack":"Error: Failed to print, found malformed node\n    at c:\\Users\\egoytendia\\.vscode\\extensions\\uqbar.wollok-lsp-ide-0.5.3\\out\\server\\src\\server.js:68:3585\n    at c:\\Users\\egoytendia\\.vscode\\extensions\\uqbar.wollok-lsp-ide-0.5.3\\out\\server\\src\\server.js:68:5370\n    at c:\\Users\\egoytendia\\.vscode\\extensions\\uqbar.wollok-lsp-ide-0.5.3\\out\\server\\src\\server.js:38:6131\n    at c:\\Users\\egoytendia\\.vscode\\extensions\\uqbar.wollok-lsp-ide-0.5.3\\out\\server\\src\\server.js:68:3664\n    at Gbn (c:\\Users\\egoytendia\\.vscode\\extensions\\uqbar.wollok-lsp-ide-0.5.3\\out\\server\\src\\server.js:68:3396)\n    at c:\\Users\\egoytendia\\.vscode\\extensions\\uqbar.wollok-lsp-ide-0.5.3\\out\\server\\src\\server.js:2393:847\n    at c:\\Users\\egoytendia\\.vscode\\extensions\\uqbar.wollok-lsp-ide-0.5.3\\out\\server\\src\\server.js:2393:8440\n    at c:\\Users\\egoytendia\\.vscode\\extensions\\uqbar.wollok-lsp-ide-0.5.3\\out\\server\\src\\server.js:37:74770\n    at Ye (c:\\Users\\egoytendia\\.vscode\\extensions\\uqbar.wollok-lsp-ide-0.5.3\\out\\server\\src\\server.js:7:8527)\n    at qt (c:\\Users\\egoytendia\\.vscode\\extensions\\uqbar.wollok-lsp-ide-0.5.3\\out\\server\\src\\server.js:7:6189)","timestamp":"2025-12-12T22:18:11.298Z"}
{"level":"error","message":"✘ Failed to get type description: Error: Failed to print, found malformed node Failed to print, found malformed node","node":{"id":"acf21ef3-541f-4718-815b-888375f25ea0","metadata":[],"problems":[{"code":"malformedSentence","sourceMap":{"end":{"column":70,"line":17,"offset":425},"start":{"column":26,"line":17,"offset":381}}}],"scope":{"containerScope":{"containerScope":{"containerScope":{"containerScope":{"containerScope":{"containerScope":{"contributions":{},"includedScopes":[]},"contributions":{},"includedScopes":[]},"contributions":{},"includedScopes":[]},"contributions":{},"includedScopes":[]},"contributions":{},"includedScopes":[{"containerScope":{"containerScope":{"containerScope":{"contributions":{},"includedScopes":[]},"contributions":{},"includedScopes":[]},"contributions":{},"includedScopes":[]},"contributions":{},"includedScopes":[]}]},"contributions":{},"includedScopes":[]},"contributions":{},"includedScopes":[]},"sentences":[{"args":[],"id":"d4b9bb44-1bda-4b53-b79c-9b6481bd888b","message":"cantidadPlazas","metadata":[],"receiver":{"id":"b6f1d97b-6cee-45e5-abf4-848d30124033","metadata":[],"scope":{"containerScope":{"containerScope":{"containerScope":{"containerScope":{"containerScope":{"containerScope":{"containerScope":{"containerScope":{"contributions":{},"includedScopes":[]},"contributions":{},"includedScopes":[]},"contributions":{},"includedScopes":[]},"contributions":{},"includedScopes":[]},"contributions":{},"includedScopes":[{"containerScope":{"containerScope":{"containerScope":{"contributions":{},"includedScopes":[]},"contributions":{},"includedScopes":[]},"contributions":{},"includedScopes":[]},"contributions":{},"includedScopes":[]}]},"contributions":{},"includedScopes":[]},"contributions":{},"includedScopes":[]},"contributions":{},"includedScopes":[]},"contributions":{},"includedScopes":[]},"sourceMap":{"end":{"column":9,"line":17,"offset":364},"start":{"column":5,"line":17,"offset":360}}},"scope":{"containerScope":{"containerScope":{"containerScope":{"containerScope":{"containerScope":{"containerScope":{"containerScope":{"contributions":{},"includedScopes":[]},"contributions":{},"includedScopes":[]},"contributions":{},"includedScopes":[]},"contributions":{},"includedScopes":[]},"contributions":{},"includedScopes":[{"containerScope":{"containerScope":{"containerScope":{"contributions":{},"includedScopes":[]},"contributions":{},"includedScopes":[]},"contributions":{},"includedScopes":[]},"contributions":{},"includedScopes":[]}]},"contributions":{},"includedScopes":[]},"contributions":{},"includedScopes":[]},"contributions":{},"includedScopes":[]},"sourceMap":{"end":{"column":26,"line":17,"offset":381},"start":{"column":5,"line":17,"offset":360}}}],"sourceMap":{"end":{"column":4,"line":18,"offset":430},"start":{"column":44,"line":16,"offset":353}}},"stack":"Error: Failed to print, found malformed node\n    at c:\\Users\\egoytendia\\.vscode\\extensions\\uqbar.wollok-lsp-ide-0.5.3\\out\\server\\src\\server.js:68:3585\n    at c:\\Users\\egoytendia\\.vscode\\extensions\\uqbar.wollok-lsp-ide-0.5.3\\out\\server\\src\\server.js:68:5370\n    at c:\\Users\\egoytendia\\.vscode\\extensions\\uqbar.wollok-lsp-ide-0.5.3\\out\\server\\src\\server.js:38:6131\n    at c:\\Users\\egoytendia\\.vscode\\extensions\\uqbar.wollok-lsp-ide-0.5.3\\out\\server\\src\\server.js:68:3664\n    at Gbn (c:\\Users\\egoytendia\\.vscode\\extensions\\uqbar.wollok-lsp-ide-0.5.3\\out\\server\\src\\server.js:68:3396)\n    at c:\\Users\\egoytendia\\.vscode\\extensions\\uqbar.wollok-lsp-ide-0.5.3\\out\\server\\src\\server.js:2393:847\n    at c:\\Users\\egoytendia\\.vscode\\extensions\\uqbar.wollok-lsp-ide-0.5.3\\out\\server\\src\\server.js:2393:8440\n    at c:\\Users\\egoytendia\\.vscode\\extensions\\uqbar.wollok-lsp-ide-0.5.3\\out\\server\\src\\server.js:37:74770\n    at Ye (c:\\Users\\egoytendia\\.vscode\\extensions\\uqbar.wollok-lsp-ide-0.5.3\\out\\server\\src\\server.js:7:8527)\n    at qt (c:\\Users\\egoytendia\\.vscode\\extensions\\uqbar.wollok-lsp-ide-0.5.3\\out\\server\\src\\server.js:7:6189)","timestamp":"2025-12-12T22:18:12.203Z"}
{"level":"error","message":"✘ Failed to get type description: Error: Failed to print, found malformed node Failed to print, found malformed node","node":{"id":"acf21ef3-541f-4718-815b-888375f25ea0","metadata":[],"problems":[{"code":"malformedSentence","sourceMap":{"end":{"column":70,"line":17,"offset":425},"start":{"column":26,"line":17,"offset":381}}}],"scope":{"containerScope":{"containerScope":{"containerScope":{"containerScope":{"containerScope":{"containerScope":{"contributions":{},"includedScopes":[]},"contributions":{},"includedScopes":[]},"contributions":{},"includedScopes":[]},"contributions":{},"includedScopes":[]},"contributions":{},"includedScopes":[{"containerScope":{"containerScope":{"containerScope":{"contributions":{},"includedScopes":[]},"contributions":{},"includedScopes":[]},"contributions":{},"includedScopes":[]},"contributions":{},"includedScopes":[]}]},"contributions":{},"includedScopes":[]},"contributions":{},"includedScopes":[]},"sentences":[{"args":[],"id":"d4b9bb44-1bda-4b53-b79c-9b6481bd888b","message":"cantidadPlazas","metadata":[],"receiver":{"id":"b6f1d97b-6cee-45e5-abf4-848d30124033","metadata":[],"scope":{"containerScope":{"containerScope":{"containerScope":{"containerScope":{"containerScope":{"containerScope":{"containerScope":{"containerScope":{"contributions":{},"includedScopes":[]},"contributions":{},"includedScopes":[]},"contributions":{},"includedScopes":[]},"contributions":{},"includedScopes":[]},"contributions":{},"includedScopes":[{"containerScope":{"containerScope":{"containerScope":{"contributions":{},"includedScopes":[]},"contributions":{},"includedScopes":[]},"contributions":{},"includedScopes":[]},"contributions":{},"includedScopes":[]}]},"contributions":{},"includedScopes":[]},"contributions":{},"includedScopes":[]},"contributions":{},"includedScopes":[]},"contributions":{},"includedScopes":[]},"sourceMap":{"end":{"column":9,"line":17,"offset":364},"start":{"column":5,"line":17,"offset":360}}},"scope":{"containerScope":{"containerScope":{"containerScope":{"containerScope":{"containerScope":{"containerScope":{"containerScope":{"contributions":{},"includedScopes":[]},"contributions":{},"includedScopes":[]},"contributions":{},"includedScopes":[]},"contributions":{},"includedScopes":[]},"contributions":{},"includedScopes":[{"containerScope":{"containerScope":{"containerScope":{"contributions":{},"includedScopes":[]},"contributions":{},"includedScopes":[]},"contributions":{},"includedScopes":[]},"contributions":{},"includedScopes":[]}]},"contributions":{},"includedScopes":[]},"contributions":{},"includedScopes":[]},"contributions":{},"includedScopes":[]},"sourceMap":{"end":{"column":26,"line":17,"offset":381},"start":{"column":5,"line":17,"offset":360}}}],"sourceMap":{"end":{"column":4,"line":18,"offset":430},"start":{"column":44,"line":16,"offset":353}}},"stack":"Error: Failed to print, found malformed node\n    at c:\\Users\\egoytendia\\.vscode\\extensions\\uqbar.wollok-lsp-ide-0.5.3\\out\\server\\src\\server.js:68:3585\n    at c:\\Users\\egoytendia\\.vscode\\extensions\\uqbar.wollok-lsp-ide-0.5.3\\out\\server\\src\\server.js:68:5370\n    at c:\\Users\\egoytendia\\.vscode\\extensions\\uqbar.wollok-lsp-ide-0.5.3\\out\\server\\src\\server.js:38:6131\n    at c:\\Users\\egoytendia\\.vscode\\extensions\\uqbar.wollok-lsp-ide-0.5.3\\out\\server\\src\\server.js:68:3664\n    at Gbn (c:\\Users\\egoytendia\\.vscode\\extensions\\uqbar.wollok-lsp-ide-0.5.3\\out\\server\\src\\server.js:68:3396)\n    at c:\\Users\\egoytendia\\.vscode\\extensions\\uqbar.wollok-lsp-ide-0.5.3\\out\\server\\src\\server.js:2393:847\n    at c:\\Users\\egoytendia\\.vscode\\extensions\\uqbar.wollok-lsp-ide-0.5.3\\out\\server\\src\\server.js:2393:8440\n    at c:\\Users\\egoytendia\\.vscode\\extensions\\uqbar.wollok-lsp-ide-0.5.3\\out\\server\\src\\server.js:37:74770\n    at Ye (c:\\Users\\egoytendia\\.vscode\\extensions\\uqbar.wollok-lsp-ide-0.5.3\\out\\server\\src\\server.js:7:8527)\n    at qt (c:\\Users\\egoytendia\\.vscode\\extensions\\uqbar.wollok-lsp-ide-0.5.3\\out\\server\\src\\server.js:7:6189)","timestamp":"2025-12-12T22:18:12.561Z"}
{"level":"info","message":"⌛ Building environment","timeElapsed":124,"timestamp":"2025-12-12T22:18:30.597Z"}
{"level":"info","message":"⌛ Validating parciales/elLegadoDeSoliamMurr/exiliado.wlk","timeElapsed":134,"timestamp":"2025-12-12T22:18:30.731Z"}
{"level":"info","message":"⌛ Building environment","timeElapsed":140,"timestamp":"2025-12-12T22:18:31.526Z"}
{"level":"info","message":"⌛ Building environment","timeElapsed":102,"timestamp":"2025-12-12T22:18:31.656Z"}
{"level":"info","message":"⌛ Validating parciales/elLegadoDeSoliamMurr/exiliado.wlk","timeElapsed":147,"timestamp":"2025-12-12T22:18:31.805Z"}
{"level":"info","message":"⌛ Building environment","timeElapsed":110,"timestamp":"2025-12-12T22:18:31.917Z"}
{"level":"info","message":"⌛ Validating parciales/elLegadoDeSoliamMurr/exiliado.wlk","timeElapsed":124,"timestamp":"2025-12-12T22:18:32.041Z"}
{"level":"info","message":"⌛ Validating parciales/elLegadoDeSoliamMurr/exiliado.wlk","timeElapsed":127,"timestamp":"2025-12-12T22:18:32.174Z"}
{"level":"info","message":"⌛ Building environment","timeElapsed":118,"timestamp":"2025-12-12T22:18:32.292Z"}
{"level":"info","message":"⌛ Building environment","timeElapsed":135,"timestamp":"2025-12-12T22:18:32.427Z"}
{"level":"info","message":"⌛ Validating parciales/elLegadoDeSoliamMurr/exiliado.wlk","timeElapsed":134,"timestamp":"2025-12-12T22:18:32.561Z"}
{"level":"info","message":"⌛ Validating parciales/elLegadoDeSoliamMurr/exiliado.wlk","timeElapsed":116,"timestamp":"2025-12-12T22:18:32.678Z"}
{"level":"info","message":"⌛ Validating parciales/elLegadoDeSoliamMurr/exiliado.wlk","timeElapsed":114,"timestamp":"2025-12-12T22:18:32.991Z"}
{"level":"info","message":"⌛ Validating parciales/elLegadoDeSoliamMurr/exiliado.wlk","timeElapsed":115,"timestamp":"2025-12-12T22:18:33.107Z"}
{"level":"info","message":"⌛ Building environment","timeElapsed":164,"timestamp":"2025-12-12T22:18:33.357Z"}
{"level":"info","message":"⌛ Building environment","timeElapsed":136,"timestamp":"2025-12-12T22:18:33.618Z"}
{"level":"info","message":"⌛ Validating parciales/elLegadoDeSoliamMurr/exiliado.wlk","timeElapsed":110,"timestamp":"2025-12-12T22:18:33.739Z"}
{"level":"info","message":"⌛ Validating parciales/elLegadoDeSoliamMurr/exiliado.wlk","timeElapsed":126,"timestamp":"2025-12-12T22:18:33.865Z"}
{"level":"info","message":"⌛ Validating parciales/elLegadoDeSoliamMurr/exiliado.wlk","timeElapsed":129,"timestamp":"2025-12-12T22:18:34.004Z"}
{"level":"info","message":"⌛ Building environment","timeElapsed":102,"timestamp":"2025-12-12T22:18:34.307Z"}
{"level":"info","message":"⌛ Validating parciales/elLegadoDeSoliamMurr/exiliado.wlk","timeElapsed":132,"timestamp":"2025-12-12T22:18:34.440Z"}
{"level":"info","message":"⌛ Building environment","timeElapsed":126,"timestamp":"2025-12-12T22:18:35.295Z"}
{"level":"info","message":"⌛ Validating parciales/elLegadoDeSoliamMurr/exiliado.wlk","timeElapsed":138,"timestamp":"2025-12-12T22:18:35.574Z"}
{"level":"info","message":"⌛ Building environment","timeElapsed":118,"timestamp":"2025-12-12T22:18:35.692Z"}
{"level":"info","message":"⌛ Validating parciales/elLegadoDeSoliamMurr/exiliado.wlk","timeElapsed":133,"timestamp":"2025-12-12T22:18:35.826Z"}
{"level":"info","message":"⌛ Building environment","timeElapsed":105,"timestamp":"2025-12-12T22:18:35.932Z"}
{"level":"info","message":"⌛ Validating parciales/elLegadoDeSoliamMurr/exiliado.wlk","timeElapsed":125,"timestamp":"2025-12-12T22:18:36.189Z"}
{"level":"info","message":"⌛ Building environment","timeElapsed":107,"timestamp":"2025-12-12T22:18:36.296Z"}
{"level":"info","message":"⌛ Validating parciales/elLegadoDeSoliamMurr/exiliado.wlk","timeElapsed":128,"timestamp":"2025-12-12T22:18:36.425Z"}
{"level":"info","message":"⌛ Validating parciales/elLegadoDeSoliamMurr/exiliado.wlk","timeElapsed":111,"timestamp":"2025-12-12T22:18:36.542Z"}
{"level":"info","message":"⌛ Building environment","timeElapsed":111,"timestamp":"2025-12-12T22:18:36.656Z"}
{"level":"info","message":"⌛ Validating parciales/elLegadoDeSoliamMurr/exiliado.wlk","timeElapsed":107,"timestamp":"2025-12-12T22:18:36.837Z"}
{"level":"info","message":"⌛ Building environment","timeElapsed":178,"timestamp":"2025-12-12T22:18:37.015Z"}
{"level":"info","message":"⌛ Building environment","timeElapsed":111,"timestamp":"2025-12-12T22:18:37.127Z"}
{"level":"info","message":"⌛ Validating parciales/elLegadoDeSoliamMurr/exiliado.wlk","timeElapsed":166,"timestamp":"2025-12-12T22:18:37.294Z"}
{"level":"info","message":"⌛ Building environment","timeElapsed":106,"timestamp":"2025-12-12T22:18:37.536Z"}
{"level":"info","message":"⌛ Validating parciales/elLegadoDeSoliamMurr/exiliado.wlk","timeElapsed":121,"timestamp":"2025-12-12T22:18:37.657Z"}
{"level":"info","message":"⌛ Validating parciales/elLegadoDeSoliamMurr/exiliado.wlk","timeElapsed":138,"timestamp":"2025-12-12T22:18:37.796Z"}
{"level":"info","message":"⌛ Building environment","timeElapsed":119,"timestamp":"2025-12-12T22:18:37.921Z"}
{"level":"info","message":"⌛ Validating parciales/elLegadoDeSoliamMurr/exiliado.wlk","timeElapsed":124,"timestamp":"2025-12-12T22:18:38.046Z"}
{"level":"info","message":"⌛ Validating parciales/elLegadoDeSoliamMurr/exiliado.wlk","timeElapsed":121,"timestamp":"2025-12-12T22:18:38.289Z"}
{"level":"info","message":"⌛ Building environment","timeElapsed":117,"timestamp":"2025-12-12T22:18:38.407Z"}
{"level":"info","message":"⌛ Validating parciales/elLegadoDeSoliamMurr/exiliado.wlk","timeElapsed":124,"timestamp":"2025-12-12T22:18:38.548Z"}
{"level":"info","message":"⌛ Validating parciales/elLegadoDeSoliamMurr/exiliado.wlk","timeElapsed":117,"timestamp":"2025-12-12T22:18:38.665Z"}
{"level":"info","message":"⌛ Validating parciales/elLegadoDeSoliamMurr/exiliado.wlk","timeElapsed":125,"timestamp":"2025-12-12T22:18:38.790Z"}
{"level":"info","message":"⌛ Building environment","timeElapsed":115,"timestamp":"2025-12-12T22:18:38.905Z"}
{"level":"info","message":"⌛ Building environment","timeElapsed":113,"timestamp":"2025-12-12T22:18:39.019Z"}
{"level":"info","message":"⌛ Building environment","timeElapsed":109,"timestamp":"2025-12-12T22:18:39.129Z"}
{"level":"info","message":"⌛ Validating parciales/elLegadoDeSoliamMurr/exiliado.wlk","timeElapsed":147,"timestamp":"2025-12-12T22:18:39.276Z"}
{"level":"info","message":"⌛ Validating parciales/elLegadoDeSoliamMurr/exiliado.wlk","timeElapsed":143,"timestamp":"2025-12-12T22:18:39.425Z"}
{"level":"info","message":"⌛ Building environment","timeElapsed":114,"timestamp":"2025-12-12T22:18:39.931Z"}
{"level":"info","message":"⌛ Validating parciales/elLegadoDeSoliamMurr/exiliado.wlk","timeElapsed":120,"timestamp":"2025-12-12T22:18:40.052Z"}
{"level":"info","message":"⌛ Building environment","timeElapsed":107,"timestamp":"2025-12-12T22:18:40.305Z"}
{"level":"info","message":"⌛ Building environment","timeElapsed":178,"timestamp":"2025-12-12T22:18:40.515Z"}
{"level":"info","message":"⌛ Validating parciales/elLegadoDeSoliamMurr/exiliado.wlk","timeElapsed":117,"timestamp":"2025-12-12T22:18:40.632Z"}
{"level":"info","message":"⌛ Building environment","timeElapsed":115,"timestamp":"2025-12-12T22:18:40.880Z"}
{"level":"info","message":"⌛ Validating parciales/elLegadoDeSoliamMurr/exiliado.wlk","timeElapsed":151,"timestamp":"2025-12-12T22:18:41.031Z"}
{"level":"info","message":"⌛ Validating parciales/elLegadoDeSoliamMurr/exiliado.wlk","timeElapsed":121,"timestamp":"2025-12-12T22:18:41.160Z"}
{"level":"info","message":"⌛ Validating parciales/elLegadoDeSoliamMurr/exiliado.wlk","timeElapsed":124,"timestamp":"2025-12-12T22:18:41.284Z"}
{"level":"info","message":"⌛ Building environment","timeElapsed":124,"timestamp":"2025-12-12T22:18:45.845Z"}
{"level":"error","message":"✘ Completions for node Parameter ([16:25, 16:26] - parciales/elLegadoDeSoliamMurr/exiliado.wlk) failed: Error: [Parameter]{8a2270} at parciales/elLegadoDeSoliamMurr/exiliado.wlk:16 exhausted all cases without a match [Parameter]{8a2270} at parciales/elLegadoDeSoliamMurr/exiliado.wlk:16 exhausted all cases without a match","stack":"Error: [Parameter]{8a2270} at parciales/elLegadoDeSoliamMurr/exiliado.wlk:16 exhausted all cases without a match\n    at c:\\Users\\egoytendia\\.vscode\\extensions\\uqbar.wollok-lsp-ide-0.5.3\\out\\server\\src\\server.js:38:6142\n    at D2 (c:\\Users\\egoytendia\\.vscode\\extensions\\uqbar.wollok-lsp-ide-0.5.3\\out\\server\\src\\server.js:2384:42)\n    at c:\\Users\\egoytendia\\.vscode\\extensions\\uqbar.wollok-lsp-ide-0.5.3\\out\\server\\src\\server.js:2384:2988\n    at c:\\Users\\egoytendia\\.vscode\\extensions\\uqbar.wollok-lsp-ide-0.5.3\\out\\server\\src\\server.js:2393:8440\n    at c:\\Users\\egoytendia\\.vscode\\extensions\\uqbar.wollok-lsp-ide-0.5.3\\out\\server\\src\\server.js:37:74872\n    at Ye (c:\\Users\\egoytendia\\.vscode\\extensions\\uqbar.wollok-lsp-ide-0.5.3\\out\\server\\src\\server.js:7:8527)\n    at qt (c:\\Users\\egoytendia\\.vscode\\extensions\\uqbar.wollok-lsp-ide-0.5.3\\out\\server\\src\\server.js:7:6189)\n    at ot (c:\\Users\\egoytendia\\.vscode\\extensions\\uqbar.wollok-lsp-ide-0.5.3\\out\\server\\src\\server.js:7:6378)\n    at Immediate._onImmediate (c:\\Users\\egoytendia\\.vscode\\extensions\\uqbar.wollok-lsp-ide-0.5.3\\out\\server\\src\\server.js:7:6142)\n    at process.processImmediate (node:internal/timers:485:21)","timestamp":"2025-12-12T22:18:45.877Z"}
{"level":"info","message":"⌛ Building environment","timeElapsed":150,"timestamp":"2025-12-12T22:18:46.033Z"}
{"level":"info","message":"⌛ Validating parciales/elLegadoDeSoliamMurr/exiliado.wlk","timeElapsed":210,"timestamp":"2025-12-12T22:18:46.243Z"}
{"level":"info","message":"⌛ Validating parciales/elLegadoDeSoliamMurr/exiliado.wlk","timeElapsed":109,"timestamp":"2025-12-12T22:18:46.359Z"}
{"level":"info","message":"⌛ Building environment","timeElapsed":109,"timestamp":"2025-12-12T22:18:46.469Z"}
{"level":"error","message":"✘ Completions for node Parameter ([16:25, 16:28] - parciales/elLegadoDeSoliamMurr/exiliado.wlk) failed: Error: [Parameter]{467085} at parciales/elLegadoDeSoliamMurr/exiliado.wlk:16 exhausted all cases without a match [Parameter]{467085} at parciales/elLegadoDeSoliamMurr/exiliado.wlk:16 exhausted all cases without a match","stack":"Error: [Parameter]{467085} at parciales/elLegadoDeSoliamMurr/exiliado.wlk:16 exhausted all cases without a match\n    at c:\\Users\\egoytendia\\.vscode\\extensions\\uqbar.wollok-lsp-ide-0.5.3\\out\\server\\src\\server.js:38:6142\n    at D2 (c:\\Users\\egoytendia\\.vscode\\extensions\\uqbar.wollok-lsp-ide-0.5.3\\out\\server\\src\\server.js:2384:42)\n    at c:\\Users\\egoytendia\\.vscode\\extensions\\uqbar.wollok-lsp-ide-0.5.3\\out\\server\\src\\server.js:2384:2988\n    at c:\\Users\\egoytendia\\.vscode\\extensions\\uqbar.wollok-lsp-ide-0.5.3\\out\\server\\src\\server.js:2393:8440\n    at c:\\Users\\egoytendia\\.vscode\\extensions\\uqbar.wollok-lsp-ide-0.5.3\\out\\server\\src\\server.js:37:74872\n    at Ye (c:\\Users\\egoytendia\\.vscode\\extensions\\uqbar.wollok-lsp-ide-0.5.3\\out\\server\\src\\server.js:7:8527)\n    at qt (c:\\Users\\egoytendia\\.vscode\\extensions\\uqbar.wollok-lsp-ide-0.5.3\\out\\server\\src\\server.js:7:6189)\n    at ot (c:\\Users\\egoytendia\\.vscode\\extensions\\uqbar.wollok-lsp-ide-0.5.3\\out\\server\\src\\server.js:7:6378)\n    at Immediate._onImmediate (c:\\Users\\egoytendia\\.vscode\\extensions\\uqbar.wollok-lsp-ide-0.5.3\\out\\server\\src\\server.js:7:6142)\n    at process.processImmediate (node:internal/timers:485:21)","timestamp":"2025-12-12T22:18:46.506Z"}
{"level":"info","message":"⌛ Validating parciales/elLegadoDeSoliamMurr/exiliado.wlk","timeElapsed":189,"timestamp":"2025-12-12T22:18:46.700Z"}
{"level":"info","message":"⌛ Building environment","timeElapsed":121,"timestamp":"2025-12-12T22:18:47.427Z"}
{"level":"error","message":"✘ Completions for node Parameter ([16:25, 16:29] - parciales/elLegadoDeSoliamMurr/exiliado.wlk) failed: Error: [Parameter]{5cafb0} at parciales/elLegadoDeSoliamMurr/exiliado.wlk:16 exhausted all cases without a match [Parameter]{5cafb0} at parciales/elLegadoDeSoliamMurr/exiliado.wlk:16 exhausted all cases without a match","stack":"Error: [Parameter]{5cafb0} at parciales/elLegadoDeSoliamMurr/exiliado.wlk:16 exhausted all cases without a match\n    at c:\\Users\\egoytendia\\.vscode\\extensions\\uqbar.wollok-lsp-ide-0.5.3\\out\\server\\src\\server.js:38:6142\n    at D2 (c:\\Users\\egoytendia\\.vscode\\extensions\\uqbar.wollok-lsp-ide-0.5.3\\out\\server\\src\\server.js:2384:42)\n    at c:\\Users\\egoytendia\\.vscode\\extensions\\uqbar.wollok-lsp-ide-0.5.3\\out\\server\\src\\server.js:2384:2988\n    at c:\\Users\\egoytendia\\.vscode\\extensions\\uqbar.wollok-lsp-ide-0.5.3\\out\\server\\src\\server.js:2393:8440\n    at c:\\Users\\egoytendia\\.vscode\\extensions\\uqbar.wollok-lsp-ide-0.5.3\\out\\server\\src\\server.js:37:74872\n    at Ye (c:\\Users\\egoytendia\\.vscode\\extensions\\uqbar.wollok-lsp-ide-0.5.3\\out\\server\\src\\server.js:7:8527)\n    at qt (c:\\Users\\egoytendia\\.vscode\\extensions\\uqbar.wollok-lsp-ide-0.5.3\\out\\server\\src\\server.js:7:6189)\n    at ot (c:\\Users\\egoytendia\\.vscode\\extensions\\uqbar.wollok-lsp-ide-0.5.3\\out\\server\\src\\server.js:7:6378)\n    at Immediate._onImmediate (c:\\Users\\egoytendia\\.vscode\\extensions\\uqbar.wollok-lsp-ide-0.5.3\\out\\server\\src\\server.js:7:6142)\n    at process.processImmediate (node:internal/timers:485:21)","timestamp":"2025-12-12T22:18:47.455Z"}
{"level":"info","message":"⌛ Validating parciales/elLegadoDeSoliamMurr/exiliado.wlk","timeElapsed":113,"timestamp":"2025-12-12T22:18:47.572Z"}
{"level":"error","message":"✘ Completions for node Parameter ([16:25, 16:30] - parciales/elLegadoDeSoliamMurr/exiliado.wlk) failed: Error: [Parameter]{7d446a} at parciales/elLegadoDeSoliamMurr/exiliado.wlk:16 exhausted all cases without a match [Parameter]{7d446a} at parciales/elLegadoDeSoliamMurr/exiliado.wlk:16 exhausted all cases without a match","stack":"Error: [Parameter]{7d446a} at parciales/elLegadoDeSoliamMurr/exiliado.wlk:16 exhausted all cases without a match\n    at c:\\Users\\egoytendia\\.vscode\\extensions\\uqbar.wollok-lsp-ide-0.5.3\\out\\server\\src\\server.js:38:6142\n    at D2 (c:\\Users\\egoytendia\\.vscode\\extensions\\uqbar.wollok-lsp-ide-0.5.3\\out\\server\\src\\server.js:2384:42)\n    at c:\\Users\\egoytendia\\.vscode\\extensions\\uqbar.wollok-lsp-ide-0.5.3\\out\\server\\src\\server.js:2384:2988\n    at c:\\Users\\egoytendia\\.vscode\\extensions\\uqbar.wollok-lsp-ide-0.5.3\\out\\server\\src\\server.js:2393:8440\n    at c:\\Users\\egoytendia\\.vscode\\extensions\\uqbar.wollok-lsp-ide-0.5.3\\out\\server\\src\\server.js:37:74872\n    at Ye (c:\\Users\\egoytendia\\.vscode\\extensions\\uqbar.wollok-lsp-ide-0.5.3\\out\\server\\src\\server.js:7:8527)\n    at qt (c:\\Users\\egoytendia\\.vscode\\extensions\\uqbar.wollok-lsp-ide-0.5.3\\out\\server\\src\\server.js:7:6189)\n    at ot (c:\\Users\\egoytendia\\.vscode\\extensions\\uqbar.wollok-lsp-ide-0.5.3\\out\\server\\src\\server.js:7:6378)\n    at Immediate._onImmediate (c:\\Users\\egoytendia\\.vscode\\extensions\\uqbar.wollok-lsp-ide-0.5.3\\out\\server\\src\\server.js:7:6142)\n    at process.processImmediate (node:internal/timers:485:21)","timestamp":"2025-12-12T22:18:48.557Z"}
{"level":"info","message":"⌛ Validating parciales/elLegadoDeSoliamMurr/exiliado.wlk","timeElapsed":143,"timestamp":"2025-12-12T22:18:48.704Z"}
{"level":"info","message":"⌛ Building environment","timeElapsed":109,"timestamp":"2025-12-12T22:18:49.247Z"}
{"level":"error","message":"✘ Completions for node Parameter ([16:25, 16:31] - parciales/elLegadoDeSoliamMurr/exiliado.wlk) failed: Error: [Parameter]{7e2b4b} at parciales/elLegadoDeSoliamMurr/exiliado.wlk:16 exhausted all cases without a match [Parameter]{7e2b4b} at parciales/elLegadoDeSoliamMurr/exiliado.wlk:16 exhausted all cases without a match","stack":"Error: [Parameter]{7e2b4b} at parciales/elLegadoDeSoliamMurr/exiliado.wlk:16 exhausted all cases without a match\n    at c:\\Users\\egoytendia\\.vscode\\extensions\\uqbar.wollok-lsp-ide-0.5.3\\out\\server\\src\\server.js:38:6142\n    at D2 (c:\\Users\\egoytendia\\.vscode\\extensions\\uqbar.wollok-lsp-ide-0.5.3\\out\\server\\src\\server.js:2384:42)\n    at c:\\Users\\egoytendia\\.vscode\\extensions\\uqbar.wollok-lsp-ide-0.5.3\\out\\server\\src\\server.js:2384:2988\n    at c:\\Users\\egoytendia\\.vscode\\extensions\\uqbar.wollok-lsp-ide-0.5.3\\out\\server\\src\\server.js:2393:8440\n    at c:\\Users\\egoytendia\\.vscode\\extensions\\uqbar.wollok-lsp-ide-0.5.3\\out\\server\\src\\server.js:37:74872\n    at Ye (c:\\Users\\egoytendia\\.vscode\\extensions\\uqbar.wollok-lsp-ide-0.5.3\\out\\server\\src\\server.js:7:8527)\n    at qt (c:\\Users\\egoytendia\\.vscode\\extensions\\uqbar.wollok-lsp-ide-0.5.3\\out\\server\\src\\server.js:7:6189)\n    at ot (c:\\Users\\egoytendia\\.vscode\\extensions\\uqbar.wollok-lsp-ide-0.5.3\\out\\server\\src\\server.js:7:6378)\n    at Immediate._onImmediate (c:\\Users\\egoytendia\\.vscode\\extensions\\uqbar.wollok-lsp-ide-0.5.3\\out\\server\\src\\server.js:7:6142)\n    at process.processImmediate (node:internal/timers:485:21)","timestamp":"2025-12-12T22:18:49.278Z"}
{"level":"info","message":"⌛ Validating parciales/elLegadoDeSoliamMurr/exiliado.wlk","timeElapsed":122,"timestamp":"2025-12-12T22:18:49.404Z"}
{"level":"info","message":"⌛ Building environment","timeElapsed":103,"timestamp":"2025-12-12T22:18:49.511Z"}
{"level":"error","message":"✘ Completions for node Parameter ([16:25, 16:30] - parciales/elLegadoDeSoliamMurr/exiliado.wlk) failed: Error: [Parameter]{022485} at parciales/elLegadoDeSoliamMurr/exiliado.wlk:16 exhausted all cases without a match [Parameter]{022485} at parciales/elLegadoDeSoliamMurr/exiliado.wlk:16 exhausted all cases without a match","stack":"Error: [Parameter]{022485} at parciales/elLegadoDeSoliamMurr/exiliado.wlk:16 exhausted all cases without a match\n    at c:\\Users\\egoytendia\\.vscode\\extensions\\uqbar.wollok-lsp-ide-0.5.3\\out\\server\\src\\server.js:38:6142\n    at D2 (c:\\Users\\egoytendia\\.vscode\\extensions\\uqbar.wollok-lsp-ide-0.5.3\\out\\server\\src\\server.js:2384:42)\n    at c:\\Users\\egoytendia\\.vscode\\extensions\\uqbar.wollok-lsp-ide-0.5.3\\out\\server\\src\\server.js:2384:2988\n    at c:\\Users\\egoytendia\\.vscode\\extensions\\uqbar.wollok-lsp-ide-0.5.3\\out\\server\\src\\server.js:2393:8440\n    at c:\\Users\\egoytendia\\.vscode\\extensions\\uqbar.wollok-lsp-ide-0.5.3\\out\\server\\src\\server.js:37:74872\n    at Ye (c:\\Users\\egoytendia\\.vscode\\extensions\\uqbar.wollok-lsp-ide-0.5.3\\out\\server\\src\\server.js:7:8527)\n    at qt (c:\\Users\\egoytendia\\.vscode\\extensions\\uqbar.wollok-lsp-ide-0.5.3\\out\\server\\src\\server.js:7:6189)\n    at ot (c:\\Users\\egoytendia\\.vscode\\extensions\\uqbar.wollok-lsp-ide-0.5.3\\out\\server\\src\\server.js:7:6378)\n    at Immediate._onImmediate (c:\\Users\\egoytendia\\.vscode\\extensions\\uqbar.wollok-lsp-ide-0.5.3\\out\\server\\src\\server.js:7:6142)\n    at process.processImmediate (node:internal/timers:485:21)","timestamp":"2025-12-12T22:18:49.544Z"}
{"level":"info","message":"⌛ Validating parciales/elLegadoDeSoliamMurr/exiliado.wlk","timeElapsed":116,"timestamp":"2025-12-12T22:18:49.666Z"}
{"level":"error","message":"✘ Completions for node Parameter ([16:25, 16:29] - parciales/elLegadoDeSoliamMurr/exiliado.wlk) failed: Error: [Parameter]{d9fdbb} at parciales/elLegadoDeSoliamMurr/exiliado.wlk:16 exhausted all cases without a match [Parameter]{d9fdbb} at parciales/elLegadoDeSoliamMurr/exiliado.wlk:16 exhausted all cases without a match","stack":"Error: [Parameter]{d9fdbb} at parciales/elLegadoDeSoliamMurr/exiliado.wlk:16 exhausted all cases without a match\n    at c:\\Users\\egoytendia\\.vscode\\extensions\\uqbar.wollok-lsp-ide-0.5.3\\out\\server\\src\\server.js:38:6142\n    at D2 (c:\\Users\\egoytendia\\.vscode\\extensions\\uqbar.wollok-lsp-ide-0.5.3\\out\\server\\src\\server.js:2384:42)\n    at c:\\Users\\egoytendia\\.vscode\\extensions\\uqbar.wollok-lsp-ide-0.5.3\\out\\server\\src\\server.js:2384:2988\n    at c:\\Users\\egoytendia\\.vscode\\extensions\\uqbar.wollok-lsp-ide-0.5.3\\out\\server\\src\\server.js:2393:8440\n    at c:\\Users\\egoytendia\\.vscode\\extensions\\uqbar.wollok-lsp-ide-0.5.3\\out\\server\\src\\server.js:37:74872\n    at Ye (c:\\Users\\egoytendia\\.vscode\\extensions\\uqbar.wollok-lsp-ide-0.5.3\\out\\server\\src\\server.js:7:8527)\n    at qt (c:\\Users\\egoytendia\\.vscode\\extensions\\uqbar.wollok-lsp-ide-0.5.3\\out\\server\\src\\server.js:7:6189)\n    at ot (c:\\Users\\egoytendia\\.vscode\\extensions\\uqbar.wollok-lsp-ide-0.5.3\\out\\server\\src\\server.js:7:6378)\n    at Immediate._onImmediate (c:\\Users\\egoytendia\\.vscode\\extensions\\uqbar.wollok-lsp-ide-0.5.3\\out\\server\\src\\server.js:7:6142)\n    at process.processImmediate (node:internal/timers:485:21)","timestamp":"2025-12-12T22:18:49.799Z"}
{"level":"info","message":"⌛ Validating parciales/elLegadoDeSoliamMurr/exiliado.wlk","timeElapsed":120,"timestamp":"2025-12-12T22:18:49.923Z"}
{"level":"error","message":"✘ Completions for node Parameter ([16:25, 16:31] - parciales/elLegadoDeSoliamMurr/exiliado.wlk) failed: Error: [Parameter]{8b4922} at parciales/elLegadoDeSoliamMurr/exiliado.wlk:16 exhausted all cases without a match [Parameter]{8b4922} at parciales/elLegadoDeSoliamMurr/exiliado.wlk:16 exhausted all cases without a match","stack":"Error: [Parameter]{8b4922} at parciales/elLegadoDeSoliamMurr/exiliado.wlk:16 exhausted all cases without a match\n    at c:\\Users\\egoytendia\\.vscode\\extensions\\uqbar.wollok-lsp-ide-0.5.3\\out\\server\\src\\server.js:38:6142\n    at D2 (c:\\Users\\egoytendia\\.vscode\\extensions\\uqbar.wollok-lsp-ide-0.5.3\\out\\server\\src\\server.js:2384:42)\n    at c:\\Users\\egoytendia\\.vscode\\extensions\\uqbar.wollok-lsp-ide-0.5.3\\out\\server\\src\\server.js:2384:2988\n    at c:\\Users\\egoytendia\\.vscode\\extensions\\uqbar.wollok-lsp-ide-0.5.3\\out\\server\\src\\server.js:2393:8440\n    at c:\\Users\\egoytendia\\.vscode\\extensions\\uqbar.wollok-lsp-ide-0.5.3\\out\\server\\src\\server.js:37:74872\n    at Ye (c:\\Users\\egoytendia\\.vscode\\extensions\\uqbar.wollok-lsp-ide-0.5.3\\out\\server\\src\\server.js:7:8527)\n    at qt (c:\\Users\\egoytendia\\.vscode\\extensions\\uqbar.wollok-lsp-ide-0.5.3\\out\\server\\src\\server.js:7:6189)\n    at ot (c:\\Users\\egoytendia\\.vscode\\extensions\\uqbar.wollok-lsp-ide-0.5.3\\out\\server\\src\\server.js:7:6378)\n    at Immediate._onImmediate (c:\\Users\\egoytendia\\.vscode\\extensions\\uqbar.wollok-lsp-ide-0.5.3\\out\\server\\src\\server.js:7:6142)\n    at process.processImmediate (node:internal/timers:485:21)","timestamp":"2025-12-12T22:18:50.137Z"}
{"level":"info","message":"⌛ Validating parciales/elLegadoDeSoliamMurr/exiliado.wlk","timeElapsed":121,"timestamp":"2025-12-12T22:18:50.336Z"}
{"level":"info","message":"⌛ Validating parciales/elLegadoDeSoliamMurr/exiliado.wlk","timeElapsed":118,"timestamp":"2025-12-12T22:18:50.454Z"}
{"level":"info","message":"⌛ Building environment","timeElapsed":310,"timestamp":"2025-12-12T22:18:50.764Z"}
{"level":"info","message":"⌛ Building environment","timeElapsed":134,"timestamp":"2025-12-12T22:18:50.900Z"}
{"level":"info","message":"⌛ Building environment","timeElapsed":106,"timestamp":"2025-12-12T22:18:51.006Z"}
{"level":"info","message":"⌛ Building environment","timeElapsed":103,"timestamp":"2025-12-12T22:18:51.120Z"}
{"level":"error","message":"✘ Completions for node Parameter ([16:25, 16:35] - parciales/elLegadoDeSoliamMurr/exiliado.wlk) failed: Error: [Parameter]{6c5cd0} at parciales/elLegadoDeSoliamMurr/exiliado.wlk:16 exhausted all cases without a match [Parameter]{6c5cd0} at parciales/elLegadoDeSoliamMurr/exiliado.wlk:16 exhausted all cases without a match","stack":"Error: [Parameter]{6c5cd0} at parciales/elLegadoDeSoliamMurr/exiliado.wlk:16 exhausted all cases without a match\n    at c:\\Users\\egoytendia\\.vscode\\extensions\\uqbar.wollok-lsp-ide-0.5.3\\out\\server\\src\\server.js:38:6142\n    at D2 (c:\\Users\\egoytendia\\.vscode\\extensions\\uqbar.wollok-lsp-ide-0.5.3\\out\\server\\src\\server.js:2384:42)\n    at c:\\Users\\egoytendia\\.vscode\\extensions\\uqbar.wollok-lsp-ide-0.5.3\\out\\server\\src\\server.js:2384:2988\n    at c:\\Users\\egoytendia\\.vscode\\extensions\\uqbar.wollok-lsp-ide-0.5.3\\out\\server\\src\\server.js:2393:8440\n    at c:\\Users\\egoytendia\\.vscode\\extensions\\uqbar.wollok-lsp-ide-0.5.3\\out\\server\\src\\server.js:37:74872\n    at Ye (c:\\Users\\egoytendia\\.vscode\\extensions\\uqbar.wollok-lsp-ide-0.5.3\\out\\server\\src\\server.js:7:8527)\n    at qt (c:\\Users\\egoytendia\\.vscode\\extensions\\uqbar.wollok-lsp-ide-0.5.3\\out\\server\\src\\server.js:7:6189)\n    at ot (c:\\Users\\egoytendia\\.vscode\\extensions\\uqbar.wollok-lsp-ide-0.5.3\\out\\server\\src\\server.js:7:6378)\n    at Immediate._onImmediate (c:\\Users\\egoytendia\\.vscode\\extensions\\uqbar.wollok-lsp-ide-0.5.3\\out\\server\\src\\server.js:7:6142)\n    at process.processImmediate (node:internal/timers:485:21)","timestamp":"2025-12-12T22:18:51.153Z"}
{"level":"info","message":"⌛ Validating parciales/elLegadoDeSoliamMurr/exiliado.wlk","timeElapsed":140,"timestamp":"2025-12-12T22:18:51.302Z"}
{"level":"info","message":"⌛ Validating parciales/elLegadoDeSoliamMurr/exiliado.wlk","timeElapsed":159,"timestamp":"2025-12-12T22:18:51.461Z"}
{"level":"info","message":"⌛ Validating parciales/elLegadoDeSoliamMurr/exiliado.wlk","timeElapsed":135,"timestamp":"2025-12-12T22:18:51.596Z"}
{"level":"info","message":"⌛ Validating parciales/elLegadoDeSoliamMurr/exiliado.wlk","timeElapsed":135,"timestamp":"2025-12-12T22:18:51.731Z"}
{"level":"info","message":"⌛ Building environment","timeElapsed":123,"timestamp":"2025-12-12T22:18:53.022Z"}
{"level":"info","message":"⌛ Validating parciales/elLegadoDeSoliamMurr/exiliado.wlk","timeElapsed":140,"timestamp":"2025-12-12T22:18:53.203Z"}
{"level":"info","message":"⌛ Building environment","timeElapsed":131,"timestamp":"2025-12-12T22:18:53.434Z"}
{"level":"info","message":"⌛ Validating parciales/elLegadoDeSoliamMurr/exiliado.wlk","timeElapsed":125,"timestamp":"2025-12-12T22:18:53.658Z"}
{"level":"info","message":"⌛ Building environment","timeElapsed":127,"timestamp":"2025-12-12T22:18:53.786Z"}
{"level":"info","message":"⌛ Validating parciales/elLegadoDeSoliamMurr/exiliado.wlk","timeElapsed":123,"timestamp":"2025-12-12T22:18:53.956Z"}
{"level":"info","message":"⌛ Validating parciales/elLegadoDeSoliamMurr/exiliado.wlk","timeElapsed":153,"timestamp":"2025-12-12T22:18:54.109Z"}
{"level":"info","message":"⌛ Validating parciales/elLegadoDeSoliamMurr/exiliado.wlk","timeElapsed":135,"timestamp":"2025-12-12T22:18:54.245Z"}
{"level":"info","message":"⌛ Building environment","timeElapsed":124,"timestamp":"2025-12-12T22:18:56.267Z"}
{"level":"info","message":"⌛ Validating parciales/elLegadoDeSoliamMurr/exiliado.wlk","timeElapsed":240,"timestamp":"2025-12-12T22:18:56.508Z"}
{"level":"info","message":"⌛ Building environment","timeElapsed":129,"timestamp":"2025-12-12T22:18:56.638Z"}
{"level":"info","message":"⌛ Building environment","timeElapsed":120,"timestamp":"2025-12-12T22:18:56.758Z"}
{"level":"info","message":"⌛ Validating parciales/elLegadoDeSoliamMurr/exiliado.wlk","timeElapsed":129,"timestamp":"2025-12-12T22:18:56.898Z"}
{"level":"info","message":"⌛ Validating parciales/elLegadoDeSoliamMurr/exiliado.wlk","timeElapsed":130,"timestamp":"2025-12-12T22:18:57.034Z"}
{"level":"info","message":"⌛ Building environment","timeElapsed":109,"timestamp":"2025-12-12T22:18:57.437Z"}
{"level":"info","message":"⌛ Validating parciales/elLegadoDeSoliamMurr/exiliado.wlk","timeElapsed":134,"timestamp":"2025-12-12T22:18:57.572Z"}
{"level":"info","message":"⌛ Building environment","timeElapsed":156,"timestamp":"2025-12-12T22:18:58.673Z"}
{"level":"info","message":"⌛ Validating parciales/elLegadoDeSoliamMurr/exiliado.wlk","timeElapsed":127,"timestamp":"2025-12-12T22:18:58.899Z"}
{"level":"info","message":"⌛ Validating parciales/elLegadoDeSoliamMurr/exiliado.wlk","timeElapsed":140,"timestamp":"2025-12-12T22:18:59.040Z"}
{"level":"info","message":"⌛ Building environment","timeElapsed":111,"timestamp":"2025-12-12T22:19:07.022Z"}
{"level":"error","message":"✘ Completions for node Send ([17:5, 17:33] - parciales/elLegadoDeSoliamMurr/exiliado.wlk) failed: Error: [Send]{b09bb2} at parciales/elLegadoDeSoliamMurr/exiliado.wlk:17 exhausted all cases without a match [Send]{b09bb2} at parciales/elLegadoDeSoliamMurr/exiliado.wlk:17 exhausted all cases without a match","stack":"Error: [Send]{b09bb2} at parciales/elLegadoDeSoliamMurr/exiliado.wlk:17 exhausted all cases without a match\n    at c:\\Users\\egoytendia\\.vscode\\extensions\\uqbar.wollok-lsp-ide-0.5.3\\out\\server\\src\\server.js:38:6142\n    at D2 (c:\\Users\\egoytendia\\.vscode\\extensions\\uqbar.wollok-lsp-ide-0.5.3\\out\\server\\src\\server.js:2384:42)\n    at Qh (c:\\Users\\egoytendia\\.vscode\\extensions\\uqbar.wollok-lsp-ide-0.5.3\\out\\server\\src\\server.js:2384:1092)\n    at k6n (c:\\Users\\egoytendia\\.vscode\\extensions\\uqbar.wollok-lsp-ide-0.5.3\\out\\server\\src\\server.js:2384:1248)\n    at c:\\Users\\egoytendia\\.vscode\\extensions\\uqbar.wollok-lsp-ide-0.5.3\\out\\server\\src\\server.js:38:6131\n    at D2 (c:\\Users\\egoytendia\\.vscode\\extensions\\uqbar.wollok-lsp-ide-0.5.3\\out\\server\\src\\server.js:2384:42)\n    at c:\\Users\\egoytendia\\.vscode\\extensions\\uqbar.wollok-lsp-ide-0.5.3\\out\\server\\src\\server.js:2384:2988\n    at c:\\Users\\egoytendia\\.vscode\\extensions\\uqbar.wollok-lsp-ide-0.5.3\\out\\server\\src\\server.js:2393:8440\n    at c:\\Users\\egoytendia\\.vscode\\extensions\\uqbar.wollok-lsp-ide-0.5.3\\out\\server\\src\\server.js:37:74872\n    at Ye (c:\\Users\\egoytendia\\.vscode\\extensions\\uqbar.wollok-lsp-ide-0.5.3\\out\\server\\src\\server.js:7:8527)","timestamp":"2025-12-12T22:19:07.058Z"}
{"level":"info","message":"⌛ Building environment","timeElapsed":172,"timestamp":"2025-12-12T22:19:07.235Z"}
{"level":"info","message":"⌛ Validating parciales/elLegadoDeSoliamMurr/exiliado.wlk","timeElapsed":148,"timestamp":"2025-12-12T22:19:07.384Z"}
{"level":"info","message":"⌛ Building environment","timeElapsed":101,"timestamp":"2025-12-12T22:19:07.578Z"}
{"level":"info","message":"⌛ Validating parciales/elLegadoDeSoliamMurr/exiliado.wlk","timeElapsed":116,"timestamp":"2025-12-12T22:19:07.707Z"}
{"level":"info","message":"⌛ Validating parciales/elLegadoDeSoliamMurr/exiliado.wlk","timeElapsed":124,"timestamp":"2025-12-12T22:19:08.025Z"}
{"level":"info","message":"⌛ Validating parciales/elLegadoDeSoliamMurr/exiliado.wlk","timeElapsed":153,"timestamp":"2025-12-12T22:19:08.274Z"}
{"level":"info","message":"⌛ Validating parciales/elLegadoDeSoliamMurr/exiliado.wlk","timeElapsed":112,"timestamp":"2025-12-12T22:19:08.391Z"}
{"level":"info","message":"⌛ Validating parciales/elLegadoDeSoliamMurr/exiliado.wlk","timeElapsed":109,"timestamp":"2025-12-12T22:19:08.500Z"}
{"level":"info","message":"⌛ Validating parciales/elLegadoDeSoliamMurr/exiliado.wlk","timeElapsed":119,"timestamp":"2025-12-12T22:19:08.621Z"}
{"level":"info","message":"⌛ Building environment","timeElapsed":120,"timestamp":"2025-12-12T22:19:15.359Z"}
{"level":"info","message":"⌛ Validating parciales/elLegadoDeSoliamMurr/exiliado.wlk","timeElapsed":113,"timestamp":"2025-12-12T22:19:15.473Z"}
{"level":"info","message":"⌛ Building environment","timeElapsed":150,"timestamp":"2025-12-12T22:19:15.900Z"}
{"level":"info","message":"⌛ Validating parciales/elLegadoDeSoliamMurr/exiliado.wlk","timeElapsed":128,"timestamp":"2025-12-12T22:19:16.029Z"}
{"level":"info","message":"⌛ Validating parciales/elLegadoDeSoliamMurr/exiliado.wlk","timeElapsed":117,"timestamp":"2025-12-12T22:19:16.245Z"}
{"level":"info","message":"⌛ Building environment","timeElapsed":147,"timestamp":"2025-12-12T22:19:16.556Z"}
{"level":"info","message":"⌛ Validating parciales/elLegadoDeSoliamMurr/exiliado.wlk","timeElapsed":125,"timestamp":"2025-12-12T22:19:16.683Z"}
{"level":"info","message":"⌛ Validating parciales/elLegadoDeSoliamMurr/exiliado.wlk","timeElapsed":122,"timestamp":"2025-12-12T22:19:16.899Z"}
{"level":"info","message":"⌛ Validating parciales/elLegadoDeSoliamMurr/exiliado.wlk","timeElapsed":116,"timestamp":"2025-12-12T22:19:17.114Z"}
{"level":"info","message":"⌛ Building environment","timeElapsed":128,"timestamp":"2025-12-12T22:19:17.354Z"}
{"level":"info","message":"⌛ Validating parciales/elLegadoDeSoliamMurr/exiliado.wlk","timeElapsed":139,"timestamp":"2025-12-12T22:19:17.494Z"}
{"level":"info","message":"⌛ Building environment","timeElapsed":169,"timestamp":"2025-12-12T22:19:17.686Z"}
{"level":"info","message":"⌛ Validating parciales/elLegadoDeSoliamMurr/exiliado.wlk","timeElapsed":150,"timestamp":"2025-12-12T22:19:17.837Z"}
{"level":"info","message":"⌛ Building environment","timeElapsed":104,"timestamp":"2025-12-12T22:19:18.088Z"}
{"level":"info","message":"⌛ Validating parciales/elLegadoDeSoliamMurr/exiliado.wlk","timeElapsed":128,"timestamp":"2025-12-12T22:19:18.218Z"}
{"level":"info","message":"⌛ Building environment","timeElapsed":112,"timestamp":"2025-12-12T22:19:18.475Z"}
{"level":"info","message":"⌛ Validating parciales/elLegadoDeSoliamMurr/exiliado.wlk","timeElapsed":131,"timestamp":"2025-12-12T22:19:18.607Z"}
{"level":"info","message":"⌛ Validating parciales/elLegadoDeSoliamMurr/exiliado.wlk","timeElapsed":116,"timestamp":"2025-12-12T22:19:18.815Z"}
{"level":"info","message":"⌛ Validating parciales/elLegadoDeSoliamMurr/exiliado.wlk","timeElapsed":155,"timestamp":"2025-12-12T22:19:19.058Z"}
{"level":"info","message":"⌛ Building environment","timeElapsed":112,"timestamp":"2025-12-12T22:19:19.193Z"}
{"level":"info","message":"⌛ Validating parciales/elLegadoDeSoliamMurr/exiliado.wlk","timeElapsed":127,"timestamp":"2025-12-12T22:19:19.321Z"}
{"level":"info","message":"⌛ Building environment","timeElapsed":147,"timestamp":"2025-12-12T22:19:19.574Z"}
{"level":"info","message":"⌛ Validating parciales/elLegadoDeSoliamMurr/exiliado.wlk","timeElapsed":125,"timestamp":"2025-12-12T22:19:19.704Z"}
{"level":"info","message":"⌛ Validating parciales/elLegadoDeSoliamMurr/exiliado.wlk","timeElapsed":135,"timestamp":"2025-12-12T22:19:20.670Z"}
{"level":"info","message":"⌛ Validating parciales/elLegadoDeSoliamMurr/exiliado.wlk","timeElapsed":132,"timestamp":"2025-12-12T22:19:20.894Z"}
{"level":"info","message":"⌛ Validating parciales/elLegadoDeSoliamMurr/exiliado.wlk","timeElapsed":124,"timestamp":"2025-12-12T22:19:21.113Z"}
{"level":"info","message":"⌛ Building environment","timeElapsed":142,"timestamp":"2025-12-12T22:19:21.273Z"}
{"level":"info","message":"⌛ Validating parciales/elLegadoDeSoliamMurr/exiliado.wlk","timeElapsed":123,"timestamp":"2025-12-12T22:19:21.401Z"}
{"level":"info","message":"⌛ Validating parciales/elLegadoDeSoliamMurr/exiliado.wlk","timeElapsed":143,"timestamp":"2025-12-12T22:19:21.644Z"}
{"level":"info","message":"⌛ Building environment","timeElapsed":145,"timestamp":"2025-12-12T22:19:21.879Z"}
{"level":"info","message":"⌛ Validating parciales/elLegadoDeSoliamMurr/exiliado.wlk","timeElapsed":126,"timestamp":"2025-12-12T22:19:22.012Z"}
{"level":"info","message":"⌛ Validating parciales/elLegadoDeSoliamMurr/exiliado.wlk","timeElapsed":129,"timestamp":"2025-12-12T22:19:22.228Z"}
{"level":"info","message":"⌛ Building environment","timeElapsed":202,"timestamp":"2025-12-12T22:19:22.431Z"}
{"level":"info","message":"⌛ Validating parciales/elLegadoDeSoliamMurr/exiliado.wlk","timeElapsed":122,"timestamp":"2025-12-12T22:19:22.558Z"}
{"level":"info","message":"⌛ Building environment","timeElapsed":119,"timestamp":"2025-12-12T22:19:22.722Z"}
{"level":"info","message":"⌛ Validating parciales/elLegadoDeSoliamMurr/exiliado.wlk","timeElapsed":123,"timestamp":"2025-12-12T22:19:22.846Z"}
{"level":"info","message":"⌛ Building environment","timeElapsed":125,"timestamp":"2025-12-12T22:19:23.166Z"}
{"level":"info","message":"⌛ Validating parciales/elLegadoDeSoliamMurr/exiliado.wlk","timeElapsed":137,"timestamp":"2025-12-12T22:19:23.304Z"}
{"level":"error","message":"✘ Failed to get type description: Error: Failed to print, found malformed node Failed to print, found malformed node","node":{"id":"1ff125e3-d4ad-41cb-a8b4-0798e6af738f","metadata":[],"problems":[{"code":"malformedSentence","sourceMap":{"end":{"column":70,"line":21,"offset":516},"start":{"column":26,"line":21,"offset":472}}}],"scope":{"containerScope":{"containerScope":{"containerScope":{"containerScope":{"containerScope":{"containerScope":{"contributions":{},"includedScopes":[]},"contributions":{},"includedScopes":[]},"contributions":{},"includedScopes":[]},"contributions":{},"includedScopes":[]},"contributions":{},"includedScopes":[{"containerScope":{"containerScope":{"containerScope":{"contributions":{},"includedScopes":[]},"contributions":{},"includedScopes":[]},"contributions":{},"includedScopes":[]},"contributions":{},"includedScopes":[]}]},"contributions":{},"includedScopes":[]},"contributions":{},"includedScopes":[]},"sentences":[{"args":[],"id":"271f127d-90d5-4a65-ae67-fd013df484b5","message":"cantidadPlazas","metadata":[],"receiver":{"id":"3e828abd-4095-45b6-8ab5-de857349d7d6","metadata":[],"scope":{"containerScope":{"containerScope":{"containerScope":{"containerScope":{"containerScope":{"containerScope":{"containerScope":{"containerScope":{"contributions":{},"includedScopes":[]},"contributions":{},"includedScopes":[]},"contributions":{},"includedScopes":[]},"contributions":{},"includedScopes":[]},"contributions":{},"includedScopes":[{"containerScope":{"containerScope":{"containerScope":{"contributions":{},"includedScopes":[]},"contributions":{},"includedScopes":[]},"contributions":{},"includedScopes":[]},"contributions":{},"includedScopes":[]}]},"contributions":{},"includedScopes":[]},"contributions":{},"includedScopes":[]},"contributions":{},"includedScopes":[]},"contributions":{},"includedScopes":[]},"sourceMap":{"end":{"column":9,"line":21,"offset":455},"start":{"column":5,"line":21,"offset":451}}},"scope":{"containerScope":{"containerScope":{"containerScope":{"containerScope":{"containerScope":{"containerScope":{"containerScope":{"contributions":{},"includedScopes":[]},"contributions":{},"includedScopes":[]},"contributions":{},"includedScopes":[]},"contributions":{},"includedScopes":[]},"contributions":{},"includedScopes":[{"containerScope":{"containerScope":{"containerScope":{"contributions":{},"includedScopes":[]},"contributions":{},"includedScopes":[]},"contributions":{},"includedScopes":[]},"contributions":{},"includedScopes":[]}]},"contributions":{},"includedScopes":[]},"contributions":{},"includedScopes":[]},"contributions":{},"includedScopes":[]},"sourceMap":{"end":{"column":26,"line":21,"offset":472},"start":{"column":5,"line":21,"offset":451}}}],"sourceMap":{"end":{"column":4,"line":22,"offset":521},"start":{"column":44,"line":20,"offset":444}}},"stack":"Error: Failed to print, found malformed node\n    at c:\\Users\\egoytendia\\.vscode\\extensions\\uqbar.wollok-lsp-ide-0.5.3\\out\\server\\src\\server.js:68:3585\n    at c:\\Users\\egoytendia\\.vscode\\extensions\\uqbar.wollok-lsp-ide-0.5.3\\out\\server\\src\\server.js:68:5370\n    at c:\\Users\\egoytendia\\.vscode\\extensions\\uqbar.wollok-lsp-ide-0.5.3\\out\\server\\src\\server.js:38:6131\n    at c:\\Users\\egoytendia\\.vscode\\extensions\\uqbar.wollok-lsp-ide-0.5.3\\out\\server\\src\\server.js:68:3664\n    at Array.map (<anonymous>)\n    at c:\\Users\\egoytendia\\.vscode\\extensions\\uqbar.wollok-lsp-ide-0.5.3\\out\\server\\src\\server.js:68:10583\n    at c:\\Users\\egoytendia\\.vscode\\extensions\\uqbar.wollok-lsp-ide-0.5.3\\out\\server\\src\\server.js:68:8358\n    at c:\\Users\\egoytendia\\.vscode\\extensions\\uqbar.wollok-lsp-ide-0.5.3\\out\\server\\src\\server.js:38:6131\n    at c:\\Users\\egoytendia\\.vscode\\extensions\\uqbar.wollok-lsp-ide-0.5.3\\out\\server\\src\\server.js:68:3664\n    at Gbn (c:\\Users\\egoytendia\\.vscode\\extensions\\uqbar.wollok-lsp-ide-0.5.3\\out\\server\\src\\server.js:68:3396)","timestamp":"2025-12-12T22:19:28.172Z"}
{"level":"info","message":"⌛ Building environment","timeElapsed":176,"timestamp":"2025-12-12T22:19:28.376Z"}
{"level":"info","message":"⌛ Validating parciales/elLegadoDeSoliamMurr/exiliado.wlk","timeElapsed":191,"timestamp":"2025-12-12T22:19:28.570Z"}
{"level":"info","message":"⌛ Building environment","timeElapsed":170,"timestamp":"2025-12-12T22:19:31.906Z"}
{"level":"info","message":"⌛ Validating parciales/elLegadoDeSoliamMurr/asentamientos.wlk","timeElapsed":299,"timestamp":"2025-12-12T22:19:32.223Z"}
{"level":"info","message":"⌛ Building environment","timeElapsed":122,"timestamp":"2025-12-12T22:19:45.942Z"}
{"level":"info","message":"⌛ Validating parciales/elLegadoDeSoliamMurr/asentamientos.wlk","timeElapsed":149,"timestamp":"2025-12-12T22:19:46.093Z"}
{"level":"info","message":"⌛ Building environment","timeElapsed":109,"timestamp":"2025-12-12T22:19:46.202Z"}
{"level":"info","message":"⌛ Validating parciales/elLegadoDeSoliamMurr/asentamientos.wlk","timeElapsed":135,"timestamp":"2025-12-12T22:19:46.338Z"}
{"level":"info","message":"⌛ Building environment","timeElapsed":245,"timestamp":"2025-12-12T22:19:46.698Z"}
{"level":"info","message":"⌛ Validating parciales/elLegadoDeSoliamMurr/asentamientos.wlk","timeElapsed":128,"timestamp":"2025-12-12T22:19:46.826Z"}
{"level":"info","message":"⌛ Building environment","timeElapsed":110,"timestamp":"2025-12-12T22:19:46.974Z"}
{"level":"info","message":"⌛ Validating parciales/elLegadoDeSoliamMurr/asentamientos.wlk","timeElapsed":142,"timestamp":"2025-12-12T22:19:47.117Z"}
{"level":"info","message":"⌛ Building environment","timeElapsed":125,"timestamp":"2025-12-12T22:19:54.754Z"}
{"level":"info","message":"⌛ Validating parciales/elLegadoDeSoliamMurr/asentamientos.wlk","timeElapsed":129,"timestamp":"2025-12-12T22:19:54.884Z"}
{"level":"info","message":"⌛ Building environment","timeElapsed":124,"timestamp":"2025-12-12T22:19:56.034Z"}
{"level":"info","message":"⌛ Validating parciales/elLegadoDeSoliamMurr/asentamientos.wlk","timeElapsed":132,"timestamp":"2025-12-12T22:19:56.167Z"}
{"level":"error","message":"✘ Failed to get type description: Error: Failed to print, found malformed node Failed to print, found malformed node","node":{"id":"36009568-2060-4fac-97c7-4cafc60edc6c","metadata":[],"problems":[{"code":"malformedSentence","sourceMap":{"end":{"column":70,"line":30,"offset":665},"start":{"column":26,"line":30,"offset":621}}}],"scope":{"containerScope":{"containerScope":{"containerScope":{"containerScope":{"containerScope":{"containerScope":{"contributions":{},"includedScopes":[]},"contributions":{},"includedScopes":[]},"contributions":{},"includedScopes":[]},"contributions":{},"includedScopes":[{"contributions":{},"includedScopes":[]}]},"contributions":{},"includedScopes":[{"containerScope":{"containerScope":{"containerScope":{"contributions":{},"includedScopes":[]},"contributions":{},"includedScopes":[]},"contributions":{},"includedScopes":[]},"contributions":{},"includedScopes":[]}]},"contributions":{},"includedScopes":[]},"contributions":{},"includedScopes":[]},"sentences":[{"args":[],"id":"c2f0b732-0334-493a-af2a-fd88f6f0efc1","message":"cantidadPlazas","metadata":[],"receiver":{"id":"9c45b658-c66a-4c76-bb70-e1daa91e00ce","metadata":[],"scope":{"containerScope":{"containerScope":{"containerScope":{"containerScope":{"containerScope":{"containerScope":{"containerScope":{"containerScope":{"contributions":{},"includedScopes":[]},"contributions":{},"includedScopes":[]},"contributions":{},"includedScopes":[]},"contributions":{},"includedScopes":[{"contributions":{},"includedScopes":[]}]},"contributions":{},"includedScopes":[{"containerScope":{"containerScope":{"containerScope":{"contributions":{},"includedScopes":[]},"contributions":{},"includedScopes":[]},"contributions":{},"includedScopes":[]},"contributions":{},"includedScopes":[]}]},"contributions":{},"includedScopes":[]},"contributions":{},"includedScopes":[]},"contributions":{},"includedScopes":[]},"contributions":{},"includedScopes":[]},"sourceMap":{"end":{"column":9,"line":30,"offset":604},"start":{"column":5,"line":30,"offset":600}}},"scope":{"containerScope":{"containerScope":{"containerScope":{"containerScope":{"containerScope":{"containerScope":{"containerScope":{"contributions":{},"includedScopes":[]},"contributions":{},"includedScopes":[]},"contributions":{},"includedScopes":[]},"contributions":{},"includedScopes":[{"contributions":{},"includedScopes":[]}]},"contributions":{},"includedScopes":[{"containerScope":{"containerScope":{"containerScope":{"contributions":{},"includedScopes":[]},"contributions":{},"includedScopes":[]},"contributions":{},"includedScopes":[]},"contributions":{},"includedScopes":[]}]},"contributions":{},"includedScopes":[]},"contributions":{},"includedScopes":[]},"contributions":{},"includedScopes":[]},"sourceMap":{"end":{"column":26,"line":30,"offset":621},"start":{"column":5,"line":30,"offset":600}}}],"sourceMap":{"end":{"column":4,"line":31,"offset":670},"start":{"column":44,"line":29,"offset":593}}},"stack":"Error: Failed to print, found malformed node\n    at c:\\Users\\egoytendia\\.vscode\\extensions\\uqbar.wollok-lsp-ide-0.5.3\\out\\server\\src\\server.js:68:3585\n    at c:\\Users\\egoytendia\\.vscode\\extensions\\uqbar.wollok-lsp-ide-0.5.3\\out\\server\\src\\server.js:68:5370\n    at c:\\Users\\egoytendia\\.vscode\\extensions\\uqbar.wollok-lsp-ide-0.5.3\\out\\server\\src\\server.js:38:6131\n    at c:\\Users\\egoytendia\\.vscode\\extensions\\uqbar.wollok-lsp-ide-0.5.3\\out\\server\\src\\server.js:68:3664\n    at Gbn (c:\\Users\\egoytendia\\.vscode\\extensions\\uqbar.wollok-lsp-ide-0.5.3\\out\\server\\src\\server.js:68:3396)\n    at c:\\Users\\egoytendia\\.vscode\\extensions\\uqbar.wollok-lsp-ide-0.5.3\\out\\server\\src\\server.js:2393:847\n    at c:\\Users\\egoytendia\\.vscode\\extensions\\uqbar.wollok-lsp-ide-0.5.3\\out\\server\\src\\server.js:2393:8440\n    at c:\\Users\\egoytendia\\.vscode\\extensions\\uqbar.wollok-lsp-ide-0.5.3\\out\\server\\src\\server.js:37:74770\n    at Ye (c:\\Users\\egoytendia\\.vscode\\extensions\\uqbar.wollok-lsp-ide-0.5.3\\out\\server\\src\\server.js:7:8527)\n    at qt (c:\\Users\\egoytendia\\.vscode\\extensions\\uqbar.wollok-lsp-ide-0.5.3\\out\\server\\src\\server.js:7:6189)","timestamp":"2025-12-12T22:19:57.942Z"}
{"level":"error","message":"✘ Failed to get type description: Error: Failed to print, found malformed node Failed to print, found malformed node","node":{"id":"36009568-2060-4fac-97c7-4cafc60edc6c","metadata":[],"problems":[{"code":"malformedSentence","sourceMap":{"end":{"column":70,"line":30,"offset":665},"start":{"column":26,"line":30,"offset":621}}}],"scope":{"containerScope":{"containerScope":{"containerScope":{"containerScope":{"containerScope":{"containerScope":{"contributions":{},"includedScopes":[]},"contributions":{},"includedScopes":[]},"contributions":{},"includedScopes":[]},"contributions":{},"includedScopes":[{"contributions":{},"includedScopes":[]}]},"contributions":{},"includedScopes":[{"containerScope":{"containerScope":{"containerScope":{"contributions":{},"includedScopes":[]},"contributions":{},"includedScopes":[]},"contributions":{},"includedScopes":[]},"contributions":{},"includedScopes":[]}]},"contributions":{},"includedScopes":[]},"contributions":{},"includedScopes":[]},"sentences":[{"args":[],"id":"c2f0b732-0334-493a-af2a-fd88f6f0efc1","message":"cantidadPlazas","metadata":[],"receiver":{"id":"9c45b658-c66a-4c76-bb70-e1daa91e00ce","metadata":[],"scope":{"containerScope":{"containerScope":{"containerScope":{"containerScope":{"containerScope":{"containerScope":{"containerScope":{"containerScope":{"contributions":{},"includedScopes":[]},"contributions":{},"includedScopes":[]},"contributions":{},"includedScopes":[]},"contributions":{},"includedScopes":[{"contributions":{},"includedScopes":[]}]},"contributions":{},"includedScopes":[{"containerScope":{"containerScope":{"containerScope":{"contributions":{},"includedScopes":[]},"contributions":{},"includedScopes":[]},"contributions":{},"includedScopes":[]},"contributions":{},"includedScopes":[]}]},"contributions":{},"includedScopes":[]},"contributions":{},"includedScopes":[]},"contributions":{},"includedScopes":[]},"contributions":{},"includedScopes":[]},"sourceMap":{"end":{"column":9,"line":30,"offset":604},"start":{"column":5,"line":30,"offset":600}}},"scope":{"containerScope":{"containerScope":{"containerScope":{"containerScope":{"containerScope":{"containerScope":{"containerScope":{"contributions":{},"includedScopes":[]},"contributions":{},"includedScopes":[]},"contributions":{},"includedScopes":[]},"contributions":{},"includedScopes":[{"contributions":{},"includedScopes":[]}]},"contributions":{},"includedScopes":[{"containerScope":{"containerScope":{"containerScope":{"contributions":{},"includedScopes":[]},"contributions":{},"includedScopes":[]},"contributions":{},"includedScopes":[]},"contributions":{},"includedScopes":[]}]},"contributions":{},"includedScopes":[]},"contributions":{},"includedScopes":[]},"contributions":{},"includedScopes":[]},"sourceMap":{"end":{"column":26,"line":30,"offset":621},"start":{"column":5,"line":30,"offset":600}}}],"sourceMap":{"end":{"column":4,"line":31,"offset":670},"start":{"column":44,"line":29,"offset":593}}},"stack":"Error: Failed to print, found malformed node\n    at c:\\Users\\egoytendia\\.vscode\\extensions\\uqbar.wollok-lsp-ide-0.5.3\\out\\server\\src\\server.js:68:3585\n    at c:\\Users\\egoytendia\\.vscode\\extensions\\uqbar.wollok-lsp-ide-0.5.3\\out\\server\\src\\server.js:68:5370\n    at c:\\Users\\egoytendia\\.vscode\\extensions\\uqbar.wollok-lsp-ide-0.5.3\\out\\server\\src\\server.js:38:6131\n    at c:\\Users\\egoytendia\\.vscode\\extensions\\uqbar.wollok-lsp-ide-0.5.3\\out\\server\\src\\server.js:68:3664\n    at Gbn (c:\\Users\\egoytendia\\.vscode\\extensions\\uqbar.wollok-lsp-ide-0.5.3\\out\\server\\src\\server.js:68:3396)\n    at c:\\Users\\egoytendia\\.vscode\\extensions\\uqbar.wollok-lsp-ide-0.5.3\\out\\server\\src\\server.js:2393:847\n    at c:\\Users\\egoytendia\\.vscode\\extensions\\uqbar.wollok-lsp-ide-0.5.3\\out\\server\\src\\server.js:2393:8440\n    at c:\\Users\\egoytendia\\.vscode\\extensions\\uqbar.wollok-lsp-ide-0.5.3\\out\\server\\src\\server.js:37:74770\n    at Ye (c:\\Users\\egoytendia\\.vscode\\extensions\\uqbar.wollok-lsp-ide-0.5.3\\out\\server\\src\\server.js:7:8527)\n    at qt (c:\\Users\\egoytendia\\.vscode\\extensions\\uqbar.wollok-lsp-ide-0.5.3\\out\\server\\src\\server.js:7:6189)","timestamp":"2025-12-12T22:20:03.272Z"}
{"level":"info","message":"⌛ Building environment","timeElapsed":116,"timestamp":"2025-12-12T22:20:10.271Z"}
{"level":"info","message":"⌛ Validating parciales/elLegadoDeSoliamMurr/asentamientos.wlk","timeElapsed":126,"timestamp":"2025-12-12T22:20:10.397Z"}
{"level":"info","message":"⌛ Building environment","timeElapsed":132,"timestamp":"2025-12-12T22:20:10.733Z"}
{"level":"info","message":"⌛ Validating parciales/elLegadoDeSoliamMurr/asentamientos.wlk","timeElapsed":176,"timestamp":"2025-12-12T22:20:11.044Z"}
{"level":"info","message":"⌛ Validating parciales/elLegadoDeSoliamMurr/asentamientos.wlk","timeElapsed":125,"timestamp":"2025-12-12T22:20:11.170Z"}
{"level":"info","message":"⌛ Building environment","timeElapsed":130,"timestamp":"2025-12-12T22:20:11.307Z"}
{"level":"info","message":"⌛ Building environment","timeElapsed":116,"timestamp":"2025-12-12T22:20:11.428Z"}
{"level":"info","message":"⌛ Building environment","timeElapsed":106,"timestamp":"2025-12-12T22:20:11.536Z"}
{"level":"info","message":"⌛ Validating parciales/elLegadoDeSoliamMurr/asentamientos.wlk","timeElapsed":144,"timestamp":"2025-12-12T22:20:11.680Z"}
{"level":"info","message":"⌛ Validating parciales/elLegadoDeSoliamMurr/asentamientos.wlk","timeElapsed":120,"timestamp":"2025-12-12T22:20:11.801Z"}
{"level":"info","message":"⌛ Building environment","timeElapsed":110,"timestamp":"2025-12-12T22:20:11.911Z"}
{"level":"info","message":"⌛ Validating parciales/elLegadoDeSoliamMurr/asentamientos.wlk","timeElapsed":120,"timestamp":"2025-12-12T22:20:12.032Z"}
{"level":"info","message":"⌛ Building environment","timeElapsed":113,"timestamp":"2025-12-12T22:20:12.436Z"}
{"level":"info","message":"⌛ Validating parciales/elLegadoDeSoliamMurr/asentamientos.wlk","timeElapsed":118,"timestamp":"2025-12-12T22:20:12.554Z"}
{"level":"info","message":"⌛ Validating parciales/elLegadoDeSoliamMurr/asentamientos.wlk","timeElapsed":116,"timestamp":"2025-12-12T22:20:12.675Z"}
{"level":"info","message":"⌛ Validating parciales/elLegadoDeSoliamMurr/asentamientos.wlk","timeElapsed":114,"timestamp":"2025-12-12T22:20:12.790Z"}
{"level":"info","message":"⌛ Validating parciales/elLegadoDeSoliamMurr/asentamientos.wlk","timeElapsed":113,"timestamp":"2025-12-12T22:20:12.906Z"}
{"level":"info","message":"⌛ Validating parciales/elLegadoDeSoliamMurr/asentamientos.wlk","timeElapsed":128,"timestamp":"2025-12-12T22:20:13.034Z"}
{"level":"info","message":"⌛ Building environment","timeElapsed":224,"timestamp":"2025-12-12T22:20:23.877Z"}
{"level":"info","message":"⌛ Validating parciales/elLegadoDeSoliamMurr/asentamientos.wlk","timeElapsed":152,"timestamp":"2025-12-12T22:20:24.030Z"}
{"level":"info","message":"⌛ Building environment","timeElapsed":142,"timestamp":"2025-12-12T22:20:49.796Z"}
{"level":"info","message":"⌛ Validating parciales/elLegadoDeSoliamMurr/asentamientos.wlk","timeElapsed":129,"timestamp":"2025-12-12T22:20:49.925Z"}
{"level":"info","message":"⌛ Building environment","timeElapsed":130,"timestamp":"2025-12-12T22:20:53.334Z"}
{"level":"info","message":"⌛ Validating parciales/elLegadoDeSoliamMurr/asentamientos.wlk","timeElapsed":126,"timestamp":"2025-12-12T22:20:53.462Z"}
{"level":"info","message":"⌛ Building environment","timeElapsed":180,"timestamp":"2025-12-12T22:20:53.642Z"}
{"level":"info","message":"⌛ Validating parciales/elLegadoDeSoliamMurr/asentamientos.wlk","timeElapsed":130,"timestamp":"2025-12-12T22:20:53.781Z"}
{"level":"info","message":"⌛ Building environment","timeElapsed":132,"timestamp":"2025-12-12T22:21:01.488Z"}
{"level":"error","message":"✘ Completions for node Send ([30:38, 30:70] - parciales/elLegadoDeSoliamMurr/asentamientos.wlk) failed: Error: [Send]{009497} at parciales/elLegadoDeSoliamMurr/asentamientos.wlk:30 exhausted all cases without a match [Send]{009497} at parciales/elLegadoDeSoliamMurr/asentamientos.wlk:30 exhausted all cases without a match","stack":"Error: [Send]{009497} at parciales/elLegadoDeSoliamMurr/asentamientos.wlk:30 exhausted all cases without a match\n    at c:\\Users\\egoytendia\\.vscode\\extensions\\uqbar.wollok-lsp-ide-0.5.3\\out\\server\\src\\server.js:38:6142\n    at D2 (c:\\Users\\egoytendia\\.vscode\\extensions\\uqbar.wollok-lsp-ide-0.5.3\\out\\server\\src\\server.js:2384:42)\n    at Qh (c:\\Users\\egoytendia\\.vscode\\extensions\\uqbar.wollok-lsp-ide-0.5.3\\out\\server\\src\\server.js:2384:1092)\n    at k6n (c:\\Users\\egoytendia\\.vscode\\extensions\\uqbar.wollok-lsp-ide-0.5.3\\out\\server\\src\\server.js:2384:1248)\n    at c:\\Users\\egoytendia\\.vscode\\extensions\\uqbar.wollok-lsp-ide-0.5.3\\out\\server\\src\\server.js:38:6131\n    at D2 (c:\\Users\\egoytendia\\.vscode\\extensions\\uqbar.wollok-lsp-ide-0.5.3\\out\\server\\src\\server.js:2384:42)\n    at c:\\Users\\egoytendia\\.vscode\\extensions\\uqbar.wollok-lsp-ide-0.5.3\\out\\server\\src\\server.js:2384:2988\n    at c:\\Users\\egoytendia\\.vscode\\extensions\\uqbar.wollok-lsp-ide-0.5.3\\out\\server\\src\\server.js:2393:8440\n    at c:\\Users\\egoytendia\\.vscode\\extensions\\uqbar.wollok-lsp-ide-0.5.3\\out\\server\\src\\server.js:37:74872\n    at Ye (c:\\Users\\egoytendia\\.vscode\\extensions\\uqbar.wollok-lsp-ide-0.5.3\\out\\server\\src\\server.js:7:8527)","timestamp":"2025-12-12T22:21:01.525Z"}
{"level":"error","message":"✘ Completions for node Return (undefined - parciales/elLegadoDeSoliamMurr/asentamientos.wlk) failed: Error: [Return]{7cc3f1} at parciales/elLegadoDeSoliamMurr/asentamientos.wlk:-- exhausted all cases without a match [Return]{7cc3f1} at parciales/elLegadoDeSoliamMurr/asentamientos.wlk:-- exhausted all cases without a match","stack":"Error: [Return]{7cc3f1} at parciales/elLegadoDeSoliamMurr/asentamientos.wlk:-- exhausted all cases without a match\n    at c:\\Users\\egoytendia\\.vscode\\extensions\\uqbar.wollok-lsp-ide-0.5.3\\out\\server\\src\\server.js:38:6142\n    at D2 (c:\\Users\\egoytendia\\.vscode\\extensions\\uqbar.wollok-lsp-ide-0.5.3\\out\\server\\src\\server.js:2384:42)\n    at Qh (c:\\Users\\egoytendia\\.vscode\\extensions\\uqbar.wollok-lsp-ide-0.5.3\\out\\server\\src\\server.js:2384:1092)\n    at D2 (c:\\Users\\egoytendia\\.vscode\\extensions\\uqbar.wollok-lsp-ide-0.5.3\\out\\server\\src\\server.js:2384:544)\n    at Qh (c:\\Users\\egoytendia\\.vscode\\extensions\\uqbar.wollok-lsp-ide-0.5.3\\out\\server\\src\\server.js:2384:1092)\n    at k6n (c:\\Users\\egoytendia\\.vscode\\extensions\\uqbar.wollok-lsp-ide-0.5.3\\out\\server\\src\\server.js:2384:1248)\n    at c:\\Users\\egoytendia\\.vscode\\extensions\\uqbar.wollok-lsp-ide-0.5.3\\out\\server\\src\\server.js:38:6131\n    at D2 (c:\\Users\\egoytendia\\.vscode\\extensions\\uqbar.wollok-lsp-ide-0.5.3\\out\\server\\src\\server.js:2384:42)\n    at c:\\Users\\egoytendia\\.vscode\\extensions\\uqbar.wollok-lsp-ide-0.5.3\\out\\server\\src\\server.js:2384:2988\n    at c:\\Users\\egoytendia\\.vscode\\extensions\\uqbar.wollok-lsp-ide-0.5.3\\out\\server\\src\\server.js:2393:8440","timestamp":"2025-12-12T22:21:01.526Z"}
{"level":"info","message":"⌛ Validating parciales/elLegadoDeSoliamMurr/asentamientos.wlk","timeElapsed":124,"timestamp":"2025-12-12T22:21:01.755Z"}
{"level":"info","message":"⌛ Validating parciales/elLegadoDeSoliamMurr/asentamientos.wlk","timeElapsed":126,"timestamp":"2025-12-12T22:21:01.881Z"}
{"level":"info","message":"⌛ Building environment","timeElapsed":128,"timestamp":"2025-12-12T22:21:02.688Z"}
{"level":"info","message":"⌛ Validating parciales/elLegadoDeSoliamMurr/asentamientos.wlk","timeElapsed":134,"timestamp":"2025-12-12T22:21:02.823Z"}
{"level":"info","message":"⌛ Building environment","timeElapsed":123,"timestamp":"2025-12-12T22:21:02.947Z"}
{"level":"info","message":"⌛ Validating parciales/elLegadoDeSoliamMurr/asentamientos.wlk","timeElapsed":119,"timestamp":"2025-12-12T22:21:03.067Z"}
{"level":"info","message":"⌛ Building environment","timeElapsed":125,"timestamp":"2025-12-12T22:21:13.877Z"}
{"level":"info","message":"⌛ Validating parciales/elLegadoDeSoliamMurr/asentamientos.wlk","timeElapsed":147,"timestamp":"2025-12-12T22:21:14.027Z"}
{"level":"info","message":"⌛ Building environment","timeElapsed":105,"timestamp":"2025-12-12T22:21:14.132Z"}
{"level":"info","message":"⌛ Validating parciales/elLegadoDeSoliamMurr/asentamientos.wlk","timeElapsed":132,"timestamp":"2025-12-12T22:21:14.271Z"}
{"level":"info","message":"⌛ Building environment","timeElapsed":206,"timestamp":"2025-12-12T22:32:30.795Z"}
{"level":"info","message":"⌛ Validating parciales/elLegadoDeSoliamMurr/solaimMurr.wlk","timeElapsed":236,"timestamp":"2025-12-12T22:32:31.102Z"}
{"level":"info","message":"⌛ Building environment","timeElapsed":264,"timestamp":"2025-12-12T22:39:22.713Z"}
{"level":"info","message":"⌛ Building environment","timeElapsed":293,"timestamp":"2025-12-12T22:39:23.009Z"}
{"level":"info","message":"⌛ Validating parciales/elLegadoDeSoliamMurr/exiliado.wlk","timeElapsed":391,"timestamp":"2025-12-12T22:39:23.400Z"}
{"level":"info","message":"⌛ Building environment","timeElapsed":334,"timestamp":"2025-12-12T22:39:23.831Z"}
{"level":"info","message":"⌛ Building environment","timeElapsed":217,"timestamp":"2025-12-12T22:39:24.138Z"}
{"level":"info","message":"⌛ Validating parciales/elLegadoDeSoliamMurr/exiliado.wlk","timeElapsed":313,"timestamp":"2025-12-12T22:39:24.451Z"}
{"level":"info","message":"⌛ Building environment","timeElapsed":217,"timestamp":"2025-12-12T22:39:24.689Z"}
{"level":"info","message":"⌛ Building environment","timeElapsed":311,"timestamp":"2025-12-12T22:39:25.035Z"}
{"level":"info","message":"⌛ Building environment","timeElapsed":379,"timestamp":"2025-12-12T22:39:25.444Z"}
{"level":"info","message":"⌛ Building environment","timeElapsed":354,"timestamp":"2025-12-12T22:39:25.800Z"}
{"level":"info","message":"⌛ Building environment","timeElapsed":303,"timestamp":"2025-12-12T22:39:26.109Z"}
{"level":"info","message":"⌛ Validating parciales/elLegadoDeSoliamMurr/exiliado.wlk","timeElapsed":311,"timestamp":"2025-12-12T22:39:26.421Z"}
{"level":"info","message":"⌛ Validating parciales/elLegadoDeSoliamMurr/exiliado.wlk","timeElapsed":271,"timestamp":"2025-12-12T22:39:26.701Z"}
{"level":"info","message":"⌛ Building environment","timeElapsed":227,"timestamp":"2025-12-12T22:39:26.928Z"}
{"level":"info","message":"⌛ Building environment","timeElapsed":215,"timestamp":"2025-12-12T22:39:27.153Z"}
{"level":"info","message":"⌛ Building environment","timeElapsed":260,"timestamp":"2025-12-12T22:39:27.477Z"}
{"level":"info","message":"⌛ Building environment","timeElapsed":312,"timestamp":"2025-12-12T22:39:27.790Z"}
{"level":"info","message":"⌛ Validating parciales/elLegadoDeSoliamMurr/exiliado.wlk","timeElapsed":309,"timestamp":"2025-12-12T22:39:28.100Z"}
{"level":"info","message":"⌛ Building environment","timeElapsed":297,"timestamp":"2025-12-12T22:39:28.401Z"}
{"level":"info","message":"⌛ Validating parciales/elLegadoDeSoliamMurr/exiliado.wlk","timeElapsed":302,"timestamp":"2025-12-12T22:39:28.742Z"}
{"level":"info","message":"⌛ Validating parciales/elLegadoDeSoliamMurr/exiliado.wlk","timeElapsed":290,"timestamp":"2025-12-12T22:39:29.033Z"}
{"level":"info","message":"⌛ Validating parciales/elLegadoDeSoliamMurr/exiliado.wlk","timeElapsed":315,"timestamp":"2025-12-12T22:39:29.348Z"}
{"level":"error","message":"✘ Failed to rebuild document Failed to parse parciales/elLegadoDeSoliamMurr/exiliado.wlk: \n-- PARSING FAILED --------------------------------------------------\n\nGot the end of the input\n\nExpected one of the following: \n\nidentifier, whitespace\n","stack":"Error: Failed to parse parciales/elLegadoDeSoliamMurr/exiliado.wlk: \n-- PARSING FAILED --------------------------------------------------\n\nGot the end of the input\n\nExpected one of the following: \n\nidentifier, whitespace\n\n    at c:\\Users\\egoytendia\\.vscode\\extensions\\uqbar.wollok-lsp-ide-0.5.3\\out\\server\\src\\server.js:2348:13026\n    at Array.map (<anonymous>)\n    at W1n (c:\\Users\\egoytendia\\.vscode\\extensions\\uqbar.wollok-lsp-ide-0.5.3\\out\\server\\src\\server.js:2348:12950)\n    at U2.buildEnvironmentFrom (c:\\Users\\egoytendia\\.vscode\\extensions\\uqbar.wollok-lsp-ide-0.5.3\\out\\server\\src\\server.js:2393:5254)\n    at U2.updateEnvironmentWith (c:\\Users\\egoytendia\\.vscode\\extensions\\uqbar.wollok-lsp-ide-0.5.3\\out\\server\\src\\server.js:2393:4989)\n    at JF (c:\\Users\\egoytendia\\.vscode\\extensions\\uqbar.wollok-lsp-ide-0.5.3\\out\\server\\src\\server.js:2393:7383)\n    at F3.invoke (c:\\Users\\egoytendia\\.vscode\\extensions\\uqbar.wollok-lsp-ide-0.5.3\\out\\server\\src\\server.js:3:157334)\n    at o.fire (c:\\Users\\egoytendia\\.vscode\\extensions\\uqbar.wollok-lsp-ide-0.5.3\\out\\server\\src\\server.js:3:158104)\n    at c:\\Users\\egoytendia\\.vscode\\extensions\\uqbar.wollok-lsp-ide-0.5.3\\out\\server\\src\\server.js:37:57871\n    at Zr (c:\\Users\\egoytendia\\.vscode\\extensions\\uqbar.wollok-lsp-ide-0.5.3\\out\\server\\src\\server.js:8:1561)","timestamp":"2025-12-12T22:39:29.369Z"}
{"level":"info","message":"⌛ Validating parciales/elLegadoDeSoliamMurr/exiliado.wlk","timeElapsed":249,"timestamp":"2025-12-12T22:39:29.619Z"}
{"level":"info","message":"⌛ Validating parciales/elLegadoDeSoliamMurr/exiliado.wlk","timeElapsed":210,"timestamp":"2025-12-12T22:39:29.838Z"}
{"level":"info","message":"⌛ Validating parciales/elLegadoDeSoliamMurr/exiliado.wlk","timeElapsed":193,"timestamp":"2025-12-12T22:39:30.035Z"}
{"level":"info","message":"⌛ Validating parciales/elLegadoDeSoliamMurr/exiliado.wlk","timeElapsed":221,"timestamp":"2025-12-12T22:39:30.257Z"}
{"level":"info","message":"⌛ Validating parciales/elLegadoDeSoliamMurr/exiliado.wlk","timeElapsed":259,"timestamp":"2025-12-12T22:39:30.516Z"}
{"level":"info","message":"⌛ Building environment","timeElapsed":230,"timestamp":"2025-12-12T22:39:30.747Z"}
{"level":"info","message":"⌛ Validating parciales/elLegadoDeSoliamMurr/exiliado.wlk","timeElapsed":512,"timestamp":"2025-12-12T22:39:31.282Z"}
{"level":"info","message":"⌛ Building environment","timeElapsed":248,"timestamp":"2025-12-12T22:39:31.535Z"}
{"level":"info","message":"⌛ Building environment","timeElapsed":222,"timestamp":"2025-12-12T22:39:31.824Z"}
{"level":"info","message":"⌛ Building environment","timeElapsed":205,"timestamp":"2025-12-12T22:39:32.030Z"}
{"level":"info","message":"⌛ Building environment","timeElapsed":283,"timestamp":"2025-12-12T22:39:32.314Z"}
{"level":"info","message":"⌛ Building environment","timeElapsed":252,"timestamp":"2025-12-12T22:39:32.598Z"}
{"level":"info","message":"⌛ Building environment","timeElapsed":409,"timestamp":"2025-12-12T22:39:33.008Z"}
{"level":"info","message":"⌛ Building environment","timeElapsed":341,"timestamp":"2025-12-12T22:39:33.350Z"}
{"level":"info","message":"⌛ Validating parciales/elLegadoDeSoliamMurr/exiliado.wlk","timeElapsed":304,"timestamp":"2025-12-12T22:39:33.681Z"}
{"level":"info","message":"⌛ Building environment","timeElapsed":155,"timestamp":"2025-12-12T22:39:33.840Z"}
{"level":"error","message":"✘ Failed to rebuild document Failed to parse parciales/elLegadoDeSoliamMurr/exiliado.wlk: \n-- PARSING FAILED --------------------------------------------------\n\n  55 | }\n  56 | \n> 57 | class Sabueso i {\n     |               ^\n  58 |   \n  59 | }\n\nExpected one of the following: \n\n'inherits', '{', whitespace\n","stack":"Error: Failed to parse parciales/elLegadoDeSoliamMurr/exiliado.wlk: \n-- PARSING FAILED --------------------------------------------------\n\n  55 | }\n  56 | \n> 57 | class Sabueso i {\n     |               ^\n  58 |   \n  59 | }\n\nExpected one of the following: \n\n'inherits', '{', whitespace\n\n    at c:\\Users\\egoytendia\\.vscode\\extensions\\uqbar.wollok-lsp-ide-0.5.3\\out\\server\\src\\server.js:2348:13026\n    at Array.map (<anonymous>)\n    at W1n (c:\\Users\\egoytendia\\.vscode\\extensions\\uqbar.wollok-lsp-ide-0.5.3\\out\\server\\src\\server.js:2348:12950)\n    at U2.buildEnvironmentFrom (c:\\Users\\egoytendia\\.vscode\\extensions\\uqbar.wollok-lsp-ide-0.5.3\\out\\server\\src\\server.js:2393:5254)\n    at U2.updateEnvironmentWith (c:\\Users\\egoytendia\\.vscode\\extensions\\uqbar.wollok-lsp-ide-0.5.3\\out\\server\\src\\server.js:2393:4989)\n    at JF (c:\\Users\\egoytendia\\.vscode\\extensions\\uqbar.wollok-lsp-ide-0.5.3\\out\\server\\src\\server.js:2393:7383)\n    at F3.invoke (c:\\Users\\egoytendia\\.vscode\\extensions\\uqbar.wollok-lsp-ide-0.5.3\\out\\server\\src\\server.js:3:157334)\n    at o.fire (c:\\Users\\egoytendia\\.vscode\\extensions\\uqbar.wollok-lsp-ide-0.5.3\\out\\server\\src\\server.js:3:158104)\n    at c:\\Users\\egoytendia\\.vscode\\extensions\\uqbar.wollok-lsp-ide-0.5.3\\out\\server\\src\\server.js:37:57871\n    at Zr (c:\\Users\\egoytendia\\.vscode\\extensions\\uqbar.wollok-lsp-ide-0.5.3\\out\\server\\src\\server.js:8:1561)","timestamp":"2025-12-12T22:39:34.077Z"}
{"level":"error","message":"✘ Failed to rebuild document Failed to parse parciales/elLegadoDeSoliamMurr/exiliado.wlk: \n-- PARSING FAILED --------------------------------------------------\n\n  55 | }\n  56 | \n> 57 | class Sabueso ih {\n     |               ^\n  58 |   \n  59 | }\n\nExpected one of the following: \n\n'inherits', '{', whitespace\n","stack":"Error: Failed to parse parciales/elLegadoDeSoliamMurr/exiliado.wlk: \n-- PARSING FAILED --------------------------------------------------\n\n  55 | }\n  56 | \n> 57 | class Sabueso ih {\n     |               ^\n  58 |   \n  59 | }\n\nExpected one of the following: \n\n'inherits', '{', whitespace\n\n    at c:\\Users\\egoytendia\\.vscode\\extensions\\uqbar.wollok-lsp-ide-0.5.3\\out\\server\\src\\server.js:2348:13026\n    at Array.map (<anonymous>)\n    at W1n (c:\\Users\\egoytendia\\.vscode\\extensions\\uqbar.wollok-lsp-ide-0.5.3\\out\\server\\src\\server.js:2348:12950)\n    at U2.buildEnvironmentFrom (c:\\Users\\egoytendia\\.vscode\\extensions\\uqbar.wollok-lsp-ide-0.5.3\\out\\server\\src\\server.js:2393:5254)\n    at U2.updateEnvironmentWith (c:\\Users\\egoytendia\\.vscode\\extensions\\uqbar.wollok-lsp-ide-0.5.3\\out\\server\\src\\server.js:2393:4989)\n    at JF (c:\\Users\\egoytendia\\.vscode\\extensions\\uqbar.wollok-lsp-ide-0.5.3\\out\\server\\src\\server.js:2393:7383)\n    at F3.invoke (c:\\Users\\egoytendia\\.vscode\\extensions\\uqbar.wollok-lsp-ide-0.5.3\\out\\server\\src\\server.js:3:157334)\n    at o.fire (c:\\Users\\egoytendia\\.vscode\\extensions\\uqbar.wollok-lsp-ide-0.5.3\\out\\server\\src\\server.js:3:158104)\n    at c:\\Users\\egoytendia\\.vscode\\extensions\\uqbar.wollok-lsp-ide-0.5.3\\out\\server\\src\\server.js:37:57871\n    at Zr (c:\\Users\\egoytendia\\.vscode\\extensions\\uqbar.wollok-lsp-ide-0.5.3\\out\\server\\src\\server.js:8:1561)","timestamp":"2025-12-12T22:39:34.098Z"}
{"level":"info","message":"⌛ Validating parciales/elLegadoDeSoliamMurr/exiliado.wlk","timeElapsed":258,"timestamp":"2025-12-12T22:39:34.362Z"}
{"level":"error","message":"✘ Failed to rebuild document Failed to parse parciales/elLegadoDeSoliamMurr/exiliado.wlk: \n-- PARSING FAILED --------------------------------------------------\n\n  55 | }\n  56 | \n> 57 | class Sabueso i {\n     |               ^\n  58 |   \n  59 | }\n\nExpected one of the following: \n\n'inherits', '{', whitespace\n","stack":"Error: Failed to parse parciales/elLegadoDeSoliamMurr/exiliado.wlk: \n-- PARSING FAILED --------------------------------------------------\n\n  55 | }\n  56 | \n> 57 | class Sabueso i {\n     |               ^\n  58 |   \n  59 | }\n\nExpected one of the following: \n\n'inherits', '{', whitespace\n\n    at c:\\Users\\egoytendia\\.vscode\\extensions\\uqbar.wollok-lsp-ide-0.5.3\\out\\server\\src\\server.js:2348:13026\n    at Array.map (<anonymous>)\n    at W1n (c:\\Users\\egoytendia\\.vscode\\extensions\\uqbar.wollok-lsp-ide-0.5.3\\out\\server\\src\\server.js:2348:12950)\n    at U2.buildEnvironmentFrom (c:\\Users\\egoytendia\\.vscode\\extensions\\uqbar.wollok-lsp-ide-0.5.3\\out\\server\\src\\server.js:2393:5254)\n    at U2.updateEnvironmentWith (c:\\Users\\egoytendia\\.vscode\\extensions\\uqbar.wollok-lsp-ide-0.5.3\\out\\server\\src\\server.js:2393:4989)\n    at JF (c:\\Users\\egoytendia\\.vscode\\extensions\\uqbar.wollok-lsp-ide-0.5.3\\out\\server\\src\\server.js:2393:7383)\n    at F3.invoke (c:\\Users\\egoytendia\\.vscode\\extensions\\uqbar.wollok-lsp-ide-0.5.3\\out\\server\\src\\server.js:3:157334)\n    at o.fire (c:\\Users\\egoytendia\\.vscode\\extensions\\uqbar.wollok-lsp-ide-0.5.3\\out\\server\\src\\server.js:3:158104)\n    at c:\\Users\\egoytendia\\.vscode\\extensions\\uqbar.wollok-lsp-ide-0.5.3\\out\\server\\src\\server.js:37:57871\n    at Zr (c:\\Users\\egoytendia\\.vscode\\extensions\\uqbar.wollok-lsp-ide-0.5.3\\out\\server\\src\\server.js:8:1561)","timestamp":"2025-12-12T22:39:34.387Z"}
{"level":"info","message":"⌛ Validating parciales/elLegadoDeSoliamMurr/exiliado.wlk","timeElapsed":138,"timestamp":"2025-12-12T22:39:34.526Z"}
{"level":"info","message":"⌛ Validating parciales/elLegadoDeSoliamMurr/exiliado.wlk","timeElapsed":200,"timestamp":"2025-12-12T22:39:34.728Z"}
{"level":"error","message":"✘ Failed to rebuild document Failed to parse parciales/elLegadoDeSoliamMurr/exiliado.wlk: \n-- PARSING FAILED --------------------------------------------------\n\n  55 | }\n  56 | \n> 57 | class Sabueso in {\n     |               ^\n  58 |   \n  59 | }\n\nExpected one of the following: \n\n'inherits', '{', whitespace\n","stack":"Error: Failed to parse parciales/elLegadoDeSoliamMurr/exiliado.wlk: \n-- PARSING FAILED --------------------------------------------------\n\n  55 | }\n  56 | \n> 57 | class Sabueso in {\n     |               ^\n  58 |   \n  59 | }\n\nExpected one of the following: \n\n'inherits', '{', whitespace\n\n    at c:\\Users\\egoytendia\\.vscode\\extensions\\uqbar.wollok-lsp-ide-0.5.3\\out\\server\\src\\server.js:2348:13026\n    at Array.map (<anonymous>)\n    at W1n (c:\\Users\\egoytendia\\.vscode\\extensions\\uqbar.wollok-lsp-ide-0.5.3\\out\\server\\src\\server.js:2348:12950)\n    at U2.buildEnvironmentFrom (c:\\Users\\egoytendia\\.vscode\\extensions\\uqbar.wollok-lsp-ide-0.5.3\\out\\server\\src\\server.js:2393:5254)\n    at U2.updateEnvironmentWith (c:\\Users\\egoytendia\\.vscode\\extensions\\uqbar.wollok-lsp-ide-0.5.3\\out\\server\\src\\server.js:2393:4989)\n    at JF (c:\\Users\\egoytendia\\.vscode\\extensions\\uqbar.wollok-lsp-ide-0.5.3\\out\\server\\src\\server.js:2393:7383)\n    at F3.invoke (c:\\Users\\egoytendia\\.vscode\\extensions\\uqbar.wollok-lsp-ide-0.5.3\\out\\server\\src\\server.js:3:157334)\n    at o.fire (c:\\Users\\egoytendia\\.vscode\\extensions\\uqbar.wollok-lsp-ide-0.5.3\\out\\server\\src\\server.js:3:158104)\n    at c:\\Users\\egoytendia\\.vscode\\extensions\\uqbar.wollok-lsp-ide-0.5.3\\out\\server\\src\\server.js:37:57871\n    at Zr (c:\\Users\\egoytendia\\.vscode\\extensions\\uqbar.wollok-lsp-ide-0.5.3\\out\\server\\src\\server.js:8:1561)","timestamp":"2025-12-12T22:39:34.746Z"}
{"level":"info","message":"⌛ Autocomplete - Class","timeElapsed":144,"timestamp":"2025-12-12T22:39:34.891Z"}
{"level":"info","message":"⌛ Validating parciales/elLegadoDeSoliamMurr/exiliado.wlk","timeElapsed":275,"timestamp":"2025-12-12T22:39:35.178Z"}
{"level":"error","message":"✘ Failed to rebuild document Failed to parse parciales/elLegadoDeSoliamMurr/exiliado.wlk: \n-- PARSING FAILED --------------------------------------------------\n\n  55 | }\n  56 | \n> 57 | class Sabueso inh {\n     |               ^\n  58 |   \n  59 | }\n\nExpected one of the following: \n\n'inherits', '{', whitespace\n","stack":"Error: Failed to parse parciales/elLegadoDeSoliamMurr/exiliado.wlk: \n-- PARSING FAILED --------------------------------------------------\n\n  55 | }\n  56 | \n> 57 | class Sabueso inh {\n     |               ^\n  58 |   \n  59 | }\n\nExpected one of the following: \n\n'inherits', '{', whitespace\n\n    at c:\\Users\\egoytendia\\.vscode\\extensions\\uqbar.wollok-lsp-ide-0.5.3\\out\\server\\src\\server.js:2348:13026\n    at Array.map (<anonymous>)\n    at W1n (c:\\Users\\egoytendia\\.vscode\\extensions\\uqbar.wollok-lsp-ide-0.5.3\\out\\server\\src\\server.js:2348:12950)\n    at U2.buildEnvironmentFrom (c:\\Users\\egoytendia\\.vscode\\extensions\\uqbar.wollok-lsp-ide-0.5.3\\out\\server\\src\\server.js:2393:5254)\n    at U2.updateEnvironmentWith (c:\\Users\\egoytendia\\.vscode\\extensions\\uqbar.wollok-lsp-ide-0.5.3\\out\\server\\src\\server.js:2393:4989)\n    at JF (c:\\Users\\egoytendia\\.vscode\\extensions\\uqbar.wollok-lsp-ide-0.5.3\\out\\server\\src\\server.js:2393:7383)\n    at F3.invoke (c:\\Users\\egoytendia\\.vscode\\extensions\\uqbar.wollok-lsp-ide-0.5.3\\out\\server\\src\\server.js:3:157334)\n    at o.fire (c:\\Users\\egoytendia\\.vscode\\extensions\\uqbar.wollok-lsp-ide-0.5.3\\out\\server\\src\\server.js:3:158104)\n    at c:\\Users\\egoytendia\\.vscode\\extensions\\uqbar.wollok-lsp-ide-0.5.3\\out\\server\\src\\server.js:37:57871\n    at Zr (c:\\Users\\egoytendia\\.vscode\\extensions\\uqbar.wollok-lsp-ide-0.5.3\\out\\server\\src\\server.js:8:1561)","timestamp":"2025-12-12T22:39:35.215Z"}
{"level":"error","message":"✘ Failed to rebuild document Failed to parse parciales/elLegadoDeSoliamMurr/exiliado.wlk: \n-- PARSING FAILED --------------------------------------------------\n\n  55 | }\n  56 | \n> 57 | class Sabueso inhe {\n     |               ^\n  58 |   \n  59 | }\n\nExpected one of the following: \n\n'inherits', '{', whitespace\n","stack":"Error: Failed to parse parciales/elLegadoDeSoliamMurr/exiliado.wlk: \n-- PARSING FAILED --------------------------------------------------\n\n  55 | }\n  56 | \n> 57 | class Sabueso inhe {\n     |               ^\n  58 |   \n  59 | }\n\nExpected one of the following: \n\n'inherits', '{', whitespace\n\n    at c:\\Users\\egoytendia\\.vscode\\extensions\\uqbar.wollok-lsp-ide-0.5.3\\out\\server\\src\\server.js:2348:13026\n    at Array.map (<anonymous>)\n    at W1n (c:\\Users\\egoytendia\\.vscode\\extensions\\uqbar.wollok-lsp-ide-0.5.3\\out\\server\\src\\server.js:2348:12950)\n    at U2.buildEnvironmentFrom (c:\\Users\\egoytendia\\.vscode\\extensions\\uqbar.wollok-lsp-ide-0.5.3\\out\\server\\src\\server.js:2393:5254)\n    at U2.updateEnvironmentWith (c:\\Users\\egoytendia\\.vscode\\extensions\\uqbar.wollok-lsp-ide-0.5.3\\out\\server\\src\\server.js:2393:4989)\n    at JF (c:\\Users\\egoytendia\\.vscode\\extensions\\uqbar.wollok-lsp-ide-0.5.3\\out\\server\\src\\server.js:2393:7383)\n    at F3.invoke (c:\\Users\\egoytendia\\.vscode\\extensions\\uqbar.wollok-lsp-ide-0.5.3\\out\\server\\src\\server.js:3:157334)\n    at o.fire (c:\\Users\\egoytendia\\.vscode\\extensions\\uqbar.wollok-lsp-ide-0.5.3\\out\\server\\src\\server.js:3:158104)\n    at c:\\Users\\egoytendia\\.vscode\\extensions\\uqbar.wollok-lsp-ide-0.5.3\\out\\server\\src\\server.js:37:57871\n    at Zr (c:\\Users\\egoytendia\\.vscode\\extensions\\uqbar.wollok-lsp-ide-0.5.3\\out\\server\\src\\server.js:8:1561)","timestamp":"2025-12-12T22:39:35.243Z"}
{"level":"error","message":"✘ Failed to rebuild document Failed to parse parciales/elLegadoDeSoliamMurr/exiliado.wlk: \n-- PARSING FAILED --------------------------------------------------\n\n  55 | }\n  56 | \n> 57 | class Sabueso inher {\n     |               ^\n  58 |   \n  59 | }\n\nExpected one of the following: \n\n'inherits', '{', whitespace\n","stack":"Error: Failed to parse parciales/elLegadoDeSoliamMurr/exiliado.wlk: \n-- PARSING FAILED --------------------------------------------------\n\n  55 | }\n  56 | \n> 57 | class Sabueso inher {\n     |               ^\n  58 |   \n  59 | }\n\nExpected one of the following: \n\n'inherits', '{', whitespace\n\n    at c:\\Users\\egoytendia\\.vscode\\extensions\\uqbar.wollok-lsp-ide-0.5.3\\out\\server\\src\\server.js:2348:13026\n    at Array.map (<anonymous>)\n    at W1n (c:\\Users\\egoytendia\\.vscode\\extensions\\uqbar.wollok-lsp-ide-0.5.3\\out\\server\\src\\server.js:2348:12950)\n    at U2.buildEnvironmentFrom (c:\\Users\\egoytendia\\.vscode\\extensions\\uqbar.wollok-lsp-ide-0.5.3\\out\\server\\src\\server.js:2393:5254)\n    at U2.updateEnvironmentWith (c:\\Users\\egoytendia\\.vscode\\extensions\\uqbar.wollok-lsp-ide-0.5.3\\out\\server\\src\\server.js:2393:4989)\n    at JF (c:\\Users\\egoytendia\\.vscode\\extensions\\uqbar.wollok-lsp-ide-0.5.3\\out\\server\\src\\server.js:2393:7383)\n    at F3.invoke (c:\\Users\\egoytendia\\.vscode\\extensions\\uqbar.wollok-lsp-ide-0.5.3\\out\\server\\src\\server.js:3:157334)\n    at o.fire (c:\\Users\\egoytendia\\.vscode\\extensions\\uqbar.wollok-lsp-ide-0.5.3\\out\\server\\src\\server.js:3:158104)\n    at c:\\Users\\egoytendia\\.vscode\\extensions\\uqbar.wollok-lsp-ide-0.5.3\\out\\server\\src\\server.js:37:57871\n    at Zr (c:\\Users\\egoytendia\\.vscode\\extensions\\uqbar.wollok-lsp-ide-0.5.3\\out\\server\\src\\server.js:8:1561)","timestamp":"2025-12-12T22:39:35.292Z"}
{"level":"info","message":"⌛ Validating parciales/elLegadoDeSoliamMurr/exiliado.wlk","timeElapsed":316,"timestamp":"2025-12-12T22:39:35.609Z"}
{"level":"error","message":"✘ Failed to rebuild document Failed to parse parciales/elLegadoDeSoliamMurr/exiliado.wlk: \n-- PARSING FAILED --------------------------------------------------\n\n  55 | }\n  56 | \n> 57 | class Sabueso inheri {\n     |               ^\n  58 |   \n  59 | }\n\nExpected one of the following: \n\n'inherits', '{', whitespace\n","stack":"Error: Failed to parse parciales/elLegadoDeSoliamMurr/exiliado.wlk: \n-- PARSING FAILED --------------------------------------------------\n\n  55 | }\n  56 | \n> 57 | class Sabueso inheri {\n     |               ^\n  58 |   \n  59 | }\n\nExpected one of the following: \n\n'inherits', '{', whitespace\n\n    at c:\\Users\\egoytendia\\.vscode\\extensions\\uqbar.wollok-lsp-ide-0.5.3\\out\\server\\src\\server.js:2348:13026\n    at Array.map (<anonymous>)\n    at W1n (c:\\Users\\egoytendia\\.vscode\\extensions\\uqbar.wollok-lsp-ide-0.5.3\\out\\server\\src\\server.js:2348:12950)\n    at U2.buildEnvironmentFrom (c:\\Users\\egoytendia\\.vscode\\extensions\\uqbar.wollok-lsp-ide-0.5.3\\out\\server\\src\\server.js:2393:5254)\n    at U2.updateEnvironmentWith (c:\\Users\\egoytendia\\.vscode\\extensions\\uqbar.wollok-lsp-ide-0.5.3\\out\\server\\src\\server.js:2393:4989)\n    at JF (c:\\Users\\egoytendia\\.vscode\\extensions\\uqbar.wollok-lsp-ide-0.5.3\\out\\server\\src\\server.js:2393:7383)\n    at F3.invoke (c:\\Users\\egoytendia\\.vscode\\extensions\\uqbar.wollok-lsp-ide-0.5.3\\out\\server\\src\\server.js:3:157334)\n    at o.fire (c:\\Users\\egoytendia\\.vscode\\extensions\\uqbar.wollok-lsp-ide-0.5.3\\out\\server\\src\\server.js:3:158104)\n    at c:\\Users\\egoytendia\\.vscode\\extensions\\uqbar.wollok-lsp-ide-0.5.3\\out\\server\\src\\server.js:37:57871\n    at Zr (c:\\Users\\egoytendia\\.vscode\\extensions\\uqbar.wollok-lsp-ide-0.5.3\\out\\server\\src\\server.js:8:1561)","timestamp":"2025-12-12T22:39:35.637Z"}
{"level":"error","message":"✘ Failed to rebuild document Failed to parse parciales/elLegadoDeSoliamMurr/exiliado.wlk: \n-- PARSING FAILED --------------------------------------------------\n\n  55 | }\n  56 | \n> 57 | class Sabueso inherit {\n     |               ^\n  58 |   \n  59 | }\n\nExpected one of the following: \n\n'inherits', '{', whitespace\n","stack":"Error: Failed to parse parciales/elLegadoDeSoliamMurr/exiliado.wlk: \n-- PARSING FAILED --------------------------------------------------\n\n  55 | }\n  56 | \n> 57 | class Sabueso inherit {\n     |               ^\n  58 |   \n  59 | }\n\nExpected one of the following: \n\n'inherits', '{', whitespace\n\n    at c:\\Users\\egoytendia\\.vscode\\extensions\\uqbar.wollok-lsp-ide-0.5.3\\out\\server\\src\\server.js:2348:13026\n    at Array.map (<anonymous>)\n    at W1n (c:\\Users\\egoytendia\\.vscode\\extensions\\uqbar.wollok-lsp-ide-0.5.3\\out\\server\\src\\server.js:2348:12950)\n    at U2.buildEnvironmentFrom (c:\\Users\\egoytendia\\.vscode\\extensions\\uqbar.wollok-lsp-ide-0.5.3\\out\\server\\src\\server.js:2393:5254)\n    at U2.updateEnvironmentWith (c:\\Users\\egoytendia\\.vscode\\extensions\\uqbar.wollok-lsp-ide-0.5.3\\out\\server\\src\\server.js:2393:4989)\n    at JF (c:\\Users\\egoytendia\\.vscode\\extensions\\uqbar.wollok-lsp-ide-0.5.3\\out\\server\\src\\server.js:2393:7383)\n    at F3.invoke (c:\\Users\\egoytendia\\.vscode\\extensions\\uqbar.wollok-lsp-ide-0.5.3\\out\\server\\src\\server.js:3:157334)\n    at o.fire (c:\\Users\\egoytendia\\.vscode\\extensions\\uqbar.wollok-lsp-ide-0.5.3\\out\\server\\src\\server.js:3:158104)\n    at c:\\Users\\egoytendia\\.vscode\\extensions\\uqbar.wollok-lsp-ide-0.5.3\\out\\server\\src\\server.js:37:57871\n    at Zr (c:\\Users\\egoytendia\\.vscode\\extensions\\uqbar.wollok-lsp-ide-0.5.3\\out\\server\\src\\server.js:8:1561)","timestamp":"2025-12-12T22:39:35.669Z"}
{"level":"info","message":"⌛ Validating parciales/elLegadoDeSoliamMurr/exiliado.wlk","timeElapsed":370,"timestamp":"2025-12-12T22:39:36.040Z"}
{"level":"error","message":"✘ Failed to rebuild document Failed to parse parciales/elLegadoDeSoliamMurr/exiliado.wlk: \n-- PARSING FAILED --------------------------------------------------\n\n  55 | }\n  56 | \n> 57 | class Sabueso inheritr {\n     |               ^\n  58 |   \n  59 | }\n\nExpected one of the following: \n\n'inherits', '{', whitespace\n","stack":"Error: Failed to parse parciales/elLegadoDeSoliamMurr/exiliado.wlk: \n-- PARSING FAILED --------------------------------------------------\n\n  55 | }\n  56 | \n> 57 | class Sabueso inheritr {\n     |               ^\n  58 |   \n  59 | }\n\nExpected one of the following: \n\n'inherits', '{', whitespace\n\n    at c:\\Users\\egoytendia\\.vscode\\extensions\\uqbar.wollok-lsp-ide-0.5.3\\out\\server\\src\\server.js:2348:13026\n    at Array.map (<anonymous>)\n    at W1n (c:\\Users\\egoytendia\\.vscode\\extensions\\uqbar.wollok-lsp-ide-0.5.3\\out\\server\\src\\server.js:2348:12950)\n    at U2.buildEnvironmentFrom (c:\\Users\\egoytendia\\.vscode\\extensions\\uqbar.wollok-lsp-ide-0.5.3\\out\\server\\src\\server.js:2393:5254)\n    at U2.updateEnvironmentWith (c:\\Users\\egoytendia\\.vscode\\extensions\\uqbar.wollok-lsp-ide-0.5.3\\out\\server\\src\\server.js:2393:4989)\n    at JF (c:\\Users\\egoytendia\\.vscode\\extensions\\uqbar.wollok-lsp-ide-0.5.3\\out\\server\\src\\server.js:2393:7383)\n    at F3.invoke (c:\\Users\\egoytendia\\.vscode\\extensions\\uqbar.wollok-lsp-ide-0.5.3\\out\\server\\src\\server.js:3:157334)\n    at o.fire (c:\\Users\\egoytendia\\.vscode\\extensions\\uqbar.wollok-lsp-ide-0.5.3\\out\\server\\src\\server.js:3:158104)\n    at c:\\Users\\egoytendia\\.vscode\\extensions\\uqbar.wollok-lsp-ide-0.5.3\\out\\server\\src\\server.js:37:57871\n    at Zr (c:\\Users\\egoytendia\\.vscode\\extensions\\uqbar.wollok-lsp-ide-0.5.3\\out\\server\\src\\server.js:8:1561)","timestamp":"2025-12-12T22:39:36.092Z"}
{"level":"info","message":"⌛ Validating parciales/elLegadoDeSoliamMurr/exiliado.wlk","timeElapsed":558,"timestamp":"2025-12-12T22:39:36.651Z"}
{"level":"error","message":"✘ Failed to rebuild document Failed to parse parciales/elLegadoDeSoliamMurr/exiliado.wlk: \n-- PARSING FAILED --------------------------------------------------\n\n  55 | }\n  56 | \n> 57 | class Sabueso inheritrs {\n     |               ^\n  58 |   \n  59 | }\n\nExpected one of the following: \n\n'inherits', '{', whitespace\n","stack":"Error: Failed to parse parciales/elLegadoDeSoliamMurr/exiliado.wlk: \n-- PARSING FAILED --------------------------------------------------\n\n  55 | }\n  56 | \n> 57 | class Sabueso inheritrs {\n     |               ^\n  58 |   \n  59 | }\n\nExpected one of the following: \n\n'inherits', '{', whitespace\n\n    at c:\\Users\\egoytendia\\.vscode\\extensions\\uqbar.wollok-lsp-ide-0.5.3\\out\\server\\src\\server.js:2348:13026\n    at Array.map (<anonymous>)\n    at W1n (c:\\Users\\egoytendia\\.vscode\\extensions\\uqbar.wollok-lsp-ide-0.5.3\\out\\server\\src\\server.js:2348:12950)\n    at U2.buildEnvironmentFrom (c:\\Users\\egoytendia\\.vscode\\extensions\\uqbar.wollok-lsp-ide-0.5.3\\out\\server\\src\\server.js:2393:5254)\n    at U2.updateEnvironmentWith (c:\\Users\\egoytendia\\.vscode\\extensions\\uqbar.wollok-lsp-ide-0.5.3\\out\\server\\src\\server.js:2393:4989)\n    at JF (c:\\Users\\egoytendia\\.vscode\\extensions\\uqbar.wollok-lsp-ide-0.5.3\\out\\server\\src\\server.js:2393:7383)\n    at F3.invoke (c:\\Users\\egoytendia\\.vscode\\extensions\\uqbar.wollok-lsp-ide-0.5.3\\out\\server\\src\\server.js:3:157334)\n    at o.fire (c:\\Users\\egoytendia\\.vscode\\extensions\\uqbar.wollok-lsp-ide-0.5.3\\out\\server\\src\\server.js:3:158104)\n    at c:\\Users\\egoytendia\\.vscode\\extensions\\uqbar.wollok-lsp-ide-0.5.3\\out\\server\\src\\server.js:37:57871\n    at Zr (c:\\Users\\egoytendia\\.vscode\\extensions\\uqbar.wollok-lsp-ide-0.5.3\\out\\server\\src\\server.js:8:1561)","timestamp":"2025-12-12T22:39:36.718Z"}
{"level":"info","message":"⌛ Validating parciales/elLegadoDeSoliamMurr/exiliado.wlk","timeElapsed":331,"timestamp":"2025-12-12T22:39:37.051Z"}
{"level":"error","message":"✘ Failed to rebuild document Failed to parse parciales/elLegadoDeSoliamMurr/exiliado.wlk: \n-- PARSING FAILED --------------------------------------------------\n\n  55 | }\n  56 | \n> 57 | class Sabueso inheritr {\n     |               ^\n  58 |   \n  59 | }\n\nExpected one of the following: \n\n'inherits', '{', whitespace\n","stack":"Error: Failed to parse parciales/elLegadoDeSoliamMurr/exiliado.wlk: \n-- PARSING FAILED --------------------------------------------------\n\n  55 | }\n  56 | \n> 57 | class Sabueso inheritr {\n     |               ^\n  58 |   \n  59 | }\n\nExpected one of the following: \n\n'inherits', '{', whitespace\n\n    at c:\\Users\\egoytendia\\.vscode\\extensions\\uqbar.wollok-lsp-ide-0.5.3\\out\\server\\src\\server.js:2348:13026\n    at Array.map (<anonymous>)\n    at W1n (c:\\Users\\egoytendia\\.vscode\\extensions\\uqbar.wollok-lsp-ide-0.5.3\\out\\server\\src\\server.js:2348:12950)\n    at U2.buildEnvironmentFrom (c:\\Users\\egoytendia\\.vscode\\extensions\\uqbar.wollok-lsp-ide-0.5.3\\out\\server\\src\\server.js:2393:5254)\n    at U2.updateEnvironmentWith (c:\\Users\\egoytendia\\.vscode\\extensions\\uqbar.wollok-lsp-ide-0.5.3\\out\\server\\src\\server.js:2393:4989)\n    at JF (c:\\Users\\egoytendia\\.vscode\\extensions\\uqbar.wollok-lsp-ide-0.5.3\\out\\server\\src\\server.js:2393:7383)\n    at F3.invoke (c:\\Users\\egoytendia\\.vscode\\extensions\\uqbar.wollok-lsp-ide-0.5.3\\out\\server\\src\\server.js:3:157334)\n    at o.fire (c:\\Users\\egoytendia\\.vscode\\extensions\\uqbar.wollok-lsp-ide-0.5.3\\out\\server\\src\\server.js:3:158104)\n    at c:\\Users\\egoytendia\\.vscode\\extensions\\uqbar.wollok-lsp-ide-0.5.3\\out\\server\\src\\server.js:37:57871\n    at Zr (c:\\Users\\egoytendia\\.vscode\\extensions\\uqbar.wollok-lsp-ide-0.5.3\\out\\server\\src\\server.js:8:1561)","timestamp":"2025-12-12T22:39:37.067Z"}
{"level":"error","message":"✘ Failed to rebuild document Failed to parse parciales/elLegadoDeSoliamMurr/exiliado.wlk: \n-- PARSING FAILED --------------------------------------------------\n\n  55 | }\n  56 | \n> 57 | class Sabueso inherit {\n     |               ^\n  58 |   \n  59 | }\n\nExpected one of the following: \n\n'inherits', '{', whitespace\n","stack":"Error: Failed to parse parciales/elLegadoDeSoliamMurr/exiliado.wlk: \n-- PARSING FAILED --------------------------------------------------\n\n  55 | }\n  56 | \n> 57 | class Sabueso inherit {\n     |               ^\n  58 |   \n  59 | }\n\nExpected one of the following: \n\n'inherits', '{', whitespace\n\n    at c:\\Users\\egoytendia\\.vscode\\extensions\\uqbar.wollok-lsp-ide-0.5.3\\out\\server\\src\\server.js:2348:13026\n    at Array.map (<anonymous>)\n    at W1n (c:\\Users\\egoytendia\\.vscode\\extensions\\uqbar.wollok-lsp-ide-0.5.3\\out\\server\\src\\server.js:2348:12950)\n    at U2.buildEnvironmentFrom (c:\\Users\\egoytendia\\.vscode\\extensions\\uqbar.wollok-lsp-ide-0.5.3\\out\\server\\src\\server.js:2393:5254)\n    at U2.updateEnvironmentWith (c:\\Users\\egoytendia\\.vscode\\extensions\\uqbar.wollok-lsp-ide-0.5.3\\out\\server\\src\\server.js:2393:4989)\n    at JF (c:\\Users\\egoytendia\\.vscode\\extensions\\uqbar.wollok-lsp-ide-0.5.3\\out\\server\\src\\server.js:2393:7383)\n    at F3.invoke (c:\\Users\\egoytendia\\.vscode\\extensions\\uqbar.wollok-lsp-ide-0.5.3\\out\\server\\src\\server.js:3:157334)\n    at o.fire (c:\\Users\\egoytendia\\.vscode\\extensions\\uqbar.wollok-lsp-ide-0.5.3\\out\\server\\src\\server.js:3:158104)\n    at c:\\Users\\egoytendia\\.vscode\\extensions\\uqbar.wollok-lsp-ide-0.5.3\\out\\server\\src\\server.js:37:57871\n    at Zr (c:\\Users\\egoytendia\\.vscode\\extensions\\uqbar.wollok-lsp-ide-0.5.3\\out\\server\\src\\server.js:8:1561)","timestamp":"2025-12-12T22:39:37.086Z"}
{"level":"error","message":"✘ Failed to rebuild document Failed to parse parciales/elLegadoDeSoliamMurr/exiliado.wlk: \n-- PARSING FAILED --------------------------------------------------\n\n  55 | }\n  56 | \n> 57 | class Sabueso inherits {\n     |                        ^\n  58 |   \n  59 | }\n\nExpected one of the following: \n\n'@', comment, identifier, package identifier, whitespace\n","stack":"Error: Failed to parse parciales/elLegadoDeSoliamMurr/exiliado.wlk: \n-- PARSING FAILED --------------------------------------------------\n\n  55 | }\n  56 | \n> 57 | class Sabueso inherits {\n     |                        ^\n  58 |   \n  59 | }\n\nExpected one of the following: \n\n'@', comment, identifier, package identifier, whitespace\n\n    at c:\\Users\\egoytendia\\.vscode\\extensions\\uqbar.wollok-lsp-ide-0.5.3\\out\\server\\src\\server.js:2348:13026\n    at Array.map (<anonymous>)\n    at W1n (c:\\Users\\egoytendia\\.vscode\\extensions\\uqbar.wollok-lsp-ide-0.5.3\\out\\server\\src\\server.js:2348:12950)\n    at U2.buildEnvironmentFrom (c:\\Users\\egoytendia\\.vscode\\extensions\\uqbar.wollok-lsp-ide-0.5.3\\out\\server\\src\\server.js:2393:5254)\n    at U2.updateEnvironmentWith (c:\\Users\\egoytendia\\.vscode\\extensions\\uqbar.wollok-lsp-ide-0.5.3\\out\\server\\src\\server.js:2393:4989)\n    at JF (c:\\Users\\egoytendia\\.vscode\\extensions\\uqbar.wollok-lsp-ide-0.5.3\\out\\server\\src\\server.js:2393:7383)\n    at F3.invoke (c:\\Users\\egoytendia\\.vscode\\extensions\\uqbar.wollok-lsp-ide-0.5.3\\out\\server\\src\\server.js:3:157334)\n    at o.fire (c:\\Users\\egoytendia\\.vscode\\extensions\\uqbar.wollok-lsp-ide-0.5.3\\out\\server\\src\\server.js:3:158104)\n    at c:\\Users\\egoytendia\\.vscode\\extensions\\uqbar.wollok-lsp-ide-0.5.3\\out\\server\\src\\server.js:37:57871\n    at Zr (c:\\Users\\egoytendia\\.vscode\\extensions\\uqbar.wollok-lsp-ide-0.5.3\\out\\server\\src\\server.js:8:1561)","timestamp":"2025-12-12T22:39:37.106Z"}
{"level":"error","message":"✘ Failed to rebuild document Failed to parse parciales/elLegadoDeSoliamMurr/exiliado.wlk: \n-- PARSING FAILED --------------------------------------------------\n\n  55 | }\n  56 | \n> 57 | class Sabueso inherits  {\n     |                         ^\n  58 |   \n  59 | }\n\nExpected one of the following: \n\n'@', comment, identifier, package identifier, whitespace\n","stack":"Error: Failed to parse parciales/elLegadoDeSoliamMurr/exiliado.wlk: \n-- PARSING FAILED --------------------------------------------------\n\n  55 | }\n  56 | \n> 57 | class Sabueso inherits  {\n     |                         ^\n  58 |   \n  59 | }\n\nExpected one of the following: \n\n'@', comment, identifier, package identifier, whitespace\n\n    at c:\\Users\\egoytendia\\.vscode\\extensions\\uqbar.wollok-lsp-ide-0.5.3\\out\\server\\src\\server.js:2348:13026\n    at Array.map (<anonymous>)\n    at W1n (c:\\Users\\egoytendia\\.vscode\\extensions\\uqbar.wollok-lsp-ide-0.5.3\\out\\server\\src\\server.js:2348:12950)\n    at U2.buildEnvironmentFrom (c:\\Users\\egoytendia\\.vscode\\extensions\\uqbar.wollok-lsp-ide-0.5.3\\out\\server\\src\\server.js:2393:5254)\n    at U2.updateEnvironmentWith (c:\\Users\\egoytendia\\.vscode\\extensions\\uqbar.wollok-lsp-ide-0.5.3\\out\\server\\src\\server.js:2393:4989)\n    at JF (c:\\Users\\egoytendia\\.vscode\\extensions\\uqbar.wollok-lsp-ide-0.5.3\\out\\server\\src\\server.js:2393:7383)\n    at F3.invoke (c:\\Users\\egoytendia\\.vscode\\extensions\\uqbar.wollok-lsp-ide-0.5.3\\out\\server\\src\\server.js:3:157334)\n    at o.fire (c:\\Users\\egoytendia\\.vscode\\extensions\\uqbar.wollok-lsp-ide-0.5.3\\out\\server\\src\\server.js:3:158104)\n    at c:\\Users\\egoytendia\\.vscode\\extensions\\uqbar.wollok-lsp-ide-0.5.3\\out\\server\\src\\server.js:37:57871\n    at Zr (c:\\Users\\egoytendia\\.vscode\\extensions\\uqbar.wollok-lsp-ide-0.5.3\\out\\server\\src\\server.js:8:1561)","timestamp":"2025-12-12T22:39:37.128Z"}
{"level":"info","message":"⌛ Building environment","timeElapsed":187,"timestamp":"2025-12-12T22:39:37.317Z"}
{"level":"error","message":"✘ Completions for node ParameterizedType ([57:24, 57:25] - parciales/elLegadoDeSoliamMurr/exiliado.wlk) failed: Error: [ParameterizedType]{e2004a} at parciales/elLegadoDeSoliamMurr/exiliado.wlk:57 exhausted all cases without a match [ParameterizedType]{e2004a} at parciales/elLegadoDeSoliamMurr/exiliado.wlk:57 exhausted all cases without a match","stack":"Error: [ParameterizedType]{e2004a} at parciales/elLegadoDeSoliamMurr/exiliado.wlk:57 exhausted all cases without a match\n    at c:\\Users\\egoytendia\\.vscode\\extensions\\uqbar.wollok-lsp-ide-0.5.3\\out\\server\\src\\server.js:38:6142\n    at D2 (c:\\Users\\egoytendia\\.vscode\\extensions\\uqbar.wollok-lsp-ide-0.5.3\\out\\server\\src\\server.js:2384:42)\n    at Qh (c:\\Users\\egoytendia\\.vscode\\extensions\\uqbar.wollok-lsp-ide-0.5.3\\out\\server\\src\\server.js:2384:1092)\n    at k6n (c:\\Users\\egoytendia\\.vscode\\extensions\\uqbar.wollok-lsp-ide-0.5.3\\out\\server\\src\\server.js:2384:1248)\n    at c:\\Users\\egoytendia\\.vscode\\extensions\\uqbar.wollok-lsp-ide-0.5.3\\out\\server\\src\\server.js:38:6131\n    at D2 (c:\\Users\\egoytendia\\.vscode\\extensions\\uqbar.wollok-lsp-ide-0.5.3\\out\\server\\src\\server.js:2384:42)\n    at c:\\Users\\egoytendia\\.vscode\\extensions\\uqbar.wollok-lsp-ide-0.5.3\\out\\server\\src\\server.js:2384:2988\n    at c:\\Users\\egoytendia\\.vscode\\extensions\\uqbar.wollok-lsp-ide-0.5.3\\out\\server\\src\\server.js:2393:8440\n    at c:\\Users\\egoytendia\\.vscode\\extensions\\uqbar.wollok-lsp-ide-0.5.3\\out\\server\\src\\server.js:37:74872\n    at Ye (c:\\Users\\egoytendia\\.vscode\\extensions\\uqbar.wollok-lsp-ide-0.5.3\\out\\server\\src\\server.js:7:8527)","timestamp":"2025-12-12T22:39:37.389Z"}
{"level":"info","message":"⌛ Building environment","timeElapsed":176,"timestamp":"2025-12-12T22:39:37.570Z"}
{"level":"info","message":"⌛ Building environment","timeElapsed":199,"timestamp":"2025-12-12T22:39:37.777Z"}
{"level":"info","message":"⌛ Building environment","timeElapsed":256,"timestamp":"2025-12-12T22:39:38.034Z"}
{"level":"info","message":"⌛ Building environment","timeElapsed":328,"timestamp":"2025-12-12T22:39:38.388Z"}
{"level":"info","message":"⌛ Building environment","timeElapsed":322,"timestamp":"2025-12-12T22:39:38.711Z"}
{"level":"info","message":"⌛ Validating parciales/elLegadoDeSoliamMurr/exiliado.wlk","timeElapsed":418,"timestamp":"2025-12-12T22:39:39.131Z"}
{"level":"info","message":"⌛ Building environment","timeElapsed":227,"timestamp":"2025-12-12T22:39:39.359Z"}
{"level":"info","message":"⌛ Building environment","timeElapsed":188,"timestamp":"2025-12-12T22:39:39.548Z"}
{"level":"info","message":"⌛ Validating parciales/elLegadoDeSoliamMurr/exiliado.wlk","timeElapsed":257,"timestamp":"2025-12-12T22:39:39.807Z"}
{"level":"info","message":"⌛ Validating parciales/elLegadoDeSoliamMurr/exiliado.wlk","timeElapsed":201,"timestamp":"2025-12-12T22:39:40.020Z"}
{"level":"info","message":"⌛ Validating parciales/elLegadoDeSoliamMurr/exiliado.wlk","timeElapsed":168,"timestamp":"2025-12-12T22:39:40.189Z"}
{"level":"info","message":"⌛ Validating parciales/elLegadoDeSoliamMurr/exiliado.wlk","timeElapsed":270,"timestamp":"2025-12-12T22:39:40.459Z"}
{"level":"info","message":"⌛ Validating parciales/elLegadoDeSoliamMurr/exiliado.wlk","timeElapsed":271,"timestamp":"2025-12-12T22:39:40.731Z"}
{"level":"info","message":"⌛ Validating parciales/elLegadoDeSoliamMurr/exiliado.wlk","timeElapsed":147,"timestamp":"2025-12-12T22:39:40.878Z"}
{"level":"info","message":"⌛ Validating parciales/elLegadoDeSoliamMurr/exiliado.wlk","timeElapsed":265,"timestamp":"2025-12-12T22:39:41.147Z"}
{"level":"info","message":"⌛ Building environment","timeElapsed":186,"timestamp":"2025-12-12T22:39:43.604Z"}
{"level":"info","message":"⌛ Validating parciales/elLegadoDeSoliamMurr/exiliado.wlk","timeElapsed":284,"timestamp":"2025-12-12T22:39:43.905Z"}
{"level":"info","message":"⌛ Building environment","timeElapsed":261,"timestamp":"2025-12-12T22:39:44.167Z"}
{"level":"info","message":"⌛ Building environment","timeElapsed":344,"timestamp":"2025-12-12T22:39:44.574Z"}
{"level":"info","message":"⌛ Building environment","timeElapsed":342,"timestamp":"2025-12-12T22:39:44.917Z"}
{"level":"info","message":"⌛ Validating parciales/elLegadoDeSoliamMurr/exiliado.wlk","timeElapsed":284,"timestamp":"2025-12-12T22:39:45.202Z"}
{"level":"info","message":"⌛ Validating parciales/elLegadoDeSoliamMurr/exiliado.wlk","timeElapsed":195,"timestamp":"2025-12-12T22:39:45.468Z"}
{"level":"info","message":"⌛ Validating parciales/elLegadoDeSoliamMurr/exiliado.wlk","timeElapsed":350,"timestamp":"2025-12-12T22:39:45.819Z"}
{"level":"info","message":"⌛ Building environment","timeElapsed":283,"timestamp":"2025-12-12T22:39:46.102Z"}
{"level":"info","message":"⌛ Building environment","timeElapsed":360,"timestamp":"2025-12-12T22:39:46.483Z"}
{"level":"info","message":"⌛ Building environment","timeElapsed":258,"timestamp":"2025-12-12T22:39:46.821Z"}
{"level":"info","message":"⌛ Building environment","timeElapsed":230,"timestamp":"2025-12-12T22:39:47.053Z"}
{"level":"info","message":"⌛ Building environment","timeElapsed":238,"timestamp":"2025-12-12T22:39:47.312Z"}
{"level":"info","message":"⌛ Building environment","timeElapsed":171,"timestamp":"2025-12-12T22:39:47.484Z"}
{"level":"info","message":"⌛ Validating parciales/elLegadoDeSoliamMurr/exiliado.wlk","timeElapsed":310,"timestamp":"2025-12-12T22:39:47.796Z"}
{"level":"info","message":"⌛ Building environment","timeElapsed":276,"timestamp":"2025-12-12T22:39:48.072Z"}
{"level":"info","message":"⌛ Building environment","timeElapsed":345,"timestamp":"2025-12-12T22:39:48.419Z"}
{"level":"info","message":"⌛ Building environment","timeElapsed":217,"timestamp":"2025-12-12T22:39:48.637Z"}
{"level":"info","message":"⌛ Building environment","timeElapsed":232,"timestamp":"2025-12-12T22:39:48.870Z"}
{"level":"info","message":"⌛ Validating parciales/elLegadoDeSoliamMurr/exiliado.wlk","timeElapsed":403,"timestamp":"2025-12-12T22:39:49.273Z"}
{"level":"info","message":"⌛ Building environment","timeElapsed":280,"timestamp":"2025-12-12T22:39:49.553Z"}
{"level":"info","message":"⌛ Validating parciales/elLegadoDeSoliamMurr/exiliado.wlk","timeElapsed":213,"timestamp":"2025-12-12T22:39:49.873Z"}
{"level":"info","message":"⌛ Building environment","timeElapsed":162,"timestamp":"2025-12-12T22:39:50.136Z"}
{"level":"info","message":"⌛ Validating parciales/elLegadoDeSoliamMurr/exiliado.wlk","timeElapsed":257,"timestamp":"2025-12-12T22:39:50.393Z"}
{"level":"info","message":"⌛ Validating parciales/elLegadoDeSoliamMurr/exiliado.wlk","timeElapsed":301,"timestamp":"2025-12-12T22:39:50.705Z"}
{"level":"info","message":"⌛ Validating parciales/elLegadoDeSoliamMurr/exiliado.wlk","timeElapsed":474,"timestamp":"2025-12-12T22:39:51.180Z"}
{"level":"info","message":"⌛ Validating parciales/elLegadoDeSoliamMurr/exiliado.wlk","timeElapsed":242,"timestamp":"2025-12-12T22:39:51.433Z"}
{"level":"info","message":"⌛ Validating parciales/elLegadoDeSoliamMurr/exiliado.wlk","timeElapsed":229,"timestamp":"2025-12-12T22:39:51.663Z"}
{"level":"info","message":"⌛ Validating parciales/elLegadoDeSoliamMurr/exiliado.wlk","timeElapsed":191,"timestamp":"2025-12-12T22:39:51.855Z"}
{"level":"info","message":"⌛ Validating parciales/elLegadoDeSoliamMurr/exiliado.wlk","timeElapsed":176,"timestamp":"2025-12-12T22:39:52.033Z"}
{"level":"info","message":"⌛ Validating parciales/elLegadoDeSoliamMurr/exiliado.wlk","timeElapsed":235,"timestamp":"2025-12-12T22:39:52.270Z"}
{"level":"info","message":"⌛ Validating parciales/elLegadoDeSoliamMurr/exiliado.wlk","timeElapsed":170,"timestamp":"2025-12-12T22:39:52.440Z"}
{"level":"info","message":"⌛ Validating parciales/elLegadoDeSoliamMurr/exiliado.wlk","timeElapsed":167,"timestamp":"2025-12-12T22:39:52.608Z"}
{"level":"info","message":"⌛ Building environment","timeElapsed":135,"timestamp":"2025-12-12T22:39:52.743Z"}
{"level":"error","message":"✘ Completions for node Parameter ([59:23, 59:24] - parciales/elLegadoDeSoliamMurr/exiliado.wlk) failed: Error: [Parameter]{ca50c3} at parciales/elLegadoDeSoliamMurr/exiliado.wlk:59 exhausted all cases without a match [Parameter]{ca50c3} at parciales/elLegadoDeSoliamMurr/exiliado.wlk:59 exhausted all cases without a match","stack":"Error: [Parameter]{ca50c3} at parciales/elLegadoDeSoliamMurr/exiliado.wlk:59 exhausted all cases without a match\n    at c:\\Users\\egoytendia\\.vscode\\extensions\\uqbar.wollok-lsp-ide-0.5.3\\out\\server\\src\\server.js:38:6142\n    at D2 (c:\\Users\\egoytendia\\.vscode\\extensions\\uqbar.wollok-lsp-ide-0.5.3\\out\\server\\src\\server.js:2384:42)\n    at c:\\Users\\egoytendia\\.vscode\\extensions\\uqbar.wollok-lsp-ide-0.5.3\\out\\server\\src\\server.js:2384:2988\n    at c:\\Users\\egoytendia\\.vscode\\extensions\\uqbar.wollok-lsp-ide-0.5.3\\out\\server\\src\\server.js:2393:8440\n    at c:\\Users\\egoytendia\\.vscode\\extensions\\uqbar.wollok-lsp-ide-0.5.3\\out\\server\\src\\server.js:37:74872\n    at Ye (c:\\Users\\egoytendia\\.vscode\\extensions\\uqbar.wollok-lsp-ide-0.5.3\\out\\server\\src\\server.js:7:8527)\n    at qt (c:\\Users\\egoytendia\\.vscode\\extensions\\uqbar.wollok-lsp-ide-0.5.3\\out\\server\\src\\server.js:7:6189)\n    at ot (c:\\Users\\egoytendia\\.vscode\\extensions\\uqbar.wollok-lsp-ide-0.5.3\\out\\server\\src\\server.js:7:6378)\n    at Immediate._onImmediate (c:\\Users\\egoytendia\\.vscode\\extensions\\uqbar.wollok-lsp-ide-0.5.3\\out\\server\\src\\server.js:7:6142)\n    at process.processImmediate (node:internal/timers:485:21)","timestamp":"2025-12-12T22:39:52.806Z"}
{"level":"info","message":"⌛ Building environment","timeElapsed":270,"timestamp":"2025-12-12T22:39:53.135Z"}
{"level":"info","message":"⌛ Building environment","timeElapsed":169,"timestamp":"2025-12-12T22:39:53.305Z"}
{"level":"info","message":"⌛ Building environment","timeElapsed":197,"timestamp":"2025-12-12T22:39:53.503Z"}
{"level":"info","message":"⌛ Building environment","timeElapsed":239,"timestamp":"2025-12-12T22:39:53.743Z"}
{"level":"info","message":"⌛ Building environment","timeElapsed":215,"timestamp":"2025-12-12T22:39:53.959Z"}
{"level":"info","message":"⌛ Building environment","timeElapsed":348,"timestamp":"2025-12-12T22:39:54.323Z"}
{"level":"info","message":"⌛ Building environment","timeElapsed":189,"timestamp":"2025-12-12T22:39:54.513Z"}
{"level":"info","message":"⌛ Building environment","timeElapsed":208,"timestamp":"2025-12-12T22:39:54.722Z"}
{"level":"info","message":"⌛ Building environment","timeElapsed":493,"timestamp":"2025-12-12T22:39:55.223Z"}
{"level":"info","message":"⌛ Building environment","timeElapsed":351,"timestamp":"2025-12-12T22:39:55.576Z"}
{"level":"info","message":"⌛ Building environment","timeElapsed":324,"timestamp":"2025-12-12T22:39:55.901Z"}
{"level":"info","message":"⌛ Building environment","timeElapsed":323,"timestamp":"2025-12-12T22:39:56.225Z"}
{"level":"info","message":"⌛ Building environment","timeElapsed":360,"timestamp":"2025-12-12T22:39:56.624Z"}
{"level":"info","message":"⌛ Building environment","timeElapsed":286,"timestamp":"2025-12-12T22:39:56.911Z"}
{"level":"info","message":"⌛ Building environment","timeElapsed":295,"timestamp":"2025-12-12T22:39:57.208Z"}
{"level":"info","message":"⌛ Building environment","timeElapsed":327,"timestamp":"2025-12-12T22:39:57.536Z"}
{"level":"info","message":"⌛ Building environment","timeElapsed":396,"timestamp":"2025-12-12T22:39:57.933Z"}
{"level":"info","message":"⌛ Building environment","timeElapsed":387,"timestamp":"2025-12-12T22:39:58.321Z"}
{"level":"info","message":"⌛ Building environment","timeElapsed":359,"timestamp":"2025-12-12T22:39:58.682Z"}
{"level":"info","message":"⌛ Validating parciales/elLegadoDeSoliamMurr/exiliado.wlk","timeElapsed":459,"timestamp":"2025-12-12T22:39:59.142Z"}
{"level":"info","message":"⌛ Building environment","timeElapsed":490,"timestamp":"2025-12-12T22:39:59.634Z"}
{"level":"info","message":"⌛ Building environment","timeElapsed":434,"timestamp":"2025-12-12T22:40:00.078Z"}
{"level":"info","message":"⌛ Building environment","timeElapsed":256,"timestamp":"2025-12-12T22:40:00.335Z"}
{"level":"info","message":"⌛ Validating parciales/elLegadoDeSoliamMurr/exiliado.wlk","timeElapsed":387,"timestamp":"2025-12-12T22:40:00.722Z"}
{"level":"info","message":"⌛ Building environment","timeElapsed":326,"timestamp":"2025-12-12T22:40:01.049Z"}
{"level":"info","message":"⌛ Validating parciales/elLegadoDeSoliamMurr/exiliado.wlk","timeElapsed":420,"timestamp":"2025-12-12T22:40:01.470Z"}
{"level":"info","message":"⌛ Validating parciales/elLegadoDeSoliamMurr/exiliado.wlk","timeElapsed":450,"timestamp":"2025-12-12T22:40:01.944Z"}
{"level":"info","message":"⌛ Validating parciales/elLegadoDeSoliamMurr/exiliado.wlk","timeElapsed":435,"timestamp":"2025-12-12T22:40:02.381Z"}
{"level":"info","message":"⌛ Building environment","timeElapsed":287,"timestamp":"2025-12-12T22:40:02.669Z"}
{"level":"error","message":"✘ Completions for node Parameter ([59:47, 59:48] - parciales/elLegadoDeSoliamMurr/exiliado.wlk) failed: Error: [Parameter]{38ce32} at parciales/elLegadoDeSoliamMurr/exiliado.wlk:59 exhausted all cases without a match [Parameter]{38ce32} at parciales/elLegadoDeSoliamMurr/exiliado.wlk:59 exhausted all cases without a match","stack":"Error: [Parameter]{38ce32} at parciales/elLegadoDeSoliamMurr/exiliado.wlk:59 exhausted all cases without a match\n    at c:\\Users\\egoytendia\\.vscode\\extensions\\uqbar.wollok-lsp-ide-0.5.3\\out\\server\\src\\server.js:38:6142\n    at D2 (c:\\Users\\egoytendia\\.vscode\\extensions\\uqbar.wollok-lsp-ide-0.5.3\\out\\server\\src\\server.js:2384:42)\n    at c:\\Users\\egoytendia\\.vscode\\extensions\\uqbar.wollok-lsp-ide-0.5.3\\out\\server\\src\\server.js:2384:2988\n    at c:\\Users\\egoytendia\\.vscode\\extensions\\uqbar.wollok-lsp-ide-0.5.3\\out\\server\\src\\server.js:2393:8440\n    at c:\\Users\\egoytendia\\.vscode\\extensions\\uqbar.wollok-lsp-ide-0.5.3\\out\\server\\src\\server.js:37:74872\n    at Ye (c:\\Users\\egoytendia\\.vscode\\extensions\\uqbar.wollok-lsp-ide-0.5.3\\out\\server\\src\\server.js:7:8527)\n    at qt (c:\\Users\\egoytendia\\.vscode\\extensions\\uqbar.wollok-lsp-ide-0.5.3\\out\\server\\src\\server.js:7:6189)\n    at ot (c:\\Users\\egoytendia\\.vscode\\extensions\\uqbar.wollok-lsp-ide-0.5.3\\out\\server\\src\\server.js:7:6378)\n    at Immediate._onImmediate (c:\\Users\\egoytendia\\.vscode\\extensions\\uqbar.wollok-lsp-ide-0.5.3\\out\\server\\src\\server.js:7:6142)\n    at process.processImmediate (node:internal/timers:485:21)","timestamp":"2025-12-12T22:40:02.838Z"}
{"level":"info","message":"⌛ Autocomplete - Parameter","timeElapsed":167,"timestamp":"2025-12-12T22:40:02.845Z"}
{"level":"info","message":"⌛ Building environment","timeElapsed":174,"timestamp":"2025-12-12T22:40:03.033Z"}
{"level":"info","message":"⌛ Building environment","timeElapsed":193,"timestamp":"2025-12-12T22:40:03.227Z"}
{"level":"info","message":"⌛ Validating parciales/elLegadoDeSoliamMurr/exiliado.wlk","timeElapsed":489,"timestamp":"2025-12-12T22:40:03.716Z"}
{"level":"info","message":"⌛ Building environment","timeElapsed":338,"timestamp":"2025-12-12T22:40:04.055Z"}
{"level":"info","message":"⌛ Building environment","timeElapsed":326,"timestamp":"2025-12-12T22:40:04.383Z"}
{"level":"info","message":"⌛ Validating parciales/elLegadoDeSoliamMurr/exiliado.wlk","timeElapsed":517,"timestamp":"2025-12-12T22:40:04.902Z"}
{"level":"info","message":"⌛ Validating parciales/elLegadoDeSoliamMurr/exiliado.wlk","timeElapsed":193,"timestamp":"2025-12-12T22:40:05.112Z"}
{"level":"info","message":"⌛ Validating parciales/elLegadoDeSoliamMurr/exiliado.wlk","timeElapsed":154,"timestamp":"2025-12-12T22:40:05.267Z"}
{"level":"info","message":"⌛ Building environment","timeElapsed":103,"timestamp":"2025-12-12T22:40:05.371Z"}
{"level":"info","message":"⌛ Building environment","timeElapsed":194,"timestamp":"2025-12-12T22:40:05.566Z"}
{"level":"info","message":"⌛ Validating parciales/elLegadoDeSoliamMurr/exiliado.wlk","timeElapsed":232,"timestamp":"2025-12-12T22:40:05.799Z"}
{"level":"info","message":"⌛ Building environment","timeElapsed":149,"timestamp":"2025-12-12T22:40:05.950Z"}
{"level":"info","message":"⌛ Validating parciales/elLegadoDeSoliamMurr/exiliado.wlk","timeElapsed":451,"timestamp":"2025-12-12T22:40:06.440Z"}
{"level":"info","message":"⌛ Building environment","timeElapsed":499,"timestamp":"2025-12-12T22:40:06.940Z"}
{"level":"info","message":"⌛ Validating parciales/elLegadoDeSoliamMurr/exiliado.wlk","timeElapsed":538,"timestamp":"2025-12-12T22:40:07.508Z"}
{"level":"info","message":"⌛ Building environment","timeElapsed":390,"timestamp":"2025-12-12T22:40:07.901Z"}
{"level":"info","message":"⌛ Building environment","timeElapsed":411,"timestamp":"2025-12-12T22:40:08.315Z"}
{"level":"info","message":"⌛ Validating parciales/elLegadoDeSoliamMurr/exiliado.wlk","timeElapsed":403,"timestamp":"2025-12-12T22:40:08.719Z"}
{"level":"info","message":"⌛ Building environment","timeElapsed":354,"timestamp":"2025-12-12T22:40:09.074Z"}
{"level":"info","message":"⌛ Building environment","timeElapsed":414,"timestamp":"2025-12-12T22:40:09.491Z"}
{"level":"info","message":"⌛ Validating parciales/elLegadoDeSoliamMurr/exiliado.wlk","timeElapsed":378,"timestamp":"2025-12-12T22:40:09.920Z"}
{"level":"info","message":"⌛ Validating parciales/elLegadoDeSoliamMurr/exiliado.wlk","timeElapsed":241,"timestamp":"2025-12-12T22:40:10.162Z"}
{"level":"info","message":"⌛ Building environment","timeElapsed":236,"timestamp":"2025-12-12T22:40:10.399Z"}
{"level":"info","message":"⌛ Building environment","timeElapsed":370,"timestamp":"2025-12-12T22:40:10.770Z"}
{"level":"info","message":"⌛ Validating parciales/elLegadoDeSoliamMurr/exiliado.wlk","timeElapsed":346,"timestamp":"2025-12-12T22:40:11.117Z"}
{"level":"info","message":"⌛ Validating parciales/elLegadoDeSoliamMurr/exiliado.wlk","timeElapsed":260,"timestamp":"2025-12-12T22:40:11.393Z"}
{"level":"info","message":"⌛ Validating parciales/elLegadoDeSoliamMurr/exiliado.wlk","timeElapsed":256,"timestamp":"2025-12-12T22:40:11.649Z"}
{"level":"info","message":"⌛ Validating parciales/elLegadoDeSoliamMurr/exiliado.wlk","timeElapsed":236,"timestamp":"2025-12-12T22:40:11.886Z"}
{"level":"info","message":"⌛ Validating parciales/elLegadoDeSoliamMurr/exiliado.wlk","timeElapsed":240,"timestamp":"2025-12-12T22:40:12.127Z"}
{"level":"info","message":"⌛ Building environment","timeElapsed":258,"timestamp":"2025-12-12T22:40:12.386Z"}
{"level":"info","message":"⌛ Building environment","timeElapsed":1753,"timestamp":"2025-12-12T22:40:14.142Z"}
{"level":"info","message":"⌛ Building environment","timeElapsed":454,"timestamp":"2025-12-12T22:40:14.649Z"}
{"level":"info","message":"⌛ Validating parciales/elLegadoDeSoliamMurr/exiliado.wlk","timeElapsed":363,"timestamp":"2025-12-12T22:40:15.015Z"}
{"level":"info","message":"⌛ Building environment","timeElapsed":235,"timestamp":"2025-12-12T22:40:15.250Z"}
{"level":"info","message":"⌛ Building environment","timeElapsed":205,"timestamp":"2025-12-12T22:40:15.456Z"}
{"level":"info","message":"⌛ Building environment","timeElapsed":197,"timestamp":"2025-12-12T22:40:15.654Z"}
{"level":"info","message":"⌛ Validating parciales/elLegadoDeSoliamMurr/exiliado.wlk","timeElapsed":275,"timestamp":"2025-12-12T22:40:15.930Z"}
{"level":"info","message":"⌛ Building environment","timeElapsed":274,"timestamp":"2025-12-12T22:40:16.205Z"}
{"level":"info","message":"⌛ Building environment","timeElapsed":358,"timestamp":"2025-12-12T22:40:16.564Z"}
{"level":"info","message":"⌛ Building environment","timeElapsed":302,"timestamp":"2025-12-12T22:40:16.867Z"}
{"level":"info","message":"⌛ Validating parciales/elLegadoDeSoliamMurr/exiliado.wlk","timeElapsed":329,"timestamp":"2025-12-12T22:40:17.196Z"}
{"level":"info","message":"⌛ Building environment","timeElapsed":260,"timestamp":"2025-12-12T22:40:17.458Z"}
{"level":"info","message":"⌛ Building environment","timeElapsed":271,"timestamp":"2025-12-12T22:40:17.746Z"}
{"level":"info","message":"⌛ Building environment","timeElapsed":222,"timestamp":"2025-12-12T22:40:17.968Z"}
{"level":"info","message":"⌛ Building environment","timeElapsed":1473,"timestamp":"2025-12-12T22:40:19.446Z"}
{"level":"info","message":"⌛ Building environment","timeElapsed":315,"timestamp":"2025-12-12T22:40:19.780Z"}
{"level":"info","message":"⌛ Building environment","timeElapsed":373,"timestamp":"2025-12-12T22:40:20.155Z"}
{"level":"info","message":"⌛ Validating parciales/elLegadoDeSoliamMurr/exiliado.wlk","timeElapsed":335,"timestamp":"2025-12-12T22:40:20.520Z"}
{"level":"info","message":"⌛ Validating parciales/elLegadoDeSoliamMurr/exiliado.wlk","timeElapsed":291,"timestamp":"2025-12-12T22:40:20.884Z"}
{"level":"info","message":"⌛ Validating parciales/elLegadoDeSoliamMurr/exiliado.wlk","timeElapsed":368,"timestamp":"2025-12-12T22:40:21.252Z"}
{"level":"info","message":"⌛ Validating parciales/elLegadoDeSoliamMurr/exiliado.wlk","timeElapsed":318,"timestamp":"2025-12-12T22:40:21.571Z"}
{"level":"info","message":"⌛ Validating parciales/elLegadoDeSoliamMurr/exiliado.wlk","timeElapsed":277,"timestamp":"2025-12-12T22:40:21.850Z"}
{"level":"info","message":"⌛ Validating parciales/elLegadoDeSoliamMurr/exiliado.wlk","timeElapsed":278,"timestamp":"2025-12-12T22:40:22.128Z"}
{"level":"info","message":"⌛ Validating parciales/elLegadoDeSoliamMurr/exiliado.wlk","timeElapsed":305,"timestamp":"2025-12-12T22:40:22.434Z"}
{"level":"info","message":"⌛ Validating parciales/elLegadoDeSoliamMurr/exiliado.wlk","timeElapsed":282,"timestamp":"2025-12-12T22:40:22.721Z"}
{"level":"info","message":"⌛ Validating parciales/elLegadoDeSoliamMurr/exiliado.wlk","timeElapsed":313,"timestamp":"2025-12-12T22:40:23.035Z"}
{"level":"info","message":"⌛ Validating parciales/elLegadoDeSoliamMurr/exiliado.wlk","timeElapsed":286,"timestamp":"2025-12-12T22:40:23.329Z"}
{"level":"info","message":"⌛ Validating parciales/elLegadoDeSoliamMurr/exiliado.wlk","timeElapsed":345,"timestamp":"2025-12-12T22:40:23.674Z"}
{"level":"info","message":"⌛ Validating parciales/elLegadoDeSoliamMurr/exiliado.wlk","timeElapsed":307,"timestamp":"2025-12-12T22:40:23.982Z"}
{"level":"info","message":"⌛ Validating parciales/elLegadoDeSoliamMurr/exiliado.wlk","timeElapsed":245,"timestamp":"2025-12-12T22:40:24.228Z"}
{"level":"info","message":"⌛ Validating parciales/elLegadoDeSoliamMurr/exiliado.wlk","timeElapsed":241,"timestamp":"2025-12-12T22:40:24.470Z"}
{"level":"info","message":"⌛ Validating parciales/elLegadoDeSoliamMurr/exiliado.wlk","timeElapsed":323,"timestamp":"2025-12-12T22:40:24.793Z"}
{"level":"info","message":"⌛ Validating parciales/elLegadoDeSoliamMurr/exiliado.wlk","timeElapsed":338,"timestamp":"2025-12-12T22:40:25.131Z"}
{"level":"info","message":"⌛ Validating parciales/elLegadoDeSoliamMurr/exiliado.wlk","timeElapsed":239,"timestamp":"2025-12-12T22:40:25.370Z"}
{"level":"info","message":"⌛ Validating parciales/elLegadoDeSoliamMurr/exiliado.wlk","timeElapsed":295,"timestamp":"2025-12-12T22:40:25.667Z"}
{"level":"info","message":"⌛ Validating parciales/elLegadoDeSoliamMurr/exiliado.wlk","timeElapsed":269,"timestamp":"2025-12-12T22:40:25.938Z"}
{"level":"info","message":"⌛ Validating parciales/elLegadoDeSoliamMurr/exiliado.wlk","timeElapsed":232,"timestamp":"2025-12-12T22:40:26.170Z"}
{"level":"info","message":"⌛ Validating parciales/elLegadoDeSoliamMurr/exiliado.wlk","timeElapsed":251,"timestamp":"2025-12-12T22:40:26.422Z"}
{"level":"info","message":"⌛ Validating parciales/elLegadoDeSoliamMurr/exiliado.wlk","timeElapsed":333,"timestamp":"2025-12-12T22:40:26.756Z"}
{"level":"info","message":"⌛ Validating parciales/elLegadoDeSoliamMurr/exiliado.wlk","timeElapsed":326,"timestamp":"2025-12-12T22:40:27.084Z"}
{"level":"info","message":"⌛ Validating parciales/elLegadoDeSoliamMurr/exiliado.wlk","timeElapsed":269,"timestamp":"2025-12-12T22:40:27.356Z"}
{"level":"info","message":"⌛ Validating parciales/elLegadoDeSoliamMurr/exiliado.wlk","timeElapsed":233,"timestamp":"2025-12-12T22:40:27.589Z"}
{"level":"info","message":"⌛ Validating parciales/elLegadoDeSoliamMurr/exiliado.wlk","timeElapsed":227,"timestamp":"2025-12-12T22:40:27.820Z"}
{"level":"info","message":"⌛ Validating parciales/elLegadoDeSoliamMurr/exiliado.wlk","timeElapsed":267,"timestamp":"2025-12-12T22:40:28.087Z"}
{"level":"info","message":"⌛ Validating parciales/elLegadoDeSoliamMurr/exiliado.wlk","timeElapsed":378,"timestamp":"2025-12-12T22:40:28.465Z"}
{"level":"info","message":"⌛ Validating parciales/elLegadoDeSoliamMurr/exiliado.wlk","timeElapsed":313,"timestamp":"2025-12-12T22:40:28.779Z"}
{"level":"info","message":"⌛ Validating parciales/elLegadoDeSoliamMurr/exiliado.wlk","timeElapsed":223,"timestamp":"2025-12-12T22:40:29.002Z"}
{"level":"info","message":"⌛ Validating parciales/elLegadoDeSoliamMurr/exiliado.wlk","timeElapsed":248,"timestamp":"2025-12-12T22:40:29.250Z"}
{"level":"info","message":"⌛ Building environment","timeElapsed":181,"timestamp":"2025-12-12T22:44:36.291Z"}
{"level":"info","message":"⌛ Validating parciales/elLegadoDeSoliamMurr/comunidades.wlk","timeElapsed":177,"timestamp":"2025-12-12T22:44:36.532Z"}
{"level":"info","message":"⌛ Building environment","timeElapsed":124,"timestamp":"2025-12-12T22:48:26.621Z"}
{"level":"info","message":"⌛ Validating parciales/elLegadoDeSoliamMurr/comunidades.wlk","timeElapsed":148,"timestamp":"2025-12-12T22:48:26.771Z"}
{"level":"info","message":"⌛ Validating parciales/elLegadoDeSoliamMurr/comunidades.wlk","timeElapsed":128,"timestamp":"2025-12-12T22:48:27.053Z"}
{"level":"info","message":"⌛ Building environment","timeElapsed":101,"timestamp":"2025-12-12T22:48:27.154Z"}
{"level":"info","message":"⌛ Validating parciales/elLegadoDeSoliamMurr/comunidades.wlk","timeElapsed":128,"timestamp":"2025-12-12T22:48:27.283Z"}
{"level":"info","message":"⌛ Building environment","timeElapsed":131,"timestamp":"2025-12-12T22:48:27.725Z"}
{"level":"info","message":"⌛ Validating parciales/elLegadoDeSoliamMurr/comunidades.wlk","timeElapsed":170,"timestamp":"2025-12-12T22:48:27.898Z"}
{"level":"info","message":"⌛ Validating parciales/elLegadoDeSoliamMurr/comunidades.wlk","timeElapsed":128,"timestamp":"2025-12-12T22:48:28.783Z"}
{"level":"info","message":"⌛ Building environment","timeElapsed":106,"timestamp":"2025-12-12T22:48:29.001Z"}
{"level":"info","message":"⌛ Validating parciales/elLegadoDeSoliamMurr/comunidades.wlk","timeElapsed":147,"timestamp":"2025-12-12T22:48:29.150Z"}
{"level":"info","message":"⌛ Validating parciales/elLegadoDeSoliamMurr/comunidades.wlk","timeElapsed":124,"timestamp":"2025-12-12T22:48:29.305Z"}
{"level":"info","message":"⌛ Validating parciales/elLegadoDeSoliamMurr/comunidades.wlk","timeElapsed":123,"timestamp":"2025-12-12T22:48:29.858Z"}
{"level":"info","message":"⌛ Validating parciales/elLegadoDeSoliamMurr/comunidades.wlk","timeElapsed":113,"timestamp":"2025-12-12T22:48:30.051Z"}
{"level":"info","message":"⌛ Validating parciales/elLegadoDeSoliamMurr/comunidades.wlk","timeElapsed":103,"timestamp":"2025-12-12T22:48:30.228Z"}
{"level":"info","message":"⌛ Validating parciales/elLegadoDeSoliamMurr/comunidades.wlk","timeElapsed":123,"timestamp":"2025-12-12T22:48:30.423Z"}
{"level":"info","message":"⌛ Validating parciales/elLegadoDeSoliamMurr/comunidades.wlk","timeElapsed":108,"timestamp":"2025-12-12T22:48:30.636Z"}
{"level":"info","message":"⌛ Validating parciales/elLegadoDeSoliamMurr/comunidades.wlk","timeElapsed":144,"timestamp":"2025-12-12T22:48:30.875Z"}
{"level":"info","message":"⌛ Validating parciales/elLegadoDeSoliamMurr/comunidades.wlk","timeElapsed":120,"timestamp":"2025-12-12T22:48:30.995Z"}
{"level":"info","message":"⌛ Validating parciales/elLegadoDeSoliamMurr/comunidades.wlk","timeElapsed":123,"timestamp":"2025-12-12T22:48:37.275Z"}
{"level":"info","message":"⌛ Building environment","timeElapsed":143,"timestamp":"2025-12-12T22:48:37.417Z"}
{"level":"error","message":"✘ Failed to rebuild document Failed to parse parciales/elLegadoDeSoliamMurr/comunidades.wlk: \n-- PARSING FAILED --------------------------------------------------\n\n  1 | class Comunidades {\n  2 |   var\n> 3 | }\n    | ^\n\nExpected one of the following: \n\n'property', identifier, whitespace\n","stack":"Error: Failed to parse parciales/elLegadoDeSoliamMurr/comunidades.wlk: \n-- PARSING FAILED --------------------------------------------------\n\n  1 | class Comunidades {\n  2 |   var\n> 3 | }\n    | ^\n\nExpected one of the following: \n\n'property', identifier, whitespace\n\n    at c:\\Users\\egoytendia\\.vscode\\extensions\\uqbar.wollok-lsp-ide-0.5.3\\out\\server\\src\\server.js:2348:13026\n    at Array.map (<anonymous>)\n    at W1n (c:\\Users\\egoytendia\\.vscode\\extensions\\uqbar.wollok-lsp-ide-0.5.3\\out\\server\\src\\server.js:2348:12950)\n    at U2.buildEnvironmentFrom (c:\\Users\\egoytendia\\.vscode\\extensions\\uqbar.wollok-lsp-ide-0.5.3\\out\\server\\src\\server.js:2393:5254)\n    at U2.updateEnvironmentWith (c:\\Users\\egoytendia\\.vscode\\extensions\\uqbar.wollok-lsp-ide-0.5.3\\out\\server\\src\\server.js:2393:4989)\n    at JF (c:\\Users\\egoytendia\\.vscode\\extensions\\uqbar.wollok-lsp-ide-0.5.3\\out\\server\\src\\server.js:2393:7383)\n    at F3.invoke (c:\\Users\\egoytendia\\.vscode\\extensions\\uqbar.wollok-lsp-ide-0.5.3\\out\\server\\src\\server.js:3:157334)\n    at o.fire (c:\\Users\\egoytendia\\.vscode\\extensions\\uqbar.wollok-lsp-ide-0.5.3\\out\\server\\src\\server.js:3:158104)\n    at c:\\Users\\egoytendia\\.vscode\\extensions\\uqbar.wollok-lsp-ide-0.5.3\\out\\server\\src\\server.js:37:57871\n    at Zr (c:\\Users\\egoytendia\\.vscode\\extensions\\uqbar.wollok-lsp-ide-0.5.3\\out\\server\\src\\server.js:8:1561)","timestamp":"2025-12-12T22:48:37.419Z"}
{"level":"info","message":"⌛ Validating parciales/elLegadoDeSoliamMurr/comunidades.wlk","timeElapsed":126,"timestamp":"2025-12-12T22:48:37.545Z"}
{"level":"info","message":"⌛ Validating parciales/elLegadoDeSoliamMurr/comunidades.wlk","timeElapsed":114,"timestamp":"2025-12-12T22:48:38.573Z"}
{"level":"info","message":"⌛ Building environment","timeElapsed":102,"timestamp":"2025-12-12T22:48:42.566Z"}
{"level":"info","message":"⌛ Validating parciales/elLegadoDeSoliamMurr/comunidades.wlk","timeElapsed":116,"timestamp":"2025-12-12T22:48:42.796Z"}
{"level":"info","message":"⌛ Validating parciales/elLegadoDeSoliamMurr/comunidades.wlk","timeElapsed":131,"timestamp":"2025-12-12T22:48:43.008Z"}
{"level":"info","message":"⌛ Validating parciales/elLegadoDeSoliamMurr/comunidades.wlk","timeElapsed":127,"timestamp":"2025-12-12T22:48:43.236Z"}
{"level":"info","message":"⌛ Validating parciales/elLegadoDeSoliamMurr/comunidades.wlk","timeElapsed":122,"timestamp":"2025-12-12T22:48:43.450Z"}
{"level":"info","message":"⌛ Validating parciales/elLegadoDeSoliamMurr/comunidades.wlk","timeElapsed":120,"timestamp":"2025-12-12T22:48:43.767Z"}
{"level":"info","message":"⌛ Validating parciales/elLegadoDeSoliamMurr/comunidades.wlk","timeElapsed":114,"timestamp":"2025-12-12T22:48:44.054Z"}
{"level":"info","message":"⌛ Validating parciales/elLegadoDeSoliamMurr/comunidades.wlk","timeElapsed":104,"timestamp":"2025-12-12T22:48:44.158Z"}
{"level":"info","message":"⌛ Building environment","timeElapsed":148,"timestamp":"2025-12-12T22:48:44.308Z"}
{"level":"info","message":"⌛ Building environment","timeElapsed":296,"timestamp":"2025-12-12T22:48:44.635Z"}
{"level":"info","message":"⌛ Validating parciales/elLegadoDeSoliamMurr/comunidades.wlk","timeElapsed":138,"timestamp":"2025-12-12T22:48:44.773Z"}
{"level":"info","message":"⌛ Validating parciales/elLegadoDeSoliamMurr/comunidades.wlk","timeElapsed":225,"timestamp":"2025-12-12T22:48:45.093Z"}
{"level":"info","message":"⌛ Validating parciales/elLegadoDeSoliamMurr/comunidades.wlk","timeElapsed":136,"timestamp":"2025-12-12T22:48:45.239Z"}
{"level":"info","message":"⌛ Validating parciales/elLegadoDeSoliamMurr/comunidades.wlk","timeElapsed":110,"timestamp":"2025-12-12T22:48:45.351Z"}
{"level":"info","message":"⌛ Validating parciales/elLegadoDeSoliamMurr/comunidades.wlk","timeElapsed":116,"timestamp":"2025-12-12T22:48:45.468Z"}
{"level":"info","message":"⌛ Validating parciales/elLegadoDeSoliamMurr/comunidades.wlk","timeElapsed":159,"timestamp":"2025-12-12T22:48:47.923Z"}
{"level":"info","message":"⌛ Building environment","timeElapsed":146,"timestamp":"2025-12-12T22:48:55.094Z"}
{"level":"info","message":"⌛ Building environment","timeElapsed":111,"timestamp":"2025-12-12T22:48:55.237Z"}
{"level":"info","message":"⌛ Validating parciales/elLegadoDeSoliamMurr/comunidades.wlk","timeElapsed":146,"timestamp":"2025-12-12T22:48:55.384Z"}
{"level":"info","message":"⌛ Validating parciales/elLegadoDeSoliamMurr/comunidades.wlk","timeElapsed":124,"timestamp":"2025-12-12T22:48:55.724Z"}
{"level":"info","message":"⌛ Building environment","timeElapsed":106,"timestamp":"2025-12-12T22:48:55.830Z"}
{"level":"info","message":"⌛ Validating parciales/elLegadoDeSoliamMurr/comunidades.wlk","timeElapsed":119,"timestamp":"2025-12-12T22:48:56.039Z"}
{"level":"info","message":"⌛ Validating parciales/elLegadoDeSoliamMurr/comunidades.wlk","timeElapsed":123,"timestamp":"2025-12-12T22:48:56.354Z"}
{"level":"info","message":"⌛ Validating parciales/elLegadoDeSoliamMurr/comunidades.wlk","timeElapsed":143,"timestamp":"2025-12-12T22:48:56.590Z"}
{"level":"info","message":"⌛ Validating parciales/elLegadoDeSoliamMurr/comunidades.wlk","timeElapsed":131,"timestamp":"2025-12-12T22:48:56.721Z"}
{"level":"info","message":"⌛ Validating parciales/elLegadoDeSoliamMurr/comunidades.wlk","timeElapsed":141,"timestamp":"2025-12-12T22:48:56.869Z"}
{"level":"info","message":"⌛ Validating parciales/elLegadoDeSoliamMurr/comunidades.wlk","timeElapsed":113,"timestamp":"2025-12-12T22:48:56.982Z"}
{"level":"info","message":"⌛ Validating parciales/elLegadoDeSoliamMurr/comunidades.wlk","timeElapsed":105,"timestamp":"2025-12-12T22:48:57.088Z"}
{"level":"info","message":"⌛ Validating parciales/elLegadoDeSoliamMurr/comunidades.wlk","timeElapsed":126,"timestamp":"2025-12-12T22:48:57.598Z"}
{"level":"info","message":"⌛ Validating parciales/elLegadoDeSoliamMurr/comunidades.wlk","timeElapsed":142,"timestamp":"2025-12-12T22:48:57.741Z"}
{"level":"info","message":"⌛ Validating parciales/elLegadoDeSoliamMurr/comunidades.wlk","timeElapsed":156,"timestamp":"2025-12-12T22:48:57.897Z"}
{"level":"info","message":"⌛ Validating parciales/elLegadoDeSoliamMurr/comunidades.wlk","timeElapsed":136,"timestamp":"2025-12-12T22:48:58.033Z"}
{"level":"info","message":"⌛ Validating parciales/elLegadoDeSoliamMurr/comunidades.wlk","timeElapsed":162,"timestamp":"2025-12-12T22:49:15.918Z"}
{"level":"info","message":"⌛ Building environment","timeElapsed":113,"timestamp":"2025-12-12T22:49:16.032Z"}
{"level":"info","message":"⌛ Validating parciales/elLegadoDeSoliamMurr/comunidades.wlk","timeElapsed":115,"timestamp":"2025-12-12T22:49:16.148Z"}
{"level":"info","message":"⌛ Building environment","timeElapsed":101,"timestamp":"2025-12-12T22:49:16.722Z"}
{"level":"info","message":"⌛ Validating parciales/elLegadoDeSoliamMurr/comunidades.wlk","timeElapsed":133,"timestamp":"2025-12-12T22:49:16.985Z"}
{"level":"info","message":"⌛ Validating parciales/elLegadoDeSoliamMurr/comunidades.wlk","timeElapsed":122,"timestamp":"2025-12-12T22:49:17.214Z"}
{"level":"info","message":"⌛ Validating parciales/elLegadoDeSoliamMurr/comunidades.wlk","timeElapsed":110,"timestamp":"2025-12-12T22:49:17.412Z"}
{"level":"info","message":"⌛ Validating parciales/elLegadoDeSoliamMurr/comunidades.wlk","timeElapsed":103,"timestamp":"2025-12-12T22:49:17.515Z"}
{"level":"info","message":"⌛ Building environment","timeElapsed":101,"timestamp":"2025-12-12T22:49:18.120Z"}
{"level":"info","message":"⌛ Validating parciales/elLegadoDeSoliamMurr/comunidades.wlk","timeElapsed":121,"timestamp":"2025-12-12T22:49:18.242Z"}
{"level":"info","message":"⌛ Building environment","timeElapsed":156,"timestamp":"2025-12-12T22:49:19.494Z"}
{"level":"info","message":"⌛ Validating parciales/elLegadoDeSoliamMurr/comunidades.wlk","timeElapsed":120,"timestamp":"2025-12-12T22:49:19.753Z"}
{"level":"info","message":"⌛ Validating parciales/elLegadoDeSoliamMurr/comunidades.wlk","timeElapsed":114,"timestamp":"2025-12-12T22:49:20.046Z"}
{"level":"info","message":"⌛ Validating parciales/elLegadoDeSoliamMurr/comunidades.wlk","timeElapsed":102,"timestamp":"2025-12-12T22:49:20.147Z"}
{"level":"info","message":"⌛ Validating parciales/elLegadoDeSoliamMurr/comunidades.wlk","timeElapsed":129,"timestamp":"2025-12-12T22:49:20.281Z"}
{"level":"info","message":"⌛ Validating parciales/elLegadoDeSoliamMurr/comunidades.wlk","timeElapsed":123,"timestamp":"2025-12-12T22:49:20.752Z"}
{"level":"info","message":"⌛ Building environment","timeElapsed":103,"timestamp":"2025-12-12T22:49:20.937Z"}
{"level":"info","message":"⌛ Validating parciales/elLegadoDeSoliamMurr/comunidades.wlk","timeElapsed":120,"timestamp":"2025-12-12T22:49:21.069Z"}
{"level":"info","message":"⌛ Validating parciales/elLegadoDeSoliamMurr/comunidades.wlk","timeElapsed":116,"timestamp":"2025-12-12T22:49:21.298Z"}
{"level":"info","message":"⌛ Validating parciales/elLegadoDeSoliamMurr/comunidades.wlk","timeElapsed":113,"timestamp":"2025-12-12T22:49:21.493Z"}
{"level":"info","message":"⌛ Building environment","timeElapsed":104,"timestamp":"2025-12-12T22:49:21.825Z"}
{"level":"info","message":"⌛ Validating parciales/elLegadoDeSoliamMurr/comunidades.wlk","timeElapsed":111,"timestamp":"2025-12-12T22:49:22.028Z"}
{"level":"info","message":"⌛ Validating parciales/elLegadoDeSoliamMurr/comunidades.wlk","timeElapsed":110,"timestamp":"2025-12-12T22:49:22.437Z"}
{"level":"info","message":"⌛ Validating parciales/elLegadoDeSoliamMurr/comunidades.wlk","timeElapsed":124,"timestamp":"2025-12-12T22:49:27.489Z"}
{"level":"info","message":"⌛ Building environment","timeElapsed":120,"timestamp":"2025-12-12T22:49:27.609Z"}
{"level":"info","message":"⌛ Validating parciales/elLegadoDeSoliamMurr/comunidades.wlk","timeElapsed":122,"timestamp":"2025-12-12T22:49:27.732Z"}
{"level":"info","message":"⌛ Building environment","timeElapsed":194,"timestamp":"2025-12-12T22:49:28.135Z"}
{"level":"info","message":"⌛ Validating parciales/elLegadoDeSoliamMurr/comunidades.wlk","timeElapsed":121,"timestamp":"2025-12-12T22:49:28.256Z"}
{"level":"info","message":"⌛ Validating parciales/elLegadoDeSoliamMurr/comunidades.wlk","timeElapsed":140,"timestamp":"2025-12-12T22:49:28.398Z"}
{"level":"info","message":"⌛ Validating parciales/elLegadoDeSoliamMurr/comunidades.wlk","timeElapsed":118,"timestamp":"2025-12-12T22:49:28.520Z"}
{"level":"info","message":"⌛ Validating parciales/elLegadoDeSoliamMurr/comunidades.wlk","timeElapsed":113,"timestamp":"2025-12-12T22:49:28.636Z"}
{"level":"info","message":"⌛ Building environment","timeElapsed":107,"timestamp":"2025-12-12T22:49:28.744Z"}
{"level":"info","message":"⌛ Validating parciales/elLegadoDeSoliamMurr/comunidades.wlk","timeElapsed":120,"timestamp":"2025-12-12T22:49:28.879Z"}
{"level":"info","message":"⌛ Building environment","timeElapsed":102,"timestamp":"2025-12-12T22:49:29.806Z"}
{"level":"error","message":"✘ Completions for node Return ([5:5, 5:13] - parciales/elLegadoDeSoliamMurr/comunidades.wlk) failed: Error: [Return]{3de786} at parciales/elLegadoDeSoliamMurr/comunidades.wlk:5 exhausted all cases without a match [Return]{3de786} at parciales/elLegadoDeSoliamMurr/comunidades.wlk:5 exhausted all cases without a match","stack":"Error: [Return]{3de786} at parciales/elLegadoDeSoliamMurr/comunidades.wlk:5 exhausted all cases without a match\n    at c:\\Users\\egoytendia\\.vscode\\extensions\\uqbar.wollok-lsp-ide-0.5.3\\out\\server\\src\\server.js:38:6142\n    at D2 (c:\\Users\\egoytendia\\.vscode\\extensions\\uqbar.wollok-lsp-ide-0.5.3\\out\\server\\src\\server.js:2384:42)\n    at Qh (c:\\Users\\egoytendia\\.vscode\\extensions\\uqbar.wollok-lsp-ide-0.5.3\\out\\server\\src\\server.js:2384:1092)\n    at k6n (c:\\Users\\egoytendia\\.vscode\\extensions\\uqbar.wollok-lsp-ide-0.5.3\\out\\server\\src\\server.js:2384:1248)\n    at c:\\Users\\egoytendia\\.vscode\\extensions\\uqbar.wollok-lsp-ide-0.5.3\\out\\server\\src\\server.js:38:6131\n    at D2 (c:\\Users\\egoytendia\\.vscode\\extensions\\uqbar.wollok-lsp-ide-0.5.3\\out\\server\\src\\server.js:2384:42)\n    at c:\\Users\\egoytendia\\.vscode\\extensions\\uqbar.wollok-lsp-ide-0.5.3\\out\\server\\src\\server.js:2384:2988\n    at c:\\Users\\egoytendia\\.vscode\\extensions\\uqbar.wollok-lsp-ide-0.5.3\\out\\server\\src\\server.js:2393:8440\n    at c:\\Users\\egoytendia\\.vscode\\extensions\\uqbar.wollok-lsp-ide-0.5.3\\out\\server\\src\\server.js:37:74872\n    at Ye (c:\\Users\\egoytendia\\.vscode\\extensions\\uqbar.wollok-lsp-ide-0.5.3\\out\\server\\src\\server.js:7:8527)","timestamp":"2025-12-12T22:49:29.848Z"}
{"level":"info","message":"⌛ Validating parciales/elLegadoDeSoliamMurr/comunidades.wlk","timeElapsed":135,"timestamp":"2025-12-12T22:49:30.077Z"}
{"level":"info","message":"⌛ Validating parciales/elLegadoDeSoliamMurr/comunidades.wlk","timeElapsed":120,"timestamp":"2025-12-12T22:49:30.197Z"}
{"level":"info","message":"⌛ Building environment","timeElapsed":101,"timestamp":"2025-12-12T22:49:30.298Z"}
{"level":"info","message":"⌛ Validating parciales/elLegadoDeSoliamMurr/comunidades.wlk","timeElapsed":127,"timestamp":"2025-12-12T22:49:30.620Z"}
{"level":"info","message":"⌛ Validating parciales/elLegadoDeSoliamMurr/comunidades.wlk","timeElapsed":125,"timestamp":"2025-12-12T22:49:30.746Z"}
{"level":"info","message":"⌛ Validating parciales/elLegadoDeSoliamMurr/comunidades.wlk","timeElapsed":113,"timestamp":"2025-12-12T22:49:30.867Z"}
{"level":"info","message":"⌛ Validating parciales/elLegadoDeSoliamMurr/comunidades.wlk","timeElapsed":117,"timestamp":"2025-12-12T22:49:31.763Z"}
{"level":"info","message":"⌛ Validating parciales/elLegadoDeSoliamMurr/comunidades.wlk","timeElapsed":167,"timestamp":"2025-12-12T22:49:32.051Z"}
{"level":"info","message":"⌛ Building environment","timeElapsed":102,"timestamp":"2025-12-12T22:49:36.671Z"}
{"level":"error","message":"✘ Completions for node Return ([5:5, 5:25] - parciales/elLegadoDeSoliamMurr/comunidades.wlk) failed: Error: [Return]{7f5117} at parciales/elLegadoDeSoliamMurr/comunidades.wlk:5 exhausted all cases without a match [Return]{7f5117} at parciales/elLegadoDeSoliamMurr/comunidades.wlk:5 exhausted all cases without a match","stack":"Error: [Return]{7f5117} at parciales/elLegadoDeSoliamMurr/comunidades.wlk:5 exhausted all cases without a match\n    at c:\\Users\\egoytendia\\.vscode\\extensions\\uqbar.wollok-lsp-ide-0.5.3\\out\\server\\src\\server.js:38:6142\n    at D2 (c:\\Users\\egoytendia\\.vscode\\extensions\\uqbar.wollok-lsp-ide-0.5.3\\out\\server\\src\\server.js:2384:42)\n    at Qh (c:\\Users\\egoytendia\\.vscode\\extensions\\uqbar.wollok-lsp-ide-0.5.3\\out\\server\\src\\server.js:2384:1092)\n    at k6n (c:\\Users\\egoytendia\\.vscode\\extensions\\uqbar.wollok-lsp-ide-0.5.3\\out\\server\\src\\server.js:2384:1248)\n    at c:\\Users\\egoytendia\\.vscode\\extensions\\uqbar.wollok-lsp-ide-0.5.3\\out\\server\\src\\server.js:38:6131\n    at D2 (c:\\Users\\egoytendia\\.vscode\\extensions\\uqbar.wollok-lsp-ide-0.5.3\\out\\server\\src\\server.js:2384:42)\n    at c:\\Users\\egoytendia\\.vscode\\extensions\\uqbar.wollok-lsp-ide-0.5.3\\out\\server\\src\\server.js:2384:2988\n    at c:\\Users\\egoytendia\\.vscode\\extensions\\uqbar.wollok-lsp-ide-0.5.3\\out\\server\\src\\server.js:2393:8440\n    at c:\\Users\\egoytendia\\.vscode\\extensions\\uqbar.wollok-lsp-ide-0.5.3\\out\\server\\src\\server.js:37:74872\n    at Ye (c:\\Users\\egoytendia\\.vscode\\extensions\\uqbar.wollok-lsp-ide-0.5.3\\out\\server\\src\\server.js:7:8527)","timestamp":"2025-12-12T22:49:36.727Z"}
{"level":"info","message":"⌛ Validating parciales/elLegadoDeSoliamMurr/comunidades.wlk","timeElapsed":110,"timestamp":"2025-12-12T22:49:36.842Z"}
{"level":"info","message":"⌛ Validating parciales/elLegadoDeSoliamMurr/comunidades.wlk","timeElapsed":111,"timestamp":"2025-12-12T22:49:38.934Z"}
{"level":"info","message":"⌛ Validating parciales/elLegadoDeSoliamMurr/comunidades.wlk","timeElapsed":138,"timestamp":"2025-12-12T22:49:42.329Z"}
{"level":"info","message":"⌛ Building environment","timeElapsed":133,"timestamp":"2025-12-12T22:49:42.540Z"}
{"level":"info","message":"⌛ Validating parciales/elLegadoDeSoliamMurr/comunidades.wlk","timeElapsed":120,"timestamp":"2025-12-12T22:49:42.661Z"}
{"level":"info","message":"⌛ Validating parciales/elLegadoDeSoliamMurr/comunidades.wlk","timeElapsed":102,"timestamp":"2025-12-12T22:49:42.764Z"}
{"level":"info","message":"⌛ Validating parciales/elLegadoDeSoliamMurr/comunidades.wlk","timeElapsed":108,"timestamp":"2025-12-12T22:49:44.606Z"}
{"level":"info","message":"⌛ Validating parciales/elLegadoDeSoliamMurr/comunidades.wlk","timeElapsed":114,"timestamp":"2025-12-12T22:49:45.065Z"}
{"level":"info","message":"⌛ Building environment","timeElapsed":102,"timestamp":"2025-12-12T22:49:45.967Z"}
{"level":"info","message":"⌛ Validating parciales/elLegadoDeSoliamMurr/comunidades.wlk","timeElapsed":169,"timestamp":"2025-12-12T22:49:46.143Z"}
{"level":"info","message":"⌛ Validating parciales/elLegadoDeSoliamMurr/comunidades.wlk","timeElapsed":113,"timestamp":"2025-12-12T22:49:47.250Z"}
{"level":"info","message":"⌛ Validating parciales/elLegadoDeSoliamMurr/comunidades.wlk","timeElapsed":112,"timestamp":"2025-12-12T22:49:47.769Z"}
{"level":"error","message":"✘ Completions for node Return (undefined - parciales/elLegadoDeSoliamMurr/comunidades.wlk) failed: Error: [Return]{21e4f2} at parciales/elLegadoDeSoliamMurr/comunidades.wlk:-- exhausted all cases without a match [Return]{21e4f2} at parciales/elLegadoDeSoliamMurr/comunidades.wlk:-- exhausted all cases without a match","stack":"Error: [Return]{21e4f2} at parciales/elLegadoDeSoliamMurr/comunidades.wlk:-- exhausted all cases without a match\n    at c:\\Users\\egoytendia\\.vscode\\extensions\\uqbar.wollok-lsp-ide-0.5.3\\out\\server\\src\\server.js:38:6142\n    at D2 (c:\\Users\\egoytendia\\.vscode\\extensions\\uqbar.wollok-lsp-ide-0.5.3\\out\\server\\src\\server.js:2384:42)\n    at Qh (c:\\Users\\egoytendia\\.vscode\\extensions\\uqbar.wollok-lsp-ide-0.5.3\\out\\server\\src\\server.js:2384:1092)\n    at k6n (c:\\Users\\egoytendia\\.vscode\\extensions\\uqbar.wollok-lsp-ide-0.5.3\\out\\server\\src\\server.js:2384:1248)\n    at c:\\Users\\egoytendia\\.vscode\\extensions\\uqbar.wollok-lsp-ide-0.5.3\\out\\server\\src\\server.js:38:6131\n    at D2 (c:\\Users\\egoytendia\\.vscode\\extensions\\uqbar.wollok-lsp-ide-0.5.3\\out\\server\\src\\server.js:2384:42)\n    at c:\\Users\\egoytendia\\.vscode\\extensions\\uqbar.wollok-lsp-ide-0.5.3\\out\\server\\src\\server.js:2384:2988\n    at c:\\Users\\egoytendia\\.vscode\\extensions\\uqbar.wollok-lsp-ide-0.5.3\\out\\server\\src\\server.js:2393:8440\n    at c:\\Users\\egoytendia\\.vscode\\extensions\\uqbar.wollok-lsp-ide-0.5.3\\out\\server\\src\\server.js:37:74872\n    at Ye (c:\\Users\\egoytendia\\.vscode\\extensions\\uqbar.wollok-lsp-ide-0.5.3\\out\\server\\src\\server.js:7:8527)","timestamp":"2025-12-12T22:49:47.933Z"}
{"level":"info","message":"⌛ Validating parciales/elLegadoDeSoliamMurr/comunidades.wlk","timeElapsed":131,"timestamp":"2025-12-12T22:49:48.155Z"}
{"level":"info","message":"⌛ Validating parciales/elLegadoDeSoliamMurr/comunidades.wlk","timeElapsed":113,"timestamp":"2025-12-12T22:49:48.268Z"}
{"level":"info","message":"⌛ Building environment","timeElapsed":215,"timestamp":"2025-12-12T22:49:48.578Z"}
{"level":"info","message":"⌛ Validating parciales/elLegadoDeSoliamMurr/comunidades.wlk","timeElapsed":153,"timestamp":"2025-12-12T22:49:48.832Z"}
{"level":"info","message":"⌛ Validating parciales/elLegadoDeSoliamMurr/comunidades.wlk","timeElapsed":116,"timestamp":"2025-12-12T22:49:48.954Z"}
{"level":"info","message":"⌛ Validating parciales/elLegadoDeSoliamMurr/comunidades.wlk","timeElapsed":111,"timestamp":"2025-12-12T22:49:49.066Z"}
{"level":"info","message":"⌛ Building environment","timeElapsed":118,"timestamp":"2025-12-12T22:49:49.766Z"}
{"level":"error","message":"✘ Completions for node Return (undefined - parciales/elLegadoDeSoliamMurr/comunidades.wlk) failed: Error: [Return]{621cae} at parciales/elLegadoDeSoliamMurr/comunidades.wlk:-- exhausted all cases without a match [Return]{621cae} at parciales/elLegadoDeSoliamMurr/comunidades.wlk:-- exhausted all cases without a match","stack":"Error: [Return]{621cae} at parciales/elLegadoDeSoliamMurr/comunidades.wlk:-- exhausted all cases without a match\n    at c:\\Users\\egoytendia\\.vscode\\extensions\\uqbar.wollok-lsp-ide-0.5.3\\out\\server\\src\\server.js:38:6142\n    at D2 (c:\\Users\\egoytendia\\.vscode\\extensions\\uqbar.wollok-lsp-ide-0.5.3\\out\\server\\src\\server.js:2384:42)\n    at Qh (c:\\Users\\egoytendia\\.vscode\\extensions\\uqbar.wollok-lsp-ide-0.5.3\\out\\server\\src\\server.js:2384:1092)\n    at k6n (c:\\Users\\egoytendia\\.vscode\\extensions\\uqbar.wollok-lsp-ide-0.5.3\\out\\server\\src\\server.js:2384:1248)\n    at c:\\Users\\egoytendia\\.vscode\\extensions\\uqbar.wollok-lsp-ide-0.5.3\\out\\server\\src\\server.js:38:6131\n    at D2 (c:\\Users\\egoytendia\\.vscode\\extensions\\uqbar.wollok-lsp-ide-0.5.3\\out\\server\\src\\server.js:2384:42)\n    at c:\\Users\\egoytendia\\.vscode\\extensions\\uqbar.wollok-lsp-ide-0.5.3\\out\\server\\src\\server.js:2384:2988\n    at c:\\Users\\egoytendia\\.vscode\\extensions\\uqbar.wollok-lsp-ide-0.5.3\\out\\server\\src\\server.js:2393:8440\n    at c:\\Users\\egoytendia\\.vscode\\extensions\\uqbar.wollok-lsp-ide-0.5.3\\out\\server\\src\\server.js:37:74872\n    at Ye (c:\\Users\\egoytendia\\.vscode\\extensions\\uqbar.wollok-lsp-ide-0.5.3\\out\\server\\src\\server.js:7:8527)","timestamp":"2025-12-12T22:49:49.799Z"}
{"level":"info","message":"⌛ Validating parciales/elLegadoDeSoliamMurr/comunidades.wlk","timeElapsed":108,"timestamp":"2025-12-12T22:49:49.911Z"}
{"level":"error","message":"✘ Completions for node Return (undefined - parciales/elLegadoDeSoliamMurr/comunidades.wlk) failed: Error: [Return]{4344d3} at parciales/elLegadoDeSoliamMurr/comunidades.wlk:-- exhausted all cases without a match [Return]{4344d3} at parciales/elLegadoDeSoliamMurr/comunidades.wlk:-- exhausted all cases without a match","stack":"Error: [Return]{4344d3} at parciales/elLegadoDeSoliamMurr/comunidades.wlk:-- exhausted all cases without a match\n    at c:\\Users\\egoytendia\\.vscode\\extensions\\uqbar.wollok-lsp-ide-0.5.3\\out\\server\\src\\server.js:38:6142\n    at D2 (c:\\Users\\egoytendia\\.vscode\\extensions\\uqbar.wollok-lsp-ide-0.5.3\\out\\server\\src\\server.js:2384:42)\n    at Qh (c:\\Users\\egoytendia\\.vscode\\extensions\\uqbar.wollok-lsp-ide-0.5.3\\out\\server\\src\\server.js:2384:1092)\n    at k6n (c:\\Users\\egoytendia\\.vscode\\extensions\\uqbar.wollok-lsp-ide-0.5.3\\out\\server\\src\\server.js:2384:1248)\n    at c:\\Users\\egoytendia\\.vscode\\extensions\\uqbar.wollok-lsp-ide-0.5.3\\out\\server\\src\\server.js:38:6131\n    at D2 (c:\\Users\\egoytendia\\.vscode\\extensions\\uqbar.wollok-lsp-ide-0.5.3\\out\\server\\src\\server.js:2384:42)\n    at c:\\Users\\egoytendia\\.vscode\\extensions\\uqbar.wollok-lsp-ide-0.5.3\\out\\server\\src\\server.js:2384:2988\n    at c:\\Users\\egoytendia\\.vscode\\extensions\\uqbar.wollok-lsp-ide-0.5.3\\out\\server\\src\\server.js:2393:8440\n    at c:\\Users\\egoytendia\\.vscode\\extensions\\uqbar.wollok-lsp-ide-0.5.3\\out\\server\\src\\server.js:37:74872\n    at Ye (c:\\Users\\egoytendia\\.vscode\\extensions\\uqbar.wollok-lsp-ide-0.5.3\\out\\server\\src\\server.js:7:8527)","timestamp":"2025-12-12T22:49:50.721Z"}
{"level":"info","message":"⌛ Validating parciales/elLegadoDeSoliamMurr/comunidades.wlk","timeElapsed":108,"timestamp":"2025-12-12T22:49:50.833Z"}
{"level":"info","message":"⌛ Validating parciales/elLegadoDeSoliamMurr/comunidades.wlk","timeElapsed":128,"timestamp":"2025-12-12T22:49:51.032Z"}
{"level":"error","message":"✘ Completions for node Return (undefined - parciales/elLegadoDeSoliamMurr/comunidades.wlk) failed: Error: [Return]{9cd094} at parciales/elLegadoDeSoliamMurr/comunidades.wlk:-- exhausted all cases without a match [Return]{9cd094} at parciales/elLegadoDeSoliamMurr/comunidades.wlk:-- exhausted all cases without a match","stack":"Error: [Return]{9cd094} at parciales/elLegadoDeSoliamMurr/comunidades.wlk:-- exhausted all cases without a match\n    at c:\\Users\\egoytendia\\.vscode\\extensions\\uqbar.wollok-lsp-ide-0.5.3\\out\\server\\src\\server.js:38:6142\n    at D2 (c:\\Users\\egoytendia\\.vscode\\extensions\\uqbar.wollok-lsp-ide-0.5.3\\out\\server\\src\\server.js:2384:42)\n    at Qh (c:\\Users\\egoytendia\\.vscode\\extensions\\uqbar.wollok-lsp-ide-0.5.3\\out\\server\\src\\server.js:2384:1092)\n    at k6n (c:\\Users\\egoytendia\\.vscode\\extensions\\uqbar.wollok-lsp-ide-0.5.3\\out\\server\\src\\server.js:2384:1248)\n    at c:\\Users\\egoytendia\\.vscode\\extensions\\uqbar.wollok-lsp-ide-0.5.3\\out\\server\\src\\server.js:38:6131\n    at D2 (c:\\Users\\egoytendia\\.vscode\\extensions\\uqbar.wollok-lsp-ide-0.5.3\\out\\server\\src\\server.js:2384:42)\n    at c:\\Users\\egoytendia\\.vscode\\extensions\\uqbar.wollok-lsp-ide-0.5.3\\out\\server\\src\\server.js:2384:2988\n    at c:\\Users\\egoytendia\\.vscode\\extensions\\uqbar.wollok-lsp-ide-0.5.3\\out\\server\\src\\server.js:2393:8440\n    at c:\\Users\\egoytendia\\.vscode\\extensions\\uqbar.wollok-lsp-ide-0.5.3\\out\\server\\src\\server.js:37:74872\n    at Ye (c:\\Users\\egoytendia\\.vscode\\extensions\\uqbar.wollok-lsp-ide-0.5.3\\out\\server\\src\\server.js:7:8527)","timestamp":"2025-12-12T22:49:51.192Z"}
{"level":"info","message":"⌛ Validating parciales/elLegadoDeSoliamMurr/comunidades.wlk","timeElapsed":131,"timestamp":"2025-12-12T22:49:51.328Z"}
{"level":"info","message":"⌛ Validating parciales/elLegadoDeSoliamMurr/comunidades.wlk","timeElapsed":116,"timestamp":"2025-12-12T22:49:51.621Z"}
{"level":"error","message":"✘ Completions for node Return (undefined - parciales/elLegadoDeSoliamMurr/comunidades.wlk) failed: Error: [Return]{6e13a8} at parciales/elLegadoDeSoliamMurr/comunidades.wlk:-- exhausted all cases without a match [Return]{6e13a8} at parciales/elLegadoDeSoliamMurr/comunidades.wlk:-- exhausted all cases without a match","stack":"Error: [Return]{6e13a8} at parciales/elLegadoDeSoliamMurr/comunidades.wlk:-- exhausted all cases without a match\n    at c:\\Users\\egoytendia\\.vscode\\extensions\\uqbar.wollok-lsp-ide-0.5.3\\out\\server\\src\\server.js:38:6142\n    at D2 (c:\\Users\\egoytendia\\.vscode\\extensions\\uqbar.wollok-lsp-ide-0.5.3\\out\\server\\src\\server.js:2384:42)\n    at Qh (c:\\Users\\egoytendia\\.vscode\\extensions\\uqbar.wollok-lsp-ide-0.5.3\\out\\server\\src\\server.js:2384:1092)\n    at k6n (c:\\Users\\egoytendia\\.vscode\\extensions\\uqbar.wollok-lsp-ide-0.5.3\\out\\server\\src\\server.js:2384:1248)\n    at c:\\Users\\egoytendia\\.vscode\\extensions\\uqbar.wollok-lsp-ide-0.5.3\\out\\server\\src\\server.js:38:6131\n    at D2 (c:\\Users\\egoytendia\\.vscode\\extensions\\uqbar.wollok-lsp-ide-0.5.3\\out\\server\\src\\server.js:2384:42)\n    at c:\\Users\\egoytendia\\.vscode\\extensions\\uqbar.wollok-lsp-ide-0.5.3\\out\\server\\src\\server.js:2384:2988\n    at c:\\Users\\egoytendia\\.vscode\\extensions\\uqbar.wollok-lsp-ide-0.5.3\\out\\server\\src\\server.js:2393:8440\n    at c:\\Users\\egoytendia\\.vscode\\extensions\\uqbar.wollok-lsp-ide-0.5.3\\out\\server\\src\\server.js:37:74872\n    at Ye (c:\\Users\\egoytendia\\.vscode\\extensions\\uqbar.wollok-lsp-ide-0.5.3\\out\\server\\src\\server.js:7:8527)","timestamp":"2025-12-12T22:49:51.658Z"}
{"level":"info","message":"⌛ Validating parciales/elLegadoDeSoliamMurr/comunidades.wlk","timeElapsed":111,"timestamp":"2025-12-12T22:49:51.774Z"}
{"level":"info","message":"⌛ Validating parciales/elLegadoDeSoliamMurr/comunidades.wlk","timeElapsed":105,"timestamp":"2025-12-12T22:49:52.142Z"}
{"level":"info","message":"⌛ Building environment","timeElapsed":135,"timestamp":"2025-12-12T22:49:52.277Z"}
{"level":"info","message":"⌛ Validating parciales/elLegadoDeSoliamMurr/comunidades.wlk","timeElapsed":112,"timestamp":"2025-12-12T22:49:52.433Z"}
{"level":"info","message":"⌛ Validating parciales/elLegadoDeSoliamMurr/comunidades.wlk","timeElapsed":124,"timestamp":"2025-12-12T22:49:52.557Z"}
{"level":"info","message":"⌛ Validating parciales/elLegadoDeSoliamMurr/comunidades.wlk","timeElapsed":142,"timestamp":"2025-12-12T22:49:52.701Z"}
{"level":"error","message":"✘ Completions for node Return (undefined - parciales/elLegadoDeSoliamMurr/comunidades.wlk) failed: Error: [Return]{8bff19} at parciales/elLegadoDeSoliamMurr/comunidades.wlk:-- exhausted all cases without a match [Return]{8bff19} at parciales/elLegadoDeSoliamMurr/comunidades.wlk:-- exhausted all cases without a match","stack":"Error: [Return]{8bff19} at parciales/elLegadoDeSoliamMurr/comunidades.wlk:-- exhausted all cases without a match\n    at c:\\Users\\egoytendia\\.vscode\\extensions\\uqbar.wollok-lsp-ide-0.5.3\\out\\server\\src\\server.js:38:6142\n    at D2 (c:\\Users\\egoytendia\\.vscode\\extensions\\uqbar.wollok-lsp-ide-0.5.3\\out\\server\\src\\server.js:2384:42)\n    at Qh (c:\\Users\\egoytendia\\.vscode\\extensions\\uqbar.wollok-lsp-ide-0.5.3\\out\\server\\src\\server.js:2384:1092)\n    at k6n (c:\\Users\\egoytendia\\.vscode\\extensions\\uqbar.wollok-lsp-ide-0.5.3\\out\\server\\src\\server.js:2384:1248)\n    at c:\\Users\\egoytendia\\.vscode\\extensions\\uqbar.wollok-lsp-ide-0.5.3\\out\\server\\src\\server.js:38:6131\n    at D2 (c:\\Users\\egoytendia\\.vscode\\extensions\\uqbar.wollok-lsp-ide-0.5.3\\out\\server\\src\\server.js:2384:42)\n    at c:\\Users\\egoytendia\\.vscode\\extensions\\uqbar.wollok-lsp-ide-0.5.3\\out\\server\\src\\server.js:2384:2988\n    at c:\\Users\\egoytendia\\.vscode\\extensions\\uqbar.wollok-lsp-ide-0.5.3\\out\\server\\src\\server.js:2393:8440\n    at c:\\Users\\egoytendia\\.vscode\\extensions\\uqbar.wollok-lsp-ide-0.5.3\\out\\server\\src\\server.js:37:74872\n    at Ye (c:\\Users\\egoytendia\\.vscode\\extensions\\uqbar.wollok-lsp-ide-0.5.3\\out\\server\\src\\server.js:7:8527)","timestamp":"2025-12-12T22:49:54.514Z"}
{"level":"info","message":"⌛ Validating parciales/elLegadoDeSoliamMurr/comunidades.wlk","timeElapsed":110,"timestamp":"2025-12-12T22:49:54.627Z"}
{"level":"info","message":"⌛ Validating parciales/elLegadoDeSoliamMurr/comunidades.wlk","timeElapsed":108,"timestamp":"2025-12-12T22:49:55.164Z"}
{"level":"info","message":"⌛ Validating parciales/elLegadoDeSoliamMurr/comunidades.wlk","timeElapsed":106,"timestamp":"2025-12-12T22:49:55.596Z"}
{"level":"info","message":"⌛ Validating parciales/elLegadoDeSoliamMurr/comunidades.wlk","timeElapsed":115,"timestamp":"2025-12-12T22:49:56.243Z"}
{"level":"info","message":"⌛ Validating parciales/elLegadoDeSoliamMurr/comunidades.wlk","timeElapsed":147,"timestamp":"2025-12-12T22:49:56.661Z"}
{"level":"error","message":"✘ Completions for node Return (undefined - parciales/elLegadoDeSoliamMurr/comunidades.wlk) failed: Error: [Return]{2bd446} at parciales/elLegadoDeSoliamMurr/comunidades.wlk:-- exhausted all cases without a match [Return]{2bd446} at parciales/elLegadoDeSoliamMurr/comunidades.wlk:-- exhausted all cases without a match","stack":"Error: [Return]{2bd446} at parciales/elLegadoDeSoliamMurr/comunidades.wlk:-- exhausted all cases without a match\n    at c:\\Users\\egoytendia\\.vscode\\extensions\\uqbar.wollok-lsp-ide-0.5.3\\out\\server\\src\\server.js:38:6142\n    at D2 (c:\\Users\\egoytendia\\.vscode\\extensions\\uqbar.wollok-lsp-ide-0.5.3\\out\\server\\src\\server.js:2384:42)\n    at Qh (c:\\Users\\egoytendia\\.vscode\\extensions\\uqbar.wollok-lsp-ide-0.5.3\\out\\server\\src\\server.js:2384:1092)\n    at k6n (c:\\Users\\egoytendia\\.vscode\\extensions\\uqbar.wollok-lsp-ide-0.5.3\\out\\server\\src\\server.js:2384:1248)\n    at c:\\Users\\egoytendia\\.vscode\\extensions\\uqbar.wollok-lsp-ide-0.5.3\\out\\server\\src\\server.js:38:6131\n    at D2 (c:\\Users\\egoytendia\\.vscode\\extensions\\uqbar.wollok-lsp-ide-0.5.3\\out\\server\\src\\server.js:2384:42)\n    at c:\\Users\\egoytendia\\.vscode\\extensions\\uqbar.wollok-lsp-ide-0.5.3\\out\\server\\src\\server.js:2384:2988\n    at c:\\Users\\egoytendia\\.vscode\\extensions\\uqbar.wollok-lsp-ide-0.5.3\\out\\server\\src\\server.js:2393:8440\n    at c:\\Users\\egoytendia\\.vscode\\extensions\\uqbar.wollok-lsp-ide-0.5.3\\out\\server\\src\\server.js:37:74872\n    at Ye (c:\\Users\\egoytendia\\.vscode\\extensions\\uqbar.wollok-lsp-ide-0.5.3\\out\\server\\src\\server.js:7:8527)","timestamp":"2025-12-12T22:49:56.768Z"}
{"level":"info","message":"⌛ Validating parciales/elLegadoDeSoliamMurr/comunidades.wlk","timeElapsed":128,"timestamp":"2025-12-12T22:49:57.003Z"}
{"level":"info","message":"⌛ Building environment","timeElapsed":115,"timestamp":"2025-12-12T22:49:57.224Z"}
{"level":"info","message":"⌛ Validating parciales/elLegadoDeSoliamMurr/comunidades.wlk","timeElapsed":117,"timestamp":"2025-12-12T22:49:57.355Z"}
{"level":"info","message":"⌛ Validating parciales/elLegadoDeSoliamMurr/comunidades.wlk","timeElapsed":123,"timestamp":"2025-12-12T22:49:57.569Z"}
{"level":"info","message":"⌛ Validating parciales/elLegadoDeSoliamMurr/comunidades.wlk","timeElapsed":124,"timestamp":"2025-12-12T22:49:57.766Z"}
{"level":"info","message":"⌛ Validating parciales/elLegadoDeSoliamMurr/comunidades.wlk","timeElapsed":116,"timestamp":"2025-12-12T22:49:57.886Z"}
{"level":"info","message":"⌛ Building environment","timeElapsed":279,"timestamp":"2025-12-12T22:49:58.167Z"}
{"level":"info","message":"⌛ Validating parciales/elLegadoDeSoliamMurr/comunidades.wlk","timeElapsed":122,"timestamp":"2025-12-12T22:49:58.289Z"}
{"level":"info","message":"⌛ Validating parciales/elLegadoDeSoliamMurr/comunidades.wlk","timeElapsed":157,"timestamp":"2025-12-12T22:49:58.562Z"}
{"level":"info","message":"⌛ Validating parciales/elLegadoDeSoliamMurr/comunidades.wlk","timeElapsed":120,"timestamp":"2025-12-12T22:49:58.712Z"}
{"level":"info","message":"⌛ Building environment","timeElapsed":125,"timestamp":"2025-12-12T22:49:58.879Z"}
{"level":"info","message":"⌛ Building environment","timeElapsed":103,"timestamp":"2025-12-12T22:49:58.993Z"}
{"level":"info","message":"⌛ Validating parciales/elLegadoDeSoliamMurr/comunidades.wlk","timeElapsed":123,"timestamp":"2025-12-12T22:49:59.126Z"}
{"level":"info","message":"⌛ Validating parciales/elLegadoDeSoliamMurr/comunidades.wlk","timeElapsed":114,"timestamp":"2025-12-12T22:49:59.323Z"}
{"level":"info","message":"⌛ Validating parciales/elLegadoDeSoliamMurr/comunidades.wlk","timeElapsed":109,"timestamp":"2025-12-12T22:49:59.438Z"}
{"level":"info","message":"⌛ Building environment","timeElapsed":115,"timestamp":"2025-12-12T22:49:59.705Z"}
{"level":"info","message":"⌛ Validating parciales/elLegadoDeSoliamMurr/comunidades.wlk","timeElapsed":124,"timestamp":"2025-12-12T22:49:59.830Z"}
{"level":"info","message":"⌛ Validating parciales/elLegadoDeSoliamMurr/comunidades.wlk","timeElapsed":120,"timestamp":"2025-12-12T22:50:23.362Z"}
{"level":"info","message":"⌛ Validating parciales/elLegadoDeSoliamMurr/comunidades.wlk","timeElapsed":113,"timestamp":"2025-12-12T22:50:23.550Z"}
{"level":"info","message":"⌛ Building environment","timeElapsed":129,"timestamp":"2025-12-12T22:57:15.206Z"}
{"level":"info","message":"⌛ Validating parciales/elLegadoDeSoliamMurr/comunidades.wlk","timeElapsed":121,"timestamp":"2025-12-12T22:57:15.528Z"}
{"level":"info","message":"⌛ Validating parciales/elLegadoDeSoliamMurr/comunidades.wlk","timeElapsed":131,"timestamp":"2025-12-12T22:57:15.756Z"}
{"level":"info","message":"⌛ Validating parciales/elLegadoDeSoliamMurr/comunidades.wlk","timeElapsed":117,"timestamp":"2025-12-12T22:57:15.880Z"}
{"level":"info","message":"⌛ Validating parciales/elLegadoDeSoliamMurr/comunidades.wlk","timeElapsed":141,"timestamp":"2025-12-12T22:57:16.117Z"}
{"level":"error","message":"✘ Failed to rebuild document Failed to parse parciales/elLegadoDeSoliamMurr/comunidades.wlk: \n-- PARSING FAILED --------------------------------------------------\n\n   6 |   }\n   7 | \n>  8 |   method () {\n     |          ^\n   9 |     \n  10 |   }\n\nExpected one of the following: \n\n'!=', '!==', '%', '&&', '*', '**', '+', '-', '->', '..', '..<', '/', '<', '<<', '<<<', '<=', '<=>', '<>', '==', '===', '>', '>..', '>=', '>>', '>>>', '?:', 'and', 'invert', 'negate', 'or', 'plus', '||', identifier, whitespace\n","stack":"Error: Failed to parse parciales/elLegadoDeSoliamMurr/comunidades.wlk: \n-- PARSING FAILED --------------------------------------------------\n\n   6 |   }\n   7 | \n>  8 |   method () {\n     |          ^\n   9 |     \n  10 |   }\n\nExpected one of the following: \n\n'!=', '!==', '%', '&&', '*', '**', '+', '-', '->', '..', '..<', '/', '<', '<<', '<<<', '<=', '<=>', '<>', '==', '===', '>', '>..', '>=', '>>', '>>>', '?:', 'and', 'invert', 'negate', 'or', 'plus', '||', identifier, whitespace\n\n    at c:\\Users\\egoytendia\\.vscode\\extensions\\uqbar.wollok-lsp-ide-0.5.3\\out\\server\\src\\server.js:2348:13026\n    at Array.map (<anonymous>)\n    at W1n (c:\\Users\\egoytendia\\.vscode\\extensions\\uqbar.wollok-lsp-ide-0.5.3\\out\\server\\src\\server.js:2348:12950)\n    at U2.buildEnvironmentFrom (c:\\Users\\egoytendia\\.vscode\\extensions\\uqbar.wollok-lsp-ide-0.5.3\\out\\server\\src\\server.js:2393:5254)\n    at U2.updateEnvironmentWith (c:\\Users\\egoytendia\\.vscode\\extensions\\uqbar.wollok-lsp-ide-0.5.3\\out\\server\\src\\server.js:2393:4989)\n    at JF (c:\\Users\\egoytendia\\.vscode\\extensions\\uqbar.wollok-lsp-ide-0.5.3\\out\\server\\src\\server.js:2393:7383)\n    at F3.invoke (c:\\Users\\egoytendia\\.vscode\\extensions\\uqbar.wollok-lsp-ide-0.5.3\\out\\server\\src\\server.js:3:157334)\n    at o.fire (c:\\Users\\egoytendia\\.vscode\\extensions\\uqbar.wollok-lsp-ide-0.5.3\\out\\server\\src\\server.js:3:158104)\n    at c:\\Users\\egoytendia\\.vscode\\extensions\\uqbar.wollok-lsp-ide-0.5.3\\out\\server\\src\\server.js:37:57871\n    at Zr (c:\\Users\\egoytendia\\.vscode\\extensions\\uqbar.wollok-lsp-ide-0.5.3\\out\\server\\src\\server.js:8:1561)","timestamp":"2025-12-12T22:57:18.583Z"}
{"level":"info","message":"⌛ Validating parciales/elLegadoDeSoliamMurr/comunidades.wlk","timeElapsed":117,"timestamp":"2025-12-12T22:57:34.167Z"}
{"level":"info","message":"⌛ Building environment","timeElapsed":125,"timestamp":"2025-12-12T22:58:21.103Z"}
{"level":"info","message":"⌛ Building environment","timeElapsed":107,"timestamp":"2025-12-12T22:58:21.287Z"}
{"level":"info","message":"⌛ Validating parciales/elLegadoDeSoliamMurr/comunidades.wlk","timeElapsed":131,"timestamp":"2025-12-12T22:58:21.419Z"}
{"level":"info","message":"⌛ Validating parciales/elLegadoDeSoliamMurr/comunidades.wlk","timeElapsed":149,"timestamp":"2025-12-12T22:58:21.664Z"}
{"level":"info","message":"⌛ Validating parciales/elLegadoDeSoliamMurr/comunidades.wlk","timeElapsed":118,"timestamp":"2025-12-12T22:58:21.978Z"}
{"level":"info","message":"⌛ Building environment","timeElapsed":123,"timestamp":"2025-12-12T22:58:22.192Z"}
{"level":"info","message":"⌛ Validating parciales/elLegadoDeSoliamMurr/comunidades.wlk","timeElapsed":141,"timestamp":"2025-12-12T22:58:22.335Z"}
{"level":"info","message":"⌛ Validating parciales/elLegadoDeSoliamMurr/comunidades.wlk","timeElapsed":116,"timestamp":"2025-12-12T22:58:22.536Z"}
{"level":"info","message":"⌛ Building environment","timeElapsed":101,"timestamp":"2025-12-12T22:58:22.637Z"}
{"level":"info","message":"⌛ Validating parciales/elLegadoDeSoliamMurr/comunidades.wlk","timeElapsed":117,"timestamp":"2025-12-12T22:58:22.755Z"}
{"level":"info","message":"⌛ Validating parciales/elLegadoDeSoliamMurr/comunidades.wlk","timeElapsed":120,"timestamp":"2025-12-12T22:58:22.882Z"}
{"level":"info","message":"⌛ Validating parciales/elLegadoDeSoliamMurr/comunidades.wlk","timeElapsed":110,"timestamp":"2025-12-12T22:58:23.110Z"}
{"level":"info","message":"⌛ Validating parciales/elLegadoDeSoliamMurr/comunidades.wlk","timeElapsed":128,"timestamp":"2025-12-12T22:58:23.238Z"}
{"level":"info","message":"⌛ Building environment","timeElapsed":120,"timestamp":"2025-12-12T22:58:23.359Z"}
{"level":"info","message":"⌛ Building environment","timeElapsed":160,"timestamp":"2025-12-12T22:58:23.568Z"}
{"level":"info","message":"⌛ Validating parciales/elLegadoDeSoliamMurr/comunidades.wlk","timeElapsed":151,"timestamp":"2025-12-12T22:58:23.778Z"}
{"level":"info","message":"⌛ Validating parciales/elLegadoDeSoliamMurr/comunidades.wlk","timeElapsed":120,"timestamp":"2025-12-12T22:58:23.997Z"}
{"level":"info","message":"⌛ Validating parciales/elLegadoDeSoliamMurr/comunidades.wlk","timeElapsed":119,"timestamp":"2025-12-12T22:58:24.301Z"}
{"level":"info","message":"⌛ Validating parciales/elLegadoDeSoliamMurr/comunidades.wlk","timeElapsed":115,"timestamp":"2025-12-12T22:58:24.497Z"}
{"level":"info","message":"⌛ Validating parciales/elLegadoDeSoliamMurr/comunidades.wlk","timeElapsed":105,"timestamp":"2025-12-12T22:58:24.608Z"}
{"level":"info","message":"⌛ Validating parciales/elLegadoDeSoliamMurr/comunidades.wlk","timeElapsed":138,"timestamp":"2025-12-12T22:58:24.747Z"}
{"level":"info","message":"⌛ Validating parciales/elLegadoDeSoliamMurr/comunidades.wlk","timeElapsed":107,"timestamp":"2025-12-12T22:58:24.855Z"}
{"level":"info","message":"⌛ Validating parciales/elLegadoDeSoliamMurr/comunidades.wlk","timeElapsed":123,"timestamp":"2025-12-12T22:58:25.121Z"}
{"level":"info","message":"⌛ Building environment","timeElapsed":126,"timestamp":"2025-12-12T22:58:25.247Z"}
{"level":"info","message":"⌛ Validating parciales/elLegadoDeSoliamMurr/comunidades.wlk","timeElapsed":123,"timestamp":"2025-12-12T22:58:25.487Z"}
{"level":"info","message":"⌛ Building environment","timeElapsed":117,"timestamp":"2025-12-12T22:58:25.701Z"}
{"level":"info","message":"⌛ Validating parciales/elLegadoDeSoliamMurr/comunidades.wlk","timeElapsed":157,"timestamp":"2025-12-12T22:58:25.898Z"}
{"level":"info","message":"⌛ Validating parciales/elLegadoDeSoliamMurr/comunidades.wlk","timeElapsed":123,"timestamp":"2025-12-12T22:58:26.152Z"}
{"level":"info","message":"⌛ Validating parciales/elLegadoDeSoliamMurr/comunidades.wlk","timeElapsed":119,"timestamp":"2025-12-12T22:58:26.482Z"}
{"level":"info","message":"⌛ Validating parciales/elLegadoDeSoliamMurr/comunidades.wlk","timeElapsed":115,"timestamp":"2025-12-12T22:58:26.597Z"}
{"level":"info","message":"⌛ Building environment","timeElapsed":115,"timestamp":"2025-12-12T22:58:26.828Z"}
{"level":"info","message":"⌛ Validating parciales/elLegadoDeSoliamMurr/comunidades.wlk","timeElapsed":135,"timestamp":"2025-12-12T22:58:27.062Z"}
{"level":"info","message":"⌛ Validating parciales/elLegadoDeSoliamMurr/comunidades.wlk","timeElapsed":104,"timestamp":"2025-12-12T22:58:27.287Z"}
{"level":"info","message":"⌛ Validating parciales/elLegadoDeSoliamMurr/comunidades.wlk","timeElapsed":111,"timestamp":"2025-12-12T22:58:28.638Z"}
{"level":"info","message":"⌛ Validating parciales/elLegadoDeSoliamMurr/comunidades.wlk","timeElapsed":108,"timestamp":"2025-12-12T22:58:28.746Z"}
{"level":"info","message":"⌛ Validating parciales/elLegadoDeSoliamMurr/comunidades.wlk","timeElapsed":126,"timestamp":"2025-12-12T22:58:29.329Z"}
{"level":"info","message":"⌛ Building environment","timeElapsed":139,"timestamp":"2025-12-12T22:58:29.468Z"}
{"level":"info","message":"⌛ Validating parciales/elLegadoDeSoliamMurr/comunidades.wlk","timeElapsed":122,"timestamp":"2025-12-12T22:58:29.638Z"}
{"level":"info","message":"⌛ Building environment","timeElapsed":104,"timestamp":"2025-12-12T22:58:30.825Z"}
{"level":"info","message":"⌛ Building environment","timeElapsed":106,"timestamp":"2025-12-12T22:58:30.931Z"}
{"level":"info","message":"⌛ Validating parciales/elLegadoDeSoliamMurr/comunidades.wlk","timeElapsed":173,"timestamp":"2025-12-12T22:58:31.104Z"}
{"level":"info","message":"⌛ Validating parciales/elLegadoDeSoliamMurr/comunidades.wlk","timeElapsed":119,"timestamp":"2025-12-12T22:58:31.254Z"}
{"level":"info","message":"⌛ Building environment","timeElapsed":106,"timestamp":"2025-12-12T22:58:31.360Z"}
{"level":"info","message":"⌛ Validating parciales/elLegadoDeSoliamMurr/comunidades.wlk","timeElapsed":119,"timestamp":"2025-12-12T22:58:31.490Z"}
{"level":"info","message":"⌛ Validating parciales/elLegadoDeSoliamMurr/comunidades.wlk","timeElapsed":114,"timestamp":"2025-12-12T22:58:31.999Z"}
{"level":"info","message":"⌛ Building environment","timeElapsed":105,"timestamp":"2025-12-12T22:58:33.954Z"}
{"level":"info","message":"⌛ Validating parciales/elLegadoDeSoliamMurr/comunidades.wlk","timeElapsed":121,"timestamp":"2025-12-12T22:58:34.076Z"}
{"level":"info","message":"⌛ Building environment","timeElapsed":117,"timestamp":"2025-12-12T22:58:35.660Z"}
{"level":"error","message":"✘ Completions for node Return (undefined - parciales/elLegadoDeSoliamMurr/comunidades.wlk) failed: Error: [Return]{d61647} at parciales/elLegadoDeSoliamMurr/comunidades.wlk:-- exhausted all cases without a match [Return]{d61647} at parciales/elLegadoDeSoliamMurr/comunidades.wlk:-- exhausted all cases without a match","stack":"Error: [Return]{d61647} at parciales/elLegadoDeSoliamMurr/comunidades.wlk:-- exhausted all cases without a match\n    at c:\\Users\\egoytendia\\.vscode\\extensions\\uqbar.wollok-lsp-ide-0.5.3\\out\\server\\src\\server.js:38:6142\n    at D2 (c:\\Users\\egoytendia\\.vscode\\extensions\\uqbar.wollok-lsp-ide-0.5.3\\out\\server\\src\\server.js:2384:42)\n    at Qh (c:\\Users\\egoytendia\\.vscode\\extensions\\uqbar.wollok-lsp-ide-0.5.3\\out\\server\\src\\server.js:2384:1092)\n    at k6n (c:\\Users\\egoytendia\\.vscode\\extensions\\uqbar.wollok-lsp-ide-0.5.3\\out\\server\\src\\server.js:2384:1248)\n    at c:\\Users\\egoytendia\\.vscode\\extensions\\uqbar.wollok-lsp-ide-0.5.3\\out\\server\\src\\server.js:38:6131\n    at D2 (c:\\Users\\egoytendia\\.vscode\\extensions\\uqbar.wollok-lsp-ide-0.5.3\\out\\server\\src\\server.js:2384:42)\n    at c:\\Users\\egoytendia\\.vscode\\extensions\\uqbar.wollok-lsp-ide-0.5.3\\out\\server\\src\\server.js:2384:2988\n    at c:\\Users\\egoytendia\\.vscode\\extensions\\uqbar.wollok-lsp-ide-0.5.3\\out\\server\\src\\server.js:2393:8440\n    at c:\\Users\\egoytendia\\.vscode\\extensions\\uqbar.wollok-lsp-ide-0.5.3\\out\\server\\src\\server.js:37:74872\n    at Ye (c:\\Users\\egoytendia\\.vscode\\extensions\\uqbar.wollok-lsp-ide-0.5.3\\out\\server\\src\\server.js:7:8527)","timestamp":"2025-12-12T22:58:35.696Z"}
{"level":"info","message":"⌛ Validating parciales/elLegadoDeSoliamMurr/comunidades.wlk","timeElapsed":124,"timestamp":"2025-12-12T22:58:35.909Z"}
{"level":"info","message":"⌛ Validating parciales/elLegadoDeSoliamMurr/comunidades.wlk","timeElapsed":122,"timestamp":"2025-12-12T22:58:36.031Z"}
{"level":"info","message":"⌛ Building environment","timeElapsed":106,"timestamp":"2025-12-12T22:58:36.138Z"}
{"level":"info","message":"⌛ Building environment","timeElapsed":173,"timestamp":"2025-12-12T22:58:36.312Z"}
{"level":"info","message":"⌛ Building environment","timeElapsed":155,"timestamp":"2025-12-12T22:58:36.468Z"}
{"level":"info","message":"⌛ Validating parciales/elLegadoDeSoliamMurr/comunidades.wlk","timeElapsed":129,"timestamp":"2025-12-12T22:58:36.597Z"}
{"level":"error","message":"✘ Completions for node Return (undefined - parciales/elLegadoDeSoliamMurr/comunidades.wlk) failed: Error: [Return]{2bd64d} at parciales/elLegadoDeSoliamMurr/comunidades.wlk:-- exhausted all cases without a match [Return]{2bd64d} at parciales/elLegadoDeSoliamMurr/comunidades.wlk:-- exhausted all cases without a match","stack":"Error: [Return]{2bd64d} at parciales/elLegadoDeSoliamMurr/comunidades.wlk:-- exhausted all cases without a match\n    at c:\\Users\\egoytendia\\.vscode\\extensions\\uqbar.wollok-lsp-ide-0.5.3\\out\\server\\src\\server.js:38:6142\n    at D2 (c:\\Users\\egoytendia\\.vscode\\extensions\\uqbar.wollok-lsp-ide-0.5.3\\out\\server\\src\\server.js:2384:42)\n    at Qh (c:\\Users\\egoytendia\\.vscode\\extensions\\uqbar.wollok-lsp-ide-0.5.3\\out\\server\\src\\server.js:2384:1092)\n    at k6n (c:\\Users\\egoytendia\\.vscode\\extensions\\uqbar.wollok-lsp-ide-0.5.3\\out\\server\\src\\server.js:2384:1248)\n    at c:\\Users\\egoytendia\\.vscode\\extensions\\uqbar.wollok-lsp-ide-0.5.3\\out\\server\\src\\server.js:38:6131\n    at D2 (c:\\Users\\egoytendia\\.vscode\\extensions\\uqbar.wollok-lsp-ide-0.5.3\\out\\server\\src\\server.js:2384:42)\n    at c:\\Users\\egoytendia\\.vscode\\extensions\\uqbar.wollok-lsp-ide-0.5.3\\out\\server\\src\\server.js:2384:2988\n    at c:\\Users\\egoytendia\\.vscode\\extensions\\uqbar.wollok-lsp-ide-0.5.3\\out\\server\\src\\server.js:2393:8440\n    at c:\\Users\\egoytendia\\.vscode\\extensions\\uqbar.wollok-lsp-ide-0.5.3\\out\\server\\src\\server.js:37:74872\n    at Ye (c:\\Users\\egoytendia\\.vscode\\extensions\\uqbar.wollok-lsp-ide-0.5.3\\out\\server\\src\\server.js:7:8527)","timestamp":"2025-12-12T22:58:36.728Z"}
{"level":"info","message":"⌛ Validating parciales/elLegadoDeSoliamMurr/comunidades.wlk","timeElapsed":126,"timestamp":"2025-12-12T22:58:36.857Z"}
{"level":"info","message":"⌛ Validating parciales/elLegadoDeSoliamMurr/comunidades.wlk","timeElapsed":112,"timestamp":"2025-12-12T22:58:36.971Z"}
{"level":"info","message":"⌛ Validating parciales/elLegadoDeSoliamMurr/comunidades.wlk","timeElapsed":123,"timestamp":"2025-12-12T22:58:37.096Z"}
{"level":"error","message":"✘ Completions for node Return (undefined - parciales/elLegadoDeSoliamMurr/comunidades.wlk) failed: Error: [Return]{c67731} at parciales/elLegadoDeSoliamMurr/comunidades.wlk:-- exhausted all cases without a match [Return]{c67731} at parciales/elLegadoDeSoliamMurr/comunidades.wlk:-- exhausted all cases without a match","stack":"Error: [Return]{c67731} at parciales/elLegadoDeSoliamMurr/comunidades.wlk:-- exhausted all cases without a match\n    at c:\\Users\\egoytendia\\.vscode\\extensions\\uqbar.wollok-lsp-ide-0.5.3\\out\\server\\src\\server.js:38:6142\n    at D2 (c:\\Users\\egoytendia\\.vscode\\extensions\\uqbar.wollok-lsp-ide-0.5.3\\out\\server\\src\\server.js:2384:42)\n    at Qh (c:\\Users\\egoytendia\\.vscode\\extensions\\uqbar.wollok-lsp-ide-0.5.3\\out\\server\\src\\server.js:2384:1092)\n    at k6n (c:\\Users\\egoytendia\\.vscode\\extensions\\uqbar.wollok-lsp-ide-0.5.3\\out\\server\\src\\server.js:2384:1248)\n    at c:\\Users\\egoytendia\\.vscode\\extensions\\uqbar.wollok-lsp-ide-0.5.3\\out\\server\\src\\server.js:38:6131\n    at D2 (c:\\Users\\egoytendia\\.vscode\\extensions\\uqbar.wollok-lsp-ide-0.5.3\\out\\server\\src\\server.js:2384:42)\n    at c:\\Users\\egoytendia\\.vscode\\extensions\\uqbar.wollok-lsp-ide-0.5.3\\out\\server\\src\\server.js:2384:2988\n    at c:\\Users\\egoytendia\\.vscode\\extensions\\uqbar.wollok-lsp-ide-0.5.3\\out\\server\\src\\server.js:2393:8440\n    at c:\\Users\\egoytendia\\.vscode\\extensions\\uqbar.wollok-lsp-ide-0.5.3\\out\\server\\src\\server.js:37:74872\n    at Ye (c:\\Users\\egoytendia\\.vscode\\extensions\\uqbar.wollok-lsp-ide-0.5.3\\out\\server\\src\\server.js:7:8527)","timestamp":"2025-12-12T22:58:37.930Z"}
{"level":"info","message":"⌛ Validating parciales/elLegadoDeSoliamMurr/comunidades.wlk","timeElapsed":111,"timestamp":"2025-12-12T22:58:38.049Z"}
{"level":"error","message":"✘ Completions for node Return (undefined - parciales/elLegadoDeSoliamMurr/comunidades.wlk) failed: Error: [Return]{4034df} at parciales/elLegadoDeSoliamMurr/comunidades.wlk:-- exhausted all cases without a match [Return]{4034df} at parciales/elLegadoDeSoliamMurr/comunidades.wlk:-- exhausted all cases without a match","stack":"Error: [Return]{4034df} at parciales/elLegadoDeSoliamMurr/comunidades.wlk:-- exhausted all cases without a match\n    at c:\\Users\\egoytendia\\.vscode\\extensions\\uqbar.wollok-lsp-ide-0.5.3\\out\\server\\src\\server.js:38:6142\n    at D2 (c:\\Users\\egoytendia\\.vscode\\extensions\\uqbar.wollok-lsp-ide-0.5.3\\out\\server\\src\\server.js:2384:42)\n    at Qh (c:\\Users\\egoytendia\\.vscode\\extensions\\uqbar.wollok-lsp-ide-0.5.3\\out\\server\\src\\server.js:2384:1092)\n    at k6n (c:\\Users\\egoytendia\\.vscode\\extensions\\uqbar.wollok-lsp-ide-0.5.3\\out\\server\\src\\server.js:2384:1248)\n    at c:\\Users\\egoytendia\\.vscode\\extensions\\uqbar.wollok-lsp-ide-0.5.3\\out\\server\\src\\server.js:38:6131\n    at D2 (c:\\Users\\egoytendia\\.vscode\\extensions\\uqbar.wollok-lsp-ide-0.5.3\\out\\server\\src\\server.js:2384:42)\n    at c:\\Users\\egoytendia\\.vscode\\extensions\\uqbar.wollok-lsp-ide-0.5.3\\out\\server\\src\\server.js:2384:2988\n    at c:\\Users\\egoytendia\\.vscode\\extensions\\uqbar.wollok-lsp-ide-0.5.3\\out\\server\\src\\server.js:2393:8440\n    at c:\\Users\\egoytendia\\.vscode\\extensions\\uqbar.wollok-lsp-ide-0.5.3\\out\\server\\src\\server.js:37:74872\n    at Ye (c:\\Users\\egoytendia\\.vscode\\extensions\\uqbar.wollok-lsp-ide-0.5.3\\out\\server\\src\\server.js:7:8527)","timestamp":"2025-12-12T22:58:38.266Z"}
{"level":"info","message":"⌛ Validating parciales/elLegadoDeSoliamMurr/comunidades.wlk","timeElapsed":113,"timestamp":"2025-12-12T22:58:38.475Z"}
{"level":"info","message":"⌛ Validating parciales/elLegadoDeSoliamMurr/comunidades.wlk","timeElapsed":111,"timestamp":"2025-12-12T22:58:38.674Z"}
{"level":"info","message":"⌛ Building environment","timeElapsed":122,"timestamp":"2025-12-12T22:58:38.796Z"}
{"level":"info","message":"⌛ Validating parciales/elLegadoDeSoliamMurr/comunidades.wlk","timeElapsed":120,"timestamp":"2025-12-12T22:58:38.916Z"}
{"level":"info","message":"⌛ Validating parciales/elLegadoDeSoliamMurr/comunidades.wlk","timeElapsed":102,"timestamp":"2025-12-12T22:58:39.024Z"}
{"level":"info","message":"⌛ Validating parciales/elLegadoDeSoliamMurr/comunidades.wlk","timeElapsed":101,"timestamp":"2025-12-12T22:58:39.126Z"}
{"level":"info","message":"⌛ Building environment","timeElapsed":188,"timestamp":"2025-12-12T22:58:39.314Z"}
{"level":"info","message":"⌛ Validating parciales/elLegadoDeSoliamMurr/comunidades.wlk","timeElapsed":122,"timestamp":"2025-12-12T22:58:39.539Z"}
{"level":"info","message":"⌛ Validating parciales/elLegadoDeSoliamMurr/comunidades.wlk","timeElapsed":123,"timestamp":"2025-12-12T22:58:39.851Z"}
{"level":"info","message":"⌛ Building environment","timeElapsed":119,"timestamp":"2025-12-12T22:58:39.971Z"}
{"level":"info","message":"⌛ Validating parciales/elLegadoDeSoliamMurr/comunidades.wlk","timeElapsed":149,"timestamp":"2025-12-12T22:58:40.132Z"}
{"level":"error","message":"✘ Completions for node Return (undefined - parciales/elLegadoDeSoliamMurr/comunidades.wlk) failed: Error: [Return]{076bd3} at parciales/elLegadoDeSoliamMurr/comunidades.wlk:-- exhausted all cases without a match [Return]{076bd3} at parciales/elLegadoDeSoliamMurr/comunidades.wlk:-- exhausted all cases without a match","stack":"Error: [Return]{076bd3} at parciales/elLegadoDeSoliamMurr/comunidades.wlk:-- exhausted all cases without a match\n    at c:\\Users\\egoytendia\\.vscode\\extensions\\uqbar.wollok-lsp-ide-0.5.3\\out\\server\\src\\server.js:38:6142\n    at D2 (c:\\Users\\egoytendia\\.vscode\\extensions\\uqbar.wollok-lsp-ide-0.5.3\\out\\server\\src\\server.js:2384:42)\n    at Qh (c:\\Users\\egoytendia\\.vscode\\extensions\\uqbar.wollok-lsp-ide-0.5.3\\out\\server\\src\\server.js:2384:1092)\n    at k6n (c:\\Users\\egoytendia\\.vscode\\extensions\\uqbar.wollok-lsp-ide-0.5.3\\out\\server\\src\\server.js:2384:1248)\n    at c:\\Users\\egoytendia\\.vscode\\extensions\\uqbar.wollok-lsp-ide-0.5.3\\out\\server\\src\\server.js:38:6131\n    at D2 (c:\\Users\\egoytendia\\.vscode\\extensions\\uqbar.wollok-lsp-ide-0.5.3\\out\\server\\src\\server.js:2384:42)\n    at c:\\Users\\egoytendia\\.vscode\\extensions\\uqbar.wollok-lsp-ide-0.5.3\\out\\server\\src\\server.js:2384:2988\n    at c:\\Users\\egoytendia\\.vscode\\extensions\\uqbar.wollok-lsp-ide-0.5.3\\out\\server\\src\\server.js:2393:8440\n    at c:\\Users\\egoytendia\\.vscode\\extensions\\uqbar.wollok-lsp-ide-0.5.3\\out\\server\\src\\server.js:37:74872\n    at Ye (c:\\Users\\egoytendia\\.vscode\\extensions\\uqbar.wollok-lsp-ide-0.5.3\\out\\server\\src\\server.js:7:8527)","timestamp":"2025-12-12T22:58:40.251Z"}
{"level":"info","message":"⌛ Validating parciales/elLegadoDeSoliamMurr/comunidades.wlk","timeElapsed":117,"timestamp":"2025-12-12T22:58:40.461Z"}
{"level":"info","message":"⌛ Validating parciales/elLegadoDeSoliamMurr/comunidades.wlk","timeElapsed":139,"timestamp":"2025-12-12T22:58:40.600Z"}
{"level":"info","message":"⌛ Building environment","timeElapsed":116,"timestamp":"2025-12-12T22:58:41.110Z"}
{"level":"info","message":"⌛ Validating parciales/elLegadoDeSoliamMurr/comunidades.wlk","timeElapsed":117,"timestamp":"2025-12-12T22:58:41.230Z"}
{"level":"info","message":"⌛ Building environment","timeElapsed":108,"timestamp":"2025-12-12T22:58:42.166Z"}
{"level":"info","message":"⌛ Validating parciales/elLegadoDeSoliamMurr/comunidades.wlk","timeElapsed":119,"timestamp":"2025-12-12T22:58:42.320Z"}
{"level":"info","message":"⌛ Validating parciales/elLegadoDeSoliamMurr/comunidades.wlk","timeElapsed":119,"timestamp":"2025-12-12T22:58:42.801Z"}
{"level":"info","message":"⌛ Validating parciales/elLegadoDeSoliamMurr/comunidades.wlk","timeElapsed":122,"timestamp":"2025-12-12T22:58:43.006Z"}
{"level":"info","message":"⌛ Building environment","timeElapsed":131,"timestamp":"2025-12-12T22:58:43.582Z"}
{"level":"info","message":"⌛ Validating parciales/elLegadoDeSoliamMurr/comunidades.wlk","timeElapsed":121,"timestamp":"2025-12-12T22:58:43.704Z"}
{"level":"info","message":"⌛ Building environment","timeElapsed":131,"timestamp":"2025-12-12T23:00:37.429Z"}
{"level":"info","message":"⌛ Validating parciales/elLegadoDeSoliamMurr/comunidades.wlk","timeElapsed":152,"timestamp":"2025-12-12T23:00:37.581Z"}
{"level":"info","message":"⌛ Building environment","timeElapsed":128,"timestamp":"2025-12-12T23:00:38.137Z"}
{"level":"info","message":"⌛ Validating parciales/elLegadoDeSoliamMurr/comunidades.wlk","timeElapsed":130,"timestamp":"2025-12-12T23:00:38.269Z"}
{"level":"info","message":"⌛ Validating parciales/elLegadoDeSoliamMurr/comunidades.wlk","timeElapsed":112,"timestamp":"2025-12-12T23:00:38.562Z"}
{"level":"info","message":"⌛ Building environment","timeElapsed":102,"timestamp":"2025-12-12T23:00:38.990Z"}
{"level":"info","message":"⌛ Validating parciales/elLegadoDeSoliamMurr/comunidades.wlk","timeElapsed":116,"timestamp":"2025-12-12T23:00:39.106Z"}
{"level":"info","message":"⌛ Building environment","timeElapsed":103,"timestamp":"2025-12-12T23:01:16.386Z"}
{"level":"info","message":"⌛ Validating parciales/elLegadoDeSoliamMurr/comunidades.wlk","timeElapsed":139,"timestamp":"2025-12-12T23:01:16.567Z"}
{"level":"info","message":"⌛ Building environment","timeElapsed":141,"timestamp":"2025-12-12T23:01:16.708Z"}
{"level":"info","message":"⌛ Validating parciales/elLegadoDeSoliamMurr/comunidades.wlk","timeElapsed":108,"timestamp":"2025-12-12T23:01:16.942Z"}
{"level":"info","message":"⌛ Building environment","timeElapsed":111,"timestamp":"2025-12-12T23:01:17.626Z"}
{"level":"info","message":"⌛ Validating parciales/elLegadoDeSoliamMurr/comunidades.wlk","timeElapsed":104,"timestamp":"2025-12-12T23:01:17.766Z"}
{"level":"info","message":"⌛ Validating parciales/elLegadoDeSoliamMurr/comunidades.wlk","timeElapsed":113,"timestamp":"2025-12-12T23:01:18.413Z"}
{"level":"info","message":"⌛ Validating parciales/elLegadoDeSoliamMurr/comunidades.wlk","timeElapsed":108,"timestamp":"2025-12-12T23:01:18.830Z"}
{"level":"info","message":"⌛ Validating parciales/elLegadoDeSoliamMurr/comunidades.wlk","timeElapsed":127,"timestamp":"2025-12-12T23:01:19.295Z"}
{"level":"info","message":"⌛ Validating parciales/elLegadoDeSoliamMurr/comunidades.wlk","timeElapsed":121,"timestamp":"2025-12-12T23:01:19.526Z"}
{"level":"info","message":"⌛ Validating parciales/elLegadoDeSoliamMurr/comunidades.wlk","timeElapsed":124,"timestamp":"2025-12-12T23:01:19.733Z"}
{"level":"info","message":"⌛ Building environment","timeElapsed":169,"timestamp":"2025-12-12T23:01:19.902Z"}
{"level":"info","message":"⌛ Building environment","timeElapsed":105,"timestamp":"2025-12-12T23:01:20.014Z"}
{"level":"info","message":"⌛ Validating parciales/elLegadoDeSoliamMurr/comunidades.wlk","timeElapsed":112,"timestamp":"2025-12-12T23:01:20.258Z"}
{"level":"info","message":"⌛ Validating parciales/elLegadoDeSoliamMurr/comunidades.wlk","timeElapsed":107,"timestamp":"2025-12-12T23:01:20.506Z"}
{"level":"info","message":"⌛ Validating parciales/elLegadoDeSoliamMurr/comunidades.wlk","timeElapsed":101,"timestamp":"2025-12-12T23:01:20.608Z"}
{"level":"info","message":"⌛ Building environment","timeElapsed":133,"timestamp":"2025-12-12T23:01:22.935Z"}
{"level":"error","message":"✘ Completions for node Parameter ([12:22, 12:23] - parciales/elLegadoDeSoliamMurr/comunidades.wlk) failed: Error: [Parameter]{3af2ef} at parciales/elLegadoDeSoliamMurr/comunidades.wlk:12 exhausted all cases without a match [Parameter]{3af2ef} at parciales/elLegadoDeSoliamMurr/comunidades.wlk:12 exhausted all cases without a match","stack":"Error: [Parameter]{3af2ef} at parciales/elLegadoDeSoliamMurr/comunidades.wlk:12 exhausted all cases without a match\n    at c:\\Users\\egoytendia\\.vscode\\extensions\\uqbar.wollok-lsp-ide-0.5.3\\out\\server\\src\\server.js:38:6142\n    at D2 (c:\\Users\\egoytendia\\.vscode\\extensions\\uqbar.wollok-lsp-ide-0.5.3\\out\\server\\src\\server.js:2384:42)\n    at c:\\Users\\egoytendia\\.vscode\\extensions\\uqbar.wollok-lsp-ide-0.5.3\\out\\server\\src\\server.js:2384:2988\n    at c:\\Users\\egoytendia\\.vscode\\extensions\\uqbar.wollok-lsp-ide-0.5.3\\out\\server\\src\\server.js:2393:8440\n    at c:\\Users\\egoytendia\\.vscode\\extensions\\uqbar.wollok-lsp-ide-0.5.3\\out\\server\\src\\server.js:37:74872\n    at Ye (c:\\Users\\egoytendia\\.vscode\\extensions\\uqbar.wollok-lsp-ide-0.5.3\\out\\server\\src\\server.js:7:8527)\n    at qt (c:\\Users\\egoytendia\\.vscode\\extensions\\uqbar.wollok-lsp-ide-0.5.3\\out\\server\\src\\server.js:7:6189)\n    at ot (c:\\Users\\egoytendia\\.vscode\\extensions\\uqbar.wollok-lsp-ide-0.5.3\\out\\server\\src\\server.js:7:6378)\n    at Immediate._onImmediate (c:\\Users\\egoytendia\\.vscode\\extensions\\uqbar.wollok-lsp-ide-0.5.3\\out\\server\\src\\server.js:7:6142)\n    at process.processImmediate (node:internal/timers:485:21)","timestamp":"2025-12-12T23:01:22.964Z"}
{"level":"info","message":"⌛ Building environment","timeElapsed":101,"timestamp":"2025-12-12T23:01:23.068Z"}
{"level":"info","message":"⌛ Validating parciales/elLegadoDeSoliamMurr/comunidades.wlk","timeElapsed":178,"timestamp":"2025-12-12T23:01:23.247Z"}
{"level":"error","message":"✘ Completions for node Parameter ([12:22, 12:25] - parciales/elLegadoDeSoliamMurr/comunidades.wlk) failed: Error: [Parameter]{daf44f} at parciales/elLegadoDeSoliamMurr/comunidades.wlk:12 exhausted all cases without a match [Parameter]{daf44f} at parciales/elLegadoDeSoliamMurr/comunidades.wlk:12 exhausted all cases without a match","stack":"Error: [Parameter]{daf44f} at parciales/elLegadoDeSoliamMurr/comunidades.wlk:12 exhausted all cases without a match\n    at c:\\Users\\egoytendia\\.vscode\\extensions\\uqbar.wollok-lsp-ide-0.5.3\\out\\server\\src\\server.js:38:6142\n    at D2 (c:\\Users\\egoytendia\\.vscode\\extensions\\uqbar.wollok-lsp-ide-0.5.3\\out\\server\\src\\server.js:2384:42)\n    at c:\\Users\\egoytendia\\.vscode\\extensions\\uqbar.wollok-lsp-ide-0.5.3\\out\\server\\src\\server.js:2384:2988\n    at c:\\Users\\egoytendia\\.vscode\\extensions\\uqbar.wollok-lsp-ide-0.5.3\\out\\server\\src\\server.js:2393:8440\n    at c:\\Users\\egoytendia\\.vscode\\extensions\\uqbar.wollok-lsp-ide-0.5.3\\out\\server\\src\\server.js:37:74872\n    at Ye (c:\\Users\\egoytendia\\.vscode\\extensions\\uqbar.wollok-lsp-ide-0.5.3\\out\\server\\src\\server.js:7:8527)\n    at qt (c:\\Users\\egoytendia\\.vscode\\extensions\\uqbar.wollok-lsp-ide-0.5.3\\out\\server\\src\\server.js:7:6189)\n    at ot (c:\\Users\\egoytendia\\.vscode\\extensions\\uqbar.wollok-lsp-ide-0.5.3\\out\\server\\src\\server.js:7:6378)\n    at Immediate._onImmediate (c:\\Users\\egoytendia\\.vscode\\extensions\\uqbar.wollok-lsp-ide-0.5.3\\out\\server\\src\\server.js:7:6142)\n    at process.processImmediate (node:internal/timers:485:21)","timestamp":"2025-12-12T23:01:23.367Z"}
{"level":"info","message":"⌛ Validating parciales/elLegadoDeSoliamMurr/comunidades.wlk","timeElapsed":112,"timestamp":"2025-12-12T23:01:23.491Z"}
{"level":"info","message":"⌛ Validating parciales/elLegadoDeSoliamMurr/comunidades.wlk","timeElapsed":114,"timestamp":"2025-12-12T23:01:23.693Z"}
{"level":"info","message":"⌛ Validating parciales/elLegadoDeSoliamMurr/comunidades.wlk","timeElapsed":110,"timestamp":"2025-12-12T23:01:23.808Z"}
{"level":"info","message":"⌛ Validating parciales/elLegadoDeSoliamMurr/comunidades.wlk","timeElapsed":116,"timestamp":"2025-12-12T23:01:24.008Z"}
{"level":"error","message":"✘ Completions for node Parameter ([12:22, 12:26] - parciales/elLegadoDeSoliamMurr/comunidades.wlk) failed: Error: [Parameter]{7f1580} at parciales/elLegadoDeSoliamMurr/comunidades.wlk:12 exhausted all cases without a match [Parameter]{7f1580} at parciales/elLegadoDeSoliamMurr/comunidades.wlk:12 exhausted all cases without a match","stack":"Error: [Parameter]{7f1580} at parciales/elLegadoDeSoliamMurr/comunidades.wlk:12 exhausted all cases without a match\n    at c:\\Users\\egoytendia\\.vscode\\extensions\\uqbar.wollok-lsp-ide-0.5.3\\out\\server\\src\\server.js:38:6142\n    at D2 (c:\\Users\\egoytendia\\.vscode\\extensions\\uqbar.wollok-lsp-ide-0.5.3\\out\\server\\src\\server.js:2384:42)\n    at c:\\Users\\egoytendia\\.vscode\\extensions\\uqbar.wollok-lsp-ide-0.5.3\\out\\server\\src\\server.js:2384:2988\n    at c:\\Users\\egoytendia\\.vscode\\extensions\\uqbar.wollok-lsp-ide-0.5.3\\out\\server\\src\\server.js:2393:8440\n    at c:\\Users\\egoytendia\\.vscode\\extensions\\uqbar.wollok-lsp-ide-0.5.3\\out\\server\\src\\server.js:37:74872\n    at Ye (c:\\Users\\egoytendia\\.vscode\\extensions\\uqbar.wollok-lsp-ide-0.5.3\\out\\server\\src\\server.js:7:8527)\n    at qt (c:\\Users\\egoytendia\\.vscode\\extensions\\uqbar.wollok-lsp-ide-0.5.3\\out\\server\\src\\server.js:7:6189)\n    at ot (c:\\Users\\egoytendia\\.vscode\\extensions\\uqbar.wollok-lsp-ide-0.5.3\\out\\server\\src\\server.js:7:6378)\n    at Immediate._onImmediate (c:\\Users\\egoytendia\\.vscode\\extensions\\uqbar.wollok-lsp-ide-0.5.3\\out\\server\\src\\server.js:7:6142)\n    at process.processImmediate (node:internal/timers:485:21)","timestamp":"2025-12-12T23:01:24.127Z"}
{"level":"info","message":"⌛ Validating parciales/elLegadoDeSoliamMurr/comunidades.wlk","timeElapsed":111,"timestamp":"2025-12-12T23:01:24.323Z"}
{"level":"error","message":"✘ Completions for node Parameter ([12:22, 12:28] - parciales/elLegadoDeSoliamMurr/comunidades.wlk) failed: Error: [Parameter]{244c57} at parciales/elLegadoDeSoliamMurr/comunidades.wlk:12 exhausted all cases without a match [Parameter]{244c57} at parciales/elLegadoDeSoliamMurr/comunidades.wlk:12 exhausted all cases without a match","stack":"Error: [Parameter]{244c57} at parciales/elLegadoDeSoliamMurr/comunidades.wlk:12 exhausted all cases without a match\n    at c:\\Users\\egoytendia\\.vscode\\extensions\\uqbar.wollok-lsp-ide-0.5.3\\out\\server\\src\\server.js:38:6142\n    at D2 (c:\\Users\\egoytendia\\.vscode\\extensions\\uqbar.wollok-lsp-ide-0.5.3\\out\\server\\src\\server.js:2384:42)\n    at c:\\Users\\egoytendia\\.vscode\\extensions\\uqbar.wollok-lsp-ide-0.5.3\\out\\server\\src\\server.js:2384:2988\n    at c:\\Users\\egoytendia\\.vscode\\extensions\\uqbar.wollok-lsp-ide-0.5.3\\out\\server\\src\\server.js:2393:8440\n    at c:\\Users\\egoytendia\\.vscode\\extensions\\uqbar.wollok-lsp-ide-0.5.3\\out\\server\\src\\server.js:37:74872\n    at Ye (c:\\Users\\egoytendia\\.vscode\\extensions\\uqbar.wollok-lsp-ide-0.5.3\\out\\server\\src\\server.js:7:8527)\n    at qt (c:\\Users\\egoytendia\\.vscode\\extensions\\uqbar.wollok-lsp-ide-0.5.3\\out\\server\\src\\server.js:7:6189)\n    at ot (c:\\Users\\egoytendia\\.vscode\\extensions\\uqbar.wollok-lsp-ide-0.5.3\\out\\server\\src\\server.js:7:6378)\n    at Immediate._onImmediate (c:\\Users\\egoytendia\\.vscode\\extensions\\uqbar.wollok-lsp-ide-0.5.3\\out\\server\\src\\server.js:7:6142)\n    at process.processImmediate (node:internal/timers:485:21)","timestamp":"2025-12-12T23:01:24.807Z"}
{"level":"info","message":"⌛ Validating parciales/elLegadoDeSoliamMurr/comunidades.wlk","timeElapsed":113,"timestamp":"2025-12-12T23:01:24.924Z"}
{"level":"info","message":"⌛ Building environment","timeElapsed":156,"timestamp":"2025-12-12T23:01:25.161Z"}
{"level":"error","message":"✘ Completions for node Parameter ([12:22, 12:30] - parciales/elLegadoDeSoliamMurr/comunidades.wlk) failed: Error: [Parameter]{9e1a4c} at parciales/elLegadoDeSoliamMurr/comunidades.wlk:12 exhausted all cases without a match [Parameter]{9e1a4c} at parciales/elLegadoDeSoliamMurr/comunidades.wlk:12 exhausted all cases without a match","stack":"Error: [Parameter]{9e1a4c} at parciales/elLegadoDeSoliamMurr/comunidades.wlk:12 exhausted all cases without a match\n    at c:\\Users\\egoytendia\\.vscode\\extensions\\uqbar.wollok-lsp-ide-0.5.3\\out\\server\\src\\server.js:38:6142\n    at D2 (c:\\Users\\egoytendia\\.vscode\\extensions\\uqbar.wollok-lsp-ide-0.5.3\\out\\server\\src\\server.js:2384:42)\n    at c:\\Users\\egoytendia\\.vscode\\extensions\\uqbar.wollok-lsp-ide-0.5.3\\out\\server\\src\\server.js:2384:2988\n    at c:\\Users\\egoytendia\\.vscode\\extensions\\uqbar.wollok-lsp-ide-0.5.3\\out\\server\\src\\server.js:2393:8440\n    at c:\\Users\\egoytendia\\.vscode\\extensions\\uqbar.wollok-lsp-ide-0.5.3\\out\\server\\src\\server.js:37:74872\n    at Ye (c:\\Users\\egoytendia\\.vscode\\extensions\\uqbar.wollok-lsp-ide-0.5.3\\out\\server\\src\\server.js:7:8527)\n    at qt (c:\\Users\\egoytendia\\.vscode\\extensions\\uqbar.wollok-lsp-ide-0.5.3\\out\\server\\src\\server.js:7:6189)\n    at ot (c:\\Users\\egoytendia\\.vscode\\extensions\\uqbar.wollok-lsp-ide-0.5.3\\out\\server\\src\\server.js:7:6378)\n    at Immediate._onImmediate (c:\\Users\\egoytendia\\.vscode\\extensions\\uqbar.wollok-lsp-ide-0.5.3\\out\\server\\src\\server.js:7:6142)\n    at process.processImmediate (node:internal/timers:485:21)","timestamp":"2025-12-12T23:01:25.188Z"}
{"level":"info","message":"⌛ Validating parciales/elLegadoDeSoliamMurr/comunidades.wlk","timeElapsed":121,"timestamp":"2025-12-12T23:01:25.313Z"}
{"level":"info","message":"⌛ Validating parciales/elLegadoDeSoliamMurr/comunidades.wlk","timeElapsed":111,"timestamp":"2025-12-12T23:01:25.588Z"}
{"level":"error","message":"✘ Completions for node Parameter ([12:22, 12:33] - parciales/elLegadoDeSoliamMurr/comunidades.wlk) failed: Error: [Parameter]{59bd5d} at parciales/elLegadoDeSoliamMurr/comunidades.wlk:12 exhausted all cases without a match [Parameter]{59bd5d} at parciales/elLegadoDeSoliamMurr/comunidades.wlk:12 exhausted all cases without a match","stack":"Error: [Parameter]{59bd5d} at parciales/elLegadoDeSoliamMurr/comunidades.wlk:12 exhausted all cases without a match\n    at c:\\Users\\egoytendia\\.vscode\\extensions\\uqbar.wollok-lsp-ide-0.5.3\\out\\server\\src\\server.js:38:6142\n    at D2 (c:\\Users\\egoytendia\\.vscode\\extensions\\uqbar.wollok-lsp-ide-0.5.3\\out\\server\\src\\server.js:2384:42)\n    at c:\\Users\\egoytendia\\.vscode\\extensions\\uqbar.wollok-lsp-ide-0.5.3\\out\\server\\src\\server.js:2384:2988\n    at c:\\Users\\egoytendia\\.vscode\\extensions\\uqbar.wollok-lsp-ide-0.5.3\\out\\server\\src\\server.js:2393:8440\n    at c:\\Users\\egoytendia\\.vscode\\extensions\\uqbar.wollok-lsp-ide-0.5.3\\out\\server\\src\\server.js:37:74872\n    at Ye (c:\\Users\\egoytendia\\.vscode\\extensions\\uqbar.wollok-lsp-ide-0.5.3\\out\\server\\src\\server.js:7:8527)\n    at qt (c:\\Users\\egoytendia\\.vscode\\extensions\\uqbar.wollok-lsp-ide-0.5.3\\out\\server\\src\\server.js:7:6189)\n    at ot (c:\\Users\\egoytendia\\.vscode\\extensions\\uqbar.wollok-lsp-ide-0.5.3\\out\\server\\src\\server.js:7:6378)\n    at Immediate._onImmediate (c:\\Users\\egoytendia\\.vscode\\extensions\\uqbar.wollok-lsp-ide-0.5.3\\out\\server\\src\\server.js:7:6142)\n    at process.processImmediate (node:internal/timers:485:21)","timestamp":"2025-12-12T23:01:25.701Z"}
{"level":"info","message":"⌛ Validating parciales/elLegadoDeSoliamMurr/comunidades.wlk","timeElapsed":110,"timestamp":"2025-12-12T23:01:25.815Z"}
{"level":"info","message":"⌛ Building environment","timeElapsed":105,"timestamp":"2025-12-12T23:01:46.270Z"}
{"level":"info","message":"⌛ Validating parciales/elLegadoDeSoliamMurr/comunidades.wlk","timeElapsed":163,"timestamp":"2025-12-12T23:01:46.433Z"}
{"level":"info","message":"⌛ Validating parciales/elLegadoDeSoliamMurr/comunidades.wlk","timeElapsed":140,"timestamp":"2025-12-12T23:01:46.665Z"}
{"level":"info","message":"⌛ Validating parciales/elLegadoDeSoliamMurr/comunidades.wlk","timeElapsed":116,"timestamp":"2025-12-12T23:01:46.987Z"}
{"level":"info","message":"⌛ Validating parciales/elLegadoDeSoliamMurr/comunidades.wlk","timeElapsed":108,"timestamp":"2025-12-12T23:01:47.096Z"}
{"level":"info","message":"⌛ Validating parciales/elLegadoDeSoliamMurr/comunidades.wlk","timeElapsed":109,"timestamp":"2025-12-12T23:01:47.206Z"}
{"level":"info","message":"⌛ Validating parciales/elLegadoDeSoliamMurr/comunidades.wlk","timeElapsed":110,"timestamp":"2025-12-12T23:01:49.159Z"}
{"level":"info","message":"⌛ Building environment","timeElapsed":134,"timestamp":"2025-12-12T23:03:44.987Z"}
{"level":"info","message":"⌛ Validating parciales/elLegadoDeSoliamMurr/comunidades.wlk","timeElapsed":177,"timestamp":"2025-12-12T23:03:45.248Z"}
{"level":"info","message":"⌛ Building environment","timeElapsed":105,"timestamp":"2025-12-12T23:03:45.354Z"}
{"level":"info","message":"⌛ Building environment","timeElapsed":138,"timestamp":"2025-12-12T23:03:45.494Z"}
{"level":"info","message":"⌛ Validating parciales/elLegadoDeSoliamMurr/comunidades.wlk","timeElapsed":119,"timestamp":"2025-12-12T23:03:45.614Z"}
{"level":"info","message":"⌛ Validating parciales/elLegadoDeSoliamMurr/comunidades.wlk","timeElapsed":145,"timestamp":"2025-12-12T23:03:45.849Z"}
{"level":"info","message":"⌛ Validating parciales/elLegadoDeSoliamMurr/comunidades.wlk","timeElapsed":117,"timestamp":"2025-12-12T23:03:45.970Z"}
{"level":"info","message":"⌛ Building environment","timeElapsed":123,"timestamp":"2025-12-12T23:03:46.621Z"}
{"level":"info","message":"⌛ Validating parciales/elLegadoDeSoliamMurr/comunidades.wlk","timeElapsed":120,"timestamp":"2025-12-12T23:03:46.743Z"}
{"level":"info","message":"⌛ Building environment","timeElapsed":120,"timestamp":"2025-12-12T23:04:24.530Z"}
{"level":"error","message":"✘ Completions for node Send ([9:5, 9:69] - parciales/elLegadoDeSoliamMurr/comunidades.wlk) failed: Error: [Send]{0be4e5} at parciales/elLegadoDeSoliamMurr/comunidades.wlk:9 exhausted all cases without a match [Send]{0be4e5} at parciales/elLegadoDeSoliamMurr/comunidades.wlk:9 exhausted all cases without a match","stack":"Error: [Send]{0be4e5} at parciales/elLegadoDeSoliamMurr/comunidades.wlk:9 exhausted all cases without a match\n    at c:\\Users\\egoytendia\\.vscode\\extensions\\uqbar.wollok-lsp-ide-0.5.3\\out\\server\\src\\server.js:38:6142\n    at D2 (c:\\Users\\egoytendia\\.vscode\\extensions\\uqbar.wollok-lsp-ide-0.5.3\\out\\server\\src\\server.js:2384:42)\n    at Qh (c:\\Users\\egoytendia\\.vscode\\extensions\\uqbar.wollok-lsp-ide-0.5.3\\out\\server\\src\\server.js:2384:1092)\n    at k6n (c:\\Users\\egoytendia\\.vscode\\extensions\\uqbar.wollok-lsp-ide-0.5.3\\out\\server\\src\\server.js:2384:1248)\n    at c:\\Users\\egoytendia\\.vscode\\extensions\\uqbar.wollok-lsp-ide-0.5.3\\out\\server\\src\\server.js:38:6131\n    at D2 (c:\\Users\\egoytendia\\.vscode\\extensions\\uqbar.wollok-lsp-ide-0.5.3\\out\\server\\src\\server.js:2384:42)\n    at c:\\Users\\egoytendia\\.vscode\\extensions\\uqbar.wollok-lsp-ide-0.5.3\\out\\server\\src\\server.js:2384:2988\n    at c:\\Users\\egoytendia\\.vscode\\extensions\\uqbar.wollok-lsp-ide-0.5.3\\out\\server\\src\\server.js:2393:8440\n    at c:\\Users\\egoytendia\\.vscode\\extensions\\uqbar.wollok-lsp-ide-0.5.3\\out\\server\\src\\server.js:37:74872\n    at Ye (c:\\Users\\egoytendia\\.vscode\\extensions\\uqbar.wollok-lsp-ide-0.5.3\\out\\server\\src\\server.js:7:8527)","timestamp":"2025-12-12T23:04:24.570Z"}
{"level":"info","message":"⌛ Building environment","timeElapsed":143,"timestamp":"2025-12-12T23:04:24.717Z"}
{"level":"info","message":"⌛ Validating parciales/elLegadoDeSoliamMurr/comunidades.wlk","timeElapsed":192,"timestamp":"2025-12-12T23:04:24.910Z"}
{"level":"info","message":"⌛ Building environment","timeElapsed":124,"timestamp":"2025-12-12T23:04:25.035Z"}
{"level":"info","message":"⌛ Validating parciales/elLegadoDeSoliamMurr/comunidades.wlk","timeElapsed":143,"timestamp":"2025-12-12T23:04:25.179Z"}
{"level":"info","message":"⌛ Building environment","timeElapsed":101,"timestamp":"2025-12-12T23:04:25.480Z"}
{"level":"info","message":"⌛ Validating parciales/elLegadoDeSoliamMurr/comunidades.wlk","timeElapsed":135,"timestamp":"2025-12-12T23:04:25.630Z"}
{"level":"info","message":"⌛ Building environment","timeElapsed":145,"timestamp":"2025-12-12T23:04:25.776Z"}
{"level":"info","message":"⌛ Validating parciales/elLegadoDeSoliamMurr/comunidades.wlk","timeElapsed":149,"timestamp":"2025-12-12T23:04:25.925Z"}
{"level":"info","message":"⌛ Validating parciales/elLegadoDeSoliamMurr/comunidades.wlk","timeElapsed":140,"timestamp":"2025-12-12T23:04:26.074Z"}
{"level":"info","message":"⌛ Validating parciales/elLegadoDeSoliamMurr/comunidades.wlk","timeElapsed":214,"timestamp":"2025-12-12T23:04:26.289Z"}
{"level":"info","message":"⌛ Validating parciales/elLegadoDeSoliamMurr/comunidades.wlk","timeElapsed":163,"timestamp":"2025-12-12T23:04:26.453Z"}
{"level":"info","message":"⌛ Building environment","timeElapsed":138,"timestamp":"2025-12-12T23:06:17.102Z"}
{"level":"info","message":"⌛ Validating parciales/elLegadoDeSoliamMurr/asentamientos.wlk","timeElapsed":208,"timestamp":"2025-12-12T23:06:17.311Z"}
{"level":"info","message":"⌛ Building environment","timeElapsed":125,"timestamp":"2025-12-12T23:06:17.438Z"}
{"level":"info","message":"⌛ Validating parciales/elLegadoDeSoliamMurr/asentamientos.wlk","timeElapsed":152,"timestamp":"2025-12-12T23:06:17.591Z"}
{"level":"info","message":"⌛ Building environment","timeElapsed":131,"timestamp":"2025-12-12T23:06:18.299Z"}
{"level":"info","message":"⌛ Validating parciales/elLegadoDeSoliamMurr/asentamientos.wlk","timeElapsed":130,"timestamp":"2025-12-12T23:06:18.553Z"}
{"level":"info","message":"⌛ Validating parciales/elLegadoDeSoliamMurr/asentamientos.wlk","timeElapsed":107,"timestamp":"2025-12-12T23:06:18.660Z"}
{"level":"info","message":"⌛ Building environment","timeElapsed":122,"timestamp":"2025-12-12T23:06:18.974Z"}
{"level":"info","message":"⌛ Validating parciales/elLegadoDeSoliamMurr/asentamientos.wlk","timeElapsed":129,"timestamp":"2025-12-12T23:06:19.104Z"}
{"level":"info","message":"⌛ Validating parciales/elLegadoDeSoliamMurr/asentamientos.wlk","timeElapsed":123,"timestamp":"2025-12-12T23:06:20.210Z"}
{"level":"info","message":"⌛ Building environment","timeElapsed":129,"timestamp":"2025-12-12T23:06:23.049Z"}
{"level":"error","message":"✘ Completions for node Parameter ([33:22, 33:23] - parciales/elLegadoDeSoliamMurr/asentamientos.wlk) failed: Error: [Parameter]{1e48d7} at parciales/elLegadoDeSoliamMurr/asentamientos.wlk:33 exhausted all cases without a match [Parameter]{1e48d7} at parciales/elLegadoDeSoliamMurr/asentamientos.wlk:33 exhausted all cases without a match","stack":"Error: [Parameter]{1e48d7} at parciales/elLegadoDeSoliamMurr/asentamientos.wlk:33 exhausted all cases without a match\n    at c:\\Users\\egoytendia\\.vscode\\extensions\\uqbar.wollok-lsp-ide-0.5.3\\out\\server\\src\\server.js:38:6142\n    at D2 (c:\\Users\\egoytendia\\.vscode\\extensions\\uqbar.wollok-lsp-ide-0.5.3\\out\\server\\src\\server.js:2384:42)\n    at c:\\Users\\egoytendia\\.vscode\\extensions\\uqbar.wollok-lsp-ide-0.5.3\\out\\server\\src\\server.js:2384:2988\n    at c:\\Users\\egoytendia\\.vscode\\extensions\\uqbar.wollok-lsp-ide-0.5.3\\out\\server\\src\\server.js:2393:8440\n    at c:\\Users\\egoytendia\\.vscode\\extensions\\uqbar.wollok-lsp-ide-0.5.3\\out\\server\\src\\server.js:37:74872\n    at Ye (c:\\Users\\egoytendia\\.vscode\\extensions\\uqbar.wollok-lsp-ide-0.5.3\\out\\server\\src\\server.js:7:8527)\n    at qt (c:\\Users\\egoytendia\\.vscode\\extensions\\uqbar.wollok-lsp-ide-0.5.3\\out\\server\\src\\server.js:7:6189)\n    at ot (c:\\Users\\egoytendia\\.vscode\\extensions\\uqbar.wollok-lsp-ide-0.5.3\\out\\server\\src\\server.js:7:6378)\n    at Immediate._onImmediate (c:\\Users\\egoytendia\\.vscode\\extensions\\uqbar.wollok-lsp-ide-0.5.3\\out\\server\\src\\server.js:7:6142)\n    at process.processImmediate (node:internal/timers:485:21)","timestamp":"2025-12-12T23:06:23.081Z"}
{"level":"info","message":"⌛ Building environment","timeElapsed":105,"timestamp":"2025-12-12T23:06:23.191Z"}
{"level":"info","message":"⌛ Building environment","timeElapsed":149,"timestamp":"2025-12-12T23:06:23.340Z"}
{"level":"info","message":"⌛ Validating parciales/elLegadoDeSoliamMurr/asentamientos.wlk","timeElapsed":132,"timestamp":"2025-12-12T23:06:23.472Z"}
{"level":"info","message":"⌛ Validating parciales/elLegadoDeSoliamMurr/asentamientos.wlk","timeElapsed":132,"timestamp":"2025-12-12T23:06:23.604Z"}
{"level":"info","message":"⌛ Building environment","timeElapsed":102,"timestamp":"2025-12-12T23:06:23.706Z"}
{"level":"error","message":"✘ Completions for node Parameter ([33:22, 33:26] - parciales/elLegadoDeSoliamMurr/asentamientos.wlk) failed: Error: [Parameter]{5ae471} at parciales/elLegadoDeSoliamMurr/asentamientos.wlk:33 exhausted all cases without a match [Parameter]{5ae471} at parciales/elLegadoDeSoliamMurr/asentamientos.wlk:33 exhausted all cases without a match","stack":"Error: [Parameter]{5ae471} at parciales/elLegadoDeSoliamMurr/asentamientos.wlk:33 exhausted all cases without a match\n    at c:\\Users\\egoytendia\\.vscode\\extensions\\uqbar.wollok-lsp-ide-0.5.3\\out\\server\\src\\server.js:38:6142\n    at D2 (c:\\Users\\egoytendia\\.vscode\\extensions\\uqbar.wollok-lsp-ide-0.5.3\\out\\server\\src\\server.js:2384:42)\n    at c:\\Users\\egoytendia\\.vscode\\extensions\\uqbar.wollok-lsp-ide-0.5.3\\out\\server\\src\\server.js:2384:2988\n    at c:\\Users\\egoytendia\\.vscode\\extensions\\uqbar.wollok-lsp-ide-0.5.3\\out\\server\\src\\server.js:2393:8440\n    at c:\\Users\\egoytendia\\.vscode\\extensions\\uqbar.wollok-lsp-ide-0.5.3\\out\\server\\src\\server.js:37:74872\n    at Ye (c:\\Users\\egoytendia\\.vscode\\extensions\\uqbar.wollok-lsp-ide-0.5.3\\out\\server\\src\\server.js:7:8527)\n    at qt (c:\\Users\\egoytendia\\.vscode\\extensions\\uqbar.wollok-lsp-ide-0.5.3\\out\\server\\src\\server.js:7:6189)\n    at ot (c:\\Users\\egoytendia\\.vscode\\extensions\\uqbar.wollok-lsp-ide-0.5.3\\out\\server\\src\\server.js:7:6378)\n    at Immediate._onImmediate (c:\\Users\\egoytendia\\.vscode\\extensions\\uqbar.wollok-lsp-ide-0.5.3\\out\\server\\src\\server.js:7:6142)\n    at process.processImmediate (node:internal/timers:485:21)","timestamp":"2025-12-12T23:06:23.732Z"}
{"level":"info","message":"⌛ Validating parciales/elLegadoDeSoliamMurr/asentamientos.wlk","timeElapsed":126,"timestamp":"2025-12-12T23:06:23.957Z"}
{"level":"info","message":"⌛ Validating parciales/elLegadoDeSoliamMurr/asentamientos.wlk","timeElapsed":123,"timestamp":"2025-12-12T23:06:24.086Z"}
{"level":"info","message":"⌛ Validating parciales/elLegadoDeSoliamMurr/asentamientos.wlk","timeElapsed":113,"timestamp":"2025-12-12T23:06:24.200Z"}
{"level":"info","message":"⌛ Building environment","timeElapsed":139,"timestamp":"2025-12-12T23:06:24.345Z"}
{"level":"error","message":"✘ Completions for node Parameter ([33:22, 33:28] - parciales/elLegadoDeSoliamMurr/asentamientos.wlk) failed: Error: [Parameter]{57b078} at parciales/elLegadoDeSoliamMurr/asentamientos.wlk:33 exhausted all cases without a match [Parameter]{57b078} at parciales/elLegadoDeSoliamMurr/asentamientos.wlk:33 exhausted all cases without a match","stack":"Error: [Parameter]{57b078} at parciales/elLegadoDeSoliamMurr/asentamientos.wlk:33 exhausted all cases without a match\n    at c:\\Users\\egoytendia\\.vscode\\extensions\\uqbar.wollok-lsp-ide-0.5.3\\out\\server\\src\\server.js:38:6142\n    at D2 (c:\\Users\\egoytendia\\.vscode\\extensions\\uqbar.wollok-lsp-ide-0.5.3\\out\\server\\src\\server.js:2384:42)\n    at c:\\Users\\egoytendia\\.vscode\\extensions\\uqbar.wollok-lsp-ide-0.5.3\\out\\server\\src\\server.js:2384:2988\n    at c:\\Users\\egoytendia\\.vscode\\extensions\\uqbar.wollok-lsp-ide-0.5.3\\out\\server\\src\\server.js:2393:8440\n    at c:\\Users\\egoytendia\\.vscode\\extensions\\uqbar.wollok-lsp-ide-0.5.3\\out\\server\\src\\server.js:37:74872\n    at Ye (c:\\Users\\egoytendia\\.vscode\\extensions\\uqbar.wollok-lsp-ide-0.5.3\\out\\server\\src\\server.js:7:8527)\n    at qt (c:\\Users\\egoytendia\\.vscode\\extensions\\uqbar.wollok-lsp-ide-0.5.3\\out\\server\\src\\server.js:7:6189)\n    at ot (c:\\Users\\egoytendia\\.vscode\\extensions\\uqbar.wollok-lsp-ide-0.5.3\\out\\server\\src\\server.js:7:6378)\n    at Immediate._onImmediate (c:\\Users\\egoytendia\\.vscode\\extensions\\uqbar.wollok-lsp-ide-0.5.3\\out\\server\\src\\server.js:7:6142)\n    at process.processImmediate (node:internal/timers:485:21)","timestamp":"2025-12-12T23:06:24.377Z"}
{"level":"info","message":"⌛ Building environment","timeElapsed":108,"timestamp":"2025-12-12T23:06:24.492Z"}
{"level":"info","message":"⌛ Validating parciales/elLegadoDeSoliamMurr/asentamientos.wlk","timeElapsed":131,"timestamp":"2025-12-12T23:06:24.629Z"}
{"level":"info","message":"⌛ Validating parciales/elLegadoDeSoliamMurr/asentamientos.wlk","timeElapsed":131,"timestamp":"2025-12-12T23:06:24.766Z"}
{"level":"info","message":"⌛ Building environment","timeElapsed":126,"timestamp":"2025-12-12T23:06:25.119Z"}
{"level":"error","message":"✘ Completions for node Parameter ([33:22, 33:30] - parciales/elLegadoDeSoliamMurr/asentamientos.wlk) failed: Error: [Parameter]{41bdce} at parciales/elLegadoDeSoliamMurr/asentamientos.wlk:33 exhausted all cases without a match [Parameter]{41bdce} at parciales/elLegadoDeSoliamMurr/asentamientos.wlk:33 exhausted all cases without a match","stack":"Error: [Parameter]{41bdce} at parciales/elLegadoDeSoliamMurr/asentamientos.wlk:33 exhausted all cases without a match\n    at c:\\Users\\egoytendia\\.vscode\\extensions\\uqbar.wollok-lsp-ide-0.5.3\\out\\server\\src\\server.js:38:6142\n    at D2 (c:\\Users\\egoytendia\\.vscode\\extensions\\uqbar.wollok-lsp-ide-0.5.3\\out\\server\\src\\server.js:2384:42)\n    at c:\\Users\\egoytendia\\.vscode\\extensions\\uqbar.wollok-lsp-ide-0.5.3\\out\\server\\src\\server.js:2384:2988\n    at c:\\Users\\egoytendia\\.vscode\\extensions\\uqbar.wollok-lsp-ide-0.5.3\\out\\server\\src\\server.js:2393:8440\n    at c:\\Users\\egoytendia\\.vscode\\extensions\\uqbar.wollok-lsp-ide-0.5.3\\out\\server\\src\\server.js:37:74872\n    at Ye (c:\\Users\\egoytendia\\.vscode\\extensions\\uqbar.wollok-lsp-ide-0.5.3\\out\\server\\src\\server.js:7:8527)\n    at qt (c:\\Users\\egoytendia\\.vscode\\extensions\\uqbar.wollok-lsp-ide-0.5.3\\out\\server\\src\\server.js:7:6189)\n    at ot (c:\\Users\\egoytendia\\.vscode\\extensions\\uqbar.wollok-lsp-ide-0.5.3\\out\\server\\src\\server.js:7:6378)\n    at Immediate._onImmediate (c:\\Users\\egoytendia\\.vscode\\extensions\\uqbar.wollok-lsp-ide-0.5.3\\out\\server\\src\\server.js:7:6142)\n    at process.processImmediate (node:internal/timers:485:21)","timestamp":"2025-12-12T23:06:25.147Z"}
{"level":"info","message":"⌛ Building environment","timeElapsed":102,"timestamp":"2025-12-12T23:06:25.255Z"}
{"level":"info","message":"⌛ Validating parciales/elLegadoDeSoliamMurr/asentamientos.wlk","timeElapsed":128,"timestamp":"2025-12-12T23:06:25.383Z"}
{"level":"error","message":"✘ Completions for node Parameter ([33:22, 33:32] - parciales/elLegadoDeSoliamMurr/asentamientos.wlk) failed: Error: [Parameter]{9c9c11} at parciales/elLegadoDeSoliamMurr/asentamientos.wlk:33 exhausted all cases without a match [Parameter]{9c9c11} at parciales/elLegadoDeSoliamMurr/asentamientos.wlk:33 exhausted all cases without a match","stack":"Error: [Parameter]{9c9c11} at parciales/elLegadoDeSoliamMurr/asentamientos.wlk:33 exhausted all cases without a match\n    at c:\\Users\\egoytendia\\.vscode\\extensions\\uqbar.wollok-lsp-ide-0.5.3\\out\\server\\src\\server.js:38:6142\n    at D2 (c:\\Users\\egoytendia\\.vscode\\extensions\\uqbar.wollok-lsp-ide-0.5.3\\out\\server\\src\\server.js:2384:42)\n    at c:\\Users\\egoytendia\\.vscode\\extensions\\uqbar.wollok-lsp-ide-0.5.3\\out\\server\\src\\server.js:2384:2988\n    at c:\\Users\\egoytendia\\.vscode\\extensions\\uqbar.wollok-lsp-ide-0.5.3\\out\\server\\src\\server.js:2393:8440\n    at c:\\Users\\egoytendia\\.vscode\\extensions\\uqbar.wollok-lsp-ide-0.5.3\\out\\server\\src\\server.js:37:74872\n    at Ye (c:\\Users\\egoytendia\\.vscode\\extensions\\uqbar.wollok-lsp-ide-0.5.3\\out\\server\\src\\server.js:7:8527)\n    at qt (c:\\Users\\egoytendia\\.vscode\\extensions\\uqbar.wollok-lsp-ide-0.5.3\\out\\server\\src\\server.js:7:6189)\n    at ot (c:\\Users\\egoytendia\\.vscode\\extensions\\uqbar.wollok-lsp-ide-0.5.3\\out\\server\\src\\server.js:7:6378)\n    at Immediate._onImmediate (c:\\Users\\egoytendia\\.vscode\\extensions\\uqbar.wollok-lsp-ide-0.5.3\\out\\server\\src\\server.js:7:6142)\n    at process.processImmediate (node:internal/timers:485:21)","timestamp":"2025-12-12T23:06:25.567Z"}
{"level":"info","message":"⌛ Validating parciales/elLegadoDeSoliamMurr/asentamientos.wlk","timeElapsed":104,"timestamp":"2025-12-12T23:06:25.677Z"}
{"level":"info","message":"⌛ Validating parciales/elLegadoDeSoliamMurr/asentamientos.wlk","timeElapsed":125,"timestamp":"2025-12-12T23:06:25.901Z"}
{"level":"info","message":"⌛ Validating parciales/elLegadoDeSoliamMurr/asentamientos.wlk","timeElapsed":109,"timestamp":"2025-12-12T23:06:26.018Z"}
{"level":"info","message":"⌛ Building environment","timeElapsed":138,"timestamp":"2025-12-12T23:06:27.819Z"}
{"level":"info","message":"⌛ Building environment","timeElapsed":136,"timestamp":"2025-12-12T23:06:28.016Z"}
{"level":"info","message":"⌛ Validating parciales/elLegadoDeSoliamMurr/asentamientos.wlk","timeElapsed":155,"timestamp":"2025-12-12T23:06:28.175Z"}
{"level":"info","message":"⌛ Building environment","timeElapsed":106,"timestamp":"2025-12-12T23:06:28.283Z"}
{"level":"info","message":"⌛ Validating parciales/elLegadoDeSoliamMurr/asentamientos.wlk","timeElapsed":117,"timestamp":"2025-12-12T23:06:28.400Z"}
{"level":"info","message":"⌛ Validating parciales/elLegadoDeSoliamMurr/asentamientos.wlk","timeElapsed":113,"timestamp":"2025-12-12T23:06:28.522Z"}
{"level":"info","message":"⌛ Building environment","timeElapsed":105,"timestamp":"2025-12-12T23:06:28.687Z"}
{"level":"info","message":"⌛ Validating parciales/elLegadoDeSoliamMurr/asentamientos.wlk","timeElapsed":116,"timestamp":"2025-12-12T23:06:28.804Z"}
{"level":"info","message":"⌛ Building environment","timeElapsed":121,"timestamp":"2025-12-12T23:06:29.327Z"}
{"level":"info","message":"⌛ Validating parciales/elLegadoDeSoliamMurr/asentamientos.wlk","timeElapsed":127,"timestamp":"2025-12-12T23:06:29.492Z"}
{"level":"info","message":"⌛ Building environment","timeElapsed":118,"timestamp":"2025-12-12T23:06:31.158Z"}
{"level":"info","message":"⌛ Building environment","timeElapsed":149,"timestamp":"2025-12-12T23:06:31.318Z"}
{"level":"info","message":"⌛ Validating parciales/elLegadoDeSoliamMurr/asentamientos.wlk","timeElapsed":146,"timestamp":"2025-12-12T23:06:31.464Z"}
{"level":"info","message":"⌛ Building environment","timeElapsed":150,"timestamp":"2025-12-12T23:06:31.615Z"}
{"level":"info","message":"⌛ Validating parciales/elLegadoDeSoliamMurr/asentamientos.wlk","timeElapsed":123,"timestamp":"2025-12-12T23:06:31.837Z"}
{"level":"info","message":"⌛ Validating parciales/elLegadoDeSoliamMurr/asentamientos.wlk","timeElapsed":120,"timestamp":"2025-12-12T23:06:31.962Z"}
{"level":"info","message":"⌛ Validating parciales/elLegadoDeSoliamMurr/asentamientos.wlk","timeElapsed":116,"timestamp":"2025-12-12T23:06:32.079Z"}
{"level":"info","message":"⌛ Building environment","timeElapsed":178,"timestamp":"2025-12-12T23:06:33.012Z"}
{"level":"info","message":"⌛ Building environment","timeElapsed":130,"timestamp":"2025-12-12T23:06:33.147Z"}
{"level":"info","message":"⌛ Validating parciales/elLegadoDeSoliamMurr/asentamientos.wlk","timeElapsed":133,"timestamp":"2025-12-12T23:06:33.281Z"}
{"level":"info","message":"⌛ Validating parciales/elLegadoDeSoliamMurr/asentamientos.wlk","timeElapsed":117,"timestamp":"2025-12-12T23:06:33.489Z"}
{"level":"info","message":"⌛ Validating parciales/elLegadoDeSoliamMurr/asentamientos.wlk","timeElapsed":114,"timestamp":"2025-12-12T23:06:33.635Z"}
{"level":"info","message":"⌛ Building environment","timeElapsed":108,"timestamp":"2025-12-12T23:06:34.293Z"}
{"level":"info","message":"⌛ Validating parciales/elLegadoDeSoliamMurr/asentamientos.wlk","timeElapsed":123,"timestamp":"2025-12-12T23:06:34.416Z"}
{"level":"info","message":"⌛ Building environment","timeElapsed":102,"timestamp":"2025-12-12T23:06:35.122Z"}
{"level":"info","message":"⌛ Validating parciales/elLegadoDeSoliamMurr/asentamientos.wlk","timeElapsed":129,"timestamp":"2025-12-12T23:06:35.252Z"}
{"level":"info","message":"⌛ Building environment","timeElapsed":112,"timestamp":"2025-12-12T23:06:35.365Z"}
{"level":"info","message":"⌛ Validating parciales/elLegadoDeSoliamMurr/asentamientos.wlk","timeElapsed":114,"timestamp":"2025-12-12T23:06:35.531Z"}
{"level":"info","message":"⌛ Building environment","timeElapsed":108,"timestamp":"2025-12-12T23:06:35.769Z"}
{"level":"info","message":"⌛ Validating parciales/elLegadoDeSoliamMurr/asentamientos.wlk","timeElapsed":118,"timestamp":"2025-12-12T23:06:36.041Z"}
{"level":"info","message":"⌛ Validating parciales/elLegadoDeSoliamMurr/asentamientos.wlk","timeElapsed":139,"timestamp":"2025-12-12T23:06:36.182Z"}
{"level":"info","message":"⌛ Building environment","timeElapsed":105,"timestamp":"2025-12-12T23:06:36.289Z"}
{"level":"info","message":"⌛ Building environment","timeElapsed":101,"timestamp":"2025-12-12T23:06:36.438Z"}
{"level":"info","message":"⌛ Building environment","timeElapsed":107,"timestamp":"2025-12-12T23:06:36.545Z"}
{"level":"info","message":"⌛ Building environment","timeElapsed":106,"timestamp":"2025-12-12T23:06:36.651Z"}
{"level":"info","message":"⌛ Validating parciales/elLegadoDeSoliamMurr/asentamientos.wlk","timeElapsed":131,"timestamp":"2025-12-12T23:06:36.785Z"}
{"level":"info","message":"⌛ Building environment","timeElapsed":113,"timestamp":"2025-12-12T23:06:36.899Z"}
{"level":"info","message":"⌛ Validating parciales/elLegadoDeSoliamMurr/asentamientos.wlk","timeElapsed":111,"timestamp":"2025-12-12T23:06:37.055Z"}
{"level":"info","message":"⌛ Validating parciales/elLegadoDeSoliamMurr/asentamientos.wlk","timeElapsed":115,"timestamp":"2025-12-12T23:06:37.352Z"}
{"level":"info","message":"⌛ Validating parciales/elLegadoDeSoliamMurr/asentamientos.wlk","timeElapsed":127,"timestamp":"2025-12-12T23:06:37.480Z"}
{"level":"info","message":"⌛ Validating parciales/elLegadoDeSoliamMurr/asentamientos.wlk","timeElapsed":114,"timestamp":"2025-12-12T23:06:37.602Z"}
{"level":"info","message":"⌛ Validating parciales/elLegadoDeSoliamMurr/asentamientos.wlk","timeElapsed":103,"timestamp":"2025-12-12T23:06:37.709Z"}
{"level":"info","message":"⌛ Validating parciales/elLegadoDeSoliamMurr/asentamientos.wlk","timeElapsed":151,"timestamp":"2025-12-12T23:06:37.860Z"}
{"level":"info","message":"⌛ Building environment","timeElapsed":180,"timestamp":"2025-12-12T23:06:38.273Z"}
{"level":"info","message":"⌛ Validating parciales/elLegadoDeSoliamMurr/asentamientos.wlk","timeElapsed":147,"timestamp":"2025-12-12T23:06:38.421Z"}
{"level":"info","message":"⌛ Building environment","timeElapsed":113,"timestamp":"2025-12-12T23:06:38.668Z"}
{"level":"error","message":"✘ Completions for node Send ([34:5, 34:40] - parciales/elLegadoDeSoliamMurr/asentamientos.wlk) failed: Error: [Send]{066455} at parciales/elLegadoDeSoliamMurr/asentamientos.wlk:34 exhausted all cases without a match [Send]{066455} at parciales/elLegadoDeSoliamMurr/asentamientos.wlk:34 exhausted all cases without a match","stack":"Error: [Send]{066455} at parciales/elLegadoDeSoliamMurr/asentamientos.wlk:34 exhausted all cases without a match\n    at c:\\Users\\egoytendia\\.vscode\\extensions\\uqbar.wollok-lsp-ide-0.5.3\\out\\server\\src\\server.js:38:6142\n    at D2 (c:\\Users\\egoytendia\\.vscode\\extensions\\uqbar.wollok-lsp-ide-0.5.3\\out\\server\\src\\server.js:2384:42)\n    at Qh (c:\\Users\\egoytendia\\.vscode\\extensions\\uqbar.wollok-lsp-ide-0.5.3\\out\\server\\src\\server.js:2384:1092)\n    at k6n (c:\\Users\\egoytendia\\.vscode\\extensions\\uqbar.wollok-lsp-ide-0.5.3\\out\\server\\src\\server.js:2384:1248)\n    at c:\\Users\\egoytendia\\.vscode\\extensions\\uqbar.wollok-lsp-ide-0.5.3\\out\\server\\src\\server.js:38:6131\n    at D2 (c:\\Users\\egoytendia\\.vscode\\extensions\\uqbar.wollok-lsp-ide-0.5.3\\out\\server\\src\\server.js:2384:42)\n    at c:\\Users\\egoytendia\\.vscode\\extensions\\uqbar.wollok-lsp-ide-0.5.3\\out\\server\\src\\server.js:2384:2988\n    at c:\\Users\\egoytendia\\.vscode\\extensions\\uqbar.wollok-lsp-ide-0.5.3\\out\\server\\src\\server.js:2393:8440\n    at c:\\Users\\egoytendia\\.vscode\\extensions\\uqbar.wollok-lsp-ide-0.5.3\\out\\server\\src\\server.js:37:74872\n    at Ye (c:\\Users\\egoytendia\\.vscode\\extensions\\uqbar.wollok-lsp-ide-0.5.3\\out\\server\\src\\server.js:7:8527)","timestamp":"2025-12-12T23:06:38.844Z"}
{"level":"info","message":"⌛ Validating parciales/elLegadoDeSoliamMurr/asentamientos.wlk","timeElapsed":110,"timestamp":"2025-12-12T23:06:38.958Z"}
{"level":"info","message":"⌛ Validating parciales/elLegadoDeSoliamMurr/asentamientos.wlk","timeElapsed":104,"timestamp":"2025-12-12T23:06:39.063Z"}
{"level":"info","message":"⌛ Building environment","timeElapsed":102,"timestamp":"2025-12-12T23:06:39.464Z"}
{"level":"info","message":"⌛ Validating parciales/elLegadoDeSoliamMurr/asentamientos.wlk","timeElapsed":128,"timestamp":"2025-12-12T23:06:39.592Z"}
{"level":"info","message":"⌛ Validating parciales/elLegadoDeSoliamMurr/asentamientos.wlk","timeElapsed":112,"timestamp":"2025-12-12T23:06:39.799Z"}
{"level":"info","message":"⌛ Building environment","timeElapsed":122,"timestamp":"2025-12-12T23:07:11.284Z"}
{"level":"info","message":"⌛ Building environment","timeElapsed":150,"timestamp":"2025-12-12T23:07:11.462Z"}
{"level":"info","message":"⌛ Validating parciales/elLegadoDeSoliamMurr/triunviratos.wlk","timeElapsed":131,"timestamp":"2025-12-12T23:07:11.593Z"}
{"level":"info","message":"⌛ Building environment","timeElapsed":121,"timestamp":"2025-12-12T23:07:11.716Z"}
{"level":"info","message":"⌛ Validating parciales/elLegadoDeSoliamMurr/triunviratos.wlk","timeElapsed":141,"timestamp":"2025-12-12T23:07:11.857Z"}
{"level":"info","message":"⌛ Validating parciales/elLegadoDeSoliamMurr/triunviratos.wlk","timeElapsed":127,"timestamp":"2025-12-12T23:07:12.068Z"}
{"level":"info","message":"⌛ Validating parciales/elLegadoDeSoliamMurr/triunviratos.wlk","timeElapsed":107,"timestamp":"2025-12-12T23:07:12.181Z"}
{"level":"info","message":"⌛ Validating parciales/elLegadoDeSoliamMurr/triunviratos.wlk","timeElapsed":123,"timestamp":"2025-12-12T23:07:12.466Z"}
{"level":"info","message":"⌛ Building environment","timeElapsed":103,"timestamp":"2025-12-12T23:07:14.668Z"}
{"level":"info","message":"⌛ Building environment","timeElapsed":114,"timestamp":"2025-12-12T23:07:14.832Z"}
{"level":"info","message":"⌛ Validating parciales/elLegadoDeSoliamMurr/triunviratos.wlk","timeElapsed":131,"timestamp":"2025-12-12T23:07:14.963Z"}
{"level":"info","message":"⌛ Validating parciales/elLegadoDeSoliamMurr/triunviratos.wlk","timeElapsed":137,"timestamp":"2025-12-12T23:07:15.381Z"}
{"level":"info","message":"⌛ Validating parciales/elLegadoDeSoliamMurr/triunviratos.wlk","timeElapsed":156,"timestamp":"2025-12-12T23:07:15.624Z"}
{"level":"info","message":"⌛ Building environment","timeElapsed":125,"timestamp":"2025-12-12T23:07:15.750Z"}
{"level":"info","message":"⌛ Validating parciales/elLegadoDeSoliamMurr/triunviratos.wlk","timeElapsed":129,"timestamp":"2025-12-12T23:07:16.012Z"}
{"level":"info","message":"⌛ Validating parciales/elLegadoDeSoliamMurr/triunviratos.wlk","timeElapsed":112,"timestamp":"2025-12-12T23:07:16.127Z"}
{"level":"info","message":"⌛ Validating parciales/elLegadoDeSoliamMurr/triunviratos.wlk","timeElapsed":130,"timestamp":"2025-12-12T23:07:16.257Z"}
{"level":"info","message":"⌛ Validating parciales/elLegadoDeSoliamMurr/triunviratos.wlk","timeElapsed":121,"timestamp":"2025-12-12T23:07:16.379Z"}
{"level":"info","message":"⌛ Building environment","timeElapsed":106,"timestamp":"2025-12-12T23:07:22.070Z"}
{"level":"info","message":"⌛ Validating parciales/elLegadoDeSoliamMurr/triunviratos.wlk","timeElapsed":118,"timestamp":"2025-12-12T23:07:22.227Z"}
{"level":"info","message":"⌛ Validating parciales/elLegadoDeSoliamMurr/triunviratos.wlk","timeElapsed":123,"timestamp":"2025-12-12T23:07:22.509Z"}
{"level":"info","message":"⌛ Building environment","timeElapsed":128,"timestamp":"2025-12-12T23:07:22.638Z"}
{"level":"info","message":"⌛ Validating parciales/elLegadoDeSoliamMurr/triunviratos.wlk","timeElapsed":135,"timestamp":"2025-12-12T23:07:22.909Z"}
{"level":"info","message":"⌛ Validating parciales/elLegadoDeSoliamMurr/triunviratos.wlk","timeElapsed":125,"timestamp":"2025-12-12T23:07:23.126Z"}
{"level":"info","message":"⌛ Building environment","timeElapsed":153,"timestamp":"2025-12-12T23:07:23.280Z"}
{"level":"info","message":"⌛ Validating parciales/elLegadoDeSoliamMurr/triunviratos.wlk","timeElapsed":130,"timestamp":"2025-12-12T23:07:23.466Z"}
{"level":"info","message":"⌛ Validating parciales/elLegadoDeSoliamMurr/triunviratos.wlk","timeElapsed":124,"timestamp":"2025-12-12T23:07:23.591Z"}
{"level":"info","message":"⌛ Building environment","timeElapsed":106,"timestamp":"2025-12-12T23:07:23.791Z"}
{"level":"info","message":"⌛ Building environment","timeElapsed":138,"timestamp":"2025-12-12T23:07:24.057Z"}
{"level":"info","message":"⌛ Validating parciales/elLegadoDeSoliamMurr/triunviratos.wlk","timeElapsed":117,"timestamp":"2025-12-12T23:07:24.175Z"}
{"level":"info","message":"⌛ Validating parciales/elLegadoDeSoliamMurr/triunviratos.wlk","timeElapsed":120,"timestamp":"2025-12-12T23:07:24.465Z"}
{"level":"info","message":"⌛ Validating parciales/elLegadoDeSoliamMurr/triunviratos.wlk","timeElapsed":157,"timestamp":"2025-12-12T23:07:24.759Z"}
{"level":"info","message":"⌛ Validating parciales/elLegadoDeSoliamMurr/triunviratos.wlk","timeElapsed":113,"timestamp":"2025-12-12T23:07:24.872Z"}
{"level":"info","message":"⌛ Validating parciales/elLegadoDeSoliamMurr/triunviratos.wlk","timeElapsed":102,"timestamp":"2025-12-12T23:07:24.974Z"}
{"level":"info","message":"⌛ Building environment","timeElapsed":146,"timestamp":"2025-12-12T23:07:26.839Z"}
{"level":"error","message":"✘ Completions for node Parameter ([26:30, 26:31] - parciales/elLegadoDeSoliamMurr/triunviratos.wlk) failed: Error: [Parameter]{762ff0} at parciales/elLegadoDeSoliamMurr/triunviratos.wlk:26 exhausted all cases without a match [Parameter]{762ff0} at parciales/elLegadoDeSoliamMurr/triunviratos.wlk:26 exhausted all cases without a match","stack":"Error: [Parameter]{762ff0} at parciales/elLegadoDeSoliamMurr/triunviratos.wlk:26 exhausted all cases without a match\n    at c:\\Users\\egoytendia\\.vscode\\extensions\\uqbar.wollok-lsp-ide-0.5.3\\out\\server\\src\\server.js:38:6142\n    at D2 (c:\\Users\\egoytendia\\.vscode\\extensions\\uqbar.wollok-lsp-ide-0.5.3\\out\\server\\src\\server.js:2384:42)\n    at c:\\Users\\egoytendia\\.vscode\\extensions\\uqbar.wollok-lsp-ide-0.5.3\\out\\server\\src\\server.js:2384:2988\n    at c:\\Users\\egoytendia\\.vscode\\extensions\\uqbar.wollok-lsp-ide-0.5.3\\out\\server\\src\\server.js:2393:8440\n    at c:\\Users\\egoytendia\\.vscode\\extensions\\uqbar.wollok-lsp-ide-0.5.3\\out\\server\\src\\server.js:37:74872\n    at Ye (c:\\Users\\egoytendia\\.vscode\\extensions\\uqbar.wollok-lsp-ide-0.5.3\\out\\server\\src\\server.js:7:8527)\n    at qt (c:\\Users\\egoytendia\\.vscode\\extensions\\uqbar.wollok-lsp-ide-0.5.3\\out\\server\\src\\server.js:7:6189)\n    at ot (c:\\Users\\egoytendia\\.vscode\\extensions\\uqbar.wollok-lsp-ide-0.5.3\\out\\server\\src\\server.js:7:6378)\n    at Immediate._onImmediate (c:\\Users\\egoytendia\\.vscode\\extensions\\uqbar.wollok-lsp-ide-0.5.3\\out\\server\\src\\server.js:7:6142)\n    at process.processImmediate (node:internal/timers:485:21)","timestamp":"2025-12-12T23:07:26.873Z"}
{"level":"info","message":"⌛ Validating parciales/elLegadoDeSoliamMurr/triunviratos.wlk","timeElapsed":129,"timestamp":"2025-12-12T23:07:27.005Z"}
{"level":"info","message":"⌛ Validating parciales/elLegadoDeSoliamMurr/triunviratos.wlk","timeElapsed":120,"timestamp":"2025-12-12T23:07:27.295Z"}
{"level":"info","message":"⌛ Validating parciales/elLegadoDeSoliamMurr/triunviratos.wlk","timeElapsed":115,"timestamp":"2025-12-12T23:07:27.411Z"}
{"level":"info","message":"⌛ Building environment","timeElapsed":139,"timestamp":"2025-12-12T23:07:28.393Z"}
{"level":"info","message":"⌛ Building environment","timeElapsed":149,"timestamp":"2025-12-12T23:07:28.542Z"}
{"level":"info","message":"⌛ Validating parciales/elLegadoDeSoliamMurr/triunviratos.wlk","timeElapsed":141,"timestamp":"2025-12-12T23:07:28.684Z"}
{"level":"info","message":"⌛ Building environment","timeElapsed":121,"timestamp":"2025-12-12T23:07:28.806Z"}
{"level":"error","message":"✘ Completions for node Parameter ([26:30, 26:34] - parciales/elLegadoDeSoliamMurr/triunviratos.wlk) failed: Error: [Parameter]{57c0bb} at parciales/elLegadoDeSoliamMurr/triunviratos.wlk:26 exhausted all cases without a match [Parameter]{57c0bb} at parciales/elLegadoDeSoliamMurr/triunviratos.wlk:26 exhausted all cases without a match","stack":"Error: [Parameter]{57c0bb} at parciales/elLegadoDeSoliamMurr/triunviratos.wlk:26 exhausted all cases without a match\n    at c:\\Users\\egoytendia\\.vscode\\extensions\\uqbar.wollok-lsp-ide-0.5.3\\out\\server\\src\\server.js:38:6142\n    at D2 (c:\\Users\\egoytendia\\.vscode\\extensions\\uqbar.wollok-lsp-ide-0.5.3\\out\\server\\src\\server.js:2384:42)\n    at c:\\Users\\egoytendia\\.vscode\\extensions\\uqbar.wollok-lsp-ide-0.5.3\\out\\server\\src\\server.js:2384:2988\n    at c:\\Users\\egoytendia\\.vscode\\extensions\\uqbar.wollok-lsp-ide-0.5.3\\out\\server\\src\\server.js:2393:8440\n    at c:\\Users\\egoytendia\\.vscode\\extensions\\uqbar.wollok-lsp-ide-0.5.3\\out\\server\\src\\server.js:37:74872\n    at Ye (c:\\Users\\egoytendia\\.vscode\\extensions\\uqbar.wollok-lsp-ide-0.5.3\\out\\server\\src\\server.js:7:8527)\n    at qt (c:\\Users\\egoytendia\\.vscode\\extensions\\uqbar.wollok-lsp-ide-0.5.3\\out\\server\\src\\server.js:7:6189)\n    at ot (c:\\Users\\egoytendia\\.vscode\\extensions\\uqbar.wollok-lsp-ide-0.5.3\\out\\server\\src\\server.js:7:6378)\n    at Immediate._onImmediate (c:\\Users\\egoytendia\\.vscode\\extensions\\uqbar.wollok-lsp-ide-0.5.3\\out\\server\\src\\server.js:7:6142)\n    at process.processImmediate (node:internal/timers:485:21)","timestamp":"2025-12-12T23:07:28.841Z"}
{"level":"info","message":"⌛ Validating parciales/elLegadoDeSoliamMurr/triunviratos.wlk","timeElapsed":123,"timestamp":"2025-12-12T23:07:28.976Z"}
{"level":"info","message":"⌛ Validating parciales/elLegadoDeSoliamMurr/triunviratos.wlk","timeElapsed":129,"timestamp":"2025-12-12T23:07:29.305Z"}
{"level":"info","message":"⌛ Building environment","timeElapsed":162,"timestamp":"2025-12-12T23:07:29.469Z"}
{"level":"error","message":"✘ Completions for node Parameter ([26:30, 26:37] - parciales/elLegadoDeSoliamMurr/triunviratos.wlk) failed: Error: [Parameter]{a17675} at parciales/elLegadoDeSoliamMurr/triunviratos.wlk:26 exhausted all cases without a match [Parameter]{a17675} at parciales/elLegadoDeSoliamMurr/triunviratos.wlk:26 exhausted all cases without a match","stack":"Error: [Parameter]{a17675} at parciales/elLegadoDeSoliamMurr/triunviratos.wlk:26 exhausted all cases without a match\n    at c:\\Users\\egoytendia\\.vscode\\extensions\\uqbar.wollok-lsp-ide-0.5.3\\out\\server\\src\\server.js:38:6142\n    at D2 (c:\\Users\\egoytendia\\.vscode\\extensions\\uqbar.wollok-lsp-ide-0.5.3\\out\\server\\src\\server.js:2384:42)\n    at c:\\Users\\egoytendia\\.vscode\\extensions\\uqbar.wollok-lsp-ide-0.5.3\\out\\server\\src\\server.js:2384:2988\n    at c:\\Users\\egoytendia\\.vscode\\extensions\\uqbar.wollok-lsp-ide-0.5.3\\out\\server\\src\\server.js:2393:8440\n    at c:\\Users\\egoytendia\\.vscode\\extensions\\uqbar.wollok-lsp-ide-0.5.3\\out\\server\\src\\server.js:37:74872\n    at Ye (c:\\Users\\egoytendia\\.vscode\\extensions\\uqbar.wollok-lsp-ide-0.5.3\\out\\server\\src\\server.js:7:8527)\n    at qt (c:\\Users\\egoytendia\\.vscode\\extensions\\uqbar.wollok-lsp-ide-0.5.3\\out\\server\\src\\server.js:7:6189)\n    at ot (c:\\Users\\egoytendia\\.vscode\\extensions\\uqbar.wollok-lsp-ide-0.5.3\\out\\server\\src\\server.js:7:6378)\n    at Immediate._onImmediate (c:\\Users\\egoytendia\\.vscode\\extensions\\uqbar.wollok-lsp-ide-0.5.3\\out\\server\\src\\server.js:7:6142)\n    at process.processImmediate (node:internal/timers:485:21)","timestamp":"2025-12-12T23:07:29.502Z"}
{"level":"info","message":"⌛ Validating parciales/elLegadoDeSoliamMurr/triunviratos.wlk","timeElapsed":117,"timestamp":"2025-12-12T23:07:29.718Z"}
{"level":"info","message":"⌛ Validating parciales/elLegadoDeSoliamMurr/triunviratos.wlk","timeElapsed":127,"timestamp":"2025-12-12T23:07:29.928Z"}
{"level":"info","message":"⌛ Building environment","timeElapsed":146,"timestamp":"2025-12-12T23:07:30.075Z"}
{"level":"info","message":"⌛ Building environment","timeElapsed":116,"timestamp":"2025-12-12T23:07:30.191Z"}
{"level":"info","message":"⌛ Building environment","timeElapsed":116,"timestamp":"2025-12-12T23:07:30.309Z"}
{"level":"info","message":"⌛ Validating parciales/elLegadoDeSoliamMurr/triunviratos.wlk","timeElapsed":138,"timestamp":"2025-12-12T23:07:30.447Z"}
{"level":"info","message":"⌛ Validating parciales/elLegadoDeSoliamMurr/triunviratos.wlk","timeElapsed":118,"timestamp":"2025-12-12T23:07:30.567Z"}
{"level":"info","message":"⌛ Validating parciales/elLegadoDeSoliamMurr/triunviratos.wlk","timeElapsed":127,"timestamp":"2025-12-12T23:07:30.699Z"}
{"level":"info","message":"⌛ Validating parciales/elLegadoDeSoliamMurr/triunviratos.wlk","timeElapsed":141,"timestamp":"2025-12-12T23:07:30.841Z"}
{"level":"info","message":"⌛ Validating parciales/elLegadoDeSoliamMurr/triunviratos.wlk","timeElapsed":128,"timestamp":"2025-12-12T23:07:30.970Z"}
{"level":"info","message":"⌛ Validating parciales/elLegadoDeSoliamMurr/triunviratos.wlk","timeElapsed":221,"timestamp":"2025-12-12T23:07:31.191Z"}
{"level":"info","message":"⌛ Building environment","timeElapsed":134,"timestamp":"2025-12-12T23:07:36.647Z"}
{"level":"info","message":"⌛ Building environment","timeElapsed":106,"timestamp":"2025-12-12T23:07:36.796Z"}
{"level":"info","message":"⌛ Validating parciales/elLegadoDeSoliamMurr/triunviratos.wlk","timeElapsed":155,"timestamp":"2025-12-12T23:07:36.953Z"}
{"level":"info","message":"⌛ Building environment","timeElapsed":141,"timestamp":"2025-12-12T23:07:37.095Z"}
{"level":"info","message":"⌛ Building environment","timeElapsed":126,"timestamp":"2025-12-12T23:07:37.222Z"}
{"level":"info","message":"⌛ Validating parciales/elLegadoDeSoliamMurr/triunviratos.wlk","timeElapsed":127,"timestamp":"2025-12-12T23:07:37.349Z"}
{"level":"info","message":"⌛ Validating parciales/elLegadoDeSoliamMurr/triunviratos.wlk","timeElapsed":112,"timestamp":"2025-12-12T23:07:37.466Z"}
{"level":"info","message":"⌛ Validating parciales/elLegadoDeSoliamMurr/triunviratos.wlk","timeElapsed":135,"timestamp":"2025-12-12T23:07:37.605Z"}
{"level":"info","message":"⌛ Validating parciales/elLegadoDeSoliamMurr/triunviratos.wlk","timeElapsed":125,"timestamp":"2025-12-12T23:07:37.830Z"}
{"level":"info","message":"⌛ Building environment","timeElapsed":107,"timestamp":"2025-12-12T23:07:38.829Z"}
{"level":"info","message":"⌛ Validating parciales/elLegadoDeSoliamMurr/triunviratos.wlk","timeElapsed":123,"timestamp":"2025-12-12T23:07:38.989Z"}
{"level":"info","message":"⌛ Building environment","timeElapsed":156,"timestamp":"2025-12-12T23:07:39.145Z"}
{"level":"info","message":"⌛ Validating parciales/elLegadoDeSoliamMurr/triunviratos.wlk","timeElapsed":125,"timestamp":"2025-12-12T23:07:39.417Z"}
{"level":"info","message":"⌛ Validating parciales/elLegadoDeSoliamMurr/triunviratos.wlk","timeElapsed":124,"timestamp":"2025-12-12T23:07:39.671Z"}
{"level":"info","message":"⌛ Building environment","timeElapsed":116,"timestamp":"2025-12-12T23:07:39.789Z"}
{"level":"info","message":"⌛ Validating parciales/elLegadoDeSoliamMurr/triunviratos.wlk","timeElapsed":121,"timestamp":"2025-12-12T23:07:39.910Z"}
{"level":"info","message":"⌛ Validating parciales/elLegadoDeSoliamMurr/triunviratos.wlk","timeElapsed":124,"timestamp":"2025-12-12T23:07:40.159Z"}
{"level":"info","message":"⌛ Validating parciales/elLegadoDeSoliamMurr/triunviratos.wlk","timeElapsed":121,"timestamp":"2025-12-12T23:07:40.281Z"}
{"level":"info","message":"⌛ Building environment","timeElapsed":128,"timestamp":"2025-12-12T23:07:40.502Z"}
{"level":"info","message":"⌛ Building environment","timeElapsed":122,"timestamp":"2025-12-12T23:07:40.625Z"}
{"level":"info","message":"⌛ Validating parciales/elLegadoDeSoliamMurr/triunviratos.wlk","timeElapsed":143,"timestamp":"2025-12-12T23:07:40.770Z"}
{"level":"info","message":"⌛ Validating parciales/elLegadoDeSoliamMurr/triunviratos.wlk","timeElapsed":118,"timestamp":"2025-12-12T23:07:40.989Z"}
{"level":"info","message":"⌛ Validating parciales/elLegadoDeSoliamMurr/triunviratos.wlk","timeElapsed":116,"timestamp":"2025-12-12T23:07:41.110Z"}
{"level":"info","message":"⌛ Validating parciales/elLegadoDeSoliamMurr/triunviratos.wlk","timeElapsed":115,"timestamp":"2025-12-12T23:07:42.743Z"}
{"level":"info","message":"⌛ Building environment","timeElapsed":124,"timestamp":"2025-12-12T23:07:43.791Z"}
{"level":"info","message":"⌛ Validating parciales/elLegadoDeSoliamMurr/triunviratos.wlk","timeElapsed":166,"timestamp":"2025-12-12T23:07:43.968Z"}
{"level":"info","message":"⌛ Building environment","timeElapsed":114,"timestamp":"2025-12-12T23:07:44.168Z"}
{"level":"info","message":"⌛ Validating parciales/elLegadoDeSoliamMurr/triunviratos.wlk","timeElapsed":119,"timestamp":"2025-12-12T23:07:44.289Z"}
{"level":"error","message":"✘ Completions for node Send ([27:5, 27:18] - parciales/elLegadoDeSoliamMurr/triunviratos.wlk) failed: Error: [Send]{20565c} at parciales/elLegadoDeSoliamMurr/triunviratos.wlk:27 exhausted all cases without a match [Send]{20565c} at parciales/elLegadoDeSoliamMurr/triunviratos.wlk:27 exhausted all cases without a match","stack":"Error: [Send]{20565c} at parciales/elLegadoDeSoliamMurr/triunviratos.wlk:27 exhausted all cases without a match\n    at c:\\Users\\egoytendia\\.vscode\\extensions\\uqbar.wollok-lsp-ide-0.5.3\\out\\server\\src\\server.js:38:6142\n    at D2 (c:\\Users\\egoytendia\\.vscode\\extensions\\uqbar.wollok-lsp-ide-0.5.3\\out\\server\\src\\server.js:2384:42)\n    at Qh (c:\\Users\\egoytendia\\.vscode\\extensions\\uqbar.wollok-lsp-ide-0.5.3\\out\\server\\src\\server.js:2384:1092)\n    at k6n (c:\\Users\\egoytendia\\.vscode\\extensions\\uqbar.wollok-lsp-ide-0.5.3\\out\\server\\src\\server.js:2384:1248)\n    at c:\\Users\\egoytendia\\.vscode\\extensions\\uqbar.wollok-lsp-ide-0.5.3\\out\\server\\src\\server.js:38:6131\n    at D2 (c:\\Users\\egoytendia\\.vscode\\extensions\\uqbar.wollok-lsp-ide-0.5.3\\out\\server\\src\\server.js:2384:42)\n    at c:\\Users\\egoytendia\\.vscode\\extensions\\uqbar.wollok-lsp-ide-0.5.3\\out\\server\\src\\server.js:2384:2988\n    at c:\\Users\\egoytendia\\.vscode\\extensions\\uqbar.wollok-lsp-ide-0.5.3\\out\\server\\src\\server.js:2393:8440\n    at c:\\Users\\egoytendia\\.vscode\\extensions\\uqbar.wollok-lsp-ide-0.5.3\\out\\server\\src\\server.js:37:74872\n    at Ye (c:\\Users\\egoytendia\\.vscode\\extensions\\uqbar.wollok-lsp-ide-0.5.3\\out\\server\\src\\server.js:7:8527)","timestamp":"2025-12-12T23:07:49.875Z"}
{"level":"info","message":"⌛ Validating parciales/elLegadoDeSoliamMurr/triunviratos.wlk","timeElapsed":126,"timestamp":"2025-12-12T23:07:50.007Z"}
{"level":"info","message":"⌛ Building environment","timeElapsed":109,"timestamp":"2025-12-12T23:07:50.166Z"}
{"level":"info","message":"⌛ Validating parciales/elLegadoDeSoliamMurr/triunviratos.wlk","timeElapsed":139,"timestamp":"2025-12-12T23:07:50.310Z"}
{"level":"info","message":"⌛ Building environment","timeElapsed":144,"timestamp":"2025-12-12T23:07:50.457Z"}
{"level":"info","message":"⌛ Validating parciales/elLegadoDeSoliamMurr/triunviratos.wlk","timeElapsed":144,"timestamp":"2025-12-12T23:07:50.601Z"}
{"level":"info","message":"⌛ Validating parciales/elLegadoDeSoliamMurr/triunviratos.wlk","timeElapsed":126,"timestamp":"2025-12-12T23:07:51.036Z"}
{"level":"info","message":"⌛ Validating parciales/elLegadoDeSoliamMurr/triunviratos.wlk","timeElapsed":135,"timestamp":"2025-12-12T23:07:51.265Z"}
{"level":"info","message":"⌛ Building environment","timeElapsed":145,"timestamp":"2025-12-12T23:07:51.411Z"}
{"level":"info","message":"⌛ Building environment","timeElapsed":104,"timestamp":"2025-12-12T23:07:51.516Z"}
{"level":"info","message":"⌛ Building environment","timeElapsed":147,"timestamp":"2025-12-12T23:07:51.664Z"}
{"level":"info","message":"⌛ Validating parciales/elLegadoDeSoliamMurr/triunviratos.wlk","timeElapsed":126,"timestamp":"2025-12-12T23:07:51.790Z"}
{"level":"info","message":"⌛ Validating parciales/elLegadoDeSoliamMurr/triunviratos.wlk","timeElapsed":117,"timestamp":"2025-12-12T23:07:51.994Z"}
{"level":"info","message":"⌛ Building environment","timeElapsed":101,"timestamp":"2025-12-12T23:07:52.097Z"}
{"level":"info","message":"⌛ Validating parciales/elLegadoDeSoliamMurr/triunviratos.wlk","timeElapsed":120,"timestamp":"2025-12-12T23:07:52.217Z"}
{"level":"info","message":"⌛ Validating parciales/elLegadoDeSoliamMurr/triunviratos.wlk","timeElapsed":110,"timestamp":"2025-12-12T23:07:52.334Z"}
{"level":"info","message":"⌛ Validating parciales/elLegadoDeSoliamMurr/triunviratos.wlk","timeElapsed":107,"timestamp":"2025-12-12T23:07:52.442Z"}
{"level":"info","message":"⌛ Building environment","timeElapsed":138,"timestamp":"2025-12-12T23:07:52.709Z"}
{"level":"info","message":"⌛ Validating parciales/elLegadoDeSoliamMurr/triunviratos.wlk","timeElapsed":113,"timestamp":"2025-12-12T23:07:52.830Z"}
{"level":"info","message":"⌛ Building environment","timeElapsed":102,"timestamp":"2025-12-12T23:08:11.089Z"}
{"level":"error","message":"✘ Completions for node Return (undefined - parciales/elLegadoDeSoliamMurr/triunviratos.wlk) failed: Error: [Return]{a617c8} at parciales/elLegadoDeSoliamMurr/triunviratos.wlk:-- exhausted all cases without a match [Return]{a617c8} at parciales/elLegadoDeSoliamMurr/triunviratos.wlk:-- exhausted all cases without a match","stack":"Error: [Return]{a617c8} at parciales/elLegadoDeSoliamMurr/triunviratos.wlk:-- exhausted all cases without a match\n    at c:\\Users\\egoytendia\\.vscode\\extensions\\uqbar.wollok-lsp-ide-0.5.3\\out\\server\\src\\server.js:38:6142\n    at D2 (c:\\Users\\egoytendia\\.vscode\\extensions\\uqbar.wollok-lsp-ide-0.5.3\\out\\server\\src\\server.js:2384:42)\n    at Qh (c:\\Users\\egoytendia\\.vscode\\extensions\\uqbar.wollok-lsp-ide-0.5.3\\out\\server\\src\\server.js:2384:1092)\n    at k6n (c:\\Users\\egoytendia\\.vscode\\extensions\\uqbar.wollok-lsp-ide-0.5.3\\out\\server\\src\\server.js:2384:1248)\n    at c:\\Users\\egoytendia\\.vscode\\extensions\\uqbar.wollok-lsp-ide-0.5.3\\out\\server\\src\\server.js:38:6131\n    at D2 (c:\\Users\\egoytendia\\.vscode\\extensions\\uqbar.wollok-lsp-ide-0.5.3\\out\\server\\src\\server.js:2384:42)\n    at c:\\Users\\egoytendia\\.vscode\\extensions\\uqbar.wollok-lsp-ide-0.5.3\\out\\server\\src\\server.js:2384:2988\n    at c:\\Users\\egoytendia\\.vscode\\extensions\\uqbar.wollok-lsp-ide-0.5.3\\out\\server\\src\\server.js:2393:8440\n    at c:\\Users\\egoytendia\\.vscode\\extensions\\uqbar.wollok-lsp-ide-0.5.3\\out\\server\\src\\server.js:37:74872\n    at Ye (c:\\Users\\egoytendia\\.vscode\\extensions\\uqbar.wollok-lsp-ide-0.5.3\\out\\server\\src\\server.js:7:8527)","timestamp":"2025-12-12T23:08:11.160Z"}
{"level":"info","message":"⌛ Building environment","timeElapsed":109,"timestamp":"2025-12-12T23:08:11.272Z"}
{"level":"info","message":"⌛ Validating parciales/elLegadoDeSoliamMurr/triunviratos.wlk","timeElapsed":139,"timestamp":"2025-12-12T23:08:11.411Z"}
{"level":"info","message":"⌛ Building environment","timeElapsed":133,"timestamp":"2025-12-12T23:08:11.544Z"}
{"level":"info","message":"⌛ Building environment","timeElapsed":125,"timestamp":"2025-12-12T23:08:11.671Z"}
{"level":"info","message":"⌛ Validating parciales/elLegadoDeSoliamMurr/triunviratos.wlk","timeElapsed":185,"timestamp":"2025-12-12T23:08:11.858Z"}
{"level":"error","message":"✘ Completions for node Return (undefined - parciales/elLegadoDeSoliamMurr/triunviratos.wlk) failed: Error: [Return]{d2d9d0} at parciales/elLegadoDeSoliamMurr/triunviratos.wlk:-- exhausted all cases without a match [Return]{d2d9d0} at parciales/elLegadoDeSoliamMurr/triunviratos.wlk:-- exhausted all cases without a match","stack":"Error: [Return]{d2d9d0} at parciales/elLegadoDeSoliamMurr/triunviratos.wlk:-- exhausted all cases without a match\n    at c:\\Users\\egoytendia\\.vscode\\extensions\\uqbar.wollok-lsp-ide-0.5.3\\out\\server\\src\\server.js:38:6142\n    at D2 (c:\\Users\\egoytendia\\.vscode\\extensions\\uqbar.wollok-lsp-ide-0.5.3\\out\\server\\src\\server.js:2384:42)\n    at Qh (c:\\Users\\egoytendia\\.vscode\\extensions\\uqbar.wollok-lsp-ide-0.5.3\\out\\server\\src\\server.js:2384:1092)\n    at k6n (c:\\Users\\egoytendia\\.vscode\\extensions\\uqbar.wollok-lsp-ide-0.5.3\\out\\server\\src\\server.js:2384:1248)\n    at c:\\Users\\egoytendia\\.vscode\\extensions\\uqbar.wollok-lsp-ide-0.5.3\\out\\server\\src\\server.js:38:6131\n    at D2 (c:\\Users\\egoytendia\\.vscode\\extensions\\uqbar.wollok-lsp-ide-0.5.3\\out\\server\\src\\server.js:2384:42)\n    at c:\\Users\\egoytendia\\.vscode\\extensions\\uqbar.wollok-lsp-ide-0.5.3\\out\\server\\src\\server.js:2384:2988\n    at c:\\Users\\egoytendia\\.vscode\\extensions\\uqbar.wollok-lsp-ide-0.5.3\\out\\server\\src\\server.js:2393:8440\n    at c:\\Users\\egoytendia\\.vscode\\extensions\\uqbar.wollok-lsp-ide-0.5.3\\out\\server\\src\\server.js:37:74872\n    at Ye (c:\\Users\\egoytendia\\.vscode\\extensions\\uqbar.wollok-lsp-ide-0.5.3\\out\\server\\src\\server.js:7:8527)","timestamp":"2025-12-12T23:08:11.896Z"}
{"level":"info","message":"⌛ Validating parciales/elLegadoDeSoliamMurr/triunviratos.wlk","timeElapsed":130,"timestamp":"2025-12-12T23:08:12.130Z"}
{"level":"info","message":"⌛ Validating parciales/elLegadoDeSoliamMurr/triunviratos.wlk","timeElapsed":117,"timestamp":"2025-12-12T23:08:12.248Z"}
{"level":"error","message":"✘ Completions for node Return (undefined - parciales/elLegadoDeSoliamMurr/triunviratos.wlk) failed: Error: [Return]{9786f6} at parciales/elLegadoDeSoliamMurr/triunviratos.wlk:-- exhausted all cases without a match [Return]{9786f6} at parciales/elLegadoDeSoliamMurr/triunviratos.wlk:-- exhausted all cases without a match","stack":"Error: [Return]{9786f6} at parciales/elLegadoDeSoliamMurr/triunviratos.wlk:-- exhausted all cases without a match\n    at c:\\Users\\egoytendia\\.vscode\\extensions\\uqbar.wollok-lsp-ide-0.5.3\\out\\server\\src\\server.js:38:6142\n    at D2 (c:\\Users\\egoytendia\\.vscode\\extensions\\uqbar.wollok-lsp-ide-0.5.3\\out\\server\\src\\server.js:2384:42)\n    at Qh (c:\\Users\\egoytendia\\.vscode\\extensions\\uqbar.wollok-lsp-ide-0.5.3\\out\\server\\src\\server.js:2384:1092)\n    at k6n (c:\\Users\\egoytendia\\.vscode\\extensions\\uqbar.wollok-lsp-ide-0.5.3\\out\\server\\src\\server.js:2384:1248)\n    at c:\\Users\\egoytendia\\.vscode\\extensions\\uqbar.wollok-lsp-ide-0.5.3\\out\\server\\src\\server.js:38:6131\n    at D2 (c:\\Users\\egoytendia\\.vscode\\extensions\\uqbar.wollok-lsp-ide-0.5.3\\out\\server\\src\\server.js:2384:42)\n    at c:\\Users\\egoytendia\\.vscode\\extensions\\uqbar.wollok-lsp-ide-0.5.3\\out\\server\\src\\server.js:2384:2988\n    at c:\\Users\\egoytendia\\.vscode\\extensions\\uqbar.wollok-lsp-ide-0.5.3\\out\\server\\src\\server.js:2393:8440\n    at c:\\Users\\egoytendia\\.vscode\\extensions\\uqbar.wollok-lsp-ide-0.5.3\\out\\server\\src\\server.js:37:74872\n    at Ye (c:\\Users\\egoytendia\\.vscode\\extensions\\uqbar.wollok-lsp-ide-0.5.3\\out\\server\\src\\server.js:7:8527)","timestamp":"2025-12-12T23:08:12.528Z"}
{"level":"info","message":"⌛ Building environment","timeElapsed":105,"timestamp":"2025-12-12T23:08:12.636Z"}
{"level":"error","message":"✘ Completions for node Return (undefined - parciales/elLegadoDeSoliamMurr/triunviratos.wlk) failed: Error: [Return]{f41aeb} at parciales/elLegadoDeSoliamMurr/triunviratos.wlk:-- exhausted all cases without a match [Return]{f41aeb} at parciales/elLegadoDeSoliamMurr/triunviratos.wlk:-- exhausted all cases without a match","stack":"Error: [Return]{f41aeb} at parciales/elLegadoDeSoliamMurr/triunviratos.wlk:-- exhausted all cases without a match\n    at c:\\Users\\egoytendia\\.vscode\\extensions\\uqbar.wollok-lsp-ide-0.5.3\\out\\server\\src\\server.js:38:6142\n    at D2 (c:\\Users\\egoytendia\\.vscode\\extensions\\uqbar.wollok-lsp-ide-0.5.3\\out\\server\\src\\server.js:2384:42)\n    at Qh (c:\\Users\\egoytendia\\.vscode\\extensions\\uqbar.wollok-lsp-ide-0.5.3\\out\\server\\src\\server.js:2384:1092)\n    at k6n (c:\\Users\\egoytendia\\.vscode\\extensions\\uqbar.wollok-lsp-ide-0.5.3\\out\\server\\src\\server.js:2384:1248)\n    at c:\\Users\\egoytendia\\.vscode\\extensions\\uqbar.wollok-lsp-ide-0.5.3\\out\\server\\src\\server.js:38:6131\n    at D2 (c:\\Users\\egoytendia\\.vscode\\extensions\\uqbar.wollok-lsp-ide-0.5.3\\out\\server\\src\\server.js:2384:42)\n    at c:\\Users\\egoytendia\\.vscode\\extensions\\uqbar.wollok-lsp-ide-0.5.3\\out\\server\\src\\server.js:2384:2988\n    at c:\\Users\\egoytendia\\.vscode\\extensions\\uqbar.wollok-lsp-ide-0.5.3\\out\\server\\src\\server.js:2393:8440\n    at c:\\Users\\egoytendia\\.vscode\\extensions\\uqbar.wollok-lsp-ide-0.5.3\\out\\server\\src\\server.js:37:74872\n    at Ye (c:\\Users\\egoytendia\\.vscode\\extensions\\uqbar.wollok-lsp-ide-0.5.3\\out\\server\\src\\server.js:7:8527)","timestamp":"2025-12-12T23:08:12.677Z"}
{"level":"info","message":"⌛ Validating parciales/elLegadoDeSoliamMurr/triunviratos.wlk","timeElapsed":128,"timestamp":"2025-12-12T23:08:12.811Z"}
{"level":"error","message":"✘ Completions for node Return (undefined - parciales/elLegadoDeSoliamMurr/triunviratos.wlk) failed: Error: [Return]{039aeb} at parciales/elLegadoDeSoliamMurr/triunviratos.wlk:-- exhausted all cases without a match [Return]{039aeb} at parciales/elLegadoDeSoliamMurr/triunviratos.wlk:-- exhausted all cases without a match","stack":"Error: [Return]{039aeb} at parciales/elLegadoDeSoliamMurr/triunviratos.wlk:-- exhausted all cases without a match\n    at c:\\Users\\egoytendia\\.vscode\\extensions\\uqbar.wollok-lsp-ide-0.5.3\\out\\server\\src\\server.js:38:6142\n    at D2 (c:\\Users\\egoytendia\\.vscode\\extensions\\uqbar.wollok-lsp-ide-0.5.3\\out\\server\\src\\server.js:2384:42)\n    at Qh (c:\\Users\\egoytendia\\.vscode\\extensions\\uqbar.wollok-lsp-ide-0.5.3\\out\\server\\src\\server.js:2384:1092)\n    at k6n (c:\\Users\\egoytendia\\.vscode\\extensions\\uqbar.wollok-lsp-ide-0.5.3\\out\\server\\src\\server.js:2384:1248)\n    at c:\\Users\\egoytendia\\.vscode\\extensions\\uqbar.wollok-lsp-ide-0.5.3\\out\\server\\src\\server.js:38:6131\n    at D2 (c:\\Users\\egoytendia\\.vscode\\extensions\\uqbar.wollok-lsp-ide-0.5.3\\out\\server\\src\\server.js:2384:42)\n    at c:\\Users\\egoytendia\\.vscode\\extensions\\uqbar.wollok-lsp-ide-0.5.3\\out\\server\\src\\server.js:2384:2988\n    at c:\\Users\\egoytendia\\.vscode\\extensions\\uqbar.wollok-lsp-ide-0.5.3\\out\\server\\src\\server.js:2393:8440\n    at c:\\Users\\egoytendia\\.vscode\\extensions\\uqbar.wollok-lsp-ide-0.5.3\\out\\server\\src\\server.js:37:74872\n    at Ye (c:\\Users\\egoytendia\\.vscode\\extensions\\uqbar.wollok-lsp-ide-0.5.3\\out\\server\\src\\server.js:7:8527)","timestamp":"2025-12-12T23:08:12.937Z"}
{"level":"info","message":"⌛ Validating parciales/elLegadoDeSoliamMurr/triunviratos.wlk","timeElapsed":124,"timestamp":"2025-12-12T23:08:13.064Z"}
{"level":"info","message":"⌛ Validating parciales/elLegadoDeSoliamMurr/triunviratos.wlk","timeElapsed":114,"timestamp":"2025-12-12T23:08:13.179Z"}
{"level":"info","message":"⌛ Building environment","timeElapsed":111,"timestamp":"2025-12-12T23:08:13.292Z"}
{"level":"info","message":"⌛ Building environment","timeElapsed":103,"timestamp":"2025-12-12T23:08:13.402Z"}
{"level":"info","message":"⌛ Validating parciales/elLegadoDeSoliamMurr/triunviratos.wlk","timeElapsed":136,"timestamp":"2025-12-12T23:08:13.538Z"}
{"level":"error","message":"✘ Completions for node Return (undefined - parciales/elLegadoDeSoliamMurr/triunviratos.wlk) failed: Error: [Return]{330973} at parciales/elLegadoDeSoliamMurr/triunviratos.wlk:-- exhausted all cases without a match [Return]{330973} at parciales/elLegadoDeSoliamMurr/triunviratos.wlk:-- exhausted all cases without a match","stack":"Error: [Return]{330973} at parciales/elLegadoDeSoliamMurr/triunviratos.wlk:-- exhausted all cases without a match\n    at c:\\Users\\egoytendia\\.vscode\\extensions\\uqbar.wollok-lsp-ide-0.5.3\\out\\server\\src\\server.js:38:6142\n    at D2 (c:\\Users\\egoytendia\\.vscode\\extensions\\uqbar.wollok-lsp-ide-0.5.3\\out\\server\\src\\server.js:2384:42)\n    at Qh (c:\\Users\\egoytendia\\.vscode\\extensions\\uqbar.wollok-lsp-ide-0.5.3\\out\\server\\src\\server.js:2384:1092)\n    at k6n (c:\\Users\\egoytendia\\.vscode\\extensions\\uqbar.wollok-lsp-ide-0.5.3\\out\\server\\src\\server.js:2384:1248)\n    at c:\\Users\\egoytendia\\.vscode\\extensions\\uqbar.wollok-lsp-ide-0.5.3\\out\\server\\src\\server.js:38:6131\n    at D2 (c:\\Users\\egoytendia\\.vscode\\extensions\\uqbar.wollok-lsp-ide-0.5.3\\out\\server\\src\\server.js:2384:42)\n    at c:\\Users\\egoytendia\\.vscode\\extensions\\uqbar.wollok-lsp-ide-0.5.3\\out\\server\\src\\server.js:2384:2988\n    at c:\\Users\\egoytendia\\.vscode\\extensions\\uqbar.wollok-lsp-ide-0.5.3\\out\\server\\src\\server.js:2393:8440\n    at c:\\Users\\egoytendia\\.vscode\\extensions\\uqbar.wollok-lsp-ide-0.5.3\\out\\server\\src\\server.js:37:74872\n    at Ye (c:\\Users\\egoytendia\\.vscode\\extensions\\uqbar.wollok-lsp-ide-0.5.3\\out\\server\\src\\server.js:7:8527)","timestamp":"2025-12-12T23:08:13.569Z"}
{"level":"info","message":"⌛ Building environment","timeElapsed":109,"timestamp":"2025-12-12T23:08:13.682Z"}
{"level":"info","message":"⌛ Validating parciales/elLegadoDeSoliamMurr/triunviratos.wlk","timeElapsed":115,"timestamp":"2025-12-12T23:08:13.798Z"}
{"level":"info","message":"⌛ Building environment","timeElapsed":117,"timestamp":"2025-12-12T23:08:13.915Z"}
{"level":"info","message":"⌛ Building environment","timeElapsed":125,"timestamp":"2025-12-12T23:08:14.135Z"}
{"level":"info","message":"⌛ Validating parciales/elLegadoDeSoliamMurr/triunviratos.wlk","timeElapsed":127,"timestamp":"2025-12-12T23:08:14.262Z"}
{"level":"info","message":"⌛ Validating parciales/elLegadoDeSoliamMurr/triunviratos.wlk","timeElapsed":162,"timestamp":"2025-12-12T23:08:14.514Z"}
{"level":"info","message":"⌛ Building environment","timeElapsed":125,"timestamp":"2025-12-12T23:08:14.639Z"}
{"level":"info","message":"⌛ Validating parciales/elLegadoDeSoliamMurr/triunviratos.wlk","timeElapsed":118,"timestamp":"2025-12-12T23:08:14.853Z"}
{"level":"info","message":"⌛ Validating parciales/elLegadoDeSoliamMurr/triunviratos.wlk","timeElapsed":138,"timestamp":"2025-12-12T23:08:14.995Z"}
{"level":"info","message":"⌛ Validating parciales/elLegadoDeSoliamMurr/triunviratos.wlk","timeElapsed":145,"timestamp":"2025-12-12T23:08:15.141Z"}
{"level":"info","message":"⌛ Validating parciales/elLegadoDeSoliamMurr/triunviratos.wlk","timeElapsed":129,"timestamp":"2025-12-12T23:08:15.374Z"}
{"level":"info","message":"⌛ Validating parciales/elLegadoDeSoliamMurr/triunviratos.wlk","timeElapsed":118,"timestamp":"2025-12-12T23:08:15.544Z"}
{"level":"info","message":"⌛ Building environment","timeElapsed":124,"timestamp":"2025-12-12T23:08:15.669Z"}
{"level":"error","message":"✘ Completions for node Assignment ([27:24, 27:35] - parciales/elLegadoDeSoliamMurr/triunviratos.wlk) failed: Error: [Assignment]{8d0953} at parciales/elLegadoDeSoliamMurr/triunviratos.wlk:27 exhausted all cases without a match [Assignment]{8d0953} at parciales/elLegadoDeSoliamMurr/triunviratos.wlk:27 exhausted all cases without a match","stack":"Error: [Assignment]{8d0953} at parciales/elLegadoDeSoliamMurr/triunviratos.wlk:27 exhausted all cases without a match\n    at c:\\Users\\egoytendia\\.vscode\\extensions\\uqbar.wollok-lsp-ide-0.5.3\\out\\server\\src\\server.js:38:6142\n    at D2 (c:\\Users\\egoytendia\\.vscode\\extensions\\uqbar.wollok-lsp-ide-0.5.3\\out\\server\\src\\server.js:2384:42)\n    at Qh (c:\\Users\\egoytendia\\.vscode\\extensions\\uqbar.wollok-lsp-ide-0.5.3\\out\\server\\src\\server.js:2384:1092)\n    at k6n (c:\\Users\\egoytendia\\.vscode\\extensions\\uqbar.wollok-lsp-ide-0.5.3\\out\\server\\src\\server.js:2384:1248)\n    at c:\\Users\\egoytendia\\.vscode\\extensions\\uqbar.wollok-lsp-ide-0.5.3\\out\\server\\src\\server.js:38:6131\n    at D2 (c:\\Users\\egoytendia\\.vscode\\extensions\\uqbar.wollok-lsp-ide-0.5.3\\out\\server\\src\\server.js:2384:42)\n    at c:\\Users\\egoytendia\\.vscode\\extensions\\uqbar.wollok-lsp-ide-0.5.3\\out\\server\\src\\server.js:2384:2988\n    at c:\\Users\\egoytendia\\.vscode\\extensions\\uqbar.wollok-lsp-ide-0.5.3\\out\\server\\src\\server.js:2393:8440\n    at c:\\Users\\egoytendia\\.vscode\\extensions\\uqbar.wollok-lsp-ide-0.5.3\\out\\server\\src\\server.js:37:74872\n    at Ye (c:\\Users\\egoytendia\\.vscode\\extensions\\uqbar.wollok-lsp-ide-0.5.3\\out\\server\\src\\server.js:7:8527)","timestamp":"2025-12-12T23:08:15.806Z"}
{"level":"info","message":"⌛ Validating parciales/elLegadoDeSoliamMurr/triunviratos.wlk","timeElapsed":128,"timestamp":"2025-12-12T23:08:15.937Z"}
{"level":"info","message":"⌛ Validating parciales/elLegadoDeSoliamMurr/triunviratos.wlk","timeElapsed":129,"timestamp":"2025-12-12T23:08:16.066Z"}
{"level":"info","message":"⌛ Validating parciales/elLegadoDeSoliamMurr/triunviratos.wlk","timeElapsed":157,"timestamp":"2025-12-12T23:08:16.435Z"}
{"level":"info","message":"⌛ Validating parciales/elLegadoDeSoliamMurr/triunviratos.wlk","timeElapsed":106,"timestamp":"2025-12-12T23:08:16.544Z"}
{"level":"info","message":"⌛ Validating parciales/elLegadoDeSoliamMurr/triunviratos.wlk","timeElapsed":103,"timestamp":"2025-12-12T23:08:16.648Z"}
{"level":"info","message":"⌛ Building environment","timeElapsed":103,"timestamp":"2025-12-12T23:08:16.752Z"}
{"level":"info","message":"⌛ Validating parciales/elLegadoDeSoliamMurr/triunviratos.wlk","timeElapsed":135,"timestamp":"2025-12-12T23:08:16.893Z"}
{"level":"info","message":"⌛ Validating parciales/elLegadoDeSoliamMurr/triunviratos.wlk","timeElapsed":108,"timestamp":"2025-12-12T23:08:17.000Z"}
{"level":"info","message":"⌛ Validating parciales/elLegadoDeSoliamMurr/triunviratos.wlk","timeElapsed":118,"timestamp":"2025-12-12T23:08:17.120Z"}
{"level":"error","message":"✘ Completions for node Return (undefined - parciales/elLegadoDeSoliamMurr/triunviratos.wlk) failed: Error: [Return]{f430a8} at parciales/elLegadoDeSoliamMurr/triunviratos.wlk:-- exhausted all cases without a match [Return]{f430a8} at parciales/elLegadoDeSoliamMurr/triunviratos.wlk:-- exhausted all cases without a match","stack":"Error: [Return]{f430a8} at parciales/elLegadoDeSoliamMurr/triunviratos.wlk:-- exhausted all cases without a match\n    at c:\\Users\\egoytendia\\.vscode\\extensions\\uqbar.wollok-lsp-ide-0.5.3\\out\\server\\src\\server.js:38:6142\n    at D2 (c:\\Users\\egoytendia\\.vscode\\extensions\\uqbar.wollok-lsp-ide-0.5.3\\out\\server\\src\\server.js:2384:42)\n    at Qh (c:\\Users\\egoytendia\\.vscode\\extensions\\uqbar.wollok-lsp-ide-0.5.3\\out\\server\\src\\server.js:2384:1092)\n    at k6n (c:\\Users\\egoytendia\\.vscode\\extensions\\uqbar.wollok-lsp-ide-0.5.3\\out\\server\\src\\server.js:2384:1248)\n    at c:\\Users\\egoytendia\\.vscode\\extensions\\uqbar.wollok-lsp-ide-0.5.3\\out\\server\\src\\server.js:38:6131\n    at D2 (c:\\Users\\egoytendia\\.vscode\\extensions\\uqbar.wollok-lsp-ide-0.5.3\\out\\server\\src\\server.js:2384:42)\n    at c:\\Users\\egoytendia\\.vscode\\extensions\\uqbar.wollok-lsp-ide-0.5.3\\out\\server\\src\\server.js:2384:2988\n    at c:\\Users\\egoytendia\\.vscode\\extensions\\uqbar.wollok-lsp-ide-0.5.3\\out\\server\\src\\server.js:2393:8440\n    at c:\\Users\\egoytendia\\.vscode\\extensions\\uqbar.wollok-lsp-ide-0.5.3\\out\\server\\src\\server.js:37:74872\n    at Ye (c:\\Users\\egoytendia\\.vscode\\extensions\\uqbar.wollok-lsp-ide-0.5.3\\out\\server\\src\\server.js:7:8527)","timestamp":"2025-12-12T23:08:17.427Z"}
{"level":"info","message":"⌛ Validating parciales/elLegadoDeSoliamMurr/triunviratos.wlk","timeElapsed":164,"timestamp":"2025-12-12T23:08:17.596Z"}
{"level":"info","message":"⌛ Building environment","timeElapsed":142,"timestamp":"2025-12-12T23:08:17.739Z"}
{"level":"info","message":"⌛ Building environment","timeElapsed":157,"timestamp":"2025-12-12T23:08:17.896Z"}
{"level":"info","message":"⌛ Validating parciales/elLegadoDeSoliamMurr/triunviratos.wlk","timeElapsed":168,"timestamp":"2025-12-12T23:08:18.065Z"}
{"level":"info","message":"⌛ Validating parciales/elLegadoDeSoliamMurr/triunviratos.wlk","timeElapsed":123,"timestamp":"2025-12-12T23:08:18.206Z"}
{"level":"info","message":"⌛ Building environment","timeElapsed":129,"timestamp":"2025-12-12T23:08:18.653Z"}
{"level":"info","message":"⌛ Validating parciales/elLegadoDeSoliamMurr/triunviratos.wlk","timeElapsed":140,"timestamp":"2025-12-12T23:08:18.794Z"}
{"level":"info","message":"⌛ Building environment","timeElapsed":118,"timestamp":"2025-12-12T23:08:23.619Z"}
{"level":"info","message":"⌛ Validating parciales/elLegadoDeSoliamMurr/triunviratos.wlk","timeElapsed":119,"timestamp":"2025-12-12T23:08:23.739Z"}
{"level":"info","message":"⌛ Building environment","timeElapsed":110,"timestamp":"2025-12-12T23:08:23.850Z"}
{"level":"info","message":"⌛ Building environment","timeElapsed":107,"timestamp":"2025-12-12T23:08:23.958Z"}
{"level":"info","message":"⌛ Validating parciales/elLegadoDeSoliamMurr/triunviratos.wlk","timeElapsed":147,"timestamp":"2025-12-12T23:08:24.105Z"}
{"level":"info","message":"⌛ Validating parciales/elLegadoDeSoliamMurr/triunviratos.wlk","timeElapsed":128,"timestamp":"2025-12-12T23:08:24.234Z"}
{"level":"info","message":"⌛ Building environment","timeElapsed":122,"timestamp":"2025-12-12T23:08:24.445Z"}
{"level":"info","message":"⌛ Building environment","timeElapsed":109,"timestamp":"2025-12-12T23:08:24.555Z"}
{"level":"info","message":"⌛ Validating parciales/elLegadoDeSoliamMurr/triunviratos.wlk","timeElapsed":138,"timestamp":"2025-12-12T23:08:24.694Z"}
{"level":"info","message":"⌛ Validating parciales/elLegadoDeSoliamMurr/triunviratos.wlk","timeElapsed":124,"timestamp":"2025-12-12T23:08:24.818Z"}
{"level":"info","message":"⌛ Building environment","timeElapsed":109,"timestamp":"2025-12-12T23:08:24.929Z"}
{"level":"info","message":"⌛ Validating parciales/elLegadoDeSoliamMurr/triunviratos.wlk","timeElapsed":178,"timestamp":"2025-12-12T23:08:25.108Z"}
{"level":"info","message":"⌛ Validating parciales/elLegadoDeSoliamMurr/triunviratos.wlk","timeElapsed":116,"timestamp":"2025-12-12T23:08:25.316Z"}
{"level":"info","message":"⌛ Validating parciales/elLegadoDeSoliamMurr/triunviratos.wlk","timeElapsed":143,"timestamp":"2025-12-12T23:08:25.502Z"}
{"level":"info","message":"⌛ Building environment","timeElapsed":154,"timestamp":"2025-12-12T23:08:25.656Z"}
{"level":"error","message":"✘ Completions for node Return (undefined - parciales/elLegadoDeSoliamMurr/triunviratos.wlk) failed: Error: [Return]{1a1a6d} at parciales/elLegadoDeSoliamMurr/triunviratos.wlk:-- exhausted all cases without a match [Return]{1a1a6d} at parciales/elLegadoDeSoliamMurr/triunviratos.wlk:-- exhausted all cases without a match","stack":"Error: [Return]{1a1a6d} at parciales/elLegadoDeSoliamMurr/triunviratos.wlk:-- exhausted all cases without a match\n    at c:\\Users\\egoytendia\\.vscode\\extensions\\uqbar.wollok-lsp-ide-0.5.3\\out\\server\\src\\server.js:38:6142\n    at D2 (c:\\Users\\egoytendia\\.vscode\\extensions\\uqbar.wollok-lsp-ide-0.5.3\\out\\server\\src\\server.js:2384:42)\n    at Qh (c:\\Users\\egoytendia\\.vscode\\extensions\\uqbar.wollok-lsp-ide-0.5.3\\out\\server\\src\\server.js:2384:1092)\n    at k6n (c:\\Users\\egoytendia\\.vscode\\extensions\\uqbar.wollok-lsp-ide-0.5.3\\out\\server\\src\\server.js:2384:1248)\n    at c:\\Users\\egoytendia\\.vscode\\extensions\\uqbar.wollok-lsp-ide-0.5.3\\out\\server\\src\\server.js:38:6131\n    at D2 (c:\\Users\\egoytendia\\.vscode\\extensions\\uqbar.wollok-lsp-ide-0.5.3\\out\\server\\src\\server.js:2384:42)\n    at c:\\Users\\egoytendia\\.vscode\\extensions\\uqbar.wollok-lsp-ide-0.5.3\\out\\server\\src\\server.js:2384:2988\n    at c:\\Users\\egoytendia\\.vscode\\extensions\\uqbar.wollok-lsp-ide-0.5.3\\out\\server\\src\\server.js:2393:8440\n    at c:\\Users\\egoytendia\\.vscode\\extensions\\uqbar.wollok-lsp-ide-0.5.3\\out\\server\\src\\server.js:37:74872\n    at Ye (c:\\Users\\egoytendia\\.vscode\\extensions\\uqbar.wollok-lsp-ide-0.5.3\\out\\server\\src\\server.js:7:8527)","timestamp":"2025-12-12T23:08:25.704Z"}
{"level":"info","message":"⌛ Building environment","timeElapsed":104,"timestamp":"2025-12-12T23:08:25.813Z"}
{"level":"info","message":"⌛ Building environment","timeElapsed":106,"timestamp":"2025-12-12T23:08:25.919Z"}
{"level":"info","message":"⌛ Validating parciales/elLegadoDeSoliamMurr/triunviratos.wlk","timeElapsed":143,"timestamp":"2025-12-12T23:08:26.163Z"}
{"level":"info","message":"⌛ Building environment","timeElapsed":108,"timestamp":"2025-12-12T23:08:26.272Z"}
{"level":"error","message":"✘ Completions for node Return (undefined - parciales/elLegadoDeSoliamMurr/triunviratos.wlk) failed: Error: [Return]{9f53d4} at parciales/elLegadoDeSoliamMurr/triunviratos.wlk:-- exhausted all cases without a match [Return]{9f53d4} at parciales/elLegadoDeSoliamMurr/triunviratos.wlk:-- exhausted all cases without a match","stack":"Error: [Return]{9f53d4} at parciales/elLegadoDeSoliamMurr/triunviratos.wlk:-- exhausted all cases without a match\n    at c:\\Users\\egoytendia\\.vscode\\extensions\\uqbar.wollok-lsp-ide-0.5.3\\out\\server\\src\\server.js:38:6142\n    at D2 (c:\\Users\\egoytendia\\.vscode\\extensions\\uqbar.wollok-lsp-ide-0.5.3\\out\\server\\src\\server.js:2384:42)\n    at Qh (c:\\Users\\egoytendia\\.vscode\\extensions\\uqbar.wollok-lsp-ide-0.5.3\\out\\server\\src\\server.js:2384:1092)\n    at k6n (c:\\Users\\egoytendia\\.vscode\\extensions\\uqbar.wollok-lsp-ide-0.5.3\\out\\server\\src\\server.js:2384:1248)\n    at c:\\Users\\egoytendia\\.vscode\\extensions\\uqbar.wollok-lsp-ide-0.5.3\\out\\server\\src\\server.js:38:6131\n    at D2 (c:\\Users\\egoytendia\\.vscode\\extensions\\uqbar.wollok-lsp-ide-0.5.3\\out\\server\\src\\server.js:2384:42)\n    at c:\\Users\\egoytendia\\.vscode\\extensions\\uqbar.wollok-lsp-ide-0.5.3\\out\\server\\src\\server.js:2384:2988\n    at c:\\Users\\egoytendia\\.vscode\\extensions\\uqbar.wollok-lsp-ide-0.5.3\\out\\server\\src\\server.js:2393:8440\n    at c:\\Users\\egoytendia\\.vscode\\extensions\\uqbar.wollok-lsp-ide-0.5.3\\out\\server\\src\\server.js:37:74872\n    at Ye (c:\\Users\\egoytendia\\.vscode\\extensions\\uqbar.wollok-lsp-ide-0.5.3\\out\\server\\src\\server.js:7:8527)","timestamp":"2025-12-12T23:08:26.308Z"}
{"level":"info","message":"⌛ Validating parciales/elLegadoDeSoliamMurr/triunviratos.wlk","timeElapsed":120,"timestamp":"2025-12-12T23:08:26.433Z"}
{"level":"info","message":"⌛ Validating parciales/elLegadoDeSoliamMurr/triunviratos.wlk","timeElapsed":106,"timestamp":"2025-12-12T23:08:26.539Z"}
{"level":"info","message":"⌛ Validating parciales/elLegadoDeSoliamMurr/triunviratos.wlk","timeElapsed":123,"timestamp":"2025-12-12T23:08:26.787Z"}
{"level":"info","message":"⌛ Validating parciales/elLegadoDeSoliamMurr/triunviratos.wlk","timeElapsed":148,"timestamp":"2025-12-12T23:08:26.937Z"}
{"level":"info","message":"⌛ Validating parciales/elLegadoDeSoliamMurr/triunviratos.wlk","timeElapsed":128,"timestamp":"2025-12-12T23:08:27.067Z"}
{"level":"info","message":"⌛ Building environment","timeElapsed":220,"timestamp":"2025-12-12T23:08:28.947Z"}
{"level":"info","message":"⌛ Building environment","timeElapsed":127,"timestamp":"2025-12-12T23:08:29.077Z"}
{"level":"info","message":"⌛ Building environment","timeElapsed":143,"timestamp":"2025-12-12T23:08:29.221Z"}
{"level":"info","message":"⌛ Validating parciales/elLegadoDeSoliamMurr/triunviratos.wlk","timeElapsed":127,"timestamp":"2025-12-12T23:08:29.348Z"}
{"level":"info","message":"⌛ Building environment","timeElapsed":120,"timestamp":"2025-12-12T23:08:29.469Z"}
{"level":"info","message":"⌛ Validating parciales/elLegadoDeSoliamMurr/triunviratos.wlk","timeElapsed":125,"timestamp":"2025-12-12T23:08:29.595Z"}
{"level":"info","message":"⌛ Validating parciales/elLegadoDeSoliamMurr/triunviratos.wlk","timeElapsed":115,"timestamp":"2025-12-12T23:08:29.790Z"}
{"level":"info","message":"⌛ Validating parciales/elLegadoDeSoliamMurr/triunviratos.wlk","timeElapsed":118,"timestamp":"2025-12-12T23:08:29.995Z"}
{"level":"info","message":"⌛ Validating parciales/elLegadoDeSoliamMurr/triunviratos.wlk","timeElapsed":112,"timestamp":"2025-12-12T23:08:30.143Z"}
{"level":"info","message":"⌛ Validating parciales/elLegadoDeSoliamMurr/triunviratos.wlk","timeElapsed":108,"timestamp":"2025-12-12T23:08:30.251Z"}
{"level":"info","message":"⌛ Building environment","timeElapsed":136,"timestamp":"2025-12-12T23:08:32.537Z"}
{"level":"info","message":"⌛ Validating parciales/elLegadoDeSoliamMurr/triunviratos.wlk","timeElapsed":132,"timestamp":"2025-12-12T23:08:32.670Z"}
{"level":"error","message":"✘ Completions for node Send ([27:36, 27:92] - parciales/elLegadoDeSoliamMurr/triunviratos.wlk) failed: Error: [Send]{bd2d4f} at parciales/elLegadoDeSoliamMurr/triunviratos.wlk:27 exhausted all cases without a match [Send]{bd2d4f} at parciales/elLegadoDeSoliamMurr/triunviratos.wlk:27 exhausted all cases without a match","stack":"Error: [Send]{bd2d4f} at parciales/elLegadoDeSoliamMurr/triunviratos.wlk:27 exhausted all cases without a match\n    at c:\\Users\\egoytendia\\.vscode\\extensions\\uqbar.wollok-lsp-ide-0.5.3\\out\\server\\src\\server.js:38:6142\n    at D2 (c:\\Users\\egoytendia\\.vscode\\extensions\\uqbar.wollok-lsp-ide-0.5.3\\out\\server\\src\\server.js:2384:42)\n    at Qh (c:\\Users\\egoytendia\\.vscode\\extensions\\uqbar.wollok-lsp-ide-0.5.3\\out\\server\\src\\server.js:2384:1092)\n    at k6n (c:\\Users\\egoytendia\\.vscode\\extensions\\uqbar.wollok-lsp-ide-0.5.3\\out\\server\\src\\server.js:2384:1248)\n    at c:\\Users\\egoytendia\\.vscode\\extensions\\uqbar.wollok-lsp-ide-0.5.3\\out\\server\\src\\server.js:38:6131\n    at D2 (c:\\Users\\egoytendia\\.vscode\\extensions\\uqbar.wollok-lsp-ide-0.5.3\\out\\server\\src\\server.js:2384:42)\n    at c:\\Users\\egoytendia\\.vscode\\extensions\\uqbar.wollok-lsp-ide-0.5.3\\out\\server\\src\\server.js:2384:2988\n    at c:\\Users\\egoytendia\\.vscode\\extensions\\uqbar.wollok-lsp-ide-0.5.3\\out\\server\\src\\server.js:2393:8440\n    at c:\\Users\\egoytendia\\.vscode\\extensions\\uqbar.wollok-lsp-ide-0.5.3\\out\\server\\src\\server.js:37:74872\n    at Ye (c:\\Users\\egoytendia\\.vscode\\extensions\\uqbar.wollok-lsp-ide-0.5.3\\out\\server\\src\\server.js:7:8527)","timestamp":"2025-12-12T23:08:35.226Z"}
{"level":"error","message":"✘ Completions for node Return (undefined - parciales/elLegadoDeSoliamMurr/triunviratos.wlk) failed: Error: [Return]{d357ff} at parciales/elLegadoDeSoliamMurr/triunviratos.wlk:-- exhausted all cases without a match [Return]{d357ff} at parciales/elLegadoDeSoliamMurr/triunviratos.wlk:-- exhausted all cases without a match","stack":"Error: [Return]{d357ff} at parciales/elLegadoDeSoliamMurr/triunviratos.wlk:-- exhausted all cases without a match\n    at c:\\Users\\egoytendia\\.vscode\\extensions\\uqbar.wollok-lsp-ide-0.5.3\\out\\server\\src\\server.js:38:6142\n    at D2 (c:\\Users\\egoytendia\\.vscode\\extensions\\uqbar.wollok-lsp-ide-0.5.3\\out\\server\\src\\server.js:2384:42)\n    at Qh (c:\\Users\\egoytendia\\.vscode\\extensions\\uqbar.wollok-lsp-ide-0.5.3\\out\\server\\src\\server.js:2384:1092)\n    at D2 (c:\\Users\\egoytendia\\.vscode\\extensions\\uqbar.wollok-lsp-ide-0.5.3\\out\\server\\src\\server.js:2384:544)\n    at Qh (c:\\Users\\egoytendia\\.vscode\\extensions\\uqbar.wollok-lsp-ide-0.5.3\\out\\server\\src\\server.js:2384:1092)\n    at k6n (c:\\Users\\egoytendia\\.vscode\\extensions\\uqbar.wollok-lsp-ide-0.5.3\\out\\server\\src\\server.js:2384:1248)\n    at c:\\Users\\egoytendia\\.vscode\\extensions\\uqbar.wollok-lsp-ide-0.5.3\\out\\server\\src\\server.js:38:6131\n    at D2 (c:\\Users\\egoytendia\\.vscode\\extensions\\uqbar.wollok-lsp-ide-0.5.3\\out\\server\\src\\server.js:2384:42)\n    at c:\\Users\\egoytendia\\.vscode\\extensions\\uqbar.wollok-lsp-ide-0.5.3\\out\\server\\src\\server.js:2384:2988\n    at c:\\Users\\egoytendia\\.vscode\\extensions\\uqbar.wollok-lsp-ide-0.5.3\\out\\server\\src\\server.js:2393:8440","timestamp":"2025-12-12T23:08:35.227Z"}
{"level":"info","message":"⌛ Validating parciales/elLegadoDeSoliamMurr/triunviratos.wlk","timeElapsed":136,"timestamp":"2025-12-12T23:08:35.468Z"}
{"level":"info","message":"⌛ Validating parciales/elLegadoDeSoliamMurr/triunviratos.wlk","timeElapsed":114,"timestamp":"2025-12-12T23:08:35.583Z"}
{"level":"info","message":"⌛ Building environment","timeElapsed":160,"timestamp":"2025-12-12T23:08:35.993Z"}
{"level":"info","message":"⌛ Validating parciales/elLegadoDeSoliamMurr/triunviratos.wlk","timeElapsed":132,"timestamp":"2025-12-12T23:08:36.132Z"}
{"level":"info","message":"⌛ Validating parciales/elLegadoDeSoliamMurr/triunviratos.wlk","timeElapsed":111,"timestamp":"2025-12-12T23:08:37.163Z"}
{"level":"info","message":"⌛ Validating parciales/elLegadoDeSoliamMurr/triunviratos.wlk","timeElapsed":127,"timestamp":"2025-12-12T23:08:40.306Z"}
{"level":"info","message":"⌛ Building environment","timeElapsed":132,"timestamp":"2025-12-12T23:08:41.537Z"}
{"level":"error","message":"✘ Completions for node Send ([27:36, 27:93] - parciales/elLegadoDeSoliamMurr/triunviratos.wlk) failed: Error: [Send]{0900f3} at parciales/elLegadoDeSoliamMurr/triunviratos.wlk:27 exhausted all cases without a match [Send]{0900f3} at parciales/elLegadoDeSoliamMurr/triunviratos.wlk:27 exhausted all cases without a match","stack":"Error: [Send]{0900f3} at parciales/elLegadoDeSoliamMurr/triunviratos.wlk:27 exhausted all cases without a match\n    at c:\\Users\\egoytendia\\.vscode\\extensions\\uqbar.wollok-lsp-ide-0.5.3\\out\\server\\src\\server.js:38:6142\n    at D2 (c:\\Users\\egoytendia\\.vscode\\extensions\\uqbar.wollok-lsp-ide-0.5.3\\out\\server\\src\\server.js:2384:42)\n    at Qh (c:\\Users\\egoytendia\\.vscode\\extensions\\uqbar.wollok-lsp-ide-0.5.3\\out\\server\\src\\server.js:2384:1092)\n    at k6n (c:\\Users\\egoytendia\\.vscode\\extensions\\uqbar.wollok-lsp-ide-0.5.3\\out\\server\\src\\server.js:2384:1248)\n    at c:\\Users\\egoytendia\\.vscode\\extensions\\uqbar.wollok-lsp-ide-0.5.3\\out\\server\\src\\server.js:38:6131\n    at D2 (c:\\Users\\egoytendia\\.vscode\\extensions\\uqbar.wollok-lsp-ide-0.5.3\\out\\server\\src\\server.js:2384:42)\n    at c:\\Users\\egoytendia\\.vscode\\extensions\\uqbar.wollok-lsp-ide-0.5.3\\out\\server\\src\\server.js:2384:2988\n    at c:\\Users\\egoytendia\\.vscode\\extensions\\uqbar.wollok-lsp-ide-0.5.3\\out\\server\\src\\server.js:2393:8440\n    at c:\\Users\\egoytendia\\.vscode\\extensions\\uqbar.wollok-lsp-ide-0.5.3\\out\\server\\src\\server.js:37:74872\n    at Ye (c:\\Users\\egoytendia\\.vscode\\extensions\\uqbar.wollok-lsp-ide-0.5.3\\out\\server\\src\\server.js:7:8527)","timestamp":"2025-12-12T23:08:41.571Z"}
{"level":"error","message":"✘ Completions for node Return (undefined - parciales/elLegadoDeSoliamMurr/triunviratos.wlk) failed: Error: [Return]{ccb09d} at parciales/elLegadoDeSoliamMurr/triunviratos.wlk:-- exhausted all cases without a match [Return]{ccb09d} at parciales/elLegadoDeSoliamMurr/triunviratos.wlk:-- exhausted all cases without a match","stack":"Error: [Return]{ccb09d} at parciales/elLegadoDeSoliamMurr/triunviratos.wlk:-- exhausted all cases without a match\n    at c:\\Users\\egoytendia\\.vscode\\extensions\\uqbar.wollok-lsp-ide-0.5.3\\out\\server\\src\\server.js:38:6142\n    at D2 (c:\\Users\\egoytendia\\.vscode\\extensions\\uqbar.wollok-lsp-ide-0.5.3\\out\\server\\src\\server.js:2384:42)\n    at Qh (c:\\Users\\egoytendia\\.vscode\\extensions\\uqbar.wollok-lsp-ide-0.5.3\\out\\server\\src\\server.js:2384:1092)\n    at D2 (c:\\Users\\egoytendia\\.vscode\\extensions\\uqbar.wollok-lsp-ide-0.5.3\\out\\server\\src\\server.js:2384:544)\n    at Qh (c:\\Users\\egoytendia\\.vscode\\extensions\\uqbar.wollok-lsp-ide-0.5.3\\out\\server\\src\\server.js:2384:1092)\n    at k6n (c:\\Users\\egoytendia\\.vscode\\extensions\\uqbar.wollok-lsp-ide-0.5.3\\out\\server\\src\\server.js:2384:1248)\n    at c:\\Users\\egoytendia\\.vscode\\extensions\\uqbar.wollok-lsp-ide-0.5.3\\out\\server\\src\\server.js:38:6131\n    at D2 (c:\\Users\\egoytendia\\.vscode\\extensions\\uqbar.wollok-lsp-ide-0.5.3\\out\\server\\src\\server.js:2384:42)\n    at c:\\Users\\egoytendia\\.vscode\\extensions\\uqbar.wollok-lsp-ide-0.5.3\\out\\server\\src\\server.js:2384:2988\n    at c:\\Users\\egoytendia\\.vscode\\extensions\\uqbar.wollok-lsp-ide-0.5.3\\out\\server\\src\\server.js:2393:8440","timestamp":"2025-12-12T23:08:41.571Z"}
{"level":"info","message":"⌛ Validating parciales/elLegadoDeSoliamMurr/triunviratos.wlk","timeElapsed":133,"timestamp":"2025-12-12T23:08:41.804Z"}
{"level":"info","message":"⌛ Validating parciales/elLegadoDeSoliamMurr/triunviratos.wlk","timeElapsed":116,"timestamp":"2025-12-12T23:08:42.042Z"}
{"level":"info","message":"⌛ Validating parciales/elLegadoDeSoliamMurr/triunviratos.wlk","timeElapsed":148,"timestamp":"2025-12-12T23:08:42.199Z"}
{"level":"info","message":"⌛ Building environment","timeElapsed":127,"timestamp":"2025-12-12T23:08:49.163Z"}
{"level":"error","message":"✘ Completions for node Send ([27:36, 27:93] - parciales/elLegadoDeSoliamMurr/triunviratos.wlk) failed: Error: [Send]{359f41} at parciales/elLegadoDeSoliamMurr/triunviratos.wlk:27 exhausted all cases without a match [Send]{359f41} at parciales/elLegadoDeSoliamMurr/triunviratos.wlk:27 exhausted all cases without a match","stack":"Error: [Send]{359f41} at parciales/elLegadoDeSoliamMurr/triunviratos.wlk:27 exhausted all cases without a match\n    at c:\\Users\\egoytendia\\.vscode\\extensions\\uqbar.wollok-lsp-ide-0.5.3\\out\\server\\src\\server.js:38:6142\n    at D2 (c:\\Users\\egoytendia\\.vscode\\extensions\\uqbar.wollok-lsp-ide-0.5.3\\out\\server\\src\\server.js:2384:42)\n    at Qh (c:\\Users\\egoytendia\\.vscode\\extensions\\uqbar.wollok-lsp-ide-0.5.3\\out\\server\\src\\server.js:2384:1092)\n    at k6n (c:\\Users\\egoytendia\\.vscode\\extensions\\uqbar.wollok-lsp-ide-0.5.3\\out\\server\\src\\server.js:2384:1248)\n    at c:\\Users\\egoytendia\\.vscode\\extensions\\uqbar.wollok-lsp-ide-0.5.3\\out\\server\\src\\server.js:38:6131\n    at D2 (c:\\Users\\egoytendia\\.vscode\\extensions\\uqbar.wollok-lsp-ide-0.5.3\\out\\server\\src\\server.js:2384:42)\n    at c:\\Users\\egoytendia\\.vscode\\extensions\\uqbar.wollok-lsp-ide-0.5.3\\out\\server\\src\\server.js:2384:2988\n    at c:\\Users\\egoytendia\\.vscode\\extensions\\uqbar.wollok-lsp-ide-0.5.3\\out\\server\\src\\server.js:2393:8440\n    at c:\\Users\\egoytendia\\.vscode\\extensions\\uqbar.wollok-lsp-ide-0.5.3\\out\\server\\src\\server.js:37:74872\n    at Ye (c:\\Users\\egoytendia\\.vscode\\extensions\\uqbar.wollok-lsp-ide-0.5.3\\out\\server\\src\\server.js:7:8527)","timestamp":"2025-12-12T23:08:49.203Z"}
{"level":"error","message":"✘ Completions for node Return (undefined - parciales/elLegadoDeSoliamMurr/triunviratos.wlk) failed: Error: [Return]{274dd0} at parciales/elLegadoDeSoliamMurr/triunviratos.wlk:-- exhausted all cases without a match [Return]{274dd0} at parciales/elLegadoDeSoliamMurr/triunviratos.wlk:-- exhausted all cases without a match","stack":"Error: [Return]{274dd0} at parciales/elLegadoDeSoliamMurr/triunviratos.wlk:-- exhausted all cases without a match\n    at c:\\Users\\egoytendia\\.vscode\\extensions\\uqbar.wollok-lsp-ide-0.5.3\\out\\server\\src\\server.js:38:6142\n    at D2 (c:\\Users\\egoytendia\\.vscode\\extensions\\uqbar.wollok-lsp-ide-0.5.3\\out\\server\\src\\server.js:2384:42)\n    at Qh (c:\\Users\\egoytendia\\.vscode\\extensions\\uqbar.wollok-lsp-ide-0.5.3\\out\\server\\src\\server.js:2384:1092)\n    at D2 (c:\\Users\\egoytendia\\.vscode\\extensions\\uqbar.wollok-lsp-ide-0.5.3\\out\\server\\src\\server.js:2384:544)\n    at Qh (c:\\Users\\egoytendia\\.vscode\\extensions\\uqbar.wollok-lsp-ide-0.5.3\\out\\server\\src\\server.js:2384:1092)\n    at k6n (c:\\Users\\egoytendia\\.vscode\\extensions\\uqbar.wollok-lsp-ide-0.5.3\\out\\server\\src\\server.js:2384:1248)\n    at c:\\Users\\egoytendia\\.vscode\\extensions\\uqbar.wollok-lsp-ide-0.5.3\\out\\server\\src\\server.js:38:6131\n    at D2 (c:\\Users\\egoytendia\\.vscode\\extensions\\uqbar.wollok-lsp-ide-0.5.3\\out\\server\\src\\server.js:2384:42)\n    at c:\\Users\\egoytendia\\.vscode\\extensions\\uqbar.wollok-lsp-ide-0.5.3\\out\\server\\src\\server.js:2384:2988\n    at c:\\Users\\egoytendia\\.vscode\\extensions\\uqbar.wollok-lsp-ide-0.5.3\\out\\server\\src\\server.js:2393:8440","timestamp":"2025-12-12T23:08:49.204Z"}
{"level":"info","message":"⌛ Validating parciales/elLegadoDeSoliamMurr/triunviratos.wlk","timeElapsed":118,"timestamp":"2025-12-12T23:08:49.326Z"}
{"level":"info","message":"⌛ Building environment","timeElapsed":120,"timestamp":"2025-12-12T23:08:49.447Z"}
{"level":"info","message":"⌛ Building environment","timeElapsed":109,"timestamp":"2025-12-12T23:08:49.557Z"}
{"level":"error","message":"✘ Completions for node Send ([27:36, 27:93] - parciales/elLegadoDeSoliamMurr/triunviratos.wlk) failed: Error: [Send]{e5981c} at parciales/elLegadoDeSoliamMurr/triunviratos.wlk:27 exhausted all cases without a match [Send]{e5981c} at parciales/elLegadoDeSoliamMurr/triunviratos.wlk:27 exhausted all cases without a match","stack":"Error: [Send]{e5981c} at parciales/elLegadoDeSoliamMurr/triunviratos.wlk:27 exhausted all cases without a match\n    at c:\\Users\\egoytendia\\.vscode\\extensions\\uqbar.wollok-lsp-ide-0.5.3\\out\\server\\src\\server.js:38:6142\n    at D2 (c:\\Users\\egoytendia\\.vscode\\extensions\\uqbar.wollok-lsp-ide-0.5.3\\out\\server\\src\\server.js:2384:42)\n    at Qh (c:\\Users\\egoytendia\\.vscode\\extensions\\uqbar.wollok-lsp-ide-0.5.3\\out\\server\\src\\server.js:2384:1092)\n    at k6n (c:\\Users\\egoytendia\\.vscode\\extensions\\uqbar.wollok-lsp-ide-0.5.3\\out\\server\\src\\server.js:2384:1248)\n    at c:\\Users\\egoytendia\\.vscode\\extensions\\uqbar.wollok-lsp-ide-0.5.3\\out\\server\\src\\server.js:38:6131\n    at D2 (c:\\Users\\egoytendia\\.vscode\\extensions\\uqbar.wollok-lsp-ide-0.5.3\\out\\server\\src\\server.js:2384:42)\n    at c:\\Users\\egoytendia\\.vscode\\extensions\\uqbar.wollok-lsp-ide-0.5.3\\out\\server\\src\\server.js:2384:2988\n    at c:\\Users\\egoytendia\\.vscode\\extensions\\uqbar.wollok-lsp-ide-0.5.3\\out\\server\\src\\server.js:2393:8440\n    at c:\\Users\\egoytendia\\.vscode\\extensions\\uqbar.wollok-lsp-ide-0.5.3\\out\\server\\src\\server.js:37:74872\n    at Ye (c:\\Users\\egoytendia\\.vscode\\extensions\\uqbar.wollok-lsp-ide-0.5.3\\out\\server\\src\\server.js:7:8527)","timestamp":"2025-12-12T23:08:49.597Z"}
{"level":"error","message":"✘ Completions for node Return (undefined - parciales/elLegadoDeSoliamMurr/triunviratos.wlk) failed: Error: [Return]{b45506} at parciales/elLegadoDeSoliamMurr/triunviratos.wlk:-- exhausted all cases without a match [Return]{b45506} at parciales/elLegadoDeSoliamMurr/triunviratos.wlk:-- exhausted all cases without a match","stack":"Error: [Return]{b45506} at parciales/elLegadoDeSoliamMurr/triunviratos.wlk:-- exhausted all cases without a match\n    at c:\\Users\\egoytendia\\.vscode\\extensions\\uqbar.wollok-lsp-ide-0.5.3\\out\\server\\src\\server.js:38:6142\n    at D2 (c:\\Users\\egoytendia\\.vscode\\extensions\\uqbar.wollok-lsp-ide-0.5.3\\out\\server\\src\\server.js:2384:42)\n    at Qh (c:\\Users\\egoytendia\\.vscode\\extensions\\uqbar.wollok-lsp-ide-0.5.3\\out\\server\\src\\server.js:2384:1092)\n    at D2 (c:\\Users\\egoytendia\\.vscode\\extensions\\uqbar.wollok-lsp-ide-0.5.3\\out\\server\\src\\server.js:2384:544)\n    at Qh (c:\\Users\\egoytendia\\.vscode\\extensions\\uqbar.wollok-lsp-ide-0.5.3\\out\\server\\src\\server.js:2384:1092)\n    at k6n (c:\\Users\\egoytendia\\.vscode\\extensions\\uqbar.wollok-lsp-ide-0.5.3\\out\\server\\src\\server.js:2384:1248)\n    at c:\\Users\\egoytendia\\.vscode\\extensions\\uqbar.wollok-lsp-ide-0.5.3\\out\\server\\src\\server.js:38:6131\n    at D2 (c:\\Users\\egoytendia\\.vscode\\extensions\\uqbar.wollok-lsp-ide-0.5.3\\out\\server\\src\\server.js:2384:42)\n    at c:\\Users\\egoytendia\\.vscode\\extensions\\uqbar.wollok-lsp-ide-0.5.3\\out\\server\\src\\server.js:2384:2988\n    at c:\\Users\\egoytendia\\.vscode\\extensions\\uqbar.wollok-lsp-ide-0.5.3\\out\\server\\src\\server.js:2393:8440","timestamp":"2025-12-12T23:08:49.598Z"}
{"level":"info","message":"⌛ Validating parciales/elLegadoDeSoliamMurr/triunviratos.wlk","timeElapsed":137,"timestamp":"2025-12-12T23:08:49.748Z"}
{"level":"info","message":"⌛ Validating parciales/elLegadoDeSoliamMurr/triunviratos.wlk","timeElapsed":127,"timestamp":"2025-12-12T23:08:49.876Z"}
{"level":"info","message":"⌛ Building environment","timeElapsed":112,"timestamp":"2025-12-12T23:08:56.179Z"}
{"level":"error","message":"✘ Completions for node Send ([27:36, 27:83] - parciales/elLegadoDeSoliamMurr/triunviratos.wlk) failed: Error: [Send]{9db9bd} at parciales/elLegadoDeSoliamMurr/triunviratos.wlk:27 exhausted all cases without a match [Send]{9db9bd} at parciales/elLegadoDeSoliamMurr/triunviratos.wlk:27 exhausted all cases without a match","stack":"Error: [Send]{9db9bd} at parciales/elLegadoDeSoliamMurr/triunviratos.wlk:27 exhausted all cases without a match\n    at c:\\Users\\egoytendia\\.vscode\\extensions\\uqbar.wollok-lsp-ide-0.5.3\\out\\server\\src\\server.js:38:6142\n    at D2 (c:\\Users\\egoytendia\\.vscode\\extensions\\uqbar.wollok-lsp-ide-0.5.3\\out\\server\\src\\server.js:2384:42)\n    at Qh (c:\\Users\\egoytendia\\.vscode\\extensions\\uqbar.wollok-lsp-ide-0.5.3\\out\\server\\src\\server.js:2384:1092)\n    at k6n (c:\\Users\\egoytendia\\.vscode\\extensions\\uqbar.wollok-lsp-ide-0.5.3\\out\\server\\src\\server.js:2384:1248)\n    at c:\\Users\\egoytendia\\.vscode\\extensions\\uqbar.wollok-lsp-ide-0.5.3\\out\\server\\src\\server.js:38:6131\n    at D2 (c:\\Users\\egoytendia\\.vscode\\extensions\\uqbar.wollok-lsp-ide-0.5.3\\out\\server\\src\\server.js:2384:42)\n    at c:\\Users\\egoytendia\\.vscode\\extensions\\uqbar.wollok-lsp-ide-0.5.3\\out\\server\\src\\server.js:2384:2988\n    at c:\\Users\\egoytendia\\.vscode\\extensions\\uqbar.wollok-lsp-ide-0.5.3\\out\\server\\src\\server.js:2393:8440\n    at c:\\Users\\egoytendia\\.vscode\\extensions\\uqbar.wollok-lsp-ide-0.5.3\\out\\server\\src\\server.js:37:74872\n    at Ye (c:\\Users\\egoytendia\\.vscode\\extensions\\uqbar.wollok-lsp-ide-0.5.3\\out\\server\\src\\server.js:7:8527)","timestamp":"2025-12-12T23:08:56.214Z"}
{"level":"error","message":"✘ Completions for node Return (undefined - parciales/elLegadoDeSoliamMurr/triunviratos.wlk) failed: Error: [Return]{c960a2} at parciales/elLegadoDeSoliamMurr/triunviratos.wlk:-- exhausted all cases without a match [Return]{c960a2} at parciales/elLegadoDeSoliamMurr/triunviratos.wlk:-- exhausted all cases without a match","stack":"Error: [Return]{c960a2} at parciales/elLegadoDeSoliamMurr/triunviratos.wlk:-- exhausted all cases without a match\n    at c:\\Users\\egoytendia\\.vscode\\extensions\\uqbar.wollok-lsp-ide-0.5.3\\out\\server\\src\\server.js:38:6142\n    at D2 (c:\\Users\\egoytendia\\.vscode\\extensions\\uqbar.wollok-lsp-ide-0.5.3\\out\\server\\src\\server.js:2384:42)\n    at Qh (c:\\Users\\egoytendia\\.vscode\\extensions\\uqbar.wollok-lsp-ide-0.5.3\\out\\server\\src\\server.js:2384:1092)\n    at D2 (c:\\Users\\egoytendia\\.vscode\\extensions\\uqbar.wollok-lsp-ide-0.5.3\\out\\server\\src\\server.js:2384:544)\n    at Qh (c:\\Users\\egoytendia\\.vscode\\extensions\\uqbar.wollok-lsp-ide-0.5.3\\out\\server\\src\\server.js:2384:1092)\n    at k6n (c:\\Users\\egoytendia\\.vscode\\extensions\\uqbar.wollok-lsp-ide-0.5.3\\out\\server\\src\\server.js:2384:1248)\n    at c:\\Users\\egoytendia\\.vscode\\extensions\\uqbar.wollok-lsp-ide-0.5.3\\out\\server\\src\\server.js:38:6131\n    at D2 (c:\\Users\\egoytendia\\.vscode\\extensions\\uqbar.wollok-lsp-ide-0.5.3\\out\\server\\src\\server.js:2384:42)\n    at c:\\Users\\egoytendia\\.vscode\\extensions\\uqbar.wollok-lsp-ide-0.5.3\\out\\server\\src\\server.js:2384:2988\n    at c:\\Users\\egoytendia\\.vscode\\extensions\\uqbar.wollok-lsp-ide-0.5.3\\out\\server\\src\\server.js:2393:8440","timestamp":"2025-12-12T23:08:56.214Z"}
{"level":"info","message":"⌛ Building environment","timeElapsed":110,"timestamp":"2025-12-12T23:08:56.328Z"}
{"level":"info","message":"⌛ Validating parciales/elLegadoDeSoliamMurr/triunviratos.wlk","timeElapsed":192,"timestamp":"2025-12-12T23:08:56.523Z"}
{"level":"info","message":"⌛ Building environment","timeElapsed":106,"timestamp":"2025-12-12T23:08:56.630Z"}
{"level":"info","message":"⌛ Validating parciales/elLegadoDeSoliamMurr/triunviratos.wlk","timeElapsed":150,"timestamp":"2025-12-12T23:08:56.781Z"}
{"level":"info","message":"⌛ Validating parciales/elLegadoDeSoliamMurr/triunviratos.wlk","timeElapsed":122,"timestamp":"2025-12-12T23:08:56.911Z"}
{"level":"error","message":"✘ Completions for node Send ([27:36, 27:86] - parciales/elLegadoDeSoliamMurr/triunviratos.wlk) failed: Error: [Send]{9c4b34} at parciales/elLegadoDeSoliamMurr/triunviratos.wlk:27 exhausted all cases without a match [Send]{9c4b34} at parciales/elLegadoDeSoliamMurr/triunviratos.wlk:27 exhausted all cases without a match","stack":"Error: [Send]{9c4b34} at parciales/elLegadoDeSoliamMurr/triunviratos.wlk:27 exhausted all cases without a match\n    at c:\\Users\\egoytendia\\.vscode\\extensions\\uqbar.wollok-lsp-ide-0.5.3\\out\\server\\src\\server.js:38:6142\n    at D2 (c:\\Users\\egoytendia\\.vscode\\extensions\\uqbar.wollok-lsp-ide-0.5.3\\out\\server\\src\\server.js:2384:42)\n    at Qh (c:\\Users\\egoytendia\\.vscode\\extensions\\uqbar.wollok-lsp-ide-0.5.3\\out\\server\\src\\server.js:2384:1092)\n    at k6n (c:\\Users\\egoytendia\\.vscode\\extensions\\uqbar.wollok-lsp-ide-0.5.3\\out\\server\\src\\server.js:2384:1248)\n    at c:\\Users\\egoytendia\\.vscode\\extensions\\uqbar.wollok-lsp-ide-0.5.3\\out\\server\\src\\server.js:38:6131\n    at D2 (c:\\Users\\egoytendia\\.vscode\\extensions\\uqbar.wollok-lsp-ide-0.5.3\\out\\server\\src\\server.js:2384:42)\n    at c:\\Users\\egoytendia\\.vscode\\extensions\\uqbar.wollok-lsp-ide-0.5.3\\out\\server\\src\\server.js:2384:2988\n    at c:\\Users\\egoytendia\\.vscode\\extensions\\uqbar.wollok-lsp-ide-0.5.3\\out\\server\\src\\server.js:2393:8440\n    at c:\\Users\\egoytendia\\.vscode\\extensions\\uqbar.wollok-lsp-ide-0.5.3\\out\\server\\src\\server.js:37:74872\n    at Ye (c:\\Users\\egoytendia\\.vscode\\extensions\\uqbar.wollok-lsp-ide-0.5.3\\out\\server\\src\\server.js:7:8527)","timestamp":"2025-12-12T23:08:57.039Z"}
{"level":"error","message":"✘ Completions for node Return (undefined - parciales/elLegadoDeSoliamMurr/triunviratos.wlk) failed: Error: [Return]{c164a2} at parciales/elLegadoDeSoliamMurr/triunviratos.wlk:-- exhausted all cases without a match [Return]{c164a2} at parciales/elLegadoDeSoliamMurr/triunviratos.wlk:-- exhausted all cases without a match","stack":"Error: [Return]{c164a2} at parciales/elLegadoDeSoliamMurr/triunviratos.wlk:-- exhausted all cases without a match\n    at c:\\Users\\egoytendia\\.vscode\\extensions\\uqbar.wollok-lsp-ide-0.5.3\\out\\server\\src\\server.js:38:6142\n    at D2 (c:\\Users\\egoytendia\\.vscode\\extensions\\uqbar.wollok-lsp-ide-0.5.3\\out\\server\\src\\server.js:2384:42)\n    at Qh (c:\\Users\\egoytendia\\.vscode\\extensions\\uqbar.wollok-lsp-ide-0.5.3\\out\\server\\src\\server.js:2384:1092)\n    at D2 (c:\\Users\\egoytendia\\.vscode\\extensions\\uqbar.wollok-lsp-ide-0.5.3\\out\\server\\src\\server.js:2384:544)\n    at Qh (c:\\Users\\egoytendia\\.vscode\\extensions\\uqbar.wollok-lsp-ide-0.5.3\\out\\server\\src\\server.js:2384:1092)\n    at k6n (c:\\Users\\egoytendia\\.vscode\\extensions\\uqbar.wollok-lsp-ide-0.5.3\\out\\server\\src\\server.js:2384:1248)\n    at c:\\Users\\egoytendia\\.vscode\\extensions\\uqbar.wollok-lsp-ide-0.5.3\\out\\server\\src\\server.js:38:6131\n    at D2 (c:\\Users\\egoytendia\\.vscode\\extensions\\uqbar.wollok-lsp-ide-0.5.3\\out\\server\\src\\server.js:2384:42)\n    at c:\\Users\\egoytendia\\.vscode\\extensions\\uqbar.wollok-lsp-ide-0.5.3\\out\\server\\src\\server.js:2384:2988\n    at c:\\Users\\egoytendia\\.vscode\\extensions\\uqbar.wollok-lsp-ide-0.5.3\\out\\server\\src\\server.js:2393:8440","timestamp":"2025-12-12T23:08:57.039Z"}
{"level":"info","message":"⌛ Validating parciales/elLegadoDeSoliamMurr/triunviratos.wlk","timeElapsed":113,"timestamp":"2025-12-12T23:08:57.157Z"}
{"level":"error","message":"✘ Completions for node Send ([27:36, 27:87] - parciales/elLegadoDeSoliamMurr/triunviratos.wlk) failed: Error: [Send]{4445f4} at parciales/elLegadoDeSoliamMurr/triunviratos.wlk:27 exhausted all cases without a match [Send]{4445f4} at parciales/elLegadoDeSoliamMurr/triunviratos.wlk:27 exhausted all cases without a match","stack":"Error: [Send]{4445f4} at parciales/elLegadoDeSoliamMurr/triunviratos.wlk:27 exhausted all cases without a match\n    at c:\\Users\\egoytendia\\.vscode\\extensions\\uqbar.wollok-lsp-ide-0.5.3\\out\\server\\src\\server.js:38:6142\n    at D2 (c:\\Users\\egoytendia\\.vscode\\extensions\\uqbar.wollok-lsp-ide-0.5.3\\out\\server\\src\\server.js:2384:42)\n    at Qh (c:\\Users\\egoytendia\\.vscode\\extensions\\uqbar.wollok-lsp-ide-0.5.3\\out\\server\\src\\server.js:2384:1092)\n    at k6n (c:\\Users\\egoytendia\\.vscode\\extensions\\uqbar.wollok-lsp-ide-0.5.3\\out\\server\\src\\server.js:2384:1248)\n    at c:\\Users\\egoytendia\\.vscode\\extensions\\uqbar.wollok-lsp-ide-0.5.3\\out\\server\\src\\server.js:38:6131\n    at D2 (c:\\Users\\egoytendia\\.vscode\\extensions\\uqbar.wollok-lsp-ide-0.5.3\\out\\server\\src\\server.js:2384:42)\n    at c:\\Users\\egoytendia\\.vscode\\extensions\\uqbar.wollok-lsp-ide-0.5.3\\out\\server\\src\\server.js:2384:2988\n    at c:\\Users\\egoytendia\\.vscode\\extensions\\uqbar.wollok-lsp-ide-0.5.3\\out\\server\\src\\server.js:2393:8440\n    at c:\\Users\\egoytendia\\.vscode\\extensions\\uqbar.wollok-lsp-ide-0.5.3\\out\\server\\src\\server.js:37:74872\n    at Ye (c:\\Users\\egoytendia\\.vscode\\extensions\\uqbar.wollok-lsp-ide-0.5.3\\out\\server\\src\\server.js:7:8527)","timestamp":"2025-12-12T23:08:57.339Z"}
{"level":"error","message":"✘ Completions for node Return (undefined - parciales/elLegadoDeSoliamMurr/triunviratos.wlk) failed: Error: [Return]{06bde3} at parciales/elLegadoDeSoliamMurr/triunviratos.wlk:-- exhausted all cases without a match [Return]{06bde3} at parciales/elLegadoDeSoliamMurr/triunviratos.wlk:-- exhausted all cases without a match","stack":"Error: [Return]{06bde3} at parciales/elLegadoDeSoliamMurr/triunviratos.wlk:-- exhausted all cases without a match\n    at c:\\Users\\egoytendia\\.vscode\\extensions\\uqbar.wollok-lsp-ide-0.5.3\\out\\server\\src\\server.js:38:6142\n    at D2 (c:\\Users\\egoytendia\\.vscode\\extensions\\uqbar.wollok-lsp-ide-0.5.3\\out\\server\\src\\server.js:2384:42)\n    at Qh (c:\\Users\\egoytendia\\.vscode\\extensions\\uqbar.wollok-lsp-ide-0.5.3\\out\\server\\src\\server.js:2384:1092)\n    at D2 (c:\\Users\\egoytendia\\.vscode\\extensions\\uqbar.wollok-lsp-ide-0.5.3\\out\\server\\src\\server.js:2384:544)\n    at Qh (c:\\Users\\egoytendia\\.vscode\\extensions\\uqbar.wollok-lsp-ide-0.5.3\\out\\server\\src\\server.js:2384:1092)\n    at k6n (c:\\Users\\egoytendia\\.vscode\\extensions\\uqbar.wollok-lsp-ide-0.5.3\\out\\server\\src\\server.js:2384:1248)\n    at c:\\Users\\egoytendia\\.vscode\\extensions\\uqbar.wollok-lsp-ide-0.5.3\\out\\server\\src\\server.js:38:6131\n    at D2 (c:\\Users\\egoytendia\\.vscode\\extensions\\uqbar.wollok-lsp-ide-0.5.3\\out\\server\\src\\server.js:2384:42)\n    at c:\\Users\\egoytendia\\.vscode\\extensions\\uqbar.wollok-lsp-ide-0.5.3\\out\\server\\src\\server.js:2384:2988\n    at c:\\Users\\egoytendia\\.vscode\\extensions\\uqbar.wollok-lsp-ide-0.5.3\\out\\server\\src\\server.js:2393:8440","timestamp":"2025-12-12T23:08:57.339Z"}
{"level":"info","message":"⌛ Validating parciales/elLegadoDeSoliamMurr/triunviratos.wlk","timeElapsed":126,"timestamp":"2025-12-12T23:08:57.468Z"}
{"level":"error","message":"✘ Completions for node Send ([27:36, 27:89] - parciales/elLegadoDeSoliamMurr/triunviratos.wlk) failed: Error: [Send]{822590} at parciales/elLegadoDeSoliamMurr/triunviratos.wlk:27 exhausted all cases without a match [Send]{822590} at parciales/elLegadoDeSoliamMurr/triunviratos.wlk:27 exhausted all cases without a match","stack":"Error: [Send]{822590} at parciales/elLegadoDeSoliamMurr/triunviratos.wlk:27 exhausted all cases without a match\n    at c:\\Users\\egoytendia\\.vscode\\extensions\\uqbar.wollok-lsp-ide-0.5.3\\out\\server\\src\\server.js:38:6142\n    at D2 (c:\\Users\\egoytendia\\.vscode\\extensions\\uqbar.wollok-lsp-ide-0.5.3\\out\\server\\src\\server.js:2384:42)\n    at Qh (c:\\Users\\egoytendia\\.vscode\\extensions\\uqbar.wollok-lsp-ide-0.5.3\\out\\server\\src\\server.js:2384:1092)\n    at k6n (c:\\Users\\egoytendia\\.vscode\\extensions\\uqbar.wollok-lsp-ide-0.5.3\\out\\server\\src\\server.js:2384:1248)\n    at c:\\Users\\egoytendia\\.vscode\\extensions\\uqbar.wollok-lsp-ide-0.5.3\\out\\server\\src\\server.js:38:6131\n    at D2 (c:\\Users\\egoytendia\\.vscode\\extensions\\uqbar.wollok-lsp-ide-0.5.3\\out\\server\\src\\server.js:2384:42)\n    at c:\\Users\\egoytendia\\.vscode\\extensions\\uqbar.wollok-lsp-ide-0.5.3\\out\\server\\src\\server.js:2384:2988\n    at c:\\Users\\egoytendia\\.vscode\\extensions\\uqbar.wollok-lsp-ide-0.5.3\\out\\server\\src\\server.js:2393:8440\n    at c:\\Users\\egoytendia\\.vscode\\extensions\\uqbar.wollok-lsp-ide-0.5.3\\out\\server\\src\\server.js:37:74872\n    at Ye (c:\\Users\\egoytendia\\.vscode\\extensions\\uqbar.wollok-lsp-ide-0.5.3\\out\\server\\src\\server.js:7:8527)","timestamp":"2025-12-12T23:08:57.687Z"}
{"level":"error","message":"✘ Completions for node Return (undefined - parciales/elLegadoDeSoliamMurr/triunviratos.wlk) failed: Error: [Return]{7b3165} at parciales/elLegadoDeSoliamMurr/triunviratos.wlk:-- exhausted all cases without a match [Return]{7b3165} at parciales/elLegadoDeSoliamMurr/triunviratos.wlk:-- exhausted all cases without a match","stack":"Error: [Return]{7b3165} at parciales/elLegadoDeSoliamMurr/triunviratos.wlk:-- exhausted all cases without a match\n    at c:\\Users\\egoytendia\\.vscode\\extensions\\uqbar.wollok-lsp-ide-0.5.3\\out\\server\\src\\server.js:38:6142\n    at D2 (c:\\Users\\egoytendia\\.vscode\\extensions\\uqbar.wollok-lsp-ide-0.5.3\\out\\server\\src\\server.js:2384:42)\n    at Qh (c:\\Users\\egoytendia\\.vscode\\extensions\\uqbar.wollok-lsp-ide-0.5.3\\out\\server\\src\\server.js:2384:1092)\n    at D2 (c:\\Users\\egoytendia\\.vscode\\extensions\\uqbar.wollok-lsp-ide-0.5.3\\out\\server\\src\\server.js:2384:544)\n    at Qh (c:\\Users\\egoytendia\\.vscode\\extensions\\uqbar.wollok-lsp-ide-0.5.3\\out\\server\\src\\server.js:2384:1092)\n    at k6n (c:\\Users\\egoytendia\\.vscode\\extensions\\uqbar.wollok-lsp-ide-0.5.3\\out\\server\\src\\server.js:2384:1248)\n    at c:\\Users\\egoytendia\\.vscode\\extensions\\uqbar.wollok-lsp-ide-0.5.3\\out\\server\\src\\server.js:38:6131\n    at D2 (c:\\Users\\egoytendia\\.vscode\\extensions\\uqbar.wollok-lsp-ide-0.5.3\\out\\server\\src\\server.js:2384:42)\n    at c:\\Users\\egoytendia\\.vscode\\extensions\\uqbar.wollok-lsp-ide-0.5.3\\out\\server\\src\\server.js:2384:2988\n    at c:\\Users\\egoytendia\\.vscode\\extensions\\uqbar.wollok-lsp-ide-0.5.3\\out\\server\\src\\server.js:2393:8440","timestamp":"2025-12-12T23:08:57.687Z"}
{"level":"info","message":"⌛ Validating parciales/elLegadoDeSoliamMurr/triunviratos.wlk","timeElapsed":139,"timestamp":"2025-12-12T23:08:57.930Z"}
{"level":"info","message":"⌛ Validating parciales/elLegadoDeSoliamMurr/triunviratos.wlk","timeElapsed":105,"timestamp":"2025-12-12T23:08:58.036Z"}
{"level":"info","message":"⌛ Validating parciales/elLegadoDeSoliamMurr/triunviratos.wlk","timeElapsed":108,"timestamp":"2025-12-12T23:08:58.149Z"}
{"level":"info","message":"⌛ Building environment","timeElapsed":155,"timestamp":"2025-12-12T23:09:43.992Z"}
{"level":"info","message":"⌛ Validating parciales/elLegadoDeSoliamMurr/triunviratos.wlk","timeElapsed":126,"timestamp":"2025-12-12T23:09:44.119Z"}
{"level":"info","message":"⌛ Building environment","timeElapsed":103,"timestamp":"2025-12-12T23:09:44.223Z"}
{"level":"info","message":"⌛ Building environment","timeElapsed":120,"timestamp":"2025-12-12T23:09:44.344Z"}
{"level":"info","message":"⌛ Validating parciales/elLegadoDeSoliamMurr/triunviratos.wlk","timeElapsed":128,"timestamp":"2025-12-12T23:09:44.472Z"}
{"level":"error","message":"✘ Completions for node Send ([27:36, 27:88] - parciales/elLegadoDeSoliamMurr/triunviratos.wlk) failed: Error: [Send]{9e878f} at parciales/elLegadoDeSoliamMurr/triunviratos.wlk:27 exhausted all cases without a match [Send]{9e878f} at parciales/elLegadoDeSoliamMurr/triunviratos.wlk:27 exhausted all cases without a match","stack":"Error: [Send]{9e878f} at parciales/elLegadoDeSoliamMurr/triunviratos.wlk:27 exhausted all cases without a match\n    at c:\\Users\\egoytendia\\.vscode\\extensions\\uqbar.wollok-lsp-ide-0.5.3\\out\\server\\src\\server.js:38:6142\n    at D2 (c:\\Users\\egoytendia\\.vscode\\extensions\\uqbar.wollok-lsp-ide-0.5.3\\out\\server\\src\\server.js:2384:42)\n    at Qh (c:\\Users\\egoytendia\\.vscode\\extensions\\uqbar.wollok-lsp-ide-0.5.3\\out\\server\\src\\server.js:2384:1092)\n    at k6n (c:\\Users\\egoytendia\\.vscode\\extensions\\uqbar.wollok-lsp-ide-0.5.3\\out\\server\\src\\server.js:2384:1248)\n    at c:\\Users\\egoytendia\\.vscode\\extensions\\uqbar.wollok-lsp-ide-0.5.3\\out\\server\\src\\server.js:38:6131\n    at D2 (c:\\Users\\egoytendia\\.vscode\\extensions\\uqbar.wollok-lsp-ide-0.5.3\\out\\server\\src\\server.js:2384:42)\n    at c:\\Users\\egoytendia\\.vscode\\extensions\\uqbar.wollok-lsp-ide-0.5.3\\out\\server\\src\\server.js:2384:2988\n    at c:\\Users\\egoytendia\\.vscode\\extensions\\uqbar.wollok-lsp-ide-0.5.3\\out\\server\\src\\server.js:2393:8440\n    at c:\\Users\\egoytendia\\.vscode\\extensions\\uqbar.wollok-lsp-ide-0.5.3\\out\\server\\src\\server.js:37:74872\n    at Ye (c:\\Users\\egoytendia\\.vscode\\extensions\\uqbar.wollok-lsp-ide-0.5.3\\out\\server\\src\\server.js:7:8527)","timestamp":"2025-12-12T23:09:44.599Z"}
{"level":"error","message":"✘ Completions for node Return (undefined - parciales/elLegadoDeSoliamMurr/triunviratos.wlk) failed: Error: [Return]{c86dbc} at parciales/elLegadoDeSoliamMurr/triunviratos.wlk:-- exhausted all cases without a match [Return]{c86dbc} at parciales/elLegadoDeSoliamMurr/triunviratos.wlk:-- exhausted all cases without a match","stack":"Error: [Return]{c86dbc} at parciales/elLegadoDeSoliamMurr/triunviratos.wlk:-- exhausted all cases without a match\n    at c:\\Users\\egoytendia\\.vscode\\extensions\\uqbar.wollok-lsp-ide-0.5.3\\out\\server\\src\\server.js:38:6142\n    at D2 (c:\\Users\\egoytendia\\.vscode\\extensions\\uqbar.wollok-lsp-ide-0.5.3\\out\\server\\src\\server.js:2384:42)\n    at Qh (c:\\Users\\egoytendia\\.vscode\\extensions\\uqbar.wollok-lsp-ide-0.5.3\\out\\server\\src\\server.js:2384:1092)\n    at D2 (c:\\Users\\egoytendia\\.vscode\\extensions\\uqbar.wollok-lsp-ide-0.5.3\\out\\server\\src\\server.js:2384:544)\n    at Qh (c:\\Users\\egoytendia\\.vscode\\extensions\\uqbar.wollok-lsp-ide-0.5.3\\out\\server\\src\\server.js:2384:1092)\n    at k6n (c:\\Users\\egoytendia\\.vscode\\extensions\\uqbar.wollok-lsp-ide-0.5.3\\out\\server\\src\\server.js:2384:1248)\n    at c:\\Users\\egoytendia\\.vscode\\extensions\\uqbar.wollok-lsp-ide-0.5.3\\out\\server\\src\\server.js:38:6131\n    at D2 (c:\\Users\\egoytendia\\.vscode\\extensions\\uqbar.wollok-lsp-ide-0.5.3\\out\\server\\src\\server.js:2384:42)\n    at c:\\Users\\egoytendia\\.vscode\\extensions\\uqbar.wollok-lsp-ide-0.5.3\\out\\server\\src\\server.js:2384:2988\n    at c:\\Users\\egoytendia\\.vscode\\extensions\\uqbar.wollok-lsp-ide-0.5.3\\out\\server\\src\\server.js:2393:8440","timestamp":"2025-12-12T23:09:44.599Z"}
{"level":"info","message":"⌛ Validating parciales/elLegadoDeSoliamMurr/triunviratos.wlk","timeElapsed":183,"timestamp":"2025-12-12T23:09:44.786Z"}
{"level":"info","message":"⌛ Validating parciales/elLegadoDeSoliamMurr/triunviratos.wlk","timeElapsed":111,"timestamp":"2025-12-12T23:09:44.898Z"}
{"level":"info","message":"⌛ Building environment","timeElapsed":123,"timestamp":"2025-12-12T23:10:09.088Z"}
{"level":"error","message":"✘ Completions for node Send ([27:36, 27:81] - parciales/elLegadoDeSoliamMurr/triunviratos.wlk) failed: Error: [Send]{21a73e} at parciales/elLegadoDeSoliamMurr/triunviratos.wlk:27 exhausted all cases without a match [Send]{21a73e} at parciales/elLegadoDeSoliamMurr/triunviratos.wlk:27 exhausted all cases without a match","stack":"Error: [Send]{21a73e} at parciales/elLegadoDeSoliamMurr/triunviratos.wlk:27 exhausted all cases without a match\n    at c:\\Users\\egoytendia\\.vscode\\extensions\\uqbar.wollok-lsp-ide-0.5.3\\out\\server\\src\\server.js:38:6142\n    at D2 (c:\\Users\\egoytendia\\.vscode\\extensions\\uqbar.wollok-lsp-ide-0.5.3\\out\\server\\src\\server.js:2384:42)\n    at Qh (c:\\Users\\egoytendia\\.vscode\\extensions\\uqbar.wollok-lsp-ide-0.5.3\\out\\server\\src\\server.js:2384:1092)\n    at k6n (c:\\Users\\egoytendia\\.vscode\\extensions\\uqbar.wollok-lsp-ide-0.5.3\\out\\server\\src\\server.js:2384:1248)\n    at c:\\Users\\egoytendia\\.vscode\\extensions\\uqbar.wollok-lsp-ide-0.5.3\\out\\server\\src\\server.js:38:6131\n    at D2 (c:\\Users\\egoytendia\\.vscode\\extensions\\uqbar.wollok-lsp-ide-0.5.3\\out\\server\\src\\server.js:2384:42)\n    at c:\\Users\\egoytendia\\.vscode\\extensions\\uqbar.wollok-lsp-ide-0.5.3\\out\\server\\src\\server.js:2384:2988\n    at c:\\Users\\egoytendia\\.vscode\\extensions\\uqbar.wollok-lsp-ide-0.5.3\\out\\server\\src\\server.js:2393:8440\n    at c:\\Users\\egoytendia\\.vscode\\extensions\\uqbar.wollok-lsp-ide-0.5.3\\out\\server\\src\\server.js:37:74872\n    at Ye (c:\\Users\\egoytendia\\.vscode\\extensions\\uqbar.wollok-lsp-ide-0.5.3\\out\\server\\src\\server.js:7:8527)","timestamp":"2025-12-12T23:10:09.118Z"}
{"level":"error","message":"✘ Completions for node Return (undefined - parciales/elLegadoDeSoliamMurr/triunviratos.wlk) failed: Error: [Return]{741607} at parciales/elLegadoDeSoliamMurr/triunviratos.wlk:-- exhausted all cases without a match [Return]{741607} at parciales/elLegadoDeSoliamMurr/triunviratos.wlk:-- exhausted all cases without a match","stack":"Error: [Return]{741607} at parciales/elLegadoDeSoliamMurr/triunviratos.wlk:-- exhausted all cases without a match\n    at c:\\Users\\egoytendia\\.vscode\\extensions\\uqbar.wollok-lsp-ide-0.5.3\\out\\server\\src\\server.js:38:6142\n    at D2 (c:\\Users\\egoytendia\\.vscode\\extensions\\uqbar.wollok-lsp-ide-0.5.3\\out\\server\\src\\server.js:2384:42)\n    at Qh (c:\\Users\\egoytendia\\.vscode\\extensions\\uqbar.wollok-lsp-ide-0.5.3\\out\\server\\src\\server.js:2384:1092)\n    at D2 (c:\\Users\\egoytendia\\.vscode\\extensions\\uqbar.wollok-lsp-ide-0.5.3\\out\\server\\src\\server.js:2384:544)\n    at Qh (c:\\Users\\egoytendia\\.vscode\\extensions\\uqbar.wollok-lsp-ide-0.5.3\\out\\server\\src\\server.js:2384:1092)\n    at k6n (c:\\Users\\egoytendia\\.vscode\\extensions\\uqbar.wollok-lsp-ide-0.5.3\\out\\server\\src\\server.js:2384:1248)\n    at c:\\Users\\egoytendia\\.vscode\\extensions\\uqbar.wollok-lsp-ide-0.5.3\\out\\server\\src\\server.js:38:6131\n    at D2 (c:\\Users\\egoytendia\\.vscode\\extensions\\uqbar.wollok-lsp-ide-0.5.3\\out\\server\\src\\server.js:2384:42)\n    at c:\\Users\\egoytendia\\.vscode\\extensions\\uqbar.wollok-lsp-ide-0.5.3\\out\\server\\src\\server.js:2384:2988\n    at c:\\Users\\egoytendia\\.vscode\\extensions\\uqbar.wollok-lsp-ide-0.5.3\\out\\server\\src\\server.js:2393:8440","timestamp":"2025-12-12T23:10:09.118Z"}
{"level":"info","message":"⌛ Validating parciales/elLegadoDeSoliamMurr/triunviratos.wlk","timeElapsed":166,"timestamp":"2025-12-12T23:10:09.288Z"}
{"level":"info","message":"⌛ Building environment","timeElapsed":130,"timestamp":"2025-12-12T23:10:09.419Z"}
{"level":"info","message":"⌛ Building environment","timeElapsed":102,"timestamp":"2025-12-12T23:10:09.522Z"}
{"level":"info","message":"⌛ Validating parciales/elLegadoDeSoliamMurr/triunviratos.wlk","timeElapsed":140,"timestamp":"2025-12-12T23:10:09.663Z"}
{"level":"info","message":"⌛ Validating parciales/elLegadoDeSoliamMurr/triunviratos.wlk","timeElapsed":157,"timestamp":"2025-12-12T23:10:09.911Z"}
{"level":"info","message":"⌛ Building environment","timeElapsed":157,"timestamp":"2025-12-12T23:10:10.070Z"}
{"level":"info","message":"⌛ Building environment","timeElapsed":115,"timestamp":"2025-12-12T23:10:10.186Z"}
{"level":"info","message":"⌛ Validating parciales/elLegadoDeSoliamMurr/triunviratos.wlk","timeElapsed":116,"timestamp":"2025-12-12T23:10:10.399Z"}
{"level":"error","message":"✘ Completions for node Send ([27:36, 27:89] - parciales/elLegadoDeSoliamMurr/triunviratos.wlk) failed: Error: [Send]{28571e} at parciales/elLegadoDeSoliamMurr/triunviratos.wlk:27 exhausted all cases without a match [Send]{28571e} at parciales/elLegadoDeSoliamMurr/triunviratos.wlk:27 exhausted all cases without a match","stack":"Error: [Send]{28571e} at parciales/elLegadoDeSoliamMurr/triunviratos.wlk:27 exhausted all cases without a match\n    at c:\\Users\\egoytendia\\.vscode\\extensions\\uqbar.wollok-lsp-ide-0.5.3\\out\\server\\src\\server.js:38:6142\n    at D2 (c:\\Users\\egoytendia\\.vscode\\extensions\\uqbar.wollok-lsp-ide-0.5.3\\out\\server\\src\\server.js:2384:42)\n    at Qh (c:\\Users\\egoytendia\\.vscode\\extensions\\uqbar.wollok-lsp-ide-0.5.3\\out\\server\\src\\server.js:2384:1092)\n    at k6n (c:\\Users\\egoytendia\\.vscode\\extensions\\uqbar.wollok-lsp-ide-0.5.3\\out\\server\\src\\server.js:2384:1248)\n    at c:\\Users\\egoytendia\\.vscode\\extensions\\uqbar.wollok-lsp-ide-0.5.3\\out\\server\\src\\server.js:38:6131\n    at D2 (c:\\Users\\egoytendia\\.vscode\\extensions\\uqbar.wollok-lsp-ide-0.5.3\\out\\server\\src\\server.js:2384:42)\n    at c:\\Users\\egoytendia\\.vscode\\extensions\\uqbar.wollok-lsp-ide-0.5.3\\out\\server\\src\\server.js:2384:2988\n    at c:\\Users\\egoytendia\\.vscode\\extensions\\uqbar.wollok-lsp-ide-0.5.3\\out\\server\\src\\server.js:2393:8440\n    at c:\\Users\\egoytendia\\.vscode\\extensions\\uqbar.wollok-lsp-ide-0.5.3\\out\\server\\src\\server.js:37:74872\n    at Ye (c:\\Users\\egoytendia\\.vscode\\extensions\\uqbar.wollok-lsp-ide-0.5.3\\out\\server\\src\\server.js:7:8527)","timestamp":"2025-12-12T23:10:10.671Z"}
{"level":"error","message":"✘ Completions for node Return (undefined - parciales/elLegadoDeSoliamMurr/triunviratos.wlk) failed: Error: [Return]{b15d7d} at parciales/elLegadoDeSoliamMurr/triunviratos.wlk:-- exhausted all cases without a match [Return]{b15d7d} at parciales/elLegadoDeSoliamMurr/triunviratos.wlk:-- exhausted all cases without a match","stack":"Error: [Return]{b15d7d} at parciales/elLegadoDeSoliamMurr/triunviratos.wlk:-- exhausted all cases without a match\n    at c:\\Users\\egoytendia\\.vscode\\extensions\\uqbar.wollok-lsp-ide-0.5.3\\out\\server\\src\\server.js:38:6142\n    at D2 (c:\\Users\\egoytendia\\.vscode\\extensions\\uqbar.wollok-lsp-ide-0.5.3\\out\\server\\src\\server.js:2384:42)\n    at Qh (c:\\Users\\egoytendia\\.vscode\\extensions\\uqbar.wollok-lsp-ide-0.5.3\\out\\server\\src\\server.js:2384:1092)\n    at D2 (c:\\Users\\egoytendia\\.vscode\\extensions\\uqbar.wollok-lsp-ide-0.5.3\\out\\server\\src\\server.js:2384:544)\n    at Qh (c:\\Users\\egoytendia\\.vscode\\extensions\\uqbar.wollok-lsp-ide-0.5.3\\out\\server\\src\\server.js:2384:1092)\n    at k6n (c:\\Users\\egoytendia\\.vscode\\extensions\\uqbar.wollok-lsp-ide-0.5.3\\out\\server\\src\\server.js:2384:1248)\n    at c:\\Users\\egoytendia\\.vscode\\extensions\\uqbar.wollok-lsp-ide-0.5.3\\out\\server\\src\\server.js:38:6131\n    at D2 (c:\\Users\\egoytendia\\.vscode\\extensions\\uqbar.wollok-lsp-ide-0.5.3\\out\\server\\src\\server.js:2384:42)\n    at c:\\Users\\egoytendia\\.vscode\\extensions\\uqbar.wollok-lsp-ide-0.5.3\\out\\server\\src\\server.js:2384:2988\n    at c:\\Users\\egoytendia\\.vscode\\extensions\\uqbar.wollok-lsp-ide-0.5.3\\out\\server\\src\\server.js:2393:8440","timestamp":"2025-12-12T23:10:10.671Z"}
{"level":"info","message":"⌛ Validating parciales/elLegadoDeSoliamMurr/triunviratos.wlk","timeElapsed":112,"timestamp":"2025-12-12T23:10:10.787Z"}
{"level":"info","message":"⌛ Validating parciales/elLegadoDeSoliamMurr/triunviratos.wlk","timeElapsed":122,"timestamp":"2025-12-12T23:10:10.912Z"}
{"level":"info","message":"⌛ Validating parciales/elLegadoDeSoliamMurr/triunviratos.wlk","timeElapsed":125,"timestamp":"2025-12-12T23:10:11.038Z"}
{"level":"info","message":"⌛ Validating parciales/elLegadoDeSoliamMurr/triunviratos.wlk","timeElapsed":109,"timestamp":"2025-12-12T23:10:11.147Z"}
{"level":"info","message":"⌛ Validating parciales/elLegadoDeSoliamMurr/triunviratos.wlk","timeElapsed":114,"timestamp":"2025-12-12T23:10:11.261Z"}
{"level":"info","message":"⌛ Building environment","timeElapsed":120,"timestamp":"2025-12-12T23:10:14.494Z"}
{"level":"info","message":"⌛ Validating parciales/elLegadoDeSoliamMurr/triunviratos.wlk","timeElapsed":119,"timestamp":"2025-12-12T23:10:14.619Z"}
{"level":"info","message":"⌛ Building environment","timeElapsed":130,"timestamp":"2025-12-12T23:10:14.751Z"}
{"level":"info","message":"⌛ Validating parciales/elLegadoDeSoliamMurr/triunviratos.wlk","timeElapsed":131,"timestamp":"2025-12-12T23:10:14.883Z"}
{"level":"info","message":"⌛ Building environment","timeElapsed":104,"timestamp":"2025-12-12T23:10:15.242Z"}
{"level":"info","message":"⌛ Validating parciales/elLegadoDeSoliamMurr/triunviratos.wlk","timeElapsed":115,"timestamp":"2025-12-12T23:10:15.503Z"}
{"level":"info","message":"⌛ Building environment","timeElapsed":126,"timestamp":"2025-12-12T23:10:15.630Z"}
{"level":"info","message":"⌛ Validating parciales/elLegadoDeSoliamMurr/triunviratos.wlk","timeElapsed":134,"timestamp":"2025-12-12T23:10:15.765Z"}
{"level":"info","message":"⌛ Validating parciales/elLegadoDeSoliamMurr/triunviratos.wlk","timeElapsed":123,"timestamp":"2025-12-12T23:10:15.892Z"}
{"level":"info","message":"⌛ Building environment","timeElapsed":112,"timestamp":"2025-12-12T23:10:21.090Z"}
{"level":"info","message":"⌛ Validating parciales/elLegadoDeSoliamMurr/triunviratos.wlk","timeElapsed":119,"timestamp":"2025-12-12T23:10:21.219Z"}
{"level":"info","message":"⌛ Building environment","timeElapsed":131,"timestamp":"2025-12-12T23:10:23.319Z"}
{"level":"info","message":"⌛ Validating parciales/elLegadoDeSoliamMurr/triunviratos.wlk","timeElapsed":126,"timestamp":"2025-12-12T23:10:23.489Z"}
{"level":"info","message":"⌛ Building environment","timeElapsed":135,"timestamp":"2025-12-12T23:10:23.685Z"}
{"level":"info","message":"⌛ Building environment","timeElapsed":122,"timestamp":"2025-12-12T23:10:23.809Z"}
{"level":"info","message":"⌛ Building environment","timeElapsed":113,"timestamp":"2025-12-12T23:10:23.970Z"}
{"level":"info","message":"⌛ Validating parciales/elLegadoDeSoliamMurr/triunviratos.wlk","timeElapsed":145,"timestamp":"2025-12-12T23:10:24.116Z"}
{"level":"info","message":"⌛ Validating parciales/elLegadoDeSoliamMurr/triunviratos.wlk","timeElapsed":117,"timestamp":"2025-12-12T23:10:24.325Z"}
{"level":"info","message":"⌛ Validating parciales/elLegadoDeSoliamMurr/triunviratos.wlk","timeElapsed":110,"timestamp":"2025-12-12T23:10:24.535Z"}
{"level":"info","message":"⌛ Building environment","timeElapsed":102,"timestamp":"2025-12-12T23:10:25.439Z"}
{"level":"info","message":"⌛ Validating parciales/elLegadoDeSoliamMurr/triunviratos.wlk","timeElapsed":143,"timestamp":"2025-12-12T23:10:25.583Z"}
{"level":"info","message":"⌛ Building environment","timeElapsed":104,"timestamp":"2025-12-12T23:10:25.687Z"}
{"level":"info","message":"⌛ Building environment","timeElapsed":115,"timestamp":"2025-12-12T23:10:25.841Z"}
{"level":"info","message":"⌛ Validating parciales/elLegadoDeSoliamMurr/triunviratos.wlk","timeElapsed":114,"timestamp":"2025-12-12T23:10:25.967Z"}
{"level":"info","message":"⌛ Validating parciales/elLegadoDeSoliamMurr/triunviratos.wlk","timeElapsed":127,"timestamp":"2025-12-12T23:10:26.193Z"}
{"level":"info","message":"⌛ Validating parciales/elLegadoDeSoliamMurr/triunviratos.wlk","timeElapsed":106,"timestamp":"2025-12-12T23:10:26.305Z"}
{"level":"info","message":"⌛ Validating parciales/elLegadoDeSoliamMurr/triunviratos.wlk","timeElapsed":105,"timestamp":"2025-12-12T23:10:26.411Z"}
{"level":"info","message":"⌛ Building environment","timeElapsed":155,"timestamp":"2025-12-12T23:10:27.342Z"}
{"level":"info","message":"⌛ Validating parciales/elLegadoDeSoliamMurr/triunviratos.wlk","timeElapsed":109,"timestamp":"2025-12-12T23:10:27.498Z"}
{"level":"info","message":"⌛ Validating parciales/elLegadoDeSoliamMurr/triunviratos.wlk","timeElapsed":115,"timestamp":"2025-12-12T23:10:27.911Z"}
{"level":"info","message":"⌛ Building environment","timeElapsed":111,"timestamp":"2025-12-12T23:10:28.024Z"}
{"level":"info","message":"⌛ Building environment","timeElapsed":102,"timestamp":"2025-12-12T23:10:28.127Z"}
{"level":"info","message":"⌛ Validating parciales/elLegadoDeSoliamMurr/triunviratos.wlk","timeElapsed":134,"timestamp":"2025-12-12T23:10:28.305Z"}
{"level":"info","message":"⌛ Building environment","timeElapsed":150,"timestamp":"2025-12-12T23:10:28.456Z"}
{"level":"info","message":"⌛ Validating parciales/elLegadoDeSoliamMurr/triunviratos.wlk","timeElapsed":119,"timestamp":"2025-12-12T23:10:28.576Z"}
{"level":"info","message":"⌛ Building environment","timeElapsed":123,"timestamp":"2025-12-12T23:10:28.700Z"}
{"level":"info","message":"⌛ Building environment","timeElapsed":101,"timestamp":"2025-12-12T23:10:28.801Z"}
{"level":"info","message":"⌛ Validating parciales/elLegadoDeSoliamMurr/triunviratos.wlk","timeElapsed":122,"timestamp":"2025-12-12T23:10:29.153Z"}
{"level":"info","message":"⌛ Building environment","timeElapsed":109,"timestamp":"2025-12-12T23:10:29.289Z"}
{"level":"info","message":"⌛ Validating parciales/elLegadoDeSoliamMurr/triunviratos.wlk","timeElapsed":133,"timestamp":"2025-12-12T23:10:29.428Z"}
{"level":"info","message":"⌛ Validating parciales/elLegadoDeSoliamMurr/triunviratos.wlk","timeElapsed":102,"timestamp":"2025-12-12T23:10:29.530Z"}
{"level":"info","message":"⌛ Validating parciales/elLegadoDeSoliamMurr/triunviratos.wlk","timeElapsed":140,"timestamp":"2025-12-12T23:10:29.676Z"}
{"level":"info","message":"⌛ Validating parciales/elLegadoDeSoliamMurr/triunviratos.wlk","timeElapsed":108,"timestamp":"2025-12-12T23:10:29.784Z"}
{"level":"info","message":"⌛ Validating parciales/elLegadoDeSoliamMurr/triunviratos.wlk","timeElapsed":110,"timestamp":"2025-12-12T23:10:30.009Z"}
{"level":"info","message":"⌛ Building environment","timeElapsed":110,"timestamp":"2025-12-12T23:10:30.120Z"}
{"level":"info","message":"⌛ Validating parciales/elLegadoDeSoliamMurr/triunviratos.wlk","timeElapsed":134,"timestamp":"2025-12-12T23:10:30.261Z"}
{"level":"info","message":"⌛ Validating parciales/elLegadoDeSoliamMurr/triunviratos.wlk","timeElapsed":105,"timestamp":"2025-12-12T23:10:30.369Z"}
{"level":"info","message":"⌛ Building environment","timeElapsed":107,"timestamp":"2025-12-12T23:10:32.461Z"}
{"level":"error","message":"✘ Completions for node Parameter ([30:33, 30:34] - parciales/elLegadoDeSoliamMurr/triunviratos.wlk) failed: Error: [Parameter]{ede65d} at parciales/elLegadoDeSoliamMurr/triunviratos.wlk:30 exhausted all cases without a match [Parameter]{ede65d} at parciales/elLegadoDeSoliamMurr/triunviratos.wlk:30 exhausted all cases without a match","stack":"Error: [Parameter]{ede65d} at parciales/elLegadoDeSoliamMurr/triunviratos.wlk:30 exhausted all cases without a match\n    at c:\\Users\\egoytendia\\.vscode\\extensions\\uqbar.wollok-lsp-ide-0.5.3\\out\\server\\src\\server.js:38:6142\n    at D2 (c:\\Users\\egoytendia\\.vscode\\extensions\\uqbar.wollok-lsp-ide-0.5.3\\out\\server\\src\\server.js:2384:42)\n    at c:\\Users\\egoytendia\\.vscode\\extensions\\uqbar.wollok-lsp-ide-0.5.3\\out\\server\\src\\server.js:2384:2988\n    at c:\\Users\\egoytendia\\.vscode\\extensions\\uqbar.wollok-lsp-ide-0.5.3\\out\\server\\src\\server.js:2393:8440\n    at c:\\Users\\egoytendia\\.vscode\\extensions\\uqbar.wollok-lsp-ide-0.5.3\\out\\server\\src\\server.js:37:74872\n    at Ye (c:\\Users\\egoytendia\\.vscode\\extensions\\uqbar.wollok-lsp-ide-0.5.3\\out\\server\\src\\server.js:7:8527)\n    at qt (c:\\Users\\egoytendia\\.vscode\\extensions\\uqbar.wollok-lsp-ide-0.5.3\\out\\server\\src\\server.js:7:6189)\n    at ot (c:\\Users\\egoytendia\\.vscode\\extensions\\uqbar.wollok-lsp-ide-0.5.3\\out\\server\\src\\server.js:7:6378)\n    at Immediate._onImmediate (c:\\Users\\egoytendia\\.vscode\\extensions\\uqbar.wollok-lsp-ide-0.5.3\\out\\server\\src\\server.js:7:6142)\n    at process.processImmediate (node:internal/timers:485:21)","timestamp":"2025-12-12T23:10:32.491Z"}
{"level":"info","message":"⌛ Validating parciales/elLegadoDeSoliamMurr/triunviratos.wlk","timeElapsed":119,"timestamp":"2025-12-12T23:10:32.616Z"}
{"level":"info","message":"⌛ Building environment","timeElapsed":130,"timestamp":"2025-12-12T23:10:32.747Z"}
{"level":"info","message":"⌛ Building environment","timeElapsed":105,"timestamp":"2025-12-12T23:10:32.854Z"}
{"level":"info","message":"⌛ Validating parciales/elLegadoDeSoliamMurr/triunviratos.wlk","timeElapsed":131,"timestamp":"2025-12-12T23:10:32.985Z"}
{"level":"info","message":"⌛ Validating parciales/elLegadoDeSoliamMurr/triunviratos.wlk","timeElapsed":122,"timestamp":"2025-12-12T23:10:33.210Z"}
{"level":"info","message":"⌛ Validating parciales/elLegadoDeSoliamMurr/triunviratos.wlk","timeElapsed":144,"timestamp":"2025-12-12T23:10:33.579Z"}
{"level":"info","message":"⌛ Building environment","timeElapsed":106,"timestamp":"2025-12-12T23:10:33.686Z"}
{"level":"info","message":"⌛ Building environment","timeElapsed":121,"timestamp":"2025-12-12T23:10:33.810Z"}
{"level":"info","message":"⌛ Validating parciales/elLegadoDeSoliamMurr/triunviratos.wlk","timeElapsed":127,"timestamp":"2025-12-12T23:10:33.938Z"}
{"level":"info","message":"⌛ Validating parciales/elLegadoDeSoliamMurr/triunviratos.wlk","timeElapsed":113,"timestamp":"2025-12-12T23:10:34.052Z"}
{"level":"info","message":"⌛ Validating parciales/elLegadoDeSoliamMurr/triunviratos.wlk","timeElapsed":132,"timestamp":"2025-12-12T23:10:34.192Z"}
{"level":"info","message":"⌛ Validating parciales/elLegadoDeSoliamMurr/triunviratos.wlk","timeElapsed":126,"timestamp":"2025-12-12T23:10:34.317Z"}
{"level":"info","message":"⌛ Building environment","timeElapsed":105,"timestamp":"2025-12-12T23:10:36.292Z"}
{"level":"info","message":"⌛ Validating parciales/elLegadoDeSoliamMurr/triunviratos.wlk","timeElapsed":138,"timestamp":"2025-12-12T23:10:36.563Z"}
{"level":"info","message":"⌛ Validating parciales/elLegadoDeSoliamMurr/triunviratos.wlk","timeElapsed":163,"timestamp":"2025-12-12T23:10:36.726Z"}
{"level":"info","message":"⌛ Building environment","timeElapsed":105,"timestamp":"2025-12-12T23:10:36.838Z"}
{"level":"info","message":"⌛ Building environment","timeElapsed":105,"timestamp":"2025-12-12T23:10:37.237Z"}
{"level":"info","message":"⌛ Validating parciales/elLegadoDeSoliamMurr/triunviratos.wlk","timeElapsed":169,"timestamp":"2025-12-12T23:10:37.407Z"}
{"level":"info","message":"⌛ Validating parciales/elLegadoDeSoliamMurr/triunviratos.wlk","timeElapsed":163,"timestamp":"2025-12-12T23:10:37.571Z"}
{"level":"info","message":"⌛ Validating parciales/elLegadoDeSoliamMurr/triunviratos.wlk","timeElapsed":151,"timestamp":"2025-12-12T23:10:37.723Z"}
{"level":"info","message":"⌛ Validating parciales/elLegadoDeSoliamMurr/triunviratos.wlk","timeElapsed":125,"timestamp":"2025-12-12T23:10:37.856Z"}
{"level":"error","message":"✘ Completions for node Return ([31:5, 31:13] - parciales/elLegadoDeSoliamMurr/triunviratos.wlk) failed: Error: [Return]{d31bd7} at parciales/elLegadoDeSoliamMurr/triunviratos.wlk:31 exhausted all cases without a match [Return]{d31bd7} at parciales/elLegadoDeSoliamMurr/triunviratos.wlk:31 exhausted all cases without a match","stack":"Error: [Return]{d31bd7} at parciales/elLegadoDeSoliamMurr/triunviratos.wlk:31 exhausted all cases without a match\n    at c:\\Users\\egoytendia\\.vscode\\extensions\\uqbar.wollok-lsp-ide-0.5.3\\out\\server\\src\\server.js:38:6142\n    at D2 (c:\\Users\\egoytendia\\.vscode\\extensions\\uqbar.wollok-lsp-ide-0.5.3\\out\\server\\src\\server.js:2384:42)\n    at Qh (c:\\Users\\egoytendia\\.vscode\\extensions\\uqbar.wollok-lsp-ide-0.5.3\\out\\server\\src\\server.js:2384:1092)\n    at k6n (c:\\Users\\egoytendia\\.vscode\\extensions\\uqbar.wollok-lsp-ide-0.5.3\\out\\server\\src\\server.js:2384:1248)\n    at c:\\Users\\egoytendia\\.vscode\\extensions\\uqbar.wollok-lsp-ide-0.5.3\\out\\server\\src\\server.js:38:6131\n    at D2 (c:\\Users\\egoytendia\\.vscode\\extensions\\uqbar.wollok-lsp-ide-0.5.3\\out\\server\\src\\server.js:2384:42)\n    at c:\\Users\\egoytendia\\.vscode\\extensions\\uqbar.wollok-lsp-ide-0.5.3\\out\\server\\src\\server.js:2384:2988\n    at c:\\Users\\egoytendia\\.vscode\\extensions\\uqbar.wollok-lsp-ide-0.5.3\\out\\server\\src\\server.js:2393:8440\n    at c:\\Users\\egoytendia\\.vscode\\extensions\\uqbar.wollok-lsp-ide-0.5.3\\out\\server\\src\\server.js:37:74872\n    at Ye (c:\\Users\\egoytendia\\.vscode\\extensions\\uqbar.wollok-lsp-ide-0.5.3\\out\\server\\src\\server.js:7:8527)","timestamp":"2025-12-12T23:10:38.128Z"}
{"level":"info","message":"⌛ Building environment","timeElapsed":105,"timestamp":"2025-12-12T23:10:38.426Z"}
{"level":"info","message":"⌛ Validating parciales/elLegadoDeSoliamMurr/triunviratos.wlk","timeElapsed":189,"timestamp":"2025-12-12T23:10:38.797Z"}
{"level":"info","message":"⌛ Validating parciales/elLegadoDeSoliamMurr/triunviratos.wlk","timeElapsed":123,"timestamp":"2025-12-12T23:10:38.920Z"}
{"level":"info","message":"⌛ Validating parciales/elLegadoDeSoliamMurr/triunviratos.wlk","timeElapsed":126,"timestamp":"2025-12-12T23:10:39.049Z"}
{"level":"info","message":"⌛ Validating parciales/elLegadoDeSoliamMurr/triunviratos.wlk","timeElapsed":136,"timestamp":"2025-12-12T23:10:39.186Z"}
{"level":"info","message":"⌛ Validating parciales/elLegadoDeSoliamMurr/triunviratos.wlk","timeElapsed":121,"timestamp":"2025-12-12T23:10:39.308Z"}
{"level":"info","message":"⌛ Validating parciales/elLegadoDeSoliamMurr/triunviratos.wlk","timeElapsed":132,"timestamp":"2025-12-12T23:10:39.440Z"}
{"level":"info","message":"⌛ Building environment","timeElapsed":146,"timestamp":"2025-12-12T23:10:39.789Z"}
{"level":"info","message":"⌛ Validating parciales/elLegadoDeSoliamMurr/triunviratos.wlk","timeElapsed":135,"timestamp":"2025-12-12T23:10:39.931Z"}
{"level":"info","message":"⌛ Validating parciales/elLegadoDeSoliamMurr/triunviratos.wlk","timeElapsed":127,"timestamp":"2025-12-12T23:10:40.150Z"}
{"level":"info","message":"⌛ Validating parciales/elLegadoDeSoliamMurr/triunviratos.wlk","timeElapsed":124,"timestamp":"2025-12-12T23:10:40.275Z"}
{"level":"info","message":"⌛ Validating parciales/elLegadoDeSoliamMurr/triunviratos.wlk","timeElapsed":122,"timestamp":"2025-12-12T23:10:40.483Z"}
{"level":"info","message":"⌛ Validating parciales/elLegadoDeSoliamMurr/triunviratos.wlk","timeElapsed":183,"timestamp":"2025-12-12T23:10:40.851Z"}
{"level":"info","message":"⌛ Validating parciales/elLegadoDeSoliamMurr/triunviratos.wlk","timeElapsed":122,"timestamp":"2025-12-12T23:10:40.974Z"}
{"level":"info","message":"⌛ Validating parciales/elLegadoDeSoliamMurr/triunviratos.wlk","timeElapsed":124,"timestamp":"2025-12-12T23:10:41.103Z"}
{"level":"info","message":"⌛ Building environment","timeElapsed":116,"timestamp":"2025-12-12T23:10:41.235Z"}
{"level":"info","message":"⌛ Validating parciales/elLegadoDeSoliamMurr/triunviratos.wlk","timeElapsed":130,"timestamp":"2025-12-12T23:10:41.366Z"}
{"level":"info","message":"⌛ Building environment","timeElapsed":104,"timestamp":"2025-12-12T23:10:41.471Z"}
{"level":"info","message":"⌛ Validating parciales/elLegadoDeSoliamMurr/triunviratos.wlk","timeElapsed":117,"timestamp":"2025-12-12T23:10:41.684Z"}
{"level":"info","message":"⌛ Building environment","timeElapsed":105,"timestamp":"2025-12-12T23:10:41.948Z"}
{"level":"info","message":"⌛ Validating parciales/elLegadoDeSoliamMurr/triunviratos.wlk","timeElapsed":123,"timestamp":"2025-12-12T23:10:42.073Z"}
{"level":"info","message":"⌛ Validating parciales/elLegadoDeSoliamMurr/triunviratos.wlk","timeElapsed":115,"timestamp":"2025-12-12T23:10:42.285Z"}
{"level":"info","message":"⌛ Building environment","timeElapsed":113,"timestamp":"2025-12-12T23:10:42.853Z"}
{"level":"info","message":"⌛ Validating parciales/elLegadoDeSoliamMurr/triunviratos.wlk","timeElapsed":122,"timestamp":"2025-12-12T23:10:42.982Z"}
{"level":"info","message":"⌛ Validating parciales/elLegadoDeSoliamMurr/triunviratos.wlk","timeElapsed":123,"timestamp":"2025-12-12T23:10:43.242Z"}
{"level":"info","message":"⌛ Building environment","timeElapsed":128,"timestamp":"2025-12-12T23:10:43.371Z"}
{"level":"info","message":"⌛ Validating parciales/elLegadoDeSoliamMurr/triunviratos.wlk","timeElapsed":150,"timestamp":"2025-12-12T23:10:43.620Z"}
{"level":"info","message":"⌛ Validating parciales/elLegadoDeSoliamMurr/triunviratos.wlk","timeElapsed":167,"timestamp":"2025-12-12T23:10:43.869Z"}
{"level":"info","message":"⌛ Building environment","timeElapsed":155,"timestamp":"2025-12-12T23:10:44.025Z"}
{"level":"info","message":"⌛ Building environment","timeElapsed":103,"timestamp":"2025-12-12T23:10:44.128Z"}
{"level":"info","message":"⌛ Validating parciales/elLegadoDeSoliamMurr/triunviratos.wlk","timeElapsed":139,"timestamp":"2025-12-12T23:10:44.267Z"}
{"level":"info","message":"⌛ Building environment","timeElapsed":101,"timestamp":"2025-12-12T23:10:44.369Z"}
{"level":"info","message":"⌛ Building environment","timeElapsed":107,"timestamp":"2025-12-12T23:10:44.485Z"}
{"level":"info","message":"⌛ Validating parciales/elLegadoDeSoliamMurr/triunviratos.wlk","timeElapsed":123,"timestamp":"2025-12-12T23:10:44.621Z"}
{"level":"info","message":"⌛ Validating parciales/elLegadoDeSoliamMurr/triunviratos.wlk","timeElapsed":111,"timestamp":"2025-12-12T23:10:44.776Z"}
{"level":"info","message":"⌛ Validating parciales/elLegadoDeSoliamMurr/triunviratos.wlk","timeElapsed":120,"timestamp":"2025-12-12T23:10:44.896Z"}
{"level":"info","message":"⌛ Validating parciales/elLegadoDeSoliamMurr/triunviratos.wlk","timeElapsed":102,"timestamp":"2025-12-12T23:10:44.999Z"}
{"level":"info","message":"⌛ Building environment","timeElapsed":131,"timestamp":"2025-12-12T23:10:49.213Z"}
{"level":"info","message":"⌛ Validating parciales/elLegadoDeSoliamMurr/triunviratos.wlk","timeElapsed":139,"timestamp":"2025-12-12T23:10:49.471Z"}
{"level":"info","message":"⌛ Validating parciales/elLegadoDeSoliamMurr/triunviratos.wlk","timeElapsed":113,"timestamp":"2025-12-12T23:10:49.606Z"}
{"level":"info","message":"⌛ Validating parciales/elLegadoDeSoliamMurr/triunviratos.wlk","timeElapsed":119,"timestamp":"2025-12-12T23:10:49.952Z"}
{"level":"info","message":"⌛ Validating parciales/elLegadoDeSoliamMurr/triunviratos.wlk","timeElapsed":115,"timestamp":"2025-12-12T23:10:50.104Z"}
{"level":"info","message":"⌛ Building environment","timeElapsed":102,"timestamp":"2025-12-12T23:10:50.207Z"}
{"level":"info","message":"⌛ Validating parciales/elLegadoDeSoliamMurr/triunviratos.wlk","timeElapsed":118,"timestamp":"2025-12-12T23:10:50.520Z"}
{"level":"info","message":"⌛ Validating parciales/elLegadoDeSoliamMurr/triunviratos.wlk","timeElapsed":129,"timestamp":"2025-12-12T23:10:50.650Z"}
{"level":"info","message":"⌛ Validating parciales/elLegadoDeSoliamMurr/triunviratos.wlk","timeElapsed":117,"timestamp":"2025-12-12T23:10:50.774Z"}
{"level":"info","message":"⌛ Validating parciales/elLegadoDeSoliamMurr/triunviratos.wlk","timeElapsed":133,"timestamp":"2025-12-12T23:10:51.136Z"}
{"level":"info","message":"⌛ Building environment","timeElapsed":158,"timestamp":"2025-12-12T23:10:51.295Z"}
{"level":"info","message":"⌛ Validating parciales/elLegadoDeSoliamMurr/triunviratos.wlk","timeElapsed":173,"timestamp":"2025-12-12T23:10:51.468Z"}
{"level":"info","message":"⌛ Building environment","timeElapsed":104,"timestamp":"2025-12-12T23:10:51.672Z"}
{"level":"info","message":"⌛ Validating parciales/elLegadoDeSoliamMurr/triunviratos.wlk","timeElapsed":127,"timestamp":"2025-12-12T23:10:51.818Z"}
{"level":"info","message":"⌛ Validating parciales/elLegadoDeSoliamMurr/triunviratos.wlk","timeElapsed":118,"timestamp":"2025-12-12T23:10:52.278Z"}
{"level":"info","message":"⌛ Building environment","timeElapsed":109,"timestamp":"2025-12-12T23:10:52.388Z"}
{"level":"info","message":"⌛ Validating parciales/elLegadoDeSoliamMurr/triunviratos.wlk","timeElapsed":117,"timestamp":"2025-12-12T23:10:52.506Z"}
{"level":"info","message":"⌛ Validating parciales/elLegadoDeSoliamMurr/triunviratos.wlk","timeElapsed":111,"timestamp":"2025-12-12T23:10:52.709Z"}
{"level":"info","message":"⌛ Validating parciales/elLegadoDeSoliamMurr/triunviratos.wlk","timeElapsed":122,"timestamp":"2025-12-12T23:10:52.836Z"}
{"level":"info","message":"⌛ Validating parciales/elLegadoDeSoliamMurr/triunviratos.wlk","timeElapsed":108,"timestamp":"2025-12-12T23:10:52.946Z"}
{"level":"info","message":"⌛ Validating parciales/elLegadoDeSoliamMurr/triunviratos.wlk","timeElapsed":121,"timestamp":"2025-12-12T23:10:53.068Z"}
{"level":"info","message":"⌛ Validating parciales/elLegadoDeSoliamMurr/triunviratos.wlk","timeElapsed":125,"timestamp":"2025-12-12T23:10:53.193Z"}
{"level":"info","message":"⌛ Building environment","timeElapsed":132,"timestamp":"2025-12-12T23:10:53.326Z"}
{"level":"info","message":"⌛ Validating parciales/elLegadoDeSoliamMurr/triunviratos.wlk","timeElapsed":107,"timestamp":"2025-12-12T23:10:53.666Z"}
{"level":"info","message":"⌛ Validating parciales/elLegadoDeSoliamMurr/triunviratos.wlk","timeElapsed":115,"timestamp":"2025-12-12T23:10:53.805Z"}
{"level":"info","message":"⌛ Validating parciales/elLegadoDeSoliamMurr/triunviratos.wlk","timeElapsed":111,"timestamp":"2025-12-12T23:10:53.918Z"}
{"level":"info","message":"⌛ Building environment","timeElapsed":127,"timestamp":"2025-12-12T23:10:54.620Z"}
{"level":"info","message":"⌛ Validating parciales/elLegadoDeSoliamMurr/triunviratos.wlk","timeElapsed":134,"timestamp":"2025-12-12T23:10:54.756Z"}
{"level":"info","message":"⌛ Building environment","timeElapsed":103,"timestamp":"2025-12-12T23:10:55.228Z"}
{"level":"error","message":"✘ Completions for node Send ([31:12, 31:32] - parciales/elLegadoDeSoliamMurr/triunviratos.wlk) failed: Error: [Send]{8988f0} at parciales/elLegadoDeSoliamMurr/triunviratos.wlk:31 exhausted all cases without a match [Send]{8988f0} at parciales/elLegadoDeSoliamMurr/triunviratos.wlk:31 exhausted all cases without a match","stack":"Error: [Send]{8988f0} at parciales/elLegadoDeSoliamMurr/triunviratos.wlk:31 exhausted all cases without a match\n    at c:\\Users\\egoytendia\\.vscode\\extensions\\uqbar.wollok-lsp-ide-0.5.3\\out\\server\\src\\server.js:38:6142\n    at D2 (c:\\Users\\egoytendia\\.vscode\\extensions\\uqbar.wollok-lsp-ide-0.5.3\\out\\server\\src\\server.js:2384:42)\n    at Qh (c:\\Users\\egoytendia\\.vscode\\extensions\\uqbar.wollok-lsp-ide-0.5.3\\out\\server\\src\\server.js:2384:1092)\n    at k6n (c:\\Users\\egoytendia\\.vscode\\extensions\\uqbar.wollok-lsp-ide-0.5.3\\out\\server\\src\\server.js:2384:1248)\n    at c:\\Users\\egoytendia\\.vscode\\extensions\\uqbar.wollok-lsp-ide-0.5.3\\out\\server\\src\\server.js:38:6131\n    at D2 (c:\\Users\\egoytendia\\.vscode\\extensions\\uqbar.wollok-lsp-ide-0.5.3\\out\\server\\src\\server.js:2384:42)\n    at c:\\Users\\egoytendia\\.vscode\\extensions\\uqbar.wollok-lsp-ide-0.5.3\\out\\server\\src\\server.js:2384:2988\n    at c:\\Users\\egoytendia\\.vscode\\extensions\\uqbar.wollok-lsp-ide-0.5.3\\out\\server\\src\\server.js:2393:8440\n    at c:\\Users\\egoytendia\\.vscode\\extensions\\uqbar.wollok-lsp-ide-0.5.3\\out\\server\\src\\server.js:37:74872\n    at Ye (c:\\Users\\egoytendia\\.vscode\\extensions\\uqbar.wollok-lsp-ide-0.5.3\\out\\server\\src\\server.js:7:8527)","timestamp":"2025-12-12T23:10:55.264Z"}
{"level":"error","message":"✘ Completions for node Return ([31:5, 31:32] - parciales/elLegadoDeSoliamMurr/triunviratos.wlk) failed: Error: [Return]{f528e9} at parciales/elLegadoDeSoliamMurr/triunviratos.wlk:31 exhausted all cases without a match [Return]{f528e9} at parciales/elLegadoDeSoliamMurr/triunviratos.wlk:31 exhausted all cases without a match","stack":"Error: [Return]{f528e9} at parciales/elLegadoDeSoliamMurr/triunviratos.wlk:31 exhausted all cases without a match\n    at c:\\Users\\egoytendia\\.vscode\\extensions\\uqbar.wollok-lsp-ide-0.5.3\\out\\server\\src\\server.js:38:6142\n    at D2 (c:\\Users\\egoytendia\\.vscode\\extensions\\uqbar.wollok-lsp-ide-0.5.3\\out\\server\\src\\server.js:2384:42)\n    at Qh (c:\\Users\\egoytendia\\.vscode\\extensions\\uqbar.wollok-lsp-ide-0.5.3\\out\\server\\src\\server.js:2384:1092)\n    at D2 (c:\\Users\\egoytendia\\.vscode\\extensions\\uqbar.wollok-lsp-ide-0.5.3\\out\\server\\src\\server.js:2384:544)\n    at Qh (c:\\Users\\egoytendia\\.vscode\\extensions\\uqbar.wollok-lsp-ide-0.5.3\\out\\server\\src\\server.js:2384:1092)\n    at k6n (c:\\Users\\egoytendia\\.vscode\\extensions\\uqbar.wollok-lsp-ide-0.5.3\\out\\server\\src\\server.js:2384:1248)\n    at c:\\Users\\egoytendia\\.vscode\\extensions\\uqbar.wollok-lsp-ide-0.5.3\\out\\server\\src\\server.js:38:6131\n    at D2 (c:\\Users\\egoytendia\\.vscode\\extensions\\uqbar.wollok-lsp-ide-0.5.3\\out\\server\\src\\server.js:2384:42)\n    at c:\\Users\\egoytendia\\.vscode\\extensions\\uqbar.wollok-lsp-ide-0.5.3\\out\\server\\src\\server.js:2384:2988\n    at c:\\Users\\egoytendia\\.vscode\\extensions\\uqbar.wollok-lsp-ide-0.5.3\\out\\server\\src\\server.js:2393:8440","timestamp":"2025-12-12T23:10:55.264Z"}
{"level":"info","message":"⌛ Validating parciales/elLegadoDeSoliamMurr/triunviratos.wlk","timeElapsed":130,"timestamp":"2025-12-12T23:10:55.398Z"}
{"level":"info","message":"⌛ Building environment","timeElapsed":130,"timestamp":"2025-12-12T23:10:55.529Z"}
{"level":"info","message":"⌛ Validating parciales/elLegadoDeSoliamMurr/triunviratos.wlk","timeElapsed":130,"timestamp":"2025-12-12T23:10:55.759Z"}
{"level":"info","message":"⌛ Validating parciales/elLegadoDeSoliamMurr/triunviratos.wlk","timeElapsed":107,"timestamp":"2025-12-12T23:10:55.868Z"}
{"level":"info","message":"⌛ Validating parciales/elLegadoDeSoliamMurr/triunviratos.wlk","timeElapsed":121,"timestamp":"2025-12-12T23:10:56.372Z"}
{"level":"info","message":"⌛ Building environment","timeElapsed":109,"timestamp":"2025-12-12T23:10:57.796Z"}
{"level":"info","message":"⌛ Validating parciales/elLegadoDeSoliamMurr/triunviratos.wlk","timeElapsed":152,"timestamp":"2025-12-12T23:10:57.993Z"}
{"level":"info","message":"⌛ Building environment","timeElapsed":156,"timestamp":"2025-12-12T23:10:58.196Z"}
{"level":"info","message":"⌛ Building environment","timeElapsed":133,"timestamp":"2025-12-12T23:10:58.334Z"}
{"level":"info","message":"⌛ Validating parciales/elLegadoDeSoliamMurr/triunviratos.wlk","timeElapsed":134,"timestamp":"2025-12-12T23:10:58.468Z"}
{"level":"info","message":"⌛ Building environment","timeElapsed":120,"timestamp":"2025-12-12T23:10:58.589Z"}
{"level":"info","message":"⌛ Validating parciales/elLegadoDeSoliamMurr/triunviratos.wlk","timeElapsed":130,"timestamp":"2025-12-12T23:10:58.720Z"}
{"level":"info","message":"⌛ Validating parciales/elLegadoDeSoliamMurr/triunviratos.wlk","timeElapsed":119,"timestamp":"2025-12-12T23:10:58.845Z"}
{"level":"info","message":"⌛ Building environment","timeElapsed":130,"timestamp":"2025-12-12T23:10:59.666Z"}
{"level":"info","message":"⌛ Validating parciales/elLegadoDeSoliamMurr/triunviratos.wlk","timeElapsed":115,"timestamp":"2025-12-12T23:10:59.782Z"}
{"level":"info","message":"⌛ Validating parciales/elLegadoDeSoliamMurr/triunviratos.wlk","timeElapsed":123,"timestamp":"2025-12-12T23:11:05.885Z"}
{"level":"info","message":"⌛ Building environment","timeElapsed":119,"timestamp":"2025-12-12T23:11:06.004Z"}
{"level":"info","message":"⌛ Validating parciales/elLegadoDeSoliamMurr/triunviratos.wlk","timeElapsed":135,"timestamp":"2025-12-12T23:11:06.141Z"}
{"level":"info","message":"⌛ Building environment","timeElapsed":102,"timestamp":"2025-12-12T23:11:06.466Z"}
{"level":"info","message":"⌛ Validating parciales/elLegadoDeSoliamMurr/triunviratos.wlk","timeElapsed":119,"timestamp":"2025-12-12T23:11:06.716Z"}
{"level":"info","message":"⌛ Validating parciales/elLegadoDeSoliamMurr/triunviratos.wlk","timeElapsed":107,"timestamp":"2025-12-12T23:11:06.823Z"}
{"level":"info","message":"⌛ Building environment","timeElapsed":127,"timestamp":"2025-12-12T23:11:07.228Z"}
{"level":"info","message":"⌛ Validating parciales/elLegadoDeSoliamMurr/triunviratos.wlk","timeElapsed":144,"timestamp":"2025-12-12T23:11:07.374Z"}
{"level":"info","message":"⌛ Building environment","timeElapsed":116,"timestamp":"2025-12-12T23:11:09.590Z"}
{"level":"info","message":"⌛ Building environment","timeElapsed":124,"timestamp":"2025-12-12T23:11:09.760Z"}
{"level":"info","message":"⌛ Validating parciales/elLegadoDeSoliamMurr/triunviratos.wlk","timeElapsed":118,"timestamp":"2025-12-12T23:11:09.879Z"}
{"level":"info","message":"⌛ Validating parciales/elLegadoDeSoliamMurr/triunviratos.wlk","timeElapsed":107,"timestamp":"2025-12-12T23:11:09.986Z"}
{"level":"info","message":"⌛ Building environment","timeElapsed":117,"timestamp":"2025-12-12T23:11:10.290Z"}
{"level":"info","message":"⌛ Building environment","timeElapsed":101,"timestamp":"2025-12-12T23:11:10.437Z"}
{"level":"info","message":"⌛ Validating parciales/elLegadoDeSoliamMurr/triunviratos.wlk","timeElapsed":124,"timestamp":"2025-12-12T23:11:10.561Z"}
{"level":"info","message":"⌛ Validating parciales/elLegadoDeSoliamMurr/triunviratos.wlk","timeElapsed":104,"timestamp":"2025-12-12T23:11:10.665Z"}
{"level":"info","message":"⌛ Building environment","timeElapsed":111,"timestamp":"2025-12-12T23:11:11.092Z"}
{"level":"info","message":"⌛ Validating parciales/elLegadoDeSoliamMurr/triunviratos.wlk","timeElapsed":167,"timestamp":"2025-12-12T23:11:11.300Z"}
{"level":"info","message":"⌛ Validating parciales/elLegadoDeSoliamMurr/triunviratos.wlk","timeElapsed":115,"timestamp":"2025-12-12T23:11:11.539Z"}
{"level":"info","message":"⌛ Validating parciales/elLegadoDeSoliamMurr/triunviratos.wlk","timeElapsed":126,"timestamp":"2025-12-12T23:11:11.929Z"}
{"level":"info","message":"⌛ Validating parciales/elLegadoDeSoliamMurr/triunviratos.wlk","timeElapsed":120,"timestamp":"2025-12-12T23:11:12.049Z"}
{"level":"info","message":"⌛ Building environment","timeElapsed":166,"timestamp":"2025-12-12T23:11:12.221Z"}
{"level":"info","message":"⌛ Validating parciales/elLegadoDeSoliamMurr/triunviratos.wlk","timeElapsed":115,"timestamp":"2025-12-12T23:11:12.574Z"}
{"level":"info","message":"⌛ Validating parciales/elLegadoDeSoliamMurr/triunviratos.wlk","timeElapsed":112,"timestamp":"2025-12-12T23:11:12.704Z"}
{"level":"info","message":"⌛ Validating parciales/elLegadoDeSoliamMurr/triunviratos.wlk","timeElapsed":102,"timestamp":"2025-12-12T23:11:12.813Z"}
{"level":"info","message":"⌛ Building environment","timeElapsed":119,"timestamp":"2025-12-12T23:11:13.546Z"}
{"level":"error","message":"✘ Completions for node Parameter ([34:22, 34:23] - parciales/elLegadoDeSoliamMurr/triunviratos.wlk) failed: Error: [Parameter]{f8ed33} at parciales/elLegadoDeSoliamMurr/triunviratos.wlk:34 exhausted all cases without a match [Parameter]{f8ed33} at parciales/elLegadoDeSoliamMurr/triunviratos.wlk:34 exhausted all cases without a match","stack":"Error: [Parameter]{f8ed33} at parciales/elLegadoDeSoliamMurr/triunviratos.wlk:34 exhausted all cases without a match\n    at c:\\Users\\egoytendia\\.vscode\\extensions\\uqbar.wollok-lsp-ide-0.5.3\\out\\server\\src\\server.js:38:6142\n    at D2 (c:\\Users\\egoytendia\\.vscode\\extensions\\uqbar.wollok-lsp-ide-0.5.3\\out\\server\\src\\server.js:2384:42)\n    at c:\\Users\\egoytendia\\.vscode\\extensions\\uqbar.wollok-lsp-ide-0.5.3\\out\\server\\src\\server.js:2384:2988\n    at c:\\Users\\egoytendia\\.vscode\\extensions\\uqbar.wollok-lsp-ide-0.5.3\\out\\server\\src\\server.js:2393:8440\n    at c:\\Users\\egoytendia\\.vscode\\extensions\\uqbar.wollok-lsp-ide-0.5.3\\out\\server\\src\\server.js:37:74872\n    at Ye (c:\\Users\\egoytendia\\.vscode\\extensions\\uqbar.wollok-lsp-ide-0.5.3\\out\\server\\src\\server.js:7:8527)\n    at qt (c:\\Users\\egoytendia\\.vscode\\extensions\\uqbar.wollok-lsp-ide-0.5.3\\out\\server\\src\\server.js:7:6189)\n    at ot (c:\\Users\\egoytendia\\.vscode\\extensions\\uqbar.wollok-lsp-ide-0.5.3\\out\\server\\src\\server.js:7:6378)\n    at Immediate._onImmediate (c:\\Users\\egoytendia\\.vscode\\extensions\\uqbar.wollok-lsp-ide-0.5.3\\out\\server\\src\\server.js:7:6142)\n    at process.processImmediate (node:internal/timers:485:21)","timestamp":"2025-12-12T23:11:13.576Z"}
{"level":"info","message":"⌛ Validating parciales/elLegadoDeSoliamMurr/triunviratos.wlk","timeElapsed":115,"timestamp":"2025-12-12T23:11:13.694Z"}
{"level":"info","message":"⌛ Validating parciales/elLegadoDeSoliamMurr/triunviratos.wlk","timeElapsed":124,"timestamp":"2025-12-12T23:11:13.952Z"}
{"level":"info","message":"⌛ Building environment","timeElapsed":120,"timestamp":"2025-12-12T23:11:14.073Z"}
{"level":"info","message":"⌛ Building environment","timeElapsed":123,"timestamp":"2025-12-12T23:11:14.197Z"}
{"level":"info","message":"⌛ Validating parciales/elLegadoDeSoliamMurr/triunviratos.wlk","timeElapsed":145,"timestamp":"2025-12-12T23:11:14.343Z"}
{"level":"info","message":"⌛ Validating parciales/elLegadoDeSoliamMurr/triunviratos.wlk","timeElapsed":106,"timestamp":"2025-12-12T23:11:14.635Z"}
{"level":"info","message":"⌛ Building environment","timeElapsed":139,"timestamp":"2025-12-12T23:11:14.776Z"}
{"level":"info","message":"⌛ Building environment","timeElapsed":130,"timestamp":"2025-12-12T23:11:14.907Z"}
{"level":"info","message":"⌛ Validating parciales/elLegadoDeSoliamMurr/triunviratos.wlk","timeElapsed":133,"timestamp":"2025-12-12T23:11:15.041Z"}
{"level":"info","message":"⌛ Validating parciales/elLegadoDeSoliamMurr/triunviratos.wlk","timeElapsed":106,"timestamp":"2025-12-12T23:11:15.148Z"}
{"level":"info","message":"⌛ Validating parciales/elLegadoDeSoliamMurr/triunviratos.wlk","timeElapsed":111,"timestamp":"2025-12-12T23:11:15.265Z"}
{"level":"info","message":"⌛ Validating parciales/elLegadoDeSoliamMurr/triunviratos.wlk","timeElapsed":145,"timestamp":"2025-12-12T23:11:15.411Z"}
{"level":"info","message":"⌛ Building environment","timeElapsed":116,"timestamp":"2025-12-12T23:11:22.581Z"}
{"level":"info","message":"⌛ Validating parciales/elLegadoDeSoliamMurr/triunviratos.wlk","timeElapsed":123,"timestamp":"2025-12-12T23:11:22.740Z"}
{"level":"info","message":"⌛ Building environment","timeElapsed":137,"timestamp":"2025-12-12T23:11:22.880Z"}
{"level":"info","message":"⌛ Validating parciales/elLegadoDeSoliamMurr/triunviratos.wlk","timeElapsed":146,"timestamp":"2025-12-12T23:11:23.122Z"}
{"level":"info","message":"⌛ Validating parciales/elLegadoDeSoliamMurr/triunviratos.wlk","timeElapsed":138,"timestamp":"2025-12-12T23:11:23.357Z"}
{"level":"info","message":"⌛ Building environment","timeElapsed":116,"timestamp":"2025-12-12T23:11:23.474Z"}
{"level":"info","message":"⌛ Building environment","timeElapsed":101,"timestamp":"2025-12-12T23:11:23.575Z"}
{"level":"info","message":"⌛ Validating parciales/elLegadoDeSoliamMurr/triunviratos.wlk","timeElapsed":123,"timestamp":"2025-12-12T23:11:23.792Z"}
{"level":"info","message":"⌛ Building environment","timeElapsed":116,"timestamp":"2025-12-12T23:11:23.909Z"}
{"level":"info","message":"⌛ Validating parciales/elLegadoDeSoliamMurr/triunviratos.wlk","timeElapsed":134,"timestamp":"2025-12-12T23:11:24.142Z"}
{"level":"info","message":"⌛ Validating parciales/elLegadoDeSoliamMurr/triunviratos.wlk","timeElapsed":113,"timestamp":"2025-12-12T23:11:24.358Z"}
{"level":"info","message":"⌛ Validating parciales/elLegadoDeSoliamMurr/triunviratos.wlk","timeElapsed":116,"timestamp":"2025-12-12T23:11:24.474Z"}
{"level":"info","message":"⌛ Validating parciales/elLegadoDeSoliamMurr/triunviratos.wlk","timeElapsed":109,"timestamp":"2025-12-12T23:11:24.584Z"}
{"level":"info","message":"⌛ Validating parciales/elLegadoDeSoliamMurr/triunviratos.wlk","timeElapsed":128,"timestamp":"2025-12-12T23:11:31.469Z"}
{"level":"info","message":"⌛ Validating parciales/elLegadoDeSoliamMurr/triunviratos.wlk","timeElapsed":136,"timestamp":"2025-12-12T23:11:31.606Z"}
{"level":"info","message":"⌛ Building environment","timeElapsed":101,"timestamp":"2025-12-12T23:11:31.707Z"}
{"level":"info","message":"⌛ Validating parciales/elLegadoDeSoliamMurr/triunviratos.wlk","timeElapsed":126,"timestamp":"2025-12-12T23:11:31.975Z"}
{"level":"info","message":"⌛ Building environment","timeElapsed":136,"timestamp":"2025-12-12T23:11:32.111Z"}
{"level":"info","message":"⌛ Validating parciales/elLegadoDeSoliamMurr/triunviratos.wlk","timeElapsed":120,"timestamp":"2025-12-12T23:11:32.320Z"}
{"level":"info","message":"⌛ Validating parciales/elLegadoDeSoliamMurr/triunviratos.wlk","timeElapsed":145,"timestamp":"2025-12-12T23:11:32.706Z"}
{"level":"info","message":"⌛ Validating parciales/elLegadoDeSoliamMurr/triunviratos.wlk","timeElapsed":142,"timestamp":"2025-12-12T23:11:32.910Z"}
{"level":"info","message":"⌛ Validating parciales/elLegadoDeSoliamMurr/triunviratos.wlk","timeElapsed":155,"timestamp":"2025-12-12T23:11:33.065Z"}
{"level":"info","message":"⌛ Building environment","timeElapsed":103,"timestamp":"2025-12-12T23:11:33.171Z"}
{"level":"info","message":"⌛ Building environment","timeElapsed":101,"timestamp":"2025-12-12T23:11:33.272Z"}
{"level":"info","message":"⌛ Validating parciales/elLegadoDeSoliamMurr/triunviratos.wlk","timeElapsed":136,"timestamp":"2025-12-12T23:11:33.551Z"}
{"level":"info","message":"⌛ Building environment","timeElapsed":109,"timestamp":"2025-12-12T23:11:33.660Z"}
{"level":"info","message":"⌛ Validating parciales/elLegadoDeSoliamMurr/triunviratos.wlk","timeElapsed":112,"timestamp":"2025-12-12T23:11:33.772Z"}
{"level":"info","message":"⌛ Validating parciales/elLegadoDeSoliamMurr/triunviratos.wlk","timeElapsed":103,"timestamp":"2025-12-12T23:11:33.876Z"}
{"level":"info","message":"⌛ Validating parciales/elLegadoDeSoliamMurr/triunviratos.wlk","timeElapsed":121,"timestamp":"2025-12-12T23:11:34.002Z"}
{"level":"info","message":"⌛ Building environment","timeElapsed":112,"timestamp":"2025-12-12T23:11:36.041Z"}
{"level":"error","message":"✘ Completions for node Return ([35:5, 35:13] - parciales/elLegadoDeSoliamMurr/triunviratos.wlk) failed: Error: [Return]{2eb5a6} at parciales/elLegadoDeSoliamMurr/triunviratos.wlk:35 exhausted all cases without a match [Return]{2eb5a6} at parciales/elLegadoDeSoliamMurr/triunviratos.wlk:35 exhausted all cases without a match","stack":"Error: [Return]{2eb5a6} at parciales/elLegadoDeSoliamMurr/triunviratos.wlk:35 exhausted all cases without a match\n    at c:\\Users\\egoytendia\\.vscode\\extensions\\uqbar.wollok-lsp-ide-0.5.3\\out\\server\\src\\server.js:38:6142\n    at D2 (c:\\Users\\egoytendia\\.vscode\\extensions\\uqbar.wollok-lsp-ide-0.5.3\\out\\server\\src\\server.js:2384:42)\n    at Qh (c:\\Users\\egoytendia\\.vscode\\extensions\\uqbar.wollok-lsp-ide-0.5.3\\out\\server\\src\\server.js:2384:1092)\n    at k6n (c:\\Users\\egoytendia\\.vscode\\extensions\\uqbar.wollok-lsp-ide-0.5.3\\out\\server\\src\\server.js:2384:1248)\n    at c:\\Users\\egoytendia\\.vscode\\extensions\\uqbar.wollok-lsp-ide-0.5.3\\out\\server\\src\\server.js:38:6131\n    at D2 (c:\\Users\\egoytendia\\.vscode\\extensions\\uqbar.wollok-lsp-ide-0.5.3\\out\\server\\src\\server.js:2384:42)\n    at c:\\Users\\egoytendia\\.vscode\\extensions\\uqbar.wollok-lsp-ide-0.5.3\\out\\server\\src\\server.js:2384:2988\n    at c:\\Users\\egoytendia\\.vscode\\extensions\\uqbar.wollok-lsp-ide-0.5.3\\out\\server\\src\\server.js:2393:8440\n    at c:\\Users\\egoytendia\\.vscode\\extensions\\uqbar.wollok-lsp-ide-0.5.3\\out\\server\\src\\server.js:37:74872\n    at Ye (c:\\Users\\egoytendia\\.vscode\\extensions\\uqbar.wollok-lsp-ide-0.5.3\\out\\server\\src\\server.js:7:8527)","timestamp":"2025-12-12T23:11:36.088Z"}
{"level":"info","message":"⌛ Validating parciales/elLegadoDeSoliamMurr/triunviratos.wlk","timeElapsed":151,"timestamp":"2025-12-12T23:11:36.244Z"}
{"level":"info","message":"⌛ Building environment","timeElapsed":151,"timestamp":"2025-12-12T23:11:36.399Z"}
{"level":"info","message":"⌛ Building environment","timeElapsed":136,"timestamp":"2025-12-12T23:11:36.537Z"}
{"level":"info","message":"⌛ Building environment","timeElapsed":104,"timestamp":"2025-12-12T23:11:36.642Z"}
{"level":"info","message":"⌛ Validating parciales/elLegadoDeSoliamMurr/triunviratos.wlk","timeElapsed":132,"timestamp":"2025-12-12T23:11:36.774Z"}
{"level":"info","message":"⌛ Validating parciales/elLegadoDeSoliamMurr/triunviratos.wlk","timeElapsed":132,"timestamp":"2025-12-12T23:11:37.034Z"}
{"level":"info","message":"⌛ Building environment","timeElapsed":105,"timestamp":"2025-12-12T23:11:37.237Z"}
{"level":"info","message":"⌛ Validating parciales/elLegadoDeSoliamMurr/triunviratos.wlk","timeElapsed":125,"timestamp":"2025-12-12T23:11:37.363Z"}
{"level":"info","message":"⌛ Building environment","timeElapsed":107,"timestamp":"2025-12-12T23:11:37.495Z"}
{"level":"info","message":"⌛ Validating parciales/elLegadoDeSoliamMurr/triunviratos.wlk","timeElapsed":131,"timestamp":"2025-12-12T23:11:37.633Z"}
{"level":"info","message":"⌛ Validating parciales/elLegadoDeSoliamMurr/triunviratos.wlk","timeElapsed":112,"timestamp":"2025-12-12T23:11:37.749Z"}
{"level":"info","message":"⌛ Validating parciales/elLegadoDeSoliamMurr/triunviratos.wlk","timeElapsed":113,"timestamp":"2025-12-12T23:11:37.863Z"}
{"level":"info","message":"⌛ Validating parciales/elLegadoDeSoliamMurr/triunviratos.wlk","timeElapsed":111,"timestamp":"2025-12-12T23:11:37.977Z"}
{"level":"info","message":"⌛ Building environment","timeElapsed":106,"timestamp":"2025-12-12T23:11:38.754Z"}
{"level":"info","message":"⌛ Validating parciales/elLegadoDeSoliamMurr/triunviratos.wlk","timeElapsed":116,"timestamp":"2025-12-12T23:11:38.871Z"}
{"level":"info","message":"⌛ Building environment","timeElapsed":105,"timestamp":"2025-12-12T23:11:39.038Z"}
{"level":"info","message":"⌛ Validating parciales/elLegadoDeSoliamMurr/triunviratos.wlk","timeElapsed":128,"timestamp":"2025-12-12T23:11:39.215Z"}
{"level":"info","message":"⌛ Building environment","timeElapsed":148,"timestamp":"2025-12-12T23:11:44.475Z"}
{"level":"info","message":"⌛ Building environment","timeElapsed":106,"timestamp":"2025-12-12T23:11:44.582Z"}
{"level":"info","message":"⌛ Validating parciales/elLegadoDeSoliamMurr/triunviratos.wlk","timeElapsed":133,"timestamp":"2025-12-12T23:11:44.716Z"}
{"level":"info","message":"⌛ Building environment","timeElapsed":114,"timestamp":"2025-12-12T23:11:44.832Z"}
{"level":"info","message":"⌛ Validating parciales/elLegadoDeSoliamMurr/triunviratos.wlk","timeElapsed":130,"timestamp":"2025-12-12T23:11:44.963Z"}
{"level":"info","message":"⌛ Validating parciales/elLegadoDeSoliamMurr/triunviratos.wlk","timeElapsed":118,"timestamp":"2025-12-12T23:11:45.087Z"}
{"level":"info","message":"⌛ Building environment","timeElapsed":103,"timestamp":"2025-12-12T23:11:46.005Z"}
{"level":"info","message":"⌛ Validating parciales/elLegadoDeSoliamMurr/triunviratos.wlk","timeElapsed":117,"timestamp":"2025-12-12T23:11:46.123Z"}
{"level":"info","message":"⌛ Building environment","timeElapsed":115,"timestamp":"2025-12-12T23:11:47.163Z"}
{"level":"info","message":"⌛ Validating parciales/elLegadoDeSoliamMurr/triunviratos.wlk","timeElapsed":122,"timestamp":"2025-12-12T23:11:47.287Z"}
{"level":"info","message":"⌛ Building environment","timeElapsed":136,"timestamp":"2025-12-12T23:11:47.555Z"}
{"level":"info","message":"⌛ Validating parciales/elLegadoDeSoliamMurr/triunviratos.wlk","timeElapsed":120,"timestamp":"2025-12-12T23:11:47.687Z"}
{"level":"info","message":"⌛ Building environment","timeElapsed":102,"timestamp":"2025-12-12T23:11:48.587Z"}
{"level":"info","message":"⌛ Validating parciales/elLegadoDeSoliamMurr/triunviratos.wlk","timeElapsed":121,"timestamp":"2025-12-12T23:11:48.708Z"}
{"level":"info","message":"⌛ Validating parciales/elLegadoDeSoliamMurr/triunviratos.wlk","timeElapsed":123,"timestamp":"2025-12-12T23:11:49.095Z"}
{"level":"info","message":"⌛ Building environment","timeElapsed":125,"timestamp":"2025-12-12T23:11:50.636Z"}
{"level":"error","message":"✘ Completions for node Return (undefined - parciales/elLegadoDeSoliamMurr/triunviratos.wlk) failed: Error: [Return]{f042e1} at parciales/elLegadoDeSoliamMurr/triunviratos.wlk:-- exhausted all cases without a match [Return]{f042e1} at parciales/elLegadoDeSoliamMurr/triunviratos.wlk:-- exhausted all cases without a match","stack":"Error: [Return]{f042e1} at parciales/elLegadoDeSoliamMurr/triunviratos.wlk:-- exhausted all cases without a match\n    at c:\\Users\\egoytendia\\.vscode\\extensions\\uqbar.wollok-lsp-ide-0.5.3\\out\\server\\src\\server.js:38:6142\n    at D2 (c:\\Users\\egoytendia\\.vscode\\extensions\\uqbar.wollok-lsp-ide-0.5.3\\out\\server\\src\\server.js:2384:42)\n    at Qh (c:\\Users\\egoytendia\\.vscode\\extensions\\uqbar.wollok-lsp-ide-0.5.3\\out\\server\\src\\server.js:2384:1092)\n    at k6n (c:\\Users\\egoytendia\\.vscode\\extensions\\uqbar.wollok-lsp-ide-0.5.3\\out\\server\\src\\server.js:2384:1248)\n    at c:\\Users\\egoytendia\\.vscode\\extensions\\uqbar.wollok-lsp-ide-0.5.3\\out\\server\\src\\server.js:38:6131\n    at D2 (c:\\Users\\egoytendia\\.vscode\\extensions\\uqbar.wollok-lsp-ide-0.5.3\\out\\server\\src\\server.js:2384:42)\n    at c:\\Users\\egoytendia\\.vscode\\extensions\\uqbar.wollok-lsp-ide-0.5.3\\out\\server\\src\\server.js:2384:2988\n    at c:\\Users\\egoytendia\\.vscode\\extensions\\uqbar.wollok-lsp-ide-0.5.3\\out\\server\\src\\server.js:2393:8440\n    at c:\\Users\\egoytendia\\.vscode\\extensions\\uqbar.wollok-lsp-ide-0.5.3\\out\\server\\src\\server.js:37:74872\n    at Ye (c:\\Users\\egoytendia\\.vscode\\extensions\\uqbar.wollok-lsp-ide-0.5.3\\out\\server\\src\\server.js:7:8527)","timestamp":"2025-12-12T23:11:50.671Z"}
{"level":"info","message":"⌛ Building environment","timeElapsed":119,"timestamp":"2025-12-12T23:11:50.793Z"}
{"level":"info","message":"⌛ Validating parciales/elLegadoDeSoliamMurr/triunviratos.wlk","timeElapsed":122,"timestamp":"2025-12-12T23:11:50.915Z"}
{"level":"info","message":"⌛ Building environment","timeElapsed":114,"timestamp":"2025-12-12T23:11:51.031Z"}
{"level":"info","message":"⌛ Building environment","timeElapsed":101,"timestamp":"2025-12-12T23:11:51.133Z"}
{"level":"error","message":"✘ Completions for node Return (undefined - parciales/elLegadoDeSoliamMurr/triunviratos.wlk) failed: Error: [Return]{be6a45} at parciales/elLegadoDeSoliamMurr/triunviratos.wlk:-- exhausted all cases without a match [Return]{be6a45} at parciales/elLegadoDeSoliamMurr/triunviratos.wlk:-- exhausted all cases without a match","stack":"Error: [Return]{be6a45} at parciales/elLegadoDeSoliamMurr/triunviratos.wlk:-- exhausted all cases without a match\n    at c:\\Users\\egoytendia\\.vscode\\extensions\\uqbar.wollok-lsp-ide-0.5.3\\out\\server\\src\\server.js:38:6142\n    at D2 (c:\\Users\\egoytendia\\.vscode\\extensions\\uqbar.wollok-lsp-ide-0.5.3\\out\\server\\src\\server.js:2384:42)\n    at Qh (c:\\Users\\egoytendia\\.vscode\\extensions\\uqbar.wollok-lsp-ide-0.5.3\\out\\server\\src\\server.js:2384:1092)\n    at k6n (c:\\Users\\egoytendia\\.vscode\\extensions\\uqbar.wollok-lsp-ide-0.5.3\\out\\server\\src\\server.js:2384:1248)\n    at c:\\Users\\egoytendia\\.vscode\\extensions\\uqbar.wollok-lsp-ide-0.5.3\\out\\server\\src\\server.js:38:6131\n    at D2 (c:\\Users\\egoytendia\\.vscode\\extensions\\uqbar.wollok-lsp-ide-0.5.3\\out\\server\\src\\server.js:2384:42)\n    at c:\\Users\\egoytendia\\.vscode\\extensions\\uqbar.wollok-lsp-ide-0.5.3\\out\\server\\src\\server.js:2384:2988\n    at c:\\Users\\egoytendia\\.vscode\\extensions\\uqbar.wollok-lsp-ide-0.5.3\\out\\server\\src\\server.js:2393:8440\n    at c:\\Users\\egoytendia\\.vscode\\extensions\\uqbar.wollok-lsp-ide-0.5.3\\out\\server\\src\\server.js:37:74872\n    at Ye (c:\\Users\\egoytendia\\.vscode\\extensions\\uqbar.wollok-lsp-ide-0.5.3\\out\\server\\src\\server.js:7:8527)","timestamp":"2025-12-12T23:11:51.170Z"}
{"level":"info","message":"⌛ Validating parciales/elLegadoDeSoliamMurr/triunviratos.wlk","timeElapsed":131,"timestamp":"2025-12-12T23:11:51.314Z"}
{"level":"info","message":"⌛ Validating parciales/elLegadoDeSoliamMurr/triunviratos.wlk","timeElapsed":121,"timestamp":"2025-12-12T23:11:51.436Z"}
{"level":"info","message":"⌛ Validating parciales/elLegadoDeSoliamMurr/triunviratos.wlk","timeElapsed":122,"timestamp":"2025-12-12T23:11:51.558Z"}
{"level":"info","message":"⌛ Building environment","timeElapsed":130,"timestamp":"2025-12-12T23:11:51.693Z"}
{"level":"error","message":"✘ Completions for node Return (undefined - parciales/elLegadoDeSoliamMurr/triunviratos.wlk) failed: Error: [Return]{d5057d} at parciales/elLegadoDeSoliamMurr/triunviratos.wlk:-- exhausted all cases without a match [Return]{d5057d} at parciales/elLegadoDeSoliamMurr/triunviratos.wlk:-- exhausted all cases without a match","stack":"Error: [Return]{d5057d} at parciales/elLegadoDeSoliamMurr/triunviratos.wlk:-- exhausted all cases without a match\n    at c:\\Users\\egoytendia\\.vscode\\extensions\\uqbar.wollok-lsp-ide-0.5.3\\out\\server\\src\\server.js:38:6142\n    at D2 (c:\\Users\\egoytendia\\.vscode\\extensions\\uqbar.wollok-lsp-ide-0.5.3\\out\\server\\src\\server.js:2384:42)\n    at Qh (c:\\Users\\egoytendia\\.vscode\\extensions\\uqbar.wollok-lsp-ide-0.5.3\\out\\server\\src\\server.js:2384:1092)\n    at k6n (c:\\Users\\egoytendia\\.vscode\\extensions\\uqbar.wollok-lsp-ide-0.5.3\\out\\server\\src\\server.js:2384:1248)\n    at c:\\Users\\egoytendia\\.vscode\\extensions\\uqbar.wollok-lsp-ide-0.5.3\\out\\server\\src\\server.js:38:6131\n    at D2 (c:\\Users\\egoytendia\\.vscode\\extensions\\uqbar.wollok-lsp-ide-0.5.3\\out\\server\\src\\server.js:2384:42)\n    at c:\\Users\\egoytendia\\.vscode\\extensions\\uqbar.wollok-lsp-ide-0.5.3\\out\\server\\src\\server.js:2384:2988\n    at c:\\Users\\egoytendia\\.vscode\\extensions\\uqbar.wollok-lsp-ide-0.5.3\\out\\server\\src\\server.js:2393:8440\n    at c:\\Users\\egoytendia\\.vscode\\extensions\\uqbar.wollok-lsp-ide-0.5.3\\out\\server\\src\\server.js:37:74872\n    at Ye (c:\\Users\\egoytendia\\.vscode\\extensions\\uqbar.wollok-lsp-ide-0.5.3\\out\\server\\src\\server.js:7:8527)","timestamp":"2025-12-12T23:11:51.737Z"}
{"level":"info","message":"⌛ Validating parciales/elLegadoDeSoliamMurr/triunviratos.wlk","timeElapsed":133,"timestamp":"2025-12-12T23:11:52.078Z"}
{"level":"info","message":"⌛ Building environment","timeElapsed":124,"timestamp":"2025-12-12T23:11:52.202Z"}
{"level":"info","message":"⌛ Validating parciales/elLegadoDeSoliamMurr/triunviratos.wlk","timeElapsed":146,"timestamp":"2025-12-12T23:11:52.348Z"}
{"level":"info","message":"⌛ Validating parciales/elLegadoDeSoliamMurr/triunviratos.wlk","timeElapsed":124,"timestamp":"2025-12-12T23:11:52.563Z"}
{"level":"info","message":"⌛ Building environment","timeElapsed":112,"timestamp":"2025-12-12T23:11:52.676Z"}
{"level":"info","message":"⌛ Building environment","timeElapsed":122,"timestamp":"2025-12-12T23:11:52.799Z"}
{"level":"info","message":"⌛ Validating parciales/elLegadoDeSoliamMurr/triunviratos.wlk","timeElapsed":134,"timestamp":"2025-12-12T23:11:52.934Z"}
{"level":"info","message":"⌛ Building environment","timeElapsed":107,"timestamp":"2025-12-12T23:11:53.041Z"}
{"level":"info","message":"⌛ Validating parciales/elLegadoDeSoliamMurr/triunviratos.wlk","timeElapsed":125,"timestamp":"2025-12-12T23:11:53.166Z"}
{"level":"info","message":"⌛ Building environment","timeElapsed":110,"timestamp":"2025-12-12T23:11:53.283Z"}
{"level":"info","message":"⌛ Validating parciales/elLegadoDeSoliamMurr/triunviratos.wlk","timeElapsed":121,"timestamp":"2025-12-12T23:11:53.414Z"}
{"level":"info","message":"⌛ Building environment","timeElapsed":112,"timestamp":"2025-12-12T23:11:53.532Z"}
{"level":"info","message":"⌛ Validating parciales/elLegadoDeSoliamMurr/triunviratos.wlk","timeElapsed":166,"timestamp":"2025-12-12T23:11:53.701Z"}
{"level":"info","message":"⌛ Validating parciales/elLegadoDeSoliamMurr/triunviratos.wlk","timeElapsed":118,"timestamp":"2025-12-12T23:11:53.823Z"}
{"level":"info","message":"⌛ Building environment","timeElapsed":103,"timestamp":"2025-12-12T23:11:53.928Z"}
{"level":"error","message":"✘ Completions for node Return (undefined - parciales/elLegadoDeSoliamMurr/triunviratos.wlk) failed: Error: [Return]{b6941e} at parciales/elLegadoDeSoliamMurr/triunviratos.wlk:-- exhausted all cases without a match [Return]{b6941e} at parciales/elLegadoDeSoliamMurr/triunviratos.wlk:-- exhausted all cases without a match","stack":"Error: [Return]{b6941e} at parciales/elLegadoDeSoliamMurr/triunviratos.wlk:-- exhausted all cases without a match\n    at c:\\Users\\egoytendia\\.vscode\\extensions\\uqbar.wollok-lsp-ide-0.5.3\\out\\server\\src\\server.js:38:6142\n    at D2 (c:\\Users\\egoytendia\\.vscode\\extensions\\uqbar.wollok-lsp-ide-0.5.3\\out\\server\\src\\server.js:2384:42)\n    at Qh (c:\\Users\\egoytendia\\.vscode\\extensions\\uqbar.wollok-lsp-ide-0.5.3\\out\\server\\src\\server.js:2384:1092)\n    at k6n (c:\\Users\\egoytendia\\.vscode\\extensions\\uqbar.wollok-lsp-ide-0.5.3\\out\\server\\src\\server.js:2384:1248)\n    at c:\\Users\\egoytendia\\.vscode\\extensions\\uqbar.wollok-lsp-ide-0.5.3\\out\\server\\src\\server.js:38:6131\n    at D2 (c:\\Users\\egoytendia\\.vscode\\extensions\\uqbar.wollok-lsp-ide-0.5.3\\out\\server\\src\\server.js:2384:42)\n    at c:\\Users\\egoytendia\\.vscode\\extensions\\uqbar.wollok-lsp-ide-0.5.3\\out\\server\\src\\server.js:2384:2988\n    at c:\\Users\\egoytendia\\.vscode\\extensions\\uqbar.wollok-lsp-ide-0.5.3\\out\\server\\src\\server.js:2393:8440\n    at c:\\Users\\egoytendia\\.vscode\\extensions\\uqbar.wollok-lsp-ide-0.5.3\\out\\server\\src\\server.js:37:74872\n    at Ye (c:\\Users\\egoytendia\\.vscode\\extensions\\uqbar.wollok-lsp-ide-0.5.3\\out\\server\\src\\server.js:7:8527)","timestamp":"2025-12-12T23:11:53.972Z"}
{"level":"info","message":"⌛ Validating parciales/elLegadoDeSoliamMurr/triunviratos.wlk","timeElapsed":127,"timestamp":"2025-12-12T23:11:54.102Z"}
{"level":"info","message":"⌛ Validating parciales/elLegadoDeSoliamMurr/triunviratos.wlk","timeElapsed":114,"timestamp":"2025-12-12T23:11:54.311Z"}
{"level":"info","message":"⌛ Building environment","timeElapsed":123,"timestamp":"2025-12-12T23:11:54.435Z"}
{"level":"info","message":"⌛ Building environment","timeElapsed":102,"timestamp":"2025-12-12T23:11:54.539Z"}
{"level":"info","message":"⌛ Validating parciales/elLegadoDeSoliamMurr/triunviratos.wlk","timeElapsed":171,"timestamp":"2025-12-12T23:11:54.806Z"}
{"level":"info","message":"⌛ Building environment","timeElapsed":126,"timestamp":"2025-12-12T23:11:54.934Z"}
{"level":"info","message":"⌛ Building environment","timeElapsed":119,"timestamp":"2025-12-12T23:11:55.162Z"}
{"level":"info","message":"⌛ Validating parciales/elLegadoDeSoliamMurr/triunviratos.wlk","timeElapsed":119,"timestamp":"2025-12-12T23:11:55.282Z"}
{"level":"info","message":"⌛ Validating parciales/elLegadoDeSoliamMurr/triunviratos.wlk","timeElapsed":115,"timestamp":"2025-12-12T23:11:55.401Z"}
{"level":"info","message":"⌛ Validating parciales/elLegadoDeSoliamMurr/triunviratos.wlk","timeElapsed":145,"timestamp":"2025-12-12T23:11:55.548Z"}
{"level":"info","message":"⌛ Validating parciales/elLegadoDeSoliamMurr/triunviratos.wlk","timeElapsed":117,"timestamp":"2025-12-12T23:11:55.668Z"}
{"level":"info","message":"⌛ Building environment","timeElapsed":115,"timestamp":"2025-12-12T23:11:55.783Z"}
{"level":"info","message":"⌛ Validating parciales/elLegadoDeSoliamMurr/triunviratos.wlk","timeElapsed":129,"timestamp":"2025-12-12T23:11:55.914Z"}
{"level":"info","message":"⌛ Validating parciales/elLegadoDeSoliamMurr/triunviratos.wlk","timeElapsed":115,"timestamp":"2025-12-12T23:11:56.036Z"}
{"level":"info","message":"⌛ Validating parciales/elLegadoDeSoliamMurr/triunviratos.wlk","timeElapsed":130,"timestamp":"2025-12-12T23:11:56.168Z"}
{"level":"info","message":"⌛ Validating parciales/elLegadoDeSoliamMurr/triunviratos.wlk","timeElapsed":115,"timestamp":"2025-12-12T23:11:56.284Z"}
{"level":"info","message":"⌛ Building environment","timeElapsed":119,"timestamp":"2025-12-12T23:11:56.822Z"}
{"level":"info","message":"⌛ Building environment","timeElapsed":119,"timestamp":"2025-12-12T23:11:56.943Z"}
{"level":"info","message":"⌛ Validating parciales/elLegadoDeSoliamMurr/triunviratos.wlk","timeElapsed":181,"timestamp":"2025-12-12T23:11:57.127Z"}
{"level":"info","message":"⌛ Validating parciales/elLegadoDeSoliamMurr/triunviratos.wlk","timeElapsed":112,"timestamp":"2025-12-12T23:11:57.240Z"}
{"level":"info","message":"⌛ Building environment","timeElapsed":135,"timestamp":"2025-12-12T23:11:57.390Z"}
{"level":"info","message":"⌛ Validating parciales/elLegadoDeSoliamMurr/triunviratos.wlk","timeElapsed":113,"timestamp":"2025-12-12T23:11:57.511Z"}
{"level":"error","message":"✘ Completions for node Return (undefined - parciales/elLegadoDeSoliamMurr/triunviratos.wlk) failed: Error: [Return]{693612} at parciales/elLegadoDeSoliamMurr/triunviratos.wlk:-- exhausted all cases without a match [Return]{693612} at parciales/elLegadoDeSoliamMurr/triunviratos.wlk:-- exhausted all cases without a match","stack":"Error: [Return]{693612} at parciales/elLegadoDeSoliamMurr/triunviratos.wlk:-- exhausted all cases without a match\n    at c:\\Users\\egoytendia\\.vscode\\extensions\\uqbar.wollok-lsp-ide-0.5.3\\out\\server\\src\\server.js:38:6142\n    at D2 (c:\\Users\\egoytendia\\.vscode\\extensions\\uqbar.wollok-lsp-ide-0.5.3\\out\\server\\src\\server.js:2384:42)\n    at Qh (c:\\Users\\egoytendia\\.vscode\\extensions\\uqbar.wollok-lsp-ide-0.5.3\\out\\server\\src\\server.js:2384:1092)\n    at k6n (c:\\Users\\egoytendia\\.vscode\\extensions\\uqbar.wollok-lsp-ide-0.5.3\\out\\server\\src\\server.js:2384:1248)\n    at c:\\Users\\egoytendia\\.vscode\\extensions\\uqbar.wollok-lsp-ide-0.5.3\\out\\server\\src\\server.js:38:6131\n    at D2 (c:\\Users\\egoytendia\\.vscode\\extensions\\uqbar.wollok-lsp-ide-0.5.3\\out\\server\\src\\server.js:2384:42)\n    at c:\\Users\\egoytendia\\.vscode\\extensions\\uqbar.wollok-lsp-ide-0.5.3\\out\\server\\src\\server.js:2384:2988\n    at c:\\Users\\egoytendia\\.vscode\\extensions\\uqbar.wollok-lsp-ide-0.5.3\\out\\server\\src\\server.js:2393:8440\n    at c:\\Users\\egoytendia\\.vscode\\extensions\\uqbar.wollok-lsp-ide-0.5.3\\out\\server\\src\\server.js:37:74872\n    at Ye (c:\\Users\\egoytendia\\.vscode\\extensions\\uqbar.wollok-lsp-ide-0.5.3\\out\\server\\src\\server.js:7:8527)","timestamp":"2025-12-12T23:11:57.672Z"}
{"level":"info","message":"⌛ Building environment","timeElapsed":116,"timestamp":"2025-12-12T23:11:57.792Z"}
{"level":"info","message":"⌛ Validating parciales/elLegadoDeSoliamMurr/triunviratos.wlk","timeElapsed":136,"timestamp":"2025-12-12T23:11:57.929Z"}
{"level":"info","message":"⌛ Building environment","timeElapsed":111,"timestamp":"2025-12-12T23:11:58.042Z"}
{"level":"info","message":"⌛ Building environment","timeElapsed":101,"timestamp":"2025-12-12T23:11:58.144Z"}
{"level":"error","message":"✘ Completions for node Return (undefined - parciales/elLegadoDeSoliamMurr/triunviratos.wlk) failed: Error: [Return]{cdaf4d} at parciales/elLegadoDeSoliamMurr/triunviratos.wlk:-- exhausted all cases without a match [Return]{cdaf4d} at parciales/elLegadoDeSoliamMurr/triunviratos.wlk:-- exhausted all cases without a match","stack":"Error: [Return]{cdaf4d} at parciales/elLegadoDeSoliamMurr/triunviratos.wlk:-- exhausted all cases without a match\n    at c:\\Users\\egoytendia\\.vscode\\extensions\\uqbar.wollok-lsp-ide-0.5.3\\out\\server\\src\\server.js:38:6142\n    at D2 (c:\\Users\\egoytendia\\.vscode\\extensions\\uqbar.wollok-lsp-ide-0.5.3\\out\\server\\src\\server.js:2384:42)\n    at Qh (c:\\Users\\egoytendia\\.vscode\\extensions\\uqbar.wollok-lsp-ide-0.5.3\\out\\server\\src\\server.js:2384:1092)\n    at k6n (c:\\Users\\egoytendia\\.vscode\\extensions\\uqbar.wollok-lsp-ide-0.5.3\\out\\server\\src\\server.js:2384:1248)\n    at c:\\Users\\egoytendia\\.vscode\\extensions\\uqbar.wollok-lsp-ide-0.5.3\\out\\server\\src\\server.js:38:6131\n    at D2 (c:\\Users\\egoytendia\\.vscode\\extensions\\uqbar.wollok-lsp-ide-0.5.3\\out\\server\\src\\server.js:2384:42)\n    at c:\\Users\\egoytendia\\.vscode\\extensions\\uqbar.wollok-lsp-ide-0.5.3\\out\\server\\src\\server.js:2384:2988\n    at c:\\Users\\egoytendia\\.vscode\\extensions\\uqbar.wollok-lsp-ide-0.5.3\\out\\server\\src\\server.js:2393:8440\n    at c:\\Users\\egoytendia\\.vscode\\extensions\\uqbar.wollok-lsp-ide-0.5.3\\out\\server\\src\\server.js:37:74872\n    at Ye (c:\\Users\\egoytendia\\.vscode\\extensions\\uqbar.wollok-lsp-ide-0.5.3\\out\\server\\src\\server.js:7:8527)","timestamp":"2025-12-12T23:11:58.184Z"}
{"level":"info","message":"⌛ Validating parciales/elLegadoDeSoliamMurr/triunviratos.wlk","timeElapsed":119,"timestamp":"2025-12-12T23:11:58.317Z"}
{"level":"info","message":"⌛ Building environment","timeElapsed":103,"timestamp":"2025-12-12T23:11:58.420Z"}
{"level":"info","message":"⌛ Validating parciales/elLegadoDeSoliamMurr/triunviratos.wlk","timeElapsed":126,"timestamp":"2025-12-12T23:11:58.549Z"}
{"level":"info","message":"⌛ Validating parciales/elLegadoDeSoliamMurr/triunviratos.wlk","timeElapsed":112,"timestamp":"2025-12-12T23:11:58.661Z"}
{"level":"info","message":"⌛ Building environment","timeElapsed":104,"timestamp":"2025-12-12T23:11:58.766Z"}
{"level":"error","message":"✘ Completions for node Return (undefined - parciales/elLegadoDeSoliamMurr/triunviratos.wlk) failed: Error: [Return]{9e4f85} at parciales/elLegadoDeSoliamMurr/triunviratos.wlk:-- exhausted all cases without a match [Return]{9e4f85} at parciales/elLegadoDeSoliamMurr/triunviratos.wlk:-- exhausted all cases without a match","stack":"Error: [Return]{9e4f85} at parciales/elLegadoDeSoliamMurr/triunviratos.wlk:-- exhausted all cases without a match\n    at c:\\Users\\egoytendia\\.vscode\\extensions\\uqbar.wollok-lsp-ide-0.5.3\\out\\server\\src\\server.js:38:6142\n    at D2 (c:\\Users\\egoytendia\\.vscode\\extensions\\uqbar.wollok-lsp-ide-0.5.3\\out\\server\\src\\server.js:2384:42)\n    at Qh (c:\\Users\\egoytendia\\.vscode\\extensions\\uqbar.wollok-lsp-ide-0.5.3\\out\\server\\src\\server.js:2384:1092)\n    at k6n (c:\\Users\\egoytendia\\.vscode\\extensions\\uqbar.wollok-lsp-ide-0.5.3\\out\\server\\src\\server.js:2384:1248)\n    at c:\\Users\\egoytendia\\.vscode\\extensions\\uqbar.wollok-lsp-ide-0.5.3\\out\\server\\src\\server.js:38:6131\n    at D2 (c:\\Users\\egoytendia\\.vscode\\extensions\\uqbar.wollok-lsp-ide-0.5.3\\out\\server\\src\\server.js:2384:42)\n    at c:\\Users\\egoytendia\\.vscode\\extensions\\uqbar.wollok-lsp-ide-0.5.3\\out\\server\\src\\server.js:2384:2988\n    at c:\\Users\\egoytendia\\.vscode\\extensions\\uqbar.wollok-lsp-ide-0.5.3\\out\\server\\src\\server.js:2393:8440\n    at c:\\Users\\egoytendia\\.vscode\\extensions\\uqbar.wollok-lsp-ide-0.5.3\\out\\server\\src\\server.js:37:74872\n    at Ye (c:\\Users\\egoytendia\\.vscode\\extensions\\uqbar.wollok-lsp-ide-0.5.3\\out\\server\\src\\server.js:7:8527)","timestamp":"2025-12-12T23:11:58.904Z"}
{"level":"info","message":"⌛ Validating parciales/elLegadoDeSoliamMurr/triunviratos.wlk","timeElapsed":119,"timestamp":"2025-12-12T23:11:59.039Z"}
{"level":"info","message":"⌛ Validating parciales/elLegadoDeSoliamMurr/triunviratos.wlk","timeElapsed":155,"timestamp":"2025-12-12T23:11:59.195Z"}
{"level":"info","message":"⌛ Building environment","timeElapsed":108,"timestamp":"2025-12-12T23:11:59.304Z"}
{"level":"info","message":"⌛ Validating parciales/elLegadoDeSoliamMurr/triunviratos.wlk","timeElapsed":123,"timestamp":"2025-12-12T23:11:59.427Z"}
{"level":"info","message":"⌛ Validating parciales/elLegadoDeSoliamMurr/triunviratos.wlk","timeElapsed":111,"timestamp":"2025-12-12T23:11:59.544Z"}
{"level":"info","message":"⌛ Validating parciales/elLegadoDeSoliamMurr/triunviratos.wlk","timeElapsed":113,"timestamp":"2025-12-12T23:11:59.740Z"}
{"level":"info","message":"⌛ Building environment","timeElapsed":111,"timestamp":"2025-12-12T23:12:00.784Z"}
{"level":"info","message":"⌛ Validating parciales/elLegadoDeSoliamMurr/triunviratos.wlk","timeElapsed":116,"timestamp":"2025-12-12T23:12:00.908Z"}
{"level":"info","message":"⌛ Building environment","timeElapsed":110,"timestamp":"2025-12-12T23:12:01.525Z"}
{"level":"info","message":"⌛ Validating parciales/elLegadoDeSoliamMurr/triunviratos.wlk","timeElapsed":114,"timestamp":"2025-12-12T23:12:01.640Z"}
{"level":"error","message":"✘ Completions for node Send ([35:42, 35:54] - parciales/elLegadoDeSoliamMurr/triunviratos.wlk) failed: Error: [Send]{419efc} at parciales/elLegadoDeSoliamMurr/triunviratos.wlk:35 exhausted all cases without a match [Send]{419efc} at parciales/elLegadoDeSoliamMurr/triunviratos.wlk:35 exhausted all cases without a match","stack":"Error: [Send]{419efc} at parciales/elLegadoDeSoliamMurr/triunviratos.wlk:35 exhausted all cases without a match\n    at c:\\Users\\egoytendia\\.vscode\\extensions\\uqbar.wollok-lsp-ide-0.5.3\\out\\server\\src\\server.js:38:6142\n    at D2 (c:\\Users\\egoytendia\\.vscode\\extensions\\uqbar.wollok-lsp-ide-0.5.3\\out\\server\\src\\server.js:2384:42)\n    at Qh (c:\\Users\\egoytendia\\.vscode\\extensions\\uqbar.wollok-lsp-ide-0.5.3\\out\\server\\src\\server.js:2384:1092)\n    at k6n (c:\\Users\\egoytendia\\.vscode\\extensions\\uqbar.wollok-lsp-ide-0.5.3\\out\\server\\src\\server.js:2384:1248)\n    at c:\\Users\\egoytendia\\.vscode\\extensions\\uqbar.wollok-lsp-ide-0.5.3\\out\\server\\src\\server.js:38:6131\n    at D2 (c:\\Users\\egoytendia\\.vscode\\extensions\\uqbar.wollok-lsp-ide-0.5.3\\out\\server\\src\\server.js:2384:42)\n    at c:\\Users\\egoytendia\\.vscode\\extensions\\uqbar.wollok-lsp-ide-0.5.3\\out\\server\\src\\server.js:2384:2988\n    at c:\\Users\\egoytendia\\.vscode\\extensions\\uqbar.wollok-lsp-ide-0.5.3\\out\\server\\src\\server.js:2393:8440\n    at c:\\Users\\egoytendia\\.vscode\\extensions\\uqbar.wollok-lsp-ide-0.5.3\\out\\server\\src\\server.js:37:74872\n    at Ye (c:\\Users\\egoytendia\\.vscode\\extensions\\uqbar.wollok-lsp-ide-0.5.3\\out\\server\\src\\server.js:7:8527)","timestamp":"2025-12-12T23:12:02.458Z"}
{"level":"error","message":"✘ Completions for node Return (undefined - parciales/elLegadoDeSoliamMurr/triunviratos.wlk) failed: Error: [Return]{84fb9f} at parciales/elLegadoDeSoliamMurr/triunviratos.wlk:-- exhausted all cases without a match [Return]{84fb9f} at parciales/elLegadoDeSoliamMurr/triunviratos.wlk:-- exhausted all cases without a match","stack":"Error: [Return]{84fb9f} at parciales/elLegadoDeSoliamMurr/triunviratos.wlk:-- exhausted all cases without a match\n    at c:\\Users\\egoytendia\\.vscode\\extensions\\uqbar.wollok-lsp-ide-0.5.3\\out\\server\\src\\server.js:38:6142\n    at D2 (c:\\Users\\egoytendia\\.vscode\\extensions\\uqbar.wollok-lsp-ide-0.5.3\\out\\server\\src\\server.js:2384:42)\n    at Qh (c:\\Users\\egoytendia\\.vscode\\extensions\\uqbar.wollok-lsp-ide-0.5.3\\out\\server\\src\\server.js:2384:1092)\n    at D2 (c:\\Users\\egoytendia\\.vscode\\extensions\\uqbar.wollok-lsp-ide-0.5.3\\out\\server\\src\\server.js:2384:544)\n    at Qh (c:\\Users\\egoytendia\\.vscode\\extensions\\uqbar.wollok-lsp-ide-0.5.3\\out\\server\\src\\server.js:2384:1092)\n    at k6n (c:\\Users\\egoytendia\\.vscode\\extensions\\uqbar.wollok-lsp-ide-0.5.3\\out\\server\\src\\server.js:2384:1248)\n    at c:\\Users\\egoytendia\\.vscode\\extensions\\uqbar.wollok-lsp-ide-0.5.3\\out\\server\\src\\server.js:38:6131\n    at D2 (c:\\Users\\egoytendia\\.vscode\\extensions\\uqbar.wollok-lsp-ide-0.5.3\\out\\server\\src\\server.js:2384:42)\n    at c:\\Users\\egoytendia\\.vscode\\extensions\\uqbar.wollok-lsp-ide-0.5.3\\out\\server\\src\\server.js:2384:2988\n    at c:\\Users\\egoytendia\\.vscode\\extensions\\uqbar.wollok-lsp-ide-0.5.3\\out\\server\\src\\server.js:2393:8440","timestamp":"2025-12-12T23:12:02.458Z"}
{"level":"info","message":"⌛ Validating parciales/elLegadoDeSoliamMurr/triunviratos.wlk","timeElapsed":133,"timestamp":"2025-12-12T23:12:02.595Z"}
{"level":"info","message":"⌛ Building environment","timeElapsed":105,"timestamp":"2025-12-12T23:12:02.767Z"}
{"level":"info","message":"⌛ Validating parciales/elLegadoDeSoliamMurr/triunviratos.wlk","timeElapsed":134,"timestamp":"2025-12-12T23:12:02.905Z"}
{"level":"info","message":"⌛ Building environment","timeElapsed":126,"timestamp":"2025-12-12T23:12:03.032Z"}
{"level":"info","message":"⌛ Validating parciales/elLegadoDeSoliamMurr/triunviratos.wlk","timeElapsed":124,"timestamp":"2025-12-12T23:12:03.156Z"}
{"level":"info","message":"⌛ Building environment","timeElapsed":108,"timestamp":"2025-12-12T23:12:03.895Z"}
{"level":"info","message":"⌛ Validating parciales/elLegadoDeSoliamMurr/triunviratos.wlk","timeElapsed":128,"timestamp":"2025-12-12T23:12:04.030Z"}
{"level":"error","message":"✘ Completions for node Send ([35:42, 35:55] - parciales/elLegadoDeSoliamMurr/triunviratos.wlk) failed: Error: [Send]{b54b84} at parciales/elLegadoDeSoliamMurr/triunviratos.wlk:35 exhausted all cases without a match [Send]{b54b84} at parciales/elLegadoDeSoliamMurr/triunviratos.wlk:35 exhausted all cases without a match","stack":"Error: [Send]{b54b84} at parciales/elLegadoDeSoliamMurr/triunviratos.wlk:35 exhausted all cases without a match\n    at c:\\Users\\egoytendia\\.vscode\\extensions\\uqbar.wollok-lsp-ide-0.5.3\\out\\server\\src\\server.js:38:6142\n    at D2 (c:\\Users\\egoytendia\\.vscode\\extensions\\uqbar.wollok-lsp-ide-0.5.3\\out\\server\\src\\server.js:2384:42)\n    at Qh (c:\\Users\\egoytendia\\.vscode\\extensions\\uqbar.wollok-lsp-ide-0.5.3\\out\\server\\src\\server.js:2384:1092)\n    at k6n (c:\\Users\\egoytendia\\.vscode\\extensions\\uqbar.wollok-lsp-ide-0.5.3\\out\\server\\src\\server.js:2384:1248)\n    at c:\\Users\\egoytendia\\.vscode\\extensions\\uqbar.wollok-lsp-ide-0.5.3\\out\\server\\src\\server.js:38:6131\n    at D2 (c:\\Users\\egoytendia\\.vscode\\extensions\\uqbar.wollok-lsp-ide-0.5.3\\out\\server\\src\\server.js:2384:42)\n    at c:\\Users\\egoytendia\\.vscode\\extensions\\uqbar.wollok-lsp-ide-0.5.3\\out\\server\\src\\server.js:2384:2988\n    at c:\\Users\\egoytendia\\.vscode\\extensions\\uqbar.wollok-lsp-ide-0.5.3\\out\\server\\src\\server.js:2393:8440\n    at c:\\Users\\egoytendia\\.vscode\\extensions\\uqbar.wollok-lsp-ide-0.5.3\\out\\server\\src\\server.js:37:74872\n    at Ye (c:\\Users\\egoytendia\\.vscode\\extensions\\uqbar.wollok-lsp-ide-0.5.3\\out\\server\\src\\server.js:7:8527)","timestamp":"2025-12-12T23:12:07.565Z"}
{"level":"error","message":"✘ Completions for node Return (undefined - parciales/elLegadoDeSoliamMurr/triunviratos.wlk) failed: Error: [Return]{f786ad} at parciales/elLegadoDeSoliamMurr/triunviratos.wlk:-- exhausted all cases without a match [Return]{f786ad} at parciales/elLegadoDeSoliamMurr/triunviratos.wlk:-- exhausted all cases without a match","stack":"Error: [Return]{f786ad} at parciales/elLegadoDeSoliamMurr/triunviratos.wlk:-- exhausted all cases without a match\n    at c:\\Users\\egoytendia\\.vscode\\extensions\\uqbar.wollok-lsp-ide-0.5.3\\out\\server\\src\\server.js:38:6142\n    at D2 (c:\\Users\\egoytendia\\.vscode\\extensions\\uqbar.wollok-lsp-ide-0.5.3\\out\\server\\src\\server.js:2384:42)\n    at Qh (c:\\Users\\egoytendia\\.vscode\\extensions\\uqbar.wollok-lsp-ide-0.5.3\\out\\server\\src\\server.js:2384:1092)\n    at D2 (c:\\Users\\egoytendia\\.vscode\\extensions\\uqbar.wollok-lsp-ide-0.5.3\\out\\server\\src\\server.js:2384:544)\n    at Qh (c:\\Users\\egoytendia\\.vscode\\extensions\\uqbar.wollok-lsp-ide-0.5.3\\out\\server\\src\\server.js:2384:1092)\n    at k6n (c:\\Users\\egoytendia\\.vscode\\extensions\\uqbar.wollok-lsp-ide-0.5.3\\out\\server\\src\\server.js:2384:1248)\n    at c:\\Users\\egoytendia\\.vscode\\extensions\\uqbar.wollok-lsp-ide-0.5.3\\out\\server\\src\\server.js:38:6131\n    at D2 (c:\\Users\\egoytendia\\.vscode\\extensions\\uqbar.wollok-lsp-ide-0.5.3\\out\\server\\src\\server.js:2384:42)\n    at c:\\Users\\egoytendia\\.vscode\\extensions\\uqbar.wollok-lsp-ide-0.5.3\\out\\server\\src\\server.js:2384:2988\n    at c:\\Users\\egoytendia\\.vscode\\extensions\\uqbar.wollok-lsp-ide-0.5.3\\out\\server\\src\\server.js:2393:8440","timestamp":"2025-12-12T23:12:07.565Z"}
{"level":"info","message":"⌛ Validating parciales/elLegadoDeSoliamMurr/triunviratos.wlk","timeElapsed":132,"timestamp":"2025-12-12T23:12:07.700Z"}
{"level":"info","message":"⌛ Building environment","timeElapsed":135,"timestamp":"2025-12-12T23:12:07.836Z"}
{"level":"info","message":"⌛ Validating parciales/elLegadoDeSoliamMurr/triunviratos.wlk","timeElapsed":135,"timestamp":"2025-12-12T23:12:08.070Z"}
{"level":"info","message":"⌛ Validating parciales/elLegadoDeSoliamMurr/triunviratos.wlk","timeElapsed":132,"timestamp":"2025-12-12T23:12:08.304Z"}
{"level":"info","message":"⌛ Building environment","timeElapsed":127,"timestamp":"2025-12-12T23:12:08.433Z"}
{"level":"info","message":"⌛ Validating parciales/elLegadoDeSoliamMurr/triunviratos.wlk","timeElapsed":119,"timestamp":"2025-12-12T23:12:08.649Z"}
{"level":"info","message":"⌛ Building environment","timeElapsed":108,"timestamp":"2025-12-12T23:12:08.850Z"}
{"level":"info","message":"⌛ Validating parciales/elLegadoDeSoliamMurr/triunviratos.wlk","timeElapsed":143,"timestamp":"2025-12-12T23:12:08.996Z"}
{"level":"info","message":"⌛ Validating parciales/elLegadoDeSoliamMurr/triunviratos.wlk","timeElapsed":104,"timestamp":"2025-12-12T23:12:09.101Z"}
{"level":"info","message":"⌛ Validating parciales/elLegadoDeSoliamMurr/triunviratos.wlk","timeElapsed":106,"timestamp":"2025-12-12T23:12:09.214Z"}
{"level":"info","message":"⌛ Validating parciales/elLegadoDeSoliamMurr/triunviratos.wlk","timeElapsed":104,"timestamp":"2025-12-12T23:12:09.317Z"}
{"level":"info","message":"⌛ Building environment","timeElapsed":131,"timestamp":"2025-12-12T23:12:15.502Z"}
{"level":"error","message":"✘ Completions for node Send ([35:42, 35:55] - parciales/elLegadoDeSoliamMurr/triunviratos.wlk) failed: Error: [Send]{5bdfe0} at parciales/elLegadoDeSoliamMurr/triunviratos.wlk:35 exhausted all cases without a match [Send]{5bdfe0} at parciales/elLegadoDeSoliamMurr/triunviratos.wlk:35 exhausted all cases without a match","stack":"Error: [Send]{5bdfe0} at parciales/elLegadoDeSoliamMurr/triunviratos.wlk:35 exhausted all cases without a match\n    at c:\\Users\\egoytendia\\.vscode\\extensions\\uqbar.wollok-lsp-ide-0.5.3\\out\\server\\src\\server.js:38:6142\n    at D2 (c:\\Users\\egoytendia\\.vscode\\extensions\\uqbar.wollok-lsp-ide-0.5.3\\out\\server\\src\\server.js:2384:42)\n    at Qh (c:\\Users\\egoytendia\\.vscode\\extensions\\uqbar.wollok-lsp-ide-0.5.3\\out\\server\\src\\server.js:2384:1092)\n    at k6n (c:\\Users\\egoytendia\\.vscode\\extensions\\uqbar.wollok-lsp-ide-0.5.3\\out\\server\\src\\server.js:2384:1248)\n    at c:\\Users\\egoytendia\\.vscode\\extensions\\uqbar.wollok-lsp-ide-0.5.3\\out\\server\\src\\server.js:38:6131\n    at D2 (c:\\Users\\egoytendia\\.vscode\\extensions\\uqbar.wollok-lsp-ide-0.5.3\\out\\server\\src\\server.js:2384:42)\n    at c:\\Users\\egoytendia\\.vscode\\extensions\\uqbar.wollok-lsp-ide-0.5.3\\out\\server\\src\\server.js:2384:2988\n    at c:\\Users\\egoytendia\\.vscode\\extensions\\uqbar.wollok-lsp-ide-0.5.3\\out\\server\\src\\server.js:2393:8440\n    at c:\\Users\\egoytendia\\.vscode\\extensions\\uqbar.wollok-lsp-ide-0.5.3\\out\\server\\src\\server.js:37:74872\n    at Ye (c:\\Users\\egoytendia\\.vscode\\extensions\\uqbar.wollok-lsp-ide-0.5.3\\out\\server\\src\\server.js:7:8527)","timestamp":"2025-12-12T23:12:15.540Z"}
{"level":"error","message":"✘ Completions for node Return (undefined - parciales/elLegadoDeSoliamMurr/triunviratos.wlk) failed: Error: [Return]{2f2e41} at parciales/elLegadoDeSoliamMurr/triunviratos.wlk:-- exhausted all cases without a match [Return]{2f2e41} at parciales/elLegadoDeSoliamMurr/triunviratos.wlk:-- exhausted all cases without a match","stack":"Error: [Return]{2f2e41} at parciales/elLegadoDeSoliamMurr/triunviratos.wlk:-- exhausted all cases without a match\n    at c:\\Users\\egoytendia\\.vscode\\extensions\\uqbar.wollok-lsp-ide-0.5.3\\out\\server\\src\\server.js:38:6142\n    at D2 (c:\\Users\\egoytendia\\.vscode\\extensions\\uqbar.wollok-lsp-ide-0.5.3\\out\\server\\src\\server.js:2384:42)\n    at Qh (c:\\Users\\egoytendia\\.vscode\\extensions\\uqbar.wollok-lsp-ide-0.5.3\\out\\server\\src\\server.js:2384:1092)\n    at D2 (c:\\Users\\egoytendia\\.vscode\\extensions\\uqbar.wollok-lsp-ide-0.5.3\\out\\server\\src\\server.js:2384:544)\n    at Qh (c:\\Users\\egoytendia\\.vscode\\extensions\\uqbar.wollok-lsp-ide-0.5.3\\out\\server\\src\\server.js:2384:1092)\n    at k6n (c:\\Users\\egoytendia\\.vscode\\extensions\\uqbar.wollok-lsp-ide-0.5.3\\out\\server\\src\\server.js:2384:1248)\n    at c:\\Users\\egoytendia\\.vscode\\extensions\\uqbar.wollok-lsp-ide-0.5.3\\out\\server\\src\\server.js:38:6131\n    at D2 (c:\\Users\\egoytendia\\.vscode\\extensions\\uqbar.wollok-lsp-ide-0.5.3\\out\\server\\src\\server.js:2384:42)\n    at c:\\Users\\egoytendia\\.vscode\\extensions\\uqbar.wollok-lsp-ide-0.5.3\\out\\server\\src\\server.js:2384:2988\n    at c:\\Users\\egoytendia\\.vscode\\extensions\\uqbar.wollok-lsp-ide-0.5.3\\out\\server\\src\\server.js:2393:8440","timestamp":"2025-12-12T23:12:15.540Z"}
{"level":"info","message":"⌛ Validating parciales/elLegadoDeSoliamMurr/triunviratos.wlk","timeElapsed":114,"timestamp":"2025-12-12T23:12:15.765Z"}
{"level":"info","message":"⌛ Validating parciales/elLegadoDeSoliamMurr/triunviratos.wlk","timeElapsed":159,"timestamp":"2025-12-12T23:12:15.925Z"}
{"level":"info","message":"⌛ Building environment","timeElapsed":107,"timestamp":"2025-12-12T23:12:16.038Z"}
{"level":"error","message":"✘ Completions for node Send ([35:42, 35:58] - parciales/elLegadoDeSoliamMurr/triunviratos.wlk) failed: Error: [Send]{3ff4da} at parciales/elLegadoDeSoliamMurr/triunviratos.wlk:35 exhausted all cases without a match [Send]{3ff4da} at parciales/elLegadoDeSoliamMurr/triunviratos.wlk:35 exhausted all cases without a match","stack":"Error: [Send]{3ff4da} at parciales/elLegadoDeSoliamMurr/triunviratos.wlk:35 exhausted all cases without a match\n    at c:\\Users\\egoytendia\\.vscode\\extensions\\uqbar.wollok-lsp-ide-0.5.3\\out\\server\\src\\server.js:38:6142\n    at D2 (c:\\Users\\egoytendia\\.vscode\\extensions\\uqbar.wollok-lsp-ide-0.5.3\\out\\server\\src\\server.js:2384:42)\n    at Qh (c:\\Users\\egoytendia\\.vscode\\extensions\\uqbar.wollok-lsp-ide-0.5.3\\out\\server\\src\\server.js:2384:1092)\n    at k6n (c:\\Users\\egoytendia\\.vscode\\extensions\\uqbar.wollok-lsp-ide-0.5.3\\out\\server\\src\\server.js:2384:1248)\n    at c:\\Users\\egoytendia\\.vscode\\extensions\\uqbar.wollok-lsp-ide-0.5.3\\out\\server\\src\\server.js:38:6131\n    at D2 (c:\\Users\\egoytendia\\.vscode\\extensions\\uqbar.wollok-lsp-ide-0.5.3\\out\\server\\src\\server.js:2384:42)\n    at c:\\Users\\egoytendia\\.vscode\\extensions\\uqbar.wollok-lsp-ide-0.5.3\\out\\server\\src\\server.js:2384:2988\n    at c:\\Users\\egoytendia\\.vscode\\extensions\\uqbar.wollok-lsp-ide-0.5.3\\out\\server\\src\\server.js:2393:8440\n    at c:\\Users\\egoytendia\\.vscode\\extensions\\uqbar.wollok-lsp-ide-0.5.3\\out\\server\\src\\server.js:37:74872\n    at Ye (c:\\Users\\egoytendia\\.vscode\\extensions\\uqbar.wollok-lsp-ide-0.5.3\\out\\server\\src\\server.js:7:8527)","timestamp":"2025-12-12T23:12:16.176Z"}
{"level":"error","message":"✘ Completions for node Return (undefined - parciales/elLegadoDeSoliamMurr/triunviratos.wlk) failed: Error: [Return]{ac5536} at parciales/elLegadoDeSoliamMurr/triunviratos.wlk:-- exhausted all cases without a match [Return]{ac5536} at parciales/elLegadoDeSoliamMurr/triunviratos.wlk:-- exhausted all cases without a match","stack":"Error: [Return]{ac5536} at parciales/elLegadoDeSoliamMurr/triunviratos.wlk:-- exhausted all cases without a match\n    at c:\\Users\\egoytendia\\.vscode\\extensions\\uqbar.wollok-lsp-ide-0.5.3\\out\\server\\src\\server.js:38:6142\n    at D2 (c:\\Users\\egoytendia\\.vscode\\extensions\\uqbar.wollok-lsp-ide-0.5.3\\out\\server\\src\\server.js:2384:42)\n    at Qh (c:\\Users\\egoytendia\\.vscode\\extensions\\uqbar.wollok-lsp-ide-0.5.3\\out\\server\\src\\server.js:2384:1092)\n    at D2 (c:\\Users\\egoytendia\\.vscode\\extensions\\uqbar.wollok-lsp-ide-0.5.3\\out\\server\\src\\server.js:2384:544)\n    at Qh (c:\\Users\\egoytendia\\.vscode\\extensions\\uqbar.wollok-lsp-ide-0.5.3\\out\\server\\src\\server.js:2384:1092)\n    at k6n (c:\\Users\\egoytendia\\.vscode\\extensions\\uqbar.wollok-lsp-ide-0.5.3\\out\\server\\src\\server.js:2384:1248)\n    at c:\\Users\\egoytendia\\.vscode\\extensions\\uqbar.wollok-lsp-ide-0.5.3\\out\\server\\src\\server.js:38:6131\n    at D2 (c:\\Users\\egoytendia\\.vscode\\extensions\\uqbar.wollok-lsp-ide-0.5.3\\out\\server\\src\\server.js:2384:42)\n    at c:\\Users\\egoytendia\\.vscode\\extensions\\uqbar.wollok-lsp-ide-0.5.3\\out\\server\\src\\server.js:2384:2988\n    at c:\\Users\\egoytendia\\.vscode\\extensions\\uqbar.wollok-lsp-ide-0.5.3\\out\\server\\src\\server.js:2393:8440","timestamp":"2025-12-12T23:12:16.176Z"}
{"level":"info","message":"⌛ Validating parciales/elLegadoDeSoliamMurr/triunviratos.wlk","timeElapsed":108,"timestamp":"2025-12-12T23:12:16.289Z"}
{"level":"info","message":"⌛ Validating parciales/elLegadoDeSoliamMurr/triunviratos.wlk","timeElapsed":129,"timestamp":"2025-12-12T23:12:16.419Z"}
{"level":"info","message":"⌛ Building environment","timeElapsed":101,"timestamp":"2025-12-12T23:12:16.634Z"}
{"level":"error","message":"✘ Completions for node Send ([35:42, 35:59] - parciales/elLegadoDeSoliamMurr/triunviratos.wlk) failed: Error: [Send]{5be70f} at parciales/elLegadoDeSoliamMurr/triunviratos.wlk:35 exhausted all cases without a match [Send]{5be70f} at parciales/elLegadoDeSoliamMurr/triunviratos.wlk:35 exhausted all cases without a match","stack":"Error: [Send]{5be70f} at parciales/elLegadoDeSoliamMurr/triunviratos.wlk:35 exhausted all cases without a match\n    at c:\\Users\\egoytendia\\.vscode\\extensions\\uqbar.wollok-lsp-ide-0.5.3\\out\\server\\src\\server.js:38:6142\n    at D2 (c:\\Users\\egoytendia\\.vscode\\extensions\\uqbar.wollok-lsp-ide-0.5.3\\out\\server\\src\\server.js:2384:42)\n    at Qh (c:\\Users\\egoytendia\\.vscode\\extensions\\uqbar.wollok-lsp-ide-0.5.3\\out\\server\\src\\server.js:2384:1092)\n    at k6n (c:\\Users\\egoytendia\\.vscode\\extensions\\uqbar.wollok-lsp-ide-0.5.3\\out\\server\\src\\server.js:2384:1248)\n    at c:\\Users\\egoytendia\\.vscode\\extensions\\uqbar.wollok-lsp-ide-0.5.3\\out\\server\\src\\server.js:38:6131\n    at D2 (c:\\Users\\egoytendia\\.vscode\\extensions\\uqbar.wollok-lsp-ide-0.5.3\\out\\server\\src\\server.js:2384:42)\n    at c:\\Users\\egoytendia\\.vscode\\extensions\\uqbar.wollok-lsp-ide-0.5.3\\out\\server\\src\\server.js:2384:2988\n    at c:\\Users\\egoytendia\\.vscode\\extensions\\uqbar.wollok-lsp-ide-0.5.3\\out\\server\\src\\server.js:2393:8440\n    at c:\\Users\\egoytendia\\.vscode\\extensions\\uqbar.wollok-lsp-ide-0.5.3\\out\\server\\src\\server.js:37:74872\n    at Ye (c:\\Users\\egoytendia\\.vscode\\extensions\\uqbar.wollok-lsp-ide-0.5.3\\out\\server\\src\\server.js:7:8527)","timestamp":"2025-12-12T23:12:16.674Z"}
{"level":"error","message":"✘ Completions for node Return (undefined - parciales/elLegadoDeSoliamMurr/triunviratos.wlk) failed: Error: [Return]{2f2bd9} at parciales/elLegadoDeSoliamMurr/triunviratos.wlk:-- exhausted all cases without a match [Return]{2f2bd9} at parciales/elLegadoDeSoliamMurr/triunviratos.wlk:-- exhausted all cases without a match","stack":"Error: [Return]{2f2bd9} at parciales/elLegadoDeSoliamMurr/triunviratos.wlk:-- exhausted all cases without a match\n    at c:\\Users\\egoytendia\\.vscode\\extensions\\uqbar.wollok-lsp-ide-0.5.3\\out\\server\\src\\server.js:38:6142\n    at D2 (c:\\Users\\egoytendia\\.vscode\\extensions\\uqbar.wollok-lsp-ide-0.5.3\\out\\server\\src\\server.js:2384:42)\n    at Qh (c:\\Users\\egoytendia\\.vscode\\extensions\\uqbar.wollok-lsp-ide-0.5.3\\out\\server\\src\\server.js:2384:1092)\n    at D2 (c:\\Users\\egoytendia\\.vscode\\extensions\\uqbar.wollok-lsp-ide-0.5.3\\out\\server\\src\\server.js:2384:544)\n    at Qh (c:\\Users\\egoytendia\\.vscode\\extensions\\uqbar.wollok-lsp-ide-0.5.3\\out\\server\\src\\server.js:2384:1092)\n    at k6n (c:\\Users\\egoytendia\\.vscode\\extensions\\uqbar.wollok-lsp-ide-0.5.3\\out\\server\\src\\server.js:2384:1248)\n    at c:\\Users\\egoytendia\\.vscode\\extensions\\uqbar.wollok-lsp-ide-0.5.3\\out\\server\\src\\server.js:38:6131\n    at D2 (c:\\Users\\egoytendia\\.vscode\\extensions\\uqbar.wollok-lsp-ide-0.5.3\\out\\server\\src\\server.js:2384:42)\n    at c:\\Users\\egoytendia\\.vscode\\extensions\\uqbar.wollok-lsp-ide-0.5.3\\out\\server\\src\\server.js:2384:2988\n    at c:\\Users\\egoytendia\\.vscode\\extensions\\uqbar.wollok-lsp-ide-0.5.3\\out\\server\\src\\server.js:2393:8440","timestamp":"2025-12-12T23:12:16.674Z"}
{"level":"info","message":"⌛ Validating parciales/elLegadoDeSoliamMurr/triunviratos.wlk","timeElapsed":119,"timestamp":"2025-12-12T23:12:16.808Z"}
{"level":"info","message":"⌛ Validating parciales/elLegadoDeSoliamMurr/triunviratos.wlk","timeElapsed":123,"timestamp":"2025-12-12T23:12:17.031Z"}
{"level":"info","message":"⌛ Building environment","timeElapsed":102,"timestamp":"2025-12-12T23:12:17.173Z"}
{"level":"error","message":"✘ Completions for node Send ([35:42, 35:61] - parciales/elLegadoDeSoliamMurr/triunviratos.wlk) failed: Error: [Send]{154c8c} at parciales/elLegadoDeSoliamMurr/triunviratos.wlk:35 exhausted all cases without a match [Send]{154c8c} at parciales/elLegadoDeSoliamMurr/triunviratos.wlk:35 exhausted all cases without a match","stack":"Error: [Send]{154c8c} at parciales/elLegadoDeSoliamMurr/triunviratos.wlk:35 exhausted all cases without a match\n    at c:\\Users\\egoytendia\\.vscode\\extensions\\uqbar.wollok-lsp-ide-0.5.3\\out\\server\\src\\server.js:38:6142\n    at D2 (c:\\Users\\egoytendia\\.vscode\\extensions\\uqbar.wollok-lsp-ide-0.5.3\\out\\server\\src\\server.js:2384:42)\n    at Qh (c:\\Users\\egoytendia\\.vscode\\extensions\\uqbar.wollok-lsp-ide-0.5.3\\out\\server\\src\\server.js:2384:1092)\n    at k6n (c:\\Users\\egoytendia\\.vscode\\extensions\\uqbar.wollok-lsp-ide-0.5.3\\out\\server\\src\\server.js:2384:1248)\n    at c:\\Users\\egoytendia\\.vscode\\extensions\\uqbar.wollok-lsp-ide-0.5.3\\out\\server\\src\\server.js:38:6131\n    at D2 (c:\\Users\\egoytendia\\.vscode\\extensions\\uqbar.wollok-lsp-ide-0.5.3\\out\\server\\src\\server.js:2384:42)\n    at c:\\Users\\egoytendia\\.vscode\\extensions\\uqbar.wollok-lsp-ide-0.5.3\\out\\server\\src\\server.js:2384:2988\n    at c:\\Users\\egoytendia\\.vscode\\extensions\\uqbar.wollok-lsp-ide-0.5.3\\out\\server\\src\\server.js:2393:8440\n    at c:\\Users\\egoytendia\\.vscode\\extensions\\uqbar.wollok-lsp-ide-0.5.3\\out\\server\\src\\server.js:37:74872\n    at Ye (c:\\Users\\egoytendia\\.vscode\\extensions\\uqbar.wollok-lsp-ide-0.5.3\\out\\server\\src\\server.js:7:8527)","timestamp":"2025-12-12T23:12:17.221Z"}
{"level":"error","message":"✘ Completions for node Return (undefined - parciales/elLegadoDeSoliamMurr/triunviratos.wlk) failed: Error: [Return]{5e335c} at parciales/elLegadoDeSoliamMurr/triunviratos.wlk:-- exhausted all cases without a match [Return]{5e335c} at parciales/elLegadoDeSoliamMurr/triunviratos.wlk:-- exhausted all cases without a match","stack":"Error: [Return]{5e335c} at parciales/elLegadoDeSoliamMurr/triunviratos.wlk:-- exhausted all cases without a match\n    at c:\\Users\\egoytendia\\.vscode\\extensions\\uqbar.wollok-lsp-ide-0.5.3\\out\\server\\src\\server.js:38:6142\n    at D2 (c:\\Users\\egoytendia\\.vscode\\extensions\\uqbar.wollok-lsp-ide-0.5.3\\out\\server\\src\\server.js:2384:42)\n    at Qh (c:\\Users\\egoytendia\\.vscode\\extensions\\uqbar.wollok-lsp-ide-0.5.3\\out\\server\\src\\server.js:2384:1092)\n    at D2 (c:\\Users\\egoytendia\\.vscode\\extensions\\uqbar.wollok-lsp-ide-0.5.3\\out\\server\\src\\server.js:2384:544)\n    at Qh (c:\\Users\\egoytendia\\.vscode\\extensions\\uqbar.wollok-lsp-ide-0.5.3\\out\\server\\src\\server.js:2384:1092)\n    at k6n (c:\\Users\\egoytendia\\.vscode\\extensions\\uqbar.wollok-lsp-ide-0.5.3\\out\\server\\src\\server.js:2384:1248)\n    at c:\\Users\\egoytendia\\.vscode\\extensions\\uqbar.wollok-lsp-ide-0.5.3\\out\\server\\src\\server.js:38:6131\n    at D2 (c:\\Users\\egoytendia\\.vscode\\extensions\\uqbar.wollok-lsp-ide-0.5.3\\out\\server\\src\\server.js:2384:42)\n    at c:\\Users\\egoytendia\\.vscode\\extensions\\uqbar.wollok-lsp-ide-0.5.3\\out\\server\\src\\server.js:2384:2988\n    at c:\\Users\\egoytendia\\.vscode\\extensions\\uqbar.wollok-lsp-ide-0.5.3\\out\\server\\src\\server.js:2393:8440","timestamp":"2025-12-12T23:12:17.222Z"}
{"level":"info","message":"⌛ Validating parciales/elLegadoDeSoliamMurr/triunviratos.wlk","timeElapsed":119,"timestamp":"2025-12-12T23:12:17.346Z"}
{"level":"info","message":"⌛ Validating parciales/elLegadoDeSoliamMurr/triunviratos.wlk","timeElapsed":128,"timestamp":"2025-12-12T23:12:18.100Z"}
{"level":"info","message":"⌛ Building environment","timeElapsed":123,"timestamp":"2025-12-12T23:12:18.224Z"}
{"level":"info","message":"⌛ Validating parciales/elLegadoDeSoliamMurr/triunviratos.wlk","timeElapsed":123,"timestamp":"2025-12-12T23:12:18.347Z"}
{"level":"info","message":"⌛ Building environment","timeElapsed":108,"timestamp":"2025-12-12T23:12:18.628Z"}
{"level":"error","message":"✘ Completions for node Send ([35:42, 35:60] - parciales/elLegadoDeSoliamMurr/triunviratos.wlk) failed: Error: [Send]{17f13d} at parciales/elLegadoDeSoliamMurr/triunviratos.wlk:35 exhausted all cases without a match [Send]{17f13d} at parciales/elLegadoDeSoliamMurr/triunviratos.wlk:35 exhausted all cases without a match","stack":"Error: [Send]{17f13d} at parciales/elLegadoDeSoliamMurr/triunviratos.wlk:35 exhausted all cases without a match\n    at c:\\Users\\egoytendia\\.vscode\\extensions\\uqbar.wollok-lsp-ide-0.5.3\\out\\server\\src\\server.js:38:6142\n    at D2 (c:\\Users\\egoytendia\\.vscode\\extensions\\uqbar.wollok-lsp-ide-0.5.3\\out\\server\\src\\server.js:2384:42)\n    at Qh (c:\\Users\\egoytendia\\.vscode\\extensions\\uqbar.wollok-lsp-ide-0.5.3\\out\\server\\src\\server.js:2384:1092)\n    at k6n (c:\\Users\\egoytendia\\.vscode\\extensions\\uqbar.wollok-lsp-ide-0.5.3\\out\\server\\src\\server.js:2384:1248)\n    at c:\\Users\\egoytendia\\.vscode\\extensions\\uqbar.wollok-lsp-ide-0.5.3\\out\\server\\src\\server.js:38:6131\n    at D2 (c:\\Users\\egoytendia\\.vscode\\extensions\\uqbar.wollok-lsp-ide-0.5.3\\out\\server\\src\\server.js:2384:42)\n    at c:\\Users\\egoytendia\\.vscode\\extensions\\uqbar.wollok-lsp-ide-0.5.3\\out\\server\\src\\server.js:2384:2988\n    at c:\\Users\\egoytendia\\.vscode\\extensions\\uqbar.wollok-lsp-ide-0.5.3\\out\\server\\src\\server.js:2393:8440\n    at c:\\Users\\egoytendia\\.vscode\\extensions\\uqbar.wollok-lsp-ide-0.5.3\\out\\server\\src\\server.js:37:74872\n    at Ye (c:\\Users\\egoytendia\\.vscode\\extensions\\uqbar.wollok-lsp-ide-0.5.3\\out\\server\\src\\server.js:7:8527)","timestamp":"2025-12-12T23:12:18.668Z"}
{"level":"error","message":"✘ Completions for node Return (undefined - parciales/elLegadoDeSoliamMurr/triunviratos.wlk) failed: Error: [Return]{709c62} at parciales/elLegadoDeSoliamMurr/triunviratos.wlk:-- exhausted all cases without a match [Return]{709c62} at parciales/elLegadoDeSoliamMurr/triunviratos.wlk:-- exhausted all cases without a match","stack":"Error: [Return]{709c62} at parciales/elLegadoDeSoliamMurr/triunviratos.wlk:-- exhausted all cases without a match\n    at c:\\Users\\egoytendia\\.vscode\\extensions\\uqbar.wollok-lsp-ide-0.5.3\\out\\server\\src\\server.js:38:6142\n    at D2 (c:\\Users\\egoytendia\\.vscode\\extensions\\uqbar.wollok-lsp-ide-0.5.3\\out\\server\\src\\server.js:2384:42)\n    at Qh (c:\\Users\\egoytendia\\.vscode\\extensions\\uqbar.wollok-lsp-ide-0.5.3\\out\\server\\src\\server.js:2384:1092)\n    at D2 (c:\\Users\\egoytendia\\.vscode\\extensions\\uqbar.wollok-lsp-ide-0.5.3\\out\\server\\src\\server.js:2384:544)\n    at Qh (c:\\Users\\egoytendia\\.vscode\\extensions\\uqbar.wollok-lsp-ide-0.5.3\\out\\server\\src\\server.js:2384:1092)\n    at k6n (c:\\Users\\egoytendia\\.vscode\\extensions\\uqbar.wollok-lsp-ide-0.5.3\\out\\server\\src\\server.js:2384:1248)\n    at c:\\Users\\egoytendia\\.vscode\\extensions\\uqbar.wollok-lsp-ide-0.5.3\\out\\server\\src\\server.js:38:6131\n    at D2 (c:\\Users\\egoytendia\\.vscode\\extensions\\uqbar.wollok-lsp-ide-0.5.3\\out\\server\\src\\server.js:2384:42)\n    at c:\\Users\\egoytendia\\.vscode\\extensions\\uqbar.wollok-lsp-ide-0.5.3\\out\\server\\src\\server.js:2384:2988\n    at c:\\Users\\egoytendia\\.vscode\\extensions\\uqbar.wollok-lsp-ide-0.5.3\\out\\server\\src\\server.js:2393:8440","timestamp":"2025-12-12T23:12:18.669Z"}
{"level":"info","message":"⌛ Validating parciales/elLegadoDeSoliamMurr/triunviratos.wlk","timeElapsed":118,"timestamp":"2025-12-12T23:12:18.882Z"}
{"level":"info","message":"⌛ Validating parciales/elLegadoDeSoliamMurr/triunviratos.wlk","timeElapsed":131,"timestamp":"2025-12-12T23:12:19.014Z"}
{"level":"info","message":"⌛ Building environment","timeElapsed":123,"timestamp":"2025-12-12T23:12:21.090Z"}
{"level":"error","message":"✘ Completions for node Parameter ([35:30, 35:31] - parciales/elLegadoDeSoliamMurr/triunviratos.wlk) failed: Error: [Parameter]{2c8d49} at parciales/elLegadoDeSoliamMurr/triunviratos.wlk:35 exhausted all cases without a match [Parameter]{2c8d49} at parciales/elLegadoDeSoliamMurr/triunviratos.wlk:35 exhausted all cases without a match","stack":"Error: [Parameter]{2c8d49} at parciales/elLegadoDeSoliamMurr/triunviratos.wlk:35 exhausted all cases without a match\n    at c:\\Users\\egoytendia\\.vscode\\extensions\\uqbar.wollok-lsp-ide-0.5.3\\out\\server\\src\\server.js:38:6142\n    at D2 (c:\\Users\\egoytendia\\.vscode\\extensions\\uqbar.wollok-lsp-ide-0.5.3\\out\\server\\src\\server.js:2384:42)\n    at c:\\Users\\egoytendia\\.vscode\\extensions\\uqbar.wollok-lsp-ide-0.5.3\\out\\server\\src\\server.js:2384:2988\n    at c:\\Users\\egoytendia\\.vscode\\extensions\\uqbar.wollok-lsp-ide-0.5.3\\out\\server\\src\\server.js:2393:8440\n    at c:\\Users\\egoytendia\\.vscode\\extensions\\uqbar.wollok-lsp-ide-0.5.3\\out\\server\\src\\server.js:37:74872\n    at Ye (c:\\Users\\egoytendia\\.vscode\\extensions\\uqbar.wollok-lsp-ide-0.5.3\\out\\server\\src\\server.js:7:8527)\n    at qt (c:\\Users\\egoytendia\\.vscode\\extensions\\uqbar.wollok-lsp-ide-0.5.3\\out\\server\\src\\server.js:7:6189)\n    at ot (c:\\Users\\egoytendia\\.vscode\\extensions\\uqbar.wollok-lsp-ide-0.5.3\\out\\server\\src\\server.js:7:6378)\n    at Immediate._onImmediate (c:\\Users\\egoytendia\\.vscode\\extensions\\uqbar.wollok-lsp-ide-0.5.3\\out\\server\\src\\server.js:7:6142)\n    at process.processImmediate (node:internal/timers:485:21)","timestamp":"2025-12-12T23:12:21.132Z"}
{"level":"info","message":"⌛ Building environment","timeElapsed":121,"timestamp":"2025-12-12T23:12:21.257Z"}
{"level":"info","message":"⌛ Validating parciales/elLegadoDeSoliamMurr/triunviratos.wlk","timeElapsed":134,"timestamp":"2025-12-12T23:12:21.391Z"}
{"level":"info","message":"⌛ Building environment","timeElapsed":128,"timestamp":"2025-12-12T23:12:21.521Z"}
{"level":"error","message":"✘ Completions for node Parameter ([35:30, 35:33] - parciales/elLegadoDeSoliamMurr/triunviratos.wlk) failed: Error: [Parameter]{a05af0} at parciales/elLegadoDeSoliamMurr/triunviratos.wlk:35 exhausted all cases without a match [Parameter]{a05af0} at parciales/elLegadoDeSoliamMurr/triunviratos.wlk:35 exhausted all cases without a match","stack":"Error: [Parameter]{a05af0} at parciales/elLegadoDeSoliamMurr/triunviratos.wlk:35 exhausted all cases without a match\n    at c:\\Users\\egoytendia\\.vscode\\extensions\\uqbar.wollok-lsp-ide-0.5.3\\out\\server\\src\\server.js:38:6142\n    at D2 (c:\\Users\\egoytendia\\.vscode\\extensions\\uqbar.wollok-lsp-ide-0.5.3\\out\\server\\src\\server.js:2384:42)\n    at c:\\Users\\egoytendia\\.vscode\\extensions\\uqbar.wollok-lsp-ide-0.5.3\\out\\server\\src\\server.js:2384:2988\n    at c:\\Users\\egoytendia\\.vscode\\extensions\\uqbar.wollok-lsp-ide-0.5.3\\out\\server\\src\\server.js:2393:8440\n    at c:\\Users\\egoytendia\\.vscode\\extensions\\uqbar.wollok-lsp-ide-0.5.3\\out\\server\\src\\server.js:37:74872\n    at Ye (c:\\Users\\egoytendia\\.vscode\\extensions\\uqbar.wollok-lsp-ide-0.5.3\\out\\server\\src\\server.js:7:8527)\n    at qt (c:\\Users\\egoytendia\\.vscode\\extensions\\uqbar.wollok-lsp-ide-0.5.3\\out\\server\\src\\server.js:7:6189)\n    at ot (c:\\Users\\egoytendia\\.vscode\\extensions\\uqbar.wollok-lsp-ide-0.5.3\\out\\server\\src\\server.js:7:6378)\n    at Immediate._onImmediate (c:\\Users\\egoytendia\\.vscode\\extensions\\uqbar.wollok-lsp-ide-0.5.3\\out\\server\\src\\server.js:7:6142)\n    at process.processImmediate (node:internal/timers:485:21)","timestamp":"2025-12-12T23:12:21.559Z"}
{"level":"info","message":"⌛ Validating parciales/elLegadoDeSoliamMurr/triunviratos.wlk","timeElapsed":121,"timestamp":"2025-12-12T23:12:21.791Z"}
{"level":"info","message":"⌛ Building environment","timeElapsed":102,"timestamp":"2025-12-12T23:12:21.894Z"}
{"level":"info","message":"⌛ Validating parciales/elLegadoDeSoliamMurr/triunviratos.wlk","timeElapsed":117,"timestamp":"2025-12-12T23:12:22.011Z"}
{"level":"error","message":"✘ Completions for node Parameter ([35:30, 35:37] - parciales/elLegadoDeSoliamMurr/triunviratos.wlk) failed: Error: [Parameter]{a2844c} at parciales/elLegadoDeSoliamMurr/triunviratos.wlk:35 exhausted all cases without a match [Parameter]{a2844c} at parciales/elLegadoDeSoliamMurr/triunviratos.wlk:35 exhausted all cases without a match","stack":"Error: [Parameter]{a2844c} at parciales/elLegadoDeSoliamMurr/triunviratos.wlk:35 exhausted all cases without a match\n    at c:\\Users\\egoytendia\\.vscode\\extensions\\uqbar.wollok-lsp-ide-0.5.3\\out\\server\\src\\server.js:38:6142\n    at D2 (c:\\Users\\egoytendia\\.vscode\\extensions\\uqbar.wollok-lsp-ide-0.5.3\\out\\server\\src\\server.js:2384:42)\n    at c:\\Users\\egoytendia\\.vscode\\extensions\\uqbar.wollok-lsp-ide-0.5.3\\out\\server\\src\\server.js:2384:2988\n    at c:\\Users\\egoytendia\\.vscode\\extensions\\uqbar.wollok-lsp-ide-0.5.3\\out\\server\\src\\server.js:2393:8440\n    at c:\\Users\\egoytendia\\.vscode\\extensions\\uqbar.wollok-lsp-ide-0.5.3\\out\\server\\src\\server.js:37:74872\n    at Ye (c:\\Users\\egoytendia\\.vscode\\extensions\\uqbar.wollok-lsp-ide-0.5.3\\out\\server\\src\\server.js:7:8527)\n    at qt (c:\\Users\\egoytendia\\.vscode\\extensions\\uqbar.wollok-lsp-ide-0.5.3\\out\\server\\src\\server.js:7:6189)\n    at ot (c:\\Users\\egoytendia\\.vscode\\extensions\\uqbar.wollok-lsp-ide-0.5.3\\out\\server\\src\\server.js:7:6378)\n    at Immediate._onImmediate (c:\\Users\\egoytendia\\.vscode\\extensions\\uqbar.wollok-lsp-ide-0.5.3\\out\\server\\src\\server.js:7:6142)\n    at process.processImmediate (node:internal/timers:485:21)","timestamp":"2025-12-12T23:12:22.258Z"}
{"level":"info","message":"⌛ Validating parciales/elLegadoDeSoliamMurr/triunviratos.wlk","timeElapsed":115,"timestamp":"2025-12-12T23:12:22.379Z"}
{"level":"info","message":"⌛ Validating parciales/elLegadoDeSoliamMurr/triunviratos.wlk","timeElapsed":121,"timestamp":"2025-12-12T23:12:22.500Z"}
{"level":"info","message":"⌛ Validating parciales/elLegadoDeSoliamMurr/triunviratos.wlk","timeElapsed":134,"timestamp":"2025-12-12T23:12:22.635Z"}
{"level":"info","message":"⌛ Validating parciales/elLegadoDeSoliamMurr/triunviratos.wlk","timeElapsed":109,"timestamp":"2025-12-12T23:12:22.744Z"}
{"level":"info","message":"⌛ Building environment","timeElapsed":334,"timestamp":"2025-12-12T23:45:56.089Z"}
{"level":"info","message":"⌛ Validating parciales/pdepefoni/linea.wlk","timeElapsed":131,"timestamp":"2025-12-12T23:45:56.272Z"}
{"level":"info","message":"⌛ Building environment","timeElapsed":106,"timestamp":"2025-12-12T23:46:45.262Z"}
{"level":"info","message":"⌛ Validating parciales/pdepefoni/linea.wlk","timeElapsed":119,"timestamp":"2025-12-12T23:46:45.500Z"}
{"level":"info","message":"⌛ Validating parciales/pdepefoni/linea.wlk","timeElapsed":197,"timestamp":"2025-12-12T23:46:45.782Z"}
{"level":"info","message":"⌛ Validating parciales/pdepefoni/linea.wlk","timeElapsed":135,"timestamp":"2025-12-12T23:46:45.917Z"}
{"level":"info","message":"⌛ Validating parciales/pdepefoni/linea.wlk","timeElapsed":133,"timestamp":"2025-12-12T23:46:46.055Z"}
{"level":"info","message":"⌛ Building environment","timeElapsed":111,"timestamp":"2025-12-12T23:46:46.167Z"}
{"level":"info","message":"⌛ Validating parciales/pdepefoni/linea.wlk","timeElapsed":129,"timestamp":"2025-12-12T23:46:46.301Z"}
{"level":"info","message":"⌛ Validating parciales/pdepefoni/linea.wlk","timeElapsed":121,"timestamp":"2025-12-12T23:46:46.663Z"}
{"level":"info","message":"⌛ Validating parciales/pdepefoni/linea.wlk","timeElapsed":118,"timestamp":"2025-12-12T23:46:47.073Z"}
{"level":"info","message":"⌛ Validating parciales/pdepefoni/linea.wlk","timeElapsed":107,"timestamp":"2025-12-12T23:46:47.302Z"}
{"level":"info","message":"⌛ Validating parciales/pdepefoni/linea.wlk","timeElapsed":110,"timestamp":"2025-12-12T23:46:47.413Z"}
{"level":"info","message":"⌛ Validating parciales/pdepefoni/linea.wlk","timeElapsed":109,"timestamp":"2025-12-12T23:46:47.523Z"}
{"level":"info","message":"⌛ Building environment","timeElapsed":102,"timestamp":"2025-12-12T23:46:51.025Z"}
{"level":"info","message":"⌛ Validating parciales/pdepefoni/linea.wlk","timeElapsed":127,"timestamp":"2025-12-12T23:46:51.154Z"}
{"level":"info","message":"⌛ Validating parciales/pdepefoni/linea.wlk","timeElapsed":104,"timestamp":"2025-12-12T23:46:51.343Z"}
{"level":"info","message":"⌛ Validating parciales/pdepefoni/linea.wlk","timeElapsed":107,"timestamp":"2025-12-12T23:46:52.118Z"}
{"level":"info","message":"⌛ Building environment","timeElapsed":105,"timestamp":"2025-12-12T23:46:53.020Z"}
{"level":"info","message":"⌛ Validating parciales/pdepefoni/linea.wlk","timeElapsed":119,"timestamp":"2025-12-12T23:46:53.275Z"}
{"level":"info","message":"⌛ Validating parciales/pdepefoni/linea.wlk","timeElapsed":101,"timestamp":"2025-12-12T23:46:53.480Z"}
{"level":"info","message":"⌛ Validating parciales/pdepefoni/linea.wlk","timeElapsed":120,"timestamp":"2025-12-12T23:46:53.878Z"}
{"level":"info","message":"⌛ Validating parciales/pdepefoni/linea.wlk","timeElapsed":120,"timestamp":"2025-12-12T23:46:53.999Z"}
{"level":"info","message":"⌛ Validating parciales/pdepefoni/linea.wlk","timeElapsed":102,"timestamp":"2025-12-12T23:46:54.622Z"}
{"level":"info","message":"⌛ Validating parciales/pdepefoni/linea.wlk","timeElapsed":102,"timestamp":"2025-12-12T23:46:55.102Z"}
{"level":"info","message":"⌛ Validating parciales/pdepefoni/linea.wlk","timeElapsed":132,"timestamp":"2025-12-12T23:46:55.703Z"}
{"level":"info","message":"⌛ Validating parciales/pdepefoni/linea.wlk","timeElapsed":113,"timestamp":"2025-12-12T23:46:56.099Z"}
{"level":"info","message":"⌛ Validating parciales/pdepefoni/linea.wlk","timeElapsed":123,"timestamp":"2025-12-12T23:46:56.222Z"}
{"level":"info","message":"⌛ Validating parciales/pdepefoni/linea.wlk","timeElapsed":121,"timestamp":"2025-12-12T23:46:56.471Z"}
{"level":"info","message":"⌛ Validating parciales/pdepefoni/linea.wlk","timeElapsed":110,"timestamp":"2025-12-12T23:46:56.583Z"}
{"level":"info","message":"⌛ Validating parciales/pdepefoni/linea.wlk","timeElapsed":101,"timestamp":"2025-12-12T23:46:57.456Z"}
{"level":"info","message":"⌛ Validating parciales/pdepefoni/linea.wlk","timeElapsed":120,"timestamp":"2025-12-12T23:47:07.719Z"}
{"level":"info","message":"⌛ Validating parciales/pdepefoni/linea.wlk","timeElapsed":104,"timestamp":"2025-12-12T23:47:18.626Z"}
{"level":"info","message":"⌛ Validating parciales/pdepefoni/linea.wlk","timeElapsed":111,"timestamp":"2025-12-12T23:47:19.797Z"}
{"level":"info","message":"⌛ Validating parciales/pdepefoni/linea.wlk","timeElapsed":114,"timestamp":"2025-12-12T23:47:19.996Z"}
{"level":"error","message":"✘ Failed to rebuild document Failed to parse parciales/pdepefoni/linea.wlk: \n-- PARSING FAILED --------------------------------------------------\n\n  2 |   const property numeroDeLinea\n  3 |   var\n> 4 | }\n    | ^\n\nExpected one of the following: \n\n'property', identifier, whitespace\n","stack":"Error: Failed to parse parciales/pdepefoni/linea.wlk: \n-- PARSING FAILED --------------------------------------------------\n\n  2 |   const property numeroDeLinea\n  3 |   var\n> 4 | }\n    | ^\n\nExpected one of the following: \n\n'property', identifier, whitespace\n\n    at c:\\Users\\egoytendia\\.vscode\\extensions\\uqbar.wollok-lsp-ide-0.5.3\\out\\server\\src\\server.js:2348:13026\n    at Array.map (<anonymous>)\n    at W1n (c:\\Users\\egoytendia\\.vscode\\extensions\\uqbar.wollok-lsp-ide-0.5.3\\out\\server\\src\\server.js:2348:12950)\n    at U2.buildEnvironmentFrom (c:\\Users\\egoytendia\\.vscode\\extensions\\uqbar.wollok-lsp-ide-0.5.3\\out\\server\\src\\server.js:2393:5254)\n    at U2.updateEnvironmentWith (c:\\Users\\egoytendia\\.vscode\\extensions\\uqbar.wollok-lsp-ide-0.5.3\\out\\server\\src\\server.js:2393:4989)\n    at JF (c:\\Users\\egoytendia\\.vscode\\extensions\\uqbar.wollok-lsp-ide-0.5.3\\out\\server\\src\\server.js:2393:7383)\n    at F3.invoke (c:\\Users\\egoytendia\\.vscode\\extensions\\uqbar.wollok-lsp-ide-0.5.3\\out\\server\\src\\server.js:3:157334)\n    at o.fire (c:\\Users\\egoytendia\\.vscode\\extensions\\uqbar.wollok-lsp-ide-0.5.3\\out\\server\\src\\server.js:3:158104)\n    at c:\\Users\\egoytendia\\.vscode\\extensions\\uqbar.wollok-lsp-ide-0.5.3\\out\\server\\src\\server.js:37:57871\n    at Zr (c:\\Users\\egoytendia\\.vscode\\extensions\\uqbar.wollok-lsp-ide-0.5.3\\out\\server\\src\\server.js:8:1561)","timestamp":"2025-12-12T23:47:20.003Z"}
{"level":"info","message":"⌛ Validating parciales/pdepefoni/linea.wlk","timeElapsed":185,"timestamp":"2025-12-12T23:47:20.742Z"}
{"level":"info","message":"⌛ Validating parciales/pdepefoni/linea.wlk","timeElapsed":104,"timestamp":"2025-12-12T23:47:23.302Z"}
{"level":"info","message":"⌛ Validating parciales/pdepefoni/linea.wlk","timeElapsed":118,"timestamp":"2025-12-12T23:47:23.634Z"}
{"level":"info","message":"⌛ Validating parciales/pdepefoni/linea.wlk","timeElapsed":108,"timestamp":"2025-12-12T23:47:23.742Z"}
{"level":"info","message":"⌛ Validating parciales/pdepefoni/linea.wlk","timeElapsed":165,"timestamp":"2025-12-12T23:47:24.127Z"}
{"level":"info","message":"⌛ Validating parciales/pdepefoni/linea.wlk","timeElapsed":121,"timestamp":"2025-12-12T23:47:24.249Z"}
{"level":"info","message":"⌛ Validating parciales/pdepefoni/linea.wlk","timeElapsed":103,"timestamp":"2025-12-12T23:47:24.694Z"}
{"level":"info","message":"⌛ Validating parciales/pdepefoni/linea.wlk","timeElapsed":102,"timestamp":"2025-12-12T23:47:25.241Z"}
{"level":"info","message":"⌛ Validating parciales/pdepefoni/linea.wlk","timeElapsed":113,"timestamp":"2025-12-12T23:47:25.497Z"}
{"level":"info","message":"⌛ Building environment","timeElapsed":103,"timestamp":"2025-12-12T23:47:25.785Z"}
{"level":"info","message":"⌛ Validating parciales/pdepefoni/linea.wlk","timeElapsed":148,"timestamp":"2025-12-12T23:47:25.937Z"}
{"level":"info","message":"⌛ Validating parciales/pdepefoni/linea.wlk","timeElapsed":104,"timestamp":"2025-12-12T23:47:26.221Z"}
{"level":"info","message":"⌛ Validating parciales/pdepefoni/linea.wlk","timeElapsed":107,"timestamp":"2025-12-12T23:47:26.333Z"}
{"level":"info","message":"⌛ Validating parciales/pdepefoni/linea.wlk","timeElapsed":118,"timestamp":"2025-12-12T23:47:27.285Z"}
{"level":"info","message":"⌛ Building environment","timeElapsed":101,"timestamp":"2025-12-12T23:47:27.998Z"}
{"level":"info","message":"⌛ Validating parciales/pdepefoni/linea.wlk","timeElapsed":107,"timestamp":"2025-12-12T23:47:28.111Z"}
{"level":"info","message":"⌛ Validating parciales/pdepefoni/linea.wlk","timeElapsed":106,"timestamp":"2025-12-12T23:47:28.492Z"}
{"level":"info","message":"⌛ Validating parciales/pdepefoni/linea.wlk","timeElapsed":110,"timestamp":"2025-12-12T23:47:29.409Z"}
{"level":"info","message":"⌛ Validating parciales/pdepefoni/linea.wlk","timeElapsed":110,"timestamp":"2025-12-12T23:47:29.899Z"}
{"level":"info","message":"⌛ Building environment","timeElapsed":120,"timestamp":"2025-12-12T23:50:30.899Z"}
{"level":"info","message":"⌛ Validating parciales/pdepefoni/linea.wlk","timeElapsed":137,"timestamp":"2025-12-12T23:50:31.072Z"}
{"level":"info","message":"⌛ Validating parciales/pdepefoni/linea.wlk","timeElapsed":108,"timestamp":"2025-12-12T23:50:31.264Z"}
{"level":"info","message":"⌛ Validating parciales/pdepefoni/linea.wlk","timeElapsed":111,"timestamp":"2025-12-12T23:50:31.629Z"}
{"level":"info","message":"⌛ Validating parciales/pdepefoni/linea.wlk","timeElapsed":120,"timestamp":"2025-12-12T23:50:32.229Z"}
{"level":"info","message":"⌛ Validating parciales/pdepefoni/linea.wlk","timeElapsed":130,"timestamp":"2025-12-12T23:50:32.479Z"}
{"level":"info","message":"⌛ Validating parciales/pdepefoni/linea.wlk","timeElapsed":111,"timestamp":"2025-12-12T23:50:32.628Z"}
{"level":"info","message":"⌛ Validating parciales/pdepefoni/linea.wlk","timeElapsed":124,"timestamp":"2025-12-12T23:50:32.839Z"}
{"level":"info","message":"⌛ Building environment","timeElapsed":102,"timestamp":"2025-12-12T23:50:37.234Z"}
{"level":"info","message":"⌛ Validating parciales/pdepefoni/linea.wlk","timeElapsed":107,"timestamp":"2025-12-12T23:50:37.369Z"}
{"level":"info","message":"⌛ Validating parciales/pdepefoni/linea.wlk","timeElapsed":133,"timestamp":"2025-12-12T23:50:39.087Z"}
{"level":"info","message":"⌛ Building environment","timeElapsed":112,"timestamp":"2025-12-12T23:50:39.905Z"}
{"level":"info","message":"⌛ Validating parciales/pdepefoni/linea.wlk","timeElapsed":110,"timestamp":"2025-12-12T23:50:40.138Z"}
{"level":"info","message":"⌛ Validating parciales/pdepefoni/linea.wlk","timeElapsed":119,"timestamp":"2025-12-12T23:50:40.354Z"}
{"level":"info","message":"⌛ Validating parciales/pdepefoni/linea.wlk","timeElapsed":139,"timestamp":"2025-12-12T23:50:40.498Z"}
{"level":"error","message":"✘ Failed to rebuild document Failed to parse parciales/pdepefoni/linea.wlk: \n-- PARSING FAILED --------------------------------------------------\n\n  3 |   const packs = []\n  4 |   const \n> 5 |    = \n    |    ^\n  6 | \n  7 | \n\nExpected one of the following: \n\n'property', identifier, whitespace\n","stack":"Error: Failed to parse parciales/pdepefoni/linea.wlk: \n-- PARSING FAILED --------------------------------------------------\n\n  3 |   const packs = []\n  4 |   const \n> 5 |    = \n    |    ^\n  6 | \n  7 | \n\nExpected one of the following: \n\n'property', identifier, whitespace\n\n    at c:\\Users\\egoytendia\\.vscode\\extensions\\uqbar.wollok-lsp-ide-0.5.3\\out\\server\\src\\server.js:2348:13026\n    at Array.map (<anonymous>)\n    at W1n (c:\\Users\\egoytendia\\.vscode\\extensions\\uqbar.wollok-lsp-ide-0.5.3\\out\\server\\src\\server.js:2348:12950)\n    at U2.buildEnvironmentFrom (c:\\Users\\egoytendia\\.vscode\\extensions\\uqbar.wollok-lsp-ide-0.5.3\\out\\server\\src\\server.js:2393:5254)\n    at U2.updateEnvironmentWith (c:\\Users\\egoytendia\\.vscode\\extensions\\uqbar.wollok-lsp-ide-0.5.3\\out\\server\\src\\server.js:2393:4989)\n    at JF (c:\\Users\\egoytendia\\.vscode\\extensions\\uqbar.wollok-lsp-ide-0.5.3\\out\\server\\src\\server.js:2393:7383)\n    at F3.invoke (c:\\Users\\egoytendia\\.vscode\\extensions\\uqbar.wollok-lsp-ide-0.5.3\\out\\server\\src\\server.js:3:157334)\n    at o.fire (c:\\Users\\egoytendia\\.vscode\\extensions\\uqbar.wollok-lsp-ide-0.5.3\\out\\server\\src\\server.js:3:158104)\n    at c:\\Users\\egoytendia\\.vscode\\extensions\\uqbar.wollok-lsp-ide-0.5.3\\out\\server\\src\\server.js:37:57871\n    at Zr (c:\\Users\\egoytendia\\.vscode\\extensions\\uqbar.wollok-lsp-ide-0.5.3\\out\\server\\src\\server.js:8:1561)","timestamp":"2025-12-12T23:50:41.909Z"}
{"level":"info","message":"⌛ Validating parciales/pdepefoni/linea.wlk","timeElapsed":109,"timestamp":"2025-12-12T23:50:42.944Z"}
{"level":"info","message":"⌛ Validating parciales/pdepefoni/linea.wlk","timeElapsed":139,"timestamp":"2025-12-12T23:50:44.193Z"}
{"level":"info","message":"⌛ Validating parciales/pdepefoni/linea.wlk","timeElapsed":113,"timestamp":"2025-12-12T23:50:44.478Z"}
{"level":"info","message":"⌛ Validating parciales/pdepefoni/linea.wlk","timeElapsed":156,"timestamp":"2025-12-12T23:50:44.798Z"}
{"level":"info","message":"⌛ Validating parciales/pdepefoni/linea.wlk","timeElapsed":109,"timestamp":"2025-12-12T23:50:45.196Z"}
{"level":"info","message":"⌛ Validating parciales/pdepefoni/linea.wlk","timeElapsed":104,"timestamp":"2025-12-12T23:50:45.434Z"}
{"level":"info","message":"⌛ Validating parciales/pdepefoni/linea.wlk","timeElapsed":151,"timestamp":"2025-12-12T23:50:45.585Z"}
{"level":"info","message":"⌛ Building environment","timeElapsed":108,"timestamp":"2025-12-12T23:50:46.353Z"}
{"level":"info","message":"⌛ Validating parciales/pdepefoni/linea.wlk","timeElapsed":110,"timestamp":"2025-12-12T23:50:46.464Z"}
{"level":"info","message":"⌛ Building environment","timeElapsed":103,"timestamp":"2025-12-12T23:50:47.023Z"}
{"level":"info","message":"⌛ Validating parciales/pdepefoni/linea.wlk","timeElapsed":101,"timestamp":"2025-12-12T23:50:47.125Z"}
{"level":"info","message":"⌛ Validating parciales/pdepefoni/linea.wlk","timeElapsed":107,"timestamp":"2025-12-12T23:50:47.387Z"}
{"level":"info","message":"⌛ Building environment","timeElapsed":166,"timestamp":"2025-12-12T23:51:49.554Z"}
{"level":"info","message":"Removing diagnostics from /C:/Users/egoytendia/Desktop/Guia-De-Objetos/parciales/pdepefoni/linea.wlk","timestamp":"2025-12-12T23:51:49.754Z"}
{"level":"info","message":"⌛ Building environment","timeElapsed":104,"timestamp":"2025-12-12T23:51:50.589Z"}
{"level":"info","message":"⌛ Validating Guia-02/microsEmpresarios.wlk","timeElapsed":159,"timestamp":"2025-12-12T23:51:50.759Z"}
{"level":"info","message":"⌛ Building environment","timeElapsed":174,"timestamp":"2025-12-12T23:51:50.933Z"}
{"level":"info","message":"⌛ Building environment","timeElapsed":123,"timestamp":"2025-12-12T23:51:51.057Z"}
{"level":"info","message":"⌛ Building environment","timeElapsed":150,"timestamp":"2025-12-12T23:51:51.208Z"}
{"level":"info","message":"⌛ Validating Guia-02/dondeEstaLaMoneda.wlk","timeElapsed":144,"timestamp":"2025-12-12T23:51:51.352Z"}
{"level":"info","message":"⌛ Building environment","timeElapsed":117,"timestamp":"2025-12-12T23:51:51.554Z"}
{"level":"info","message":"⌛ Building environment","timeElapsed":118,"timestamp":"2025-12-12T23:51:51.770Z"}
{"level":"info","message":"⌛ Building environment","timeElapsed":192,"timestamp":"2025-12-12T23:51:51.964Z"}
{"level":"info","message":"⌛ Validating parciales/noticiasDeAyer/periodista.wlk","timeElapsed":108,"timestamp":"2025-12-12T23:51:52.251Z"}
{"level":"info","message":"⌛ Building environment","timeElapsed":164,"timestamp":"2025-12-12T23:51:52.492Z"}
{"level":"info","message":"⌛ Validating Guia-02/atencionDeAnimales/comederos.wlk","timeElapsed":154,"timestamp":"2025-12-12T23:51:54.226Z"}
{"level":"info","message":"⌛ Validating Guia-03/alquiler-Vehiculos/moto.wlk","timeElapsed":129,"timestamp":"2025-12-12T23:51:55.193Z"}
{"level":"info","message":"⌛ Validating Guia-03/alquiler-Vehiculos/empresa.wlk","timeElapsed":118,"timestamp":"2025-12-12T23:51:55.313Z"}
{"level":"info","message":"⌛ Validating Guia-03/alquiler-Vehiculos/bicicletas.wlk","timeElapsed":109,"timestamp":"2025-12-12T23:51:55.423Z"}
{"level":"info","message":"⌛ Validating Guia-01/Ejercicio1-PepitaBasica/SueldoDePepe.wlk","timeElapsed":114,"timestamp":"2025-12-12T23:51:55.932Z"}
{"level":"info","message":"⌛ Validating Guia-01/Ejercicio1-PepitaBasica/pepitaBasica.wlk","timeElapsed":103,"timestamp":"2025-12-12T23:51:56.036Z"}
{"level":"info","message":"⌛ Building environment","timeElapsed":118,"timestamp":"2025-12-12T23:51:56.353Z"}
{"level":"info","message":"⌛ Building environment","timeElapsed":329,"timestamp":"2025-12-12T23:51:56.683Z"}
{"level":"info","message":"Removing diagnostics from /C:/Users/egoytendia/Desktop/Guia-De-Objetos/parciales/pdepefoni","timestamp":"2025-12-12T23:51:56.787Z"}
{"level":"info","message":"⌛ Building environment","timeElapsed":107,"timestamp":"2025-12-12T23:52:33.451Z"}
{"level":"info","message":"⌛ Validating parciales/elAsadito/persona.wlk","timeElapsed":195,"timestamp":"2025-12-12T23:52:33.650Z"}
{"level":"info","message":"⌛ Building environment","timeElapsed":108,"timestamp":"2025-12-12T23:52:34.011Z"}
{"level":"info","message":"⌛ Validating parciales/elAsadito/persona.wlk","timeElapsed":127,"timestamp":"2025-12-12T23:52:34.236Z"}
{"level":"info","message":"⌛ Validating parciales/elAsadito/persona.wlk","timeElapsed":184,"timestamp":"2025-12-12T23:52:34.544Z"}
{"level":"info","message":"⌛ Building environment","timeElapsed":291,"timestamp":"2025-12-12T23:52:34.835Z"}
{"level":"info","message":"⌛ Validating parciales/elAsadito/persona.wlk","timeElapsed":104,"timestamp":"2025-12-12T23:52:34.945Z"}
{"level":"info","message":"⌛ Building environment","timeElapsed":198,"timestamp":"2025-12-12T23:52:35.149Z"}
{"level":"info","message":"⌛ Validating parciales/elAsadito/persona.wlk","timeElapsed":110,"timestamp":"2025-12-12T23:52:35.265Z"}
{"level":"info","message":"⌛ Validating parciales/elAsadito/persona.wlk","timeElapsed":106,"timestamp":"2025-12-12T23:52:35.378Z"}
{"level":"info","message":"⌛ Validating parciales/elAsadito/persona.wlk","timeElapsed":119,"timestamp":"2025-12-12T23:52:36.458Z"}
{"level":"info","message":"⌛ Validating parciales/elAsadito/persona.wlk","timeElapsed":123,"timestamp":"2025-12-12T23:52:36.663Z"}
{"level":"info","message":"⌛ Validating parciales/elAsadito/persona.wlk","timeElapsed":121,"timestamp":"2025-12-12T23:52:36.863Z"}
{"level":"info","message":"⌛ Building environment","timeElapsed":109,"timestamp":"2025-12-12T23:52:36.973Z"}
{"level":"info","message":"⌛ Validating parciales/elAsadito/persona.wlk","timeElapsed":121,"timestamp":"2025-12-12T23:52:37.410Z"}
{"level":"info","message":"⌛ Validating parciales/elAsadito/persona.wlk","timeElapsed":109,"timestamp":"2025-12-12T23:52:37.519Z"}
{"level":"info","message":"⌛ Validating parciales/elAsadito/persona.wlk","timeElapsed":108,"timestamp":"2025-12-12T23:52:37.628Z"}
{"level":"info","message":"⌛ Validating parciales/elAsadito/persona.wlk","timeElapsed":141,"timestamp":"2025-12-12T23:52:37.777Z"}
{"level":"info","message":"⌛ Building environment","timeElapsed":125,"timestamp":"2025-12-12T23:52:41.253Z"}
{"level":"info","message":"⌛ Validating parciales/elAsadito/persona.wlk","timeElapsed":111,"timestamp":"2025-12-12T23:52:41.572Z"}
{"level":"info","message":"⌛ Validating parciales/elAsadito/persona.wlk","timeElapsed":113,"timestamp":"2025-12-12T23:52:41.766Z"}
{"level":"info","message":"⌛ Validating parciales/elAsadito/persona.wlk","timeElapsed":114,"timestamp":"2025-12-12T23:52:41.880Z"}
{"level":"info","message":"⌛ Validating parciales/elAsadito/persona.wlk","timeElapsed":109,"timestamp":"2025-12-12T23:52:41.994Z"}
{"level":"info","message":"⌛ Validating parciales/elAsadito/persona.wlk","timeElapsed":103,"timestamp":"2025-12-12T23:52:47.077Z"}
{"level":"info","message":"⌛ Building environment","timeElapsed":120,"timestamp":"2025-12-12T23:52:48.829Z"}
{"level":"info","message":"⌛ Validating parciales/elAsadito/persona.wlk","timeElapsed":112,"timestamp":"2025-12-12T23:52:49.051Z"}
{"level":"info","message":"⌛ Validating parciales/elAsadito/persona.wlk","timeElapsed":112,"timestamp":"2025-12-12T23:52:49.243Z"}
{"level":"info","message":"⌛ Validating parciales/elAsadito/persona.wlk","timeElapsed":105,"timestamp":"2025-12-12T23:52:49.355Z"}
{"level":"info","message":"⌛ Building environment","timeElapsed":117,"timestamp":"2025-12-12T23:52:49.812Z"}
{"level":"info","message":"⌛ Validating parciales/elAsadito/persona.wlk","timeElapsed":121,"timestamp":"2025-12-12T23:52:49.934Z"}
{"level":"info","message":"⌛ Validating parciales/elAsadito/persona.wlk","timeElapsed":112,"timestamp":"2025-12-12T23:52:50.243Z"}
{"level":"info","message":"⌛ Building environment","timeElapsed":124,"timestamp":"2025-12-12T23:52:50.370Z"}
{"level":"info","message":"⌛ Validating parciales/elAsadito/persona.wlk","timeElapsed":118,"timestamp":"2025-12-12T23:52:50.574Z"}
{"level":"info","message":"⌛ Validating parciales/elAsadito/persona.wlk","timeElapsed":119,"timestamp":"2025-12-12T23:52:50.791Z"}
{"level":"info","message":"⌛ Validating parciales/elAsadito/persona.wlk","timeElapsed":103,"timestamp":"2025-12-12T23:52:50.900Z"}
{"level":"info","message":"⌛ Validating parciales/elAsadito/persona.wlk","timeElapsed":157,"timestamp":"2025-12-12T23:52:51.152Z"}
{"level":"info","message":"⌛ Validating parciales/elAsadito/persona.wlk","timeElapsed":191,"timestamp":"2025-12-12T23:52:51.350Z"}
{"level":"info","message":"⌛ Validating parciales/elAsadito/persona.wlk","timeElapsed":110,"timestamp":"2025-12-12T23:52:52.051Z"}
{"level":"info","message":"⌛ Validating parciales/elAsadito/persona.wlk","timeElapsed":103,"timestamp":"2025-12-12T23:52:52.159Z"}
{"level":"info","message":"⌛ Validating parciales/elAsadito/persona.wlk","timeElapsed":106,"timestamp":"2025-12-12T23:52:52.265Z"}
{"level":"error","message":"✘ Failed to rebuild document Failed to parse parciales/elAsadito/persona.wlk: \n-- PARSING FAILED --------------------------------------------------\n\n  1 | class Persona {\n> 2 |   const property  = \n    |                   ^\n  3 | }\n\nExpected one of the following: \n\nidentifier, whitespace\n","stack":"Error: Failed to parse parciales/elAsadito/persona.wlk: \n-- PARSING FAILED --------------------------------------------------\n\n  1 | class Persona {\n> 2 |   const property  = \n    |                   ^\n  3 | }\n\nExpected one of the following: \n\nidentifier, whitespace\n\n    at c:\\Users\\egoytendia\\.vscode\\extensions\\uqbar.wollok-lsp-ide-0.5.3\\out\\server\\src\\server.js:2348:13026\n    at Array.map (<anonymous>)\n    at W1n (c:\\Users\\egoytendia\\.vscode\\extensions\\uqbar.wollok-lsp-ide-0.5.3\\out\\server\\src\\server.js:2348:12950)\n    at U2.buildEnvironmentFrom (c:\\Users\\egoytendia\\.vscode\\extensions\\uqbar.wollok-lsp-ide-0.5.3\\out\\server\\src\\server.js:2393:5254)\n    at U2.updateEnvironmentWith (c:\\Users\\egoytendia\\.vscode\\extensions\\uqbar.wollok-lsp-ide-0.5.3\\out\\server\\src\\server.js:2393:4989)\n    at JF (c:\\Users\\egoytendia\\.vscode\\extensions\\uqbar.wollok-lsp-ide-0.5.3\\out\\server\\src\\server.js:2393:7383)\n    at F3.invoke (c:\\Users\\egoytendia\\.vscode\\extensions\\uqbar.wollok-lsp-ide-0.5.3\\out\\server\\src\\server.js:3:157334)\n    at o.fire (c:\\Users\\egoytendia\\.vscode\\extensions\\uqbar.wollok-lsp-ide-0.5.3\\out\\server\\src\\server.js:3:158104)\n    at c:\\Users\\egoytendia\\.vscode\\extensions\\uqbar.wollok-lsp-ide-0.5.3\\out\\server\\src\\server.js:37:57871\n    at Zr (c:\\Users\\egoytendia\\.vscode\\extensions\\uqbar.wollok-lsp-ide-0.5.3\\out\\server\\src\\server.js:8:1561)","timestamp":"2025-12-12T23:52:52.267Z"}
{"level":"info","message":"⌛ Validating parciales/elAsadito/persona.wlk","timeElapsed":101,"timestamp":"2025-12-12T23:52:52.367Z"}
{"level":"info","message":"⌛ Validating parciales/elAsadito/persona.wlk","timeElapsed":107,"timestamp":"2025-12-12T23:52:52.575Z"}
{"level":"info","message":"⌛ Validating parciales/elAsadito/persona.wlk","timeElapsed":107,"timestamp":"2025-12-12T23:52:52.682Z"}
{"level":"info","message":"⌛ Validating parciales/elAsadito/persona.wlk","timeElapsed":110,"timestamp":"2025-12-12T23:52:53.317Z"}
{"level":"info","message":"⌛ Building environment","timeElapsed":102,"timestamp":"2025-12-12T23:52:53.420Z"}
{"level":"info","message":"⌛ Building environment","timeElapsed":189,"timestamp":"2025-12-12T23:52:53.642Z"}
{"level":"info","message":"⌛ Validating parciales/elAsadito/persona.wlk","timeElapsed":110,"timestamp":"2025-12-12T23:52:53.762Z"}
{"level":"info","message":"⌛ Validating parciales/elAsadito/persona.wlk","timeElapsed":124,"timestamp":"2025-12-12T23:52:53.963Z"}
{"level":"info","message":"⌛ Validating parciales/elAsadito/persona.wlk","timeElapsed":130,"timestamp":"2025-12-12T23:52:54.092Z"}
{"level":"info","message":"⌛ Validating parciales/elAsadito/persona.wlk","timeElapsed":108,"timestamp":"2025-12-12T23:52:54.201Z"}
{"level":"info","message":"⌛ Validating parciales/elAsadito/persona.wlk","timeElapsed":110,"timestamp":"2025-12-12T23:52:54.361Z"}
{"level":"info","message":"⌛ Validating parciales/elAsadito/persona.wlk","timeElapsed":104,"timestamp":"2025-12-12T23:52:54.466Z"}
{"level":"info","message":"⌛ Validating parciales/elAsadito/persona.wlk","timeElapsed":105,"timestamp":"2025-12-12T23:52:54.572Z"}
{"level":"info","message":"⌛ Validating parciales/elAsadito/persona.wlk","timeElapsed":123,"timestamp":"2025-12-12T23:52:54.695Z"}
{"level":"info","message":"⌛ Building environment","timeElapsed":113,"timestamp":"2025-12-12T23:52:54.809Z"}
{"level":"info","message":"⌛ Validating parciales/elAsadito/persona.wlk","timeElapsed":113,"timestamp":"2025-12-12T23:52:54.949Z"}
{"level":"info","message":"⌛ Validating parciales/elAsadito/persona.wlk","timeElapsed":103,"timestamp":"2025-12-12T23:52:55.363Z"}
{"level":"info","message":"⌛ Building environment","timeElapsed":119,"timestamp":"2025-12-12T23:52:56.404Z"}
{"level":"info","message":"⌛ Validating parciales/elAsadito/persona.wlk","timeElapsed":114,"timestamp":"2025-12-12T23:52:56.634Z"}
{"level":"info","message":"⌛ Validating parciales/elAsadito/persona.wlk","timeElapsed":109,"timestamp":"2025-12-12T23:52:56.931Z"}
{"level":"info","message":"⌛ Validating parciales/elAsadito/persona.wlk","timeElapsed":101,"timestamp":"2025-12-12T23:52:57.033Z"}
{"level":"info","message":"⌛ Validating parciales/elAsadito/persona.wlk","timeElapsed":108,"timestamp":"2025-12-12T23:52:57.814Z"}
{"level":"info","message":"⌛ Validating parciales/elAsadito/persona.wlk","timeElapsed":114,"timestamp":"2025-12-12T23:52:58.004Z"}
{"level":"info","message":"⌛ Validating parciales/elAsadito/persona.wlk","timeElapsed":106,"timestamp":"2025-12-12T23:52:58.426Z"}
{"level":"info","message":"⌛ Validating parciales/elAsadito/persona.wlk","timeElapsed":104,"timestamp":"2025-12-12T23:52:58.603Z"}
{"level":"info","message":"⌛ Validating parciales/elAsadito/persona.wlk","timeElapsed":101,"timestamp":"2025-12-12T23:52:58.705Z"}
{"level":"error","message":"✘ Failed to rebuild document Failed to parse parciales/elAsadito/persona.wlk: \n-- PARSING FAILED --------------------------------------------------\n\n  2 |   const property ubicacion\n  3 |   var \n> 4 | }\n    | ^\n\nExpected one of the following: \n\n'property', identifier, whitespace\n","stack":"Error: Failed to parse parciales/elAsadito/persona.wlk: \n-- PARSING FAILED --------------------------------------------------\n\n  2 |   const property ubicacion\n  3 |   var \n> 4 | }\n    | ^\n\nExpected one of the following: \n\n'property', identifier, whitespace\n\n    at c:\\Users\\egoytendia\\.vscode\\extensions\\uqbar.wollok-lsp-ide-0.5.3\\out\\server\\src\\server.js:2348:13026\n    at Array.map (<anonymous>)\n    at W1n (c:\\Users\\egoytendia\\.vscode\\extensions\\uqbar.wollok-lsp-ide-0.5.3\\out\\server\\src\\server.js:2348:12950)\n    at U2.buildEnvironmentFrom (c:\\Users\\egoytendia\\.vscode\\extensions\\uqbar.wollok-lsp-ide-0.5.3\\out\\server\\src\\server.js:2393:5254)\n    at U2.updateEnvironmentWith (c:\\Users\\egoytendia\\.vscode\\extensions\\uqbar.wollok-lsp-ide-0.5.3\\out\\server\\src\\server.js:2393:4989)\n    at JF (c:\\Users\\egoytendia\\.vscode\\extensions\\uqbar.wollok-lsp-ide-0.5.3\\out\\server\\src\\server.js:2393:7383)\n    at F3.invoke (c:\\Users\\egoytendia\\.vscode\\extensions\\uqbar.wollok-lsp-ide-0.5.3\\out\\server\\src\\server.js:3:157334)\n    at o.fire (c:\\Users\\egoytendia\\.vscode\\extensions\\uqbar.wollok-lsp-ide-0.5.3\\out\\server\\src\\server.js:3:158104)\n    at c:\\Users\\egoytendia\\.vscode\\extensions\\uqbar.wollok-lsp-ide-0.5.3\\out\\server\\src\\server.js:37:57871\n    at Zr (c:\\Users\\egoytendia\\.vscode\\extensions\\uqbar.wollok-lsp-ide-0.5.3\\out\\server\\src\\server.js:8:1561)","timestamp":"2025-12-12T23:52:58.722Z"}
{"level":"error","message":"✘ Failed to rebuild document Failed to parse parciales/elAsadito/persona.wlk: \n-- PARSING FAILED --------------------------------------------------\n\n  2 |   const property ubicacion\n  3 |   var  \n> 4 | }\n    | ^\n\nExpected one of the following: \n\n'property', identifier, whitespace\n","stack":"Error: Failed to parse parciales/elAsadito/persona.wlk: \n-- PARSING FAILED --------------------------------------------------\n\n  2 |   const property ubicacion\n  3 |   var  \n> 4 | }\n    | ^\n\nExpected one of the following: \n\n'property', identifier, whitespace\n\n    at c:\\Users\\egoytendia\\.vscode\\extensions\\uqbar.wollok-lsp-ide-0.5.3\\out\\server\\src\\server.js:2348:13026\n    at Array.map (<anonymous>)\n    at W1n (c:\\Users\\egoytendia\\.vscode\\extensions\\uqbar.wollok-lsp-ide-0.5.3\\out\\server\\src\\server.js:2348:12950)\n    at U2.buildEnvironmentFrom (c:\\Users\\egoytendia\\.vscode\\extensions\\uqbar.wollok-lsp-ide-0.5.3\\out\\server\\src\\server.js:2393:5254)\n    at U2.updateEnvironmentWith (c:\\Users\\egoytendia\\.vscode\\extensions\\uqbar.wollok-lsp-ide-0.5.3\\out\\server\\src\\server.js:2393:4989)\n    at JF (c:\\Users\\egoytendia\\.vscode\\extensions\\uqbar.wollok-lsp-ide-0.5.3\\out\\server\\src\\server.js:2393:7383)\n    at F3.invoke (c:\\Users\\egoytendia\\.vscode\\extensions\\uqbar.wollok-lsp-ide-0.5.3\\out\\server\\src\\server.js:3:157334)\n    at o.fire (c:\\Users\\egoytendia\\.vscode\\extensions\\uqbar.wollok-lsp-ide-0.5.3\\out\\server\\src\\server.js:3:158104)\n    at c:\\Users\\egoytendia\\.vscode\\extensions\\uqbar.wollok-lsp-ide-0.5.3\\out\\server\\src\\server.js:37:57871\n    at Zr (c:\\Users\\egoytendia\\.vscode\\extensions\\uqbar.wollok-lsp-ide-0.5.3\\out\\server\\src\\server.js:8:1561)","timestamp":"2025-12-12T23:52:59.166Z"}
{"level":"info","message":"⌛ Building environment","timeElapsed":131,"timestamp":"2025-12-12T23:52:59.444Z"}
{"level":"info","message":"⌛ Validating parciales/elAsadito/persona.wlk","timeElapsed":111,"timestamp":"2025-12-12T23:52:59.557Z"}
{"level":"info","message":"⌛ Validating parciales/elAsadito/persona.wlk","timeElapsed":108,"timestamp":"2025-12-12T23:53:00.183Z"}
{"level":"info","message":"⌛ Validating parciales/elAsadito/persona.wlk","timeElapsed":105,"timestamp":"2025-12-12T23:53:00.385Z"}
{"level":"info","message":"⌛ Building environment","timeElapsed":120,"timestamp":"2025-12-12T23:53:00.507Z"}
{"level":"info","message":"⌛ Validating parciales/elAsadito/persona.wlk","timeElapsed":119,"timestamp":"2025-12-12T23:53:00.709Z"}
{"level":"info","message":"⌛ Validating parciales/elAsadito/persona.wlk","timeElapsed":111,"timestamp":"2025-12-12T23:53:00.889Z"}
{"level":"error","message":"✘ Failed to rebuild document Failed to parse parciales/elAsadito/persona.wlk: \n-- PARSING FAILED --------------------------------------------------\n\n  2 |   const property ubicacion\n  3 |   var  \n> 4 | }\n    | ^\n\nExpected one of the following: \n\n'property', identifier, whitespace\n","stack":"Error: Failed to parse parciales/elAsadito/persona.wlk: \n-- PARSING FAILED --------------------------------------------------\n\n  2 |   const property ubicacion\n  3 |   var  \n> 4 | }\n    | ^\n\nExpected one of the following: \n\n'property', identifier, whitespace\n\n    at c:\\Users\\egoytendia\\.vscode\\extensions\\uqbar.wollok-lsp-ide-0.5.3\\out\\server\\src\\server.js:2348:13026\n    at Array.map (<anonymous>)\n    at W1n (c:\\Users\\egoytendia\\.vscode\\extensions\\uqbar.wollok-lsp-ide-0.5.3\\out\\server\\src\\server.js:2348:12950)\n    at U2.buildEnvironmentFrom (c:\\Users\\egoytendia\\.vscode\\extensions\\uqbar.wollok-lsp-ide-0.5.3\\out\\server\\src\\server.js:2393:5254)\n    at U2.updateEnvironmentWith (c:\\Users\\egoytendia\\.vscode\\extensions\\uqbar.wollok-lsp-ide-0.5.3\\out\\server\\src\\server.js:2393:4989)\n    at JF (c:\\Users\\egoytendia\\.vscode\\extensions\\uqbar.wollok-lsp-ide-0.5.3\\out\\server\\src\\server.js:2393:7383)\n    at F3.invoke (c:\\Users\\egoytendia\\.vscode\\extensions\\uqbar.wollok-lsp-ide-0.5.3\\out\\server\\src\\server.js:3:157334)\n    at o.fire (c:\\Users\\egoytendia\\.vscode\\extensions\\uqbar.wollok-lsp-ide-0.5.3\\out\\server\\src\\server.js:3:158104)\n    at c:\\Users\\egoytendia\\.vscode\\extensions\\uqbar.wollok-lsp-ide-0.5.3\\out\\server\\src\\server.js:37:57871\n    at Zr (c:\\Users\\egoytendia\\.vscode\\extensions\\uqbar.wollok-lsp-ide-0.5.3\\out\\server\\src\\server.js:8:1561)","timestamp":"2025-12-12T23:53:00.891Z"}
{"level":"info","message":"⌛ Validating parciales/elAsadito/persona.wlk","timeElapsed":106,"timestamp":"2025-12-12T23:53:00.997Z"}
{"level":"error","message":"✘ Failed to rebuild document Failed to parse parciales/elAsadito/persona.wlk: \n-- PARSING FAILED --------------------------------------------------\n\n  2 |   const property ubicacion\n  3 |   var \n> 4 | }\n    | ^\n\nExpected one of the following: \n\n'property', identifier, whitespace\n","stack":"Error: Failed to parse parciales/elAsadito/persona.wlk: \n-- PARSING FAILED --------------------------------------------------\n\n  2 |   const property ubicacion\n  3 |   var \n> 4 | }\n    | ^\n\nExpected one of the following: \n\n'property', identifier, whitespace\n\n    at c:\\Users\\egoytendia\\.vscode\\extensions\\uqbar.wollok-lsp-ide-0.5.3\\out\\server\\src\\server.js:2348:13026\n    at Array.map (<anonymous>)\n    at W1n (c:\\Users\\egoytendia\\.vscode\\extensions\\uqbar.wollok-lsp-ide-0.5.3\\out\\server\\src\\server.js:2348:12950)\n    at U2.buildEnvironmentFrom (c:\\Users\\egoytendia\\.vscode\\extensions\\uqbar.wollok-lsp-ide-0.5.3\\out\\server\\src\\server.js:2393:5254)\n    at U2.updateEnvironmentWith (c:\\Users\\egoytendia\\.vscode\\extensions\\uqbar.wollok-lsp-ide-0.5.3\\out\\server\\src\\server.js:2393:4989)\n    at JF (c:\\Users\\egoytendia\\.vscode\\extensions\\uqbar.wollok-lsp-ide-0.5.3\\out\\server\\src\\server.js:2393:7383)\n    at F3.invoke (c:\\Users\\egoytendia\\.vscode\\extensions\\uqbar.wollok-lsp-ide-0.5.3\\out\\server\\src\\server.js:3:157334)\n    at o.fire (c:\\Users\\egoytendia\\.vscode\\extensions\\uqbar.wollok-lsp-ide-0.5.3\\out\\server\\src\\server.js:3:158104)\n    at c:\\Users\\egoytendia\\.vscode\\extensions\\uqbar.wollok-lsp-ide-0.5.3\\out\\server\\src\\server.js:37:57871\n    at Zr (c:\\Users\\egoytendia\\.vscode\\extensions\\uqbar.wollok-lsp-ide-0.5.3\\out\\server\\src\\server.js:8:1561)","timestamp":"2025-12-12T23:53:00.998Z"}
{"level":"info","message":"⌛ Validating parciales/elAsadito/persona.wlk","timeElapsed":105,"timestamp":"2025-12-12T23:53:01.183Z"}
{"level":"info","message":"⌛ Validating parciales/elAsadito/persona.wlk","timeElapsed":139,"timestamp":"2025-12-12T23:53:01.395Z"}
{"level":"info","message":"⌛ Building environment","timeElapsed":119,"timestamp":"2025-12-12T23:53:01.558Z"}
{"level":"info","message":"⌛ Validating parciales/elAsadito/persona.wlk","timeElapsed":124,"timestamp":"2025-12-12T23:53:01.693Z"}
{"level":"info","message":"⌛ Validating parciales/elAsadito/persona.wlk","timeElapsed":109,"timestamp":"2025-12-12T23:53:02.076Z"}
{"level":"info","message":"⌛ Building environment","timeElapsed":125,"timestamp":"2025-12-12T23:53:02.202Z"}
{"level":"info","message":"⌛ Validating parciales/elAsadito/persona.wlk","timeElapsed":112,"timestamp":"2025-12-12T23:53:02.315Z"}
{"level":"info","message":"⌛ Validating parciales/elAsadito/persona.wlk","timeElapsed":102,"timestamp":"2025-12-12T23:53:02.418Z"}
{"level":"error","message":"✘ Failed to rebuild document Failed to parse parciales/elAsadito/persona.wlk: \n-- PARSING FAILED --------------------------------------------------\n\n  2 |   const property ubicacion\n  3 |   const \n> 4 | }\n    | ^\n\nExpected one of the following: \n\n'property', identifier, whitespace\n","stack":"Error: Failed to parse parciales/elAsadito/persona.wlk: \n-- PARSING FAILED --------------------------------------------------\n\n  2 |   const property ubicacion\n  3 |   const \n> 4 | }\n    | ^\n\nExpected one of the following: \n\n'property', identifier, whitespace\n\n    at c:\\Users\\egoytendia\\.vscode\\extensions\\uqbar.wollok-lsp-ide-0.5.3\\out\\server\\src\\server.js:2348:13026\n    at Array.map (<anonymous>)\n    at W1n (c:\\Users\\egoytendia\\.vscode\\extensions\\uqbar.wollok-lsp-ide-0.5.3\\out\\server\\src\\server.js:2348:12950)\n    at U2.buildEnvironmentFrom (c:\\Users\\egoytendia\\.vscode\\extensions\\uqbar.wollok-lsp-ide-0.5.3\\out\\server\\src\\server.js:2393:5254)\n    at U2.updateEnvironmentWith (c:\\Users\\egoytendia\\.vscode\\extensions\\uqbar.wollok-lsp-ide-0.5.3\\out\\server\\src\\server.js:2393:4989)\n    at JF (c:\\Users\\egoytendia\\.vscode\\extensions\\uqbar.wollok-lsp-ide-0.5.3\\out\\server\\src\\server.js:2393:7383)\n    at F3.invoke (c:\\Users\\egoytendia\\.vscode\\extensions\\uqbar.wollok-lsp-ide-0.5.3\\out\\server\\src\\server.js:3:157334)\n    at o.fire (c:\\Users\\egoytendia\\.vscode\\extensions\\uqbar.wollok-lsp-ide-0.5.3\\out\\server\\src\\server.js:3:158104)\n    at c:\\Users\\egoytendia\\.vscode\\extensions\\uqbar.wollok-lsp-ide-0.5.3\\out\\server\\src\\server.js:37:57871\n    at Zr (c:\\Users\\egoytendia\\.vscode\\extensions\\uqbar.wollok-lsp-ide-0.5.3\\out\\server\\src\\server.js:8:1561)","timestamp":"2025-12-12T23:53:02.419Z"}
{"level":"info","message":"⌛ Validating parciales/elAsadito/persona.wlk","timeElapsed":107,"timestamp":"2025-12-12T23:53:02.525Z"}
{"level":"info","message":"⌛ Validating parciales/elAsadito/persona.wlk","timeElapsed":103,"timestamp":"2025-12-12T23:53:03.138Z"}
{"level":"info","message":"⌛ Validating parciales/elAsadito/persona.wlk","timeElapsed":106,"timestamp":"2025-12-12T23:53:03.799Z"}
{"level":"info","message":"⌛ Validating parciales/elAsadito/persona.wlk","timeElapsed":111,"timestamp":"2025-12-12T23:53:04.109Z"}
{"level":"info","message":"⌛ Validating parciales/elAsadito/persona.wlk","timeElapsed":107,"timestamp":"2025-12-12T23:53:04.331Z"}
{"level":"info","message":"⌛ Validating parciales/elAsadito/persona.wlk","timeElapsed":104,"timestamp":"2025-12-12T23:53:04.612Z"}
{"level":"info","message":"⌛ Validating parciales/elAsadito/persona.wlk","timeElapsed":111,"timestamp":"2025-12-12T23:53:04.820Z"}
{"level":"info","message":"⌛ Validating parciales/elAsadito/persona.wlk","timeElapsed":112,"timestamp":"2025-12-12T23:53:04.933Z"}
{"level":"info","message":"⌛ Validating parciales/elAsadito/persona.wlk","timeElapsed":124,"timestamp":"2025-12-12T23:53:05.058Z"}
{"level":"info","message":"⌛ Validating parciales/elAsadito/persona.wlk","timeElapsed":105,"timestamp":"2025-12-12T23:53:05.267Z"}
{"level":"info","message":"⌛ Building environment","timeElapsed":101,"timestamp":"2025-12-12T23:53:05.447Z"}
{"level":"info","message":"⌛ Validating parciales/elAsadito/persona.wlk","timeElapsed":110,"timestamp":"2025-12-12T23:53:05.583Z"}
{"level":"info","message":"⌛ Validating parciales/elAsadito/persona.wlk","timeElapsed":104,"timestamp":"2025-12-12T23:53:05.872Z"}
{"level":"info","message":"⌛ Building environment","timeElapsed":109,"timestamp":"2025-12-12T23:53:05.982Z"}
{"level":"info","message":"⌛ Validating parciales/elAsadito/persona.wlk","timeElapsed":101,"timestamp":"2025-12-12T23:53:06.115Z"}
{"level":"info","message":"⌛ Validating parciales/elAsadito/persona.wlk","timeElapsed":104,"timestamp":"2025-12-12T23:53:07.478Z"}
{"level":"info","message":"⌛ Building environment","timeElapsed":129,"timestamp":"2025-12-12T23:58:05.069Z"}
{"level":"info","message":"⌛ Building environment","timeElapsed":124,"timestamp":"2025-12-12T23:58:05.298Z"}
{"level":"info","message":"Removing diagnostics from /C:/Users/egoytendia/Desktop/Guia-De-Objetos/parciales/elAsadito","timestamp":"2025-12-12T23:58:05.299Z"}
{"level":"info","message":"⌛ Building environment","timeElapsed":117,"timestamp":"2025-12-12T23:58:05.417Z"}
{"level":"info","message":"⌛ Building environment","timeElapsed":105,"timestamp":"2025-12-12T23:58:05.657Z"}
{"level":"info","message":"⌛ Building environment","timeElapsed":162,"timestamp":"2025-12-12T23:58:06.268Z"}
{"level":"info","message":"⌛ Building environment","timeElapsed":129,"timestamp":"2025-12-12T23:58:06.398Z"}
{"level":"info","message":"⌛ Building environment","timeElapsed":172,"timestamp":"2025-12-12T23:58:06.571Z"}
{"level":"info","message":"⌛ Building environment","timeElapsed":109,"timestamp":"2025-12-12T23:58:06.681Z"}
{"level":"info","message":"⌛ Building environment","timeElapsed":103,"timestamp":"2025-12-12T23:58:06.785Z"}
{"level":"info","message":"⌛ Validating parciales/noticiasDeAyer/noticia.wlk","timeElapsed":101,"timestamp":"2025-12-12T23:58:07.056Z"}
{"level":"info","message":"⌛ Building environment","timeElapsed":178,"timestamp":"2025-12-12T23:58:07.702Z"}
{"level":"info","message":"⌛ Building environment","timeElapsed":191,"timestamp":"2025-12-12T23:58:07.894Z"}
{"level":"info","message":"⌛ Building environment","timeElapsed":127,"timestamp":"2025-12-12T23:58:08.147Z"}
{"level":"info","message":"⌛ Building environment","timeElapsed":109,"timestamp":"2025-12-12T23:58:08.268Z"}
{"level":"info","message":"⌛ Building environment","timeElapsed":115,"timestamp":"2025-12-12T23:58:08.602Z"}
{"level":"info","message":"⌛ Building environment","timeElapsed":116,"timestamp":"2025-12-12T23:58:08.719Z"}
{"level":"info","message":"⌛ Validating parciales/noticiasDeAyer/periodista.wlk","timeElapsed":145,"timestamp":"2025-12-12T23:58:08.878Z"}
{"level":"info","message":"⌛ Validating Guia-04/trenesYDepositos.wlk","timeElapsed":112,"timestamp":"2025-12-12T23:58:08.989Z"}
{"level":"info","message":"⌛ Validating parciales/hablemosSinSaber/panelista.wlk","timeElapsed":121,"timestamp":"2025-12-12T23:58:09.209Z"}
{"level":"info","message":"⌛ Validating parciales/hablemosSinSaber/programa.wlk","timeElapsed":115,"timestamp":"2025-12-12T23:58:09.577Z"}
{"level":"info","message":"⌛ Validating parciales/fiestaDeDisfraces/fiesta.wlk","timeElapsed":126,"timestamp":"2025-12-12T23:58:09.704Z"}
{"level":"info","message":"⌛ Validating parciales/fiestaDeDisfraces/disfraces.wlk","timeElapsed":118,"timestamp":"2025-12-12T23:58:09.822Z"}
{"level":"info","message":"⌛ Validating parciales/elLegadoDeSoliamMurr/comunidades.wlk","timeElapsed":103,"timestamp":"2025-12-12T23:58:09.924Z"}
{"level":"info","message":"⌛ Validating parciales/elLegadoDeSoliamMurr/exiliado.wlk","timeElapsed":116,"timestamp":"2025-12-12T23:58:10.138Z"}
{"level":"info","message":"⌛ Validating Guia-01/Ejercicio1-PepitaBasica/celulares.wlk","timeElapsed":113,"timestamp":"2025-12-12T23:58:10.450Z"}
{"level":"info","message":"⌛ Validating Guia-01/Ejercicio1-PepitaBasica/mudanzas.wlk","timeElapsed":106,"timestamp":"2025-12-12T23:58:10.557Z"}
{"level":"info","message":"⌛ Validating Guia-02/atencionDeAnimales/vacunatorio.wlk","timeElapsed":129,"timestamp":"2025-12-12T23:58:10.685Z"}
{"level":"info","message":"⌛ Validating Guia-02/atencionDeAnimales/estacionDeServicio.wlk","timeElapsed":132,"timestamp":"2025-12-12T23:58:10.818Z"}
{"level":"info","message":"⌛ Validating Guia-02/atencionDeAnimales/bebederos.wlk","timeElapsed":116,"timestamp":"2025-12-12T23:58:11.033Z"}
{"level":"info","message":"⌛ Validating Guia-02/atencionDeAnimales/animales.wlk","timeElapsed":169,"timestamp":"2025-12-12T23:58:11.203Z"}
{"level":"info","message":"⌛ Validating parciales/elLegadoDeSoliamMurr/triunviratos.wlk","timeElapsed":128,"timestamp":"2025-12-12T23:58:11.331Z"}
{"level":"info","message":"⌛ Validating parciales/elLegadoDeSoliamMurr/solaimMurr.wlk","timeElapsed":108,"timestamp":"2025-12-12T23:58:11.440Z"}
{"level":"info","message":"⌛ Validating Guia-03/alquiler-Vehiculos/moto.wlk","timeElapsed":127,"timestamp":"2025-12-12T23:58:11.568Z"}
{"level":"info","message":"⌛ Validating Guia-03/alquiler-Vehiculos/empresa.wlk","timeElapsed":145,"timestamp":"2025-12-12T23:58:11.715Z"}
{"level":"info","message":"⌛ Validating Guia-03/reservas-Aereas/vuelos.wlk","timeElapsed":111,"timestamp":"2025-12-12T23:58:11.827Z"}
{"level":"info","message":"⌛ Validating Guia-01/Ejercicio1-PepitaBasica/TomYJerry.wlk","timeElapsed":119,"timestamp":"2025-12-12T23:58:11.948Z"}
{"level":"info","message":"⌛ Validating Guia-03/alquiler-Vehiculos/bicicletas.wlk","timeElapsed":110,"timestamp":"2025-12-12T23:58:12.059Z"}
{"level":"info","message":"⌛ Validating Guia-01/Ejercicio1-PepitaBasica/SueldoDePepe.wlk","timeElapsed":134,"timestamp":"2025-12-12T23:58:12.193Z"}
{"level":"info","message":"⌛ Validating Guia-01/Ejercicio1-PepitaBasica/pepitaBasica.wlk","timeElapsed":114,"timestamp":"2025-12-12T23:58:12.308Z"}
{"level":"info","message":"⌛ Validating Guia-03/alquiler-Vehiculos/autos.wlk","timeElapsed":122,"timestamp":"2025-12-12T23:58:12.430Z"}
{"level":"info","message":"⌛ Building environment","timeElapsed":178,"timestamp":"2025-12-13T00:01:26.441Z"}
{"level":"info","message":"⌛ Validating parciales/amongUs/jugadores.wlk","timeElapsed":193,"timestamp":"2025-12-13T00:01:26.675Z"}
{"level":"info","message":"⌛ Validating parciales/amongUs/jugadores.wlk","timeElapsed":119,"timestamp":"2025-12-13T00:01:27.300Z"}
{"level":"info","message":"⌛ Building environment","timeElapsed":120,"timestamp":"2025-12-13T00:01:27.532Z"}
{"level":"info","message":"⌛ Validating parciales/amongUs/jugadores.wlk","timeElapsed":110,"timestamp":"2025-12-13T00:01:27.719Z"}
{"level":"info","message":"⌛ Validating parciales/amongUs/jugadores.wlk","timeElapsed":102,"timestamp":"2025-12-13T00:01:27.821Z"}
{"level":"info","message":"⌛ Validating parciales/amongUs/jugadores.wlk","timeElapsed":109,"timestamp":"2025-12-13T00:01:28.288Z"}
{"level":"info","message":"⌛ Validating parciales/amongUs/jugadores.wlk","timeElapsed":104,"timestamp":"2025-12-13T00:01:28.762Z"}
{"level":"info","message":"⌛ Validating parciales/amongUs/jugadores.wlk","timeElapsed":115,"timestamp":"2025-12-13T00:01:29.069Z"}
{"level":"info","message":"⌛ Validating parciales/amongUs/jugadores.wlk","timeElapsed":104,"timestamp":"2025-12-13T00:01:29.173Z"}
{"level":"info","message":"⌛ Validating parciales/amongUs/jugadores.wlk","timeElapsed":102,"timestamp":"2025-12-13T00:01:29.533Z"}
{"level":"info","message":"⌛ Validating parciales/amongUs/jugadores.wlk","timeElapsed":101,"timestamp":"2025-12-13T00:01:29.729Z"}
{"level":"info","message":"⌛ Validating parciales/amongUs/jugadores.wlk","timeElapsed":110,"timestamp":"2025-12-13T00:01:29.941Z"}
{"level":"info","message":"⌛ Validating parciales/amongUs/jugadores.wlk","timeElapsed":109,"timestamp":"2025-12-13T00:01:30.566Z"}
{"level":"info","message":"⌛ Validating parciales/amongUs/jugadores.wlk","timeElapsed":106,"timestamp":"2025-12-13T00:01:30.766Z"}
{"level":"info","message":"⌛ Building environment","timeElapsed":125,"timestamp":"2025-12-13T00:01:31.103Z"}
{"level":"info","message":"⌛ Validating parciales/amongUs/jugadores.wlk","timeElapsed":113,"timestamp":"2025-12-13T00:01:31.216Z"}
{"level":"info","message":"⌛ Validating parciales/amongUs/jugadores.wlk","timeElapsed":114,"timestamp":"2025-12-13T00:01:31.509Z"}
{"level":"info","message":"⌛ Validating parciales/amongUs/jugadores.wlk","timeElapsed":102,"timestamp":"2025-12-13T00:01:31.887Z"}
{"level":"info","message":"⌛ Validating parciales/amongUs/jugadores.wlk","timeElapsed":108,"timestamp":"2025-12-13T00:01:34.251Z"}
{"level":"info","message":"⌛ Validating parciales/amongUs/jugadores.wlk","timeElapsed":106,"timestamp":"2025-12-13T00:01:34.472Z"}
{"level":"info","message":"⌛ Validating parciales/amongUs/jugadores.wlk","timeElapsed":101,"timestamp":"2025-12-13T00:01:34.668Z"}
{"level":"info","message":"⌛ Validating parciales/amongUs/jugadores.wlk","timeElapsed":105,"timestamp":"2025-12-13T00:01:35.003Z"}
{"level":"info","message":"⌛ Validating parciales/amongUs/jugadores.wlk","timeElapsed":106,"timestamp":"2025-12-13T00:01:35.205Z"}
{"level":"info","message":"⌛ Validating parciales/amongUs/jugadores.wlk","timeElapsed":114,"timestamp":"2025-12-13T00:01:35.489Z"}
{"level":"info","message":"⌛ Building environment","timeElapsed":127,"timestamp":"2025-12-13T00:01:35.877Z"}
{"level":"info","message":"⌛ Validating parciales/amongUs/jugadores.wlk","timeElapsed":110,"timestamp":"2025-12-13T00:01:35.997Z"}
{"level":"info","message":"⌛ Validating parciales/amongUs/jugadores.wlk","timeElapsed":102,"timestamp":"2025-12-13T00:01:36.202Z"}
{"level":"error","message":"✘ Failed to rebuild document Failed to parse parciales/amongUs/jugadores.wlk: \n-- PARSING FAILED --------------------------------------------------\n\n  3 | }\n  4 | \n> 5 | class Tripulante i {\n    |                  ^\n  6 |   \n  7 | }\n\nExpected one of the following: \n\n'inherits', '{', whitespace\n","stack":"Error: Failed to parse parciales/amongUs/jugadores.wlk: \n-- PARSING FAILED --------------------------------------------------\n\n  3 | }\n  4 | \n> 5 | class Tripulante i {\n    |                  ^\n  6 |   \n  7 | }\n\nExpected one of the following: \n\n'inherits', '{', whitespace\n\n    at c:\\Users\\egoytendia\\.vscode\\extensions\\uqbar.wollok-lsp-ide-0.5.3\\out\\server\\src\\server.js:2348:13026\n    at Array.map (<anonymous>)\n    at W1n (c:\\Users\\egoytendia\\.vscode\\extensions\\uqbar.wollok-lsp-ide-0.5.3\\out\\server\\src\\server.js:2348:12950)\n    at U2.buildEnvironmentFrom (c:\\Users\\egoytendia\\.vscode\\extensions\\uqbar.wollok-lsp-ide-0.5.3\\out\\server\\src\\server.js:2393:5254)\n    at U2.updateEnvironmentWith (c:\\Users\\egoytendia\\.vscode\\extensions\\uqbar.wollok-lsp-ide-0.5.3\\out\\server\\src\\server.js:2393:4989)\n    at JF (c:\\Users\\egoytendia\\.vscode\\extensions\\uqbar.wollok-lsp-ide-0.5.3\\out\\server\\src\\server.js:2393:7383)\n    at F3.invoke (c:\\Users\\egoytendia\\.vscode\\extensions\\uqbar.wollok-lsp-ide-0.5.3\\out\\server\\src\\server.js:3:157334)\n    at o.fire (c:\\Users\\egoytendia\\.vscode\\extensions\\uqbar.wollok-lsp-ide-0.5.3\\out\\server\\src\\server.js:3:158104)\n    at c:\\Users\\egoytendia\\.vscode\\extensions\\uqbar.wollok-lsp-ide-0.5.3\\out\\server\\src\\server.js:37:57871\n    at Zr (c:\\Users\\egoytendia\\.vscode\\extensions\\uqbar.wollok-lsp-ide-0.5.3\\out\\server\\src\\server.js:8:1561)","timestamp":"2025-12-13T00:01:36.278Z"}
{"level":"error","message":"✘ Failed to rebuild document Failed to parse parciales/amongUs/jugadores.wlk: \n-- PARSING FAILED --------------------------------------------------\n\n  3 | }\n  4 | \n> 5 | class Tripulante in {\n    |                  ^\n  6 |   \n  7 | }\n\nExpected one of the following: \n\n'inherits', '{', whitespace\n","stack":"Error: Failed to parse parciales/amongUs/jugadores.wlk: \n-- PARSING FAILED --------------------------------------------------\n\n  3 | }\n  4 | \n> 5 | class Tripulante in {\n    |                  ^\n  6 |   \n  7 | }\n\nExpected one of the following: \n\n'inherits', '{', whitespace\n\n    at c:\\Users\\egoytendia\\.vscode\\extensions\\uqbar.wollok-lsp-ide-0.5.3\\out\\server\\src\\server.js:2348:13026\n    at Array.map (<anonymous>)\n    at W1n (c:\\Users\\egoytendia\\.vscode\\extensions\\uqbar.wollok-lsp-ide-0.5.3\\out\\server\\src\\server.js:2348:12950)\n    at U2.buildEnvironmentFrom (c:\\Users\\egoytendia\\.vscode\\extensions\\uqbar.wollok-lsp-ide-0.5.3\\out\\server\\src\\server.js:2393:5254)\n    at U2.updateEnvironmentWith (c:\\Users\\egoytendia\\.vscode\\extensions\\uqbar.wollok-lsp-ide-0.5.3\\out\\server\\src\\server.js:2393:4989)\n    at JF (c:\\Users\\egoytendia\\.vscode\\extensions\\uqbar.wollok-lsp-ide-0.5.3\\out\\server\\src\\server.js:2393:7383)\n    at F3.invoke (c:\\Users\\egoytendia\\.vscode\\extensions\\uqbar.wollok-lsp-ide-0.5.3\\out\\server\\src\\server.js:3:157334)\n    at o.fire (c:\\Users\\egoytendia\\.vscode\\extensions\\uqbar.wollok-lsp-ide-0.5.3\\out\\server\\src\\server.js:3:158104)\n    at c:\\Users\\egoytendia\\.vscode\\extensions\\uqbar.wollok-lsp-ide-0.5.3\\out\\server\\src\\server.js:37:57871\n    at Zr (c:\\Users\\egoytendia\\.vscode\\extensions\\uqbar.wollok-lsp-ide-0.5.3\\out\\server\\src\\server.js:8:1561)","timestamp":"2025-12-13T00:01:36.305Z"}
{"level":"info","message":"⌛ Validating parciales/amongUs/jugadores.wlk","timeElapsed":107,"timestamp":"2025-12-13T00:01:36.412Z"}
{"level":"error","message":"✘ Failed to rebuild document Failed to parse parciales/amongUs/jugadores.wlk: \n-- PARSING FAILED --------------------------------------------------\n\n  3 | }\n  4 | \n> 5 | class Tripulante inh {\n    |                  ^\n  6 |   \n  7 | }\n\nExpected one of the following: \n\n'inherits', '{', whitespace\n","stack":"Error: Failed to parse parciales/amongUs/jugadores.wlk: \n-- PARSING FAILED --------------------------------------------------\n\n  3 | }\n  4 | \n> 5 | class Tripulante inh {\n    |                  ^\n  6 |   \n  7 | }\n\nExpected one of the following: \n\n'inherits', '{', whitespace\n\n    at c:\\Users\\egoytendia\\.vscode\\extensions\\uqbar.wollok-lsp-ide-0.5.3\\out\\server\\src\\server.js:2348:13026\n    at Array.map (<anonymous>)\n    at W1n (c:\\Users\\egoytendia\\.vscode\\extensions\\uqbar.wollok-lsp-ide-0.5.3\\out\\server\\src\\server.js:2348:12950)\n    at U2.buildEnvironmentFrom (c:\\Users\\egoytendia\\.vscode\\extensions\\uqbar.wollok-lsp-ide-0.5.3\\out\\server\\src\\server.js:2393:5254)\n    at U2.updateEnvironmentWith (c:\\Users\\egoytendia\\.vscode\\extensions\\uqbar.wollok-lsp-ide-0.5.3\\out\\server\\src\\server.js:2393:4989)\n    at JF (c:\\Users\\egoytendia\\.vscode\\extensions\\uqbar.wollok-lsp-ide-0.5.3\\out\\server\\src\\server.js:2393:7383)\n    at F3.invoke (c:\\Users\\egoytendia\\.vscode\\extensions\\uqbar.wollok-lsp-ide-0.5.3\\out\\server\\src\\server.js:3:157334)\n    at o.fire (c:\\Users\\egoytendia\\.vscode\\extensions\\uqbar.wollok-lsp-ide-0.5.3\\out\\server\\src\\server.js:3:158104)\n    at c:\\Users\\egoytendia\\.vscode\\extensions\\uqbar.wollok-lsp-ide-0.5.3\\out\\server\\src\\server.js:37:57871\n    at Zr (c:\\Users\\egoytendia\\.vscode\\extensions\\uqbar.wollok-lsp-ide-0.5.3\\out\\server\\src\\server.js:8:1561)","timestamp":"2025-12-13T00:01:36.413Z"}
{"level":"error","message":"✘ Failed to rebuild document Failed to parse parciales/amongUs/jugadores.wlk: \n-- PARSING FAILED --------------------------------------------------\n\n  3 | }\n  4 | \n> 5 | class Tripulante inhe {\n    |                  ^\n  6 |   \n  7 | }\n\nExpected one of the following: \n\n'inherits', '{', whitespace\n","stack":"Error: Failed to parse parciales/amongUs/jugadores.wlk: \n-- PARSING FAILED --------------------------------------------------\n\n  3 | }\n  4 | \n> 5 | class Tripulante inhe {\n    |                  ^\n  6 |   \n  7 | }\n\nExpected one of the following: \n\n'inherits', '{', whitespace\n\n    at c:\\Users\\egoytendia\\.vscode\\extensions\\uqbar.wollok-lsp-ide-0.5.3\\out\\server\\src\\server.js:2348:13026\n    at Array.map (<anonymous>)\n    at W1n (c:\\Users\\egoytendia\\.vscode\\extensions\\uqbar.wollok-lsp-ide-0.5.3\\out\\server\\src\\server.js:2348:12950)\n    at U2.buildEnvironmentFrom (c:\\Users\\egoytendia\\.vscode\\extensions\\uqbar.wollok-lsp-ide-0.5.3\\out\\server\\src\\server.js:2393:5254)\n    at U2.updateEnvironmentWith (c:\\Users\\egoytendia\\.vscode\\extensions\\uqbar.wollok-lsp-ide-0.5.3\\out\\server\\src\\server.js:2393:4989)\n    at JF (c:\\Users\\egoytendia\\.vscode\\extensions\\uqbar.wollok-lsp-ide-0.5.3\\out\\server\\src\\server.js:2393:7383)\n    at F3.invoke (c:\\Users\\egoytendia\\.vscode\\extensions\\uqbar.wollok-lsp-ide-0.5.3\\out\\server\\src\\server.js:3:157334)\n    at o.fire (c:\\Users\\egoytendia\\.vscode\\extensions\\uqbar.wollok-lsp-ide-0.5.3\\out\\server\\src\\server.js:3:158104)\n    at c:\\Users\\egoytendia\\.vscode\\extensions\\uqbar.wollok-lsp-ide-0.5.3\\out\\server\\src\\server.js:37:57871\n    at Zr (c:\\Users\\egoytendia\\.vscode\\extensions\\uqbar.wollok-lsp-ide-0.5.3\\out\\server\\src\\server.js:8:1561)","timestamp":"2025-12-13T00:01:36.449Z"}
{"level":"error","message":"✘ Failed to rebuild document Failed to parse parciales/amongUs/jugadores.wlk: \n-- PARSING FAILED --------------------------------------------------\n\n  3 | }\n  4 | \n> 5 | class Tripulante inher {\n    |                  ^\n  6 |   \n  7 | }\n\nExpected one of the following: \n\n'inherits', '{', whitespace\n","stack":"Error: Failed to parse parciales/amongUs/jugadores.wlk: \n-- PARSING FAILED --------------------------------------------------\n\n  3 | }\n  4 | \n> 5 | class Tripulante inher {\n    |                  ^\n  6 |   \n  7 | }\n\nExpected one of the following: \n\n'inherits', '{', whitespace\n\n    at c:\\Users\\egoytendia\\.vscode\\extensions\\uqbar.wollok-lsp-ide-0.5.3\\out\\server\\src\\server.js:2348:13026\n    at Array.map (<anonymous>)\n    at W1n (c:\\Users\\egoytendia\\.vscode\\extensions\\uqbar.wollok-lsp-ide-0.5.3\\out\\server\\src\\server.js:2348:12950)\n    at U2.buildEnvironmentFrom (c:\\Users\\egoytendia\\.vscode\\extensions\\uqbar.wollok-lsp-ide-0.5.3\\out\\server\\src\\server.js:2393:5254)\n    at U2.updateEnvironmentWith (c:\\Users\\egoytendia\\.vscode\\extensions\\uqbar.wollok-lsp-ide-0.5.3\\out\\server\\src\\server.js:2393:4989)\n    at JF (c:\\Users\\egoytendia\\.vscode\\extensions\\uqbar.wollok-lsp-ide-0.5.3\\out\\server\\src\\server.js:2393:7383)\n    at F3.invoke (c:\\Users\\egoytendia\\.vscode\\extensions\\uqbar.wollok-lsp-ide-0.5.3\\out\\server\\src\\server.js:3:157334)\n    at o.fire (c:\\Users\\egoytendia\\.vscode\\extensions\\uqbar.wollok-lsp-ide-0.5.3\\out\\server\\src\\server.js:3:158104)\n    at c:\\Users\\egoytendia\\.vscode\\extensions\\uqbar.wollok-lsp-ide-0.5.3\\out\\server\\src\\server.js:37:57871\n    at Zr (c:\\Users\\egoytendia\\.vscode\\extensions\\uqbar.wollok-lsp-ide-0.5.3\\out\\server\\src\\server.js:8:1561)","timestamp":"2025-12-13T00:01:36.540Z"}
{"level":"error","message":"✘ Failed to rebuild document Failed to parse parciales/amongUs/jugadores.wlk: \n-- PARSING FAILED --------------------------------------------------\n\n  3 | }\n  4 | \n> 5 | class Tripulante inheri {\n    |                  ^\n  6 |   \n  7 | }\n\nExpected one of the following: \n\n'inherits', '{', whitespace\n","stack":"Error: Failed to parse parciales/amongUs/jugadores.wlk: \n-- PARSING FAILED --------------------------------------------------\n\n  3 | }\n  4 | \n> 5 | class Tripulante inheri {\n    |                  ^\n  6 |   \n  7 | }\n\nExpected one of the following: \n\n'inherits', '{', whitespace\n\n    at c:\\Users\\egoytendia\\.vscode\\extensions\\uqbar.wollok-lsp-ide-0.5.3\\out\\server\\src\\server.js:2348:13026\n    at Array.map (<anonymous>)\n    at W1n (c:\\Users\\egoytendia\\.vscode\\extensions\\uqbar.wollok-lsp-ide-0.5.3\\out\\server\\src\\server.js:2348:12950)\n    at U2.buildEnvironmentFrom (c:\\Users\\egoytendia\\.vscode\\extensions\\uqbar.wollok-lsp-ide-0.5.3\\out\\server\\src\\server.js:2393:5254)\n    at U2.updateEnvironmentWith (c:\\Users\\egoytendia\\.vscode\\extensions\\uqbar.wollok-lsp-ide-0.5.3\\out\\server\\src\\server.js:2393:4989)\n    at JF (c:\\Users\\egoytendia\\.vscode\\extensions\\uqbar.wollok-lsp-ide-0.5.3\\out\\server\\src\\server.js:2393:7383)\n    at F3.invoke (c:\\Users\\egoytendia\\.vscode\\extensions\\uqbar.wollok-lsp-ide-0.5.3\\out\\server\\src\\server.js:3:157334)\n    at o.fire (c:\\Users\\egoytendia\\.vscode\\extensions\\uqbar.wollok-lsp-ide-0.5.3\\out\\server\\src\\server.js:3:158104)\n    at c:\\Users\\egoytendia\\.vscode\\extensions\\uqbar.wollok-lsp-ide-0.5.3\\out\\server\\src\\server.js:37:57871\n    at Zr (c:\\Users\\egoytendia\\.vscode\\extensions\\uqbar.wollok-lsp-ide-0.5.3\\out\\server\\src\\server.js:8:1561)","timestamp":"2025-12-13T00:01:36.710Z"}
{"level":"error","message":"✘ Failed to rebuild document Failed to parse parciales/amongUs/jugadores.wlk: \n-- PARSING FAILED --------------------------------------------------\n\n  3 | }\n  4 | \n> 5 | class Tripulante inherit {\n    |                  ^\n  6 |   \n  7 | }\n\nExpected one of the following: \n\n'inherits', '{', whitespace\n","stack":"Error: Failed to parse parciales/amongUs/jugadores.wlk: \n-- PARSING FAILED --------------------------------------------------\n\n  3 | }\n  4 | \n> 5 | class Tripulante inherit {\n    |                  ^\n  6 |   \n  7 | }\n\nExpected one of the following: \n\n'inherits', '{', whitespace\n\n    at c:\\Users\\egoytendia\\.vscode\\extensions\\uqbar.wollok-lsp-ide-0.5.3\\out\\server\\src\\server.js:2348:13026\n    at Array.map (<anonymous>)\n    at W1n (c:\\Users\\egoytendia\\.vscode\\extensions\\uqbar.wollok-lsp-ide-0.5.3\\out\\server\\src\\server.js:2348:12950)\n    at U2.buildEnvironmentFrom (c:\\Users\\egoytendia\\.vscode\\extensions\\uqbar.wollok-lsp-ide-0.5.3\\out\\server\\src\\server.js:2393:5254)\n    at U2.updateEnvironmentWith (c:\\Users\\egoytendia\\.vscode\\extensions\\uqbar.wollok-lsp-ide-0.5.3\\out\\server\\src\\server.js:2393:4989)\n    at JF (c:\\Users\\egoytendia\\.vscode\\extensions\\uqbar.wollok-lsp-ide-0.5.3\\out\\server\\src\\server.js:2393:7383)\n    at F3.invoke (c:\\Users\\egoytendia\\.vscode\\extensions\\uqbar.wollok-lsp-ide-0.5.3\\out\\server\\src\\server.js:3:157334)\n    at o.fire (c:\\Users\\egoytendia\\.vscode\\extensions\\uqbar.wollok-lsp-ide-0.5.3\\out\\server\\src\\server.js:3:158104)\n    at c:\\Users\\egoytendia\\.vscode\\extensions\\uqbar.wollok-lsp-ide-0.5.3\\out\\server\\src\\server.js:37:57871\n    at Zr (c:\\Users\\egoytendia\\.vscode\\extensions\\uqbar.wollok-lsp-ide-0.5.3\\out\\server\\src\\server.js:8:1561)","timestamp":"2025-12-13T00:01:36.773Z"}
{"level":"error","message":"✘ Failed to rebuild document Failed to parse parciales/amongUs/jugadores.wlk: \n-- PARSING FAILED --------------------------------------------------\n\n  3 | }\n  4 | \n> 5 | class Tripulante inherits {\n    |                           ^\n  6 |   \n  7 | }\n\nExpected one of the following: \n\n'@', comment, identifier, package identifier, whitespace\n","stack":"Error: Failed to parse parciales/amongUs/jugadores.wlk: \n-- PARSING FAILED --------------------------------------------------\n\n  3 | }\n  4 | \n> 5 | class Tripulante inherits {\n    |                           ^\n  6 |   \n  7 | }\n\nExpected one of the following: \n\n'@', comment, identifier, package identifier, whitespace\n\n    at c:\\Users\\egoytendia\\.vscode\\extensions\\uqbar.wollok-lsp-ide-0.5.3\\out\\server\\src\\server.js:2348:13026\n    at Array.map (<anonymous>)\n    at W1n (c:\\Users\\egoytendia\\.vscode\\extensions\\uqbar.wollok-lsp-ide-0.5.3\\out\\server\\src\\server.js:2348:12950)\n    at U2.buildEnvironmentFrom (c:\\Users\\egoytendia\\.vscode\\extensions\\uqbar.wollok-lsp-ide-0.5.3\\out\\server\\src\\server.js:2393:5254)\n    at U2.updateEnvironmentWith (c:\\Users\\egoytendia\\.vscode\\extensions\\uqbar.wollok-lsp-ide-0.5.3\\out\\server\\src\\server.js:2393:4989)\n    at JF (c:\\Users\\egoytendia\\.vscode\\extensions\\uqbar.wollok-lsp-ide-0.5.3\\out\\server\\src\\server.js:2393:7383)\n    at F3.invoke (c:\\Users\\egoytendia\\.vscode\\extensions\\uqbar.wollok-lsp-ide-0.5.3\\out\\server\\src\\server.js:3:157334)\n    at o.fire (c:\\Users\\egoytendia\\.vscode\\extensions\\uqbar.wollok-lsp-ide-0.5.3\\out\\server\\src\\server.js:3:158104)\n    at c:\\Users\\egoytendia\\.vscode\\extensions\\uqbar.wollok-lsp-ide-0.5.3\\out\\server\\src\\server.js:37:57871\n    at Zr (c:\\Users\\egoytendia\\.vscode\\extensions\\uqbar.wollok-lsp-ide-0.5.3\\out\\server\\src\\server.js:8:1561)","timestamp":"2025-12-13T00:01:36.987Z"}
{"level":"error","message":"✘ Failed to rebuild document Failed to parse parciales/amongUs/jugadores.wlk: \n-- PARSING FAILED --------------------------------------------------\n\n  3 | }\n  4 | \n> 5 | class Tripulante inherits  {\n    |                            ^\n  6 |   \n  7 | }\n\nExpected one of the following: \n\n'@', comment, identifier, package identifier, whitespace\n","stack":"Error: Failed to parse parciales/amongUs/jugadores.wlk: \n-- PARSING FAILED --------------------------------------------------\n\n  3 | }\n  4 | \n> 5 | class Tripulante inherits  {\n    |                            ^\n  6 |   \n  7 | }\n\nExpected one of the following: \n\n'@', comment, identifier, package identifier, whitespace\n\n    at c:\\Users\\egoytendia\\.vscode\\extensions\\uqbar.wollok-lsp-ide-0.5.3\\out\\server\\src\\server.js:2348:13026\n    at Array.map (<anonymous>)\n    at W1n (c:\\Users\\egoytendia\\.vscode\\extensions\\uqbar.wollok-lsp-ide-0.5.3\\out\\server\\src\\server.js:2348:12950)\n    at U2.buildEnvironmentFrom (c:\\Users\\egoytendia\\.vscode\\extensions\\uqbar.wollok-lsp-ide-0.5.3\\out\\server\\src\\server.js:2393:5254)\n    at U2.updateEnvironmentWith (c:\\Users\\egoytendia\\.vscode\\extensions\\uqbar.wollok-lsp-ide-0.5.3\\out\\server\\src\\server.js:2393:4989)\n    at JF (c:\\Users\\egoytendia\\.vscode\\extensions\\uqbar.wollok-lsp-ide-0.5.3\\out\\server\\src\\server.js:2393:7383)\n    at F3.invoke (c:\\Users\\egoytendia\\.vscode\\extensions\\uqbar.wollok-lsp-ide-0.5.3\\out\\server\\src\\server.js:3:157334)\n    at o.fire (c:\\Users\\egoytendia\\.vscode\\extensions\\uqbar.wollok-lsp-ide-0.5.3\\out\\server\\src\\server.js:3:158104)\n    at c:\\Users\\egoytendia\\.vscode\\extensions\\uqbar.wollok-lsp-ide-0.5.3\\out\\server\\src\\server.js:37:57871\n    at Zr (c:\\Users\\egoytendia\\.vscode\\extensions\\uqbar.wollok-lsp-ide-0.5.3\\out\\server\\src\\server.js:8:1561)","timestamp":"2025-12-13T00:01:37.248Z"}
{"level":"info","message":"⌛ Building environment","timeElapsed":118,"timestamp":"2025-12-13T00:01:38.231Z"}
{"level":"error","message":"✘ Completions for node ParameterizedType ([5:27, 5:28] - parciales/amongUs/jugadores.wlk) failed: Error: [ParameterizedType]{781e7f} at parciales/amongUs/jugadores.wlk:5 exhausted all cases without a match [ParameterizedType]{781e7f} at parciales/amongUs/jugadores.wlk:5 exhausted all cases without a match","stack":"Error: [ParameterizedType]{781e7f} at parciales/amongUs/jugadores.wlk:5 exhausted all cases without a match\n    at c:\\Users\\egoytendia\\.vscode\\extensions\\uqbar.wollok-lsp-ide-0.5.3\\out\\server\\src\\server.js:38:6142\n    at D2 (c:\\Users\\egoytendia\\.vscode\\extensions\\uqbar.wollok-lsp-ide-0.5.3\\out\\server\\src\\server.js:2384:42)\n    at Qh (c:\\Users\\egoytendia\\.vscode\\extensions\\uqbar.wollok-lsp-ide-0.5.3\\out\\server\\src\\server.js:2384:1092)\n    at k6n (c:\\Users\\egoytendia\\.vscode\\extensions\\uqbar.wollok-lsp-ide-0.5.3\\out\\server\\src\\server.js:2384:1248)\n    at c:\\Users\\egoytendia\\.vscode\\extensions\\uqbar.wollok-lsp-ide-0.5.3\\out\\server\\src\\server.js:38:6131\n    at D2 (c:\\Users\\egoytendia\\.vscode\\extensions\\uqbar.wollok-lsp-ide-0.5.3\\out\\server\\src\\server.js:2384:42)\n    at c:\\Users\\egoytendia\\.vscode\\extensions\\uqbar.wollok-lsp-ide-0.5.3\\out\\server\\src\\server.js:2384:2988\n    at c:\\Users\\egoytendia\\.vscode\\extensions\\uqbar.wollok-lsp-ide-0.5.3\\out\\server\\src\\server.js:2393:8440\n    at c:\\Users\\egoytendia\\.vscode\\extensions\\uqbar.wollok-lsp-ide-0.5.3\\out\\server\\src\\server.js:37:74872\n    at Ye (c:\\Users\\egoytendia\\.vscode\\extensions\\uqbar.wollok-lsp-ide-0.5.3\\out\\server\\src\\server.js:7:8527)","timestamp":"2025-12-13T00:01:38.262Z"}
{"level":"info","message":"⌛ Validating parciales/amongUs/jugadores.wlk","timeElapsed":104,"timestamp":"2025-12-13T00:01:38.367Z"}
{"level":"info","message":"⌛ Validating parciales/amongUs/jugadores.wlk","timeElapsed":149,"timestamp":"2025-12-13T00:01:38.676Z"}
{"level":"info","message":"⌛ Validating parciales/amongUs/jugadores.wlk","timeElapsed":104,"timestamp":"2025-12-13T00:01:38.780Z"}
{"level":"info","message":"⌛ Validating parciales/amongUs/jugadores.wlk","timeElapsed":104,"timestamp":"2025-12-13T00:01:39.232Z"}
{"level":"info","message":"⌛ Validating parciales/amongUs/jugadores.wlk","timeElapsed":120,"timestamp":"2025-12-13T00:01:40.519Z"}
{"level":"info","message":"⌛ Validating parciales/amongUs/jugadores.wlk","timeElapsed":158,"timestamp":"2025-12-13T00:01:41.082Z"}
{"level":"info","message":"⌛ Validating parciales/amongUs/jugadores.wlk","timeElapsed":104,"timestamp":"2025-12-13T00:01:41.362Z"}
{"level":"info","message":"⌛ Validating parciales/amongUs/jugadores.wlk","timeElapsed":103,"timestamp":"2025-12-13T00:01:41.465Z"}
{"level":"info","message":"⌛ Validating parciales/amongUs/jugadores.wlk","timeElapsed":106,"timestamp":"2025-12-13T00:01:41.748Z"}
{"level":"info","message":"⌛ Building environment","timeElapsed":122,"timestamp":"2025-12-13T00:01:42.715Z"}
{"level":"info","message":"⌛ Validating parciales/amongUs/jugadores.wlk","timeElapsed":106,"timestamp":"2025-12-13T00:01:42.845Z"}
{"level":"info","message":"⌛ Building environment","timeElapsed":113,"timestamp":"2025-12-13T00:01:43.140Z"}
{"level":"info","message":"⌛ Validating parciales/amongUs/jugadores.wlk","timeElapsed":106,"timestamp":"2025-12-13T00:01:43.246Z"}
{"level":"info","message":"⌛ Validating parciales/amongUs/jugadores.wlk","timeElapsed":107,"timestamp":"2025-12-13T00:01:43.460Z"}
{"level":"info","message":"⌛ Validating parciales/amongUs/jugadores.wlk","timeElapsed":120,"timestamp":"2025-12-13T00:01:43.750Z"}
{"level":"info","message":"⌛ Validating parciales/amongUs/jugadores.wlk","timeElapsed":110,"timestamp":"2025-12-13T00:01:44.060Z"}
{"level":"info","message":"⌛ Validating parciales/amongUs/jugadores.wlk","timeElapsed":106,"timestamp":"2025-12-13T00:01:44.245Z"}
{"level":"error","message":"✘ Failed to rebuild document Failed to parse parciales/amongUs/jugadores.wlk: \n-- PARSING FAILED --------------------------------------------------\n\n   7 | }\n   8 | \n>  9 | class Impostor i {\n     |                ^\n  10 |   \n  11 | }\n\nExpected one of the following: \n\n'inherits', '{', whitespace\n","stack":"Error: Failed to parse parciales/amongUs/jugadores.wlk: \n-- PARSING FAILED --------------------------------------------------\n\n   7 | }\n   8 | \n>  9 | class Impostor i {\n     |                ^\n  10 |   \n  11 | }\n\nExpected one of the following: \n\n'inherits', '{', whitespace\n\n    at c:\\Users\\egoytendia\\.vscode\\extensions\\uqbar.wollok-lsp-ide-0.5.3\\out\\server\\src\\server.js:2348:13026\n    at Array.map (<anonymous>)\n    at W1n (c:\\Users\\egoytendia\\.vscode\\extensions\\uqbar.wollok-lsp-ide-0.5.3\\out\\server\\src\\server.js:2348:12950)\n    at U2.buildEnvironmentFrom (c:\\Users\\egoytendia\\.vscode\\extensions\\uqbar.wollok-lsp-ide-0.5.3\\out\\server\\src\\server.js:2393:5254)\n    at U2.updateEnvironmentWith (c:\\Users\\egoytendia\\.vscode\\extensions\\uqbar.wollok-lsp-ide-0.5.3\\out\\server\\src\\server.js:2393:4989)\n    at JF (c:\\Users\\egoytendia\\.vscode\\extensions\\uqbar.wollok-lsp-ide-0.5.3\\out\\server\\src\\server.js:2393:7383)\n    at F3.invoke (c:\\Users\\egoytendia\\.vscode\\extensions\\uqbar.wollok-lsp-ide-0.5.3\\out\\server\\src\\server.js:3:157334)\n    at o.fire (c:\\Users\\egoytendia\\.vscode\\extensions\\uqbar.wollok-lsp-ide-0.5.3\\out\\server\\src\\server.js:3:158104)\n    at c:\\Users\\egoytendia\\.vscode\\extensions\\uqbar.wollok-lsp-ide-0.5.3\\out\\server\\src\\server.js:37:57871\n    at Zr (c:\\Users\\egoytendia\\.vscode\\extensions\\uqbar.wollok-lsp-ide-0.5.3\\out\\server\\src\\server.js:8:1561)","timestamp":"2025-12-13T00:01:44.246Z"}
{"level":"info","message":"⌛ Validating parciales/amongUs/jugadores.wlk","timeElapsed":105,"timestamp":"2025-12-13T00:01:44.351Z"}
{"level":"error","message":"✘ Failed to rebuild document Failed to parse parciales/amongUs/jugadores.wlk: \n-- PARSING FAILED --------------------------------------------------\n\n   7 | }\n   8 | \n>  9 | class Impostor in {\n     |                ^\n  10 |   \n  11 | }\n\nExpected one of the following: \n\n'inherits', '{', whitespace\n","stack":"Error: Failed to parse parciales/amongUs/jugadores.wlk: \n-- PARSING FAILED --------------------------------------------------\n\n   7 | }\n   8 | \n>  9 | class Impostor in {\n     |                ^\n  10 |   \n  11 | }\n\nExpected one of the following: \n\n'inherits', '{', whitespace\n\n    at c:\\Users\\egoytendia\\.vscode\\extensions\\uqbar.wollok-lsp-ide-0.5.3\\out\\server\\src\\server.js:2348:13026\n    at Array.map (<anonymous>)\n    at W1n (c:\\Users\\egoytendia\\.vscode\\extensions\\uqbar.wollok-lsp-ide-0.5.3\\out\\server\\src\\server.js:2348:12950)\n    at U2.buildEnvironmentFrom (c:\\Users\\egoytendia\\.vscode\\extensions\\uqbar.wollok-lsp-ide-0.5.3\\out\\server\\src\\server.js:2393:5254)\n    at U2.updateEnvironmentWith (c:\\Users\\egoytendia\\.vscode\\extensions\\uqbar.wollok-lsp-ide-0.5.3\\out\\server\\src\\server.js:2393:4989)\n    at JF (c:\\Users\\egoytendia\\.vscode\\extensions\\uqbar.wollok-lsp-ide-0.5.3\\out\\server\\src\\server.js:2393:7383)\n    at F3.invoke (c:\\Users\\egoytendia\\.vscode\\extensions\\uqbar.wollok-lsp-ide-0.5.3\\out\\server\\src\\server.js:3:157334)\n    at o.fire (c:\\Users\\egoytendia\\.vscode\\extensions\\uqbar.wollok-lsp-ide-0.5.3\\out\\server\\src\\server.js:3:158104)\n    at c:\\Users\\egoytendia\\.vscode\\extensions\\uqbar.wollok-lsp-ide-0.5.3\\out\\server\\src\\server.js:37:57871\n    at Zr (c:\\Users\\egoytendia\\.vscode\\extensions\\uqbar.wollok-lsp-ide-0.5.3\\out\\server\\src\\server.js:8:1561)","timestamp":"2025-12-13T00:01:44.352Z"}
{"level":"error","message":"✘ Failed to rebuild document Failed to parse parciales/amongUs/jugadores.wlk: \n-- PARSING FAILED --------------------------------------------------\n\n   7 | }\n   8 | \n>  9 | class Impostor inh {\n     |                ^\n  10 |   \n  11 | }\n\nExpected one of the following: \n\n'inherits', '{', whitespace\n","stack":"Error: Failed to parse parciales/amongUs/jugadores.wlk: \n-- PARSING FAILED --------------------------------------------------\n\n   7 | }\n   8 | \n>  9 | class Impostor inh {\n     |                ^\n  10 |   \n  11 | }\n\nExpected one of the following: \n\n'inherits', '{', whitespace\n\n    at c:\\Users\\egoytendia\\.vscode\\extensions\\uqbar.wollok-lsp-ide-0.5.3\\out\\server\\src\\server.js:2348:13026\n    at Array.map (<anonymous>)\n    at W1n (c:\\Users\\egoytendia\\.vscode\\extensions\\uqbar.wollok-lsp-ide-0.5.3\\out\\server\\src\\server.js:2348:12950)\n    at U2.buildEnvironmentFrom (c:\\Users\\egoytendia\\.vscode\\extensions\\uqbar.wollok-lsp-ide-0.5.3\\out\\server\\src\\server.js:2393:5254)\n    at U2.updateEnvironmentWith (c:\\Users\\egoytendia\\.vscode\\extensions\\uqbar.wollok-lsp-ide-0.5.3\\out\\server\\src\\server.js:2393:4989)\n    at JF (c:\\Users\\egoytendia\\.vscode\\extensions\\uqbar.wollok-lsp-ide-0.5.3\\out\\server\\src\\server.js:2393:7383)\n    at F3.invoke (c:\\Users\\egoytendia\\.vscode\\extensions\\uqbar.wollok-lsp-ide-0.5.3\\out\\server\\src\\server.js:3:157334)\n    at o.fire (c:\\Users\\egoytendia\\.vscode\\extensions\\uqbar.wollok-lsp-ide-0.5.3\\out\\server\\src\\server.js:3:158104)\n    at c:\\Users\\egoytendia\\.vscode\\extensions\\uqbar.wollok-lsp-ide-0.5.3\\out\\server\\src\\server.js:37:57871\n    at Zr (c:\\Users\\egoytendia\\.vscode\\extensions\\uqbar.wollok-lsp-ide-0.5.3\\out\\server\\src\\server.js:8:1561)","timestamp":"2025-12-13T00:01:44.473Z"}
{"level":"error","message":"✘ Failed to rebuild document Failed to parse parciales/amongUs/jugadores.wlk: \n-- PARSING FAILED --------------------------------------------------\n\n   7 | }\n   8 | \n>  9 | class Impostor inhe {\n     |                ^\n  10 |   \n  11 | }\n\nExpected one of the following: \n\n'inherits', '{', whitespace\n","stack":"Error: Failed to parse parciales/amongUs/jugadores.wlk: \n-- PARSING FAILED --------------------------------------------------\n\n   7 | }\n   8 | \n>  9 | class Impostor inhe {\n     |                ^\n  10 |   \n  11 | }\n\nExpected one of the following: \n\n'inherits', '{', whitespace\n\n    at c:\\Users\\egoytendia\\.vscode\\extensions\\uqbar.wollok-lsp-ide-0.5.3\\out\\server\\src\\server.js:2348:13026\n    at Array.map (<anonymous>)\n    at W1n (c:\\Users\\egoytendia\\.vscode\\extensions\\uqbar.wollok-lsp-ide-0.5.3\\out\\server\\src\\server.js:2348:12950)\n    at U2.buildEnvironmentFrom (c:\\Users\\egoytendia\\.vscode\\extensions\\uqbar.wollok-lsp-ide-0.5.3\\out\\server\\src\\server.js:2393:5254)\n    at U2.updateEnvironmentWith (c:\\Users\\egoytendia\\.vscode\\extensions\\uqbar.wollok-lsp-ide-0.5.3\\out\\server\\src\\server.js:2393:4989)\n    at JF (c:\\Users\\egoytendia\\.vscode\\extensions\\uqbar.wollok-lsp-ide-0.5.3\\out\\server\\src\\server.js:2393:7383)\n    at F3.invoke (c:\\Users\\egoytendia\\.vscode\\extensions\\uqbar.wollok-lsp-ide-0.5.3\\out\\server\\src\\server.js:3:157334)\n    at o.fire (c:\\Users\\egoytendia\\.vscode\\extensions\\uqbar.wollok-lsp-ide-0.5.3\\out\\server\\src\\server.js:3:158104)\n    at c:\\Users\\egoytendia\\.vscode\\extensions\\uqbar.wollok-lsp-ide-0.5.3\\out\\server\\src\\server.js:37:57871\n    at Zr (c:\\Users\\egoytendia\\.vscode\\extensions\\uqbar.wollok-lsp-ide-0.5.3\\out\\server\\src\\server.js:8:1561)","timestamp":"2025-12-13T00:01:44.474Z"}
{"level":"error","message":"✘ Failed to rebuild document Failed to parse parciales/amongUs/jugadores.wlk: \n-- PARSING FAILED --------------------------------------------------\n\n   7 | }\n   8 | \n>  9 | class Impostor inher {\n     |                ^\n  10 |   \n  11 | }\n\nExpected one of the following: \n\n'inherits', '{', whitespace\n","stack":"Error: Failed to parse parciales/amongUs/jugadores.wlk: \n-- PARSING FAILED --------------------------------------------------\n\n   7 | }\n   8 | \n>  9 | class Impostor inher {\n     |                ^\n  10 |   \n  11 | }\n\nExpected one of the following: \n\n'inherits', '{', whitespace\n\n    at c:\\Users\\egoytendia\\.vscode\\extensions\\uqbar.wollok-lsp-ide-0.5.3\\out\\server\\src\\server.js:2348:13026\n    at Array.map (<anonymous>)\n    at W1n (c:\\Users\\egoytendia\\.vscode\\extensions\\uqbar.wollok-lsp-ide-0.5.3\\out\\server\\src\\server.js:2348:12950)\n    at U2.buildEnvironmentFrom (c:\\Users\\egoytendia\\.vscode\\extensions\\uqbar.wollok-lsp-ide-0.5.3\\out\\server\\src\\server.js:2393:5254)\n    at U2.updateEnvironmentWith (c:\\Users\\egoytendia\\.vscode\\extensions\\uqbar.wollok-lsp-ide-0.5.3\\out\\server\\src\\server.js:2393:4989)\n    at JF (c:\\Users\\egoytendia\\.vscode\\extensions\\uqbar.wollok-lsp-ide-0.5.3\\out\\server\\src\\server.js:2393:7383)\n    at F3.invoke (c:\\Users\\egoytendia\\.vscode\\extensions\\uqbar.wollok-lsp-ide-0.5.3\\out\\server\\src\\server.js:3:157334)\n    at o.fire (c:\\Users\\egoytendia\\.vscode\\extensions\\uqbar.wollok-lsp-ide-0.5.3\\out\\server\\src\\server.js:3:158104)\n    at c:\\Users\\egoytendia\\.vscode\\extensions\\uqbar.wollok-lsp-ide-0.5.3\\out\\server\\src\\server.js:37:57871\n    at Zr (c:\\Users\\egoytendia\\.vscode\\extensions\\uqbar.wollok-lsp-ide-0.5.3\\out\\server\\src\\server.js:8:1561)","timestamp":"2025-12-13T00:01:44.475Z"}
{"level":"error","message":"✘ Failed to rebuild document Failed to parse parciales/amongUs/jugadores.wlk: \n-- PARSING FAILED --------------------------------------------------\n\n   7 | }\n   8 | \n>  9 | class Impostor inheri {\n     |                ^\n  10 |   \n  11 | }\n\nExpected one of the following: \n\n'inherits', '{', whitespace\n","stack":"Error: Failed to parse parciales/amongUs/jugadores.wlk: \n-- PARSING FAILED --------------------------------------------------\n\n   7 | }\n   8 | \n>  9 | class Impostor inheri {\n     |                ^\n  10 |   \n  11 | }\n\nExpected one of the following: \n\n'inherits', '{', whitespace\n\n    at c:\\Users\\egoytendia\\.vscode\\extensions\\uqbar.wollok-lsp-ide-0.5.3\\out\\server\\src\\server.js:2348:13026\n    at Array.map (<anonymous>)\n    at W1n (c:\\Users\\egoytendia\\.vscode\\extensions\\uqbar.wollok-lsp-ide-0.5.3\\out\\server\\src\\server.js:2348:12950)\n    at U2.buildEnvironmentFrom (c:\\Users\\egoytendia\\.vscode\\extensions\\uqbar.wollok-lsp-ide-0.5.3\\out\\server\\src\\server.js:2393:5254)\n    at U2.updateEnvironmentWith (c:\\Users\\egoytendia\\.vscode\\extensions\\uqbar.wollok-lsp-ide-0.5.3\\out\\server\\src\\server.js:2393:4989)\n    at JF (c:\\Users\\egoytendia\\.vscode\\extensions\\uqbar.wollok-lsp-ide-0.5.3\\out\\server\\src\\server.js:2393:7383)\n    at F3.invoke (c:\\Users\\egoytendia\\.vscode\\extensions\\uqbar.wollok-lsp-ide-0.5.3\\out\\server\\src\\server.js:3:157334)\n    at o.fire (c:\\Users\\egoytendia\\.vscode\\extensions\\uqbar.wollok-lsp-ide-0.5.3\\out\\server\\src\\server.js:3:158104)\n    at c:\\Users\\egoytendia\\.vscode\\extensions\\uqbar.wollok-lsp-ide-0.5.3\\out\\server\\src\\server.js:37:57871\n    at Zr (c:\\Users\\egoytendia\\.vscode\\extensions\\uqbar.wollok-lsp-ide-0.5.3\\out\\server\\src\\server.js:8:1561)","timestamp":"2025-12-13T00:01:44.523Z"}
{"level":"error","message":"✘ Failed to rebuild document Failed to parse parciales/amongUs/jugadores.wlk: \n-- PARSING FAILED --------------------------------------------------\n\n   7 | }\n   8 | \n>  9 | class Impostor inherit {\n     |                ^\n  10 |   \n  11 | }\n\nExpected one of the following: \n\n'inherits', '{', whitespace\n","stack":"Error: Failed to parse parciales/amongUs/jugadores.wlk: \n-- PARSING FAILED --------------------------------------------------\n\n   7 | }\n   8 | \n>  9 | class Impostor inherit {\n     |                ^\n  10 |   \n  11 | }\n\nExpected one of the following: \n\n'inherits', '{', whitespace\n\n    at c:\\Users\\egoytendia\\.vscode\\extensions\\uqbar.wollok-lsp-ide-0.5.3\\out\\server\\src\\server.js:2348:13026\n    at Array.map (<anonymous>)\n    at W1n (c:\\Users\\egoytendia\\.vscode\\extensions\\uqbar.wollok-lsp-ide-0.5.3\\out\\server\\src\\server.js:2348:12950)\n    at U2.buildEnvironmentFrom (c:\\Users\\egoytendia\\.vscode\\extensions\\uqbar.wollok-lsp-ide-0.5.3\\out\\server\\src\\server.js:2393:5254)\n    at U2.updateEnvironmentWith (c:\\Users\\egoytendia\\.vscode\\extensions\\uqbar.wollok-lsp-ide-0.5.3\\out\\server\\src\\server.js:2393:4989)\n    at JF (c:\\Users\\egoytendia\\.vscode\\extensions\\uqbar.wollok-lsp-ide-0.5.3\\out\\server\\src\\server.js:2393:7383)\n    at F3.invoke (c:\\Users\\egoytendia\\.vscode\\extensions\\uqbar.wollok-lsp-ide-0.5.3\\out\\server\\src\\server.js:3:157334)\n    at o.fire (c:\\Users\\egoytendia\\.vscode\\extensions\\uqbar.wollok-lsp-ide-0.5.3\\out\\server\\src\\server.js:3:158104)\n    at c:\\Users\\egoytendia\\.vscode\\extensions\\uqbar.wollok-lsp-ide-0.5.3\\out\\server\\src\\server.js:37:57871\n    at Zr (c:\\Users\\egoytendia\\.vscode\\extensions\\uqbar.wollok-lsp-ide-0.5.3\\out\\server\\src\\server.js:8:1561)","timestamp":"2025-12-13T00:01:44.611Z"}
{"level":"error","message":"✘ Failed to rebuild document Failed to parse parciales/amongUs/jugadores.wlk: \n-- PARSING FAILED --------------------------------------------------\n\n   7 | }\n   8 | \n>  9 | class Impostor inherits {\n     |                         ^\n  10 |   \n  11 | }\n\nExpected one of the following: \n\n'@', comment, identifier, package identifier, whitespace\n","stack":"Error: Failed to parse parciales/amongUs/jugadores.wlk: \n-- PARSING FAILED --------------------------------------------------\n\n   7 | }\n   8 | \n>  9 | class Impostor inherits {\n     |                         ^\n  10 |   \n  11 | }\n\nExpected one of the following: \n\n'@', comment, identifier, package identifier, whitespace\n\n    at c:\\Users\\egoytendia\\.vscode\\extensions\\uqbar.wollok-lsp-ide-0.5.3\\out\\server\\src\\server.js:2348:13026\n    at Array.map (<anonymous>)\n    at W1n (c:\\Users\\egoytendia\\.vscode\\extensions\\uqbar.wollok-lsp-ide-0.5.3\\out\\server\\src\\server.js:2348:12950)\n    at U2.buildEnvironmentFrom (c:\\Users\\egoytendia\\.vscode\\extensions\\uqbar.wollok-lsp-ide-0.5.3\\out\\server\\src\\server.js:2393:5254)\n    at U2.updateEnvironmentWith (c:\\Users\\egoytendia\\.vscode\\extensions\\uqbar.wollok-lsp-ide-0.5.3\\out\\server\\src\\server.js:2393:4989)\n    at JF (c:\\Users\\egoytendia\\.vscode\\extensions\\uqbar.wollok-lsp-ide-0.5.3\\out\\server\\src\\server.js:2393:7383)\n    at F3.invoke (c:\\Users\\egoytendia\\.vscode\\extensions\\uqbar.wollok-lsp-ide-0.5.3\\out\\server\\src\\server.js:3:157334)\n    at o.fire (c:\\Users\\egoytendia\\.vscode\\extensions\\uqbar.wollok-lsp-ide-0.5.3\\out\\server\\src\\server.js:3:158104)\n    at c:\\Users\\egoytendia\\.vscode\\extensions\\uqbar.wollok-lsp-ide-0.5.3\\out\\server\\src\\server.js:37:57871\n    at Zr (c:\\Users\\egoytendia\\.vscode\\extensions\\uqbar.wollok-lsp-ide-0.5.3\\out\\server\\src\\server.js:8:1561)","timestamp":"2025-12-13T00:01:44.805Z"}
{"level":"error","message":"✘ Failed to rebuild document Failed to parse parciales/amongUs/jugadores.wlk: \n-- PARSING FAILED --------------------------------------------------\n\n   7 | }\n   8 | \n>  9 | class Impostor inherits  {\n     |                          ^\n  10 |   \n  11 | }\n\nExpected one of the following: \n\n'@', comment, identifier, package identifier, whitespace\n","stack":"Error: Failed to parse parciales/amongUs/jugadores.wlk: \n-- PARSING FAILED --------------------------------------------------\n\n   7 | }\n   8 | \n>  9 | class Impostor inherits  {\n     |                          ^\n  10 |   \n  11 | }\n\nExpected one of the following: \n\n'@', comment, identifier, package identifier, whitespace\n\n    at c:\\Users\\egoytendia\\.vscode\\extensions\\uqbar.wollok-lsp-ide-0.5.3\\out\\server\\src\\server.js:2348:13026\n    at Array.map (<anonymous>)\n    at W1n (c:\\Users\\egoytendia\\.vscode\\extensions\\uqbar.wollok-lsp-ide-0.5.3\\out\\server\\src\\server.js:2348:12950)\n    at U2.buildEnvironmentFrom (c:\\Users\\egoytendia\\.vscode\\extensions\\uqbar.wollok-lsp-ide-0.5.3\\out\\server\\src\\server.js:2393:5254)\n    at U2.updateEnvironmentWith (c:\\Users\\egoytendia\\.vscode\\extensions\\uqbar.wollok-lsp-ide-0.5.3\\out\\server\\src\\server.js:2393:4989)\n    at JF (c:\\Users\\egoytendia\\.vscode\\extensions\\uqbar.wollok-lsp-ide-0.5.3\\out\\server\\src\\server.js:2393:7383)\n    at F3.invoke (c:\\Users\\egoytendia\\.vscode\\extensions\\uqbar.wollok-lsp-ide-0.5.3\\out\\server\\src\\server.js:3:157334)\n    at o.fire (c:\\Users\\egoytendia\\.vscode\\extensions\\uqbar.wollok-lsp-ide-0.5.3\\out\\server\\src\\server.js:3:158104)\n    at c:\\Users\\egoytendia\\.vscode\\extensions\\uqbar.wollok-lsp-ide-0.5.3\\out\\server\\src\\server.js:37:57871\n    at Zr (c:\\Users\\egoytendia\\.vscode\\extensions\\uqbar.wollok-lsp-ide-0.5.3\\out\\server\\src\\server.js:8:1561)","timestamp":"2025-12-13T00:01:45.213Z"}
{"level":"error","message":"✘ Completions for node ParameterizedType ([9:25, 9:26] - parciales/amongUs/jugadores.wlk) failed: Error: [ParameterizedType]{53af0f} at parciales/amongUs/jugadores.wlk:9 exhausted all cases without a match [ParameterizedType]{53af0f} at parciales/amongUs/jugadores.wlk:9 exhausted all cases without a match","stack":"Error: [ParameterizedType]{53af0f} at parciales/amongUs/jugadores.wlk:9 exhausted all cases without a match\n    at c:\\Users\\egoytendia\\.vscode\\extensions\\uqbar.wollok-lsp-ide-0.5.3\\out\\server\\src\\server.js:38:6142\n    at D2 (c:\\Users\\egoytendia\\.vscode\\extensions\\uqbar.wollok-lsp-ide-0.5.3\\out\\server\\src\\server.js:2384:42)\n    at Qh (c:\\Users\\egoytendia\\.vscode\\extensions\\uqbar.wollok-lsp-ide-0.5.3\\out\\server\\src\\server.js:2384:1092)\n    at k6n (c:\\Users\\egoytendia\\.vscode\\extensions\\uqbar.wollok-lsp-ide-0.5.3\\out\\server\\src\\server.js:2384:1248)\n    at c:\\Users\\egoytendia\\.vscode\\extensions\\uqbar.wollok-lsp-ide-0.5.3\\out\\server\\src\\server.js:38:6131\n    at D2 (c:\\Users\\egoytendia\\.vscode\\extensions\\uqbar.wollok-lsp-ide-0.5.3\\out\\server\\src\\server.js:2384:42)\n    at c:\\Users\\egoytendia\\.vscode\\extensions\\uqbar.wollok-lsp-ide-0.5.3\\out\\server\\src\\server.js:2384:2988\n    at c:\\Users\\egoytendia\\.vscode\\extensions\\uqbar.wollok-lsp-ide-0.5.3\\out\\server\\src\\server.js:2393:8440\n    at c:\\Users\\egoytendia\\.vscode\\extensions\\uqbar.wollok-lsp-ide-0.5.3\\out\\server\\src\\server.js:37:74872\n    at Ye (c:\\Users\\egoytendia\\.vscode\\extensions\\uqbar.wollok-lsp-ide-0.5.3\\out\\server\\src\\server.js:7:8527)","timestamp":"2025-12-13T00:01:45.636Z"}
{"level":"info","message":"⌛ Validating parciales/amongUs/jugadores.wlk","timeElapsed":102,"timestamp":"2025-12-13T00:01:45.739Z"}
{"level":"info","message":"⌛ Building environment","timeElapsed":228,"timestamp":"2025-12-13T00:01:45.968Z"}
{"level":"info","message":"⌛ Validating parciales/amongUs/jugadores.wlk","timeElapsed":169,"timestamp":"2025-12-13T00:01:46.228Z"}
{"level":"info","message":"⌛ Validating parciales/amongUs/jugadores.wlk","timeElapsed":113,"timestamp":"2025-12-13T00:01:46.415Z"}
{"level":"info","message":"⌛ Validating parciales/amongUs/jugadores.wlk","timeElapsed":144,"timestamp":"2025-12-13T00:01:46.798Z"}
{"level":"info","message":"⌛ Validating parciales/amongUs/jugadores.wlk","timeElapsed":102,"timestamp":"2025-12-13T00:01:47.001Z"}
{"level":"info","message":"⌛ Validating parciales/amongUs/jugadores.wlk","timeElapsed":107,"timestamp":"2025-12-13T00:01:47.109Z"}
{"level":"info","message":"⌛ Validating parciales/amongUs/jugadores.wlk","timeElapsed":116,"timestamp":"2025-12-13T00:01:47.317Z"}
{"level":"info","message":"⌛ Validating parciales/amongUs/jugadores.wlk","timeElapsed":116,"timestamp":"2025-12-13T00:02:45.043Z"}
{"level":"info","message":"⌛ Building environment","timeElapsed":210,"timestamp":"2025-12-13T00:02:45.328Z"}
{"level":"info","message":"⌛ Validating parciales/amongUs/jugadores.wlk","timeElapsed":104,"timestamp":"2025-12-13T00:02:45.522Z"}
{"level":"error","message":"✘ Failed to rebuild document Failed to parse parciales/amongUs/jugadores.wlk: \n-- PARSING FAILED --------------------------------------------------\n\n  1 | class Jugador {\n  2 |   const\n> 3 | }\n    | ^\n  4 | \n  5 | class Tripulante inherits Jugador {\n\nExpected one of the following: \n\n'property', identifier, whitespace\n","stack":"Error: Failed to parse parciales/amongUs/jugadores.wlk: \n-- PARSING FAILED --------------------------------------------------\n\n  1 | class Jugador {\n  2 |   const\n> 3 | }\n    | ^\n  4 | \n  5 | class Tripulante inherits Jugador {\n\nExpected one of the following: \n\n'property', identifier, whitespace\n\n    at c:\\Users\\egoytendia\\.vscode\\extensions\\uqbar.wollok-lsp-ide-0.5.3\\out\\server\\src\\server.js:2348:13026\n    at Array.map (<anonymous>)\n    at W1n (c:\\Users\\egoytendia\\.vscode\\extensions\\uqbar.wollok-lsp-ide-0.5.3\\out\\server\\src\\server.js:2348:12950)\n    at U2.buildEnvironmentFrom (c:\\Users\\egoytendia\\.vscode\\extensions\\uqbar.wollok-lsp-ide-0.5.3\\out\\server\\src\\server.js:2393:5254)\n    at U2.updateEnvironmentWith (c:\\Users\\egoytendia\\.vscode\\extensions\\uqbar.wollok-lsp-ide-0.5.3\\out\\server\\src\\server.js:2393:4989)\n    at JF (c:\\Users\\egoytendia\\.vscode\\extensions\\uqbar.wollok-lsp-ide-0.5.3\\out\\server\\src\\server.js:2393:7383)\n    at F3.invoke (c:\\Users\\egoytendia\\.vscode\\extensions\\uqbar.wollok-lsp-ide-0.5.3\\out\\server\\src\\server.js:3:157334)\n    at o.fire (c:\\Users\\egoytendia\\.vscode\\extensions\\uqbar.wollok-lsp-ide-0.5.3\\out\\server\\src\\server.js:3:158104)\n    at c:\\Users\\egoytendia\\.vscode\\extensions\\uqbar.wollok-lsp-ide-0.5.3\\out\\server\\src\\server.js:37:57871\n    at Zr (c:\\Users\\egoytendia\\.vscode\\extensions\\uqbar.wollok-lsp-ide-0.5.3\\out\\server\\src\\server.js:8:1561)","timestamp":"2025-12-13T00:02:45.523Z"}
{"level":"info","message":"⌛ Validating parciales/amongUs/jugadores.wlk","timeElapsed":101,"timestamp":"2025-12-13T00:02:45.624Z"}
{"level":"info","message":"⌛ Validating parciales/amongUs/jugadores.wlk","timeElapsed":111,"timestamp":"2025-12-13T00:02:48.932Z"}
{"level":"info","message":"⌛ Validating parciales/amongUs/jugadores.wlk","timeElapsed":108,"timestamp":"2025-12-13T00:02:49.040Z"}
{"level":"info","message":"⌛ Building environment","timeElapsed":103,"timestamp":"2025-12-13T00:02:49.143Z"}
{"level":"error","message":"✘ Failed to rebuild document Failed to parse parciales/amongUs/jugadores.wlk: \n-- PARSING FAILED --------------------------------------------------\n\n  1 | class Jugador {\n  2 |   const  \n> 3 | }\n    | ^\n  4 | \n  5 | class Tripulante inherits Jugador {\n\nExpected one of the following: \n\n'property', identifier, whitespace\n","stack":"Error: Failed to parse parciales/amongUs/jugadores.wlk: \n-- PARSING FAILED --------------------------------------------------\n\n  1 | class Jugador {\n  2 |   const  \n> 3 | }\n    | ^\n  4 | \n  5 | class Tripulante inherits Jugador {\n\nExpected one of the following: \n\n'property', identifier, whitespace\n\n    at c:\\Users\\egoytendia\\.vscode\\extensions\\uqbar.wollok-lsp-ide-0.5.3\\out\\server\\src\\server.js:2348:13026\n    at Array.map (<anonymous>)\n    at W1n (c:\\Users\\egoytendia\\.vscode\\extensions\\uqbar.wollok-lsp-ide-0.5.3\\out\\server\\src\\server.js:2348:12950)\n    at U2.buildEnvironmentFrom (c:\\Users\\egoytendia\\.vscode\\extensions\\uqbar.wollok-lsp-ide-0.5.3\\out\\server\\src\\server.js:2393:5254)\n    at U2.updateEnvironmentWith (c:\\Users\\egoytendia\\.vscode\\extensions\\uqbar.wollok-lsp-ide-0.5.3\\out\\server\\src\\server.js:2393:4989)\n    at JF (c:\\Users\\egoytendia\\.vscode\\extensions\\uqbar.wollok-lsp-ide-0.5.3\\out\\server\\src\\server.js:2393:7383)\n    at F3.invoke (c:\\Users\\egoytendia\\.vscode\\extensions\\uqbar.wollok-lsp-ide-0.5.3\\out\\server\\src\\server.js:3:157334)\n    at o.fire (c:\\Users\\egoytendia\\.vscode\\extensions\\uqbar.wollok-lsp-ide-0.5.3\\out\\server\\src\\server.js:3:158104)\n    at c:\\Users\\egoytendia\\.vscode\\extensions\\uqbar.wollok-lsp-ide-0.5.3\\out\\server\\src\\server.js:37:57871\n    at Zr (c:\\Users\\egoytendia\\.vscode\\extensions\\uqbar.wollok-lsp-ide-0.5.3\\out\\server\\src\\server.js:8:1561)","timestamp":"2025-12-13T00:02:53.740Z"}
{"level":"info","message":"⌛ Building environment","timeElapsed":130,"timestamp":"2025-12-13T00:02:54.816Z"}
{"level":"info","message":"⌛ Validating parciales/amongUs/jugadores.wlk","timeElapsed":117,"timestamp":"2025-12-13T00:02:55.139Z"}
{"level":"info","message":"⌛ Validating parciales/amongUs/jugadores.wlk","timeElapsed":137,"timestamp":"2025-12-13T00:02:55.362Z"}
{"level":"error","message":"✘ Failed to rebuild document Failed to parse parciales/amongUs/jugadores.wlk: \n-- PARSING FAILED --------------------------------------------------\n\n  1 | class Jugador {\n  2 |   const \n> 3 | }\n    | ^\n  4 | \n  5 | class Tripulante inherits Jugador {\n\nExpected one of the following: \n\n'property', identifier, whitespace\n","stack":"Error: Failed to parse parciales/amongUs/jugadores.wlk: \n-- PARSING FAILED --------------------------------------------------\n\n  1 | class Jugador {\n  2 |   const \n> 3 | }\n    | ^\n  4 | \n  5 | class Tripulante inherits Jugador {\n\nExpected one of the following: \n\n'property', identifier, whitespace\n\n    at c:\\Users\\egoytendia\\.vscode\\extensions\\uqbar.wollok-lsp-ide-0.5.3\\out\\server\\src\\server.js:2348:13026\n    at Array.map (<anonymous>)\n    at W1n (c:\\Users\\egoytendia\\.vscode\\extensions\\uqbar.wollok-lsp-ide-0.5.3\\out\\server\\src\\server.js:2348:12950)\n    at U2.buildEnvironmentFrom (c:\\Users\\egoytendia\\.vscode\\extensions\\uqbar.wollok-lsp-ide-0.5.3\\out\\server\\src\\server.js:2393:5254)\n    at U2.updateEnvironmentWith (c:\\Users\\egoytendia\\.vscode\\extensions\\uqbar.wollok-lsp-ide-0.5.3\\out\\server\\src\\server.js:2393:4989)\n    at JF (c:\\Users\\egoytendia\\.vscode\\extensions\\uqbar.wollok-lsp-ide-0.5.3\\out\\server\\src\\server.js:2393:7383)\n    at F3.invoke (c:\\Users\\egoytendia\\.vscode\\extensions\\uqbar.wollok-lsp-ide-0.5.3\\out\\server\\src\\server.js:3:157334)\n    at o.fire (c:\\Users\\egoytendia\\.vscode\\extensions\\uqbar.wollok-lsp-ide-0.5.3\\out\\server\\src\\server.js:3:158104)\n    at c:\\Users\\egoytendia\\.vscode\\extensions\\uqbar.wollok-lsp-ide-0.5.3\\out\\server\\src\\server.js:37:57871\n    at Zr (c:\\Users\\egoytendia\\.vscode\\extensions\\uqbar.wollok-lsp-ide-0.5.3\\out\\server\\src\\server.js:8:1561)","timestamp":"2025-12-13T00:02:55.462Z"}
{"level":"info","message":"⌛ Building environment","timeElapsed":123,"timestamp":"2025-12-13T00:02:55.764Z"}
{"level":"info","message":"⌛ Validating parciales/amongUs/jugadores.wlk","timeElapsed":103,"timestamp":"2025-12-13T00:02:55.868Z"}
{"level":"info","message":"⌛ Building environment","timeElapsed":106,"timestamp":"2025-12-13T00:02:56.494Z"}
{"level":"info","message":"⌛ Validating parciales/amongUs/jugadores.wlk","timeElapsed":118,"timestamp":"2025-12-13T00:02:56.733Z"}
{"level":"info","message":"⌛ Validating parciales/amongUs/jugadores.wlk","timeElapsed":111,"timestamp":"2025-12-13T00:02:56.963Z"}
{"level":"info","message":"⌛ Validating parciales/amongUs/jugadores.wlk","timeElapsed":101,"timestamp":"2025-12-13T00:02:57.985Z"}
{"level":"info","message":"⌛ Validating parciales/amongUs/jugadores.wlk","timeElapsed":110,"timestamp":"2025-12-13T00:02:59.003Z"}
{"level":"info","message":"⌛ Validating parciales/amongUs/jugadores.wlk","timeElapsed":112,"timestamp":"2025-12-13T00:03:03.491Z"}
{"level":"info","message":"⌛ Validating parciales/amongUs/jugadores.wlk","timeElapsed":104,"timestamp":"2025-12-13T00:03:03.756Z"}
{"level":"info","message":"⌛ Validating parciales/amongUs/jugadores.wlk","timeElapsed":106,"timestamp":"2025-12-13T00:03:03.862Z"}
{"level":"info","message":"⌛ Validating parciales/amongUs/jugadores.wlk","timeElapsed":103,"timestamp":"2025-12-13T00:03:04.144Z"}
{"level":"info","message":"⌛ Building environment","timeElapsed":103,"timestamp":"2025-12-13T00:03:04.248Z"}
{"level":"info","message":"⌛ Validating parciales/amongUs/jugadores.wlk","timeElapsed":119,"timestamp":"2025-12-13T00:03:04.474Z"}
{"level":"info","message":"⌛ Validating parciales/amongUs/jugadores.wlk","timeElapsed":178,"timestamp":"2025-12-13T00:03:04.730Z"}
{"level":"error","message":"✘ Failed to rebuild document Failed to parse parciales/amongUs/jugadores.wlk: \n-- PARSING FAILED --------------------------------------------------\n\n  2 |   const property color\n  3 |   var  \n> 4 | }\n    | ^\n  5 | \n  6 | class Tripulante inherits Jugador {\n\nExpected one of the following: \n\n'property', identifier, whitespace\n","stack":"Error: Failed to parse parciales/amongUs/jugadores.wlk: \n-- PARSING FAILED --------------------------------------------------\n\n  2 |   const property color\n  3 |   var  \n> 4 | }\n    | ^\n  5 | \n  6 | class Tripulante inherits Jugador {\n\nExpected one of the following: \n\n'property', identifier, whitespace\n\n    at c:\\Users\\egoytendia\\.vscode\\extensions\\uqbar.wollok-lsp-ide-0.5.3\\out\\server\\src\\server.js:2348:13026\n    at Array.map (<anonymous>)\n    at W1n (c:\\Users\\egoytendia\\.vscode\\extensions\\uqbar.wollok-lsp-ide-0.5.3\\out\\server\\src\\server.js:2348:12950)\n    at U2.buildEnvironmentFrom (c:\\Users\\egoytendia\\.vscode\\extensions\\uqbar.wollok-lsp-ide-0.5.3\\out\\server\\src\\server.js:2393:5254)\n    at U2.updateEnvironmentWith (c:\\Users\\egoytendia\\.vscode\\extensions\\uqbar.wollok-lsp-ide-0.5.3\\out\\server\\src\\server.js:2393:4989)\n    at JF (c:\\Users\\egoytendia\\.vscode\\extensions\\uqbar.wollok-lsp-ide-0.5.3\\out\\server\\src\\server.js:2393:7383)\n    at F3.invoke (c:\\Users\\egoytendia\\.vscode\\extensions\\uqbar.wollok-lsp-ide-0.5.3\\out\\server\\src\\server.js:3:157334)\n    at o.fire (c:\\Users\\egoytendia\\.vscode\\extensions\\uqbar.wollok-lsp-ide-0.5.3\\out\\server\\src\\server.js:3:158104)\n    at c:\\Users\\egoytendia\\.vscode\\extensions\\uqbar.wollok-lsp-ide-0.5.3\\out\\server\\src\\server.js:37:57871\n    at Zr (c:\\Users\\egoytendia\\.vscode\\extensions\\uqbar.wollok-lsp-ide-0.5.3\\out\\server\\src\\server.js:8:1561)","timestamp":"2025-12-13T00:03:04.734Z"}
{"level":"info","message":"⌛ Validating parciales/amongUs/jugadores.wlk","timeElapsed":119,"timestamp":"2025-12-13T00:03:04.854Z"}
{"level":"info","message":"⌛ Validating parciales/amongUs/jugadores.wlk","timeElapsed":107,"timestamp":"2025-12-13T00:03:04.961Z"}
{"level":"error","message":"✘ Failed to rebuild document Failed to parse parciales/amongUs/jugadores.wlk: \n-- PARSING FAILED --------------------------------------------------\n\n  2 |   const property color\n  3 |   var   \n> 4 | }\n    | ^\n  5 | \n  6 | class Tripulante inherits Jugador {\n\nExpected one of the following: \n\n'property', identifier, whitespace\n","stack":"Error: Failed to parse parciales/amongUs/jugadores.wlk: \n-- PARSING FAILED --------------------------------------------------\n\n  2 |   const property color\n  3 |   var   \n> 4 | }\n    | ^\n  5 | \n  6 | class Tripulante inherits Jugador {\n\nExpected one of the following: \n\n'property', identifier, whitespace\n\n    at c:\\Users\\egoytendia\\.vscode\\extensions\\uqbar.wollok-lsp-ide-0.5.3\\out\\server\\src\\server.js:2348:13026\n    at Array.map (<anonymous>)\n    at W1n (c:\\Users\\egoytendia\\.vscode\\extensions\\uqbar.wollok-lsp-ide-0.5.3\\out\\server\\src\\server.js:2348:12950)\n    at U2.buildEnvironmentFrom (c:\\Users\\egoytendia\\.vscode\\extensions\\uqbar.wollok-lsp-ide-0.5.3\\out\\server\\src\\server.js:2393:5254)\n    at U2.updateEnvironmentWith (c:\\Users\\egoytendia\\.vscode\\extensions\\uqbar.wollok-lsp-ide-0.5.3\\out\\server\\src\\server.js:2393:4989)\n    at JF (c:\\Users\\egoytendia\\.vscode\\extensions\\uqbar.wollok-lsp-ide-0.5.3\\out\\server\\src\\server.js:2393:7383)\n    at F3.invoke (c:\\Users\\egoytendia\\.vscode\\extensions\\uqbar.wollok-lsp-ide-0.5.3\\out\\server\\src\\server.js:3:157334)\n    at o.fire (c:\\Users\\egoytendia\\.vscode\\extensions\\uqbar.wollok-lsp-ide-0.5.3\\out\\server\\src\\server.js:3:158104)\n    at c:\\Users\\egoytendia\\.vscode\\extensions\\uqbar.wollok-lsp-ide-0.5.3\\out\\server\\src\\server.js:37:57871\n    at Zr (c:\\Users\\egoytendia\\.vscode\\extensions\\uqbar.wollok-lsp-ide-0.5.3\\out\\server\\src\\server.js:8:1561)","timestamp":"2025-12-13T00:03:04.967Z"}
{"level":"info","message":"⌛ Validating parciales/amongUs/jugadores.wlk","timeElapsed":112,"timestamp":"2025-12-13T00:03:05.272Z"}
{"level":"info","message":"⌛ Validating parciales/amongUs/jugadores.wlk","timeElapsed":109,"timestamp":"2025-12-13T00:03:05.458Z"}
{"level":"info","message":"⌛ Validating parciales/amongUs/jugadores.wlk","timeElapsed":102,"timestamp":"2025-12-13T00:03:05.736Z"}
{"level":"info","message":"⌛ Building environment","timeElapsed":102,"timestamp":"2025-12-13T00:03:05.839Z"}
{"level":"info","message":"⌛ Validating parciales/amongUs/jugadores.wlk","timeElapsed":105,"timestamp":"2025-12-13T00:03:06.023Z"}
{"level":"info","message":"⌛ Validating parciales/amongUs/jugadores.wlk","timeElapsed":103,"timestamp":"2025-12-13T00:03:06.231Z"}
{"level":"info","message":"⌛ Validating parciales/amongUs/jugadores.wlk","timeElapsed":101,"timestamp":"2025-12-13T00:03:06.503Z"}
{"level":"info","message":"⌛ Validating parciales/amongUs/jugadores.wlk","timeElapsed":103,"timestamp":"2025-12-13T00:03:07.444Z"}
{"level":"error","message":"✘ Failed to rebuild document Failed to parse parciales/amongUs/jugadores.wlk: \n-- PARSING FAILED --------------------------------------------------\n\n  2 |   const property color\n  3 |   var mochila =}  \n> 4 | }\n    | ^\n  5 | \n  6 | class Tripulante inherits Jugador {\n\nExpected one of the following: \n\n' ', '@', 'class', 'const', 'describe', 'mixin', 'object', 'only', 'package', 'program', 'test', 'var', '{', EOF, comment, not \"}\r\n\r\n\", whitespace\n","stack":"Error: Failed to parse parciales/amongUs/jugadores.wlk: \n-- PARSING FAILED --------------------------------------------------\n\n  2 |   const property color\n  3 |   var mochila =}  \n> 4 | }\n    | ^\n  5 | \n  6 | class Tripulante inherits Jugador {\n\nExpected one of the following: \n\n' ', '@', 'class', 'const', 'describe', 'mixin', 'object', 'only', 'package', 'program', 'test', 'var', '{', EOF, comment, not \"}\r\n\r\n\", whitespace\n\n    at c:\\Users\\egoytendia\\.vscode\\extensions\\uqbar.wollok-lsp-ide-0.5.3\\out\\server\\src\\server.js:2348:13026\n    at Array.map (<anonymous>)\n    at W1n (c:\\Users\\egoytendia\\.vscode\\extensions\\uqbar.wollok-lsp-ide-0.5.3\\out\\server\\src\\server.js:2348:12950)\n    at U2.buildEnvironmentFrom (c:\\Users\\egoytendia\\.vscode\\extensions\\uqbar.wollok-lsp-ide-0.5.3\\out\\server\\src\\server.js:2393:5254)\n    at U2.updateEnvironmentWith (c:\\Users\\egoytendia\\.vscode\\extensions\\uqbar.wollok-lsp-ide-0.5.3\\out\\server\\src\\server.js:2393:4989)\n    at JF (c:\\Users\\egoytendia\\.vscode\\extensions\\uqbar.wollok-lsp-ide-0.5.3\\out\\server\\src\\server.js:2393:7383)\n    at F3.invoke (c:\\Users\\egoytendia\\.vscode\\extensions\\uqbar.wollok-lsp-ide-0.5.3\\out\\server\\src\\server.js:3:157334)\n    at o.fire (c:\\Users\\egoytendia\\.vscode\\extensions\\uqbar.wollok-lsp-ide-0.5.3\\out\\server\\src\\server.js:3:158104)\n    at c:\\Users\\egoytendia\\.vscode\\extensions\\uqbar.wollok-lsp-ide-0.5.3\\out\\server\\src\\server.js:37:57871\n    at Zr (c:\\Users\\egoytendia\\.vscode\\extensions\\uqbar.wollok-lsp-ide-0.5.3\\out\\server\\src\\server.js:8:1561)","timestamp":"2025-12-13T00:03:08.849Z"}
{"level":"info","message":"⌛ Validating parciales/amongUs/jugadores.wlk","timeElapsed":104,"timestamp":"2025-12-13T00:03:12.302Z"}
{"level":"info","message":"⌛ Validating parciales/amongUs/jugadores.wlk","timeElapsed":108,"timestamp":"2025-12-13T00:03:12.584Z"}
{"level":"info","message":"⌛ Validating parciales/amongUs/jugadores.wlk","timeElapsed":106,"timestamp":"2025-12-13T00:03:12.839Z"}
{"level":"info","message":"⌛ Validating parciales/amongUs/jugadores.wlk","timeElapsed":104,"timestamp":"2025-12-13T00:03:20.491Z"}
{"level":"info","message":"⌛ Building environment","timeElapsed":107,"timestamp":"2025-12-13T00:03:22.026Z"}
{"level":"info","message":"⌛ Validating parciales/amongUs/jugadores.wlk","timeElapsed":125,"timestamp":"2025-12-13T00:03:22.192Z"}
{"level":"error","message":"✘ Failed to rebuild document Failed to parse parciales/amongUs/jugadores.wlk: \n-- PARSING FAILED --------------------------------------------------\n\n  3 |   var mochila = []\n  4 |   var  \n> 5 | }\n    | ^\n  6 | \n  7 | class Tripulante inherits Jugador {\n\nExpected one of the following: \n\n'property', identifier, whitespace\n","stack":"Error: Failed to parse parciales/amongUs/jugadores.wlk: \n-- PARSING FAILED --------------------------------------------------\n\n  3 |   var mochila = []\n  4 |   var  \n> 5 | }\n    | ^\n  6 | \n  7 | class Tripulante inherits Jugador {\n\nExpected one of the following: \n\n'property', identifier, whitespace\n\n    at c:\\Users\\egoytendia\\.vscode\\extensions\\uqbar.wollok-lsp-ide-0.5.3\\out\\server\\src\\server.js:2348:13026\n    at Array.map (<anonymous>)\n    at W1n (c:\\Users\\egoytendia\\.vscode\\extensions\\uqbar.wollok-lsp-ide-0.5.3\\out\\server\\src\\server.js:2348:12950)\n    at U2.buildEnvironmentFrom (c:\\Users\\egoytendia\\.vscode\\extensions\\uqbar.wollok-lsp-ide-0.5.3\\out\\server\\src\\server.js:2393:5254)\n    at U2.updateEnvironmentWith (c:\\Users\\egoytendia\\.vscode\\extensions\\uqbar.wollok-lsp-ide-0.5.3\\out\\server\\src\\server.js:2393:4989)\n    at JF (c:\\Users\\egoytendia\\.vscode\\extensions\\uqbar.wollok-lsp-ide-0.5.3\\out\\server\\src\\server.js:2393:7383)\n    at F3.invoke (c:\\Users\\egoytendia\\.vscode\\extensions\\uqbar.wollok-lsp-ide-0.5.3\\out\\server\\src\\server.js:3:157334)\n    at o.fire (c:\\Users\\egoytendia\\.vscode\\extensions\\uqbar.wollok-lsp-ide-0.5.3\\out\\server\\src\\server.js:3:158104)\n    at c:\\Users\\egoytendia\\.vscode\\extensions\\uqbar.wollok-lsp-ide-0.5.3\\out\\server\\src\\server.js:37:57871\n    at Zr (c:\\Users\\egoytendia\\.vscode\\extensions\\uqbar.wollok-lsp-ide-0.5.3\\out\\server\\src\\server.js:8:1561)","timestamp":"2025-12-13T00:03:22.294Z"}
{"level":"info","message":"⌛ Validating parciales/amongUs/jugadores.wlk","timeElapsed":134,"timestamp":"2025-12-13T00:03:22.428Z"}
{"level":"info","message":"⌛ Validating parciales/amongUs/jugadores.wlk","timeElapsed":106,"timestamp":"2025-12-13T00:03:22.819Z"}
{"level":"info","message":"⌛ Validating parciales/amongUs/jugadores.wlk","timeElapsed":106,"timestamp":"2025-12-13T00:03:23.397Z"}
{"level":"info","message":"⌛ Validating parciales/amongUs/jugadores.wlk","timeElapsed":106,"timestamp":"2025-12-13T00:03:23.857Z"}
{"level":"info","message":"⌛ Building environment","timeElapsed":120,"timestamp":"2025-12-13T00:03:25.174Z"}
{"level":"info","message":"⌛ Validating parciales/amongUs/jugadores.wlk","timeElapsed":119,"timestamp":"2025-12-13T00:03:25.319Z"}
{"level":"info","message":"⌛ Building environment","timeElapsed":102,"timestamp":"2025-12-13T00:03:25.423Z"}
{"level":"info","message":"⌛ Validating parciales/amongUs/jugadores.wlk","timeElapsed":122,"timestamp":"2025-12-13T00:03:25.583Z"}
{"level":"info","message":"⌛ Validating parciales/amongUs/jugadores.wlk","timeElapsed":105,"timestamp":"2025-12-13T00:03:25.790Z"}
{"level":"info","message":"⌛ Validating parciales/amongUs/jugadores.wlk","timeElapsed":104,"timestamp":"2025-12-13T00:03:25.966Z"}
{"level":"info","message":"⌛ Validating parciales/amongUs/jugadores.wlk","timeElapsed":104,"timestamp":"2025-12-13T00:03:26.481Z"}
{"level":"info","message":"⌛ Validating parciales/amongUs/jugadores.wlk","timeElapsed":104,"timestamp":"2025-12-13T00:03:26.682Z"}
{"level":"info","message":"⌛ Validating parciales/amongUs/jugadores.wlk","timeElapsed":114,"timestamp":"2025-12-13T00:03:27.111Z"}
{"level":"info","message":"⌛ Building environment","timeElapsed":101,"timestamp":"2025-12-13T00:03:27.312Z"}
{"level":"info","message":"⌛ Validating parciales/amongUs/jugadores.wlk","timeElapsed":102,"timestamp":"2025-12-13T00:03:27.423Z"}
{"level":"info","message":"⌛ Building environment","timeElapsed":113,"timestamp":"2025-12-13T00:03:27.536Z"}
{"level":"info","message":"⌛ Building environment","timeElapsed":101,"timestamp":"2025-12-13T00:03:28.805Z"}
{"level":"info","message":"⌛ Validating parciales/amongUs/jugadores.wlk","timeElapsed":113,"timestamp":"2025-12-13T00:03:28.919Z"}
{"level":"info","message":"⌛ Validating parciales/amongUs/jugadores.wlk","timeElapsed":104,"timestamp":"2025-12-13T00:03:29.859Z"}
{"level":"info","message":"⌛ Validating parciales/amongUs/jugadores.wlk","timeElapsed":122,"timestamp":"2025-12-13T00:03:30.307Z"}
{"level":"info","message":"⌛ Validating parciales/amongUs/jugadores.wlk","timeElapsed":105,"timestamp":"2025-12-13T00:03:30.494Z"}
{"level":"info","message":"⌛ Validating parciales/amongUs/jugadores.wlk","timeElapsed":101,"timestamp":"2025-12-13T00:03:31.310Z"}
{"level":"info","message":"⌛ Validating parciales/amongUs/jugadores.wlk","timeElapsed":107,"timestamp":"2025-12-13T00:03:41.774Z"}
{"level":"error","message":"✘ Failed to rebuild document Failed to parse parciales/amongUs/jugadores.wlk: \n-- PARSING FAILED --------------------------------------------------\n\n  4 |   var nivelDeSospecha = 40\n  5 |   var\n> 6 | }\n    | ^\n  7 | \n  8 | class Tripulante inherits Jugador {\n\nExpected one of the following: \n\n'property', identifier, whitespace\n","stack":"Error: Failed to parse parciales/amongUs/jugadores.wlk: \n-- PARSING FAILED --------------------------------------------------\n\n  4 |   var nivelDeSospecha = 40\n  5 |   var\n> 6 | }\n    | ^\n  7 | \n  8 | class Tripulante inherits Jugador {\n\nExpected one of the following: \n\n'property', identifier, whitespace\n\n    at c:\\Users\\egoytendia\\.vscode\\extensions\\uqbar.wollok-lsp-ide-0.5.3\\out\\server\\src\\server.js:2348:13026\n    at Array.map (<anonymous>)\n    at W1n (c:\\Users\\egoytendia\\.vscode\\extensions\\uqbar.wollok-lsp-ide-0.5.3\\out\\server\\src\\server.js:2348:12950)\n    at U2.buildEnvironmentFrom (c:\\Users\\egoytendia\\.vscode\\extensions\\uqbar.wollok-lsp-ide-0.5.3\\out\\server\\src\\server.js:2393:5254)\n    at U2.updateEnvironmentWith (c:\\Users\\egoytendia\\.vscode\\extensions\\uqbar.wollok-lsp-ide-0.5.3\\out\\server\\src\\server.js:2393:4989)\n    at JF (c:\\Users\\egoytendia\\.vscode\\extensions\\uqbar.wollok-lsp-ide-0.5.3\\out\\server\\src\\server.js:2393:7383)\n    at F3.invoke (c:\\Users\\egoytendia\\.vscode\\extensions\\uqbar.wollok-lsp-ide-0.5.3\\out\\server\\src\\server.js:3:157334)\n    at o.fire (c:\\Users\\egoytendia\\.vscode\\extensions\\uqbar.wollok-lsp-ide-0.5.3\\out\\server\\src\\server.js:3:158104)\n    at c:\\Users\\egoytendia\\.vscode\\extensions\\uqbar.wollok-lsp-ide-0.5.3\\out\\server\\src\\server.js:37:57871\n    at Zr (c:\\Users\\egoytendia\\.vscode\\extensions\\uqbar.wollok-lsp-ide-0.5.3\\out\\server\\src\\server.js:8:1561)","timestamp":"2025-12-13T00:03:41.853Z"}
{"level":"info","message":"⌛ Validating parciales/amongUs/jugadores.wlk","timeElapsed":109,"timestamp":"2025-12-13T00:03:41.961Z"}
{"level":"info","message":"⌛ Validating parciales/amongUs/jugadores.wlk","timeElapsed":105,"timestamp":"2025-12-13T00:03:43.173Z"}
{"level":"info","message":"⌛ Validating parciales/amongUs/jugadores.wlk","timeElapsed":105,"timestamp":"2025-12-13T00:03:43.751Z"}
{"level":"info","message":"⌛ Validating parciales/amongUs/jugadores.wlk","timeElapsed":128,"timestamp":"2025-12-13T00:03:44.063Z"}
{"level":"info","message":"⌛ Validating parciales/amongUs/jugadores.wlk","timeElapsed":124,"timestamp":"2025-12-13T00:03:44.187Z"}
{"level":"info","message":"⌛ Validating parciales/amongUs/jugadores.wlk","timeElapsed":102,"timestamp":"2025-12-13T00:03:44.457Z"}
{"level":"info","message":"⌛ Validating parciales/amongUs/jugadores.wlk","timeElapsed":101,"timestamp":"2025-12-13T00:03:44.892Z"}
{"level":"info","message":"⌛ Validating parciales/amongUs/jugadores.wlk","timeElapsed":111,"timestamp":"2025-12-13T00:03:46.154Z"}
{"level":"info","message":"⌛ Building environment","timeElapsed":111,"timestamp":"2025-12-13T00:03:46.931Z"}
{"level":"info","message":"⌛ Validating parciales/amongUs/jugadores.wlk","timeElapsed":102,"timestamp":"2025-12-13T00:03:47.056Z"}
{"level":"info","message":"⌛ Validating parciales/amongUs/jugadores.wlk","timeElapsed":101,"timestamp":"2025-12-13T00:03:47.802Z"}
{"level":"info","message":"⌛ Building environment","timeElapsed":104,"timestamp":"2025-12-13T00:03:47.930Z"}
{"level":"info","message":"⌛ Validating parciales/amongUs/jugadores.wlk","timeElapsed":108,"timestamp":"2025-12-13T00:03:48.587Z"}
{"level":"info","message":"⌛ Validating parciales/amongUs/jugadores.wlk","timeElapsed":103,"timestamp":"2025-12-13T00:03:48.763Z"}
{"level":"info","message":"⌛ Validating parciales/amongUs/jugadores.wlk","timeElapsed":186,"timestamp":"2025-12-13T00:03:49.327Z"}
{"level":"info","message":"⌛ Building environment","timeElapsed":108,"timestamp":"2025-12-13T00:03:49.436Z"}
{"level":"info","message":"⌛ Validating parciales/amongUs/jugadores.wlk","timeElapsed":110,"timestamp":"2025-12-13T00:03:49.577Z"}
{"level":"info","message":"⌛ Building environment","timeElapsed":115,"timestamp":"2025-12-13T00:03:49.881Z"}
{"level":"info","message":"⌛ Validating parciales/amongUs/jugadores.wlk","timeElapsed":124,"timestamp":"2025-12-13T00:03:50.425Z"}
{"level":"info","message":"⌛ Validating parciales/amongUs/jugadores.wlk","timeElapsed":105,"timestamp":"2025-12-13T00:03:50.530Z"}
{"level":"info","message":"⌛ Building environment","timeElapsed":155,"timestamp":"2025-12-13T00:03:52.744Z"}
{"level":"info","message":"⌛ Validating parciales/amongUs/jugadores.wlk","timeElapsed":129,"timestamp":"2025-12-13T00:03:52.874Z"}
{"level":"info","message":"⌛ Validating parciales/amongUs/jugadores.wlk","timeElapsed":108,"timestamp":"2025-12-13T00:03:53.129Z"}
{"level":"info","message":"⌛ Building environment","timeElapsed":120,"timestamp":"2025-12-13T00:03:53.759Z"}
{"level":"info","message":"⌛ Validating parciales/amongUs/jugadores.wlk","timeElapsed":110,"timestamp":"2025-12-13T00:03:53.871Z"}
{"level":"info","message":"⌛ Building environment","timeElapsed":111,"timestamp":"2025-12-13T00:15:57.229Z"}
{"level":"info","message":"⌛ Validating parciales/amongUs/jugadores.wlk","timeElapsed":164,"timestamp":"2025-12-13T00:15:57.395Z"}
{"level":"info","message":"⌛ Validating parciales/amongUs/jugadores.wlk","timeElapsed":157,"timestamp":"2025-12-13T00:15:57.653Z"}
{"level":"info","message":"⌛ Building environment","timeElapsed":116,"timestamp":"2025-12-13T00:21:47.865Z"}
{"level":"info","message":"⌛ Building environment","timeElapsed":104,"timestamp":"2025-12-13T00:21:48.031Z"}
{"level":"info","message":"⌛ Validating parciales/amongUs/jugadores.wlk","timeElapsed":125,"timestamp":"2025-12-13T00:21:48.156Z"}
{"level":"info","message":"⌛ Validating parciales/amongUs/jugadores.wlk","timeElapsed":120,"timestamp":"2025-12-13T00:21:48.374Z"}
{"level":"info","message":"⌛ Validating parciales/amongUs/jugadores.wlk","timeElapsed":105,"timestamp":"2025-12-13T00:21:48.485Z"}
{"level":"info","message":"⌛ Building environment","timeElapsed":118,"timestamp":"2025-12-13T00:21:48.603Z"}
{"level":"info","message":"⌛ Validating parciales/amongUs/jugadores.wlk","timeElapsed":117,"timestamp":"2025-12-13T00:21:48.729Z"}
{"level":"info","message":"⌛ Building environment","timeElapsed":103,"timestamp":"2025-12-13T00:21:48.832Z"}
{"level":"info","message":"⌛ Validating parciales/amongUs/jugadores.wlk","timeElapsed":115,"timestamp":"2025-12-13T00:21:49.070Z"}
{"level":"info","message":"⌛ Validating parciales/amongUs/jugadores.wlk","timeElapsed":102,"timestamp":"2025-12-13T00:21:49.172Z"}
{"level":"info","message":"⌛ Validating parciales/amongUs/jugadores.wlk","timeElapsed":111,"timestamp":"2025-12-13T00:21:49.504Z"}
{"level":"info","message":"⌛ Validating parciales/amongUs/jugadores.wlk","timeElapsed":113,"timestamp":"2025-12-13T00:21:49.841Z"}
{"level":"info","message":"⌛ Validating parciales/amongUs/jugadores.wlk","timeElapsed":109,"timestamp":"2025-12-13T00:21:49.950Z"}
{"level":"info","message":"⌛ Validating parciales/amongUs/jugadores.wlk","timeElapsed":109,"timestamp":"2025-12-13T00:21:50.286Z"}
{"level":"info","message":"⌛ Validating parciales/amongUs/jugadores.wlk","timeElapsed":105,"timestamp":"2025-12-13T00:21:50.391Z"}
{"level":"info","message":"⌛ Validating parciales/amongUs/jugadores.wlk","timeElapsed":112,"timestamp":"2025-12-13T00:21:50.728Z"}
{"level":"info","message":"⌛ Validating parciales/amongUs/jugadores.wlk","timeElapsed":106,"timestamp":"2025-12-13T00:21:50.913Z"}
{"level":"info","message":"⌛ Validating parciales/amongUs/jugadores.wlk","timeElapsed":116,"timestamp":"2025-12-13T00:21:51.125Z"}
{"level":"info","message":"⌛ Validating parciales/amongUs/jugadores.wlk","timeElapsed":115,"timestamp":"2025-12-13T00:21:51.241Z"}
{"level":"info","message":"⌛ Validating parciales/amongUs/jugadores.wlk","timeElapsed":122,"timestamp":"2025-12-13T00:21:51.599Z"}
{"level":"info","message":"⌛ Validating parciales/amongUs/jugadores.wlk","timeElapsed":116,"timestamp":"2025-12-13T00:21:51.890Z"}
{"level":"info","message":"⌛ Validating parciales/amongUs/jugadores.wlk","timeElapsed":125,"timestamp":"2025-12-13T00:21:52.115Z"}
{"level":"info","message":"⌛ Validating parciales/amongUs/jugadores.wlk","timeElapsed":127,"timestamp":"2025-12-13T00:21:52.244Z"}
{"level":"info","message":"⌛ Validating parciales/amongUs/jugadores.wlk","timeElapsed":106,"timestamp":"2025-12-13T00:21:52.357Z"}
{"level":"info","message":"⌛ Validating parciales/amongUs/jugadores.wlk","timeElapsed":110,"timestamp":"2025-12-13T00:21:56.444Z"}
{"level":"info","message":"⌛ Validating parciales/amongUs/jugadores.wlk","timeElapsed":111,"timestamp":"2025-12-13T00:21:56.735Z"}
{"level":"info","message":"⌛ Validating parciales/amongUs/jugadores.wlk","timeElapsed":114,"timestamp":"2025-12-13T00:21:56.919Z"}
{"level":"info","message":"⌛ Validating parciales/amongUs/jugadores.wlk","timeElapsed":115,"timestamp":"2025-12-13T00:21:57.035Z"}
{"level":"info","message":"⌛ Validating parciales/amongUs/jugadores.wlk","timeElapsed":101,"timestamp":"2025-12-13T00:21:57.144Z"}
{"level":"info","message":"⌛ Validating parciales/amongUs/jugadores.wlk","timeElapsed":106,"timestamp":"2025-12-13T00:21:57.625Z"}
{"level":"info","message":"⌛ Validating parciales/amongUs/jugadores.wlk","timeElapsed":106,"timestamp":"2025-12-13T00:22:00.574Z"}
{"level":"info","message":"⌛ Validating parciales/amongUs/jugadores.wlk","timeElapsed":121,"timestamp":"2025-12-13T00:22:01.165Z"}
{"level":"info","message":"⌛ Validating parciales/amongUs/jugadores.wlk","timeElapsed":136,"timestamp":"2025-12-13T00:22:04.743Z"}
{"level":"info","message":"⌛ Building environment","timeElapsed":134,"timestamp":"2025-12-13T00:22:04.877Z"}
{"level":"info","message":"⌛ Validating parciales/amongUs/jugadores.wlk","timeElapsed":125,"timestamp":"2025-12-13T00:22:05.002Z"}
{"level":"info","message":"⌛ Validating parciales/amongUs/jugadores.wlk","timeElapsed":119,"timestamp":"2025-12-13T00:22:05.130Z"}
{"level":"error","message":"✘ Completions for node Send ([8:5, 8:26] - parciales/amongUs/jugadores.wlk) failed: Error: [Send]{6c36fb} at parciales/amongUs/jugadores.wlk:8 exhausted all cases without a match [Send]{6c36fb} at parciales/amongUs/jugadores.wlk:8 exhausted all cases without a match","stack":"Error: [Send]{6c36fb} at parciales/amongUs/jugadores.wlk:8 exhausted all cases without a match\n    at c:\\Users\\egoytendia\\.vscode\\extensions\\uqbar.wollok-lsp-ide-0.5.3\\out\\server\\src\\server.js:38:6142\n    at D2 (c:\\Users\\egoytendia\\.vscode\\extensions\\uqbar.wollok-lsp-ide-0.5.3\\out\\server\\src\\server.js:2384:42)\n    at Qh (c:\\Users\\egoytendia\\.vscode\\extensions\\uqbar.wollok-lsp-ide-0.5.3\\out\\server\\src\\server.js:2384:1092)\n    at k6n (c:\\Users\\egoytendia\\.vscode\\extensions\\uqbar.wollok-lsp-ide-0.5.3\\out\\server\\src\\server.js:2384:1248)\n    at c:\\Users\\egoytendia\\.vscode\\extensions\\uqbar.wollok-lsp-ide-0.5.3\\out\\server\\src\\server.js:38:6131\n    at D2 (c:\\Users\\egoytendia\\.vscode\\extensions\\uqbar.wollok-lsp-ide-0.5.3\\out\\server\\src\\server.js:2384:42)\n    at c:\\Users\\egoytendia\\.vscode\\extensions\\uqbar.wollok-lsp-ide-0.5.3\\out\\server\\src\\server.js:2384:2988\n    at c:\\Users\\egoytendia\\.vscode\\extensions\\uqbar.wollok-lsp-ide-0.5.3\\out\\server\\src\\server.js:2393:8440\n    at c:\\Users\\egoytendia\\.vscode\\extensions\\uqbar.wollok-lsp-ide-0.5.3\\out\\server\\src\\server.js:37:74872\n    at Ye (c:\\Users\\egoytendia\\.vscode\\extensions\\uqbar.wollok-lsp-ide-0.5.3\\out\\server\\src\\server.js:7:8527)","timestamp":"2025-12-13T00:22:06.281Z"}
{"level":"info","message":"⌛ Building environment","timeElapsed":122,"timestamp":"2025-12-13T00:22:06.407Z"}
{"level":"info","message":"⌛ Validating parciales/amongUs/jugadores.wlk","timeElapsed":111,"timestamp":"2025-12-13T00:22:06.517Z"}
{"level":"info","message":"⌛ Building environment","timeElapsed":115,"timestamp":"2025-12-13T00:22:06.633Z"}
{"level":"info","message":"⌛ Validating parciales/amongUs/jugadores.wlk","timeElapsed":121,"timestamp":"2025-12-13T00:22:06.755Z"}
{"level":"info","message":"⌛ Validating parciales/amongUs/jugadores.wlk","timeElapsed":109,"timestamp":"2025-12-13T00:22:07.099Z"}
{"level":"info","message":"⌛ Building environment","timeElapsed":103,"timestamp":"2025-12-13T00:22:07.203Z"}
{"level":"info","message":"⌛ Validating parciales/amongUs/jugadores.wlk","timeElapsed":111,"timestamp":"2025-12-13T00:22:07.315Z"}
{"level":"info","message":"⌛ Validating parciales/amongUs/jugadores.wlk","timeElapsed":104,"timestamp":"2025-12-13T00:22:07.622Z"}
{"level":"info","message":"⌛ Validating parciales/amongUs/jugadores.wlk","timeElapsed":116,"timestamp":"2025-12-13T00:22:10.302Z"}
{"level":"info","message":"⌛ Building environment","timeElapsed":104,"timestamp":"2025-12-13T00:22:10.407Z"}
{"level":"info","message":"⌛ Validating parciales/amongUs/jugadores.wlk","timeElapsed":130,"timestamp":"2025-12-13T00:22:10.538Z"}
{"level":"info","message":"⌛ Validating parciales/amongUs/jugadores.wlk","timeElapsed":105,"timestamp":"2025-12-13T00:22:32.095Z"}
{"level":"info","message":"⌛ Building environment","timeElapsed":105,"timestamp":"2025-12-13T00:22:32.201Z"}
{"level":"info","message":"⌛ Validating parciales/amongUs/jugadores.wlk","timeElapsed":118,"timestamp":"2025-12-13T00:22:32.403Z"}
{"level":"info","message":"⌛ Validating parciales/amongUs/jugadores.wlk","timeElapsed":104,"timestamp":"2025-12-13T00:22:32.684Z"}
{"level":"info","message":"⌛ Validating parciales/amongUs/jugadores.wlk","timeElapsed":154,"timestamp":"2025-12-13T00:22:33.258Z"}
{"level":"info","message":"⌛ Validating parciales/amongUs/jugadores.wlk","timeElapsed":127,"timestamp":"2025-12-13T00:22:33.481Z"}
{"level":"info","message":"⌛ Building environment","timeElapsed":114,"timestamp":"2025-12-13T00:22:33.597Z"}
{"level":"info","message":"⌛ Validating parciales/amongUs/jugadores.wlk","timeElapsed":110,"timestamp":"2025-12-13T00:22:33.829Z"}
{"level":"info","message":"⌛ Validating parciales/amongUs/jugadores.wlk","timeElapsed":108,"timestamp":"2025-12-13T00:22:34.027Z"}
{"level":"info","message":"⌛ Validating parciales/amongUs/jugadores.wlk","timeElapsed":118,"timestamp":"2025-12-13T00:22:34.181Z"}
{"level":"info","message":"⌛ Validating parciales/amongUs/jugadores.wlk","timeElapsed":105,"timestamp":"2025-12-13T00:22:34.411Z"}
{"level":"info","message":"⌛ Validating parciales/amongUs/jugadores.wlk","timeElapsed":102,"timestamp":"2025-12-13T00:22:34.677Z"}
{"level":"info","message":"⌛ Validating parciales/amongUs/jugadores.wlk","timeElapsed":116,"timestamp":"2025-12-13T00:22:34.890Z"}
{"level":"info","message":"⌛ Validating parciales/amongUs/jugadores.wlk","timeElapsed":113,"timestamp":"2025-12-13T00:22:35.011Z"}
{"level":"info","message":"⌛ Validating parciales/amongUs/jugadores.wlk","timeElapsed":114,"timestamp":"2025-12-13T00:22:35.210Z"}
{"level":"info","message":"⌛ Validating parciales/amongUs/jugadores.wlk","timeElapsed":113,"timestamp":"2025-12-13T00:22:35.515Z"}
{"level":"info","message":"⌛ Validating parciales/amongUs/jugadores.wlk","timeElapsed":128,"timestamp":"2025-12-13T00:22:35.643Z"}
{"level":"info","message":"⌛ Validating parciales/amongUs/jugadores.wlk","timeElapsed":112,"timestamp":"2025-12-13T00:22:35.961Z"}
{"level":"error","message":"✘ Completions for node Parameter ([11:17, 11:18] - parciales/amongUs/jugadores.wlk) failed: Error: [Parameter]{5e27a1} at parciales/amongUs/jugadores.wlk:11 exhausted all cases without a match [Parameter]{5e27a1} at parciales/amongUs/jugadores.wlk:11 exhausted all cases without a match","stack":"Error: [Parameter]{5e27a1} at parciales/amongUs/jugadores.wlk:11 exhausted all cases without a match\n    at c:\\Users\\egoytendia\\.vscode\\extensions\\uqbar.wollok-lsp-ide-0.5.3\\out\\server\\src\\server.js:38:6142\n    at D2 (c:\\Users\\egoytendia\\.vscode\\extensions\\uqbar.wollok-lsp-ide-0.5.3\\out\\server\\src\\server.js:2384:42)\n    at c:\\Users\\egoytendia\\.vscode\\extensions\\uqbar.wollok-lsp-ide-0.5.3\\out\\server\\src\\server.js:2384:2988\n    at c:\\Users\\egoytendia\\.vscode\\extensions\\uqbar.wollok-lsp-ide-0.5.3\\out\\server\\src\\server.js:2393:8440\n    at c:\\Users\\egoytendia\\.vscode\\extensions\\uqbar.wollok-lsp-ide-0.5.3\\out\\server\\src\\server.js:37:74872\n    at Ye (c:\\Users\\egoytendia\\.vscode\\extensions\\uqbar.wollok-lsp-ide-0.5.3\\out\\server\\src\\server.js:7:8527)\n    at qt (c:\\Users\\egoytendia\\.vscode\\extensions\\uqbar.wollok-lsp-ide-0.5.3\\out\\server\\src\\server.js:7:6189)\n    at ot (c:\\Users\\egoytendia\\.vscode\\extensions\\uqbar.wollok-lsp-ide-0.5.3\\out\\server\\src\\server.js:7:6378)\n    at Immediate._onImmediate (c:\\Users\\egoytendia\\.vscode\\extensions\\uqbar.wollok-lsp-ide-0.5.3\\out\\server\\src\\server.js:7:6142)\n    at process.processImmediate (node:internal/timers:485:21)","timestamp":"2025-12-13T00:22:36.494Z"}
{"level":"info","message":"⌛ Validating parciales/amongUs/jugadores.wlk","timeElapsed":112,"timestamp":"2025-12-13T00:22:36.614Z"}
{"level":"info","message":"⌛ Building environment","timeElapsed":119,"timestamp":"2025-12-13T00:22:36.734Z"}
{"level":"error","message":"✘ Completions for node Parameter ([11:17, 11:20] - parciales/amongUs/jugadores.wlk) failed: Error: [Parameter]{abd554} at parciales/amongUs/jugadores.wlk:11 exhausted all cases without a match [Parameter]{abd554} at parciales/amongUs/jugadores.wlk:11 exhausted all cases without a match","stack":"Error: [Parameter]{abd554} at parciales/amongUs/jugadores.wlk:11 exhausted all cases without a match\n    at c:\\Users\\egoytendia\\.vscode\\extensions\\uqbar.wollok-lsp-ide-0.5.3\\out\\server\\src\\server.js:38:6142\n    at D2 (c:\\Users\\egoytendia\\.vscode\\extensions\\uqbar.wollok-lsp-ide-0.5.3\\out\\server\\src\\server.js:2384:42)\n    at c:\\Users\\egoytendia\\.vscode\\extensions\\uqbar.wollok-lsp-ide-0.5.3\\out\\server\\src\\server.js:2384:2988\n    at c:\\Users\\egoytendia\\.vscode\\extensions\\uqbar.wollok-lsp-ide-0.5.3\\out\\server\\src\\server.js:2393:8440\n    at c:\\Users\\egoytendia\\.vscode\\extensions\\uqbar.wollok-lsp-ide-0.5.3\\out\\server\\src\\server.js:37:74872\n    at Ye (c:\\Users\\egoytendia\\.vscode\\extensions\\uqbar.wollok-lsp-ide-0.5.3\\out\\server\\src\\server.js:7:8527)\n    at qt (c:\\Users\\egoytendia\\.vscode\\extensions\\uqbar.wollok-lsp-ide-0.5.3\\out\\server\\src\\server.js:7:6189)\n    at ot (c:\\Users\\egoytendia\\.vscode\\extensions\\uqbar.wollok-lsp-ide-0.5.3\\out\\server\\src\\server.js:7:6378)\n    at Immediate._onImmediate (c:\\Users\\egoytendia\\.vscode\\extensions\\uqbar.wollok-lsp-ide-0.5.3\\out\\server\\src\\server.js:7:6142)\n    at process.processImmediate (node:internal/timers:485:21)","timestamp":"2025-12-13T00:22:36.856Z"}
{"level":"info","message":"⌛ Building environment","timeElapsed":111,"timestamp":"2025-12-13T00:22:36.971Z"}
{"level":"info","message":"⌛ Validating parciales/amongUs/jugadores.wlk","timeElapsed":120,"timestamp":"2025-12-13T00:22:37.092Z"}
{"level":"info","message":"⌛ Validating parciales/amongUs/jugadores.wlk","timeElapsed":103,"timestamp":"2025-12-13T00:22:37.195Z"}
{"level":"info","message":"⌛ Validating parciales/amongUs/jugadores.wlk","timeElapsed":157,"timestamp":"2025-12-13T00:22:41.352Z"}
{"level":"info","message":"⌛ Validating parciales/amongUs/jugadores.wlk","timeElapsed":108,"timestamp":"2025-12-13T00:22:41.624Z"}
{"level":"info","message":"⌛ Validating parciales/amongUs/jugadores.wlk","timeElapsed":103,"timestamp":"2025-12-13T00:22:41.754Z"}
{"level":"info","message":"⌛ Validating parciales/amongUs/jugadores.wlk","timeElapsed":112,"timestamp":"2025-12-13T00:22:43.031Z"}
{"level":"info","message":"⌛ Validating parciales/amongUs/jugadores.wlk","timeElapsed":109,"timestamp":"2025-12-13T00:22:43.258Z"}
{"level":"info","message":"⌛ Building environment","timeElapsed":140,"timestamp":"2025-12-13T00:22:44.023Z"}
{"level":"info","message":"⌛ Building environment","timeElapsed":111,"timestamp":"2025-12-13T00:22:44.149Z"}
{"level":"info","message":"⌛ Validating parciales/amongUs/jugadores.wlk","timeElapsed":112,"timestamp":"2025-12-13T00:22:44.356Z"}
{"level":"info","message":"⌛ Validating parciales/amongUs/jugadores.wlk","timeElapsed":127,"timestamp":"2025-12-13T00:22:44.484Z"}
{"level":"info","message":"⌛ Validating parciales/amongUs/jugadores.wlk","timeElapsed":101,"timestamp":"2025-12-13T00:22:44.585Z"}
{"level":"info","message":"⌛ Building environment","timeElapsed":101,"timestamp":"2025-12-13T00:22:45.026Z"}
{"level":"info","message":"⌛ Validating parciales/amongUs/jugadores.wlk","timeElapsed":103,"timestamp":"2025-12-13T00:22:45.130Z"}
{"level":"info","message":"⌛ Validating parciales/amongUs/jugadores.wlk","timeElapsed":105,"timestamp":"2025-12-13T00:22:45.460Z"}
{"level":"info","message":"⌛ Building environment","timeElapsed":107,"timestamp":"2025-12-13T00:22:46.437Z"}
{"level":"info","message":"⌛ Validating parciales/amongUs/jugadores.wlk","timeElapsed":107,"timestamp":"2025-12-13T00:22:46.552Z"}
{"level":"info","message":"⌛ Validating parciales/amongUs/jugadores.wlk","timeElapsed":105,"timestamp":"2025-12-13T00:22:46.975Z"}
{"level":"info","message":"⌛ Validating parciales/amongUs/jugadores.wlk","timeElapsed":130,"timestamp":"2025-12-13T00:22:51.087Z"}
{"level":"error","message":"✘ Completions for node Send ([12:5, 12:20] - parciales/amongUs/jugadores.wlk) failed: Error: [Send]{18976b} at parciales/amongUs/jugadores.wlk:12 exhausted all cases without a match [Send]{18976b} at parciales/amongUs/jugadores.wlk:12 exhausted all cases without a match","stack":"Error: [Send]{18976b} at parciales/amongUs/jugadores.wlk:12 exhausted all cases without a match\n    at c:\\Users\\egoytendia\\.vscode\\extensions\\uqbar.wollok-lsp-ide-0.5.3\\out\\server\\src\\server.js:38:6142\n    at D2 (c:\\Users\\egoytendia\\.vscode\\extensions\\uqbar.wollok-lsp-ide-0.5.3\\out\\server\\src\\server.js:2384:42)\n    at Qh (c:\\Users\\egoytendia\\.vscode\\extensions\\uqbar.wollok-lsp-ide-0.5.3\\out\\server\\src\\server.js:2384:1092)\n    at k6n (c:\\Users\\egoytendia\\.vscode\\extensions\\uqbar.wollok-lsp-ide-0.5.3\\out\\server\\src\\server.js:2384:1248)\n    at c:\\Users\\egoytendia\\.vscode\\extensions\\uqbar.wollok-lsp-ide-0.5.3\\out\\server\\src\\server.js:38:6131\n    at D2 (c:\\Users\\egoytendia\\.vscode\\extensions\\uqbar.wollok-lsp-ide-0.5.3\\out\\server\\src\\server.js:2384:42)\n    at c:\\Users\\egoytendia\\.vscode\\extensions\\uqbar.wollok-lsp-ide-0.5.3\\out\\server\\src\\server.js:2384:2988\n    at c:\\Users\\egoytendia\\.vscode\\extensions\\uqbar.wollok-lsp-ide-0.5.3\\out\\server\\src\\server.js:2393:8440\n    at c:\\Users\\egoytendia\\.vscode\\extensions\\uqbar.wollok-lsp-ide-0.5.3\\out\\server\\src\\server.js:37:74872\n    at Ye (c:\\Users\\egoytendia\\.vscode\\extensions\\uqbar.wollok-lsp-ide-0.5.3\\out\\server\\src\\server.js:7:8527)","timestamp":"2025-12-13T00:22:51.289Z"}
{"level":"info","message":"⌛ Validating parciales/amongUs/jugadores.wlk","timeElapsed":118,"timestamp":"2025-12-13T00:22:51.412Z"}
{"level":"info","message":"⌛ Validating parciales/amongUs/jugadores.wlk","timeElapsed":113,"timestamp":"2025-12-13T00:22:51.712Z"}
{"level":"info","message":"⌛ Validating parciales/amongUs/jugadores.wlk","timeElapsed":105,"timestamp":"2025-12-13T00:22:51.818Z"}
{"level":"info","message":"⌛ Validating parciales/amongUs/jugadores.wlk","timeElapsed":101,"timestamp":"2025-12-13T00:22:52.005Z"}
{"level":"info","message":"⌛ Building environment","timeElapsed":128,"timestamp":"2025-12-13T00:23:07.439Z"}
{"level":"info","message":"⌛ Validating parciales/amongUs/jugadores.wlk","timeElapsed":110,"timestamp":"2025-12-13T00:23:07.550Z"}
{"level":"info","message":"⌛ Validating parciales/amongUs/jugadores.wlk","timeElapsed":117,"timestamp":"2025-12-13T00:23:07.765Z"}
{"level":"info","message":"⌛ Validating parciales/amongUs/jugadores.wlk","timeElapsed":127,"timestamp":"2025-12-13T00:23:08.206Z"}
{"level":"info","message":"⌛ Validating parciales/amongUs/jugadores.wlk","timeElapsed":147,"timestamp":"2025-12-13T00:23:08.355Z"}
{"level":"info","message":"⌛ Validating parciales/amongUs/jugadores.wlk","timeElapsed":111,"timestamp":"2025-12-13T00:23:08.667Z"}
{"level":"info","message":"⌛ Validating parciales/amongUs/jugadores.wlk","timeElapsed":122,"timestamp":"2025-12-13T00:23:08.884Z"}
{"level":"info","message":"⌛ Validating parciales/amongUs/jugadores.wlk","timeElapsed":106,"timestamp":"2025-12-13T00:23:08.989Z"}
{"level":"info","message":"⌛ Validating parciales/amongUs/jugadores.wlk","timeElapsed":105,"timestamp":"2025-12-13T00:23:09.311Z"}
{"level":"error","message":"✘ Completions for node Send ([12:5, 12:19] - parciales/amongUs/jugadores.wlk) failed: Error: [Send]{3150a3} at parciales/amongUs/jugadores.wlk:12 exhausted all cases without a match [Send]{3150a3} at parciales/amongUs/jugadores.wlk:12 exhausted all cases without a match","stack":"Error: [Send]{3150a3} at parciales/amongUs/jugadores.wlk:12 exhausted all cases without a match\n    at c:\\Users\\egoytendia\\.vscode\\extensions\\uqbar.wollok-lsp-ide-0.5.3\\out\\server\\src\\server.js:38:6142\n    at D2 (c:\\Users\\egoytendia\\.vscode\\extensions\\uqbar.wollok-lsp-ide-0.5.3\\out\\server\\src\\server.js:2384:42)\n    at Qh (c:\\Users\\egoytendia\\.vscode\\extensions\\uqbar.wollok-lsp-ide-0.5.3\\out\\server\\src\\server.js:2384:1092)\n    at k6n (c:\\Users\\egoytendia\\.vscode\\extensions\\uqbar.wollok-lsp-ide-0.5.3\\out\\server\\src\\server.js:2384:1248)\n    at c:\\Users\\egoytendia\\.vscode\\extensions\\uqbar.wollok-lsp-ide-0.5.3\\out\\server\\src\\server.js:38:6131\n    at D2 (c:\\Users\\egoytendia\\.vscode\\extensions\\uqbar.wollok-lsp-ide-0.5.3\\out\\server\\src\\server.js:2384:42)\n    at c:\\Users\\egoytendia\\.vscode\\extensions\\uqbar.wollok-lsp-ide-0.5.3\\out\\server\\src\\server.js:2384:2988\n    at c:\\Users\\egoytendia\\.vscode\\extensions\\uqbar.wollok-lsp-ide-0.5.3\\out\\server\\src\\server.js:2393:8440\n    at c:\\Users\\egoytendia\\.vscode\\extensions\\uqbar.wollok-lsp-ide-0.5.3\\out\\server\\src\\server.js:37:74872\n    at Ye (c:\\Users\\egoytendia\\.vscode\\extensions\\uqbar.wollok-lsp-ide-0.5.3\\out\\server\\src\\server.js:7:8527)","timestamp":"2025-12-13T00:23:10.189Z"}
{"level":"info","message":"⌛ Validating parciales/amongUs/jugadores.wlk","timeElapsed":117,"timestamp":"2025-12-13T00:23:10.309Z"}
{"level":"info","message":"⌛ Validating parciales/amongUs/jugadores.wlk","timeElapsed":134,"timestamp":"2025-12-13T00:23:10.692Z"}
{"level":"info","message":"⌛ Validating parciales/amongUs/jugadores.wlk","timeElapsed":101,"timestamp":"2025-12-13T00:23:10.794Z"}
{"level":"info","message":"⌛ Validating parciales/amongUs/jugadores.wlk","timeElapsed":105,"timestamp":"2025-12-13T00:23:11.146Z"}
{"level":"info","message":"⌛ Validating parciales/amongUs/tareas.wlk","timeElapsed":154,"timestamp":"2025-12-13T00:24:28.498Z"}
{"level":"info","message":"⌛ Validating parciales/amongUs/tareas.wlk","timeElapsed":112,"timestamp":"2025-12-13T00:24:31.733Z"}
{"level":"info","message":"⌛ Validating parciales/amongUs/tareas.wlk","timeElapsed":110,"timestamp":"2025-12-13T00:24:32.162Z"}
{"level":"info","message":"⌛ Validating parciales/amongUs/tareas.wlk","timeElapsed":106,"timestamp":"2025-12-13T00:24:32.269Z"}
{"level":"info","message":"⌛ Validating parciales/amongUs/tareas.wlk","timeElapsed":105,"timestamp":"2025-12-13T00:24:32.402Z"}
{"level":"info","message":"⌛ Validating parciales/amongUs/tareas.wlk","timeElapsed":111,"timestamp":"2025-12-13T00:24:32.601Z"}
{"level":"info","message":"⌛ Validating parciales/amongUs/tareas.wlk","timeElapsed":110,"timestamp":"2025-12-13T00:24:34.812Z"}
{"level":"info","message":"⌛ Validating parciales/amongUs/tareas.wlk","timeElapsed":111,"timestamp":"2025-12-13T00:24:35.079Z"}
{"level":"info","message":"⌛ Building environment","timeElapsed":105,"timestamp":"2025-12-13T00:24:35.185Z"}
{"level":"info","message":"⌛ Validating parciales/amongUs/tareas.wlk","timeElapsed":121,"timestamp":"2025-12-13T00:24:35.410Z"}
{"level":"info","message":"⌛ Validating parciales/amongUs/tareas.wlk","timeElapsed":102,"timestamp":"2025-12-13T00:24:35.712Z"}
{"level":"info","message":"⌛ Building environment","timeElapsed":102,"timestamp":"2025-12-13T00:25:26.571Z"}
{"level":"info","message":"⌛ Validating parciales/amongUs/jugadores.wlk","timeElapsed":126,"timestamp":"2025-12-13T00:25:26.698Z"}
{"level":"info","message":"⌛ Validating parciales/amongUs/jugadores.wlk","timeElapsed":113,"timestamp":"2025-12-13T00:25:27.512Z"}
{"level":"info","message":"⌛ Validating parciales/amongUs/tareas.wlk","timeElapsed":119,"timestamp":"2025-12-13T00:29:56.081Z"}
{"level":"info","message":"⌛ Validating parciales/amongUs/tareas.wlk","timeElapsed":110,"timestamp":"2025-12-13T00:29:56.279Z"}
{"level":"info","message":"⌛ Validating parciales/amongUs/tareas.wlk","timeElapsed":122,"timestamp":"2025-12-13T00:29:57.227Z"}
{"level":"info","message":"⌛ Validating parciales/amongUs/tareas.wlk","timeElapsed":130,"timestamp":"2025-12-13T00:29:57.357Z"}
{"level":"info","message":"⌛ Validating parciales/amongUs/tareas.wlk","timeElapsed":131,"timestamp":"2025-12-13T00:29:57.616Z"}
{"level":"info","message":"⌛ Validating parciales/amongUs/tareas.wlk","timeElapsed":117,"timestamp":"2025-12-13T00:29:58.506Z"}
{"level":"info","message":"⌛ Validating parciales/amongUs/tareas.wlk","timeElapsed":107,"timestamp":"2025-12-13T00:29:58.613Z"}
{"level":"info","message":"⌛ Validating parciales/amongUs/tareas.wlk","timeElapsed":115,"timestamp":"2025-12-13T00:29:59.099Z"}
{"level":"info","message":"⌛ Building environment","timeElapsed":180,"timestamp":"2025-12-13T00:29:59.280Z"}
{"level":"info","message":"⌛ Validating parciales/amongUs/tareas.wlk","timeElapsed":145,"timestamp":"2025-12-13T00:29:59.426Z"}
{"level":"info","message":"⌛ Validating parciales/amongUs/tareas.wlk","timeElapsed":143,"timestamp":"2025-12-13T00:29:59.570Z"}
{"level":"info","message":"⌛ Validating parciales/amongUs/tareas.wlk","timeElapsed":122,"timestamp":"2025-12-13T00:29:59.823Z"}
{"level":"info","message":"⌛ Validating parciales/amongUs/tareas.wlk","timeElapsed":120,"timestamp":"2025-12-13T00:29:59.944Z"}
{"level":"info","message":"⌛ Validating parciales/amongUs/tareas.wlk","timeElapsed":123,"timestamp":"2025-12-13T00:30:00.154Z"}
{"level":"info","message":"⌛ Validating parciales/amongUs/tareas.wlk","timeElapsed":124,"timestamp":"2025-12-13T00:30:00.318Z"}
{"level":"info","message":"⌛ Building environment","timeElapsed":105,"timestamp":"2025-12-13T00:30:00.424Z"}
{"level":"info","message":"⌛ Building environment","timeElapsed":115,"timestamp":"2025-12-13T00:30:00.588Z"}
{"level":"info","message":"⌛ Building environment","timeElapsed":156,"timestamp":"2025-12-13T00:30:00.743Z"}
{"level":"info","message":"⌛ Validating parciales/amongUs/tareas.wlk","timeElapsed":165,"timestamp":"2025-12-13T00:30:00.929Z"}
{"level":"info","message":"⌛ Building environment","timeElapsed":147,"timestamp":"2025-12-13T00:30:01.102Z"}
{"level":"info","message":"⌛ Validating parciales/amongUs/tareas.wlk","timeElapsed":134,"timestamp":"2025-12-13T00:30:01.237Z"}
{"level":"info","message":"⌛ Validating parciales/amongUs/tareas.wlk","timeElapsed":329,"timestamp":"2025-12-13T00:30:01.616Z"}
{"level":"info","message":"⌛ Validating parciales/amongUs/tareas.wlk","timeElapsed":157,"timestamp":"2025-12-13T00:30:01.779Z"}
{"level":"error","message":"✘ Completions for node Parameter ([4:24, 4:25] - parciales/amongUs/tareas.wlk) failed: Error: [Parameter]{f103e8} at parciales/amongUs/tareas.wlk:4 exhausted all cases without a match [Parameter]{f103e8} at parciales/amongUs/tareas.wlk:4 exhausted all cases without a match","stack":"Error: [Parameter]{f103e8} at parciales/amongUs/tareas.wlk:4 exhausted all cases without a match\n    at c:\\Users\\egoytendia\\.vscode\\extensions\\uqbar.wollok-lsp-ide-0.5.3\\out\\server\\src\\server.js:38:6142\n    at D2 (c:\\Users\\egoytendia\\.vscode\\extensions\\uqbar.wollok-lsp-ide-0.5.3\\out\\server\\src\\server.js:2384:42)\n    at c:\\Users\\egoytendia\\.vscode\\extensions\\uqbar.wollok-lsp-ide-0.5.3\\out\\server\\src\\server.js:2384:2988\n    at c:\\Users\\egoytendia\\.vscode\\extensions\\uqbar.wollok-lsp-ide-0.5.3\\out\\server\\src\\server.js:2393:8440\n    at c:\\Users\\egoytendia\\.vscode\\extensions\\uqbar.wollok-lsp-ide-0.5.3\\out\\server\\src\\server.js:37:74872\n    at Ye (c:\\Users\\egoytendia\\.vscode\\extensions\\uqbar.wollok-lsp-ide-0.5.3\\out\\server\\src\\server.js:7:8527)\n    at qt (c:\\Users\\egoytendia\\.vscode\\extensions\\uqbar.wollok-lsp-ide-0.5.3\\out\\server\\src\\server.js:7:6189)\n    at ot (c:\\Users\\egoytendia\\.vscode\\extensions\\uqbar.wollok-lsp-ide-0.5.3\\out\\server\\src\\server.js:7:6378)\n    at Immediate._onImmediate (c:\\Users\\egoytendia\\.vscode\\extensions\\uqbar.wollok-lsp-ide-0.5.3\\out\\server\\src\\server.js:7:6142)\n    at process.processImmediate (node:internal/timers:485:21)","timestamp":"2025-12-13T00:30:05.368Z"}
{"level":"info","message":"⌛ Validating parciales/amongUs/tareas.wlk","timeElapsed":122,"timestamp":"2025-12-13T00:30:05.499Z"}
{"level":"info","message":"⌛ Building environment","timeElapsed":143,"timestamp":"2025-12-13T00:30:05.643Z"}
{"level":"info","message":"⌛ Building environment","timeElapsed":115,"timestamp":"2025-12-13T00:30:05.759Z"}
{"level":"error","message":"✘ Completions for node Parameter ([4:24, 4:27] - parciales/amongUs/tareas.wlk) failed: Error: [Parameter]{6527a2} at parciales/amongUs/tareas.wlk:4 exhausted all cases without a match [Parameter]{6527a2} at parciales/amongUs/tareas.wlk:4 exhausted all cases without a match","stack":"Error: [Parameter]{6527a2} at parciales/amongUs/tareas.wlk:4 exhausted all cases without a match\n    at c:\\Users\\egoytendia\\.vscode\\extensions\\uqbar.wollok-lsp-ide-0.5.3\\out\\server\\src\\server.js:38:6142\n    at D2 (c:\\Users\\egoytendia\\.vscode\\extensions\\uqbar.wollok-lsp-ide-0.5.3\\out\\server\\src\\server.js:2384:42)\n    at c:\\Users\\egoytendia\\.vscode\\extensions\\uqbar.wollok-lsp-ide-0.5.3\\out\\server\\src\\server.js:2384:2988\n    at c:\\Users\\egoytendia\\.vscode\\extensions\\uqbar.wollok-lsp-ide-0.5.3\\out\\server\\src\\server.js:2393:8440\n    at c:\\Users\\egoytendia\\.vscode\\extensions\\uqbar.wollok-lsp-ide-0.5.3\\out\\server\\src\\server.js:37:74872\n    at Ye (c:\\Users\\egoytendia\\.vscode\\extensions\\uqbar.wollok-lsp-ide-0.5.3\\out\\server\\src\\server.js:7:8527)\n    at qt (c:\\Users\\egoytendia\\.vscode\\extensions\\uqbar.wollok-lsp-ide-0.5.3\\out\\server\\src\\server.js:7:6189)\n    at ot (c:\\Users\\egoytendia\\.vscode\\extensions\\uqbar.wollok-lsp-ide-0.5.3\\out\\server\\src\\server.js:7:6378)\n    at Immediate._onImmediate (c:\\Users\\egoytendia\\.vscode\\extensions\\uqbar.wollok-lsp-ide-0.5.3\\out\\server\\src\\server.js:7:6142)\n    at process.processImmediate (node:internal/timers:485:21)","timestamp":"2025-12-13T00:30:05.794Z"}
{"level":"info","message":"⌛ Validating parciales/amongUs/tareas.wlk","timeElapsed":130,"timestamp":"2025-12-13T00:30:05.928Z"}
{"level":"info","message":"⌛ Building environment","timeElapsed":125,"timestamp":"2025-12-13T00:30:06.135Z"}
{"level":"info","message":"⌛ Validating parciales/amongUs/tareas.wlk","timeElapsed":121,"timestamp":"2025-12-13T00:30:06.257Z"}
{"level":"info","message":"⌛ Building environment","timeElapsed":115,"timestamp":"2025-12-13T00:30:06.373Z"}
{"level":"error","message":"✘ Completions for node Parameter ([4:24, 4:30] - parciales/amongUs/tareas.wlk) failed: Error: [Parameter]{38c4ad} at parciales/amongUs/tareas.wlk:4 exhausted all cases without a match [Parameter]{38c4ad} at parciales/amongUs/tareas.wlk:4 exhausted all cases without a match","stack":"Error: [Parameter]{38c4ad} at parciales/amongUs/tareas.wlk:4 exhausted all cases without a match\n    at c:\\Users\\egoytendia\\.vscode\\extensions\\uqbar.wollok-lsp-ide-0.5.3\\out\\server\\src\\server.js:38:6142\n    at D2 (c:\\Users\\egoytendia\\.vscode\\extensions\\uqbar.wollok-lsp-ide-0.5.3\\out\\server\\src\\server.js:2384:42)\n    at c:\\Users\\egoytendia\\.vscode\\extensions\\uqbar.wollok-lsp-ide-0.5.3\\out\\server\\src\\server.js:2384:2988\n    at c:\\Users\\egoytendia\\.vscode\\extensions\\uqbar.wollok-lsp-ide-0.5.3\\out\\server\\src\\server.js:2393:8440\n    at c:\\Users\\egoytendia\\.vscode\\extensions\\uqbar.wollok-lsp-ide-0.5.3\\out\\server\\src\\server.js:37:74872\n    at Ye (c:\\Users\\egoytendia\\.vscode\\extensions\\uqbar.wollok-lsp-ide-0.5.3\\out\\server\\src\\server.js:7:8527)\n    at qt (c:\\Users\\egoytendia\\.vscode\\extensions\\uqbar.wollok-lsp-ide-0.5.3\\out\\server\\src\\server.js:7:6189)\n    at ot (c:\\Users\\egoytendia\\.vscode\\extensions\\uqbar.wollok-lsp-ide-0.5.3\\out\\server\\src\\server.js:7:6378)\n    at Immediate._onImmediate (c:\\Users\\egoytendia\\.vscode\\extensions\\uqbar.wollok-lsp-ide-0.5.3\\out\\server\\src\\server.js:7:6142)\n    at process.processImmediate (node:internal/timers:485:21)","timestamp":"2025-12-13T00:30:06.404Z"}
{"level":"info","message":"⌛ Validating parciales/amongUs/tareas.wlk","timeElapsed":113,"timestamp":"2025-12-13T00:30:06.628Z"}
{"level":"info","message":"⌛ Validating parciales/amongUs/tareas.wlk","timeElapsed":123,"timestamp":"2025-12-13T00:30:06.752Z"}
{"level":"info","message":"⌛ Validating parciales/amongUs/tareas.wlk","timeElapsed":114,"timestamp":"2025-12-13T00:30:06.969Z"}
{"level":"info","message":"⌛ Validating parciales/amongUs/jugadores.wlk","timeElapsed":104,"timestamp":"2025-12-13T00:30:24.794Z"}
{"level":"info","message":"⌛ Validating parciales/amongUs/jugadores.wlk","timeElapsed":126,"timestamp":"2025-12-13T00:30:25.191Z"}
{"level":"info","message":"⌛ Building environment","timeElapsed":101,"timestamp":"2025-12-13T00:30:26.346Z"}
{"level":"info","message":"⌛ Validating parciales/amongUs/jugadores.wlk","timeElapsed":113,"timestamp":"2025-12-13T00:30:26.575Z"}
{"level":"info","message":"⌛ Validating parciales/amongUs/jugadores.wlk","timeElapsed":104,"timestamp":"2025-12-13T00:30:26.680Z"}
{"level":"info","message":"⌛ Validating parciales/amongUs/jugadores.wlk","timeElapsed":122,"timestamp":"2025-12-13T00:30:26.907Z"}
{"level":"info","message":"⌛ Validating parciales/amongUs/jugadores.wlk","timeElapsed":111,"timestamp":"2025-12-13T00:30:27.097Z"}
{"level":"info","message":"⌛ Validating parciales/amongUs/jugadores.wlk","timeElapsed":132,"timestamp":"2025-12-13T00:30:28.656Z"}
{"level":"info","message":"⌛ Validating parciales/amongUs/jugadores.wlk","timeElapsed":114,"timestamp":"2025-12-13T00:30:28.961Z"}
{"level":"info","message":"⌛ Building environment","timeElapsed":109,"timestamp":"2025-12-13T00:30:31.271Z"}
{"level":"info","message":"⌛ Building environment","timeElapsed":118,"timestamp":"2025-12-13T00:30:31.390Z"}
{"level":"info","message":"⌛ Validating parciales/amongUs/jugadores.wlk","timeElapsed":111,"timestamp":"2025-12-13T00:30:31.559Z"}
{"level":"info","message":"⌛ Validating parciales/amongUs/jugadores.wlk","timeElapsed":109,"timestamp":"2025-12-13T00:30:31.840Z"}
{"level":"info","message":"⌛ Building environment","timeElapsed":113,"timestamp":"2025-12-13T00:30:31.954Z"}
{"level":"info","message":"⌛ Validating parciales/amongUs/jugadores.wlk","timeElapsed":113,"timestamp":"2025-12-13T00:30:32.099Z"}
{"level":"info","message":"⌛ Validating parciales/amongUs/jugadores.wlk","timeElapsed":104,"timestamp":"2025-12-13T00:30:32.203Z"}
{"level":"info","message":"⌛ Validating parciales/amongUs/jugadores.wlk","timeElapsed":150,"timestamp":"2025-12-13T00:30:32.355Z"}
{"level":"info","message":"⌛ Validating parciales/amongUs/jugadores.wlk","timeElapsed":106,"timestamp":"2025-12-13T00:30:33.076Z"}
{"level":"info","message":"⌛ Validating parciales/amongUs/jugadores.wlk","timeElapsed":107,"timestamp":"2025-12-13T00:30:33.474Z"}
{"level":"info","message":"⌛ Validating parciales/amongUs/jugadores.wlk","timeElapsed":106,"timestamp":"2025-12-13T00:30:33.738Z"}
{"level":"info","message":"⌛ Validating parciales/amongUs/jugadores.wlk","timeElapsed":122,"timestamp":"2025-12-13T00:30:33.932Z"}
{"level":"info","message":"⌛ Validating parciales/amongUs/jugadores.wlk","timeElapsed":105,"timestamp":"2025-12-13T00:30:34.191Z"}
{"level":"info","message":"⌛ Building environment","timeElapsed":149,"timestamp":"2025-12-13T00:30:39.986Z"}
{"level":"info","message":"⌛ Validating parciales/amongUs/jugadores.wlk","timeElapsed":131,"timestamp":"2025-12-13T00:30:40.118Z"}
{"level":"info","message":"⌛ Validating parciales/amongUs/jugadores.wlk","timeElapsed":125,"timestamp":"2025-12-13T00:30:40.477Z"}
{"level":"info","message":"⌛ Validating parciales/amongUs/jugadores.wlk","timeElapsed":124,"timestamp":"2025-12-13T00:30:40.683Z"}
{"level":"info","message":"⌛ Building environment","timeElapsed":135,"timestamp":"2025-12-13T00:30:40.819Z"}
{"level":"info","message":"⌛ Validating parciales/amongUs/jugadores.wlk","timeElapsed":122,"timestamp":"2025-12-13T00:30:40.942Z"}
{"level":"info","message":"⌛ Validating parciales/amongUs/jugadores.wlk","timeElapsed":108,"timestamp":"2025-12-13T00:30:44.145Z"}
{"level":"info","message":"⌛ Validating parciales/amongUs/jugadores.wlk","timeElapsed":105,"timestamp":"2025-12-13T00:30:44.623Z"}
{"level":"info","message":"⌛ Validating parciales/amongUs/jugadores.wlk","timeElapsed":110,"timestamp":"2025-12-13T00:30:45.377Z"}
{"level":"info","message":"⌛ Validating parciales/amongUs/jugadores.wlk","timeElapsed":109,"timestamp":"2025-12-13T00:30:45.600Z"}
{"level":"info","message":"⌛ Building environment","timeElapsed":101,"timestamp":"2025-12-13T00:30:45.958Z"}
{"level":"info","message":"⌛ Validating parciales/amongUs/jugadores.wlk","timeElapsed":113,"timestamp":"2025-12-13T00:30:46.078Z"}
{"level":"info","message":"⌛ Validating parciales/amongUs/jugadores.wlk","timeElapsed":115,"timestamp":"2025-12-13T00:30:46.465Z"}
{"level":"info","message":"⌛ Validating parciales/amongUs/jugadores.wlk","timeElapsed":105,"timestamp":"2025-12-13T00:30:46.810Z"}
{"level":"info","message":"⌛ Validating parciales/amongUs/jugadores.wlk","timeElapsed":107,"timestamp":"2025-12-13T00:30:47.149Z"}
{"level":"info","message":"⌛ Building environment","timeElapsed":103,"timestamp":"2025-12-13T00:30:47.648Z"}
{"level":"info","message":"⌛ Validating parciales/amongUs/jugadores.wlk","timeElapsed":113,"timestamp":"2025-12-13T00:30:47.765Z"}
{"level":"info","message":"⌛ Validating parciales/amongUs/jugadores.wlk","timeElapsed":105,"timestamp":"2025-12-13T00:30:48.145Z"}
{"level":"info","message":"⌛ Validating parciales/amongUs/jugadores.wlk","timeElapsed":120,"timestamp":"2025-12-13T00:30:48.370Z"}
{"level":"info","message":"⌛ Validating parciales/amongUs/jugadores.wlk","timeElapsed":105,"timestamp":"2025-12-13T00:30:48.553Z"}
{"level":"info","message":"⌛ Validating parciales/amongUs/jugadores.wlk","timeElapsed":153,"timestamp":"2025-12-13T00:30:50.501Z"}
{"level":"info","message":"⌛ Validating parciales/amongUs/jugadores.wlk","timeElapsed":126,"timestamp":"2025-12-13T00:30:50.709Z"}
{"level":"info","message":"⌛ Building environment","timeElapsed":116,"timestamp":"2025-12-13T00:30:50.856Z"}
{"level":"info","message":"⌛ Validating parciales/amongUs/jugadores.wlk","timeElapsed":130,"timestamp":"2025-12-13T00:30:50.995Z"}
{"level":"info","message":"⌛ Validating parciales/amongUs/jugadores.wlk","timeElapsed":112,"timestamp":"2025-12-13T00:30:54.135Z"}
{"level":"info","message":"⌛ Validating parciales/amongUs/jugadores.wlk","timeElapsed":112,"timestamp":"2025-12-13T00:30:54.344Z"}
{"level":"info","message":"⌛ Building environment","timeElapsed":101,"timestamp":"2025-12-13T00:30:54.830Z"}
{"level":"info","message":"⌛ Validating parciales/amongUs/jugadores.wlk","timeElapsed":115,"timestamp":"2025-12-13T00:30:54.946Z"}
{"level":"info","message":"⌛ Validating parciales/amongUs/jugadores.wlk","timeElapsed":125,"timestamp":"2025-12-13T00:30:56.518Z"}
{"level":"info","message":"⌛ Building environment","timeElapsed":119,"timestamp":"2025-12-13T00:30:56.638Z"}
{"level":"info","message":"⌛ Validating parciales/amongUs/jugadores.wlk","timeElapsed":118,"timestamp":"2025-12-13T00:30:56.757Z"}
{"level":"info","message":"⌛ Validating parciales/amongUs/jugadores.wlk","timeElapsed":111,"timestamp":"2025-12-13T00:30:56.965Z"}
{"level":"info","message":"⌛ Building environment","timeElapsed":106,"timestamp":"2025-12-13T00:30:57.156Z"}
{"level":"info","message":"⌛ Validating parciales/amongUs/jugadores.wlk","timeElapsed":123,"timestamp":"2025-12-13T00:30:57.279Z"}
{"level":"info","message":"⌛ Validating parciales/amongUs/jugadores.wlk","timeElapsed":118,"timestamp":"2025-12-13T00:30:57.472Z"}
{"level":"info","message":"⌛ Validating parciales/amongUs/jugadores.wlk","timeElapsed":113,"timestamp":"2025-12-13T00:30:57.739Z"}
{"level":"info","message":"⌛ Building environment","timeElapsed":115,"timestamp":"2025-12-13T00:30:57.856Z"}
{"level":"info","message":"⌛ Validating parciales/amongUs/jugadores.wlk","timeElapsed":112,"timestamp":"2025-12-13T00:30:58.060Z"}
{"level":"info","message":"⌛ Validating parciales/amongUs/jugadores.wlk","timeElapsed":104,"timestamp":"2025-12-13T00:30:58.240Z"}
{"level":"info","message":"⌛ Validating parciales/amongUs/jugadores.wlk","timeElapsed":144,"timestamp":"2025-12-13T00:30:58.613Z"}
{"level":"info","message":"⌛ Validating parciales/amongUs/jugadores.wlk","timeElapsed":110,"timestamp":"2025-12-13T00:30:58.820Z"}
{"level":"info","message":"⌛ Validating parciales/amongUs/jugadores.wlk","timeElapsed":103,"timestamp":"2025-12-13T00:30:58.923Z"}
{"level":"info","message":"⌛ Validating parciales/amongUs/jugadores.wlk","timeElapsed":125,"timestamp":"2025-12-13T00:30:59.053Z"}
{"level":"info","message":"⌛ Validating parciales/amongUs/jugadores.wlk","timeElapsed":102,"timestamp":"2025-12-13T00:30:59.256Z"}
{"level":"info","message":"⌛ Building environment","timeElapsed":108,"timestamp":"2025-12-13T00:31:03.324Z"}
{"level":"error","message":"✘ Completions for node Parameter ([19:24, 19:25] - parciales/amongUs/jugadores.wlk) failed: Error: [Parameter]{31058a} at parciales/amongUs/jugadores.wlk:19 exhausted all cases without a match [Parameter]{31058a} at parciales/amongUs/jugadores.wlk:19 exhausted all cases without a match","stack":"Error: [Parameter]{31058a} at parciales/amongUs/jugadores.wlk:19 exhausted all cases without a match\n    at c:\\Users\\egoytendia\\.vscode\\extensions\\uqbar.wollok-lsp-ide-0.5.3\\out\\server\\src\\server.js:38:6142\n    at D2 (c:\\Users\\egoytendia\\.vscode\\extensions\\uqbar.wollok-lsp-ide-0.5.3\\out\\server\\src\\server.js:2384:42)\n    at c:\\Users\\egoytendia\\.vscode\\extensions\\uqbar.wollok-lsp-ide-0.5.3\\out\\server\\src\\server.js:2384:2988\n    at c:\\Users\\egoytendia\\.vscode\\extensions\\uqbar.wollok-lsp-ide-0.5.3\\out\\server\\src\\server.js:2393:8440\n    at c:\\Users\\egoytendia\\.vscode\\extensions\\uqbar.wollok-lsp-ide-0.5.3\\out\\server\\src\\server.js:37:74872\n    at Ye (c:\\Users\\egoytendia\\.vscode\\extensions\\uqbar.wollok-lsp-ide-0.5.3\\out\\server\\src\\server.js:7:8527)\n    at qt (c:\\Users\\egoytendia\\.vscode\\extensions\\uqbar.wollok-lsp-ide-0.5.3\\out\\server\\src\\server.js:7:6189)\n    at ot (c:\\Users\\egoytendia\\.vscode\\extensions\\uqbar.wollok-lsp-ide-0.5.3\\out\\server\\src\\server.js:7:6378)\n    at Immediate._onImmediate (c:\\Users\\egoytendia\\.vscode\\extensions\\uqbar.wollok-lsp-ide-0.5.3\\out\\server\\src\\server.js:7:6142)\n    at process.processImmediate (node:internal/timers:485:21)","timestamp":"2025-12-13T00:31:03.356Z"}
{"level":"info","message":"⌛ Validating parciales/amongUs/jugadores.wlk","timeElapsed":178,"timestamp":"2025-12-13T00:31:03.637Z"}
{"level":"error","message":"✘ Completions for node Parameter ([19:24, 19:27] - parciales/amongUs/jugadores.wlk) failed: Error: [Parameter]{c0c2ef} at parciales/amongUs/jugadores.wlk:19 exhausted all cases without a match [Parameter]{c0c2ef} at parciales/amongUs/jugadores.wlk:19 exhausted all cases without a match","stack":"Error: [Parameter]{c0c2ef} at parciales/amongUs/jugadores.wlk:19 exhausted all cases without a match\n    at c:\\Users\\egoytendia\\.vscode\\extensions\\uqbar.wollok-lsp-ide-0.5.3\\out\\server\\src\\server.js:38:6142\n    at D2 (c:\\Users\\egoytendia\\.vscode\\extensions\\uqbar.wollok-lsp-ide-0.5.3\\out\\server\\src\\server.js:2384:42)\n    at c:\\Users\\egoytendia\\.vscode\\extensions\\uqbar.wollok-lsp-ide-0.5.3\\out\\server\\src\\server.js:2384:2988\n    at c:\\Users\\egoytendia\\.vscode\\extensions\\uqbar.wollok-lsp-ide-0.5.3\\out\\server\\src\\server.js:2393:8440\n    at c:\\Users\\egoytendia\\.vscode\\extensions\\uqbar.wollok-lsp-ide-0.5.3\\out\\server\\src\\server.js:37:74872\n    at Ye (c:\\Users\\egoytendia\\.vscode\\extensions\\uqbar.wollok-lsp-ide-0.5.3\\out\\server\\src\\server.js:7:8527)\n    at qt (c:\\Users\\egoytendia\\.vscode\\extensions\\uqbar.wollok-lsp-ide-0.5.3\\out\\server\\src\\server.js:7:6189)\n    at ot (c:\\Users\\egoytendia\\.vscode\\extensions\\uqbar.wollok-lsp-ide-0.5.3\\out\\server\\src\\server.js:7:6378)\n    at Immediate._onImmediate (c:\\Users\\egoytendia\\.vscode\\extensions\\uqbar.wollok-lsp-ide-0.5.3\\out\\server\\src\\server.js:7:6142)\n    at process.processImmediate (node:internal/timers:485:21)","timestamp":"2025-12-13T00:31:03.744Z"}
{"level":"info","message":"⌛ Validating parciales/amongUs/jugadores.wlk","timeElapsed":101,"timestamp":"2025-12-13T00:31:03.850Z"}
{"level":"info","message":"⌛ Validating parciales/amongUs/jugadores.wlk","timeElapsed":101,"timestamp":"2025-12-13T00:31:04.193Z"}
{"level":"info","message":"⌛ Building environment","timeElapsed":125,"timestamp":"2025-12-13T00:31:07.634Z"}
{"level":"info","message":"⌛ Validating parciales/amongUs/jugadores.wlk","timeElapsed":103,"timestamp":"2025-12-13T00:31:07.738Z"}
{"level":"info","message":"⌛ Building environment","timeElapsed":133,"timestamp":"2025-12-13T00:31:29.853Z"}
{"level":"info","message":"⌛ Validating parciales/amongUs/tareas.wlk","timeElapsed":139,"timestamp":"2025-12-13T00:31:29.995Z"}
{"level":"info","message":"⌛ Building environment","timeElapsed":115,"timestamp":"2025-12-13T00:31:30.111Z"}
{"level":"info","message":"⌛ Validating parciales/amongUs/tareas.wlk","timeElapsed":131,"timestamp":"2025-12-13T00:31:30.242Z"}
{"level":"info","message":"⌛ Validating parciales/amongUs/tareas.wlk","timeElapsed":115,"timestamp":"2025-12-13T00:31:32.621Z"}
{"level":"info","message":"⌛ Validating parciales/amongUs/tareas.wlk","timeElapsed":115,"timestamp":"2025-12-13T00:31:32.990Z"}
{"level":"info","message":"⌛ Validating parciales/amongUs/tareas.wlk","timeElapsed":105,"timestamp":"2025-12-13T00:31:33.094Z"}
{"level":"info","message":"⌛ Validating parciales/amongUs/tareas.wlk","timeElapsed":119,"timestamp":"2025-12-13T00:31:33.397Z"}
{"level":"info","message":"⌛ Validating parciales/amongUs/tareas.wlk","timeElapsed":108,"timestamp":"2025-12-13T00:31:41.570Z"}
{"level":"info","message":"⌛ Validating parciales/amongUs/tareas.wlk","timeElapsed":104,"timestamp":"2025-12-13T00:31:41.772Z"}
{"level":"info","message":"⌛ Validating parciales/amongUs/tareas.wlk","timeElapsed":109,"timestamp":"2025-12-13T00:31:42.065Z"}
{"level":"info","message":"⌛ Validating parciales/amongUs/tareas.wlk","timeElapsed":105,"timestamp":"2025-12-13T00:31:42.532Z"}
{"level":"info","message":"⌛ Building environment","timeElapsed":101,"timestamp":"2025-12-13T00:31:44.598Z"}
{"level":"info","message":"⌛ Validating parciales/amongUs/tareas.wlk","timeElapsed":115,"timestamp":"2025-12-13T00:31:44.813Z"}
{"level":"info","message":"⌛ Validating parciales/amongUs/tareas.wlk","timeElapsed":105,"timestamp":"2025-12-13T00:31:45.090Z"}
{"level":"error","message":"✘ Failed to rebuild document Failed to parse parciales/amongUs/tareas.wlk: \n-- PARSING FAILED --------------------------------------------------\n\n   7 | }\n   8 | \n>  9 | class  {\n     |        ^\n  10 |   \n  11 | }\n\nExpected one of the following: \n\nidentifier, whitespace\n","stack":"Error: Failed to parse parciales/amongUs/tareas.wlk: \n-- PARSING FAILED --------------------------------------------------\n\n   7 | }\n   8 | \n>  9 | class  {\n     |        ^\n  10 |   \n  11 | }\n\nExpected one of the following: \n\nidentifier, whitespace\n\n    at c:\\Users\\egoytendia\\.vscode\\extensions\\uqbar.wollok-lsp-ide-0.5.3\\out\\server\\src\\server.js:2348:13026\n    at Array.map (<anonymous>)\n    at W1n (c:\\Users\\egoytendia\\.vscode\\extensions\\uqbar.wollok-lsp-ide-0.5.3\\out\\server\\src\\server.js:2348:12950)\n    at U2.buildEnvironmentFrom (c:\\Users\\egoytendia\\.vscode\\extensions\\uqbar.wollok-lsp-ide-0.5.3\\out\\server\\src\\server.js:2393:5254)\n    at U2.updateEnvironmentWith (c:\\Users\\egoytendia\\.vscode\\extensions\\uqbar.wollok-lsp-ide-0.5.3\\out\\server\\src\\server.js:2393:4989)\n    at JF (c:\\Users\\egoytendia\\.vscode\\extensions\\uqbar.wollok-lsp-ide-0.5.3\\out\\server\\src\\server.js:2393:7383)\n    at F3.invoke (c:\\Users\\egoytendia\\.vscode\\extensions\\uqbar.wollok-lsp-ide-0.5.3\\out\\server\\src\\server.js:3:157334)\n    at o.fire (c:\\Users\\egoytendia\\.vscode\\extensions\\uqbar.wollok-lsp-ide-0.5.3\\out\\server\\src\\server.js:3:158104)\n    at c:\\Users\\egoytendia\\.vscode\\extensions\\uqbar.wollok-lsp-ide-0.5.3\\out\\server\\src\\server.js:37:57871\n    at Zr (c:\\Users\\egoytendia\\.vscode\\extensions\\uqbar.wollok-lsp-ide-0.5.3\\out\\server\\src\\server.js:8:1561)","timestamp":"2025-12-13T00:31:45.172Z"}
{"level":"info","message":"⌛ Validating parciales/amongUs/tareas.wlk","timeElapsed":104,"timestamp":"2025-12-13T00:31:45.276Z"}
{"level":"info","message":"⌛ Validating parciales/amongUs/tareas.wlk","timeElapsed":101,"timestamp":"2025-12-13T00:31:45.572Z"}
{"level":"info","message":"⌛ Building environment","timeElapsed":200,"timestamp":"2025-12-13T00:31:45.792Z"}
{"level":"info","message":"⌛ Validating parciales/amongUs/tareas.wlk","timeElapsed":106,"timestamp":"2025-12-13T00:31:45.997Z"}
{"level":"info","message":"⌛ Validating parciales/amongUs/tareas.wlk","timeElapsed":104,"timestamp":"2025-12-13T00:31:46.173Z"}
{"level":"info","message":"⌛ Validating parciales/amongUs/tareas.wlk","timeElapsed":129,"timestamp":"2025-12-13T00:31:46.535Z"}
{"level":"info","message":"⌛ Validating parciales/amongUs/tareas.wlk","timeElapsed":105,"timestamp":"2025-12-13T00:31:46.718Z"}
{"level":"info","message":"⌛ Validating parciales/amongUs/tareas.wlk","timeElapsed":101,"timestamp":"2025-12-13T00:31:46.823Z"}
{"level":"info","message":"⌛ Validating parciales/amongUs/tareas.wlk","timeElapsed":109,"timestamp":"2025-12-13T00:31:47.125Z"}
{"level":"info","message":"⌛ Validating parciales/amongUs/tareas.wlk","timeElapsed":109,"timestamp":"2025-12-13T00:31:47.331Z"}
{"level":"info","message":"⌛ Validating parciales/amongUs/tareas.wlk","timeElapsed":109,"timestamp":"2025-12-13T00:31:47.536Z"}
{"level":"info","message":"⌛ Validating parciales/amongUs/tareas.wlk","timeElapsed":101,"timestamp":"2025-12-13T00:31:47.751Z"}
{"level":"info","message":"⌛ Validating parciales/amongUs/tareas.wlk","timeElapsed":121,"timestamp":"2025-12-13T00:31:48.188Z"}
{"level":"info","message":"⌛ Validating parciales/amongUs/tareas.wlk","timeElapsed":102,"timestamp":"2025-12-13T00:31:48.632Z"}
{"level":"info","message":"⌛ Validating parciales/amongUs/tareas.wlk","timeElapsed":106,"timestamp":"2025-12-13T00:31:48.743Z"}
{"level":"info","message":"⌛ Validating parciales/amongUs/tareas.wlk","timeElapsed":108,"timestamp":"2025-12-13T00:31:48.924Z"}
{"level":"error","message":"✘ Failed to rebuild document Failed to parse parciales/amongUs/tareas.wlk: \n-- PARSING FAILED --------------------------------------------------\n\n   7 | }\n   8 | \n>  9 | class TableroElectrico i {\n     |                        ^\n  10 |   \n  11 | }\n\nExpected one of the following: \n\n'inherits', '{', whitespace\n","stack":"Error: Failed to parse parciales/amongUs/tareas.wlk: \n-- PARSING FAILED --------------------------------------------------\n\n   7 | }\n   8 | \n>  9 | class TableroElectrico i {\n     |                        ^\n  10 |   \n  11 | }\n\nExpected one of the following: \n\n'inherits', '{', whitespace\n\n    at c:\\Users\\egoytendia\\.vscode\\extensions\\uqbar.wollok-lsp-ide-0.5.3\\out\\server\\src\\server.js:2348:13026\n    at Array.map (<anonymous>)\n    at W1n (c:\\Users\\egoytendia\\.vscode\\extensions\\uqbar.wollok-lsp-ide-0.5.3\\out\\server\\src\\server.js:2348:12950)\n    at U2.buildEnvironmentFrom (c:\\Users\\egoytendia\\.vscode\\extensions\\uqbar.wollok-lsp-ide-0.5.3\\out\\server\\src\\server.js:2393:5254)\n    at U2.updateEnvironmentWith (c:\\Users\\egoytendia\\.vscode\\extensions\\uqbar.wollok-lsp-ide-0.5.3\\out\\server\\src\\server.js:2393:4989)\n    at JF (c:\\Users\\egoytendia\\.vscode\\extensions\\uqbar.wollok-lsp-ide-0.5.3\\out\\server\\src\\server.js:2393:7383)\n    at F3.invoke (c:\\Users\\egoytendia\\.vscode\\extensions\\uqbar.wollok-lsp-ide-0.5.3\\out\\server\\src\\server.js:3:157334)\n    at o.fire (c:\\Users\\egoytendia\\.vscode\\extensions\\uqbar.wollok-lsp-ide-0.5.3\\out\\server\\src\\server.js:3:158104)\n    at c:\\Users\\egoytendia\\.vscode\\extensions\\uqbar.wollok-lsp-ide-0.5.3\\out\\server\\src\\server.js:37:57871\n    at Zr (c:\\Users\\egoytendia\\.vscode\\extensions\\uqbar.wollok-lsp-ide-0.5.3\\out\\server\\src\\server.js:8:1561)","timestamp":"2025-12-13T00:31:48.932Z"}
{"level":"error","message":"✘ Failed to rebuild document Failed to parse parciales/amongUs/tareas.wlk: \n-- PARSING FAILED --------------------------------------------------\n\n   7 | }\n   8 | \n>  9 | class TableroElectrico in {\n     |                        ^\n  10 |   \n  11 | }\n\nExpected one of the following: \n\n'inherits', '{', whitespace\n","stack":"Error: Failed to parse parciales/amongUs/tareas.wlk: \n-- PARSING FAILED --------------------------------------------------\n\n   7 | }\n   8 | \n>  9 | class TableroElectrico in {\n     |                        ^\n  10 |   \n  11 | }\n\nExpected one of the following: \n\n'inherits', '{', whitespace\n\n    at c:\\Users\\egoytendia\\.vscode\\extensions\\uqbar.wollok-lsp-ide-0.5.3\\out\\server\\src\\server.js:2348:13026\n    at Array.map (<anonymous>)\n    at W1n (c:\\Users\\egoytendia\\.vscode\\extensions\\uqbar.wollok-lsp-ide-0.5.3\\out\\server\\src\\server.js:2348:12950)\n    at U2.buildEnvironmentFrom (c:\\Users\\egoytendia\\.vscode\\extensions\\uqbar.wollok-lsp-ide-0.5.3\\out\\server\\src\\server.js:2393:5254)\n    at U2.updateEnvironmentWith (c:\\Users\\egoytendia\\.vscode\\extensions\\uqbar.wollok-lsp-ide-0.5.3\\out\\server\\src\\server.js:2393:4989)\n    at JF (c:\\Users\\egoytendia\\.vscode\\extensions\\uqbar.wollok-lsp-ide-0.5.3\\out\\server\\src\\server.js:2393:7383)\n    at F3.invoke (c:\\Users\\egoytendia\\.vscode\\extensions\\uqbar.wollok-lsp-ide-0.5.3\\out\\server\\src\\server.js:3:157334)\n    at o.fire (c:\\Users\\egoytendia\\.vscode\\extensions\\uqbar.wollok-lsp-ide-0.5.3\\out\\server\\src\\server.js:3:158104)\n    at c:\\Users\\egoytendia\\.vscode\\extensions\\uqbar.wollok-lsp-ide-0.5.3\\out\\server\\src\\server.js:37:57871\n    at Zr (c:\\Users\\egoytendia\\.vscode\\extensions\\uqbar.wollok-lsp-ide-0.5.3\\out\\server\\src\\server.js:8:1561)","timestamp":"2025-12-13T00:31:48.968Z"}
{"level":"info","message":"⌛ Validating parciales/amongUs/tareas.wlk","timeElapsed":108,"timestamp":"2025-12-13T00:31:49.077Z"}
{"level":"error","message":"✘ Failed to rebuild document Failed to parse parciales/amongUs/tareas.wlk: \n-- PARSING FAILED --------------------------------------------------\n\n   7 | }\n   8 | \n>  9 | class TableroElectrico inh {\n     |                        ^\n  10 |   \n  11 | }\n\nExpected one of the following: \n\n'inherits', '{', whitespace\n","stack":"Error: Failed to parse parciales/amongUs/tareas.wlk: \n-- PARSING FAILED --------------------------------------------------\n\n   7 | }\n   8 | \n>  9 | class TableroElectrico inh {\n     |                        ^\n  10 |   \n  11 | }\n\nExpected one of the following: \n\n'inherits', '{', whitespace\n\n    at c:\\Users\\egoytendia\\.vscode\\extensions\\uqbar.wollok-lsp-ide-0.5.3\\out\\server\\src\\server.js:2348:13026\n    at Array.map (<anonymous>)\n    at W1n (c:\\Users\\egoytendia\\.vscode\\extensions\\uqbar.wollok-lsp-ide-0.5.3\\out\\server\\src\\server.js:2348:12950)\n    at U2.buildEnvironmentFrom (c:\\Users\\egoytendia\\.vscode\\extensions\\uqbar.wollok-lsp-ide-0.5.3\\out\\server\\src\\server.js:2393:5254)\n    at U2.updateEnvironmentWith (c:\\Users\\egoytendia\\.vscode\\extensions\\uqbar.wollok-lsp-ide-0.5.3\\out\\server\\src\\server.js:2393:4989)\n    at JF (c:\\Users\\egoytendia\\.vscode\\extensions\\uqbar.wollok-lsp-ide-0.5.3\\out\\server\\src\\server.js:2393:7383)\n    at F3.invoke (c:\\Users\\egoytendia\\.vscode\\extensions\\uqbar.wollok-lsp-ide-0.5.3\\out\\server\\src\\server.js:3:157334)\n    at o.fire (c:\\Users\\egoytendia\\.vscode\\extensions\\uqbar.wollok-lsp-ide-0.5.3\\out\\server\\src\\server.js:3:158104)\n    at c:\\Users\\egoytendia\\.vscode\\extensions\\uqbar.wollok-lsp-ide-0.5.3\\out\\server\\src\\server.js:37:57871\n    at Zr (c:\\Users\\egoytendia\\.vscode\\extensions\\uqbar.wollok-lsp-ide-0.5.3\\out\\server\\src\\server.js:8:1561)","timestamp":"2025-12-13T00:31:49.078Z"}
{"level":"error","message":"✘ Failed to rebuild document Failed to parse parciales/amongUs/tareas.wlk: \n-- PARSING FAILED --------------------------------------------------\n\n   7 | }\n   8 | \n>  9 | class TableroElectrico inhe {\n     |                        ^\n  10 |   \n  11 | }\n\nExpected one of the following: \n\n'inherits', '{', whitespace\n","stack":"Error: Failed to parse parciales/amongUs/tareas.wlk: \n-- PARSING FAILED --------------------------------------------------\n\n   7 | }\n   8 | \n>  9 | class TableroElectrico inhe {\n     |                        ^\n  10 |   \n  11 | }\n\nExpected one of the following: \n\n'inherits', '{', whitespace\n\n    at c:\\Users\\egoytendia\\.vscode\\extensions\\uqbar.wollok-lsp-ide-0.5.3\\out\\server\\src\\server.js:2348:13026\n    at Array.map (<anonymous>)\n    at W1n (c:\\Users\\egoytendia\\.vscode\\extensions\\uqbar.wollok-lsp-ide-0.5.3\\out\\server\\src\\server.js:2348:12950)\n    at U2.buildEnvironmentFrom (c:\\Users\\egoytendia\\.vscode\\extensions\\uqbar.wollok-lsp-ide-0.5.3\\out\\server\\src\\server.js:2393:5254)\n    at U2.updateEnvironmentWith (c:\\Users\\egoytendia\\.vscode\\extensions\\uqbar.wollok-lsp-ide-0.5.3\\out\\server\\src\\server.js:2393:4989)\n    at JF (c:\\Users\\egoytendia\\.vscode\\extensions\\uqbar.wollok-lsp-ide-0.5.3\\out\\server\\src\\server.js:2393:7383)\n    at F3.invoke (c:\\Users\\egoytendia\\.vscode\\extensions\\uqbar.wollok-lsp-ide-0.5.3\\out\\server\\src\\server.js:3:157334)\n    at o.fire (c:\\Users\\egoytendia\\.vscode\\extensions\\uqbar.wollok-lsp-ide-0.5.3\\out\\server\\src\\server.js:3:158104)\n    at c:\\Users\\egoytendia\\.vscode\\extensions\\uqbar.wollok-lsp-ide-0.5.3\\out\\server\\src\\server.js:37:57871\n    at Zr (c:\\Users\\egoytendia\\.vscode\\extensions\\uqbar.wollok-lsp-ide-0.5.3\\out\\server\\src\\server.js:8:1561)","timestamp":"2025-12-13T00:31:49.079Z"}
{"level":"error","message":"✘ Failed to rebuild document Failed to parse parciales/amongUs/tareas.wlk: \n-- PARSING FAILED --------------------------------------------------\n\n   7 | }\n   8 | \n>  9 | class TableroElectrico inher {\n     |                        ^\n  10 |   \n  11 | }\n\nExpected one of the following: \n\n'inherits', '{', whitespace\n","stack":"Error: Failed to parse parciales/amongUs/tareas.wlk: \n-- PARSING FAILED --------------------------------------------------\n\n   7 | }\n   8 | \n>  9 | class TableroElectrico inher {\n     |                        ^\n  10 |   \n  11 | }\n\nExpected one of the following: \n\n'inherits', '{', whitespace\n\n    at c:\\Users\\egoytendia\\.vscode\\extensions\\uqbar.wollok-lsp-ide-0.5.3\\out\\server\\src\\server.js:2348:13026\n    at Array.map (<anonymous>)\n    at W1n (c:\\Users\\egoytendia\\.vscode\\extensions\\uqbar.wollok-lsp-ide-0.5.3\\out\\server\\src\\server.js:2348:12950)\n    at U2.buildEnvironmentFrom (c:\\Users\\egoytendia\\.vscode\\extensions\\uqbar.wollok-lsp-ide-0.5.3\\out\\server\\src\\server.js:2393:5254)\n    at U2.updateEnvironmentWith (c:\\Users\\egoytendia\\.vscode\\extensions\\uqbar.wollok-lsp-ide-0.5.3\\out\\server\\src\\server.js:2393:4989)\n    at JF (c:\\Users\\egoytendia\\.vscode\\extensions\\uqbar.wollok-lsp-ide-0.5.3\\out\\server\\src\\server.js:2393:7383)\n    at F3.invoke (c:\\Users\\egoytendia\\.vscode\\extensions\\uqbar.wollok-lsp-ide-0.5.3\\out\\server\\src\\server.js:3:157334)\n    at o.fire (c:\\Users\\egoytendia\\.vscode\\extensions\\uqbar.wollok-lsp-ide-0.5.3\\out\\server\\src\\server.js:3:158104)\n    at c:\\Users\\egoytendia\\.vscode\\extensions\\uqbar.wollok-lsp-ide-0.5.3\\out\\server\\src\\server.js:37:57871\n    at Zr (c:\\Users\\egoytendia\\.vscode\\extensions\\uqbar.wollok-lsp-ide-0.5.3\\out\\server\\src\\server.js:8:1561)","timestamp":"2025-12-13T00:31:49.109Z"}
{"level":"error","message":"✘ Failed to rebuild document Failed to parse parciales/amongUs/tareas.wlk: \n-- PARSING FAILED --------------------------------------------------\n\n   7 | }\n   8 | \n>  9 | class TableroElectrico inheri {\n     |                        ^\n  10 |   \n  11 | }\n\nExpected one of the following: \n\n'inherits', '{', whitespace\n","stack":"Error: Failed to parse parciales/amongUs/tareas.wlk: \n-- PARSING FAILED --------------------------------------------------\n\n   7 | }\n   8 | \n>  9 | class TableroElectrico inheri {\n     |                        ^\n  10 |   \n  11 | }\n\nExpected one of the following: \n\n'inherits', '{', whitespace\n\n    at c:\\Users\\egoytendia\\.vscode\\extensions\\uqbar.wollok-lsp-ide-0.5.3\\out\\server\\src\\server.js:2348:13026\n    at Array.map (<anonymous>)\n    at W1n (c:\\Users\\egoytendia\\.vscode\\extensions\\uqbar.wollok-lsp-ide-0.5.3\\out\\server\\src\\server.js:2348:12950)\n    at U2.buildEnvironmentFrom (c:\\Users\\egoytendia\\.vscode\\extensions\\uqbar.wollok-lsp-ide-0.5.3\\out\\server\\src\\server.js:2393:5254)\n    at U2.updateEnvironmentWith (c:\\Users\\egoytendia\\.vscode\\extensions\\uqbar.wollok-lsp-ide-0.5.3\\out\\server\\src\\server.js:2393:4989)\n    at JF (c:\\Users\\egoytendia\\.vscode\\extensions\\uqbar.wollok-lsp-ide-0.5.3\\out\\server\\src\\server.js:2393:7383)\n    at F3.invoke (c:\\Users\\egoytendia\\.vscode\\extensions\\uqbar.wollok-lsp-ide-0.5.3\\out\\server\\src\\server.js:3:157334)\n    at o.fire (c:\\Users\\egoytendia\\.vscode\\extensions\\uqbar.wollok-lsp-ide-0.5.3\\out\\server\\src\\server.js:3:158104)\n    at c:\\Users\\egoytendia\\.vscode\\extensions\\uqbar.wollok-lsp-ide-0.5.3\\out\\server\\src\\server.js:37:57871\n    at Zr (c:\\Users\\egoytendia\\.vscode\\extensions\\uqbar.wollok-lsp-ide-0.5.3\\out\\server\\src\\server.js:8:1561)","timestamp":"2025-12-13T00:31:49.260Z"}
{"level":"error","message":"✘ Failed to rebuild document Failed to parse parciales/amongUs/tareas.wlk: \n-- PARSING FAILED --------------------------------------------------\n\n   7 | }\n   8 | \n>  9 | class TableroElectrico inherit {\n     |                        ^\n  10 |   \n  11 | }\n\nExpected one of the following: \n\n'inherits', '{', whitespace\n","stack":"Error: Failed to parse parciales/amongUs/tareas.wlk: \n-- PARSING FAILED --------------------------------------------------\n\n   7 | }\n   8 | \n>  9 | class TableroElectrico inherit {\n     |                        ^\n  10 |   \n  11 | }\n\nExpected one of the following: \n\n'inherits', '{', whitespace\n\n    at c:\\Users\\egoytendia\\.vscode\\extensions\\uqbar.wollok-lsp-ide-0.5.3\\out\\server\\src\\server.js:2348:13026\n    at Array.map (<anonymous>)\n    at W1n (c:\\Users\\egoytendia\\.vscode\\extensions\\uqbar.wollok-lsp-ide-0.5.3\\out\\server\\src\\server.js:2348:12950)\n    at U2.buildEnvironmentFrom (c:\\Users\\egoytendia\\.vscode\\extensions\\uqbar.wollok-lsp-ide-0.5.3\\out\\server\\src\\server.js:2393:5254)\n    at U2.updateEnvironmentWith (c:\\Users\\egoytendia\\.vscode\\extensions\\uqbar.wollok-lsp-ide-0.5.3\\out\\server\\src\\server.js:2393:4989)\n    at JF (c:\\Users\\egoytendia\\.vscode\\extensions\\uqbar.wollok-lsp-ide-0.5.3\\out\\server\\src\\server.js:2393:7383)\n    at F3.invoke (c:\\Users\\egoytendia\\.vscode\\extensions\\uqbar.wollok-lsp-ide-0.5.3\\out\\server\\src\\server.js:3:157334)\n    at o.fire (c:\\Users\\egoytendia\\.vscode\\extensions\\uqbar.wollok-lsp-ide-0.5.3\\out\\server\\src\\server.js:3:158104)\n    at c:\\Users\\egoytendia\\.vscode\\extensions\\uqbar.wollok-lsp-ide-0.5.3\\out\\server\\src\\server.js:37:57871\n    at Zr (c:\\Users\\egoytendia\\.vscode\\extensions\\uqbar.wollok-lsp-ide-0.5.3\\out\\server\\src\\server.js:8:1561)","timestamp":"2025-12-13T00:31:49.323Z"}
{"level":"error","message":"✘ Failed to rebuild document Failed to parse parciales/amongUs/tareas.wlk: \n-- PARSING FAILED --------------------------------------------------\n\n   7 | }\n   8 | \n>  9 | class TableroElectrico inherits {\n     |                                 ^\n  10 |   \n  11 | }\n\nExpected one of the following: \n\n'@', comment, identifier, package identifier, whitespace\n","stack":"Error: Failed to parse parciales/amongUs/tareas.wlk: \n-- PARSING FAILED --------------------------------------------------\n\n   7 | }\n   8 | \n>  9 | class TableroElectrico inherits {\n     |                                 ^\n  10 |   \n  11 | }\n\nExpected one of the following: \n\n'@', comment, identifier, package identifier, whitespace\n\n    at c:\\Users\\egoytendia\\.vscode\\extensions\\uqbar.wollok-lsp-ide-0.5.3\\out\\server\\src\\server.js:2348:13026\n    at Array.map (<anonymous>)\n    at W1n (c:\\Users\\egoytendia\\.vscode\\extensions\\uqbar.wollok-lsp-ide-0.5.3\\out\\server\\src\\server.js:2348:12950)\n    at U2.buildEnvironmentFrom (c:\\Users\\egoytendia\\.vscode\\extensions\\uqbar.wollok-lsp-ide-0.5.3\\out\\server\\src\\server.js:2393:5254)\n    at U2.updateEnvironmentWith (c:\\Users\\egoytendia\\.vscode\\extensions\\uqbar.wollok-lsp-ide-0.5.3\\out\\server\\src\\server.js:2393:4989)\n    at JF (c:\\Users\\egoytendia\\.vscode\\extensions\\uqbar.wollok-lsp-ide-0.5.3\\out\\server\\src\\server.js:2393:7383)\n    at F3.invoke (c:\\Users\\egoytendia\\.vscode\\extensions\\uqbar.wollok-lsp-ide-0.5.3\\out\\server\\src\\server.js:3:157334)\n    at o.fire (c:\\Users\\egoytendia\\.vscode\\extensions\\uqbar.wollok-lsp-ide-0.5.3\\out\\server\\src\\server.js:3:158104)\n    at c:\\Users\\egoytendia\\.vscode\\extensions\\uqbar.wollok-lsp-ide-0.5.3\\out\\server\\src\\server.js:37:57871\n    at Zr (c:\\Users\\egoytendia\\.vscode\\extensions\\uqbar.wollok-lsp-ide-0.5.3\\out\\server\\src\\server.js:8:1561)","timestamp":"2025-12-13T00:31:49.526Z"}
{"level":"error","message":"✘ Failed to rebuild document Failed to parse parciales/amongUs/tareas.wlk: \n-- PARSING FAILED --------------------------------------------------\n\n   7 | }\n   8 | \n>  9 | class TableroElectrico inherits  {\n     |                                  ^\n  10 |   \n  11 | }\n\nExpected one of the following: \n\n'@', comment, identifier, package identifier, whitespace\n","stack":"Error: Failed to parse parciales/amongUs/tareas.wlk: \n-- PARSING FAILED --------------------------------------------------\n\n   7 | }\n   8 | \n>  9 | class TableroElectrico inherits  {\n     |                                  ^\n  10 |   \n  11 | }\n\nExpected one of the following: \n\n'@', comment, identifier, package identifier, whitespace\n\n    at c:\\Users\\egoytendia\\.vscode\\extensions\\uqbar.wollok-lsp-ide-0.5.3\\out\\server\\src\\server.js:2348:13026\n    at Array.map (<anonymous>)\n    at W1n (c:\\Users\\egoytendia\\.vscode\\extensions\\uqbar.wollok-lsp-ide-0.5.3\\out\\server\\src\\server.js:2348:12950)\n    at U2.buildEnvironmentFrom (c:\\Users\\egoytendia\\.vscode\\extensions\\uqbar.wollok-lsp-ide-0.5.3\\out\\server\\src\\server.js:2393:5254)\n    at U2.updateEnvironmentWith (c:\\Users\\egoytendia\\.vscode\\extensions\\uqbar.wollok-lsp-ide-0.5.3\\out\\server\\src\\server.js:2393:4989)\n    at JF (c:\\Users\\egoytendia\\.vscode\\extensions\\uqbar.wollok-lsp-ide-0.5.3\\out\\server\\src\\server.js:2393:7383)\n    at F3.invoke (c:\\Users\\egoytendia\\.vscode\\extensions\\uqbar.wollok-lsp-ide-0.5.3\\out\\server\\src\\server.js:3:157334)\n    at o.fire (c:\\Users\\egoytendia\\.vscode\\extensions\\uqbar.wollok-lsp-ide-0.5.3\\out\\server\\src\\server.js:3:158104)\n    at c:\\Users\\egoytendia\\.vscode\\extensions\\uqbar.wollok-lsp-ide-0.5.3\\out\\server\\src\\server.js:37:57871\n    at Zr (c:\\Users\\egoytendia\\.vscode\\extensions\\uqbar.wollok-lsp-ide-0.5.3\\out\\server\\src\\server.js:8:1561)","timestamp":"2025-12-13T00:31:49.724Z"}
{"level":"error","message":"✘ Completions for node ParameterizedType ([9:33, 9:34] - parciales/amongUs/tareas.wlk) failed: Error: [ParameterizedType]{eddb36} at parciales/amongUs/tareas.wlk:9 exhausted all cases without a match [ParameterizedType]{eddb36} at parciales/amongUs/tareas.wlk:9 exhausted all cases without a match","stack":"Error: [ParameterizedType]{eddb36} at parciales/amongUs/tareas.wlk:9 exhausted all cases without a match\n    at c:\\Users\\egoytendia\\.vscode\\extensions\\uqbar.wollok-lsp-ide-0.5.3\\out\\server\\src\\server.js:38:6142\n    at D2 (c:\\Users\\egoytendia\\.vscode\\extensions\\uqbar.wollok-lsp-ide-0.5.3\\out\\server\\src\\server.js:2384:42)\n    at Qh (c:\\Users\\egoytendia\\.vscode\\extensions\\uqbar.wollok-lsp-ide-0.5.3\\out\\server\\src\\server.js:2384:1092)\n    at k6n (c:\\Users\\egoytendia\\.vscode\\extensions\\uqbar.wollok-lsp-ide-0.5.3\\out\\server\\src\\server.js:2384:1248)\n    at c:\\Users\\egoytendia\\.vscode\\extensions\\uqbar.wollok-lsp-ide-0.5.3\\out\\server\\src\\server.js:38:6131\n    at D2 (c:\\Users\\egoytendia\\.vscode\\extensions\\uqbar.wollok-lsp-ide-0.5.3\\out\\server\\src\\server.js:2384:42)\n    at c:\\Users\\egoytendia\\.vscode\\extensions\\uqbar.wollok-lsp-ide-0.5.3\\out\\server\\src\\server.js:2384:2988\n    at c:\\Users\\egoytendia\\.vscode\\extensions\\uqbar.wollok-lsp-ide-0.5.3\\out\\server\\src\\server.js:2393:8440\n    at c:\\Users\\egoytendia\\.vscode\\extensions\\uqbar.wollok-lsp-ide-0.5.3\\out\\server\\src\\server.js:37:74872\n    at Ye (c:\\Users\\egoytendia\\.vscode\\extensions\\uqbar.wollok-lsp-ide-0.5.3\\out\\server\\src\\server.js:7:8527)","timestamp":"2025-12-13T00:31:51.015Z"}
{"level":"info","message":"⌛ Building environment","timeElapsed":145,"timestamp":"2025-12-13T00:31:51.475Z"}
{"level":"info","message":"⌛ Validating parciales/amongUs/tareas.wlk","timeElapsed":110,"timestamp":"2025-12-13T00:31:51.586Z"}
{"level":"info","message":"⌛ Building environment","timeElapsed":103,"timestamp":"2025-12-13T00:31:51.875Z"}
{"level":"info","message":"⌛ Validating parciales/amongUs/tareas.wlk","timeElapsed":140,"timestamp":"2025-12-13T00:31:52.016Z"}
{"level":"info","message":"⌛ Validating parciales/amongUs/tareas.wlk","timeElapsed":112,"timestamp":"2025-12-13T00:31:52.195Z"}
{"level":"info","message":"⌛ Validating parciales/amongUs/tareas.wlk","timeElapsed":104,"timestamp":"2025-12-13T00:31:52.369Z"}
{"level":"info","message":"⌛ Building environment","timeElapsed":112,"timestamp":"2025-12-13T00:31:52.482Z"}
{"level":"info","message":"⌛ Validating parciales/amongUs/tareas.wlk","timeElapsed":120,"timestamp":"2025-12-13T00:31:52.602Z"}
{"level":"info","message":"⌛ Building environment","timeElapsed":102,"timestamp":"2025-12-13T00:31:52.848Z"}
{"level":"info","message":"⌛ Validating parciales/amongUs/tareas.wlk","timeElapsed":103,"timestamp":"2025-12-13T00:31:52.957Z"}
{"level":"info","message":"⌛ Building environment","timeElapsed":104,"timestamp":"2025-12-13T00:35:09.314Z"}
{"level":"info","message":"⌛ Validating parciales/amongUs/tareas.wlk","timeElapsed":146,"timestamp":"2025-12-13T00:35:09.461Z"}
{"level":"info","message":"⌛ Validating parciales/amongUs/tareas.wlk","timeElapsed":116,"timestamp":"2025-12-13T00:35:10.966Z"}
{"level":"info","message":"⌛ Validating parciales/amongUs/tareas.wlk","timeElapsed":117,"timestamp":"2025-12-13T00:35:11.084Z"}
{"level":"info","message":"⌛ Building environment","timeElapsed":110,"timestamp":"2025-12-13T00:35:11.314Z"}
{"level":"info","message":"⌛ Validating parciales/amongUs/tareas.wlk","timeElapsed":165,"timestamp":"2025-12-13T00:35:11.479Z"}
{"level":"info","message":"⌛ Validating parciales/amongUs/tareas.wlk","timeElapsed":118,"timestamp":"2025-12-13T00:35:11.791Z"}
{"level":"info","message":"⌛ Validating parciales/amongUs/tareas.wlk","timeElapsed":114,"timestamp":"2025-12-13T00:35:12.181Z"}
{"level":"info","message":"⌛ Validating parciales/amongUs/tareas.wlk","timeElapsed":107,"timestamp":"2025-12-13T00:35:12.288Z"}
{"level":"info","message":"⌛ Validating parciales/amongUs/tareas.wlk","timeElapsed":110,"timestamp":"2025-12-13T00:35:12.590Z"}
{"level":"info","message":"⌛ Validating parciales/amongUs/tareas.wlk","timeElapsed":140,"timestamp":"2025-12-13T00:35:12.730Z"}
{"level":"info","message":"⌛ Validating parciales/amongUs/tareas.wlk","timeElapsed":149,"timestamp":"2025-12-13T00:35:12.886Z"}
{"level":"info","message":"⌛ Validating parciales/amongUs/tareas.wlk","timeElapsed":106,"timestamp":"2025-12-13T00:35:12.992Z"}
{"level":"info","message":"⌛ Validating parciales/amongUs/tareas.wlk","timeElapsed":105,"timestamp":"2025-12-13T00:35:13.099Z"}
{"level":"info","message":"⌛ Validating parciales/amongUs/tareas.wlk","timeElapsed":113,"timestamp":"2025-12-13T00:35:13.290Z"}
{"level":"info","message":"⌛ Validating parciales/amongUs/tareas.wlk","timeElapsed":123,"timestamp":"2025-12-13T00:35:14.157Z"}
{"level":"info","message":"⌛ Building environment","timeElapsed":132,"timestamp":"2025-12-13T00:35:14.290Z"}
{"level":"info","message":"⌛ Validating parciales/amongUs/tareas.wlk","timeElapsed":108,"timestamp":"2025-12-13T00:35:14.398Z"}
{"level":"info","message":"⌛ Building environment","timeElapsed":106,"timestamp":"2025-12-13T00:35:14.505Z"}
{"level":"info","message":"⌛ Validating parciales/amongUs/tareas.wlk","timeElapsed":120,"timestamp":"2025-12-13T00:35:14.909Z"}
{"level":"info","message":"⌛ Validating parciales/amongUs/tareas.wlk","timeElapsed":118,"timestamp":"2025-12-13T00:35:15.105Z"}
{"level":"info","message":"⌛ Validating parciales/amongUs/tareas.wlk","timeElapsed":112,"timestamp":"2025-12-13T00:35:15.219Z"}
{"level":"info","message":"⌛ Validating parciales/amongUs/tareas.wlk","timeElapsed":108,"timestamp":"2025-12-13T00:35:15.334Z"}
{"level":"info","message":"⌛ Validating parciales/amongUs/tareas.wlk","timeElapsed":105,"timestamp":"2025-12-13T00:35:15.439Z"}
{"level":"info","message":"⌛ Validating parciales/amongUs/tareas.wlk","timeElapsed":106,"timestamp":"2025-12-13T00:35:15.650Z"}
{"level":"info","message":"⌛ Validating parciales/amongUs/tareas.wlk","timeElapsed":106,"timestamp":"2025-12-13T00:35:15.757Z"}
{"level":"info","message":"⌛ Validating parciales/amongUs/tareas.wlk","timeElapsed":111,"timestamp":"2025-12-13T00:35:16.145Z"}
{"level":"info","message":"⌛ Validating parciales/amongUs/tareas.wlk","timeElapsed":113,"timestamp":"2025-12-13T00:35:16.480Z"}
{"level":"info","message":"⌛ Validating parciales/amongUs/tareas.wlk","timeElapsed":134,"timestamp":"2025-12-13T00:35:16.614Z"}
{"level":"info","message":"⌛ Validating parciales/amongUs/tareas.wlk","timeElapsed":150,"timestamp":"2025-12-13T00:35:16.882Z"}
{"level":"error","message":"✘ Completions for node Parameter ([11:33, 11:34] - parciales/amongUs/tareas.wlk) failed: Error: [Parameter]{f68122} at parciales/amongUs/tareas.wlk:11 exhausted all cases without a match [Parameter]{f68122} at parciales/amongUs/tareas.wlk:11 exhausted all cases without a match","stack":"Error: [Parameter]{f68122} at parciales/amongUs/tareas.wlk:11 exhausted all cases without a match\n    at c:\\Users\\egoytendia\\.vscode\\extensions\\uqbar.wollok-lsp-ide-0.5.3\\out\\server\\src\\server.js:38:6142\n    at D2 (c:\\Users\\egoytendia\\.vscode\\extensions\\uqbar.wollok-lsp-ide-0.5.3\\out\\server\\src\\server.js:2384:42)\n    at c:\\Users\\egoytendia\\.vscode\\extensions\\uqbar.wollok-lsp-ide-0.5.3\\out\\server\\src\\server.js:2384:2988\n    at c:\\Users\\egoytendia\\.vscode\\extensions\\uqbar.wollok-lsp-ide-0.5.3\\out\\server\\src\\server.js:2393:8440\n    at c:\\Users\\egoytendia\\.vscode\\extensions\\uqbar.wollok-lsp-ide-0.5.3\\out\\server\\src\\server.js:37:74872\n    at Ye (c:\\Users\\egoytendia\\.vscode\\extensions\\uqbar.wollok-lsp-ide-0.5.3\\out\\server\\src\\server.js:7:8527)\n    at qt (c:\\Users\\egoytendia\\.vscode\\extensions\\uqbar.wollok-lsp-ide-0.5.3\\out\\server\\src\\server.js:7:6189)\n    at ot (c:\\Users\\egoytendia\\.vscode\\extensions\\uqbar.wollok-lsp-ide-0.5.3\\out\\server\\src\\server.js:7:6378)\n    at Immediate._onImmediate (c:\\Users\\egoytendia\\.vscode\\extensions\\uqbar.wollok-lsp-ide-0.5.3\\out\\server\\src\\server.js:7:6142)\n    at process.processImmediate (node:internal/timers:485:21)","timestamp":"2025-12-13T00:35:19.975Z"}
{"level":"info","message":"⌛ Validating parciales/amongUs/tareas.wlk","timeElapsed":109,"timestamp":"2025-12-13T00:35:20.087Z"}
{"level":"info","message":"⌛ Building environment","timeElapsed":103,"timestamp":"2025-12-13T00:35:21.814Z"}
{"level":"info","message":"⌛ Validating parciales/amongUs/tareas.wlk","timeElapsed":111,"timestamp":"2025-12-13T00:35:21.926Z"}
{"level":"error","message":"✘ Completions for node Parameter ([11:33, 11:34] - parciales/amongUs/tareas.wlk) failed: Error: [Parameter]{ff5820} at parciales/amongUs/tareas.wlk:11 exhausted all cases without a match [Parameter]{ff5820} at parciales/amongUs/tareas.wlk:11 exhausted all cases without a match","stack":"Error: [Parameter]{ff5820} at parciales/amongUs/tareas.wlk:11 exhausted all cases without a match\n    at c:\\Users\\egoytendia\\.vscode\\extensions\\uqbar.wollok-lsp-ide-0.5.3\\out\\server\\src\\server.js:38:6142\n    at D2 (c:\\Users\\egoytendia\\.vscode\\extensions\\uqbar.wollok-lsp-ide-0.5.3\\out\\server\\src\\server.js:2384:42)\n    at c:\\Users\\egoytendia\\.vscode\\extensions\\uqbar.wollok-lsp-ide-0.5.3\\out\\server\\src\\server.js:2384:2988\n    at c:\\Users\\egoytendia\\.vscode\\extensions\\uqbar.wollok-lsp-ide-0.5.3\\out\\server\\src\\server.js:2393:8440\n    at c:\\Users\\egoytendia\\.vscode\\extensions\\uqbar.wollok-lsp-ide-0.5.3\\out\\server\\src\\server.js:37:74872\n    at Ye (c:\\Users\\egoytendia\\.vscode\\extensions\\uqbar.wollok-lsp-ide-0.5.3\\out\\server\\src\\server.js:7:8527)\n    at qt (c:\\Users\\egoytendia\\.vscode\\extensions\\uqbar.wollok-lsp-ide-0.5.3\\out\\server\\src\\server.js:7:6189)\n    at ot (c:\\Users\\egoytendia\\.vscode\\extensions\\uqbar.wollok-lsp-ide-0.5.3\\out\\server\\src\\server.js:7:6378)\n    at Immediate._onImmediate (c:\\Users\\egoytendia\\.vscode\\extensions\\uqbar.wollok-lsp-ide-0.5.3\\out\\server\\src\\server.js:7:6142)\n    at process.processImmediate (node:internal/timers:485:21)","timestamp":"2025-12-13T00:35:22.150Z"}
{"level":"info","message":"⌛ Validating parciales/amongUs/tareas.wlk","timeElapsed":111,"timestamp":"2025-12-13T00:35:22.274Z"}
{"level":"error","message":"✘ Completions for node Parameter ([11:33, 11:36] - parciales/amongUs/tareas.wlk) failed: Error: [Parameter]{261381} at parciales/amongUs/tareas.wlk:11 exhausted all cases without a match [Parameter]{261381} at parciales/amongUs/tareas.wlk:11 exhausted all cases without a match","stack":"Error: [Parameter]{261381} at parciales/amongUs/tareas.wlk:11 exhausted all cases without a match\n    at c:\\Users\\egoytendia\\.vscode\\extensions\\uqbar.wollok-lsp-ide-0.5.3\\out\\server\\src\\server.js:38:6142\n    at D2 (c:\\Users\\egoytendia\\.vscode\\extensions\\uqbar.wollok-lsp-ide-0.5.3\\out\\server\\src\\server.js:2384:42)\n    at c:\\Users\\egoytendia\\.vscode\\extensions\\uqbar.wollok-lsp-ide-0.5.3\\out\\server\\src\\server.js:2384:2988\n    at c:\\Users\\egoytendia\\.vscode\\extensions\\uqbar.wollok-lsp-ide-0.5.3\\out\\server\\src\\server.js:2393:8440\n    at c:\\Users\\egoytendia\\.vscode\\extensions\\uqbar.wollok-lsp-ide-0.5.3\\out\\server\\src\\server.js:37:74872\n    at Ye (c:\\Users\\egoytendia\\.vscode\\extensions\\uqbar.wollok-lsp-ide-0.5.3\\out\\server\\src\\server.js:7:8527)\n    at qt (c:\\Users\\egoytendia\\.vscode\\extensions\\uqbar.wollok-lsp-ide-0.5.3\\out\\server\\src\\server.js:7:6189)\n    at ot (c:\\Users\\egoytendia\\.vscode\\extensions\\uqbar.wollok-lsp-ide-0.5.3\\out\\server\\src\\server.js:7:6378)\n    at Immediate._onImmediate (c:\\Users\\egoytendia\\.vscode\\extensions\\uqbar.wollok-lsp-ide-0.5.3\\out\\server\\src\\server.js:7:6142)\n    at process.processImmediate (node:internal/timers:485:21)","timestamp":"2025-12-13T00:35:22.491Z"}
{"level":"info","message":"⌛ Validating parciales/amongUs/tareas.wlk","timeElapsed":115,"timestamp":"2025-12-13T00:35:22.612Z"}
{"level":"info","message":"⌛ Validating parciales/amongUs/tareas.wlk","timeElapsed":106,"timestamp":"2025-12-13T00:35:22.795Z"}
{"level":"error","message":"✘ Completions for node Parameter ([11:33, 11:39] - parciales/amongUs/tareas.wlk) failed: Error: [Parameter]{c27e99} at parciales/amongUs/tareas.wlk:11 exhausted all cases without a match [Parameter]{c27e99} at parciales/amongUs/tareas.wlk:11 exhausted all cases without a match","stack":"Error: [Parameter]{c27e99} at parciales/amongUs/tareas.wlk:11 exhausted all cases without a match\n    at c:\\Users\\egoytendia\\.vscode\\extensions\\uqbar.wollok-lsp-ide-0.5.3\\out\\server\\src\\server.js:38:6142\n    at D2 (c:\\Users\\egoytendia\\.vscode\\extensions\\uqbar.wollok-lsp-ide-0.5.3\\out\\server\\src\\server.js:2384:42)\n    at c:\\Users\\egoytendia\\.vscode\\extensions\\uqbar.wollok-lsp-ide-0.5.3\\out\\server\\src\\server.js:2384:2988\n    at c:\\Users\\egoytendia\\.vscode\\extensions\\uqbar.wollok-lsp-ide-0.5.3\\out\\server\\src\\server.js:2393:8440\n    at c:\\Users\\egoytendia\\.vscode\\extensions\\uqbar.wollok-lsp-ide-0.5.3\\out\\server\\src\\server.js:37:74872\n    at Ye (c:\\Users\\egoytendia\\.vscode\\extensions\\uqbar.wollok-lsp-ide-0.5.3\\out\\server\\src\\server.js:7:8527)\n    at qt (c:\\Users\\egoytendia\\.vscode\\extensions\\uqbar.wollok-lsp-ide-0.5.3\\out\\server\\src\\server.js:7:6189)\n    at ot (c:\\Users\\egoytendia\\.vscode\\extensions\\uqbar.wollok-lsp-ide-0.5.3\\out\\server\\src\\server.js:7:6378)\n    at Immediate._onImmediate (c:\\Users\\egoytendia\\.vscode\\extensions\\uqbar.wollok-lsp-ide-0.5.3\\out\\server\\src\\server.js:7:6142)\n    at process.processImmediate (node:internal/timers:485:21)","timestamp":"2025-12-13T00:35:22.982Z"}
{"level":"info","message":"⌛ Building environment","timeElapsed":146,"timestamp":"2025-12-13T00:35:23.172Z"}
{"level":"info","message":"⌛ Validating parciales/amongUs/tareas.wlk","timeElapsed":104,"timestamp":"2025-12-13T00:35:23.276Z"}
{"level":"info","message":"⌛ Validating parciales/amongUs/tareas.wlk","timeElapsed":103,"timestamp":"2025-12-13T00:35:23.485Z"}
{"level":"info","message":"⌛ Validating parciales/amongUs/tareas.wlk","timeElapsed":158,"timestamp":"2025-12-13T00:35:29.380Z"}
{"level":"info","message":"⌛ Validating parciales/amongUs/tareas.wlk","timeElapsed":148,"timestamp":"2025-12-13T00:35:29.528Z"}
{"level":"info","message":"⌛ Validating parciales/amongUs/tareas.wlk","timeElapsed":115,"timestamp":"2025-12-13T00:35:29.823Z"}
{"level":"info","message":"⌛ Validating parciales/amongUs/tareas.wlk","timeElapsed":106,"timestamp":"2025-12-13T00:35:29.930Z"}
{"level":"info","message":"⌛ Validating parciales/amongUs/tareas.wlk","timeElapsed":111,"timestamp":"2025-12-13T00:35:30.122Z"}
{"level":"info","message":"⌛ Validating parciales/amongUs/tareas.wlk","timeElapsed":115,"timestamp":"2025-12-13T00:35:30.370Z"}
{"level":"info","message":"⌛ Validating parciales/amongUs/tareas.wlk","timeElapsed":116,"timestamp":"2025-12-13T00:35:31.408Z"}
{"level":"info","message":"⌛ Building environment","timeElapsed":102,"timestamp":"2025-12-13T00:35:31.598Z"}
{"level":"info","message":"⌛ Validating parciales/amongUs/tareas.wlk","timeElapsed":110,"timestamp":"2025-12-13T00:35:31.788Z"}
{"level":"info","message":"⌛ Validating parciales/amongUs/tareas.wlk","timeElapsed":113,"timestamp":"2025-12-13T00:35:31.979Z"}
{"level":"info","message":"⌛ Validating parciales/amongUs/tareas.wlk","timeElapsed":106,"timestamp":"2025-12-13T00:35:32.085Z"}
{"level":"info","message":"⌛ Validating parciales/amongUs/tareas.wlk","timeElapsed":108,"timestamp":"2025-12-13T00:35:32.198Z"}
{"level":"info","message":"⌛ Building environment","timeElapsed":136,"timestamp":"2025-12-13T00:35:35.105Z"}
{"level":"info","message":"⌛ Validating parciales/amongUs/tareas.wlk","timeElapsed":116,"timestamp":"2025-12-13T00:35:35.222Z"}
{"level":"info","message":"⌛ Validating parciales/amongUs/tareas.wlk","timeElapsed":110,"timestamp":"2025-12-13T00:35:35.950Z"}
{"level":"info","message":"⌛ Validating parciales/amongUs/tareas.wlk","timeElapsed":110,"timestamp":"2025-12-13T00:35:36.279Z"}
{"level":"info","message":"⌛ Validating parciales/amongUs/tareas.wlk","timeElapsed":112,"timestamp":"2025-12-13T00:35:36.499Z"}
{"level":"info","message":"⌛ Validating parciales/amongUs/tareas.wlk","timeElapsed":105,"timestamp":"2025-12-13T00:35:36.738Z"}
{"level":"info","message":"⌛ Validating parciales/amongUs/tareas.wlk","timeElapsed":109,"timestamp":"2025-12-13T00:35:37.030Z"}
{"level":"info","message":"⌛ Building environment","timeElapsed":107,"timestamp":"2025-12-13T00:35:37.137Z"}
{"level":"info","message":"⌛ Validating parciales/amongUs/tareas.wlk","timeElapsed":134,"timestamp":"2025-12-13T00:35:37.419Z"}
{"level":"info","message":"⌛ Validating parciales/amongUs/tareas.wlk","timeElapsed":110,"timestamp":"2025-12-13T00:35:37.628Z"}
{"level":"info","message":"⌛ Validating parciales/amongUs/tareas.wlk","timeElapsed":104,"timestamp":"2025-12-13T00:35:37.917Z"}
{"level":"info","message":"⌛ Validating parciales/amongUs/tareas.wlk","timeElapsed":107,"timestamp":"2025-12-13T00:35:38.101Z"}
{"level":"info","message":"⌛ Validating parciales/amongUs/tareas.wlk","timeElapsed":135,"timestamp":"2025-12-13T00:35:38.237Z"}
{"level":"info","message":"⌛ Validating parciales/amongUs/tareas.wlk","timeElapsed":105,"timestamp":"2025-12-13T00:35:38.348Z"}
{"level":"info","message":"⌛ Building environment","timeElapsed":101,"timestamp":"2025-12-13T00:35:38.594Z"}
{"level":"info","message":"⌛ Validating parciales/amongUs/tareas.wlk","timeElapsed":112,"timestamp":"2025-12-13T00:35:38.713Z"}
{"level":"info","message":"⌛ Validating parciales/amongUs/tareas.wlk","timeElapsed":109,"timestamp":"2025-12-13T00:35:44.517Z"}
{"level":"error","message":"✘ Completions for node Send ([12:5, 12:35] - parciales/amongUs/tareas.wlk) failed: Error: [Send]{73c038} at parciales/amongUs/tareas.wlk:12 exhausted all cases without a match [Send]{73c038} at parciales/amongUs/tareas.wlk:12 exhausted all cases without a match","stack":"Error: [Send]{73c038} at parciales/amongUs/tareas.wlk:12 exhausted all cases without a match\n    at c:\\Users\\egoytendia\\.vscode\\extensions\\uqbar.wollok-lsp-ide-0.5.3\\out\\server\\src\\server.js:38:6142\n    at D2 (c:\\Users\\egoytendia\\.vscode\\extensions\\uqbar.wollok-lsp-ide-0.5.3\\out\\server\\src\\server.js:2384:42)\n    at c:\\Users\\egoytendia\\.vscode\\extensions\\uqbar.wollok-lsp-ide-0.5.3\\out\\server\\src\\server.js:2384:2988\n    at c:\\Users\\egoytendia\\.vscode\\extensions\\uqbar.wollok-lsp-ide-0.5.3\\out\\server\\src\\server.js:2393:8440\n    at c:\\Users\\egoytendia\\.vscode\\extensions\\uqbar.wollok-lsp-ide-0.5.3\\out\\server\\src\\server.js:37:74872\n    at Ye (c:\\Users\\egoytendia\\.vscode\\extensions\\uqbar.wollok-lsp-ide-0.5.3\\out\\server\\src\\server.js:7:8527)\n    at qt (c:\\Users\\egoytendia\\.vscode\\extensions\\uqbar.wollok-lsp-ide-0.5.3\\out\\server\\src\\server.js:7:6189)\n    at ot (c:\\Users\\egoytendia\\.vscode\\extensions\\uqbar.wollok-lsp-ide-0.5.3\\out\\server\\src\\server.js:7:6378)\n    at Immediate._onImmediate (c:\\Users\\egoytendia\\.vscode\\extensions\\uqbar.wollok-lsp-ide-0.5.3\\out\\server\\src\\server.js:7:6142)\n    at process.processImmediate (node:internal/timers:485:21)","timestamp":"2025-12-13T00:35:45.662Z"}
{"level":"info","message":"⌛ Validating parciales/amongUs/tareas.wlk","timeElapsed":107,"timestamp":"2025-12-13T00:35:45.774Z"}
{"level":"info","message":"⌛ Validating parciales/amongUs/tareas.wlk","timeElapsed":117,"timestamp":"2025-12-13T00:35:45.977Z"}
{"level":"info","message":"⌛ Validating parciales/amongUs/tareas.wlk","timeElapsed":114,"timestamp":"2025-12-13T00:35:47.421Z"}
{"level":"info","message":"⌛ Validating parciales/amongUs/tareas.wlk","timeElapsed":111,"timestamp":"2025-12-13T00:35:47.605Z"}
{"level":"info","message":"⌛ Validating parciales/amongUs/tareas.wlk","timeElapsed":114,"timestamp":"2025-12-13T00:36:00.186Z"}
{"level":"info","message":"⌛ Validating parciales/amongUs/tareas.wlk","timeElapsed":108,"timestamp":"2025-12-13T00:36:00.698Z"}
{"level":"info","message":"⌛ Validating parciales/amongUs/tareas.wlk","timeElapsed":111,"timestamp":"2025-12-13T00:36:00.909Z"}
{"level":"info","message":"⌛ Validating parciales/amongUs/tareas.wlk","timeElapsed":108,"timestamp":"2025-12-13T00:36:01.547Z"}
{"level":"info","message":"⌛ Validating parciales/amongUs/tareas.wlk","timeElapsed":108,"timestamp":"2025-12-13T00:36:01.755Z"}
{"level":"error","message":"✘ Completions for node If ([12:5, 14:6] - parciales/amongUs/tareas.wlk) failed: Error: [If]{06c26c} at parciales/amongUs/tareas.wlk:12 exhausted all cases without a match [If]{06c26c} at parciales/amongUs/tareas.wlk:12 exhausted all cases without a match","stack":"Error: [If]{06c26c} at parciales/amongUs/tareas.wlk:12 exhausted all cases without a match\n    at c:\\Users\\egoytendia\\.vscode\\extensions\\uqbar.wollok-lsp-ide-0.5.3\\out\\server\\src\\server.js:38:6142\n    at D2 (c:\\Users\\egoytendia\\.vscode\\extensions\\uqbar.wollok-lsp-ide-0.5.3\\out\\server\\src\\server.js:2384:42)\n    at Qh (c:\\Users\\egoytendia\\.vscode\\extensions\\uqbar.wollok-lsp-ide-0.5.3\\out\\server\\src\\server.js:2384:1092)\n    at v6n (c:\\Users\\egoytendia\\.vscode\\extensions\\uqbar.wollok-lsp-ide-0.5.3\\out\\server\\src\\server.js:2384:818)\n    at c:\\Users\\egoytendia\\.vscode\\extensions\\uqbar.wollok-lsp-ide-0.5.3\\out\\server\\src\\server.js:38:6131\n    at D2 (c:\\Users\\egoytendia\\.vscode\\extensions\\uqbar.wollok-lsp-ide-0.5.3\\out\\server\\src\\server.js:2384:42)\n    at Qh (c:\\Users\\egoytendia\\.vscode\\extensions\\uqbar.wollok-lsp-ide-0.5.3\\out\\server\\src\\server.js:2384:1092)\n    at k6n (c:\\Users\\egoytendia\\.vscode\\extensions\\uqbar.wollok-lsp-ide-0.5.3\\out\\server\\src\\server.js:2384:1248)\n    at c:\\Users\\egoytendia\\.vscode\\extensions\\uqbar.wollok-lsp-ide-0.5.3\\out\\server\\src\\server.js:38:6131\n    at D2 (c:\\Users\\egoytendia\\.vscode\\extensions\\uqbar.wollok-lsp-ide-0.5.3\\out\\server\\src\\server.js:2384:42)","timestamp":"2025-12-13T00:36:02.900Z"}
{"level":"info","message":"⌛ Validating parciales/amongUs/tareas.wlk","timeElapsed":106,"timestamp":"2025-12-13T00:36:03.101Z"}
{"level":"info","message":"⌛ Validating parciales/amongUs/tareas.wlk","timeElapsed":103,"timestamp":"2025-12-13T00:36:03.286Z"}
{"level":"info","message":"⌛ Building environment","timeElapsed":128,"timestamp":"2025-12-13T00:36:03.416Z"}
{"level":"info","message":"⌛ Validating parciales/amongUs/tareas.wlk","timeElapsed":103,"timestamp":"2025-12-13T00:36:03.520Z"}
{"level":"info","message":"⌛ Validating parciales/amongUs/tareas.wlk","timeElapsed":105,"timestamp":"2025-12-13T00:36:03.630Z"}
{"level":"info","message":"⌛ Validating parciales/amongUs/tareas.wlk","timeElapsed":112,"timestamp":"2025-12-13T00:36:03.825Z"}
{"level":"info","message":"⌛ Validating parciales/amongUs/tareas.wlk","timeElapsed":116,"timestamp":"2025-12-13T00:36:04.051Z"}
{"level":"info","message":"⌛ Building environment","timeElapsed":103,"timestamp":"2025-12-13T00:36:04.796Z"}
{"level":"info","message":"⌛ Validating parciales/amongUs/tareas.wlk","timeElapsed":120,"timestamp":"2025-12-13T00:36:04.917Z"}
{"level":"info","message":"⌛ Validating parciales/amongUs/tareas.wlk","timeElapsed":135,"timestamp":"2025-12-13T00:36:05.054Z"}
{"level":"info","message":"⌛ Building environment","timeElapsed":113,"timestamp":"2025-12-13T00:36:05.341Z"}
{"level":"info","message":"⌛ Building environment","timeElapsed":151,"timestamp":"2025-12-13T00:36:05.495Z"}
{"level":"info","message":"⌛ Validating parciales/amongUs/tareas.wlk","timeElapsed":122,"timestamp":"2025-12-13T00:36:05.617Z"}
{"level":"info","message":"⌛ Validating parciales/amongUs/tareas.wlk","timeElapsed":112,"timestamp":"2025-12-13T00:36:05.730Z"}
{"level":"info","message":"⌛ Validating parciales/amongUs/tareas.wlk","timeElapsed":109,"timestamp":"2025-12-13T00:36:05.915Z"}
{"level":"info","message":"⌛ Validating parciales/amongUs/tareas.wlk","timeElapsed":110,"timestamp":"2025-12-13T00:36:06.103Z"}
{"level":"info","message":"⌛ Validating parciales/amongUs/tareas.wlk","timeElapsed":108,"timestamp":"2025-12-13T00:36:06.217Z"}
{"level":"info","message":"⌛ Validating parciales/amongUs/tareas.wlk","timeElapsed":109,"timestamp":"2025-12-13T00:36:06.326Z"}
{"level":"info","message":"⌛ Validating parciales/amongUs/tareas.wlk","timeElapsed":112,"timestamp":"2025-12-13T00:36:08.371Z"}
{"level":"error","message":"✘ Completions for node If ([12:5, 14:6] - parciales/amongUs/tareas.wlk) failed: Error: [If]{ed40ed} at parciales/amongUs/tareas.wlk:12 exhausted all cases without a match [If]{ed40ed} at parciales/amongUs/tareas.wlk:12 exhausted all cases without a match","stack":"Error: [If]{ed40ed} at parciales/amongUs/tareas.wlk:12 exhausted all cases without a match\n    at c:\\Users\\egoytendia\\.vscode\\extensions\\uqbar.wollok-lsp-ide-0.5.3\\out\\server\\src\\server.js:38:6142\n    at D2 (c:\\Users\\egoytendia\\.vscode\\extensions\\uqbar.wollok-lsp-ide-0.5.3\\out\\server\\src\\server.js:2384:42)\n    at Qh (c:\\Users\\egoytendia\\.vscode\\extensions\\uqbar.wollok-lsp-ide-0.5.3\\out\\server\\src\\server.js:2384:1092)\n    at v6n (c:\\Users\\egoytendia\\.vscode\\extensions\\uqbar.wollok-lsp-ide-0.5.3\\out\\server\\src\\server.js:2384:818)\n    at c:\\Users\\egoytendia\\.vscode\\extensions\\uqbar.wollok-lsp-ide-0.5.3\\out\\server\\src\\server.js:38:6131\n    at D2 (c:\\Users\\egoytendia\\.vscode\\extensions\\uqbar.wollok-lsp-ide-0.5.3\\out\\server\\src\\server.js:2384:42)\n    at Qh (c:\\Users\\egoytendia\\.vscode\\extensions\\uqbar.wollok-lsp-ide-0.5.3\\out\\server\\src\\server.js:2384:1092)\n    at k6n (c:\\Users\\egoytendia\\.vscode\\extensions\\uqbar.wollok-lsp-ide-0.5.3\\out\\server\\src\\server.js:2384:1248)\n    at c:\\Users\\egoytendia\\.vscode\\extensions\\uqbar.wollok-lsp-ide-0.5.3\\out\\server\\src\\server.js:38:6131\n    at D2 (c:\\Users\\egoytendia\\.vscode\\extensions\\uqbar.wollok-lsp-ide-0.5.3\\out\\server\\src\\server.js:2384:42)","timestamp":"2025-12-13T00:36:08.493Z"}
{"level":"info","message":"⌛ Validating parciales/amongUs/tareas.wlk","timeElapsed":110,"timestamp":"2025-12-13T00:36:08.608Z"}
{"level":"info","message":"⌛ Validating parciales/amongUs/tareas.wlk","timeElapsed":169,"timestamp":"2025-12-13T00:36:08.872Z"}
{"level":"error","message":"✘ Completions for node If ([12:5, 14:6] - parciales/amongUs/tareas.wlk) failed: Error: [If]{1cd0dc} at parciales/amongUs/tareas.wlk:12 exhausted all cases without a match [If]{1cd0dc} at parciales/amongUs/tareas.wlk:12 exhausted all cases without a match","stack":"Error: [If]{1cd0dc} at parciales/amongUs/tareas.wlk:12 exhausted all cases without a match\n    at c:\\Users\\egoytendia\\.vscode\\extensions\\uqbar.wollok-lsp-ide-0.5.3\\out\\server\\src\\server.js:38:6142\n    at D2 (c:\\Users\\egoytendia\\.vscode\\extensions\\uqbar.wollok-lsp-ide-0.5.3\\out\\server\\src\\server.js:2384:42)\n    at Qh (c:\\Users\\egoytendia\\.vscode\\extensions\\uqbar.wollok-lsp-ide-0.5.3\\out\\server\\src\\server.js:2384:1092)\n    at v6n (c:\\Users\\egoytendia\\.vscode\\extensions\\uqbar.wollok-lsp-ide-0.5.3\\out\\server\\src\\server.js:2384:818)\n    at c:\\Users\\egoytendia\\.vscode\\extensions\\uqbar.wollok-lsp-ide-0.5.3\\out\\server\\src\\server.js:38:6131\n    at D2 (c:\\Users\\egoytendia\\.vscode\\extensions\\uqbar.wollok-lsp-ide-0.5.3\\out\\server\\src\\server.js:2384:42)\n    at Qh (c:\\Users\\egoytendia\\.vscode\\extensions\\uqbar.wollok-lsp-ide-0.5.3\\out\\server\\src\\server.js:2384:1092)\n    at k6n (c:\\Users\\egoytendia\\.vscode\\extensions\\uqbar.wollok-lsp-ide-0.5.3\\out\\server\\src\\server.js:2384:1248)\n    at c:\\Users\\egoytendia\\.vscode\\extensions\\uqbar.wollok-lsp-ide-0.5.3\\out\\server\\src\\server.js:38:6131\n    at D2 (c:\\Users\\egoytendia\\.vscode\\extensions\\uqbar.wollok-lsp-ide-0.5.3\\out\\server\\src\\server.js:2384:42)","timestamp":"2025-12-13T00:36:09.329Z"}
{"level":"info","message":"⌛ Validating parciales/amongUs/tareas.wlk","timeElapsed":120,"timestamp":"2025-12-13T00:36:09.532Z"}
{"level":"info","message":"⌛ Validating parciales/amongUs/tareas.wlk","timeElapsed":113,"timestamp":"2025-12-13T00:36:09.644Z"}
{"level":"info","message":"⌛ Validating parciales/amongUs/tareas.wlk","timeElapsed":106,"timestamp":"2025-12-13T00:36:09.925Z"}
{"level":"error","message":"✘ Completions for node If ([12:5, 14:6] - parciales/amongUs/tareas.wlk) failed: Error: [If]{c92edb} at parciales/amongUs/tareas.wlk:12 exhausted all cases without a match [If]{c92edb} at parciales/amongUs/tareas.wlk:12 exhausted all cases without a match","stack":"Error: [If]{c92edb} at parciales/amongUs/tareas.wlk:12 exhausted all cases without a match\n    at c:\\Users\\egoytendia\\.vscode\\extensions\\uqbar.wollok-lsp-ide-0.5.3\\out\\server\\src\\server.js:38:6142\n    at D2 (c:\\Users\\egoytendia\\.vscode\\extensions\\uqbar.wollok-lsp-ide-0.5.3\\out\\server\\src\\server.js:2384:42)\n    at Qh (c:\\Users\\egoytendia\\.vscode\\extensions\\uqbar.wollok-lsp-ide-0.5.3\\out\\server\\src\\server.js:2384:1092)\n    at v6n (c:\\Users\\egoytendia\\.vscode\\extensions\\uqbar.wollok-lsp-ide-0.5.3\\out\\server\\src\\server.js:2384:818)\n    at c:\\Users\\egoytendia\\.vscode\\extensions\\uqbar.wollok-lsp-ide-0.5.3\\out\\server\\src\\server.js:38:6131\n    at D2 (c:\\Users\\egoytendia\\.vscode\\extensions\\uqbar.wollok-lsp-ide-0.5.3\\out\\server\\src\\server.js:2384:42)\n    at Qh (c:\\Users\\egoytendia\\.vscode\\extensions\\uqbar.wollok-lsp-ide-0.5.3\\out\\server\\src\\server.js:2384:1092)\n    at k6n (c:\\Users\\egoytendia\\.vscode\\extensions\\uqbar.wollok-lsp-ide-0.5.3\\out\\server\\src\\server.js:2384:1248)\n    at c:\\Users\\egoytendia\\.vscode\\extensions\\uqbar.wollok-lsp-ide-0.5.3\\out\\server\\src\\server.js:38:6131\n    at D2 (c:\\Users\\egoytendia\\.vscode\\extensions\\uqbar.wollok-lsp-ide-0.5.3\\out\\server\\src\\server.js:2384:42)","timestamp":"2025-12-13T00:36:10.261Z"}
{"level":"info","message":"⌛ Validating parciales/amongUs/tareas.wlk","timeElapsed":108,"timestamp":"2025-12-13T00:36:10.373Z"}
{"level":"error","message":"✘ Completions for node If ([12:5, 14:6] - parciales/amongUs/tareas.wlk) failed: Error: [If]{54c8af} at parciales/amongUs/tareas.wlk:12 exhausted all cases without a match [If]{54c8af} at parciales/amongUs/tareas.wlk:12 exhausted all cases without a match","stack":"Error: [If]{54c8af} at parciales/amongUs/tareas.wlk:12 exhausted all cases without a match\n    at c:\\Users\\egoytendia\\.vscode\\extensions\\uqbar.wollok-lsp-ide-0.5.3\\out\\server\\src\\server.js:38:6142\n    at D2 (c:\\Users\\egoytendia\\.vscode\\extensions\\uqbar.wollok-lsp-ide-0.5.3\\out\\server\\src\\server.js:2384:42)\n    at Qh (c:\\Users\\egoytendia\\.vscode\\extensions\\uqbar.wollok-lsp-ide-0.5.3\\out\\server\\src\\server.js:2384:1092)\n    at v6n (c:\\Users\\egoytendia\\.vscode\\extensions\\uqbar.wollok-lsp-ide-0.5.3\\out\\server\\src\\server.js:2384:818)\n    at c:\\Users\\egoytendia\\.vscode\\extensions\\uqbar.wollok-lsp-ide-0.5.3\\out\\server\\src\\server.js:38:6131\n    at D2 (c:\\Users\\egoytendia\\.vscode\\extensions\\uqbar.wollok-lsp-ide-0.5.3\\out\\server\\src\\server.js:2384:42)\n    at Qh (c:\\Users\\egoytendia\\.vscode\\extensions\\uqbar.wollok-lsp-ide-0.5.3\\out\\server\\src\\server.js:2384:1092)\n    at k6n (c:\\Users\\egoytendia\\.vscode\\extensions\\uqbar.wollok-lsp-ide-0.5.3\\out\\server\\src\\server.js:2384:1248)\n    at c:\\Users\\egoytendia\\.vscode\\extensions\\uqbar.wollok-lsp-ide-0.5.3\\out\\server\\src\\server.js:38:6131\n    at D2 (c:\\Users\\egoytendia\\.vscode\\extensions\\uqbar.wollok-lsp-ide-0.5.3\\out\\server\\src\\server.js:2384:42)","timestamp":"2025-12-13T00:36:10.577Z"}
{"level":"info","message":"⌛ Validating parciales/amongUs/tareas.wlk","timeElapsed":105,"timestamp":"2025-12-13T00:36:10.775Z"}
{"level":"info","message":"⌛ Validating parciales/amongUs/tareas.wlk","timeElapsed":101,"timestamp":"2025-12-13T00:36:10.877Z"}
{"level":"info","message":"⌛ Building environment","timeElapsed":140,"timestamp":"2025-12-13T00:36:11.018Z"}
{"level":"info","message":"⌛ Validating parciales/amongUs/tareas.wlk","timeElapsed":105,"timestamp":"2025-12-13T00:36:11.124Z"}
{"level":"info","message":"⌛ Validating parciales/amongUs/tareas.wlk","timeElapsed":102,"timestamp":"2025-12-13T00:36:11.232Z"}
{"level":"info","message":"⌛ Validating parciales/amongUs/tareas.wlk","timeElapsed":113,"timestamp":"2025-12-13T00:36:12.161Z"}
{"level":"info","message":"⌛ Building environment","timeElapsed":163,"timestamp":"2025-12-13T00:36:13.159Z"}
{"level":"info","message":"⌛ Validating parciales/amongUs/tareas.wlk","timeElapsed":108,"timestamp":"2025-12-13T00:36:13.352Z"}
{"level":"info","message":"⌛ Building environment","timeElapsed":111,"timestamp":"2025-12-13T00:36:35.702Z"}
{"level":"info","message":"⌛ Validating parciales/amongUs/tareas.wlk","timeElapsed":143,"timestamp":"2025-12-13T00:36:35.846Z"}
{"level":"info","message":"⌛ Building environment","timeElapsed":129,"timestamp":"2025-12-13T00:36:38.722Z"}
{"level":"info","message":"⌛ Validating parciales/amongUs/jugadores.wlk","timeElapsed":121,"timestamp":"2025-12-13T00:36:38.847Z"}
{"level":"info","message":"⌛ Validating parciales/amongUs/tareas.wlk","timeElapsed":113,"timestamp":"2025-12-13T00:37:05.041Z"}
{"level":"error","message":"✘ Completions for node Send ([13:9, 13:33] - parciales/amongUs/tareas.wlk) failed: Error: [Send]{547d65} at parciales/amongUs/tareas.wlk:13 exhausted all cases without a match [Send]{547d65} at parciales/amongUs/tareas.wlk:13 exhausted all cases without a match","stack":"Error: [Send]{547d65} at parciales/amongUs/tareas.wlk:13 exhausted all cases without a match\n    at c:\\Users\\egoytendia\\.vscode\\extensions\\uqbar.wollok-lsp-ide-0.5.3\\out\\server\\src\\server.js:38:6142\n    at D2 (c:\\Users\\egoytendia\\.vscode\\extensions\\uqbar.wollok-lsp-ide-0.5.3\\out\\server\\src\\server.js:2384:42)\n    at Qh (c:\\Users\\egoytendia\\.vscode\\extensions\\uqbar.wollok-lsp-ide-0.5.3\\out\\server\\src\\server.js:2384:1092)\n    at k6n (c:\\Users\\egoytendia\\.vscode\\extensions\\uqbar.wollok-lsp-ide-0.5.3\\out\\server\\src\\server.js:2384:1248)\n    at c:\\Users\\egoytendia\\.vscode\\extensions\\uqbar.wollok-lsp-ide-0.5.3\\out\\server\\src\\server.js:38:6131\n    at D2 (c:\\Users\\egoytendia\\.vscode\\extensions\\uqbar.wollok-lsp-ide-0.5.3\\out\\server\\src\\server.js:2384:42)\n    at c:\\Users\\egoytendia\\.vscode\\extensions\\uqbar.wollok-lsp-ide-0.5.3\\out\\server\\src\\server.js:2384:2988\n    at c:\\Users\\egoytendia\\.vscode\\extensions\\uqbar.wollok-lsp-ide-0.5.3\\out\\server\\src\\server.js:2393:8440\n    at c:\\Users\\egoytendia\\.vscode\\extensions\\uqbar.wollok-lsp-ide-0.5.3\\out\\server\\src\\server.js:37:74872\n    at Ye (c:\\Users\\egoytendia\\.vscode\\extensions\\uqbar.wollok-lsp-ide-0.5.3\\out\\server\\src\\server.js:7:8527)","timestamp":"2025-12-13T00:37:05.251Z"}
{"level":"error","message":"✘ Completions for node If ([12:5, 14:6] - parciales/amongUs/tareas.wlk) failed: Error: [If]{cf3b49} at parciales/amongUs/tareas.wlk:12 exhausted all cases without a match [If]{cf3b49} at parciales/amongUs/tareas.wlk:12 exhausted all cases without a match","stack":"Error: [If]{cf3b49} at parciales/amongUs/tareas.wlk:12 exhausted all cases without a match\n    at c:\\Users\\egoytendia\\.vscode\\extensions\\uqbar.wollok-lsp-ide-0.5.3\\out\\server\\src\\server.js:38:6142\n    at D2 (c:\\Users\\egoytendia\\.vscode\\extensions\\uqbar.wollok-lsp-ide-0.5.3\\out\\server\\src\\server.js:2384:42)\n    at Qh (c:\\Users\\egoytendia\\.vscode\\extensions\\uqbar.wollok-lsp-ide-0.5.3\\out\\server\\src\\server.js:2384:1092)\n    at v6n (c:\\Users\\egoytendia\\.vscode\\extensions\\uqbar.wollok-lsp-ide-0.5.3\\out\\server\\src\\server.js:2384:818)\n    at c:\\Users\\egoytendia\\.vscode\\extensions\\uqbar.wollok-lsp-ide-0.5.3\\out\\server\\src\\server.js:38:6131\n    at D2 (c:\\Users\\egoytendia\\.vscode\\extensions\\uqbar.wollok-lsp-ide-0.5.3\\out\\server\\src\\server.js:2384:42)\n    at Qh (c:\\Users\\egoytendia\\.vscode\\extensions\\uqbar.wollok-lsp-ide-0.5.3\\out\\server\\src\\server.js:2384:1092)\n    at D2 (c:\\Users\\egoytendia\\.vscode\\extensions\\uqbar.wollok-lsp-ide-0.5.3\\out\\server\\src\\server.js:2384:544)\n    at Qh (c:\\Users\\egoytendia\\.vscode\\extensions\\uqbar.wollok-lsp-ide-0.5.3\\out\\server\\src\\server.js:2384:1092)\n    at k6n (c:\\Users\\egoytendia\\.vscode\\extensions\\uqbar.wollok-lsp-ide-0.5.3\\out\\server\\src\\server.js:2384:1248)","timestamp":"2025-12-13T00:37:05.252Z"}
{"level":"info","message":"⌛ Validating parciales/amongUs/tareas.wlk","timeElapsed":113,"timestamp":"2025-12-13T00:37:05.368Z"}
{"level":"info","message":"⌛ Validating parciales/amongUs/tareas.wlk","timeElapsed":111,"timestamp":"2025-12-13T00:37:05.641Z"}
{"level":"info","message":"⌛ Validating parciales/amongUs/tareas.wlk","timeElapsed":107,"timestamp":"2025-12-13T00:37:05.748Z"}
{"level":"info","message":"⌛ Validating parciales/amongUs/tareas.wlk","timeElapsed":107,"timestamp":"2025-12-13T00:37:05.863Z"}
{"level":"info","message":"⌛ Validating parciales/amongUs/tareas.wlk","timeElapsed":110,"timestamp":"2025-12-13T00:37:06.247Z"}
{"level":"info","message":"⌛ Validating parciales/amongUs/jugadores.wlk","timeElapsed":109,"timestamp":"2025-12-13T00:37:15.134Z"}
{"level":"info","message":"⌛ Validating parciales/amongUs/jugadores.wlk","timeElapsed":107,"timestamp":"2025-12-13T00:37:15.350Z"}
{"level":"info","message":"⌛ Building environment","timeElapsed":119,"timestamp":"2025-12-13T00:37:16.237Z"}
{"level":"info","message":"⌛ Validating parciales/amongUs/jugadores.wlk","timeElapsed":116,"timestamp":"2025-12-13T00:37:16.354Z"}
{"level":"info","message":"⌛ Validating parciales/amongUs/jugadores.wlk","timeElapsed":113,"timestamp":"2025-12-13T00:37:16.541Z"}
{"level":"info","message":"⌛ Validating parciales/amongUs/jugadores.wlk","timeElapsed":109,"timestamp":"2025-12-13T00:37:21.487Z"}
{"level":"info","message":"⌛ Validating parciales/amongUs/jugadores.wlk","timeElapsed":121,"timestamp":"2025-12-13T00:37:22.899Z"}
{"level":"info","message":"⌛ Validating parciales/amongUs/jugadores.wlk","timeElapsed":113,"timestamp":"2025-12-13T00:37:23.177Z"}
{"level":"info","message":"⌛ Validating parciales/amongUs/jugadores.wlk","timeElapsed":113,"timestamp":"2025-12-13T00:37:23.399Z"}
{"level":"info","message":"⌛ Validating parciales/amongUs/jugadores.wlk","timeElapsed":115,"timestamp":"2025-12-13T00:37:23.540Z"}
{"level":"info","message":"⌛ Building environment","timeElapsed":103,"timestamp":"2025-12-13T00:37:24.272Z"}
{"level":"info","message":"⌛ Validating parciales/amongUs/jugadores.wlk","timeElapsed":118,"timestamp":"2025-12-13T00:37:24.391Z"}
{"level":"info","message":"⌛ Validating parciales/amongUs/jugadores.wlk","timeElapsed":115,"timestamp":"2025-12-13T00:37:24.690Z"}
{"level":"info","message":"⌛ Validating parciales/amongUs/jugadores.wlk","timeElapsed":114,"timestamp":"2025-12-13T00:37:24.899Z"}
{"level":"info","message":"⌛ Validating parciales/amongUs/jugadores.wlk","timeElapsed":111,"timestamp":"2025-12-13T00:37:25.186Z"}
{"level":"info","message":"⌛ Validating parciales/amongUs/jugadores.wlk","timeElapsed":109,"timestamp":"2025-12-13T00:37:25.378Z"}
{"level":"info","message":"⌛ Building environment","timeElapsed":117,"timestamp":"2025-12-13T00:37:25.495Z"}
{"level":"info","message":"⌛ Validating parciales/amongUs/jugadores.wlk","timeElapsed":110,"timestamp":"2025-12-13T00:37:25.606Z"}
{"level":"info","message":"⌛ Validating parciales/amongUs/jugadores.wlk","timeElapsed":105,"timestamp":"2025-12-13T00:37:25.717Z"}
{"level":"info","message":"⌛ Validating parciales/amongUs/jugadores.wlk","timeElapsed":101,"timestamp":"2025-12-13T00:37:25.819Z"}
{"level":"info","message":"⌛ Validating parciales/amongUs/jugadores.wlk","timeElapsed":110,"timestamp":"2025-12-13T00:37:26.466Z"}
{"level":"info","message":"⌛ Validating parciales/amongUs/jugadores.wlk","timeElapsed":107,"timestamp":"2025-12-13T00:37:26.732Z"}
{"level":"info","message":"⌛ Validating parciales/amongUs/jugadores.wlk","timeElapsed":130,"timestamp":"2025-12-13T00:37:26.936Z"}
{"level":"info","message":"⌛ Building environment","timeElapsed":111,"timestamp":"2025-12-13T00:37:27.055Z"}
{"level":"info","message":"⌛ Validating parciales/amongUs/jugadores.wlk","timeElapsed":121,"timestamp":"2025-12-13T00:37:27.292Z"}
{"level":"info","message":"⌛ Validating parciales/amongUs/jugadores.wlk","timeElapsed":119,"timestamp":"2025-12-13T00:37:27.412Z"}
{"level":"info","message":"⌛ Validating parciales/amongUs/jugadores.wlk","timeElapsed":111,"timestamp":"2025-12-13T00:37:27.717Z"}
{"level":"info","message":"⌛ Validating parciales/amongUs/jugadores.wlk","timeElapsed":117,"timestamp":"2025-12-13T00:37:27.834Z"}
{"level":"info","message":"⌛ Building environment","timeElapsed":147,"timestamp":"2025-12-13T00:37:27.981Z"}
{"level":"info","message":"⌛ Validating parciales/amongUs/jugadores.wlk","timeElapsed":105,"timestamp":"2025-12-13T00:37:28.284Z"}
{"level":"info","message":"⌛ Validating parciales/amongUs/jugadores.wlk","timeElapsed":103,"timestamp":"2025-12-13T00:37:28.387Z"}
{"level":"info","message":"⌛ Validating parciales/amongUs/jugadores.wlk","timeElapsed":108,"timestamp":"2025-12-13T00:37:28.497Z"}
{"level":"info","message":"⌛ Building environment","timeElapsed":119,"timestamp":"2025-12-13T00:37:28.617Z"}
{"level":"info","message":"⌛ Building environment","timeElapsed":147,"timestamp":"2025-12-13T00:37:28.802Z"}
{"level":"info","message":"⌛ Validating parciales/amongUs/jugadores.wlk","timeElapsed":133,"timestamp":"2025-12-13T00:37:28.948Z"}
{"level":"info","message":"⌛ Validating parciales/amongUs/jugadores.wlk","timeElapsed":113,"timestamp":"2025-12-13T00:37:29.069Z"}
{"level":"info","message":"⌛ Validating parciales/amongUs/jugadores.wlk","timeElapsed":111,"timestamp":"2025-12-13T00:37:33.272Z"}
{"level":"error","message":"✘ Completions for node Send ([20:5, 20:29] - parciales/amongUs/jugadores.wlk) failed: Error: [Send]{867430} at parciales/amongUs/jugadores.wlk:20 exhausted all cases without a match [Send]{867430} at parciales/amongUs/jugadores.wlk:20 exhausted all cases without a match","stack":"Error: [Send]{867430} at parciales/amongUs/jugadores.wlk:20 exhausted all cases without a match\n    at c:\\Users\\egoytendia\\.vscode\\extensions\\uqbar.wollok-lsp-ide-0.5.3\\out\\server\\src\\server.js:38:6142\n    at D2 (c:\\Users\\egoytendia\\.vscode\\extensions\\uqbar.wollok-lsp-ide-0.5.3\\out\\server\\src\\server.js:2384:42)\n    at Qh (c:\\Users\\egoytendia\\.vscode\\extensions\\uqbar.wollok-lsp-ide-0.5.3\\out\\server\\src\\server.js:2384:1092)\n    at k6n (c:\\Users\\egoytendia\\.vscode\\extensions\\uqbar.wollok-lsp-ide-0.5.3\\out\\server\\src\\server.js:2384:1248)\n    at c:\\Users\\egoytendia\\.vscode\\extensions\\uqbar.wollok-lsp-ide-0.5.3\\out\\server\\src\\server.js:38:6131\n    at D2 (c:\\Users\\egoytendia\\.vscode\\extensions\\uqbar.wollok-lsp-ide-0.5.3\\out\\server\\src\\server.js:2384:42)\n    at c:\\Users\\egoytendia\\.vscode\\extensions\\uqbar.wollok-lsp-ide-0.5.3\\out\\server\\src\\server.js:2384:2988\n    at c:\\Users\\egoytendia\\.vscode\\extensions\\uqbar.wollok-lsp-ide-0.5.3\\out\\server\\src\\server.js:2393:8440\n    at c:\\Users\\egoytendia\\.vscode\\extensions\\uqbar.wollok-lsp-ide-0.5.3\\out\\server\\src\\server.js:37:74872\n    at Ye (c:\\Users\\egoytendia\\.vscode\\extensions\\uqbar.wollok-lsp-ide-0.5.3\\out\\server\\src\\server.js:7:8527)","timestamp":"2025-12-13T00:37:36.965Z"}
{"level":"info","message":"⌛ Validating parciales/amongUs/jugadores.wlk","timeElapsed":114,"timestamp":"2025-12-13T00:37:37.090Z"}
{"level":"info","message":"⌛ Validating parciales/amongUs/jugadores.wlk","timeElapsed":117,"timestamp":"2025-12-13T00:37:37.384Z"}
{"level":"info","message":"⌛ Building environment","timeElapsed":111,"timestamp":"2025-12-13T00:37:37.495Z"}
{"level":"info","message":"⌛ Validating parciales/amongUs/jugadores.wlk","timeElapsed":116,"timestamp":"2025-12-13T00:37:37.611Z"}
{"level":"error","message":"✘ Completions for node Send ([20:5, 20:33] - parciales/amongUs/jugadores.wlk) failed: Error: [Send]{9023a4} at parciales/amongUs/jugadores.wlk:20 exhausted all cases without a match [Send]{9023a4} at parciales/amongUs/jugadores.wlk:20 exhausted all cases without a match","stack":"Error: [Send]{9023a4} at parciales/amongUs/jugadores.wlk:20 exhausted all cases without a match\n    at c:\\Users\\egoytendia\\.vscode\\extensions\\uqbar.wollok-lsp-ide-0.5.3\\out\\server\\src\\server.js:38:6142\n    at D2 (c:\\Users\\egoytendia\\.vscode\\extensions\\uqbar.wollok-lsp-ide-0.5.3\\out\\server\\src\\server.js:2384:42)\n    at Qh (c:\\Users\\egoytendia\\.vscode\\extensions\\uqbar.wollok-lsp-ide-0.5.3\\out\\server\\src\\server.js:2384:1092)\n    at k6n (c:\\Users\\egoytendia\\.vscode\\extensions\\uqbar.wollok-lsp-ide-0.5.3\\out\\server\\src\\server.js:2384:1248)\n    at c:\\Users\\egoytendia\\.vscode\\extensions\\uqbar.wollok-lsp-ide-0.5.3\\out\\server\\src\\server.js:38:6131\n    at D2 (c:\\Users\\egoytendia\\.vscode\\extensions\\uqbar.wollok-lsp-ide-0.5.3\\out\\server\\src\\server.js:2384:42)\n    at c:\\Users\\egoytendia\\.vscode\\extensions\\uqbar.wollok-lsp-ide-0.5.3\\out\\server\\src\\server.js:2384:2988\n    at c:\\Users\\egoytendia\\.vscode\\extensions\\uqbar.wollok-lsp-ide-0.5.3\\out\\server\\src\\server.js:2393:8440\n    at c:\\Users\\egoytendia\\.vscode\\extensions\\uqbar.wollok-lsp-ide-0.5.3\\out\\server\\src\\server.js:37:74872\n    at Ye (c:\\Users\\egoytendia\\.vscode\\extensions\\uqbar.wollok-lsp-ide-0.5.3\\out\\server\\src\\server.js:7:8527)","timestamp":"2025-12-13T00:37:37.727Z"}
{"level":"info","message":"⌛ Validating parciales/amongUs/jugadores.wlk","timeElapsed":107,"timestamp":"2025-12-13T00:37:37.838Z"}
{"level":"info","message":"⌛ Validating parciales/amongUs/jugadores.wlk","timeElapsed":109,"timestamp":"2025-12-13T00:37:38.106Z"}
{"level":"info","message":"⌛ Validating parciales/amongUs/jugadores.wlk","timeElapsed":113,"timestamp":"2025-12-13T00:37:38.298Z"}
{"level":"info","message":"⌛ Validating parciales/amongUs/jugadores.wlk","timeElapsed":102,"timestamp":"2025-12-13T00:37:38.406Z"}
{"level":"info","message":"⌛ Validating parciales/amongUs/jugadores.wlk","timeElapsed":108,"timestamp":"2025-12-13T00:37:38.517Z"}
{"level":"info","message":"⌛ Validating parciales/amongUs/tareas.wlk","timeElapsed":114,"timestamp":"2025-12-13T00:37:43.451Z"}
{"level":"info","message":"⌛ Validating parciales/amongUs/tareas.wlk","timeElapsed":117,"timestamp":"2025-12-13T00:37:43.650Z"}
{"level":"error","message":"✘ Completions for node Send ([13:9, 13:39] - parciales/amongUs/tareas.wlk) failed: Error: [Send]{efca12} at parciales/amongUs/tareas.wlk:13 exhausted all cases without a match [Send]{efca12} at parciales/amongUs/tareas.wlk:13 exhausted all cases without a match","stack":"Error: [Send]{efca12} at parciales/amongUs/tareas.wlk:13 exhausted all cases without a match\n    at c:\\Users\\egoytendia\\.vscode\\extensions\\uqbar.wollok-lsp-ide-0.5.3\\out\\server\\src\\server.js:38:6142\n    at D2 (c:\\Users\\egoytendia\\.vscode\\extensions\\uqbar.wollok-lsp-ide-0.5.3\\out\\server\\src\\server.js:2384:42)\n    at Qh (c:\\Users\\egoytendia\\.vscode\\extensions\\uqbar.wollok-lsp-ide-0.5.3\\out\\server\\src\\server.js:2384:1092)\n    at k6n (c:\\Users\\egoytendia\\.vscode\\extensions\\uqbar.wollok-lsp-ide-0.5.3\\out\\server\\src\\server.js:2384:1248)\n    at c:\\Users\\egoytendia\\.vscode\\extensions\\uqbar.wollok-lsp-ide-0.5.3\\out\\server\\src\\server.js:38:6131\n    at D2 (c:\\Users\\egoytendia\\.vscode\\extensions\\uqbar.wollok-lsp-ide-0.5.3\\out\\server\\src\\server.js:2384:42)\n    at c:\\Users\\egoytendia\\.vscode\\extensions\\uqbar.wollok-lsp-ide-0.5.3\\out\\server\\src\\server.js:2384:2988\n    at c:\\Users\\egoytendia\\.vscode\\extensions\\uqbar.wollok-lsp-ide-0.5.3\\out\\server\\src\\server.js:2393:8440\n    at c:\\Users\\egoytendia\\.vscode\\extensions\\uqbar.wollok-lsp-ide-0.5.3\\out\\server\\src\\server.js:37:74872\n    at Ye (c:\\Users\\egoytendia\\.vscode\\extensions\\uqbar.wollok-lsp-ide-0.5.3\\out\\server\\src\\server.js:7:8527)","timestamp":"2025-12-13T00:37:43.791Z"}
{"level":"error","message":"✘ Completions for node If ([12:5, 14:6] - parciales/amongUs/tareas.wlk) failed: Error: [If]{e5b48d} at parciales/amongUs/tareas.wlk:12 exhausted all cases without a match [If]{e5b48d} at parciales/amongUs/tareas.wlk:12 exhausted all cases without a match","stack":"Error: [If]{e5b48d} at parciales/amongUs/tareas.wlk:12 exhausted all cases without a match\n    at c:\\Users\\egoytendia\\.vscode\\extensions\\uqbar.wollok-lsp-ide-0.5.3\\out\\server\\src\\server.js:38:6142\n    at D2 (c:\\Users\\egoytendia\\.vscode\\extensions\\uqbar.wollok-lsp-ide-0.5.3\\out\\server\\src\\server.js:2384:42)\n    at Qh (c:\\Users\\egoytendia\\.vscode\\extensions\\uqbar.wollok-lsp-ide-0.5.3\\out\\server\\src\\server.js:2384:1092)\n    at v6n (c:\\Users\\egoytendia\\.vscode\\extensions\\uqbar.wollok-lsp-ide-0.5.3\\out\\server\\src\\server.js:2384:818)\n    at c:\\Users\\egoytendia\\.vscode\\extensions\\uqbar.wollok-lsp-ide-0.5.3\\out\\server\\src\\server.js:38:6131\n    at D2 (c:\\Users\\egoytendia\\.vscode\\extensions\\uqbar.wollok-lsp-ide-0.5.3\\out\\server\\src\\server.js:2384:42)\n    at Qh (c:\\Users\\egoytendia\\.vscode\\extensions\\uqbar.wollok-lsp-ide-0.5.3\\out\\server\\src\\server.js:2384:1092)\n    at D2 (c:\\Users\\egoytendia\\.vscode\\extensions\\uqbar.wollok-lsp-ide-0.5.3\\out\\server\\src\\server.js:2384:544)\n    at Qh (c:\\Users\\egoytendia\\.vscode\\extensions\\uqbar.wollok-lsp-ide-0.5.3\\out\\server\\src\\server.js:2384:1092)\n    at k6n (c:\\Users\\egoytendia\\.vscode\\extensions\\uqbar.wollok-lsp-ide-0.5.3\\out\\server\\src\\server.js:2384:1248)","timestamp":"2025-12-13T00:37:43.791Z"}
{"level":"info","message":"⌛ Building environment","timeElapsed":126,"timestamp":"2025-12-13T00:37:43.921Z"}
{"level":"info","message":"⌛ Validating parciales/amongUs/tareas.wlk","timeElapsed":110,"timestamp":"2025-12-13T00:37:44.032Z"}
{"level":"info","message":"⌛ Validating parciales/amongUs/tareas.wlk","timeElapsed":111,"timestamp":"2025-12-13T00:37:44.325Z"}
{"level":"info","message":"⌛ Validating parciales/amongUs/tareas.wlk","timeElapsed":103,"timestamp":"2025-12-13T00:37:44.429Z"}
{"level":"info","message":"⌛ Validating parciales/amongUs/tareas.wlk","timeElapsed":101,"timestamp":"2025-12-13T00:37:44.536Z"}
{"level":"info","message":"⌛ Building environment","timeElapsed":104,"timestamp":"2025-12-13T00:37:44.674Z"}
{"level":"info","message":"⌛ Validating parciales/amongUs/tareas.wlk","timeElapsed":132,"timestamp":"2025-12-13T00:37:44.807Z"}
{"level":"info","message":"⌛ Validating parciales/amongUs/tareas.wlk","timeElapsed":109,"timestamp":"2025-12-13T00:37:45.089Z"}
{"level":"info","message":"⌛ Validating parciales/amongUs/tareas.wlk","timeElapsed":101,"timestamp":"2025-12-13T00:37:45.190Z"}
{"level":"info","message":"⌛ Validating parciales/amongUs/tareas.wlk","timeElapsed":116,"timestamp":"2025-12-13T00:37:45.524Z"}
{"level":"info","message":"⌛ Building environment","timeElapsed":103,"timestamp":"2025-12-13T00:37:45.629Z"}
{"level":"info","message":"⌛ Validating parciales/amongUs/tareas.wlk","timeElapsed":117,"timestamp":"2025-12-13T00:37:45.845Z"}
{"level":"info","message":"⌛ Validating parciales/amongUs/tareas.wlk","timeElapsed":107,"timestamp":"2025-12-13T00:37:45.953Z"}
{"level":"info","message":"⌛ Validating parciales/amongUs/jugadores.wlk","timeElapsed":116,"timestamp":"2025-12-13T00:37:48.738Z"}
{"level":"info","message":"⌛ Validating parciales/amongUs/jugadores.wlk","timeElapsed":116,"timestamp":"2025-12-13T00:37:48.931Z"}
{"level":"error","message":"✘ Completions for node Send ([20:5, 20:39] - parciales/amongUs/jugadores.wlk) failed: Error: [Send]{ce7cc8} at parciales/amongUs/jugadores.wlk:20 exhausted all cases without a match [Send]{ce7cc8} at parciales/amongUs/jugadores.wlk:20 exhausted all cases without a match","stack":"Error: [Send]{ce7cc8} at parciales/amongUs/jugadores.wlk:20 exhausted all cases without a match\n    at c:\\Users\\egoytendia\\.vscode\\extensions\\uqbar.wollok-lsp-ide-0.5.3\\out\\server\\src\\server.js:38:6142\n    at D2 (c:\\Users\\egoytendia\\.vscode\\extensions\\uqbar.wollok-lsp-ide-0.5.3\\out\\server\\src\\server.js:2384:42)\n    at Qh (c:\\Users\\egoytendia\\.vscode\\extensions\\uqbar.wollok-lsp-ide-0.5.3\\out\\server\\src\\server.js:2384:1092)\n    at k6n (c:\\Users\\egoytendia\\.vscode\\extensions\\uqbar.wollok-lsp-ide-0.5.3\\out\\server\\src\\server.js:2384:1248)\n    at c:\\Users\\egoytendia\\.vscode\\extensions\\uqbar.wollok-lsp-ide-0.5.3\\out\\server\\src\\server.js:38:6131\n    at D2 (c:\\Users\\egoytendia\\.vscode\\extensions\\uqbar.wollok-lsp-ide-0.5.3\\out\\server\\src\\server.js:2384:42)\n    at c:\\Users\\egoytendia\\.vscode\\extensions\\uqbar.wollok-lsp-ide-0.5.3\\out\\server\\src\\server.js:2384:2988\n    at c:\\Users\\egoytendia\\.vscode\\extensions\\uqbar.wollok-lsp-ide-0.5.3\\out\\server\\src\\server.js:2393:8440\n    at c:\\Users\\egoytendia\\.vscode\\extensions\\uqbar.wollok-lsp-ide-0.5.3\\out\\server\\src\\server.js:37:74872\n    at Ye (c:\\Users\\egoytendia\\.vscode\\extensions\\uqbar.wollok-lsp-ide-0.5.3\\out\\server\\src\\server.js:7:8527)","timestamp":"2025-12-13T00:37:52.107Z"}
{"level":"info","message":"⌛ Validating parciales/amongUs/jugadores.wlk","timeElapsed":109,"timestamp":"2025-12-13T00:37:52.226Z"}
{"level":"info","message":"⌛ Validating parciales/amongUs/jugadores.wlk","timeElapsed":120,"timestamp":"2025-12-13T00:37:52.523Z"}
{"level":"info","message":"⌛ Building environment","timeElapsed":104,"timestamp":"2025-12-13T00:37:52.627Z"}
{"level":"info","message":"⌛ Validating parciales/amongUs/jugadores.wlk","timeElapsed":115,"timestamp":"2025-12-13T00:37:52.743Z"}
{"level":"info","message":"⌛ Validating parciales/amongUs/jugadores.wlk","timeElapsed":107,"timestamp":"2025-12-13T00:37:52.926Z"}
{"level":"info","message":"⌛ Building environment","timeElapsed":113,"timestamp":"2025-12-13T00:37:53.046Z"}
{"level":"info","message":"⌛ Validating parciales/amongUs/jugadores.wlk","timeElapsed":121,"timestamp":"2025-12-13T00:37:53.250Z"}
{"level":"info","message":"⌛ Validating parciales/amongUs/jugadores.wlk","timeElapsed":114,"timestamp":"2025-12-13T00:37:53.364Z"}
{"level":"error","message":"✘ Completions for node Send ([20:5, 20:43] - parciales/amongUs/jugadores.wlk) failed: Error: [Send]{1abe53} at parciales/amongUs/jugadores.wlk:20 exhausted all cases without a match [Send]{1abe53} at parciales/amongUs/jugadores.wlk:20 exhausted all cases without a match","stack":"Error: [Send]{1abe53} at parciales/amongUs/jugadores.wlk:20 exhausted all cases without a match\n    at c:\\Users\\egoytendia\\.vscode\\extensions\\uqbar.wollok-lsp-ide-0.5.3\\out\\server\\src\\server.js:38:6142\n    at D2 (c:\\Users\\egoytendia\\.vscode\\extensions\\uqbar.wollok-lsp-ide-0.5.3\\out\\server\\src\\server.js:2384:42)\n    at Qh (c:\\Users\\egoytendia\\.vscode\\extensions\\uqbar.wollok-lsp-ide-0.5.3\\out\\server\\src\\server.js:2384:1092)\n    at k6n (c:\\Users\\egoytendia\\.vscode\\extensions\\uqbar.wollok-lsp-ide-0.5.3\\out\\server\\src\\server.js:2384:1248)\n    at c:\\Users\\egoytendia\\.vscode\\extensions\\uqbar.wollok-lsp-ide-0.5.3\\out\\server\\src\\server.js:38:6131\n    at D2 (c:\\Users\\egoytendia\\.vscode\\extensions\\uqbar.wollok-lsp-ide-0.5.3\\out\\server\\src\\server.js:2384:42)\n    at c:\\Users\\egoytendia\\.vscode\\extensions\\uqbar.wollok-lsp-ide-0.5.3\\out\\server\\src\\server.js:2384:2988\n    at c:\\Users\\egoytendia\\.vscode\\extensions\\uqbar.wollok-lsp-ide-0.5.3\\out\\server\\src\\server.js:2393:8440\n    at c:\\Users\\egoytendia\\.vscode\\extensions\\uqbar.wollok-lsp-ide-0.5.3\\out\\server\\src\\server.js:37:74872\n    at Ye (c:\\Users\\egoytendia\\.vscode\\extensions\\uqbar.wollok-lsp-ide-0.5.3\\out\\server\\src\\server.js:7:8527)","timestamp":"2025-12-13T00:37:53.482Z"}
{"level":"info","message":"⌛ Building environment","timeElapsed":119,"timestamp":"2025-12-13T00:37:53.770Z"}
{"level":"info","message":"⌛ Validating parciales/amongUs/jugadores.wlk","timeElapsed":111,"timestamp":"2025-12-13T00:37:53.882Z"}
{"level":"info","message":"⌛ Validating parciales/amongUs/jugadores.wlk","timeElapsed":109,"timestamp":"2025-12-13T00:37:53.991Z"}
{"level":"info","message":"⌛ Validating parciales/amongUs/jugadores.wlk","timeElapsed":105,"timestamp":"2025-12-13T00:37:54.103Z"}
{"level":"info","message":"⌛ Validating parciales/amongUs/jugadores.wlk","timeElapsed":109,"timestamp":"2025-12-13T00:37:54.212Z"}
{"level":"info","message":"⌛ Building environment","timeElapsed":128,"timestamp":"2025-12-13T00:38:01.479Z"}
{"level":"error","message":"✘ Completions for node Send ([20:5, 20:39] - parciales/amongUs/jugadores.wlk) failed: Error: [Send]{19577d} at parciales/amongUs/jugadores.wlk:20 exhausted all cases without a match [Send]{19577d} at parciales/amongUs/jugadores.wlk:20 exhausted all cases without a match","stack":"Error: [Send]{19577d} at parciales/amongUs/jugadores.wlk:20 exhausted all cases without a match\n    at c:\\Users\\egoytendia\\.vscode\\extensions\\uqbar.wollok-lsp-ide-0.5.3\\out\\server\\src\\server.js:38:6142\n    at D2 (c:\\Users\\egoytendia\\.vscode\\extensions\\uqbar.wollok-lsp-ide-0.5.3\\out\\server\\src\\server.js:2384:42)\n    at Qh (c:\\Users\\egoytendia\\.vscode\\extensions\\uqbar.wollok-lsp-ide-0.5.3\\out\\server\\src\\server.js:2384:1092)\n    at k6n (c:\\Users\\egoytendia\\.vscode\\extensions\\uqbar.wollok-lsp-ide-0.5.3\\out\\server\\src\\server.js:2384:1248)\n    at c:\\Users\\egoytendia\\.vscode\\extensions\\uqbar.wollok-lsp-ide-0.5.3\\out\\server\\src\\server.js:38:6131\n    at D2 (c:\\Users\\egoytendia\\.vscode\\extensions\\uqbar.wollok-lsp-ide-0.5.3\\out\\server\\src\\server.js:2384:42)\n    at c:\\Users\\egoytendia\\.vscode\\extensions\\uqbar.wollok-lsp-ide-0.5.3\\out\\server\\src\\server.js:2384:2988\n    at c:\\Users\\egoytendia\\.vscode\\extensions\\uqbar.wollok-lsp-ide-0.5.3\\out\\server\\src\\server.js:2393:8440\n    at c:\\Users\\egoytendia\\.vscode\\extensions\\uqbar.wollok-lsp-ide-0.5.3\\out\\server\\src\\server.js:37:74872\n    at Ye (c:\\Users\\egoytendia\\.vscode\\extensions\\uqbar.wollok-lsp-ide-0.5.3\\out\\server\\src\\server.js:7:8527)","timestamp":"2025-12-13T00:38:01.512Z"}
{"level":"info","message":"⌛ Validating parciales/amongUs/jugadores.wlk","timeElapsed":126,"timestamp":"2025-12-13T00:38:01.642Z"}
{"level":"info","message":"⌛ Validating parciales/amongUs/jugadores.wlk","timeElapsed":112,"timestamp":"2025-12-13T00:38:01.930Z"}
{"level":"info","message":"⌛ Validating parciales/amongUs/jugadores.wlk","timeElapsed":110,"timestamp":"2025-12-13T00:38:02.121Z"}
{"level":"info","message":"⌛ Validating parciales/amongUs/jugadores.wlk","timeElapsed":109,"timestamp":"2025-12-13T00:38:02.310Z"}
{"level":"info","message":"⌛ Validating parciales/amongUs/jugadores.wlk","timeElapsed":118,"timestamp":"2025-12-13T00:38:02.472Z"}
{"level":"info","message":"⌛ Validating parciales/amongUs/jugadores.wlk","timeElapsed":112,"timestamp":"2025-12-13T00:38:06.745Z"}
{"level":"info","message":"⌛ Validating parciales/amongUs/jugadores.wlk","timeElapsed":106,"timestamp":"2025-12-13T00:38:06.932Z"}
{"level":"info","message":"⌛ Validating parciales/amongUs/jugadores.wlk","timeElapsed":110,"timestamp":"2025-12-13T00:38:07.380Z"}
{"level":"info","message":"⌛ Building environment","timeElapsed":102,"timestamp":"2025-12-13T00:38:07.845Z"}
{"level":"info","message":"⌛ Validating parciales/amongUs/jugadores.wlk","timeElapsed":115,"timestamp":"2025-12-13T00:38:07.961Z"}
{"level":"info","message":"⌛ Validating parciales/amongUs/jugadores.wlk","timeElapsed":115,"timestamp":"2025-12-13T00:38:11.619Z"}
{"level":"info","message":"⌛ Validating parciales/amongUs/jugadores.wlk","timeElapsed":113,"timestamp":"2025-12-13T00:38:11.923Z"}
{"level":"info","message":"⌛ Validating parciales/amongUs/jugadores.wlk","timeElapsed":102,"timestamp":"2025-12-13T00:38:12.025Z"}
{"level":"info","message":"⌛ Validating parciales/amongUs/jugadores.wlk","timeElapsed":112,"timestamp":"2025-12-13T00:38:12.376Z"}
{"level":"info","message":"⌛ Validating parciales/amongUs/jugadores.wlk","timeElapsed":106,"timestamp":"2025-12-13T00:38:12.482Z"}
{"level":"info","message":"⌛ Validating parciales/amongUs/jugadores.wlk","timeElapsed":116,"timestamp":"2025-12-13T00:38:12.827Z"}
{"level":"info","message":"⌛ Validating parciales/amongUs/jugadores.wlk","timeElapsed":109,"timestamp":"2025-12-13T00:38:13.048Z"}
{"level":"info","message":"⌛ Validating parciales/amongUs/jugadores.wlk","timeElapsed":141,"timestamp":"2025-12-13T00:38:13.345Z"}
{"level":"info","message":"⌛ Validating parciales/amongUs/jugadores.wlk","timeElapsed":136,"timestamp":"2025-12-13T00:38:13.481Z"}
{"level":"info","message":"⌛ Validating parciales/amongUs/jugadores.wlk","timeElapsed":103,"timestamp":"2025-12-13T00:38:13.590Z"}
{"level":"info","message":"⌛ Building environment","timeElapsed":119,"timestamp":"2025-12-13T00:38:13.710Z"}
{"level":"info","message":"⌛ Validating parciales/amongUs/jugadores.wlk","timeElapsed":110,"timestamp":"2025-12-13T00:38:13.850Z"}
{"level":"info","message":"⌛ Building environment","timeElapsed":116,"timestamp":"2025-12-13T00:38:14.070Z"}
{"level":"info","message":"⌛ Validating parciales/amongUs/jugadores.wlk","timeElapsed":158,"timestamp":"2025-12-13T00:38:14.351Z"}
{"level":"info","message":"⌛ Validating parciales/amongUs/jugadores.wlk","timeElapsed":124,"timestamp":"2025-12-13T00:38:14.551Z"}
{"level":"info","message":"⌛ Building environment","timeElapsed":101,"timestamp":"2025-12-13T00:38:14.725Z"}
{"level":"info","message":"⌛ Validating parciales/amongUs/jugadores.wlk","timeElapsed":117,"timestamp":"2025-12-13T00:38:14.842Z"}
{"level":"info","message":"⌛ Validating parciales/amongUs/jugadores.wlk","timeElapsed":108,"timestamp":"2025-12-13T00:38:15.154Z"}
{"level":"info","message":"⌛ Validating parciales/amongUs/jugadores.wlk","timeElapsed":111,"timestamp":"2025-12-13T00:38:15.265Z"}
{"level":"info","message":"⌛ Validating parciales/amongUs/jugadores.wlk","timeElapsed":108,"timestamp":"2025-12-13T00:38:15.494Z"}
{"level":"info","message":"⌛ Validating parciales/amongUs/jugadores.wlk","timeElapsed":110,"timestamp":"2025-12-13T00:38:15.768Z"}
{"level":"info","message":"⌛ Validating parciales/amongUs/jugadores.wlk","timeElapsed":108,"timestamp":"2025-12-13T00:38:15.876Z"}
{"level":"info","message":"⌛ Validating parciales/amongUs/jugadores.wlk","timeElapsed":109,"timestamp":"2025-12-13T00:38:15.991Z"}
{"level":"info","message":"⌛ Validating parciales/amongUs/jugadores.wlk","timeElapsed":117,"timestamp":"2025-12-13T00:38:45.616Z"}
{"level":"info","message":"⌛ Validating parciales/amongUs/jugadores.wlk","timeElapsed":110,"timestamp":"2025-12-13T00:38:46.386Z"}
{"level":"error","message":"✘ Completions for node Parameter ([19:31, 19:32] - parciales/amongUs/jugadores.wlk) failed: Error: [Parameter]{2cc1d3} at parciales/amongUs/jugadores.wlk:19 exhausted all cases without a match [Parameter]{2cc1d3} at parciales/amongUs/jugadores.wlk:19 exhausted all cases without a match","stack":"Error: [Parameter]{2cc1d3} at parciales/amongUs/jugadores.wlk:19 exhausted all cases without a match\n    at c:\\Users\\egoytendia\\.vscode\\extensions\\uqbar.wollok-lsp-ide-0.5.3\\out\\server\\src\\server.js:38:6142\n    at D2 (c:\\Users\\egoytendia\\.vscode\\extensions\\uqbar.wollok-lsp-ide-0.5.3\\out\\server\\src\\server.js:2384:42)\n    at c:\\Users\\egoytendia\\.vscode\\extensions\\uqbar.wollok-lsp-ide-0.5.3\\out\\server\\src\\server.js:2384:2988\n    at c:\\Users\\egoytendia\\.vscode\\extensions\\uqbar.wollok-lsp-ide-0.5.3\\out\\server\\src\\server.js:2393:8440\n    at c:\\Users\\egoytendia\\.vscode\\extensions\\uqbar.wollok-lsp-ide-0.5.3\\out\\server\\src\\server.js:37:74872\n    at Ye (c:\\Users\\egoytendia\\.vscode\\extensions\\uqbar.wollok-lsp-ide-0.5.3\\out\\server\\src\\server.js:7:8527)\n    at qt (c:\\Users\\egoytendia\\.vscode\\extensions\\uqbar.wollok-lsp-ide-0.5.3\\out\\server\\src\\server.js:7:6189)\n    at ot (c:\\Users\\egoytendia\\.vscode\\extensions\\uqbar.wollok-lsp-ide-0.5.3\\out\\server\\src\\server.js:7:6378)\n    at Immediate._onImmediate (c:\\Users\\egoytendia\\.vscode\\extensions\\uqbar.wollok-lsp-ide-0.5.3\\out\\server\\src\\server.js:7:6142)\n    at process.processImmediate (node:internal/timers:485:21)","timestamp":"2025-12-13T00:38:46.907Z"}
{"level":"info","message":"⌛ Validating parciales/amongUs/jugadores.wlk","timeElapsed":127,"timestamp":"2025-12-13T00:38:47.044Z"}
{"level":"info","message":"⌛ Validating parciales/amongUs/jugadores.wlk","timeElapsed":123,"timestamp":"2025-12-13T00:38:47.338Z"}
{"level":"info","message":"⌛ Validating parciales/amongUs/jugadores.wlk","timeElapsed":120,"timestamp":"2025-12-13T00:38:47.552Z"}
{"level":"error","message":"✘ Completions for node Parameter ([19:31, 19:36] - parciales/amongUs/jugadores.wlk) failed: Error: [Parameter]{f78b14} at parciales/amongUs/jugadores.wlk:19 exhausted all cases without a match [Parameter]{f78b14} at parciales/amongUs/jugadores.wlk:19 exhausted all cases without a match","stack":"Error: [Parameter]{f78b14} at parciales/amongUs/jugadores.wlk:19 exhausted all cases without a match\n    at c:\\Users\\egoytendia\\.vscode\\extensions\\uqbar.wollok-lsp-ide-0.5.3\\out\\server\\src\\server.js:38:6142\n    at D2 (c:\\Users\\egoytendia\\.vscode\\extensions\\uqbar.wollok-lsp-ide-0.5.3\\out\\server\\src\\server.js:2384:42)\n    at c:\\Users\\egoytendia\\.vscode\\extensions\\uqbar.wollok-lsp-ide-0.5.3\\out\\server\\src\\server.js:2384:2988\n    at c:\\Users\\egoytendia\\.vscode\\extensions\\uqbar.wollok-lsp-ide-0.5.3\\out\\server\\src\\server.js:2393:8440\n    at c:\\Users\\egoytendia\\.vscode\\extensions\\uqbar.wollok-lsp-ide-0.5.3\\out\\server\\src\\server.js:37:74872\n    at Ye (c:\\Users\\egoytendia\\.vscode\\extensions\\uqbar.wollok-lsp-ide-0.5.3\\out\\server\\src\\server.js:7:8527)\n    at qt (c:\\Users\\egoytendia\\.vscode\\extensions\\uqbar.wollok-lsp-ide-0.5.3\\out\\server\\src\\server.js:7:6189)\n    at ot (c:\\Users\\egoytendia\\.vscode\\extensions\\uqbar.wollok-lsp-ide-0.5.3\\out\\server\\src\\server.js:7:6378)\n    at Immediate._onImmediate (c:\\Users\\egoytendia\\.vscode\\extensions\\uqbar.wollok-lsp-ide-0.5.3\\out\\server\\src\\server.js:7:6142)\n    at process.processImmediate (node:internal/timers:485:21)","timestamp":"2025-12-13T00:38:47.655Z"}
{"level":"info","message":"⌛ Validating parciales/amongUs/jugadores.wlk","timeElapsed":115,"timestamp":"2025-12-13T00:38:47.938Z"}
{"level":"info","message":"⌛ Validating parciales/amongUs/jugadores.wlk","timeElapsed":109,"timestamp":"2025-12-13T00:38:48.150Z"}
{"level":"info","message":"⌛ Validating parciales/amongUs/jugadores.wlk","timeElapsed":104,"timestamp":"2025-12-13T00:38:48.259Z"}
{"level":"info","message":"⌛ Validating parciales/amongUs/jugadores.wlk","timeElapsed":107,"timestamp":"2025-12-13T00:38:48.368Z"}
{"level":"info","message":"⌛ Validating parciales/amongUs/jugadores.wlk","timeElapsed":106,"timestamp":"2025-12-13T00:38:48.474Z"}
{"level":"info","message":"⌛ Validating parciales/amongUs/jugadores.wlk","timeElapsed":110,"timestamp":"2025-12-13T00:38:51.493Z"}
{"level":"info","message":"⌛ Validating parciales/amongUs/jugadores.wlk","timeElapsed":120,"timestamp":"2025-12-13T00:39:01.146Z"}
{"level":"info","message":"⌛ Validating parciales/amongUs/jugadores.wlk","timeElapsed":116,"timestamp":"2025-12-13T00:39:01.420Z"}
{"level":"info","message":"⌛ Validating parciales/amongUs/jugadores.wlk","timeElapsed":110,"timestamp":"2025-12-13T00:39:01.644Z"}
{"level":"info","message":"⌛ Validating parciales/amongUs/jugadores.wlk","timeElapsed":106,"timestamp":"2025-12-13T00:39:01.751Z"}
{"level":"info","message":"⌛ Validating parciales/amongUs/jugadores.wlk","timeElapsed":107,"timestamp":"2025-12-13T00:39:01.865Z"}
{"level":"info","message":"⌛ Validating parciales/amongUs/jugadores.wlk","timeElapsed":119,"timestamp":"2025-12-13T00:39:02.758Z"}
{"level":"info","message":"⌛ Building environment","timeElapsed":137,"timestamp":"2025-12-13T00:39:02.895Z"}
{"level":"info","message":"⌛ Validating parciales/amongUs/jugadores.wlk","timeElapsed":117,"timestamp":"2025-12-13T00:39:03.047Z"}
{"level":"info","message":"⌛ Validating parciales/amongUs/jugadores.wlk","timeElapsed":120,"timestamp":"2025-12-13T00:39:03.284Z"}
{"level":"info","message":"⌛ Validating parciales/amongUs/jugadores.wlk","timeElapsed":117,"timestamp":"2025-12-13T00:39:03.612Z"}
{"level":"info","message":"⌛ Building environment","timeElapsed":114,"timestamp":"2025-12-13T00:39:03.728Z"}
{"level":"info","message":"⌛ Validating parciales/amongUs/jugadores.wlk","timeElapsed":123,"timestamp":"2025-12-13T00:39:04.140Z"}
{"level":"info","message":"⌛ Validating parciales/amongUs/jugadores.wlk","timeElapsed":113,"timestamp":"2025-12-13T00:39:04.253Z"}
{"level":"info","message":"⌛ Validating parciales/amongUs/jugadores.wlk","timeElapsed":111,"timestamp":"2025-12-13T00:39:04.370Z"}
{"level":"info","message":"⌛ Validating parciales/amongUs/jugadores.wlk","timeElapsed":107,"timestamp":"2025-12-13T00:39:04.780Z"}
{"level":"info","message":"⌛ Validating parciales/amongUs/jugadores.wlk","timeElapsed":101,"timestamp":"2025-12-13T00:39:04.886Z"}
{"level":"info","message":"⌛ Validating parciales/amongUs/jugadores.wlk","timeElapsed":158,"timestamp":"2025-12-13T00:39:05.046Z"}
{"level":"info","message":"⌛ Validating parciales/amongUs/jugadores.wlk","timeElapsed":111,"timestamp":"2025-12-13T00:39:05.345Z"}
{"level":"info","message":"⌛ Validating parciales/amongUs/jugadores.wlk","timeElapsed":114,"timestamp":"2025-12-13T00:39:06.042Z"}
{"level":"info","message":"⌛ Validating parciales/amongUs/jugadores.wlk","timeElapsed":108,"timestamp":"2025-12-13T00:39:06.429Z"}
{"level":"info","message":"⌛ Validating parciales/amongUs/jugadores.wlk","timeElapsed":106,"timestamp":"2025-12-13T00:39:07.199Z"}
{"level":"error","message":"✘ Completions for node Send (undefined - parciales/amongUs/jugadores.wlk) failed: Error: [Send]{51a771} at parciales/amongUs/jugadores.wlk:-- exhausted all cases without a match [Send]{51a771} at parciales/amongUs/jugadores.wlk:-- exhausted all cases without a match","stack":"Error: [Send]{51a771} at parciales/amongUs/jugadores.wlk:-- exhausted all cases without a match\n    at c:\\Users\\egoytendia\\.vscode\\extensions\\uqbar.wollok-lsp-ide-0.5.3\\out\\server\\src\\server.js:38:6142\n    at D2 (c:\\Users\\egoytendia\\.vscode\\extensions\\uqbar.wollok-lsp-ide-0.5.3\\out\\server\\src\\server.js:2384:42)\n    at Qh (c:\\Users\\egoytendia\\.vscode\\extensions\\uqbar.wollok-lsp-ide-0.5.3\\out\\server\\src\\server.js:2384:1092)\n    at k6n (c:\\Users\\egoytendia\\.vscode\\extensions\\uqbar.wollok-lsp-ide-0.5.3\\out\\server\\src\\server.js:2384:1248)\n    at c:\\Users\\egoytendia\\.vscode\\extensions\\uqbar.wollok-lsp-ide-0.5.3\\out\\server\\src\\server.js:38:6131\n    at D2 (c:\\Users\\egoytendia\\.vscode\\extensions\\uqbar.wollok-lsp-ide-0.5.3\\out\\server\\src\\server.js:2384:42)\n    at c:\\Users\\egoytendia\\.vscode\\extensions\\uqbar.wollok-lsp-ide-0.5.3\\out\\server\\src\\server.js:2384:2988\n    at c:\\Users\\egoytendia\\.vscode\\extensions\\uqbar.wollok-lsp-ide-0.5.3\\out\\server\\src\\server.js:2393:8440\n    at c:\\Users\\egoytendia\\.vscode\\extensions\\uqbar.wollok-lsp-ide-0.5.3\\out\\server\\src\\server.js:37:74872\n    at Ye (c:\\Users\\egoytendia\\.vscode\\extensions\\uqbar.wollok-lsp-ide-0.5.3\\out\\server\\src\\server.js:7:8527)","timestamp":"2025-12-13T00:39:07.576Z"}
{"level":"error","message":"✘ Completions for node Assignment ([24:5, 24:25] - parciales/amongUs/jugadores.wlk) failed: Error: [Assignment]{d9e765} at parciales/amongUs/jugadores.wlk:24 exhausted all cases without a match [Assignment]{d9e765} at parciales/amongUs/jugadores.wlk:24 exhausted all cases without a match","stack":"Error: [Assignment]{d9e765} at parciales/amongUs/jugadores.wlk:24 exhausted all cases without a match\n    at c:\\Users\\egoytendia\\.vscode\\extensions\\uqbar.wollok-lsp-ide-0.5.3\\out\\server\\src\\server.js:38:6142\n    at D2 (c:\\Users\\egoytendia\\.vscode\\extensions\\uqbar.wollok-lsp-ide-0.5.3\\out\\server\\src\\server.js:2384:42)\n    at Qh (c:\\Users\\egoytendia\\.vscode\\extensions\\uqbar.wollok-lsp-ide-0.5.3\\out\\server\\src\\server.js:2384:1092)\n    at D2 (c:\\Users\\egoytendia\\.vscode\\extensions\\uqbar.wollok-lsp-ide-0.5.3\\out\\server\\src\\server.js:2384:544)\n    at Qh (c:\\Users\\egoytendia\\.vscode\\extensions\\uqbar.wollok-lsp-ide-0.5.3\\out\\server\\src\\server.js:2384:1092)\n    at k6n (c:\\Users\\egoytendia\\.vscode\\extensions\\uqbar.wollok-lsp-ide-0.5.3\\out\\server\\src\\server.js:2384:1248)\n    at c:\\Users\\egoytendia\\.vscode\\extensions\\uqbar.wollok-lsp-ide-0.5.3\\out\\server\\src\\server.js:38:6131\n    at D2 (c:\\Users\\egoytendia\\.vscode\\extensions\\uqbar.wollok-lsp-ide-0.5.3\\out\\server\\src\\server.js:2384:42)\n    at c:\\Users\\egoytendia\\.vscode\\extensions\\uqbar.wollok-lsp-ide-0.5.3\\out\\server\\src\\server.js:2384:2988\n    at c:\\Users\\egoytendia\\.vscode\\extensions\\uqbar.wollok-lsp-ide-0.5.3\\out\\server\\src\\server.js:2393:8440","timestamp":"2025-12-13T00:39:07.577Z"}
{"level":"info","message":"⌛ Validating parciales/amongUs/jugadores.wlk","timeElapsed":114,"timestamp":"2025-12-13T00:39:07.696Z"}
{"level":"info","message":"⌛ Validating parciales/amongUs/jugadores.wlk","timeElapsed":122,"timestamp":"2025-12-13T00:39:07.994Z"}
{"level":"info","message":"⌛ Validating parciales/amongUs/jugadores.wlk","timeElapsed":157,"timestamp":"2025-12-13T00:39:08.230Z"}
{"level":"error","message":"✘ Completions for node Send (undefined - parciales/amongUs/jugadores.wlk) failed: Error: [Send]{715fcd} at parciales/amongUs/jugadores.wlk:-- exhausted all cases without a match [Send]{715fcd} at parciales/amongUs/jugadores.wlk:-- exhausted all cases without a match","stack":"Error: [Send]{715fcd} at parciales/amongUs/jugadores.wlk:-- exhausted all cases without a match\n    at c:\\Users\\egoytendia\\.vscode\\extensions\\uqbar.wollok-lsp-ide-0.5.3\\out\\server\\src\\server.js:38:6142\n    at D2 (c:\\Users\\egoytendia\\.vscode\\extensions\\uqbar.wollok-lsp-ide-0.5.3\\out\\server\\src\\server.js:2384:42)\n    at Qh (c:\\Users\\egoytendia\\.vscode\\extensions\\uqbar.wollok-lsp-ide-0.5.3\\out\\server\\src\\server.js:2384:1092)\n    at k6n (c:\\Users\\egoytendia\\.vscode\\extensions\\uqbar.wollok-lsp-ide-0.5.3\\out\\server\\src\\server.js:2384:1248)\n    at c:\\Users\\egoytendia\\.vscode\\extensions\\uqbar.wollok-lsp-ide-0.5.3\\out\\server\\src\\server.js:38:6131\n    at D2 (c:\\Users\\egoytendia\\.vscode\\extensions\\uqbar.wollok-lsp-ide-0.5.3\\out\\server\\src\\server.js:2384:42)\n    at c:\\Users\\egoytendia\\.vscode\\extensions\\uqbar.wollok-lsp-ide-0.5.3\\out\\server\\src\\server.js:2384:2988\n    at c:\\Users\\egoytendia\\.vscode\\extensions\\uqbar.wollok-lsp-ide-0.5.3\\out\\server\\src\\server.js:2393:8440\n    at c:\\Users\\egoytendia\\.vscode\\extensions\\uqbar.wollok-lsp-ide-0.5.3\\out\\server\\src\\server.js:37:74872\n    at Ye (c:\\Users\\egoytendia\\.vscode\\extensions\\uqbar.wollok-lsp-ide-0.5.3\\out\\server\\src\\server.js:7:8527)","timestamp":"2025-12-13T00:39:08.352Z"}
{"level":"error","message":"✘ Completions for node Assignment ([24:5, 24:29] - parciales/amongUs/jugadores.wlk) failed: Error: [Assignment]{7fd696} at parciales/amongUs/jugadores.wlk:24 exhausted all cases without a match [Assignment]{7fd696} at parciales/amongUs/jugadores.wlk:24 exhausted all cases without a match","stack":"Error: [Assignment]{7fd696} at parciales/amongUs/jugadores.wlk:24 exhausted all cases without a match\n    at c:\\Users\\egoytendia\\.vscode\\extensions\\uqbar.wollok-lsp-ide-0.5.3\\out\\server\\src\\server.js:38:6142\n    at D2 (c:\\Users\\egoytendia\\.vscode\\extensions\\uqbar.wollok-lsp-ide-0.5.3\\out\\server\\src\\server.js:2384:42)\n    at Qh (c:\\Users\\egoytendia\\.vscode\\extensions\\uqbar.wollok-lsp-ide-0.5.3\\out\\server\\src\\server.js:2384:1092)\n    at D2 (c:\\Users\\egoytendia\\.vscode\\extensions\\uqbar.wollok-lsp-ide-0.5.3\\out\\server\\src\\server.js:2384:544)\n    at Qh (c:\\Users\\egoytendia\\.vscode\\extensions\\uqbar.wollok-lsp-ide-0.5.3\\out\\server\\src\\server.js:2384:1092)\n    at k6n (c:\\Users\\egoytendia\\.vscode\\extensions\\uqbar.wollok-lsp-ide-0.5.3\\out\\server\\src\\server.js:2384:1248)\n    at c:\\Users\\egoytendia\\.vscode\\extensions\\uqbar.wollok-lsp-ide-0.5.3\\out\\server\\src\\server.js:38:6131\n    at D2 (c:\\Users\\egoytendia\\.vscode\\extensions\\uqbar.wollok-lsp-ide-0.5.3\\out\\server\\src\\server.js:2384:42)\n    at c:\\Users\\egoytendia\\.vscode\\extensions\\uqbar.wollok-lsp-ide-0.5.3\\out\\server\\src\\server.js:2384:2988\n    at c:\\Users\\egoytendia\\.vscode\\extensions\\uqbar.wollok-lsp-ide-0.5.3\\out\\server\\src\\server.js:2393:8440","timestamp":"2025-12-13T00:39:08.352Z"}
{"level":"info","message":"⌛ Validating parciales/amongUs/jugadores.wlk","timeElapsed":110,"timestamp":"2025-12-13T00:39:08.560Z"}
{"level":"info","message":"⌛ Building environment","timeElapsed":194,"timestamp":"2025-12-13T00:39:08.754Z"}
{"level":"info","message":"⌛ Validating parciales/amongUs/jugadores.wlk","timeElapsed":111,"timestamp":"2025-12-13T00:39:08.956Z"}
{"level":"info","message":"⌛ Validating parciales/amongUs/jugadores.wlk","timeElapsed":106,"timestamp":"2025-12-13T00:39:09.168Z"}
{"level":"info","message":"⌛ Validating parciales/amongUs/jugadores.wlk","timeElapsed":142,"timestamp":"2025-12-13T00:39:09.311Z"}
{"level":"info","message":"⌛ Validating parciales/amongUs/jugadores.wlk","timeElapsed":114,"timestamp":"2025-12-13T00:39:10.616Z"}
{"level":"info","message":"⌛ Building environment","timeElapsed":119,"timestamp":"2025-12-13T00:39:30.148Z"}
{"level":"info","message":"⌛ Validating parciales/amongUs/tareas.wlk","timeElapsed":115,"timestamp":"2025-12-13T00:39:30.266Z"}
{"level":"info","message":"⌛ Validating parciales/amongUs/tareas.wlk","timeElapsed":110,"timestamp":"2025-12-13T00:39:30.470Z"}
{"level":"info","message":"⌛ Building environment","timeElapsed":109,"timestamp":"2025-12-13T00:43:29.903Z"}
{"level":"info","message":"⌛ Validating parciales/amongUs/tareas.wlk","timeElapsed":144,"timestamp":"2025-12-13T00:43:30.048Z"}
{"level":"info","message":"⌛ Validating parciales/amongUs/tareas.wlk","timeElapsed":115,"timestamp":"2025-12-13T00:43:31.871Z"}
{"level":"info","message":"⌛ Building environment","timeElapsed":102,"timestamp":"2025-12-13T00:44:05.416Z"}
{"level":"info","message":"⌛ Validating parciales/amongUs/jugadores.wlk","timeElapsed":134,"timestamp":"2025-12-13T00:44:05.551Z"}
{"level":"info","message":"⌛ Validating parciales/amongUs/jugadores.wlk","timeElapsed":131,"timestamp":"2025-12-13T00:44:05.772Z"}
{"level":"info","message":"⌛ Building environment","timeElapsed":105,"timestamp":"2025-12-13T00:44:06.679Z"}
{"level":"info","message":"⌛ Validating parciales/amongUs/jugadores.wlk","timeElapsed":113,"timestamp":"2025-12-13T00:44:06.907Z"}
{"level":"info","message":"⌛ Validating parciales/amongUs/jugadores.wlk","timeElapsed":133,"timestamp":"2025-12-13T00:44:07.040Z"}
{"level":"info","message":"⌛ Validating parciales/amongUs/jugadores.wlk","timeElapsed":105,"timestamp":"2025-12-13T00:44:07.312Z"}
{"level":"info","message":"⌛ Validating parciales/amongUs/jugadores.wlk","timeElapsed":112,"timestamp":"2025-12-13T00:44:07.424Z"}
{"level":"info","message":"⌛ Building environment","timeElapsed":109,"timestamp":"2025-12-13T00:44:07.660Z"}
{"level":"info","message":"⌛ Building environment","timeElapsed":153,"timestamp":"2025-12-13T00:44:07.868Z"}
{"level":"info","message":"⌛ Validating parciales/amongUs/jugadores.wlk","timeElapsed":123,"timestamp":"2025-12-13T00:44:07.991Z"}
{"level":"info","message":"⌛ Validating parciales/amongUs/jugadores.wlk","timeElapsed":113,"timestamp":"2025-12-13T00:44:08.322Z"}
{"level":"info","message":"⌛ Validating parciales/amongUs/jugadores.wlk","timeElapsed":112,"timestamp":"2025-12-13T00:44:08.514Z"}
{"level":"info","message":"⌛ Validating parciales/amongUs/jugadores.wlk","timeElapsed":104,"timestamp":"2025-12-13T00:44:08.650Z"}
{"level":"info","message":"⌛ Validating parciales/amongUs/jugadores.wlk","timeElapsed":107,"timestamp":"2025-12-13T00:44:08.880Z"}
{"level":"info","message":"⌛ Validating parciales/amongUs/jugadores.wlk","timeElapsed":113,"timestamp":"2025-12-13T00:44:09.073Z"}
{"level":"info","message":"⌛ Validating parciales/amongUs/jugadores.wlk","timeElapsed":115,"timestamp":"2025-12-13T00:44:09.273Z"}
{"level":"info","message":"⌛ Validating parciales/amongUs/jugadores.wlk","timeElapsed":109,"timestamp":"2025-12-13T00:44:09.484Z"}
{"level":"info","message":"⌛ Validating parciales/amongUs/jugadores.wlk","timeElapsed":108,"timestamp":"2025-12-13T00:44:09.664Z"}
{"level":"info","message":"⌛ Validating parciales/amongUs/jugadores.wlk","timeElapsed":103,"timestamp":"2025-12-13T00:44:09.871Z"}
{"level":"info","message":"⌛ Validating parciales/amongUs/jugadores.wlk","timeElapsed":111,"timestamp":"2025-12-13T00:44:10.067Z"}
{"level":"info","message":"⌛ Validating parciales/amongUs/jugadores.wlk","timeElapsed":135,"timestamp":"2025-12-13T00:44:10.208Z"}
{"level":"info","message":"⌛ Validating parciales/amongUs/jugadores.wlk","timeElapsed":111,"timestamp":"2025-12-13T00:44:10.504Z"}
{"level":"info","message":"⌛ Validating parciales/amongUs/jugadores.wlk","timeElapsed":102,"timestamp":"2025-12-13T00:44:10.606Z"}
{"level":"info","message":"⌛ Validating parciales/amongUs/jugadores.wlk","timeElapsed":114,"timestamp":"2025-12-13T00:44:11.334Z"}
{"level":"info","message":"⌛ Validating parciales/amongUs/jugadores.wlk","timeElapsed":104,"timestamp":"2025-12-13T00:44:11.649Z"}
{"level":"info","message":"⌛ Building environment","timeElapsed":169,"timestamp":"2025-12-13T00:44:39.931Z"}
{"level":"info","message":"⌛ Validating parciales/amongUs/jugadores.wlk","timeElapsed":123,"timestamp":"2025-12-13T00:44:40.093Z"}
{"level":"info","message":"⌛ Validating parciales/amongUs/jugadores.wlk","timeElapsed":109,"timestamp":"2025-12-13T00:44:40.290Z"}
{"level":"info","message":"⌛ Validating parciales/amongUs/jugadores.wlk","timeElapsed":105,"timestamp":"2025-12-13T00:44:40.487Z"}
{"level":"info","message":"⌛ Validating parciales/amongUs/jugadores.wlk","timeElapsed":106,"timestamp":"2025-12-13T00:44:41.037Z"}
{"level":"info","message":"⌛ Validating parciales/amongUs/jugadores.wlk","timeElapsed":111,"timestamp":"2025-12-13T00:44:41.149Z"}
{"level":"info","message":"⌛ Validating parciales/amongUs/jugadores.wlk","timeElapsed":103,"timestamp":"2025-12-13T00:44:41.451Z"}
{"level":"info","message":"⌛ Building environment","timeElapsed":106,"timestamp":"2025-12-13T00:44:41.925Z"}
{"level":"info","message":"⌛ Validating parciales/amongUs/jugadores.wlk","timeElapsed":108,"timestamp":"2025-12-13T00:44:42.150Z"}
{"level":"info","message":"⌛ Validating parciales/amongUs/jugadores.wlk","timeElapsed":115,"timestamp":"2025-12-13T00:44:42.473Z"}
{"level":"info","message":"⌛ Building environment","timeElapsed":126,"timestamp":"2025-12-13T00:44:42.600Z"}
{"level":"info","message":"⌛ Building environment","timeElapsed":140,"timestamp":"2025-12-13T00:44:42.841Z"}
{"level":"info","message":"⌛ Validating parciales/amongUs/jugadores.wlk","timeElapsed":108,"timestamp":"2025-12-13T00:44:42.961Z"}
{"level":"info","message":"⌛ Validating parciales/amongUs/jugadores.wlk","timeElapsed":112,"timestamp":"2025-12-13T00:44:43.633Z"}
{"level":"info","message":"⌛ Validating parciales/amongUs/jugadores.wlk","timeElapsed":102,"timestamp":"2025-12-13T00:44:43.813Z"}
{"level":"info","message":"⌛ Building environment","timeElapsed":104,"timestamp":"2025-12-13T00:44:44.144Z"}
{"level":"info","message":"⌛ Validating parciales/amongUs/jugadores.wlk","timeElapsed":111,"timestamp":"2025-12-13T00:44:44.260Z"}
{"level":"info","message":"⌛ Validating parciales/amongUs/jugadores.wlk","timeElapsed":107,"timestamp":"2025-12-13T00:44:44.548Z"}
{"level":"info","message":"⌛ Building environment","timeElapsed":108,"timestamp":"2025-12-13T00:44:45.456Z"}
{"level":"info","message":"⌛ Validating parciales/amongUs/jugadores.wlk","timeElapsed":104,"timestamp":"2025-12-13T00:44:45.561Z"}
{"level":"info","message":"⌛ Validating parciales/amongUs/jugadores.wlk","timeElapsed":115,"timestamp":"2025-12-13T00:44:47.155Z"}
{"level":"info","message":"⌛ Validating parciales/amongUs/jugadores.wlk","timeElapsed":107,"timestamp":"2025-12-13T00:44:47.424Z"}
{"level":"info","message":"⌛ Validating parciales/amongUs/jugadores.wlk","timeElapsed":150,"timestamp":"2025-12-13T00:44:47.660Z"}
{"level":"info","message":"⌛ Building environment","timeElapsed":103,"timestamp":"2025-12-13T00:44:47.763Z"}
{"level":"info","message":"⌛ Validating parciales/amongUs/jugadores.wlk","timeElapsed":112,"timestamp":"2025-12-13T00:44:47.875Z"}
{"level":"info","message":"⌛ Validating parciales/amongUs/jugadores.wlk","timeElapsed":107,"timestamp":"2025-12-13T00:44:48.217Z"}
{"level":"info","message":"⌛ Validating parciales/amongUs/jugadores.wlk","timeElapsed":110,"timestamp":"2025-12-13T00:44:48.486Z"}
{"level":"info","message":"⌛ Building environment","timeElapsed":152,"timestamp":"2025-12-13T00:44:48.974Z"}
{"level":"info","message":"⌛ Validating parciales/amongUs/jugadores.wlk","timeElapsed":102,"timestamp":"2025-12-13T00:44:49.076Z"}
{"level":"info","message":"⌛ Validating parciales/amongUs/jugadores.wlk","timeElapsed":113,"timestamp":"2025-12-13T00:44:49.388Z"}
{"level":"info","message":"⌛ Validating parciales/amongUs/jugadores.wlk","timeElapsed":106,"timestamp":"2025-12-13T00:44:49.494Z"}
{"level":"info","message":"⌛ Building environment","timeElapsed":125,"timestamp":"2025-12-13T01:00:06.456Z"}
{"level":"error","message":"✘ Completions for node Send ([12:8, 12:24] - parciales/amongUs/tareas.wlk) failed: Error: [Send]{6234a8} at parciales/amongUs/tareas.wlk:12 exhausted all cases without a match [Send]{6234a8} at parciales/amongUs/tareas.wlk:12 exhausted all cases without a match","stack":"Error: [Send]{6234a8} at parciales/amongUs/tareas.wlk:12 exhausted all cases without a match\n    at c:\\Users\\egoytendia\\.vscode\\extensions\\uqbar.wollok-lsp-ide-0.5.3\\out\\server\\src\\server.js:38:6142\n    at D2 (c:\\Users\\egoytendia\\.vscode\\extensions\\uqbar.wollok-lsp-ide-0.5.3\\out\\server\\src\\server.js:2384:42)\n    at c:\\Users\\egoytendia\\.vscode\\extensions\\uqbar.wollok-lsp-ide-0.5.3\\out\\server\\src\\server.js:2384:2988\n    at c:\\Users\\egoytendia\\.vscode\\extensions\\uqbar.wollok-lsp-ide-0.5.3\\out\\server\\src\\server.js:2393:8440\n    at c:\\Users\\egoytendia\\.vscode\\extensions\\uqbar.wollok-lsp-ide-0.5.3\\out\\server\\src\\server.js:37:74872\n    at Ye (c:\\Users\\egoytendia\\.vscode\\extensions\\uqbar.wollok-lsp-ide-0.5.3\\out\\server\\src\\server.js:7:8527)\n    at qt (c:\\Users\\egoytendia\\.vscode\\extensions\\uqbar.wollok-lsp-ide-0.5.3\\out\\server\\src\\server.js:7:6189)\n    at ot (c:\\Users\\egoytendia\\.vscode\\extensions\\uqbar.wollok-lsp-ide-0.5.3\\out\\server\\src\\server.js:7:6378)\n    at Immediate._onImmediate (c:\\Users\\egoytendia\\.vscode\\extensions\\uqbar.wollok-lsp-ide-0.5.3\\out\\server\\src\\server.js:7:6142)\n    at process.processImmediate (node:internal/timers:485:21)","timestamp":"2025-12-13T01:00:06.524Z"}
{"level":"error","message":"✘ Completions for node If ([12:5, 14:6] - parciales/amongUs/tareas.wlk) failed: Error: [If]{165971} at parciales/amongUs/tareas.wlk:12 exhausted all cases without a match [If]{165971} at parciales/amongUs/tareas.wlk:12 exhausted all cases without a match","stack":"Error: [If]{165971} at parciales/amongUs/tareas.wlk:12 exhausted all cases without a match\n    at c:\\Users\\egoytendia\\.vscode\\extensions\\uqbar.wollok-lsp-ide-0.5.3\\out\\server\\src\\server.js:38:6142\n    at D2 (c:\\Users\\egoytendia\\.vscode\\extensions\\uqbar.wollok-lsp-ide-0.5.3\\out\\server\\src\\server.js:2384:42)\n    at Qh (c:\\Users\\egoytendia\\.vscode\\extensions\\uqbar.wollok-lsp-ide-0.5.3\\out\\server\\src\\server.js:2384:1092)\n    at D2 (c:\\Users\\egoytendia\\.vscode\\extensions\\uqbar.wollok-lsp-ide-0.5.3\\out\\server\\src\\server.js:2384:544)\n    at c:\\Users\\egoytendia\\.vscode\\extensions\\uqbar.wollok-lsp-ide-0.5.3\\out\\server\\src\\server.js:2384:2988\n    at c:\\Users\\egoytendia\\.vscode\\extensions\\uqbar.wollok-lsp-ide-0.5.3\\out\\server\\src\\server.js:2393:8440\n    at c:\\Users\\egoytendia\\.vscode\\extensions\\uqbar.wollok-lsp-ide-0.5.3\\out\\server\\src\\server.js:37:74872\n    at Ye (c:\\Users\\egoytendia\\.vscode\\extensions\\uqbar.wollok-lsp-ide-0.5.3\\out\\server\\src\\server.js:7:8527)\n    at qt (c:\\Users\\egoytendia\\.vscode\\extensions\\uqbar.wollok-lsp-ide-0.5.3\\out\\server\\src\\server.js:7:6189)\n    at ot (c:\\Users\\egoytendia\\.vscode\\extensions\\uqbar.wollok-lsp-ide-0.5.3\\out\\server\\src\\server.js:7:6378)","timestamp":"2025-12-13T01:00:06.524Z"}
{"level":"info","message":"⌛ Validating parciales/amongUs/tareas.wlk","timeElapsed":117,"timestamp":"2025-12-13T01:00:06.654Z"}
{"level":"error","message":"✘ Completions for node Send ([12:8, 12:25] - parciales/amongUs/tareas.wlk) failed: Error: [Send]{39b839} at parciales/amongUs/tareas.wlk:12 exhausted all cases without a match [Send]{39b839} at parciales/amongUs/tareas.wlk:12 exhausted all cases without a match","stack":"Error: [Send]{39b839} at parciales/amongUs/tareas.wlk:12 exhausted all cases without a match\n    at c:\\Users\\egoytendia\\.vscode\\extensions\\uqbar.wollok-lsp-ide-0.5.3\\out\\server\\src\\server.js:38:6142\n    at D2 (c:\\Users\\egoytendia\\.vscode\\extensions\\uqbar.wollok-lsp-ide-0.5.3\\out\\server\\src\\server.js:2384:42)\n    at c:\\Users\\egoytendia\\.vscode\\extensions\\uqbar.wollok-lsp-ide-0.5.3\\out\\server\\src\\server.js:2384:2988\n    at c:\\Users\\egoytendia\\.vscode\\extensions\\uqbar.wollok-lsp-ide-0.5.3\\out\\server\\src\\server.js:2393:8440\n    at c:\\Users\\egoytendia\\.vscode\\extensions\\uqbar.wollok-lsp-ide-0.5.3\\out\\server\\src\\server.js:37:74872\n    at Ye (c:\\Users\\egoytendia\\.vscode\\extensions\\uqbar.wollok-lsp-ide-0.5.3\\out\\server\\src\\server.js:7:8527)\n    at qt (c:\\Users\\egoytendia\\.vscode\\extensions\\uqbar.wollok-lsp-ide-0.5.3\\out\\server\\src\\server.js:7:6189)\n    at ot (c:\\Users\\egoytendia\\.vscode\\extensions\\uqbar.wollok-lsp-ide-0.5.3\\out\\server\\src\\server.js:7:6378)\n    at Immediate._onImmediate (c:\\Users\\egoytendia\\.vscode\\extensions\\uqbar.wollok-lsp-ide-0.5.3\\out\\server\\src\\server.js:7:6142)\n    at process.processImmediate (node:internal/timers:485:21)","timestamp":"2025-12-13T01:00:06.815Z"}
{"level":"error","message":"✘ Completions for node If ([12:5, 14:6] - parciales/amongUs/tareas.wlk) failed: Error: [If]{30f571} at parciales/amongUs/tareas.wlk:12 exhausted all cases without a match [If]{30f571} at parciales/amongUs/tareas.wlk:12 exhausted all cases without a match","stack":"Error: [If]{30f571} at parciales/amongUs/tareas.wlk:12 exhausted all cases without a match\n    at c:\\Users\\egoytendia\\.vscode\\extensions\\uqbar.wollok-lsp-ide-0.5.3\\out\\server\\src\\server.js:38:6142\n    at D2 (c:\\Users\\egoytendia\\.vscode\\extensions\\uqbar.wollok-lsp-ide-0.5.3\\out\\server\\src\\server.js:2384:42)\n    at Qh (c:\\Users\\egoytendia\\.vscode\\extensions\\uqbar.wollok-lsp-ide-0.5.3\\out\\server\\src\\server.js:2384:1092)\n    at D2 (c:\\Users\\egoytendia\\.vscode\\extensions\\uqbar.wollok-lsp-ide-0.5.3\\out\\server\\src\\server.js:2384:544)\n    at c:\\Users\\egoytendia\\.vscode\\extensions\\uqbar.wollok-lsp-ide-0.5.3\\out\\server\\src\\server.js:2384:2988\n    at c:\\Users\\egoytendia\\.vscode\\extensions\\uqbar.wollok-lsp-ide-0.5.3\\out\\server\\src\\server.js:2393:8440\n    at c:\\Users\\egoytendia\\.vscode\\extensions\\uqbar.wollok-lsp-ide-0.5.3\\out\\server\\src\\server.js:37:74872\n    at Ye (c:\\Users\\egoytendia\\.vscode\\extensions\\uqbar.wollok-lsp-ide-0.5.3\\out\\server\\src\\server.js:7:8527)\n    at qt (c:\\Users\\egoytendia\\.vscode\\extensions\\uqbar.wollok-lsp-ide-0.5.3\\out\\server\\src\\server.js:7:6189)\n    at ot (c:\\Users\\egoytendia\\.vscode\\extensions\\uqbar.wollok-lsp-ide-0.5.3\\out\\server\\src\\server.js:7:6378)","timestamp":"2025-12-13T01:00:06.815Z"}
{"level":"info","message":"⌛ Validating parciales/amongUs/tareas.wlk","timeElapsed":112,"timestamp":"2025-12-13T01:00:07.022Z"}
{"level":"info","message":"⌛ Validating parciales/amongUs/tareas.wlk","timeElapsed":134,"timestamp":"2025-12-13T01:00:07.236Z"}
{"level":"info","message":"⌛ Validating parciales/amongUs/tareas.wlk","timeElapsed":102,"timestamp":"2025-12-13T01:00:07.342Z"}
{"level":"info","message":"⌛ Building environment","timeElapsed":101,"timestamp":"2025-12-13T01:00:08.449Z"}
{"level":"info","message":"⌛ Validating parciales/amongUs/tareas.wlk","timeElapsed":112,"timestamp":"2025-12-13T01:00:08.563Z"}
{"level":"info","message":"⌛ Validating parciales/amongUs/tareas.wlk","timeElapsed":105,"timestamp":"2025-12-13T01:00:08.740Z"}
{"level":"info","message":"⌛ Validating parciales/amongUs/tareas.wlk","timeElapsed":126,"timestamp":"2025-12-13T01:00:09.789Z"}
{"level":"info","message":"⌛ Validating parciales/amongUs/tareas.wlk","timeElapsed":111,"timestamp":"2025-12-13T01:00:10.066Z"}
{"level":"info","message":"⌛ Validating parciales/amongUs/tareas.wlk","timeElapsed":106,"timestamp":"2025-12-13T01:00:10.259Z"}
{"level":"info","message":"⌛ Validating parciales/amongUs/tareas.wlk","timeElapsed":109,"timestamp":"2025-12-13T01:00:10.722Z"}
{"level":"info","message":"⌛ Building environment","timeElapsed":123,"timestamp":"2025-12-13T01:00:10.922Z"}
{"level":"info","message":"⌛ Validating parciales/amongUs/tareas.wlk","timeElapsed":118,"timestamp":"2025-12-13T01:00:11.040Z"}
{"level":"info","message":"⌛ Validating parciales/amongUs/tareas.wlk","timeElapsed":102,"timestamp":"2025-12-13T01:00:11.142Z"}
{"level":"info","message":"⌛ Validating parciales/amongUs/tareas.wlk","timeElapsed":110,"timestamp":"2025-12-13T01:00:11.481Z"}
{"level":"info","message":"⌛ Validating parciales/amongUs/tareas.wlk","timeElapsed":101,"timestamp":"2025-12-13T01:00:11.921Z"}
{"level":"info","message":"⌛ Validating parciales/amongUs/jugadores.wlk","timeElapsed":103,"timestamp":"2025-12-13T01:00:18.780Z"}
{"level":"error","message":"✘ Completions for node Parameter ([27:20, 27:21] - parciales/amongUs/jugadores.wlk) failed: Error: [Parameter]{53234e} at parciales/amongUs/jugadores.wlk:27 exhausted all cases without a match [Parameter]{53234e} at parciales/amongUs/jugadores.wlk:27 exhausted all cases without a match","stack":"Error: [Parameter]{53234e} at parciales/amongUs/jugadores.wlk:27 exhausted all cases without a match\n    at c:\\Users\\egoytendia\\.vscode\\extensions\\uqbar.wollok-lsp-ide-0.5.3\\out\\server\\src\\server.js:38:6142\n    at D2 (c:\\Users\\egoytendia\\.vscode\\extensions\\uqbar.wollok-lsp-ide-0.5.3\\out\\server\\src\\server.js:2384:42)\n    at c:\\Users\\egoytendia\\.vscode\\extensions\\uqbar.wollok-lsp-ide-0.5.3\\out\\server\\src\\server.js:2384:2988\n    at c:\\Users\\egoytendia\\.vscode\\extensions\\uqbar.wollok-lsp-ide-0.5.3\\out\\server\\src\\server.js:2393:8440\n    at c:\\Users\\egoytendia\\.vscode\\extensions\\uqbar.wollok-lsp-ide-0.5.3\\out\\server\\src\\server.js:37:74872\n    at Ye (c:\\Users\\egoytendia\\.vscode\\extensions\\uqbar.wollok-lsp-ide-0.5.3\\out\\server\\src\\server.js:7:8527)\n    at qt (c:\\Users\\egoytendia\\.vscode\\extensions\\uqbar.wollok-lsp-ide-0.5.3\\out\\server\\src\\server.js:7:6189)\n    at ot (c:\\Users\\egoytendia\\.vscode\\extensions\\uqbar.wollok-lsp-ide-0.5.3\\out\\server\\src\\server.js:7:6378)\n    at Immediate._onImmediate (c:\\Users\\egoytendia\\.vscode\\extensions\\uqbar.wollok-lsp-ide-0.5.3\\out\\server\\src\\server.js:7:6142)\n    at process.processImmediate (node:internal/timers:485:21)","timestamp":"2025-12-13T01:00:19.903Z"}
{"level":"info","message":"⌛ Building environment","timeElapsed":117,"timestamp":"2025-12-13T01:00:20.053Z"}
{"level":"info","message":"⌛ Building environment","timeElapsed":122,"timestamp":"2025-12-13T01:00:20.275Z"}
{"level":"error","message":"✘ Completions for node Parameter ([27:20, 27:24] - parciales/amongUs/jugadores.wlk) failed: Error: [Parameter]{889da9} at parciales/amongUs/jugadores.wlk:27 exhausted all cases without a match [Parameter]{889da9} at parciales/amongUs/jugadores.wlk:27 exhausted all cases without a match","stack":"Error: [Parameter]{889da9} at parciales/amongUs/jugadores.wlk:27 exhausted all cases without a match\n    at c:\\Users\\egoytendia\\.vscode\\extensions\\uqbar.wollok-lsp-ide-0.5.3\\out\\server\\src\\server.js:38:6142\n    at D2 (c:\\Users\\egoytendia\\.vscode\\extensions\\uqbar.wollok-lsp-ide-0.5.3\\out\\server\\src\\server.js:2384:42)\n    at c:\\Users\\egoytendia\\.vscode\\extensions\\uqbar.wollok-lsp-ide-0.5.3\\out\\server\\src\\server.js:2384:2988\n    at c:\\Users\\egoytendia\\.vscode\\extensions\\uqbar.wollok-lsp-ide-0.5.3\\out\\server\\src\\server.js:2393:8440\n    at c:\\Users\\egoytendia\\.vscode\\extensions\\uqbar.wollok-lsp-ide-0.5.3\\out\\server\\src\\server.js:37:74872\n    at Ye (c:\\Users\\egoytendia\\.vscode\\extensions\\uqbar.wollok-lsp-ide-0.5.3\\out\\server\\src\\server.js:7:8527)\n    at qt (c:\\Users\\egoytendia\\.vscode\\extensions\\uqbar.wollok-lsp-ide-0.5.3\\out\\server\\src\\server.js:7:6189)\n    at ot (c:\\Users\\egoytendia\\.vscode\\extensions\\uqbar.wollok-lsp-ide-0.5.3\\out\\server\\src\\server.js:7:6378)\n    at Immediate._onImmediate (c:\\Users\\egoytendia\\.vscode\\extensions\\uqbar.wollok-lsp-ide-0.5.3\\out\\server\\src\\server.js:7:6142)\n    at process.processImmediate (node:internal/timers:485:21)","timestamp":"2025-12-13T01:00:20.380Z"}
{"level":"info","message":"⌛ Validating parciales/amongUs/jugadores.wlk","timeElapsed":110,"timestamp":"2025-12-13T01:00:20.493Z"}
{"level":"info","message":"⌛ Validating parciales/amongUs/jugadores.wlk","timeElapsed":101,"timestamp":"2025-12-13T01:00:20.596Z"}
{"level":"info","message":"⌛ Building environment","timeElapsed":137,"timestamp":"2025-12-13T01:00:26.022Z"}
{"level":"error","message":"✘ Completions for node Send ([28:5, 28:24] - parciales/amongUs/jugadores.wlk) failed: Error: [Send]{cf7179} at parciales/amongUs/jugadores.wlk:28 exhausted all cases without a match [Send]{cf7179} at parciales/amongUs/jugadores.wlk:28 exhausted all cases without a match","stack":"Error: [Send]{cf7179} at parciales/amongUs/jugadores.wlk:28 exhausted all cases without a match\n    at c:\\Users\\egoytendia\\.vscode\\extensions\\uqbar.wollok-lsp-ide-0.5.3\\out\\server\\src\\server.js:38:6142\n    at D2 (c:\\Users\\egoytendia\\.vscode\\extensions\\uqbar.wollok-lsp-ide-0.5.3\\out\\server\\src\\server.js:2384:42)\n    at Qh (c:\\Users\\egoytendia\\.vscode\\extensions\\uqbar.wollok-lsp-ide-0.5.3\\out\\server\\src\\server.js:2384:1092)\n    at k6n (c:\\Users\\egoytendia\\.vscode\\extensions\\uqbar.wollok-lsp-ide-0.5.3\\out\\server\\src\\server.js:2384:1248)\n    at c:\\Users\\egoytendia\\.vscode\\extensions\\uqbar.wollok-lsp-ide-0.5.3\\out\\server\\src\\server.js:38:6131\n    at D2 (c:\\Users\\egoytendia\\.vscode\\extensions\\uqbar.wollok-lsp-ide-0.5.3\\out\\server\\src\\server.js:2384:42)\n    at c:\\Users\\egoytendia\\.vscode\\extensions\\uqbar.wollok-lsp-ide-0.5.3\\out\\server\\src\\server.js:2384:2988\n    at c:\\Users\\egoytendia\\.vscode\\extensions\\uqbar.wollok-lsp-ide-0.5.3\\out\\server\\src\\server.js:2393:8440\n    at c:\\Users\\egoytendia\\.vscode\\extensions\\uqbar.wollok-lsp-ide-0.5.3\\out\\server\\src\\server.js:37:74872\n    at Ye (c:\\Users\\egoytendia\\.vscode\\extensions\\uqbar.wollok-lsp-ide-0.5.3\\out\\server\\src\\server.js:7:8527)","timestamp":"2025-12-13T01:00:26.063Z"}
{"level":"info","message":"⌛ Validating parciales/amongUs/jugadores.wlk","timeElapsed":116,"timestamp":"2025-12-13T01:00:26.292Z"}
{"level":"info","message":"⌛ Building environment","timeElapsed":102,"timestamp":"2025-12-13T01:00:26.395Z"}
{"level":"info","message":"⌛ Validating parciales/amongUs/jugadores.wlk","timeElapsed":102,"timestamp":"2025-12-13T01:00:26.583Z"}
{"level":"info","message":"⌛ Validating parciales/amongUs/jugadores.wlk","timeElapsed":102,"timestamp":"2025-12-13T01:00:26.786Z"}
{"level":"info","message":"⌛ Validating parciales/amongUs/jugadores.wlk","timeElapsed":105,"timestamp":"2025-12-13T01:00:26.968Z"}
{"level":"error","message":"✘ Completions for node If ([12:5, 14:6] - parciales/amongUs/tareas.wlk) failed: Error: [If]{0c4f94} at parciales/amongUs/tareas.wlk:12 exhausted all cases without a match [If]{0c4f94} at parciales/amongUs/tareas.wlk:12 exhausted all cases without a match","stack":"Error: [If]{0c4f94} at parciales/amongUs/tareas.wlk:12 exhausted all cases without a match\n    at c:\\Users\\egoytendia\\.vscode\\extensions\\uqbar.wollok-lsp-ide-0.5.3\\out\\server\\src\\server.js:38:6142\n    at D2 (c:\\Users\\egoytendia\\.vscode\\extensions\\uqbar.wollok-lsp-ide-0.5.3\\out\\server\\src\\server.js:2384:42)\n    at Qh (c:\\Users\\egoytendia\\.vscode\\extensions\\uqbar.wollok-lsp-ide-0.5.3\\out\\server\\src\\server.js:2384:1092)\n    at v6n (c:\\Users\\egoytendia\\.vscode\\extensions\\uqbar.wollok-lsp-ide-0.5.3\\out\\server\\src\\server.js:2384:818)\n    at c:\\Users\\egoytendia\\.vscode\\extensions\\uqbar.wollok-lsp-ide-0.5.3\\out\\server\\src\\server.js:38:6131\n    at D2 (c:\\Users\\egoytendia\\.vscode\\extensions\\uqbar.wollok-lsp-ide-0.5.3\\out\\server\\src\\server.js:2384:42)\n    at Qh (c:\\Users\\egoytendia\\.vscode\\extensions\\uqbar.wollok-lsp-ide-0.5.3\\out\\server\\src\\server.js:2384:1092)\n    at k6n (c:\\Users\\egoytendia\\.vscode\\extensions\\uqbar.wollok-lsp-ide-0.5.3\\out\\server\\src\\server.js:2384:1248)\n    at c:\\Users\\egoytendia\\.vscode\\extensions\\uqbar.wollok-lsp-ide-0.5.3\\out\\server\\src\\server.js:38:6131\n    at D2 (c:\\Users\\egoytendia\\.vscode\\extensions\\uqbar.wollok-lsp-ide-0.5.3\\out\\server\\src\\server.js:2384:42)","timestamp":"2025-12-13T01:00:54.356Z"}
{"level":"info","message":"⌛ Validating parciales/amongUs/tareas.wlk","timeElapsed":125,"timestamp":"2025-12-13T01:00:54.485Z"}
{"level":"info","message":"⌛ Building environment","timeElapsed":106,"timestamp":"2025-12-13T01:00:54.681Z"}
{"level":"error","message":"✘ Completions for node If ([12:5, 14:6] - parciales/amongUs/tareas.wlk) failed: Error: [If]{13b146} at parciales/amongUs/tareas.wlk:12 exhausted all cases without a match [If]{13b146} at parciales/amongUs/tareas.wlk:12 exhausted all cases without a match","stack":"Error: [If]{13b146} at parciales/amongUs/tareas.wlk:12 exhausted all cases without a match\n    at c:\\Users\\egoytendia\\.vscode\\extensions\\uqbar.wollok-lsp-ide-0.5.3\\out\\server\\src\\server.js:38:6142\n    at D2 (c:\\Users\\egoytendia\\.vscode\\extensions\\uqbar.wollok-lsp-ide-0.5.3\\out\\server\\src\\server.js:2384:42)\n    at Qh (c:\\Users\\egoytendia\\.vscode\\extensions\\uqbar.wollok-lsp-ide-0.5.3\\out\\server\\src\\server.js:2384:1092)\n    at v6n (c:\\Users\\egoytendia\\.vscode\\extensions\\uqbar.wollok-lsp-ide-0.5.3\\out\\server\\src\\server.js:2384:818)\n    at c:\\Users\\egoytendia\\.vscode\\extensions\\uqbar.wollok-lsp-ide-0.5.3\\out\\server\\src\\server.js:38:6131\n    at D2 (c:\\Users\\egoytendia\\.vscode\\extensions\\uqbar.wollok-lsp-ide-0.5.3\\out\\server\\src\\server.js:2384:42)\n    at Qh (c:\\Users\\egoytendia\\.vscode\\extensions\\uqbar.wollok-lsp-ide-0.5.3\\out\\server\\src\\server.js:2384:1092)\n    at k6n (c:\\Users\\egoytendia\\.vscode\\extensions\\uqbar.wollok-lsp-ide-0.5.3\\out\\server\\src\\server.js:2384:1248)\n    at c:\\Users\\egoytendia\\.vscode\\extensions\\uqbar.wollok-lsp-ide-0.5.3\\out\\server\\src\\server.js:38:6131\n    at D2 (c:\\Users\\egoytendia\\.vscode\\extensions\\uqbar.wollok-lsp-ide-0.5.3\\out\\server\\src\\server.js:2384:42)","timestamp":"2025-12-13T01:00:54.736Z"}
{"level":"info","message":"⌛ Building environment","timeElapsed":102,"timestamp":"2025-12-13T01:00:54.841Z"}
{"level":"info","message":"⌛ Validating parciales/amongUs/tareas.wlk","timeElapsed":148,"timestamp":"2025-12-13T01:00:54.989Z"}
{"level":"info","message":"⌛ Validating parciales/amongUs/tareas.wlk","timeElapsed":103,"timestamp":"2025-12-13T01:00:55.161Z"}
{"level":"info","message":"⌛ Validating parciales/amongUs/tareas.wlk","timeElapsed":102,"timestamp":"2025-12-13T01:00:55.334Z"}
{"level":"error","message":"✘ Completions for node If ([12:5, 14:6] - parciales/amongUs/tareas.wlk) failed: Error: [If]{123d9e} at parciales/amongUs/tareas.wlk:12 exhausted all cases without a match [If]{123d9e} at parciales/amongUs/tareas.wlk:12 exhausted all cases without a match","stack":"Error: [If]{123d9e} at parciales/amongUs/tareas.wlk:12 exhausted all cases without a match\n    at c:\\Users\\egoytendia\\.vscode\\extensions\\uqbar.wollok-lsp-ide-0.5.3\\out\\server\\src\\server.js:38:6142\n    at D2 (c:\\Users\\egoytendia\\.vscode\\extensions\\uqbar.wollok-lsp-ide-0.5.3\\out\\server\\src\\server.js:2384:42)\n    at Qh (c:\\Users\\egoytendia\\.vscode\\extensions\\uqbar.wollok-lsp-ide-0.5.3\\out\\server\\src\\server.js:2384:1092)\n    at v6n (c:\\Users\\egoytendia\\.vscode\\extensions\\uqbar.wollok-lsp-ide-0.5.3\\out\\server\\src\\server.js:2384:818)\n    at c:\\Users\\egoytendia\\.vscode\\extensions\\uqbar.wollok-lsp-ide-0.5.3\\out\\server\\src\\server.js:38:6131\n    at D2 (c:\\Users\\egoytendia\\.vscode\\extensions\\uqbar.wollok-lsp-ide-0.5.3\\out\\server\\src\\server.js:2384:42)\n    at Qh (c:\\Users\\egoytendia\\.vscode\\extensions\\uqbar.wollok-lsp-ide-0.5.3\\out\\server\\src\\server.js:2384:1092)\n    at k6n (c:\\Users\\egoytendia\\.vscode\\extensions\\uqbar.wollok-lsp-ide-0.5.3\\out\\server\\src\\server.js:2384:1248)\n    at c:\\Users\\egoytendia\\.vscode\\extensions\\uqbar.wollok-lsp-ide-0.5.3\\out\\server\\src\\server.js:38:6131\n    at D2 (c:\\Users\\egoytendia\\.vscode\\extensions\\uqbar.wollok-lsp-ide-0.5.3\\out\\server\\src\\server.js:2384:42)","timestamp":"2025-12-13T01:00:55.431Z"}
{"level":"info","message":"⌛ Validating parciales/amongUs/tareas.wlk","timeElapsed":102,"timestamp":"2025-12-13T01:00:55.610Z"}
{"level":"info","message":"⌛ Validating parciales/amongUs/tareas.wlk","timeElapsed":104,"timestamp":"2025-12-13T01:00:55.719Z"}
{"level":"info","message":"⌛ Validating parciales/amongUs/tareas.wlk","timeElapsed":103,"timestamp":"2025-12-13T01:00:55.924Z"}
{"level":"error","message":"✘ Completions for node If ([12:5, 14:6] - parciales/amongUs/tareas.wlk) failed: Error: [If]{1ec7a8} at parciales/amongUs/tareas.wlk:12 exhausted all cases without a match [If]{1ec7a8} at parciales/amongUs/tareas.wlk:12 exhausted all cases without a match","stack":"Error: [If]{1ec7a8} at parciales/amongUs/tareas.wlk:12 exhausted all cases without a match\n    at c:\\Users\\egoytendia\\.vscode\\extensions\\uqbar.wollok-lsp-ide-0.5.3\\out\\server\\src\\server.js:38:6142\n    at D2 (c:\\Users\\egoytendia\\.vscode\\extensions\\uqbar.wollok-lsp-ide-0.5.3\\out\\server\\src\\server.js:2384:42)\n    at Qh (c:\\Users\\egoytendia\\.vscode\\extensions\\uqbar.wollok-lsp-ide-0.5.3\\out\\server\\src\\server.js:2384:1092)\n    at v6n (c:\\Users\\egoytendia\\.vscode\\extensions\\uqbar.wollok-lsp-ide-0.5.3\\out\\server\\src\\server.js:2384:818)\n    at c:\\Users\\egoytendia\\.vscode\\extensions\\uqbar.wollok-lsp-ide-0.5.3\\out\\server\\src\\server.js:38:6131\n    at D2 (c:\\Users\\egoytendia\\.vscode\\extensions\\uqbar.wollok-lsp-ide-0.5.3\\out\\server\\src\\server.js:2384:42)\n    at Qh (c:\\Users\\egoytendia\\.vscode\\extensions\\uqbar.wollok-lsp-ide-0.5.3\\out\\server\\src\\server.js:2384:1092)\n    at k6n (c:\\Users\\egoytendia\\.vscode\\extensions\\uqbar.wollok-lsp-ide-0.5.3\\out\\server\\src\\server.js:2384:1248)\n    at c:\\Users\\egoytendia\\.vscode\\extensions\\uqbar.wollok-lsp-ide-0.5.3\\out\\server\\src\\server.js:38:6131\n    at D2 (c:\\Users\\egoytendia\\.vscode\\extensions\\uqbar.wollok-lsp-ide-0.5.3\\out\\server\\src\\server.js:2384:42)","timestamp":"2025-12-13T01:00:56.028Z"}
{"level":"info","message":"⌛ Validating parciales/amongUs/tareas.wlk","timeElapsed":107,"timestamp":"2025-12-13T01:00:56.379Z"}
{"level":"info","message":"⌛ Validating parciales/amongUs/tareas.wlk","timeElapsed":106,"timestamp":"2025-12-13T01:00:56.560Z"}
{"level":"error","message":"✘ Completions for node If ([12:5, 14:6] - parciales/amongUs/tareas.wlk) failed: Error: [If]{d16685} at parciales/amongUs/tareas.wlk:12 exhausted all cases without a match [If]{d16685} at parciales/amongUs/tareas.wlk:12 exhausted all cases without a match","stack":"Error: [If]{d16685} at parciales/amongUs/tareas.wlk:12 exhausted all cases without a match\n    at c:\\Users\\egoytendia\\.vscode\\extensions\\uqbar.wollok-lsp-ide-0.5.3\\out\\server\\src\\server.js:38:6142\n    at D2 (c:\\Users\\egoytendia\\.vscode\\extensions\\uqbar.wollok-lsp-ide-0.5.3\\out\\server\\src\\server.js:2384:42)\n    at Qh (c:\\Users\\egoytendia\\.vscode\\extensions\\uqbar.wollok-lsp-ide-0.5.3\\out\\server\\src\\server.js:2384:1092)\n    at v6n (c:\\Users\\egoytendia\\.vscode\\extensions\\uqbar.wollok-lsp-ide-0.5.3\\out\\server\\src\\server.js:2384:818)\n    at c:\\Users\\egoytendia\\.vscode\\extensions\\uqbar.wollok-lsp-ide-0.5.3\\out\\server\\src\\server.js:38:6131\n    at D2 (c:\\Users\\egoytendia\\.vscode\\extensions\\uqbar.wollok-lsp-ide-0.5.3\\out\\server\\src\\server.js:2384:42)\n    at Qh (c:\\Users\\egoytendia\\.vscode\\extensions\\uqbar.wollok-lsp-ide-0.5.3\\out\\server\\src\\server.js:2384:1092)\n    at k6n (c:\\Users\\egoytendia\\.vscode\\extensions\\uqbar.wollok-lsp-ide-0.5.3\\out\\server\\src\\server.js:2384:1248)\n    at c:\\Users\\egoytendia\\.vscode\\extensions\\uqbar.wollok-lsp-ide-0.5.3\\out\\server\\src\\server.js:38:6131\n    at D2 (c:\\Users\\egoytendia\\.vscode\\extensions\\uqbar.wollok-lsp-ide-0.5.3\\out\\server\\src\\server.js:2384:42)","timestamp":"2025-12-13T01:00:56.590Z"}
{"level":"info","message":"⌛ Validating parciales/amongUs/tareas.wlk","timeElapsed":133,"timestamp":"2025-12-13T01:00:57.067Z"}
{"level":"info","message":"⌛ Validating parciales/amongUs/tareas.wlk","timeElapsed":101,"timestamp":"2025-12-13T01:00:57.369Z"}
{"level":"info","message":"⌛ Validating parciales/amongUs/tareas.wlk","timeElapsed":102,"timestamp":"2025-12-13T01:00:57.651Z"}
{"level":"info","message":"⌛ Validating parciales/amongUs/tareas.wlk","timeElapsed":111,"timestamp":"2025-12-13T01:00:58.617Z"}
{"level":"info","message":"⌛ Validating parciales/amongUs/tareas.wlk","timeElapsed":107,"timestamp":"2025-12-13T01:00:58.812Z"}
{"level":"info","message":"⌛ Validating parciales/amongUs/tareas.wlk","timeElapsed":135,"timestamp":"2025-12-13T01:00:59.623Z"}
{"level":"error","message":"✘ Completions for node If ([12:5, 15:6] - parciales/amongUs/tareas.wlk) failed: Error: [If]{99fc1a} at parciales/amongUs/tareas.wlk:12 exhausted all cases without a match [If]{99fc1a} at parciales/amongUs/tareas.wlk:12 exhausted all cases without a match","stack":"Error: [If]{99fc1a} at parciales/amongUs/tareas.wlk:12 exhausted all cases without a match\n    at c:\\Users\\egoytendia\\.vscode\\extensions\\uqbar.wollok-lsp-ide-0.5.3\\out\\server\\src\\server.js:38:6142\n    at D2 (c:\\Users\\egoytendia\\.vscode\\extensions\\uqbar.wollok-lsp-ide-0.5.3\\out\\server\\src\\server.js:2384:42)\n    at Qh (c:\\Users\\egoytendia\\.vscode\\extensions\\uqbar.wollok-lsp-ide-0.5.3\\out\\server\\src\\server.js:2384:1092)\n    at v6n (c:\\Users\\egoytendia\\.vscode\\extensions\\uqbar.wollok-lsp-ide-0.5.3\\out\\server\\src\\server.js:2384:818)\n    at c:\\Users\\egoytendia\\.vscode\\extensions\\uqbar.wollok-lsp-ide-0.5.3\\out\\server\\src\\server.js:38:6131\n    at D2 (c:\\Users\\egoytendia\\.vscode\\extensions\\uqbar.wollok-lsp-ide-0.5.3\\out\\server\\src\\server.js:2384:42)\n    at Qh (c:\\Users\\egoytendia\\.vscode\\extensions\\uqbar.wollok-lsp-ide-0.5.3\\out\\server\\src\\server.js:2384:1092)\n    at k6n (c:\\Users\\egoytendia\\.vscode\\extensions\\uqbar.wollok-lsp-ide-0.5.3\\out\\server\\src\\server.js:2384:1248)\n    at c:\\Users\\egoytendia\\.vscode\\extensions\\uqbar.wollok-lsp-ide-0.5.3\\out\\server\\src\\server.js:38:6131\n    at D2 (c:\\Users\\egoytendia\\.vscode\\extensions\\uqbar.wollok-lsp-ide-0.5.3\\out\\server\\src\\server.js:2384:42)","timestamp":"2025-12-13T01:01:01.189Z"}
{"level":"info","message":"⌛ Validating parciales/amongUs/tareas.wlk","timeElapsed":142,"timestamp":"2025-12-13T01:01:01.427Z"}
{"level":"info","message":"⌛ Building environment","timeElapsed":101,"timestamp":"2025-12-13T01:01:01.528Z"}
{"level":"info","message":"⌛ Validating parciales/amongUs/tareas.wlk","timeElapsed":107,"timestamp":"2025-12-13T01:01:01.636Z"}
{"level":"info","message":"⌛ Validating parciales/amongUs/tareas.wlk","timeElapsed":103,"timestamp":"2025-12-13T01:01:01.810Z"}
{"level":"info","message":"⌛ Building environment","timeElapsed":112,"timestamp":"2025-12-13T01:01:01.924Z"}
{"level":"info","message":"⌛ Validating parciales/amongUs/tareas.wlk","timeElapsed":105,"timestamp":"2025-12-13T01:01:02.030Z"}
{"level":"info","message":"⌛ Validating parciales/amongUs/tareas.wlk","timeElapsed":108,"timestamp":"2025-12-13T01:01:02.247Z"}
{"level":"info","message":"⌛ Validating parciales/amongUs/tareas.wlk","timeElapsed":114,"timestamp":"2025-12-13T01:01:05.334Z"}
{"level":"info","message":"⌛ Validating parciales/amongUs/tareas.wlk","timeElapsed":115,"timestamp":"2025-12-13T01:01:05.532Z"}
{"level":"info","message":"⌛ Validating parciales/amongUs/tareas.wlk","timeElapsed":107,"timestamp":"2025-12-13T01:01:05.803Z"}
{"level":"info","message":"⌛ Validating parciales/amongUs/tareas.wlk","timeElapsed":109,"timestamp":"2025-12-13T01:01:05.980Z"}
{"level":"error","message":"✘ Completions for node If ([12:5, 15:6] - parciales/amongUs/tareas.wlk) failed: Error: [If]{168d15} at parciales/amongUs/tareas.wlk:12 exhausted all cases without a match [If]{168d15} at parciales/amongUs/tareas.wlk:12 exhausted all cases without a match","stack":"Error: [If]{168d15} at parciales/amongUs/tareas.wlk:12 exhausted all cases without a match\n    at c:\\Users\\egoytendia\\.vscode\\extensions\\uqbar.wollok-lsp-ide-0.5.3\\out\\server\\src\\server.js:38:6142\n    at D2 (c:\\Users\\egoytendia\\.vscode\\extensions\\uqbar.wollok-lsp-ide-0.5.3\\out\\server\\src\\server.js:2384:42)\n    at Qh (c:\\Users\\egoytendia\\.vscode\\extensions\\uqbar.wollok-lsp-ide-0.5.3\\out\\server\\src\\server.js:2384:1092)\n    at v6n (c:\\Users\\egoytendia\\.vscode\\extensions\\uqbar.wollok-lsp-ide-0.5.3\\out\\server\\src\\server.js:2384:818)\n    at c:\\Users\\egoytendia\\.vscode\\extensions\\uqbar.wollok-lsp-ide-0.5.3\\out\\server\\src\\server.js:38:6131\n    at D2 (c:\\Users\\egoytendia\\.vscode\\extensions\\uqbar.wollok-lsp-ide-0.5.3\\out\\server\\src\\server.js:2384:42)\n    at Qh (c:\\Users\\egoytendia\\.vscode\\extensions\\uqbar.wollok-lsp-ide-0.5.3\\out\\server\\src\\server.js:2384:1092)\n    at k6n (c:\\Users\\egoytendia\\.vscode\\extensions\\uqbar.wollok-lsp-ide-0.5.3\\out\\server\\src\\server.js:2384:1248)\n    at c:\\Users\\egoytendia\\.vscode\\extensions\\uqbar.wollok-lsp-ide-0.5.3\\out\\server\\src\\server.js:38:6131\n    at D2 (c:\\Users\\egoytendia\\.vscode\\extensions\\uqbar.wollok-lsp-ide-0.5.3\\out\\server\\src\\server.js:2384:42)","timestamp":"2025-12-13T01:01:07.196Z"}
{"level":"info","message":"⌛ Validating parciales/amongUs/tareas.wlk","timeElapsed":107,"timestamp":"2025-12-13T01:01:07.307Z"}
{"level":"error","message":"✘ Completions for node If ([12:5, 15:6] - parciales/amongUs/tareas.wlk) failed: Error: [If]{6ea232} at parciales/amongUs/tareas.wlk:12 exhausted all cases without a match [If]{6ea232} at parciales/amongUs/tareas.wlk:12 exhausted all cases without a match","stack":"Error: [If]{6ea232} at parciales/amongUs/tareas.wlk:12 exhausted all cases without a match\n    at c:\\Users\\egoytendia\\.vscode\\extensions\\uqbar.wollok-lsp-ide-0.5.3\\out\\server\\src\\server.js:38:6142\n    at D2 (c:\\Users\\egoytendia\\.vscode\\extensions\\uqbar.wollok-lsp-ide-0.5.3\\out\\server\\src\\server.js:2384:42)\n    at Qh (c:\\Users\\egoytendia\\.vscode\\extensions\\uqbar.wollok-lsp-ide-0.5.3\\out\\server\\src\\server.js:2384:1092)\n    at v6n (c:\\Users\\egoytendia\\.vscode\\extensions\\uqbar.wollok-lsp-ide-0.5.3\\out\\server\\src\\server.js:2384:818)\n    at c:\\Users\\egoytendia\\.vscode\\extensions\\uqbar.wollok-lsp-ide-0.5.3\\out\\server\\src\\server.js:38:6131\n    at D2 (c:\\Users\\egoytendia\\.vscode\\extensions\\uqbar.wollok-lsp-ide-0.5.3\\out\\server\\src\\server.js:2384:42)\n    at Qh (c:\\Users\\egoytendia\\.vscode\\extensions\\uqbar.wollok-lsp-ide-0.5.3\\out\\server\\src\\server.js:2384:1092)\n    at k6n (c:\\Users\\egoytendia\\.vscode\\extensions\\uqbar.wollok-lsp-ide-0.5.3\\out\\server\\src\\server.js:2384:1248)\n    at c:\\Users\\egoytendia\\.vscode\\extensions\\uqbar.wollok-lsp-ide-0.5.3\\out\\server\\src\\server.js:38:6131\n    at D2 (c:\\Users\\egoytendia\\.vscode\\extensions\\uqbar.wollok-lsp-ide-0.5.3\\out\\server\\src\\server.js:2384:42)","timestamp":"2025-12-13T01:01:07.402Z"}
{"level":"info","message":"⌛ Validating parciales/amongUs/tareas.wlk","timeElapsed":104,"timestamp":"2025-12-13T01:01:07.510Z"}
{"level":"error","message":"✘ Completions for node If ([12:5, 15:6] - parciales/amongUs/tareas.wlk) failed: Error: [If]{f213c4} at parciales/amongUs/tareas.wlk:12 exhausted all cases without a match [If]{f213c4} at parciales/amongUs/tareas.wlk:12 exhausted all cases without a match","stack":"Error: [If]{f213c4} at parciales/amongUs/tareas.wlk:12 exhausted all cases without a match\n    at c:\\Users\\egoytendia\\.vscode\\extensions\\uqbar.wollok-lsp-ide-0.5.3\\out\\server\\src\\server.js:38:6142\n    at D2 (c:\\Users\\egoytendia\\.vscode\\extensions\\uqbar.wollok-lsp-ide-0.5.3\\out\\server\\src\\server.js:2384:42)\n    at Qh (c:\\Users\\egoytendia\\.vscode\\extensions\\uqbar.wollok-lsp-ide-0.5.3\\out\\server\\src\\server.js:2384:1092)\n    at v6n (c:\\Users\\egoytendia\\.vscode\\extensions\\uqbar.wollok-lsp-ide-0.5.3\\out\\server\\src\\server.js:2384:818)\n    at c:\\Users\\egoytendia\\.vscode\\extensions\\uqbar.wollok-lsp-ide-0.5.3\\out\\server\\src\\server.js:38:6131\n    at D2 (c:\\Users\\egoytendia\\.vscode\\extensions\\uqbar.wollok-lsp-ide-0.5.3\\out\\server\\src\\server.js:2384:42)\n    at Qh (c:\\Users\\egoytendia\\.vscode\\extensions\\uqbar.wollok-lsp-ide-0.5.3\\out\\server\\src\\server.js:2384:1092)\n    at k6n (c:\\Users\\egoytendia\\.vscode\\extensions\\uqbar.wollok-lsp-ide-0.5.3\\out\\server\\src\\server.js:2384:1248)\n    at c:\\Users\\egoytendia\\.vscode\\extensions\\uqbar.wollok-lsp-ide-0.5.3\\out\\server\\src\\server.js:38:6131\n    at D2 (c:\\Users\\egoytendia\\.vscode\\extensions\\uqbar.wollok-lsp-ide-0.5.3\\out\\server\\src\\server.js:2384:42)","timestamp":"2025-12-13T01:01:07.616Z"}
{"level":"info","message":"⌛ Validating parciales/amongUs/tareas.wlk","timeElapsed":106,"timestamp":"2025-12-13T01:01:07.726Z"}
{"level":"info","message":"⌛ Building environment","timeElapsed":117,"timestamp":"2025-12-13T01:01:07.844Z"}
{"level":"info","message":"⌛ Building environment","timeElapsed":251,"timestamp":"2025-12-13T01:01:08.096Z"}
{"level":"error","message":"✘ Completions for node If ([12:5, 15:6] - parciales/amongUs/tareas.wlk) failed: Error: [If]{df00f8} at parciales/amongUs/tareas.wlk:12 exhausted all cases without a match [If]{df00f8} at parciales/amongUs/tareas.wlk:12 exhausted all cases without a match","stack":"Error: [If]{df00f8} at parciales/amongUs/tareas.wlk:12 exhausted all cases without a match\n    at c:\\Users\\egoytendia\\.vscode\\extensions\\uqbar.wollok-lsp-ide-0.5.3\\out\\server\\src\\server.js:38:6142\n    at D2 (c:\\Users\\egoytendia\\.vscode\\extensions\\uqbar.wollok-lsp-ide-0.5.3\\out\\server\\src\\server.js:2384:42)\n    at Qh (c:\\Users\\egoytendia\\.vscode\\extensions\\uqbar.wollok-lsp-ide-0.5.3\\out\\server\\src\\server.js:2384:1092)\n    at v6n (c:\\Users\\egoytendia\\.vscode\\extensions\\uqbar.wollok-lsp-ide-0.5.3\\out\\server\\src\\server.js:2384:818)\n    at c:\\Users\\egoytendia\\.vscode\\extensions\\uqbar.wollok-lsp-ide-0.5.3\\out\\server\\src\\server.js:38:6131\n    at D2 (c:\\Users\\egoytendia\\.vscode\\extensions\\uqbar.wollok-lsp-ide-0.5.3\\out\\server\\src\\server.js:2384:42)\n    at Qh (c:\\Users\\egoytendia\\.vscode\\extensions\\uqbar.wollok-lsp-ide-0.5.3\\out\\server\\src\\server.js:2384:1092)\n    at k6n (c:\\Users\\egoytendia\\.vscode\\extensions\\uqbar.wollok-lsp-ide-0.5.3\\out\\server\\src\\server.js:2384:1248)\n    at c:\\Users\\egoytendia\\.vscode\\extensions\\uqbar.wollok-lsp-ide-0.5.3\\out\\server\\src\\server.js:38:6131\n    at D2 (c:\\Users\\egoytendia\\.vscode\\extensions\\uqbar.wollok-lsp-ide-0.5.3\\out\\server\\src\\server.js:2384:42)","timestamp":"2025-12-13T01:01:08.185Z"}
{"level":"info","message":"⌛ Building environment","timeElapsed":103,"timestamp":"2025-12-13T01:01:08.293Z"}
{"level":"info","message":"⌛ Validating parciales/amongUs/tareas.wlk","timeElapsed":120,"timestamp":"2025-12-13T01:01:08.412Z"}
{"level":"info","message":"⌛ Validating parciales/amongUs/tareas.wlk","timeElapsed":105,"timestamp":"2025-12-13T01:01:08.680Z"}
{"level":"info","message":"⌛ Validating parciales/amongUs/tareas.wlk","timeElapsed":107,"timestamp":"2025-12-13T01:01:09.169Z"}
{"level":"error","message":"✘ Completions for node Send ([14:8, 14:34] - parciales/amongUs/tareas.wlk) failed: Error: [Send]{dfd096} at parciales/amongUs/tareas.wlk:14 exhausted all cases without a match [Send]{dfd096} at parciales/amongUs/tareas.wlk:14 exhausted all cases without a match","stack":"Error: [Send]{dfd096} at parciales/amongUs/tareas.wlk:14 exhausted all cases without a match\n    at c:\\Users\\egoytendia\\.vscode\\extensions\\uqbar.wollok-lsp-ide-0.5.3\\out\\server\\src\\server.js:38:6142\n    at D2 (c:\\Users\\egoytendia\\.vscode\\extensions\\uqbar.wollok-lsp-ide-0.5.3\\out\\server\\src\\server.js:2384:42)\n    at Qh (c:\\Users\\egoytendia\\.vscode\\extensions\\uqbar.wollok-lsp-ide-0.5.3\\out\\server\\src\\server.js:2384:1092)\n    at k6n (c:\\Users\\egoytendia\\.vscode\\extensions\\uqbar.wollok-lsp-ide-0.5.3\\out\\server\\src\\server.js:2384:1248)\n    at c:\\Users\\egoytendia\\.vscode\\extensions\\uqbar.wollok-lsp-ide-0.5.3\\out\\server\\src\\server.js:38:6131\n    at D2 (c:\\Users\\egoytendia\\.vscode\\extensions\\uqbar.wollok-lsp-ide-0.5.3\\out\\server\\src\\server.js:2384:42)\n    at c:\\Users\\egoytendia\\.vscode\\extensions\\uqbar.wollok-lsp-ide-0.5.3\\out\\server\\src\\server.js:2384:2988\n    at c:\\Users\\egoytendia\\.vscode\\extensions\\uqbar.wollok-lsp-ide-0.5.3\\out\\server\\src\\server.js:2393:8440\n    at c:\\Users\\egoytendia\\.vscode\\extensions\\uqbar.wollok-lsp-ide-0.5.3\\out\\server\\src\\server.js:37:74872\n    at Ye (c:\\Users\\egoytendia\\.vscode\\extensions\\uqbar.wollok-lsp-ide-0.5.3\\out\\server\\src\\server.js:7:8527)","timestamp":"2025-12-13T01:01:09.558Z"}
{"level":"error","message":"✘ Completions for node If ([12:5, 15:6] - parciales/amongUs/tareas.wlk) failed: Error: [If]{f1a853} at parciales/amongUs/tareas.wlk:12 exhausted all cases without a match [If]{f1a853} at parciales/amongUs/tareas.wlk:12 exhausted all cases without a match","stack":"Error: [If]{f1a853} at parciales/amongUs/tareas.wlk:12 exhausted all cases without a match\n    at c:\\Users\\egoytendia\\.vscode\\extensions\\uqbar.wollok-lsp-ide-0.5.3\\out\\server\\src\\server.js:38:6142\n    at D2 (c:\\Users\\egoytendia\\.vscode\\extensions\\uqbar.wollok-lsp-ide-0.5.3\\out\\server\\src\\server.js:2384:42)\n    at Qh (c:\\Users\\egoytendia\\.vscode\\extensions\\uqbar.wollok-lsp-ide-0.5.3\\out\\server\\src\\server.js:2384:1092)\n    at v6n (c:\\Users\\egoytendia\\.vscode\\extensions\\uqbar.wollok-lsp-ide-0.5.3\\out\\server\\src\\server.js:2384:818)\n    at c:\\Users\\egoytendia\\.vscode\\extensions\\uqbar.wollok-lsp-ide-0.5.3\\out\\server\\src\\server.js:38:6131\n    at D2 (c:\\Users\\egoytendia\\.vscode\\extensions\\uqbar.wollok-lsp-ide-0.5.3\\out\\server\\src\\server.js:2384:42)\n    at Qh (c:\\Users\\egoytendia\\.vscode\\extensions\\uqbar.wollok-lsp-ide-0.5.3\\out\\server\\src\\server.js:2384:1092)\n    at D2 (c:\\Users\\egoytendia\\.vscode\\extensions\\uqbar.wollok-lsp-ide-0.5.3\\out\\server\\src\\server.js:2384:544)\n    at Qh (c:\\Users\\egoytendia\\.vscode\\extensions\\uqbar.wollok-lsp-ide-0.5.3\\out\\server\\src\\server.js:2384:1092)\n    at k6n (c:\\Users\\egoytendia\\.vscode\\extensions\\uqbar.wollok-lsp-ide-0.5.3\\out\\server\\src\\server.js:2384:1248)","timestamp":"2025-12-13T01:01:09.558Z"}
{"level":"info","message":"⌛ Validating parciales/amongUs/tareas.wlk","timeElapsed":109,"timestamp":"2025-12-13T01:01:09.671Z"}
{"level":"info","message":"⌛ Building environment","timeElapsed":140,"timestamp":"2025-12-13T01:01:09.880Z"}
{"level":"info","message":"⌛ Validating parciales/amongUs/tareas.wlk","timeElapsed":106,"timestamp":"2025-12-13T01:01:09.987Z"}
{"level":"info","message":"⌛ Validating parciales/amongUs/tareas.wlk","timeElapsed":102,"timestamp":"2025-12-13T01:01:10.276Z"}
{"level":"error","message":"✘ Completions for node Self ([14:32, 14:36] - parciales/amongUs/tareas.wlk) failed: Error: [Self]{a86c41} at parciales/amongUs/tareas.wlk:14 exhausted all cases without a match [Self]{a86c41} at parciales/amongUs/tareas.wlk:14 exhausted all cases without a match","stack":"Error: [Self]{a86c41} at parciales/amongUs/tareas.wlk:14 exhausted all cases without a match\n    at c:\\Users\\egoytendia\\.vscode\\extensions\\uqbar.wollok-lsp-ide-0.5.3\\out\\server\\src\\server.js:38:6142\n    at D2 (c:\\Users\\egoytendia\\.vscode\\extensions\\uqbar.wollok-lsp-ide-0.5.3\\out\\server\\src\\server.js:2384:42)\n    at c:\\Users\\egoytendia\\.vscode\\extensions\\uqbar.wollok-lsp-ide-0.5.3\\out\\server\\src\\server.js:2384:2988\n    at c:\\Users\\egoytendia\\.vscode\\extensions\\uqbar.wollok-lsp-ide-0.5.3\\out\\server\\src\\server.js:2393:8440\n    at c:\\Users\\egoytendia\\.vscode\\extensions\\uqbar.wollok-lsp-ide-0.5.3\\out\\server\\src\\server.js:37:74872\n    at Ye (c:\\Users\\egoytendia\\.vscode\\extensions\\uqbar.wollok-lsp-ide-0.5.3\\out\\server\\src\\server.js:7:8527)\n    at qt (c:\\Users\\egoytendia\\.vscode\\extensions\\uqbar.wollok-lsp-ide-0.5.3\\out\\server\\src\\server.js:7:6189)\n    at ot (c:\\Users\\egoytendia\\.vscode\\extensions\\uqbar.wollok-lsp-ide-0.5.3\\out\\server\\src\\server.js:7:6378)\n    at Immediate._onImmediate (c:\\Users\\egoytendia\\.vscode\\extensions\\uqbar.wollok-lsp-ide-0.5.3\\out\\server\\src\\server.js:7:6142)\n    at process.processImmediate (node:internal/timers:485:21)","timestamp":"2025-12-13T01:01:10.598Z"}
{"level":"error","message":"✘ Completions for node Send ([14:8, 14:37] - parciales/amongUs/tareas.wlk) failed: Error: [Send]{bfd0fe} at parciales/amongUs/tareas.wlk:14 exhausted all cases without a match [Send]{bfd0fe} at parciales/amongUs/tareas.wlk:14 exhausted all cases without a match","stack":"Error: [Send]{bfd0fe} at parciales/amongUs/tareas.wlk:14 exhausted all cases without a match\n    at c:\\Users\\egoytendia\\.vscode\\extensions\\uqbar.wollok-lsp-ide-0.5.3\\out\\server\\src\\server.js:38:6142\n    at D2 (c:\\Users\\egoytendia\\.vscode\\extensions\\uqbar.wollok-lsp-ide-0.5.3\\out\\server\\src\\server.js:2384:42)\n    at Qh (c:\\Users\\egoytendia\\.vscode\\extensions\\uqbar.wollok-lsp-ide-0.5.3\\out\\server\\src\\server.js:2384:1092)\n    at D2 (c:\\Users\\egoytendia\\.vscode\\extensions\\uqbar.wollok-lsp-ide-0.5.3\\out\\server\\src\\server.js:2384:544)\n    at c:\\Users\\egoytendia\\.vscode\\extensions\\uqbar.wollok-lsp-ide-0.5.3\\out\\server\\src\\server.js:2384:2988\n    at c:\\Users\\egoytendia\\.vscode\\extensions\\uqbar.wollok-lsp-ide-0.5.3\\out\\server\\src\\server.js:2393:8440\n    at c:\\Users\\egoytendia\\.vscode\\extensions\\uqbar.wollok-lsp-ide-0.5.3\\out\\server\\src\\server.js:37:74872\n    at Ye (c:\\Users\\egoytendia\\.vscode\\extensions\\uqbar.wollok-lsp-ide-0.5.3\\out\\server\\src\\server.js:7:8527)\n    at qt (c:\\Users\\egoytendia\\.vscode\\extensions\\uqbar.wollok-lsp-ide-0.5.3\\out\\server\\src\\server.js:7:6189)\n    at ot (c:\\Users\\egoytendia\\.vscode\\extensions\\uqbar.wollok-lsp-ide-0.5.3\\out\\server\\src\\server.js:7:6378)","timestamp":"2025-12-13T01:01:10.598Z"}
{"level":"error","message":"✘ Completions for node If ([12:5, 15:6] - parciales/amongUs/tareas.wlk) failed: Error: [If]{b7e6a2} at parciales/amongUs/tareas.wlk:12 exhausted all cases without a match [If]{b7e6a2} at parciales/amongUs/tareas.wlk:12 exhausted all cases without a match","stack":"Error: [If]{b7e6a2} at parciales/amongUs/tareas.wlk:12 exhausted all cases without a match\n    at c:\\Users\\egoytendia\\.vscode\\extensions\\uqbar.wollok-lsp-ide-0.5.3\\out\\server\\src\\server.js:38:6142\n    at D2 (c:\\Users\\egoytendia\\.vscode\\extensions\\uqbar.wollok-lsp-ide-0.5.3\\out\\server\\src\\server.js:2384:42)\n    at Qh (c:\\Users\\egoytendia\\.vscode\\extensions\\uqbar.wollok-lsp-ide-0.5.3\\out\\server\\src\\server.js:2384:1092)\n    at v6n (c:\\Users\\egoytendia\\.vscode\\extensions\\uqbar.wollok-lsp-ide-0.5.3\\out\\server\\src\\server.js:2384:818)\n    at c:\\Users\\egoytendia\\.vscode\\extensions\\uqbar.wollok-lsp-ide-0.5.3\\out\\server\\src\\server.js:38:6131\n    at D2 (c:\\Users\\egoytendia\\.vscode\\extensions\\uqbar.wollok-lsp-ide-0.5.3\\out\\server\\src\\server.js:2384:42)\n    at Qh (c:\\Users\\egoytendia\\.vscode\\extensions\\uqbar.wollok-lsp-ide-0.5.3\\out\\server\\src\\server.js:2384:1092)\n    at D2 (c:\\Users\\egoytendia\\.vscode\\extensions\\uqbar.wollok-lsp-ide-0.5.3\\out\\server\\src\\server.js:2384:544)\n    at Qh (c:\\Users\\egoytendia\\.vscode\\extensions\\uqbar.wollok-lsp-ide-0.5.3\\out\\server\\src\\server.js:2384:1092)\n    at D2 (c:\\Users\\egoytendia\\.vscode\\extensions\\uqbar.wollok-lsp-ide-0.5.3\\out\\server\\src\\server.js:2384:544)","timestamp":"2025-12-13T01:01:10.598Z"}
{"level":"info","message":"⌛ Validating parciales/amongUs/tareas.wlk","timeElapsed":118,"timestamp":"2025-12-13T01:01:10.731Z"}
{"level":"info","message":"⌛ Building environment","timeElapsed":119,"timestamp":"2025-12-13T01:02:15.438Z"}
{"level":"info","message":"⌛ Validating parciales/amongUs/jugadores.wlk","timeElapsed":111,"timestamp":"2025-12-13T01:02:15.550Z"}
{"level":"info","message":"⌛ Validating parciales/amongUs/jugadores.wlk","timeElapsed":107,"timestamp":"2025-12-13T01:02:15.749Z"}
{"level":"info","message":"⌛ Validating parciales/amongUs/jugadores.wlk","timeElapsed":109,"timestamp":"2025-12-13T01:02:16.244Z"}
{"level":"info","message":"⌛ Validating parciales/amongUs/jugadores.wlk","timeElapsed":108,"timestamp":"2025-12-13T01:02:18.139Z"}
{"level":"info","message":"⌛ Validating parciales/amongUs/jugadores.wlk","timeElapsed":103,"timestamp":"2025-12-13T01:02:20.327Z"}
{"level":"info","message":"⌛ Validating parciales/amongUs/jugadores.wlk","timeElapsed":104,"timestamp":"2025-12-13T01:02:20.685Z"}
{"level":"info","message":"⌛ Validating parciales/amongUs/jugadores.wlk","timeElapsed":108,"timestamp":"2025-12-13T01:02:24.356Z"}
{"level":"info","message":"⌛ Validating parciales/amongUs/jugadores.wlk","timeElapsed":106,"timestamp":"2025-12-13T01:02:24.539Z"}
{"level":"info","message":"⌛ Validating parciales/amongUs/jugadores.wlk","timeElapsed":103,"timestamp":"2025-12-13T01:02:24.734Z"}
{"level":"info","message":"⌛ Validating parciales/amongUs/jugadores.wlk","timeElapsed":101,"timestamp":"2025-12-13T01:02:24.835Z"}
{"level":"info","message":"⌛ Validating parciales/amongUs/jugadores.wlk","timeElapsed":108,"timestamp":"2025-12-13T01:02:25.203Z"}
{"level":"info","message":"⌛ Validating parciales/amongUs/jugadores.wlk","timeElapsed":109,"timestamp":"2025-12-13T01:02:25.416Z"}
{"level":"info","message":"⌛ Validating parciales/amongUs/jugadores.wlk","timeElapsed":101,"timestamp":"2025-12-13T01:02:25.697Z"}
{"level":"info","message":"⌛ Validating parciales/amongUs/jugadores.wlk","timeElapsed":105,"timestamp":"2025-12-13T01:02:25.877Z"}
{"level":"info","message":"⌛ Validating parciales/amongUs/jugadores.wlk","timeElapsed":104,"timestamp":"2025-12-13T01:02:26.319Z"}
{"level":"info","message":"⌛ Building environment","timeElapsed":113,"timestamp":"2025-12-13T01:02:26.683Z"}
{"level":"info","message":"⌛ Validating parciales/amongUs/jugadores.wlk","timeElapsed":113,"timestamp":"2025-12-13T01:02:26.861Z"}
{"level":"info","message":"⌛ Building environment","timeElapsed":118,"timestamp":"2025-12-13T01:02:27.220Z"}
{"level":"info","message":"⌛ Validating parciales/amongUs/jugadores.wlk","timeElapsed":109,"timestamp":"2025-12-13T01:02:27.447Z"}
{"level":"info","message":"⌛ Building environment","timeElapsed":120,"timestamp":"2025-12-13T01:02:28.025Z"}
{"level":"info","message":"⌛ Validating parciales/amongUs/jugadores.wlk","timeElapsed":104,"timestamp":"2025-12-13T01:02:28.238Z"}
{"level":"info","message":"⌛ Validating parciales/amongUs/jugadores.wlk","timeElapsed":108,"timestamp":"2025-12-13T01:02:28.443Z"}
{"level":"error","message":"✘ Completions for node Parameter ([26:25, 26:26] - parciales/amongUs/jugadores.wlk) failed: Error: [Parameter]{dadca9} at parciales/amongUs/jugadores.wlk:26 exhausted all cases without a match [Parameter]{dadca9} at parciales/amongUs/jugadores.wlk:26 exhausted all cases without a match","stack":"Error: [Parameter]{dadca9} at parciales/amongUs/jugadores.wlk:26 exhausted all cases without a match\n    at c:\\Users\\egoytendia\\.vscode\\extensions\\uqbar.wollok-lsp-ide-0.5.3\\out\\server\\src\\server.js:38:6142\n    at D2 (c:\\Users\\egoytendia\\.vscode\\extensions\\uqbar.wollok-lsp-ide-0.5.3\\out\\server\\src\\server.js:2384:42)\n    at c:\\Users\\egoytendia\\.vscode\\extensions\\uqbar.wollok-lsp-ide-0.5.3\\out\\server\\src\\server.js:2384:2988\n    at c:\\Users\\egoytendia\\.vscode\\extensions\\uqbar.wollok-lsp-ide-0.5.3\\out\\server\\src\\server.js:2393:8440\n    at c:\\Users\\egoytendia\\.vscode\\extensions\\uqbar.wollok-lsp-ide-0.5.3\\out\\server\\src\\server.js:37:74872\n    at Ye (c:\\Users\\egoytendia\\.vscode\\extensions\\uqbar.wollok-lsp-ide-0.5.3\\out\\server\\src\\server.js:7:8527)\n    at qt (c:\\Users\\egoytendia\\.vscode\\extensions\\uqbar.wollok-lsp-ide-0.5.3\\out\\server\\src\\server.js:7:6189)\n    at ot (c:\\Users\\egoytendia\\.vscode\\extensions\\uqbar.wollok-lsp-ide-0.5.3\\out\\server\\src\\server.js:7:6378)\n    at Immediate._onImmediate (c:\\Users\\egoytendia\\.vscode\\extensions\\uqbar.wollok-lsp-ide-0.5.3\\out\\server\\src\\server.js:7:6142)\n    at process.processImmediate (node:internal/timers:485:21)","timestamp":"2025-12-13T01:02:29.004Z"}
{"level":"info","message":"⌛ Validating parciales/amongUs/jugadores.wlk","timeElapsed":109,"timestamp":"2025-12-13T01:02:29.116Z"}
{"level":"error","message":"✘ Completions for node Parameter ([26:25, 26:27] - parciales/amongUs/jugadores.wlk) failed: Error: [Parameter]{1d9db1} at parciales/amongUs/jugadores.wlk:26 exhausted all cases without a match [Parameter]{1d9db1} at parciales/amongUs/jugadores.wlk:26 exhausted all cases without a match","stack":"Error: [Parameter]{1d9db1} at parciales/amongUs/jugadores.wlk:26 exhausted all cases without a match\n    at c:\\Users\\egoytendia\\.vscode\\extensions\\uqbar.wollok-lsp-ide-0.5.3\\out\\server\\src\\server.js:38:6142\n    at D2 (c:\\Users\\egoytendia\\.vscode\\extensions\\uqbar.wollok-lsp-ide-0.5.3\\out\\server\\src\\server.js:2384:42)\n    at c:\\Users\\egoytendia\\.vscode\\extensions\\uqbar.wollok-lsp-ide-0.5.3\\out\\server\\src\\server.js:2384:2988\n    at c:\\Users\\egoytendia\\.vscode\\extensions\\uqbar.wollok-lsp-ide-0.5.3\\out\\server\\src\\server.js:2393:8440\n    at c:\\Users\\egoytendia\\.vscode\\extensions\\uqbar.wollok-lsp-ide-0.5.3\\out\\server\\src\\server.js:37:74872\n    at Ye (c:\\Users\\egoytendia\\.vscode\\extensions\\uqbar.wollok-lsp-ide-0.5.3\\out\\server\\src\\server.js:7:8527)\n    at qt (c:\\Users\\egoytendia\\.vscode\\extensions\\uqbar.wollok-lsp-ide-0.5.3\\out\\server\\src\\server.js:7:6189)\n    at ot (c:\\Users\\egoytendia\\.vscode\\extensions\\uqbar.wollok-lsp-ide-0.5.3\\out\\server\\src\\server.js:7:6378)\n    at Immediate._onImmediate (c:\\Users\\egoytendia\\.vscode\\extensions\\uqbar.wollok-lsp-ide-0.5.3\\out\\server\\src\\server.js:7:6142)\n    at process.processImmediate (node:internal/timers:485:21)","timestamp":"2025-12-13T01:02:29.218Z"}
{"level":"info","message":"⌛ Validating parciales/amongUs/jugadores.wlk","timeElapsed":104,"timestamp":"2025-12-13T01:02:29.410Z"}
{"level":"info","message":"⌛ Validating parciales/amongUs/jugadores.wlk","timeElapsed":106,"timestamp":"2025-12-13T01:02:29.791Z"}
{"level":"info","message":"⌛ Validating parciales/amongUs/jugadores.wlk","timeElapsed":119,"timestamp":"2025-12-13T01:02:29.909Z"}
{"level":"info","message":"⌛ Building environment","timeElapsed":105,"timestamp":"2025-12-13T01:02:30.023Z"}
{"level":"info","message":"⌛ Validating parciales/amongUs/jugadores.wlk","timeElapsed":116,"timestamp":"2025-12-13T01:02:30.140Z"}
{"level":"error","message":"✘ Completions for node Parameter ([26:25, 26:26] - parciales/amongUs/jugadores.wlk) failed: Error: [Parameter]{8d35d8} at parciales/amongUs/jugadores.wlk:26 exhausted all cases without a match [Parameter]{8d35d8} at parciales/amongUs/jugadores.wlk:26 exhausted all cases without a match","stack":"Error: [Parameter]{8d35d8} at parciales/amongUs/jugadores.wlk:26 exhausted all cases without a match\n    at c:\\Users\\egoytendia\\.vscode\\extensions\\uqbar.wollok-lsp-ide-0.5.3\\out\\server\\src\\server.js:38:6142\n    at D2 (c:\\Users\\egoytendia\\.vscode\\extensions\\uqbar.wollok-lsp-ide-0.5.3\\out\\server\\src\\server.js:2384:42)\n    at c:\\Users\\egoytendia\\.vscode\\extensions\\uqbar.wollok-lsp-ide-0.5.3\\out\\server\\src\\server.js:2384:2988\n    at c:\\Users\\egoytendia\\.vscode\\extensions\\uqbar.wollok-lsp-ide-0.5.3\\out\\server\\src\\server.js:2393:8440\n    at c:\\Users\\egoytendia\\.vscode\\extensions\\uqbar.wollok-lsp-ide-0.5.3\\out\\server\\src\\server.js:37:74872\n    at Ye (c:\\Users\\egoytendia\\.vscode\\extensions\\uqbar.wollok-lsp-ide-0.5.3\\out\\server\\src\\server.js:7:8527)\n    at qt (c:\\Users\\egoytendia\\.vscode\\extensions\\uqbar.wollok-lsp-ide-0.5.3\\out\\server\\src\\server.js:7:6189)\n    at ot (c:\\Users\\egoytendia\\.vscode\\extensions\\uqbar.wollok-lsp-ide-0.5.3\\out\\server\\src\\server.js:7:6378)\n    at Immediate._onImmediate (c:\\Users\\egoytendia\\.vscode\\extensions\\uqbar.wollok-lsp-ide-0.5.3\\out\\server\\src\\server.js:7:6142)\n    at process.processImmediate (node:internal/timers:485:21)","timestamp":"2025-12-13T01:02:30.691Z"}
{"level":"info","message":"⌛ Validating parciales/amongUs/jugadores.wlk","timeElapsed":110,"timestamp":"2025-12-13T01:02:30.811Z"}
{"level":"error","message":"✘ Completions for node Parameter ([26:25, 26:27] - parciales/amongUs/jugadores.wlk) failed: Error: [Parameter]{0e253d} at parciales/amongUs/jugadores.wlk:26 exhausted all cases without a match [Parameter]{0e253d} at parciales/amongUs/jugadores.wlk:26 exhausted all cases without a match","stack":"Error: [Parameter]{0e253d} at parciales/amongUs/jugadores.wlk:26 exhausted all cases without a match\n    at c:\\Users\\egoytendia\\.vscode\\extensions\\uqbar.wollok-lsp-ide-0.5.3\\out\\server\\src\\server.js:38:6142\n    at D2 (c:\\Users\\egoytendia\\.vscode\\extensions\\uqbar.wollok-lsp-ide-0.5.3\\out\\server\\src\\server.js:2384:42)\n    at c:\\Users\\egoytendia\\.vscode\\extensions\\uqbar.wollok-lsp-ide-0.5.3\\out\\server\\src\\server.js:2384:2988\n    at c:\\Users\\egoytendia\\.vscode\\extensions\\uqbar.wollok-lsp-ide-0.5.3\\out\\server\\src\\server.js:2393:8440\n    at c:\\Users\\egoytendia\\.vscode\\extensions\\uqbar.wollok-lsp-ide-0.5.3\\out\\server\\src\\server.js:37:74872\n    at Ye (c:\\Users\\egoytendia\\.vscode\\extensions\\uqbar.wollok-lsp-ide-0.5.3\\out\\server\\src\\server.js:7:8527)\n    at qt (c:\\Users\\egoytendia\\.vscode\\extensions\\uqbar.wollok-lsp-ide-0.5.3\\out\\server\\src\\server.js:7:6189)\n    at ot (c:\\Users\\egoytendia\\.vscode\\extensions\\uqbar.wollok-lsp-ide-0.5.3\\out\\server\\src\\server.js:7:6378)\n    at Immediate._onImmediate (c:\\Users\\egoytendia\\.vscode\\extensions\\uqbar.wollok-lsp-ide-0.5.3\\out\\server\\src\\server.js:7:6142)\n    at process.processImmediate (node:internal/timers:485:21)","timestamp":"2025-12-13T01:02:30.908Z"}
{"level":"info","message":"⌛ Validating parciales/amongUs/jugadores.wlk","timeElapsed":106,"timestamp":"2025-12-13T01:02:31.097Z"}
{"level":"error","message":"✘ Completions for node Parameter ([26:25, 26:29] - parciales/amongUs/jugadores.wlk) failed: Error: [Parameter]{f5b9dc} at parciales/amongUs/jugadores.wlk:26 exhausted all cases without a match [Parameter]{f5b9dc} at parciales/amongUs/jugadores.wlk:26 exhausted all cases without a match","stack":"Error: [Parameter]{f5b9dc} at parciales/amongUs/jugadores.wlk:26 exhausted all cases without a match\n    at c:\\Users\\egoytendia\\.vscode\\extensions\\uqbar.wollok-lsp-ide-0.5.3\\out\\server\\src\\server.js:38:6142\n    at D2 (c:\\Users\\egoytendia\\.vscode\\extensions\\uqbar.wollok-lsp-ide-0.5.3\\out\\server\\src\\server.js:2384:42)\n    at c:\\Users\\egoytendia\\.vscode\\extensions\\uqbar.wollok-lsp-ide-0.5.3\\out\\server\\src\\server.js:2384:2988\n    at c:\\Users\\egoytendia\\.vscode\\extensions\\uqbar.wollok-lsp-ide-0.5.3\\out\\server\\src\\server.js:2393:8440\n    at c:\\Users\\egoytendia\\.vscode\\extensions\\uqbar.wollok-lsp-ide-0.5.3\\out\\server\\src\\server.js:37:74872\n    at Ye (c:\\Users\\egoytendia\\.vscode\\extensions\\uqbar.wollok-lsp-ide-0.5.3\\out\\server\\src\\server.js:7:8527)\n    at qt (c:\\Users\\egoytendia\\.vscode\\extensions\\uqbar.wollok-lsp-ide-0.5.3\\out\\server\\src\\server.js:7:6189)\n    at ot (c:\\Users\\egoytendia\\.vscode\\extensions\\uqbar.wollok-lsp-ide-0.5.3\\out\\server\\src\\server.js:7:6378)\n    at Immediate._onImmediate (c:\\Users\\egoytendia\\.vscode\\extensions\\uqbar.wollok-lsp-ide-0.5.3\\out\\server\\src\\server.js:7:6142)\n    at process.processImmediate (node:internal/timers:485:21)","timestamp":"2025-12-13T01:02:31.199Z"}
{"level":"info","message":"⌛ Validating parciales/amongUs/jugadores.wlk","timeElapsed":102,"timestamp":"2025-12-13T01:02:31.303Z"}
{"level":"info","message":"⌛ Building environment","timeElapsed":113,"timestamp":"2025-12-13T01:02:31.416Z"}
{"level":"info","message":"⌛ Validating parciales/amongUs/jugadores.wlk","timeElapsed":104,"timestamp":"2025-12-13T01:02:31.521Z"}
{"level":"info","message":"⌛ Building environment","timeElapsed":114,"timestamp":"2025-12-13T01:02:36.473Z"}
{"level":"info","message":"⌛ Validating parciales/amongUs/jugadores.wlk","timeElapsed":110,"timestamp":"2025-12-13T01:02:36.618Z"}
{"level":"info","message":"⌛ Validating parciales/amongUs/jugadores.wlk","timeElapsed":110,"timestamp":"2025-12-13T01:02:36.893Z"}
{"level":"info","message":"⌛ Building environment","timeElapsed":107,"timestamp":"2025-12-13T01:02:37.001Z"}
{"level":"info","message":"⌛ Validating parciales/amongUs/jugadores.wlk","timeElapsed":116,"timestamp":"2025-12-13T01:02:37.117Z"}
{"level":"info","message":"⌛ Validating parciales/amongUs/jugadores.wlk","timeElapsed":108,"timestamp":"2025-12-13T01:02:39.913Z"}
{"level":"info","message":"⌛ Validating parciales/amongUs/jugadores.wlk","timeElapsed":109,"timestamp":"2025-12-13T01:02:44.417Z"}
{"level":"info","message":"⌛ Building environment","timeElapsed":110,"timestamp":"2025-12-13T01:02:45.311Z"}
{"level":"info","message":"⌛ Validating parciales/amongUs/jugadores.wlk","timeElapsed":124,"timestamp":"2025-12-13T01:02:45.491Z"}
{"level":"info","message":"⌛ Validating parciales/amongUs/jugadores.wlk","timeElapsed":103,"timestamp":"2025-12-13T01:02:45.767Z"}
{"level":"info","message":"⌛ Validating parciales/amongUs/jugadores.wlk","timeElapsed":109,"timestamp":"2025-12-13T01:02:47.049Z"}
{"level":"info","message":"⌛ Validating parciales/amongUs/jugadores.wlk","timeElapsed":114,"timestamp":"2025-12-13T01:02:47.252Z"}
{"level":"info","message":"⌛ Validating parciales/amongUs/jugadores.wlk","timeElapsed":109,"timestamp":"2025-12-13T01:02:47.361Z"}
{"level":"info","message":"⌛ Building environment","timeElapsed":102,"timestamp":"2025-12-13T01:02:47.644Z"}
{"level":"info","message":"⌛ Validating parciales/amongUs/jugadores.wlk","timeElapsed":101,"timestamp":"2025-12-13T01:02:47.752Z"}
{"level":"info","message":"⌛ Building environment","timeElapsed":104,"timestamp":"2025-12-13T01:02:48.364Z"}
{"level":"error","message":"✘ Completions for node Send ([27:5, 27:30] - parciales/amongUs/jugadores.wlk) failed: Error: [Send]{a61ee7} at parciales/amongUs/jugadores.wlk:27 exhausted all cases without a match [Send]{a61ee7} at parciales/amongUs/jugadores.wlk:27 exhausted all cases without a match","stack":"Error: [Send]{a61ee7} at parciales/amongUs/jugadores.wlk:27 exhausted all cases without a match\n    at c:\\Users\\egoytendia\\.vscode\\extensions\\uqbar.wollok-lsp-ide-0.5.3\\out\\server\\src\\server.js:38:6142\n    at D2 (c:\\Users\\egoytendia\\.vscode\\extensions\\uqbar.wollok-lsp-ide-0.5.3\\out\\server\\src\\server.js:2384:42)\n    at Qh (c:\\Users\\egoytendia\\.vscode\\extensions\\uqbar.wollok-lsp-ide-0.5.3\\out\\server\\src\\server.js:2384:1092)\n    at k6n (c:\\Users\\egoytendia\\.vscode\\extensions\\uqbar.wollok-lsp-ide-0.5.3\\out\\server\\src\\server.js:2384:1248)\n    at c:\\Users\\egoytendia\\.vscode\\extensions\\uqbar.wollok-lsp-ide-0.5.3\\out\\server\\src\\server.js:38:6131\n    at D2 (c:\\Users\\egoytendia\\.vscode\\extensions\\uqbar.wollok-lsp-ide-0.5.3\\out\\server\\src\\server.js:2384:42)\n    at c:\\Users\\egoytendia\\.vscode\\extensions\\uqbar.wollok-lsp-ide-0.5.3\\out\\server\\src\\server.js:2384:2988\n    at c:\\Users\\egoytendia\\.vscode\\extensions\\uqbar.wollok-lsp-ide-0.5.3\\out\\server\\src\\server.js:2393:8440\n    at c:\\Users\\egoytendia\\.vscode\\extensions\\uqbar.wollok-lsp-ide-0.5.3\\out\\server\\src\\server.js:37:74872\n    at Ye (c:\\Users\\egoytendia\\.vscode\\extensions\\uqbar.wollok-lsp-ide-0.5.3\\out\\server\\src\\server.js:7:8527)","timestamp":"2025-12-13T01:02:48.394Z"}
{"level":"info","message":"⌛ Validating parciales/amongUs/jugadores.wlk","timeElapsed":105,"timestamp":"2025-12-13T01:02:48.503Z"}
{"level":"info","message":"⌛ Validating parciales/amongUs/jugadores.wlk","timeElapsed":109,"timestamp":"2025-12-13T01:02:48.724Z"}
{"level":"info","message":"⌛ Validating parciales/amongUs/jugadores.wlk","timeElapsed":103,"timestamp":"2025-12-13T01:02:48.990Z"}
{"level":"info","message":"⌛ Building environment","timeElapsed":247,"timestamp":"2025-12-13T02:01:12.128Z"}
{"level":"info","message":"⌛ Validating parciales/amongUs/tareas.wlk","timeElapsed":159,"timestamp":"2025-12-13T02:01:12.296Z"}
{"level":"info","message":"⌛ Building environment","timeElapsed":130,"timestamp":"2025-12-13T02:01:12.699Z"}
{"level":"error","message":"✘ Completions for node If ([12:5, 16:6] - parciales/amongUs/tareas.wlk) failed: Error: [If]{ef7e8f} at parciales/amongUs/tareas.wlk:12 exhausted all cases without a match [If]{ef7e8f} at parciales/amongUs/tareas.wlk:12 exhausted all cases without a match","stack":"Error: [If]{ef7e8f} at parciales/amongUs/tareas.wlk:12 exhausted all cases without a match\n    at c:\\Users\\egoytendia\\.vscode\\extensions\\uqbar.wollok-lsp-ide-0.5.3\\out\\server\\src\\server.js:38:6142\n    at D2 (c:\\Users\\egoytendia\\.vscode\\extensions\\uqbar.wollok-lsp-ide-0.5.3\\out\\server\\src\\server.js:2384:42)\n    at Qh (c:\\Users\\egoytendia\\.vscode\\extensions\\uqbar.wollok-lsp-ide-0.5.3\\out\\server\\src\\server.js:2384:1092)\n    at v6n (c:\\Users\\egoytendia\\.vscode\\extensions\\uqbar.wollok-lsp-ide-0.5.3\\out\\server\\src\\server.js:2384:818)\n    at c:\\Users\\egoytendia\\.vscode\\extensions\\uqbar.wollok-lsp-ide-0.5.3\\out\\server\\src\\server.js:38:6131\n    at D2 (c:\\Users\\egoytendia\\.vscode\\extensions\\uqbar.wollok-lsp-ide-0.5.3\\out\\server\\src\\server.js:2384:42)\n    at Qh (c:\\Users\\egoytendia\\.vscode\\extensions\\uqbar.wollok-lsp-ide-0.5.3\\out\\server\\src\\server.js:2384:1092)\n    at k6n (c:\\Users\\egoytendia\\.vscode\\extensions\\uqbar.wollok-lsp-ide-0.5.3\\out\\server\\src\\server.js:2384:1248)\n    at c:\\Users\\egoytendia\\.vscode\\extensions\\uqbar.wollok-lsp-ide-0.5.3\\out\\server\\src\\server.js:38:6131\n    at D2 (c:\\Users\\egoytendia\\.vscode\\extensions\\uqbar.wollok-lsp-ide-0.5.3\\out\\server\\src\\server.js:2384:42)","timestamp":"2025-12-13T02:01:12.771Z"}
{"level":"info","message":"⌛ Building environment","timeElapsed":110,"timestamp":"2025-12-13T02:01:12.885Z"}
{"level":"info","message":"⌛ Validating parciales/amongUs/tareas.wlk","timeElapsed":158,"timestamp":"2025-12-13T02:01:13.044Z"}
{"level":"info","message":"⌛ Validating parciales/amongUs/tareas.wlk","timeElapsed":166,"timestamp":"2025-12-13T02:01:13.301Z"}
{"level":"info","message":"⌛ Building environment","timeElapsed":110,"timestamp":"2025-12-13T02:01:13.412Z"}
{"level":"info","message":"⌛ Validating parciales/amongUs/tareas.wlk","timeElapsed":116,"timestamp":"2025-12-13T02:01:13.528Z"}
{"level":"info","message":"⌛ Validating parciales/amongUs/tareas.wlk","timeElapsed":115,"timestamp":"2025-12-13T02:01:13.649Z"}
{"level":"info","message":"⌛ Validating parciales/amongUs/tareas.wlk","timeElapsed":119,"timestamp":"2025-12-13T02:01:13.851Z"}
{"level":"info","message":"⌛ Building environment","timeElapsed":105,"timestamp":"2025-12-13T02:01:13.957Z"}
{"level":"info","message":"⌛ Validating parciales/amongUs/tareas.wlk","timeElapsed":119,"timestamp":"2025-12-13T02:01:14.119Z"}
{"level":"info","message":"⌛ Building environment","timeElapsed":106,"timestamp":"2025-12-13T02:01:14.949Z"}
{"level":"info","message":"⌛ Validating parciales/amongUs/tareas.wlk","timeElapsed":125,"timestamp":"2025-12-13T02:01:15.075Z"}
{"level":"info","message":"⌛ Validating parciales/amongUs/tareas.wlk","timeElapsed":118,"timestamp":"2025-12-13T02:01:15.536Z"}
{"level":"info","message":"⌛ Building environment","timeElapsed":103,"timestamp":"2025-12-13T02:01:16.097Z"}
{"level":"error","message":"✘ Completions for node Send ([15:8, 15:34] - parciales/amongUs/tareas.wlk) failed: Error: [Send]{37df83} at parciales/amongUs/tareas.wlk:15 exhausted all cases without a match [Send]{37df83} at parciales/amongUs/tareas.wlk:15 exhausted all cases without a match","stack":"Error: [Send]{37df83} at parciales/amongUs/tareas.wlk:15 exhausted all cases without a match\n    at c:\\Users\\egoytendia\\.vscode\\extensions\\uqbar.wollok-lsp-ide-0.5.3\\out\\server\\src\\server.js:38:6142\n    at D2 (c:\\Users\\egoytendia\\.vscode\\extensions\\uqbar.wollok-lsp-ide-0.5.3\\out\\server\\src\\server.js:2384:42)\n    at Qh (c:\\Users\\egoytendia\\.vscode\\extensions\\uqbar.wollok-lsp-ide-0.5.3\\out\\server\\src\\server.js:2384:1092)\n    at k6n (c:\\Users\\egoytendia\\.vscode\\extensions\\uqbar.wollok-lsp-ide-0.5.3\\out\\server\\src\\server.js:2384:1248)\n    at c:\\Users\\egoytendia\\.vscode\\extensions\\uqbar.wollok-lsp-ide-0.5.3\\out\\server\\src\\server.js:38:6131\n    at D2 (c:\\Users\\egoytendia\\.vscode\\extensions\\uqbar.wollok-lsp-ide-0.5.3\\out\\server\\src\\server.js:2384:42)\n    at c:\\Users\\egoytendia\\.vscode\\extensions\\uqbar.wollok-lsp-ide-0.5.3\\out\\server\\src\\server.js:2384:2988\n    at c:\\Users\\egoytendia\\.vscode\\extensions\\uqbar.wollok-lsp-ide-0.5.3\\out\\server\\src\\server.js:2393:8440\n    at c:\\Users\\egoytendia\\.vscode\\extensions\\uqbar.wollok-lsp-ide-0.5.3\\out\\server\\src\\server.js:37:74872\n    at Ye (c:\\Users\\egoytendia\\.vscode\\extensions\\uqbar.wollok-lsp-ide-0.5.3\\out\\server\\src\\server.js:7:8527)","timestamp":"2025-12-13T02:01:16.175Z"}
{"level":"error","message":"✘ Completions for node If ([12:5, 16:6] - parciales/amongUs/tareas.wlk) failed: Error: [If]{5ae23b} at parciales/amongUs/tareas.wlk:12 exhausted all cases without a match [If]{5ae23b} at parciales/amongUs/tareas.wlk:12 exhausted all cases without a match","stack":"Error: [If]{5ae23b} at parciales/amongUs/tareas.wlk:12 exhausted all cases without a match\n    at c:\\Users\\egoytendia\\.vscode\\extensions\\uqbar.wollok-lsp-ide-0.5.3\\out\\server\\src\\server.js:38:6142\n    at D2 (c:\\Users\\egoytendia\\.vscode\\extensions\\uqbar.wollok-lsp-ide-0.5.3\\out\\server\\src\\server.js:2384:42)\n    at Qh (c:\\Users\\egoytendia\\.vscode\\extensions\\uqbar.wollok-lsp-ide-0.5.3\\out\\server\\src\\server.js:2384:1092)\n    at v6n (c:\\Users\\egoytendia\\.vscode\\extensions\\uqbar.wollok-lsp-ide-0.5.3\\out\\server\\src\\server.js:2384:818)\n    at c:\\Users\\egoytendia\\.vscode\\extensions\\uqbar.wollok-lsp-ide-0.5.3\\out\\server\\src\\server.js:38:6131\n    at D2 (c:\\Users\\egoytendia\\.vscode\\extensions\\uqbar.wollok-lsp-ide-0.5.3\\out\\server\\src\\server.js:2384:42)\n    at Qh (c:\\Users\\egoytendia\\.vscode\\extensions\\uqbar.wollok-lsp-ide-0.5.3\\out\\server\\src\\server.js:2384:1092)\n    at D2 (c:\\Users\\egoytendia\\.vscode\\extensions\\uqbar.wollok-lsp-ide-0.5.3\\out\\server\\src\\server.js:2384:544)\n    at Qh (c:\\Users\\egoytendia\\.vscode\\extensions\\uqbar.wollok-lsp-ide-0.5.3\\out\\server\\src\\server.js:2384:1092)\n    at k6n (c:\\Users\\egoytendia\\.vscode\\extensions\\uqbar.wollok-lsp-ide-0.5.3\\out\\server\\src\\server.js:2384:1248)","timestamp":"2025-12-13T02:01:16.176Z"}
{"level":"info","message":"⌛ Validating parciales/amongUs/tareas.wlk","timeElapsed":127,"timestamp":"2025-12-13T02:01:16.315Z"}
{"level":"info","message":"⌛ Building environment","timeElapsed":118,"timestamp":"2025-12-13T02:01:16.598Z"}
{"level":"info","message":"⌛ Validating parciales/amongUs/tareas.wlk","timeElapsed":114,"timestamp":"2025-12-13T02:01:16.721Z"}
{"level":"info","message":"⌛ Validating parciales/amongUs/tareas.wlk","timeElapsed":109,"timestamp":"2025-12-13T02:01:16.831Z"}
{"level":"info","message":"⌛ Validating parciales/amongUs/tareas.wlk","timeElapsed":110,"timestamp":"2025-12-13T02:01:16.946Z"}
{"level":"info","message":"⌛ Building environment","timeElapsed":169,"timestamp":"2025-12-13T02:06:10.290Z"}
{"level":"info","message":"⌛ Validating parciales/amongUs/tareas.wlk","timeElapsed":149,"timestamp":"2025-12-13T02:06:10.440Z"}
{"level":"info","message":"⌛ Building environment","timeElapsed":117,"timestamp":"2025-12-13T02:06:10.598Z"}
{"level":"info","message":"⌛ Validating parciales/amongUs/tareas.wlk","timeElapsed":118,"timestamp":"2025-12-13T02:06:10.781Z"}
{"level":"info","message":"⌛ Building environment","timeElapsed":101,"timestamp":"2025-12-13T02:06:10.976Z"}
{"level":"info","message":"⌛ Building environment","timeElapsed":108,"timestamp":"2025-12-13T02:06:11.085Z"}
{"level":"info","message":"⌛ Validating parciales/amongUs/tareas.wlk","timeElapsed":146,"timestamp":"2025-12-13T02:06:11.233Z"}
{"level":"info","message":"⌛ Validating parciales/amongUs/tareas.wlk","timeElapsed":116,"timestamp":"2025-12-13T02:06:11.438Z"}
{"level":"info","message":"⌛ Validating parciales/amongUs/tareas.wlk","timeElapsed":110,"timestamp":"2025-12-13T02:06:11.548Z"}
{"level":"info","message":"⌛ Validating parciales/amongUs/tareas.wlk","timeElapsed":108,"timestamp":"2025-12-13T02:06:11.661Z"}
{"level":"info","message":"⌛ Validating parciales/amongUs/tareas.wlk","timeElapsed":113,"timestamp":"2025-12-13T02:06:11.854Z"}
{"level":"info","message":"⌛ Building environment","timeElapsed":115,"timestamp":"2025-12-13T02:06:21.022Z"}
{"level":"info","message":"⌛ Validating parciales/amongUs/tareas.wlk","timeElapsed":117,"timestamp":"2025-12-13T02:06:21.145Z"}
{"level":"info","message":"⌛ Building environment","timeElapsed":111,"timestamp":"2025-12-13T02:06:21.376Z"}
{"level":"info","message":"⌛ Validating parciales/amongUs/tareas.wlk","timeElapsed":121,"timestamp":"2025-12-13T02:06:21.503Z"}
{"level":"info","message":"⌛ Building environment","timeElapsed":103,"timestamp":"2025-12-13T02:06:21.934Z"}
{"level":"info","message":"⌛ Validating parciales/amongUs/tareas.wlk","timeElapsed":120,"timestamp":"2025-12-13T02:06:22.079Z"}
{"level":"info","message":"⌛ Validating parciales/amongUs/tareas.wlk","timeElapsed":114,"timestamp":"2025-12-13T02:06:22.276Z"}
{"level":"info","message":"⌛ Building environment","timeElapsed":127,"timestamp":"2025-12-13T02:06:25.219Z"}
{"level":"info","message":"⌛ Validating parciales/amongUs/tareas.wlk","timeElapsed":110,"timestamp":"2025-12-13T02:06:25.335Z"}
{"level":"info","message":"⌛ Building environment","timeElapsed":105,"timestamp":"2025-12-13T02:06:32.787Z"}
{"level":"info","message":"⌛ Validating parciales/amongUs/tareas.wlk","timeElapsed":139,"timestamp":"2025-12-13T02:06:32.928Z"}
{"level":"info","message":"⌛ Building environment","timeElapsed":122,"timestamp":"2025-12-13T02:06:39.893Z"}
{"level":"error","message":"✘ Completions for node Parameter ([19:24, 19:25] - parciales/amongUs/tareas.wlk) failed: Error: [Parameter]{70a375} at parciales/amongUs/tareas.wlk:19 exhausted all cases without a match [Parameter]{70a375} at parciales/amongUs/tareas.wlk:19 exhausted all cases without a match","stack":"Error: [Parameter]{70a375} at parciales/amongUs/tareas.wlk:19 exhausted all cases without a match\n    at c:\\Users\\egoytendia\\.vscode\\extensions\\uqbar.wollok-lsp-ide-0.5.3\\out\\server\\src\\server.js:38:6142\n    at D2 (c:\\Users\\egoytendia\\.vscode\\extensions\\uqbar.wollok-lsp-ide-0.5.3\\out\\server\\src\\server.js:2384:42)\n    at c:\\Users\\egoytendia\\.vscode\\extensions\\uqbar.wollok-lsp-ide-0.5.3\\out\\server\\src\\server.js:2384:2988\n    at c:\\Users\\egoytendia\\.vscode\\extensions\\uqbar.wollok-lsp-ide-0.5.3\\out\\server\\src\\server.js:2393:8440\n    at c:\\Users\\egoytendia\\.vscode\\extensions\\uqbar.wollok-lsp-ide-0.5.3\\out\\server\\src\\server.js:37:74872\n    at Ye (c:\\Users\\egoytendia\\.vscode\\extensions\\uqbar.wollok-lsp-ide-0.5.3\\out\\server\\src\\server.js:7:8527)\n    at qt (c:\\Users\\egoytendia\\.vscode\\extensions\\uqbar.wollok-lsp-ide-0.5.3\\out\\server\\src\\server.js:7:6189)\n    at ot (c:\\Users\\egoytendia\\.vscode\\extensions\\uqbar.wollok-lsp-ide-0.5.3\\out\\server\\src\\server.js:7:6378)\n    at Immediate._onImmediate (c:\\Users\\egoytendia\\.vscode\\extensions\\uqbar.wollok-lsp-ide-0.5.3\\out\\server\\src\\server.js:7:6142)\n    at process.processImmediate (node:internal/timers:485:21)","timestamp":"2025-12-13T02:06:39.924Z"}
{"level":"info","message":"⌛ Validating parciales/amongUs/tareas.wlk","timeElapsed":117,"timestamp":"2025-12-13T02:06:40.048Z"}
{"level":"error","message":"✘ Completions for node Parameter ([19:24, 19:27] - parciales/amongUs/tareas.wlk) failed: Error: [Parameter]{828c4a} at parciales/amongUs/tareas.wlk:19 exhausted all cases without a match [Parameter]{828c4a} at parciales/amongUs/tareas.wlk:19 exhausted all cases without a match","stack":"Error: [Parameter]{828c4a} at parciales/amongUs/tareas.wlk:19 exhausted all cases without a match\n    at c:\\Users\\egoytendia\\.vscode\\extensions\\uqbar.wollok-lsp-ide-0.5.3\\out\\server\\src\\server.js:38:6142\n    at D2 (c:\\Users\\egoytendia\\.vscode\\extensions\\uqbar.wollok-lsp-ide-0.5.3\\out\\server\\src\\server.js:2384:42)\n    at c:\\Users\\egoytendia\\.vscode\\extensions\\uqbar.wollok-lsp-ide-0.5.3\\out\\server\\src\\server.js:2384:2988\n    at c:\\Users\\egoytendia\\.vscode\\extensions\\uqbar.wollok-lsp-ide-0.5.3\\out\\server\\src\\server.js:2393:8440\n    at c:\\Users\\egoytendia\\.vscode\\extensions\\uqbar.wollok-lsp-ide-0.5.3\\out\\server\\src\\server.js:37:74872\n    at Ye (c:\\Users\\egoytendia\\.vscode\\extensions\\uqbar.wollok-lsp-ide-0.5.3\\out\\server\\src\\server.js:7:8527)\n    at qt (c:\\Users\\egoytendia\\.vscode\\extensions\\uqbar.wollok-lsp-ide-0.5.3\\out\\server\\src\\server.js:7:6189)\n    at ot (c:\\Users\\egoytendia\\.vscode\\extensions\\uqbar.wollok-lsp-ide-0.5.3\\out\\server\\src\\server.js:7:6378)\n    at Immediate._onImmediate (c:\\Users\\egoytendia\\.vscode\\extensions\\uqbar.wollok-lsp-ide-0.5.3\\out\\server\\src\\server.js:7:6142)\n    at process.processImmediate (node:internal/timers:485:21)","timestamp":"2025-12-13T02:06:40.301Z"}
{"level":"info","message":"⌛ Validating parciales/amongUs/tareas.wlk","timeElapsed":119,"timestamp":"2025-12-13T02:06:40.522Z"}
{"level":"info","message":"⌛ Validating parciales/amongUs/tareas.wlk","timeElapsed":107,"timestamp":"2025-12-13T02:06:40.629Z"}
{"level":"info","message":"⌛ Validating parciales/amongUs/tareas.wlk","timeElapsed":109,"timestamp":"2025-12-13T02:06:40.814Z"}
{"level":"info","message":"⌛ Validating parciales/amongUs/tareas.wlk","timeElapsed":108,"timestamp":"2025-12-13T02:06:41.085Z"}
{"level":"info","message":"⌛ Validating parciales/amongUs/tareas.wlk","timeElapsed":115,"timestamp":"2025-12-13T02:06:41.306Z"}
{"level":"error","message":"✘ Completions for node Parameter ([19:31, 19:32] - parciales/amongUs/tareas.wlk) failed: Error: [Parameter]{04d5e2} at parciales/amongUs/tareas.wlk:19 exhausted all cases without a match [Parameter]{04d5e2} at parciales/amongUs/tareas.wlk:19 exhausted all cases without a match","stack":"Error: [Parameter]{04d5e2} at parciales/amongUs/tareas.wlk:19 exhausted all cases without a match\n    at c:\\Users\\egoytendia\\.vscode\\extensions\\uqbar.wollok-lsp-ide-0.5.3\\out\\server\\src\\server.js:38:6142\n    at D2 (c:\\Users\\egoytendia\\.vscode\\extensions\\uqbar.wollok-lsp-ide-0.5.3\\out\\server\\src\\server.js:2384:42)\n    at c:\\Users\\egoytendia\\.vscode\\extensions\\uqbar.wollok-lsp-ide-0.5.3\\out\\server\\src\\server.js:2384:2988\n    at c:\\Users\\egoytendia\\.vscode\\extensions\\uqbar.wollok-lsp-ide-0.5.3\\out\\server\\src\\server.js:2393:8440\n    at c:\\Users\\egoytendia\\.vscode\\extensions\\uqbar.wollok-lsp-ide-0.5.3\\out\\server\\src\\server.js:37:74872\n    at Ye (c:\\Users\\egoytendia\\.vscode\\extensions\\uqbar.wollok-lsp-ide-0.5.3\\out\\server\\src\\server.js:7:8527)\n    at qt (c:\\Users\\egoytendia\\.vscode\\extensions\\uqbar.wollok-lsp-ide-0.5.3\\out\\server\\src\\server.js:7:6189)\n    at ot (c:\\Users\\egoytendia\\.vscode\\extensions\\uqbar.wollok-lsp-ide-0.5.3\\out\\server\\src\\server.js:7:6378)\n    at Immediate._onImmediate (c:\\Users\\egoytendia\\.vscode\\extensions\\uqbar.wollok-lsp-ide-0.5.3\\out\\server\\src\\server.js:7:6142)\n    at process.processImmediate (node:internal/timers:485:21)","timestamp":"2025-12-13T02:06:43.369Z"}
{"level":"info","message":"⌛ Validating parciales/amongUs/tareas.wlk","timeElapsed":112,"timestamp":"2025-12-13T02:06:43.575Z"}
{"level":"info","message":"⌛ Validating parciales/amongUs/tareas.wlk","timeElapsed":117,"timestamp":"2025-12-13T02:06:43.785Z"}
{"level":"info","message":"⌛ Validating parciales/amongUs/tareas.wlk","timeElapsed":109,"timestamp":"2025-12-13T02:06:43.899Z"}
{"level":"error","message":"✘ Completions for node Parameter ([19:31, 19:35] - parciales/amongUs/tareas.wlk) failed: Error: [Parameter]{89acd6} at parciales/amongUs/tareas.wlk:19 exhausted all cases without a match [Parameter]{89acd6} at parciales/amongUs/tareas.wlk:19 exhausted all cases without a match","stack":"Error: [Parameter]{89acd6} at parciales/amongUs/tareas.wlk:19 exhausted all cases without a match\n    at c:\\Users\\egoytendia\\.vscode\\extensions\\uqbar.wollok-lsp-ide-0.5.3\\out\\server\\src\\server.js:38:6142\n    at D2 (c:\\Users\\egoytendia\\.vscode\\extensions\\uqbar.wollok-lsp-ide-0.5.3\\out\\server\\src\\server.js:2384:42)\n    at c:\\Users\\egoytendia\\.vscode\\extensions\\uqbar.wollok-lsp-ide-0.5.3\\out\\server\\src\\server.js:2384:2988\n    at c:\\Users\\egoytendia\\.vscode\\extensions\\uqbar.wollok-lsp-ide-0.5.3\\out\\server\\src\\server.js:2393:8440\n    at c:\\Users\\egoytendia\\.vscode\\extensions\\uqbar.wollok-lsp-ide-0.5.3\\out\\server\\src\\server.js:37:74872\n    at Ye (c:\\Users\\egoytendia\\.vscode\\extensions\\uqbar.wollok-lsp-ide-0.5.3\\out\\server\\src\\server.js:7:8527)\n    at qt (c:\\Users\\egoytendia\\.vscode\\extensions\\uqbar.wollok-lsp-ide-0.5.3\\out\\server\\src\\server.js:7:6189)\n    at ot (c:\\Users\\egoytendia\\.vscode\\extensions\\uqbar.wollok-lsp-ide-0.5.3\\out\\server\\src\\server.js:7:6378)\n    at Immediate._onImmediate (c:\\Users\\egoytendia\\.vscode\\extensions\\uqbar.wollok-lsp-ide-0.5.3\\out\\server\\src\\server.js:7:6142)\n    at process.processImmediate (node:internal/timers:485:21)","timestamp":"2025-12-13T02:06:43.995Z"}
{"level":"info","message":"⌛ Validating parciales/amongUs/tareas.wlk","timeElapsed":114,"timestamp":"2025-12-13T02:06:44.113Z"}
{"level":"error","message":"✘ Completions for node Parameter ([19:31, 19:36] - parciales/amongUs/tareas.wlk) failed: Error: [Parameter]{375cae} at parciales/amongUs/tareas.wlk:19 exhausted all cases without a match [Parameter]{375cae} at parciales/amongUs/tareas.wlk:19 exhausted all cases without a match","stack":"Error: [Parameter]{375cae} at parciales/amongUs/tareas.wlk:19 exhausted all cases without a match\n    at c:\\Users\\egoytendia\\.vscode\\extensions\\uqbar.wollok-lsp-ide-0.5.3\\out\\server\\src\\server.js:38:6142\n    at D2 (c:\\Users\\egoytendia\\.vscode\\extensions\\uqbar.wollok-lsp-ide-0.5.3\\out\\server\\src\\server.js:2384:42)\n    at c:\\Users\\egoytendia\\.vscode\\extensions\\uqbar.wollok-lsp-ide-0.5.3\\out\\server\\src\\server.js:2384:2988\n    at c:\\Users\\egoytendia\\.vscode\\extensions\\uqbar.wollok-lsp-ide-0.5.3\\out\\server\\src\\server.js:2393:8440\n    at c:\\Users\\egoytendia\\.vscode\\extensions\\uqbar.wollok-lsp-ide-0.5.3\\out\\server\\src\\server.js:37:74872\n    at Ye (c:\\Users\\egoytendia\\.vscode\\extensions\\uqbar.wollok-lsp-ide-0.5.3\\out\\server\\src\\server.js:7:8527)\n    at qt (c:\\Users\\egoytendia\\.vscode\\extensions\\uqbar.wollok-lsp-ide-0.5.3\\out\\server\\src\\server.js:7:6189)\n    at ot (c:\\Users\\egoytendia\\.vscode\\extensions\\uqbar.wollok-lsp-ide-0.5.3\\out\\server\\src\\server.js:7:6378)\n    at Immediate._onImmediate (c:\\Users\\egoytendia\\.vscode\\extensions\\uqbar.wollok-lsp-ide-0.5.3\\out\\server\\src\\server.js:7:6142)\n    at process.processImmediate (node:internal/timers:485:21)","timestamp":"2025-12-13T02:06:44.223Z"}
{"level":"info","message":"⌛ Validating parciales/amongUs/tareas.wlk","timeElapsed":108,"timestamp":"2025-12-13T02:06:44.423Z"}
{"level":"error","message":"✘ Completions for node Parameter ([19:31, 19:38] - parciales/amongUs/tareas.wlk) failed: Error: [Parameter]{3745c2} at parciales/amongUs/tareas.wlk:19 exhausted all cases without a match [Parameter]{3745c2} at parciales/amongUs/tareas.wlk:19 exhausted all cases without a match","stack":"Error: [Parameter]{3745c2} at parciales/amongUs/tareas.wlk:19 exhausted all cases without a match\n    at c:\\Users\\egoytendia\\.vscode\\extensions\\uqbar.wollok-lsp-ide-0.5.3\\out\\server\\src\\server.js:38:6142\n    at D2 (c:\\Users\\egoytendia\\.vscode\\extensions\\uqbar.wollok-lsp-ide-0.5.3\\out\\server\\src\\server.js:2384:42)\n    at c:\\Users\\egoytendia\\.vscode\\extensions\\uqbar.wollok-lsp-ide-0.5.3\\out\\server\\src\\server.js:2384:2988\n    at c:\\Users\\egoytendia\\.vscode\\extensions\\uqbar.wollok-lsp-ide-0.5.3\\out\\server\\src\\server.js:2393:8440\n    at c:\\Users\\egoytendia\\.vscode\\extensions\\uqbar.wollok-lsp-ide-0.5.3\\out\\server\\src\\server.js:37:74872\n    at Ye (c:\\Users\\egoytendia\\.vscode\\extensions\\uqbar.wollok-lsp-ide-0.5.3\\out\\server\\src\\server.js:7:8527)\n    at qt (c:\\Users\\egoytendia\\.vscode\\extensions\\uqbar.wollok-lsp-ide-0.5.3\\out\\server\\src\\server.js:7:6189)\n    at ot (c:\\Users\\egoytendia\\.vscode\\extensions\\uqbar.wollok-lsp-ide-0.5.3\\out\\server\\src\\server.js:7:6378)\n    at Immediate._onImmediate (c:\\Users\\egoytendia\\.vscode\\extensions\\uqbar.wollok-lsp-ide-0.5.3\\out\\server\\src\\server.js:7:6142)\n    at process.processImmediate (node:internal/timers:485:21)","timestamp":"2025-12-13T02:06:44.526Z"}
{"level":"info","message":"⌛ Validating parciales/amongUs/tareas.wlk","timeElapsed":114,"timestamp":"2025-12-13T02:06:44.645Z"}
{"level":"info","message":"⌛ Validating parciales/amongUs/tareas.wlk","timeElapsed":112,"timestamp":"2025-12-13T02:06:44.911Z"}
{"level":"info","message":"⌛ Building environment","timeElapsed":154,"timestamp":"2025-12-13T02:06:45.146Z"}
{"level":"error","message":"✘ Completions for node Parameter ([19:31, 19:42] - parciales/amongUs/tareas.wlk) failed: Error: [Parameter]{291f72} at parciales/amongUs/tareas.wlk:19 exhausted all cases without a match [Parameter]{291f72} at parciales/amongUs/tareas.wlk:19 exhausted all cases without a match","stack":"Error: [Parameter]{291f72} at parciales/amongUs/tareas.wlk:19 exhausted all cases without a match\n    at c:\\Users\\egoytendia\\.vscode\\extensions\\uqbar.wollok-lsp-ide-0.5.3\\out\\server\\src\\server.js:38:6142\n    at D2 (c:\\Users\\egoytendia\\.vscode\\extensions\\uqbar.wollok-lsp-ide-0.5.3\\out\\server\\src\\server.js:2384:42)\n    at c:\\Users\\egoytendia\\.vscode\\extensions\\uqbar.wollok-lsp-ide-0.5.3\\out\\server\\src\\server.js:2384:2988\n    at c:\\Users\\egoytendia\\.vscode\\extensions\\uqbar.wollok-lsp-ide-0.5.3\\out\\server\\src\\server.js:2393:8440\n    at c:\\Users\\egoytendia\\.vscode\\extensions\\uqbar.wollok-lsp-ide-0.5.3\\out\\server\\src\\server.js:37:74872\n    at Ye (c:\\Users\\egoytendia\\.vscode\\extensions\\uqbar.wollok-lsp-ide-0.5.3\\out\\server\\src\\server.js:7:8527)\n    at qt (c:\\Users\\egoytendia\\.vscode\\extensions\\uqbar.wollok-lsp-ide-0.5.3\\out\\server\\src\\server.js:7:6189)\n    at ot (c:\\Users\\egoytendia\\.vscode\\extensions\\uqbar.wollok-lsp-ide-0.5.3\\out\\server\\src\\server.js:7:6378)\n    at Immediate._onImmediate (c:\\Users\\egoytendia\\.vscode\\extensions\\uqbar.wollok-lsp-ide-0.5.3\\out\\server\\src\\server.js:7:6142)\n    at process.processImmediate (node:internal/timers:485:21)","timestamp":"2025-12-13T02:06:45.172Z"}
{"level":"info","message":"⌛ Validating parciales/amongUs/tareas.wlk","timeElapsed":117,"timestamp":"2025-12-13T02:06:45.292Z"}
{"level":"info","message":"⌛ Validating parciales/amongUs/tareas.wlk","timeElapsed":123,"timestamp":"2025-12-13T02:06:45.416Z"}
{"level":"info","message":"⌛ Validating parciales/amongUs/tareas.wlk","timeElapsed":136,"timestamp":"2025-12-13T02:06:45.651Z"}
{"level":"info","message":"⌛ Building environment","timeElapsed":102,"timestamp":"2025-12-13T02:06:52.112Z"}
{"level":"info","message":"⌛ Validating parciales/amongUs/tareas.wlk","timeElapsed":120,"timestamp":"2025-12-13T02:06:52.232Z"}
{"level":"info","message":"⌛ Building environment","timeElapsed":113,"timestamp":"2025-12-13T02:06:53.035Z"}
{"level":"info","message":"⌛ Validating parciales/amongUs/tareas.wlk","timeElapsed":121,"timestamp":"2025-12-13T02:06:53.157Z"}
{"level":"info","message":"⌛ Building environment","timeElapsed":109,"timestamp":"2025-12-13T02:06:59.421Z"}
{"level":"info","message":"⌛ Validating parciales/amongUs/tareas.wlk","timeElapsed":112,"timestamp":"2025-12-13T02:06:59.533Z"}
{"level":"info","message":"⌛ Building environment","timeElapsed":107,"timestamp":"2025-12-13T02:07:02.045Z"}
{"level":"info","message":"⌛ Validating parciales/amongUs/tareas.wlk","timeElapsed":105,"timestamp":"2025-12-13T02:07:02.151Z"}
{"level":"info","message":"⌛ Building environment","timeElapsed":166,"timestamp":"2025-12-13T02:07:04.334Z"}
{"level":"info","message":"⌛ Validating parciales/amongUs/tareas.wlk","timeElapsed":113,"timestamp":"2025-12-13T02:07:04.453Z"}
{"level":"info","message":"⌛ Building environment","timeElapsed":120,"timestamp":"2025-12-13T02:07:22.073Z"}
{"level":"info","message":"⌛ Validating parciales/amongUs/tareas.wlk","timeElapsed":118,"timestamp":"2025-12-13T02:07:22.192Z"}
{"level":"info","message":"⌛ Building environment","timeElapsed":116,"timestamp":"2025-12-13T02:07:23.651Z"}
{"level":"error","message":"✘ Completions for node If ([12:5, 14:6] - parciales/amongUs/tareas.wlk) failed: Error: [If]{fad481} at parciales/amongUs/tareas.wlk:12 exhausted all cases without a match [If]{fad481} at parciales/amongUs/tareas.wlk:12 exhausted all cases without a match","stack":"Error: [If]{fad481} at parciales/amongUs/tareas.wlk:12 exhausted all cases without a match\n    at c:\\Users\\egoytendia\\.vscode\\extensions\\uqbar.wollok-lsp-ide-0.5.3\\out\\server\\src\\server.js:38:6142\n    at D2 (c:\\Users\\egoytendia\\.vscode\\extensions\\uqbar.wollok-lsp-ide-0.5.3\\out\\server\\src\\server.js:2384:42)\n    at Qh (c:\\Users\\egoytendia\\.vscode\\extensions\\uqbar.wollok-lsp-ide-0.5.3\\out\\server\\src\\server.js:2384:1092)\n    at v6n (c:\\Users\\egoytendia\\.vscode\\extensions\\uqbar.wollok-lsp-ide-0.5.3\\out\\server\\src\\server.js:2384:818)\n    at c:\\Users\\egoytendia\\.vscode\\extensions\\uqbar.wollok-lsp-ide-0.5.3\\out\\server\\src\\server.js:38:6131\n    at D2 (c:\\Users\\egoytendia\\.vscode\\extensions\\uqbar.wollok-lsp-ide-0.5.3\\out\\server\\src\\server.js:2384:42)\n    at Qh (c:\\Users\\egoytendia\\.vscode\\extensions\\uqbar.wollok-lsp-ide-0.5.3\\out\\server\\src\\server.js:2384:1092)\n    at k6n (c:\\Users\\egoytendia\\.vscode\\extensions\\uqbar.wollok-lsp-ide-0.5.3\\out\\server\\src\\server.js:2384:1248)\n    at c:\\Users\\egoytendia\\.vscode\\extensions\\uqbar.wollok-lsp-ide-0.5.3\\out\\server\\src\\server.js:38:6131\n    at D2 (c:\\Users\\egoytendia\\.vscode\\extensions\\uqbar.wollok-lsp-ide-0.5.3\\out\\server\\src\\server.js:2384:42)","timestamp":"2025-12-13T02:07:23.693Z"}
{"level":"info","message":"⌛ Validating parciales/amongUs/tareas.wlk","timeElapsed":119,"timestamp":"2025-12-13T02:07:23.816Z"}
{"level":"info","message":"⌛ Validating parciales/amongUs/tareas.wlk","timeElapsed":130,"timestamp":"2025-12-13T02:07:24.115Z"}
{"level":"info","message":"⌛ Building environment","timeElapsed":118,"timestamp":"2025-12-13T02:07:24.233Z"}
{"level":"info","message":"⌛ Validating parciales/amongUs/tareas.wlk","timeElapsed":116,"timestamp":"2025-12-13T02:07:24.350Z"}
{"level":"info","message":"⌛ Validating parciales/amongUs/tareas.wlk","timeElapsed":117,"timestamp":"2025-12-13T02:07:24.582Z"}
{"level":"info","message":"⌛ Validating parciales/amongUs/tareas.wlk","timeElapsed":148,"timestamp":"2025-12-13T02:07:24.731Z"}
{"level":"info","message":"⌛ Building environment","timeElapsed":115,"timestamp":"2025-12-13T02:07:25.090Z"}
{"level":"info","message":"⌛ Validating parciales/amongUs/tareas.wlk","timeElapsed":115,"timestamp":"2025-12-13T02:07:25.297Z"}
{"level":"info","message":"⌛ Validating parciales/amongUs/tareas.wlk","timeElapsed":109,"timestamp":"2025-12-13T02:07:25.504Z"}
{"level":"info","message":"⌛ Validating parciales/amongUs/tareas.wlk","timeElapsed":103,"timestamp":"2025-12-13T02:07:25.612Z"}
{"level":"info","message":"⌛ Validating parciales/amongUs/tareas.wlk","timeElapsed":118,"timestamp":"2025-12-13T02:07:26.224Z"}
{"level":"info","message":"⌛ Building environment","timeElapsed":105,"timestamp":"2025-12-13T02:07:29.173Z"}
{"level":"info","message":"⌛ Validating parciales/amongUs/tareas.wlk","timeElapsed":129,"timestamp":"2025-12-13T02:07:29.302Z"}
{"level":"info","message":"⌛ Validating parciales/amongUs/tareas.wlk","timeElapsed":108,"timestamp":"2025-12-13T02:07:30.420Z"}
{"level":"info","message":"⌛ Building environment","timeElapsed":109,"timestamp":"2025-12-13T02:07:35.245Z"}
{"level":"info","message":"⌛ Validating parciales/amongUs/tareas.wlk","timeElapsed":119,"timestamp":"2025-12-13T02:07:35.365Z"}
{"level":"info","message":"⌛ Validating parciales/amongUs/tareas.wlk","timeElapsed":111,"timestamp":"2025-12-13T02:07:35.646Z"}
{"level":"error","message":"✘ Completions for node Send ([13:9, 13:39] - parciales/amongUs/tareas.wlk) failed: Error: [Send]{5685a1} at parciales/amongUs/tareas.wlk:13 exhausted all cases without a match [Send]{5685a1} at parciales/amongUs/tareas.wlk:13 exhausted all cases without a match","stack":"Error: [Send]{5685a1} at parciales/amongUs/tareas.wlk:13 exhausted all cases without a match\n    at c:\\Users\\egoytendia\\.vscode\\extensions\\uqbar.wollok-lsp-ide-0.5.3\\out\\server\\src\\server.js:38:6142\n    at D2 (c:\\Users\\egoytendia\\.vscode\\extensions\\uqbar.wollok-lsp-ide-0.5.3\\out\\server\\src\\server.js:2384:42)\n    at Qh (c:\\Users\\egoytendia\\.vscode\\extensions\\uqbar.wollok-lsp-ide-0.5.3\\out\\server\\src\\server.js:2384:1092)\n    at k6n (c:\\Users\\egoytendia\\.vscode\\extensions\\uqbar.wollok-lsp-ide-0.5.3\\out\\server\\src\\server.js:2384:1248)\n    at c:\\Users\\egoytendia\\.vscode\\extensions\\uqbar.wollok-lsp-ide-0.5.3\\out\\server\\src\\server.js:38:6131\n    at D2 (c:\\Users\\egoytendia\\.vscode\\extensions\\uqbar.wollok-lsp-ide-0.5.3\\out\\server\\src\\server.js:2384:42)\n    at c:\\Users\\egoytendia\\.vscode\\extensions\\uqbar.wollok-lsp-ide-0.5.3\\out\\server\\src\\server.js:2384:2988\n    at c:\\Users\\egoytendia\\.vscode\\extensions\\uqbar.wollok-lsp-ide-0.5.3\\out\\server\\src\\server.js:2393:8440\n    at c:\\Users\\egoytendia\\.vscode\\extensions\\uqbar.wollok-lsp-ide-0.5.3\\out\\server\\src\\server.js:37:74872\n    at Ye (c:\\Users\\egoytendia\\.vscode\\extensions\\uqbar.wollok-lsp-ide-0.5.3\\out\\server\\src\\server.js:7:8527)","timestamp":"2025-12-13T02:07:35.676Z"}
{"level":"error","message":"✘ Completions for node If ([12:5, 14:6] - parciales/amongUs/tareas.wlk) failed: Error: [If]{d4e270} at parciales/amongUs/tareas.wlk:12 exhausted all cases without a match [If]{d4e270} at parciales/amongUs/tareas.wlk:12 exhausted all cases without a match","stack":"Error: [If]{d4e270} at parciales/amongUs/tareas.wlk:12 exhausted all cases without a match\n    at c:\\Users\\egoytendia\\.vscode\\extensions\\uqbar.wollok-lsp-ide-0.5.3\\out\\server\\src\\server.js:38:6142\n    at D2 (c:\\Users\\egoytendia\\.vscode\\extensions\\uqbar.wollok-lsp-ide-0.5.3\\out\\server\\src\\server.js:2384:42)\n    at Qh (c:\\Users\\egoytendia\\.vscode\\extensions\\uqbar.wollok-lsp-ide-0.5.3\\out\\server\\src\\server.js:2384:1092)\n    at v6n (c:\\Users\\egoytendia\\.vscode\\extensions\\uqbar.wollok-lsp-ide-0.5.3\\out\\server\\src\\server.js:2384:818)\n    at c:\\Users\\egoytendia\\.vscode\\extensions\\uqbar.wollok-lsp-ide-0.5.3\\out\\server\\src\\server.js:38:6131\n    at D2 (c:\\Users\\egoytendia\\.vscode\\extensions\\uqbar.wollok-lsp-ide-0.5.3\\out\\server\\src\\server.js:2384:42)\n    at Qh (c:\\Users\\egoytendia\\.vscode\\extensions\\uqbar.wollok-lsp-ide-0.5.3\\out\\server\\src\\server.js:2384:1092)\n    at D2 (c:\\Users\\egoytendia\\.vscode\\extensions\\uqbar.wollok-lsp-ide-0.5.3\\out\\server\\src\\server.js:2384:544)\n    at Qh (c:\\Users\\egoytendia\\.vscode\\extensions\\uqbar.wollok-lsp-ide-0.5.3\\out\\server\\src\\server.js:2384:1092)\n    at k6n (c:\\Users\\egoytendia\\.vscode\\extensions\\uqbar.wollok-lsp-ide-0.5.3\\out\\server\\src\\server.js:2384:1248)","timestamp":"2025-12-13T02:07:35.676Z"}
{"level":"info","message":"⌛ Validating parciales/amongUs/tareas.wlk","timeElapsed":117,"timestamp":"2025-12-13T02:07:35.889Z"}
{"level":"info","message":"⌛ Building environment","timeElapsed":202,"timestamp":"2025-12-13T02:07:36.091Z"}
{"level":"info","message":"⌛ Validating parciales/amongUs/tareas.wlk","timeElapsed":120,"timestamp":"2025-12-13T02:07:36.307Z"}
{"level":"info","message":"⌛ Validating parciales/amongUs/tareas.wlk","timeElapsed":117,"timestamp":"2025-12-13T02:07:36.497Z"}
{"level":"info","message":"⌛ Validating parciales/amongUs/tareas.wlk","timeElapsed":113,"timestamp":"2025-12-13T02:07:36.689Z"}
{"level":"info","message":"⌛ Validating parciales/amongUs/tareas.wlk","timeElapsed":153,"timestamp":"2025-12-13T02:07:36.842Z"}
{"level":"info","message":"⌛ Validating parciales/amongUs/tareas.wlk","timeElapsed":115,"timestamp":"2025-12-13T02:07:36.965Z"}
{"level":"error","message":"✘ Completions for node Send ([13:9, 13:45] - parciales/amongUs/tareas.wlk) failed: Error: [Send]{164f11} at parciales/amongUs/tareas.wlk:13 exhausted all cases without a match [Send]{164f11} at parciales/amongUs/tareas.wlk:13 exhausted all cases without a match","stack":"Error: [Send]{164f11} at parciales/amongUs/tareas.wlk:13 exhausted all cases without a match\n    at c:\\Users\\egoytendia\\.vscode\\extensions\\uqbar.wollok-lsp-ide-0.5.3\\out\\server\\src\\server.js:38:6142\n    at D2 (c:\\Users\\egoytendia\\.vscode\\extensions\\uqbar.wollok-lsp-ide-0.5.3\\out\\server\\src\\server.js:2384:42)\n    at Qh (c:\\Users\\egoytendia\\.vscode\\extensions\\uqbar.wollok-lsp-ide-0.5.3\\out\\server\\src\\server.js:2384:1092)\n    at k6n (c:\\Users\\egoytendia\\.vscode\\extensions\\uqbar.wollok-lsp-ide-0.5.3\\out\\server\\src\\server.js:2384:1248)\n    at c:\\Users\\egoytendia\\.vscode\\extensions\\uqbar.wollok-lsp-ide-0.5.3\\out\\server\\src\\server.js:38:6131\n    at D2 (c:\\Users\\egoytendia\\.vscode\\extensions\\uqbar.wollok-lsp-ide-0.5.3\\out\\server\\src\\server.js:2384:42)\n    at c:\\Users\\egoytendia\\.vscode\\extensions\\uqbar.wollok-lsp-ide-0.5.3\\out\\server\\src\\server.js:2384:2988\n    at c:\\Users\\egoytendia\\.vscode\\extensions\\uqbar.wollok-lsp-ide-0.5.3\\out\\server\\src\\server.js:2393:8440\n    at c:\\Users\\egoytendia\\.vscode\\extensions\\uqbar.wollok-lsp-ide-0.5.3\\out\\server\\src\\server.js:37:74872\n    at Ye (c:\\Users\\egoytendia\\.vscode\\extensions\\uqbar.wollok-lsp-ide-0.5.3\\out\\server\\src\\server.js:7:8527)","timestamp":"2025-12-13T02:07:37.097Z"}
{"level":"error","message":"✘ Completions for node If ([12:5, 14:6] - parciales/amongUs/tareas.wlk) failed: Error: [If]{401750} at parciales/amongUs/tareas.wlk:12 exhausted all cases without a match [If]{401750} at parciales/amongUs/tareas.wlk:12 exhausted all cases without a match","stack":"Error: [If]{401750} at parciales/amongUs/tareas.wlk:12 exhausted all cases without a match\n    at c:\\Users\\egoytendia\\.vscode\\extensions\\uqbar.wollok-lsp-ide-0.5.3\\out\\server\\src\\server.js:38:6142\n    at D2 (c:\\Users\\egoytendia\\.vscode\\extensions\\uqbar.wollok-lsp-ide-0.5.3\\out\\server\\src\\server.js:2384:42)\n    at Qh (c:\\Users\\egoytendia\\.vscode\\extensions\\uqbar.wollok-lsp-ide-0.5.3\\out\\server\\src\\server.js:2384:1092)\n    at v6n (c:\\Users\\egoytendia\\.vscode\\extensions\\uqbar.wollok-lsp-ide-0.5.3\\out\\server\\src\\server.js:2384:818)\n    at c:\\Users\\egoytendia\\.vscode\\extensions\\uqbar.wollok-lsp-ide-0.5.3\\out\\server\\src\\server.js:38:6131\n    at D2 (c:\\Users\\egoytendia\\.vscode\\extensions\\uqbar.wollok-lsp-ide-0.5.3\\out\\server\\src\\server.js:2384:42)\n    at Qh (c:\\Users\\egoytendia\\.vscode\\extensions\\uqbar.wollok-lsp-ide-0.5.3\\out\\server\\src\\server.js:2384:1092)\n    at D2 (c:\\Users\\egoytendia\\.vscode\\extensions\\uqbar.wollok-lsp-ide-0.5.3\\out\\server\\src\\server.js:2384:544)\n    at Qh (c:\\Users\\egoytendia\\.vscode\\extensions\\uqbar.wollok-lsp-ide-0.5.3\\out\\server\\src\\server.js:2384:1092)\n    at k6n (c:\\Users\\egoytendia\\.vscode\\extensions\\uqbar.wollok-lsp-ide-0.5.3\\out\\server\\src\\server.js:2384:1248)","timestamp":"2025-12-13T02:07:37.097Z"}
{"level":"info","message":"⌛ Validating parciales/amongUs/tareas.wlk","timeElapsed":114,"timestamp":"2025-12-13T02:07:37.571Z"}
{"level":"info","message":"⌛ Validating parciales/amongUs/tareas.wlk","timeElapsed":110,"timestamp":"2025-12-13T02:07:37.682Z"}
{"level":"info","message":"⌛ Validating parciales/amongUs/tareas.wlk","timeElapsed":103,"timestamp":"2025-12-13T02:07:37.785Z"}
{"level":"info","message":"⌛ Validating parciales/amongUs/tareas.wlk","timeElapsed":111,"timestamp":"2025-12-13T02:07:37.978Z"}
{"level":"info","message":"⌛ Validating parciales/amongUs/tareas.wlk","timeElapsed":113,"timestamp":"2025-12-13T02:07:38.096Z"}
{"level":"info","message":"⌛ Building environment","timeElapsed":101,"timestamp":"2025-12-13T02:07:38.198Z"}
{"level":"info","message":"⌛ Validating parciales/amongUs/tareas.wlk","timeElapsed":118,"timestamp":"2025-12-13T02:07:38.485Z"}
{"level":"info","message":"⌛ Validating parciales/amongUs/tareas.wlk","timeElapsed":109,"timestamp":"2025-12-13T02:07:38.678Z"}
{"level":"info","message":"⌛ Validating parciales/amongUs/tareas.wlk","timeElapsed":106,"timestamp":"2025-12-13T02:07:38.785Z"}
{"level":"info","message":"⌛ Validating parciales/amongUs/tareas.wlk","timeElapsed":102,"timestamp":"2025-12-13T02:07:38.893Z"}
{"level":"error","message":"✘ Completions for node Send ([13:9, 13:45] - parciales/amongUs/tareas.wlk) failed: Error: [Send]{09ce29} at parciales/amongUs/tareas.wlk:13 exhausted all cases without a match [Send]{09ce29} at parciales/amongUs/tareas.wlk:13 exhausted all cases without a match","stack":"Error: [Send]{09ce29} at parciales/amongUs/tareas.wlk:13 exhausted all cases without a match\n    at c:\\Users\\egoytendia\\.vscode\\extensions\\uqbar.wollok-lsp-ide-0.5.3\\out\\server\\src\\server.js:38:6142\n    at D2 (c:\\Users\\egoytendia\\.vscode\\extensions\\uqbar.wollok-lsp-ide-0.5.3\\out\\server\\src\\server.js:2384:42)\n    at Qh (c:\\Users\\egoytendia\\.vscode\\extensions\\uqbar.wollok-lsp-ide-0.5.3\\out\\server\\src\\server.js:2384:1092)\n    at k6n (c:\\Users\\egoytendia\\.vscode\\extensions\\uqbar.wollok-lsp-ide-0.5.3\\out\\server\\src\\server.js:2384:1248)\n    at c:\\Users\\egoytendia\\.vscode\\extensions\\uqbar.wollok-lsp-ide-0.5.3\\out\\server\\src\\server.js:38:6131\n    at D2 (c:\\Users\\egoytendia\\.vscode\\extensions\\uqbar.wollok-lsp-ide-0.5.3\\out\\server\\src\\server.js:2384:42)\n    at c:\\Users\\egoytendia\\.vscode\\extensions\\uqbar.wollok-lsp-ide-0.5.3\\out\\server\\src\\server.js:2384:2988\n    at c:\\Users\\egoytendia\\.vscode\\extensions\\uqbar.wollok-lsp-ide-0.5.3\\out\\server\\src\\server.js:2393:8440\n    at c:\\Users\\egoytendia\\.vscode\\extensions\\uqbar.wollok-lsp-ide-0.5.3\\out\\server\\src\\server.js:37:74872\n    at Ye (c:\\Users\\egoytendia\\.vscode\\extensions\\uqbar.wollok-lsp-ide-0.5.3\\out\\server\\src\\server.js:7:8527)","timestamp":"2025-12-13T02:07:39.001Z"}
{"level":"error","message":"✘ Completions for node If ([12:5, 14:6] - parciales/amongUs/tareas.wlk) failed: Error: [If]{830b08} at parciales/amongUs/tareas.wlk:12 exhausted all cases without a match [If]{830b08} at parciales/amongUs/tareas.wlk:12 exhausted all cases without a match","stack":"Error: [If]{830b08} at parciales/amongUs/tareas.wlk:12 exhausted all cases without a match\n    at c:\\Users\\egoytendia\\.vscode\\extensions\\uqbar.wollok-lsp-ide-0.5.3\\out\\server\\src\\server.js:38:6142\n    at D2 (c:\\Users\\egoytendia\\.vscode\\extensions\\uqbar.wollok-lsp-ide-0.5.3\\out\\server\\src\\server.js:2384:42)\n    at Qh (c:\\Users\\egoytendia\\.vscode\\extensions\\uqbar.wollok-lsp-ide-0.5.3\\out\\server\\src\\server.js:2384:1092)\n    at v6n (c:\\Users\\egoytendia\\.vscode\\extensions\\uqbar.wollok-lsp-ide-0.5.3\\out\\server\\src\\server.js:2384:818)\n    at c:\\Users\\egoytendia\\.vscode\\extensions\\uqbar.wollok-lsp-ide-0.5.3\\out\\server\\src\\server.js:38:6131\n    at D2 (c:\\Users\\egoytendia\\.vscode\\extensions\\uqbar.wollok-lsp-ide-0.5.3\\out\\server\\src\\server.js:2384:42)\n    at Qh (c:\\Users\\egoytendia\\.vscode\\extensions\\uqbar.wollok-lsp-ide-0.5.3\\out\\server\\src\\server.js:2384:1092)\n    at D2 (c:\\Users\\egoytendia\\.vscode\\extensions\\uqbar.wollok-lsp-ide-0.5.3\\out\\server\\src\\server.js:2384:544)\n    at Qh (c:\\Users\\egoytendia\\.vscode\\extensions\\uqbar.wollok-lsp-ide-0.5.3\\out\\server\\src\\server.js:2384:1092)\n    at k6n (c:\\Users\\egoytendia\\.vscode\\extensions\\uqbar.wollok-lsp-ide-0.5.3\\out\\server\\src\\server.js:2384:1248)","timestamp":"2025-12-13T02:07:39.002Z"}
{"level":"info","message":"⌛ Validating parciales/amongUs/tareas.wlk","timeElapsed":119,"timestamp":"2025-12-13T02:07:39.291Z"}
{"level":"info","message":"⌛ Validating parciales/amongUs/tareas.wlk","timeElapsed":119,"timestamp":"2025-12-13T02:07:39.493Z"}
{"level":"info","message":"⌛ Validating parciales/amongUs/tareas.wlk","timeElapsed":109,"timestamp":"2025-12-13T02:07:39.603Z"}
{"level":"info","message":"⌛ Validating parciales/amongUs/tareas.wlk","timeElapsed":109,"timestamp":"2025-12-13T02:07:39.712Z"}
{"level":"info","message":"⌛ Validating parciales/amongUs/tareas.wlk","timeElapsed":111,"timestamp":"2025-12-13T02:07:39.828Z"}
{"level":"info","message":"⌛ Building environment","timeElapsed":157,"timestamp":"2025-12-13T02:07:39.986Z"}
{"level":"error","message":"✘ Completions for node Send ([13:9, 13:49] - parciales/amongUs/tareas.wlk) failed: Error: [Send]{186736} at parciales/amongUs/tareas.wlk:13 exhausted all cases without a match [Send]{186736} at parciales/amongUs/tareas.wlk:13 exhausted all cases without a match","stack":"Error: [Send]{186736} at parciales/amongUs/tareas.wlk:13 exhausted all cases without a match\n    at c:\\Users\\egoytendia\\.vscode\\extensions\\uqbar.wollok-lsp-ide-0.5.3\\out\\server\\src\\server.js:38:6142\n    at D2 (c:\\Users\\egoytendia\\.vscode\\extensions\\uqbar.wollok-lsp-ide-0.5.3\\out\\server\\src\\server.js:2384:42)\n    at Qh (c:\\Users\\egoytendia\\.vscode\\extensions\\uqbar.wollok-lsp-ide-0.5.3\\out\\server\\src\\server.js:2384:1092)\n    at k6n (c:\\Users\\egoytendia\\.vscode\\extensions\\uqbar.wollok-lsp-ide-0.5.3\\out\\server\\src\\server.js:2384:1248)\n    at c:\\Users\\egoytendia\\.vscode\\extensions\\uqbar.wollok-lsp-ide-0.5.3\\out\\server\\src\\server.js:38:6131\n    at D2 (c:\\Users\\egoytendia\\.vscode\\extensions\\uqbar.wollok-lsp-ide-0.5.3\\out\\server\\src\\server.js:2384:42)\n    at c:\\Users\\egoytendia\\.vscode\\extensions\\uqbar.wollok-lsp-ide-0.5.3\\out\\server\\src\\server.js:2384:2988\n    at c:\\Users\\egoytendia\\.vscode\\extensions\\uqbar.wollok-lsp-ide-0.5.3\\out\\server\\src\\server.js:2393:8440\n    at c:\\Users\\egoytendia\\.vscode\\extensions\\uqbar.wollok-lsp-ide-0.5.3\\out\\server\\src\\server.js:37:74872\n    at Ye (c:\\Users\\egoytendia\\.vscode\\extensions\\uqbar.wollok-lsp-ide-0.5.3\\out\\server\\src\\server.js:7:8527)","timestamp":"2025-12-13T02:07:40.019Z"}
{"level":"error","message":"✘ Completions for node If ([12:5, 14:6] - parciales/amongUs/tareas.wlk) failed: Error: [If]{2399ac} at parciales/amongUs/tareas.wlk:12 exhausted all cases without a match [If]{2399ac} at parciales/amongUs/tareas.wlk:12 exhausted all cases without a match","stack":"Error: [If]{2399ac} at parciales/amongUs/tareas.wlk:12 exhausted all cases without a match\n    at c:\\Users\\egoytendia\\.vscode\\extensions\\uqbar.wollok-lsp-ide-0.5.3\\out\\server\\src\\server.js:38:6142\n    at D2 (c:\\Users\\egoytendia\\.vscode\\extensions\\uqbar.wollok-lsp-ide-0.5.3\\out\\server\\src\\server.js:2384:42)\n    at Qh (c:\\Users\\egoytendia\\.vscode\\extensions\\uqbar.wollok-lsp-ide-0.5.3\\out\\server\\src\\server.js:2384:1092)\n    at v6n (c:\\Users\\egoytendia\\.vscode\\extensions\\uqbar.wollok-lsp-ide-0.5.3\\out\\server\\src\\server.js:2384:818)\n    at c:\\Users\\egoytendia\\.vscode\\extensions\\uqbar.wollok-lsp-ide-0.5.3\\out\\server\\src\\server.js:38:6131\n    at D2 (c:\\Users\\egoytendia\\.vscode\\extensions\\uqbar.wollok-lsp-ide-0.5.3\\out\\server\\src\\server.js:2384:42)\n    at Qh (c:\\Users\\egoytendia\\.vscode\\extensions\\uqbar.wollok-lsp-ide-0.5.3\\out\\server\\src\\server.js:2384:1092)\n    at D2 (c:\\Users\\egoytendia\\.vscode\\extensions\\uqbar.wollok-lsp-ide-0.5.3\\out\\server\\src\\server.js:2384:544)\n    at Qh (c:\\Users\\egoytendia\\.vscode\\extensions\\uqbar.wollok-lsp-ide-0.5.3\\out\\server\\src\\server.js:2384:1092)\n    at k6n (c:\\Users\\egoytendia\\.vscode\\extensions\\uqbar.wollok-lsp-ide-0.5.3\\out\\server\\src\\server.js:2384:1248)","timestamp":"2025-12-13T02:07:40.019Z"}
{"level":"info","message":"⌛ Validating parciales/amongUs/tareas.wlk","timeElapsed":115,"timestamp":"2025-12-13T02:07:40.649Z"}
{"level":"info","message":"⌛ Validating parciales/amongUs/tareas.wlk","timeElapsed":168,"timestamp":"2025-12-13T02:07:40.818Z"}
{"level":"info","message":"⌛ Validating parciales/amongUs/tareas.wlk","timeElapsed":110,"timestamp":"2025-12-13T02:07:40.928Z"}
{"level":"info","message":"⌛ Validating parciales/amongUs/tareas.wlk","timeElapsed":116,"timestamp":"2025-12-13T02:07:41.049Z"}
{"level":"info","message":"⌛ Validating parciales/amongUs/tareas.wlk","timeElapsed":152,"timestamp":"2025-12-13T02:07:41.203Z"}
{"level":"info","message":"⌛ Validating parciales/amongUs/tareas.wlk","timeElapsed":107,"timestamp":"2025-12-13T02:07:41.311Z"}
{"level":"info","message":"⌛ Validating parciales/amongUs/tareas.wlk","timeElapsed":108,"timestamp":"2025-12-13T02:07:41.419Z"}
{"level":"info","message":"⌛ Building environment","timeElapsed":119,"timestamp":"2025-12-13T02:07:43.764Z"}
{"level":"info","message":"⌛ Validating parciales/amongUs/tareas.wlk","timeElapsed":113,"timestamp":"2025-12-13T02:07:43.883Z"}
{"level":"info","message":"⌛ Building environment","timeElapsed":155,"timestamp":"2025-12-13T02:07:47.833Z"}
{"level":"error","message":"✘ Completions for node Parameter ([17:24, 17:30] - parciales/amongUs/tareas.wlk) failed: Error: [Parameter]{192199} at parciales/amongUs/tareas.wlk:17 exhausted all cases without a match [Parameter]{192199} at parciales/amongUs/tareas.wlk:17 exhausted all cases without a match","stack":"Error: [Parameter]{192199} at parciales/amongUs/tareas.wlk:17 exhausted all cases without a match\n    at c:\\Users\\egoytendia\\.vscode\\extensions\\uqbar.wollok-lsp-ide-0.5.3\\out\\server\\src\\server.js:38:6142\n    at D2 (c:\\Users\\egoytendia\\.vscode\\extensions\\uqbar.wollok-lsp-ide-0.5.3\\out\\server\\src\\server.js:2384:42)\n    at c:\\Users\\egoytendia\\.vscode\\extensions\\uqbar.wollok-lsp-ide-0.5.3\\out\\server\\src\\server.js:2384:2988\n    at c:\\Users\\egoytendia\\.vscode\\extensions\\uqbar.wollok-lsp-ide-0.5.3\\out\\server\\src\\server.js:2393:8440\n    at c:\\Users\\egoytendia\\.vscode\\extensions\\uqbar.wollok-lsp-ide-0.5.3\\out\\server\\src\\server.js:37:74872\n    at Ye (c:\\Users\\egoytendia\\.vscode\\extensions\\uqbar.wollok-lsp-ide-0.5.3\\out\\server\\src\\server.js:7:8527)\n    at qt (c:\\Users\\egoytendia\\.vscode\\extensions\\uqbar.wollok-lsp-ide-0.5.3\\out\\server\\src\\server.js:7:6189)\n    at ot (c:\\Users\\egoytendia\\.vscode\\extensions\\uqbar.wollok-lsp-ide-0.5.3\\out\\server\\src\\server.js:7:6378)\n    at Immediate._onImmediate (c:\\Users\\egoytendia\\.vscode\\extensions\\uqbar.wollok-lsp-ide-0.5.3\\out\\server\\src\\server.js:7:6142)\n    at process.processImmediate (node:internal/timers:485:21)","timestamp":"2025-12-13T02:07:47.861Z"}
{"level":"info","message":"⌛ Validating parciales/amongUs/tareas.wlk","timeElapsed":118,"timestamp":"2025-12-13T02:07:48.066Z"}
{"level":"info","message":"⌛ Validating parciales/amongUs/tareas.wlk","timeElapsed":112,"timestamp":"2025-12-13T02:07:48.276Z"}
{"level":"info","message":"⌛ Validating parciales/amongUs/tareas.wlk","timeElapsed":110,"timestamp":"2025-12-13T02:07:48.555Z"}
{"level":"info","message":"⌛ Validating parciales/amongUs/tareas.wlk","timeElapsed":117,"timestamp":"2025-12-13T02:07:48.837Z"}
{"level":"info","message":"⌛ Validating parciales/amongUs/tareas.wlk","timeElapsed":123,"timestamp":"2025-12-13T02:07:49.046Z"}
{"level":"info","message":"⌛ Building environment","timeElapsed":134,"timestamp":"2025-12-13T02:07:49.180Z"}
{"level":"info","message":"⌛ Validating parciales/amongUs/tareas.wlk","timeElapsed":132,"timestamp":"2025-12-13T02:07:49.312Z"}
{"level":"info","message":"⌛ Validating parciales/amongUs/tareas.wlk","timeElapsed":117,"timestamp":"2025-12-13T02:07:49.430Z"}
{"level":"info","message":"⌛ Validating parciales/amongUs/tareas.wlk","timeElapsed":122,"timestamp":"2025-12-13T02:07:49.557Z"}
{"level":"info","message":"⌛ Validating parciales/amongUs/tareas.wlk","timeElapsed":123,"timestamp":"2025-12-13T02:07:49.681Z"}
{"level":"info","message":"⌛ Building environment","timeElapsed":136,"timestamp":"2025-12-13T02:07:54.310Z"}
{"level":"error","message":"✘ Completions for node Send ([20:4, 20:30] - parciales/amongUs/tareas.wlk) failed: Error: [Send]{665a59} at parciales/amongUs/tareas.wlk:20 exhausted all cases without a match [Send]{665a59} at parciales/amongUs/tareas.wlk:20 exhausted all cases without a match","stack":"Error: [Send]{665a59} at parciales/amongUs/tareas.wlk:20 exhausted all cases without a match\n    at c:\\Users\\egoytendia\\.vscode\\extensions\\uqbar.wollok-lsp-ide-0.5.3\\out\\server\\src\\server.js:38:6142\n    at D2 (c:\\Users\\egoytendia\\.vscode\\extensions\\uqbar.wollok-lsp-ide-0.5.3\\out\\server\\src\\server.js:2384:42)\n    at Qh (c:\\Users\\egoytendia\\.vscode\\extensions\\uqbar.wollok-lsp-ide-0.5.3\\out\\server\\src\\server.js:2384:1092)\n    at k6n (c:\\Users\\egoytendia\\.vscode\\extensions\\uqbar.wollok-lsp-ide-0.5.3\\out\\server\\src\\server.js:2384:1248)\n    at c:\\Users\\egoytendia\\.vscode\\extensions\\uqbar.wollok-lsp-ide-0.5.3\\out\\server\\src\\server.js:38:6131\n    at D2 (c:\\Users\\egoytendia\\.vscode\\extensions\\uqbar.wollok-lsp-ide-0.5.3\\out\\server\\src\\server.js:2384:42)\n    at c:\\Users\\egoytendia\\.vscode\\extensions\\uqbar.wollok-lsp-ide-0.5.3\\out\\server\\src\\server.js:2384:2988\n    at c:\\Users\\egoytendia\\.vscode\\extensions\\uqbar.wollok-lsp-ide-0.5.3\\out\\server\\src\\server.js:2393:8440\n    at c:\\Users\\egoytendia\\.vscode\\extensions\\uqbar.wollok-lsp-ide-0.5.3\\out\\server\\src\\server.js:37:74872\n    at Ye (c:\\Users\\egoytendia\\.vscode\\extensions\\uqbar.wollok-lsp-ide-0.5.3\\out\\server\\src\\server.js:7:8527)","timestamp":"2025-12-13T02:07:54.344Z"}
{"level":"info","message":"⌛ Validating parciales/amongUs/tareas.wlk","timeElapsed":111,"timestamp":"2025-12-13T02:07:54.547Z"}
{"level":"info","message":"⌛ Validating parciales/amongUs/tareas.wlk","timeElapsed":109,"timestamp":"2025-12-13T02:07:54.743Z"}
{"level":"info","message":"⌛ Validating parciales/amongUs/tareas.wlk","timeElapsed":108,"timestamp":"2025-12-13T02:07:55.019Z"}
{"level":"info","message":"⌛ Validating parciales/amongUs/tareas.wlk","timeElapsed":102,"timestamp":"2025-12-13T02:07:55.122Z"}
{"level":"info","message":"⌛ Validating parciales/amongUs/tareas.wlk","timeElapsed":105,"timestamp":"2025-12-13T02:07:55.228Z"}
{"level":"info","message":"⌛ Building environment","timeElapsed":114,"timestamp":"2025-12-13T02:07:56.789Z"}
{"level":"error","message":"✘ Completions for node Send ([19:4, 19:30] - parciales/amongUs/tareas.wlk) failed: Error: [Send]{ba3fcd} at parciales/amongUs/tareas.wlk:19 exhausted all cases without a match [Send]{ba3fcd} at parciales/amongUs/tareas.wlk:19 exhausted all cases without a match","stack":"Error: [Send]{ba3fcd} at parciales/amongUs/tareas.wlk:19 exhausted all cases without a match\n    at c:\\Users\\egoytendia\\.vscode\\extensions\\uqbar.wollok-lsp-ide-0.5.3\\out\\server\\src\\server.js:38:6142\n    at D2 (c:\\Users\\egoytendia\\.vscode\\extensions\\uqbar.wollok-lsp-ide-0.5.3\\out\\server\\src\\server.js:2384:42)\n    at Qh (c:\\Users\\egoytendia\\.vscode\\extensions\\uqbar.wollok-lsp-ide-0.5.3\\out\\server\\src\\server.js:2384:1092)\n    at k6n (c:\\Users\\egoytendia\\.vscode\\extensions\\uqbar.wollok-lsp-ide-0.5.3\\out\\server\\src\\server.js:2384:1248)\n    at c:\\Users\\egoytendia\\.vscode\\extensions\\uqbar.wollok-lsp-ide-0.5.3\\out\\server\\src\\server.js:38:6131\n    at D2 (c:\\Users\\egoytendia\\.vscode\\extensions\\uqbar.wollok-lsp-ide-0.5.3\\out\\server\\src\\server.js:2384:42)\n    at c:\\Users\\egoytendia\\.vscode\\extensions\\uqbar.wollok-lsp-ide-0.5.3\\out\\server\\src\\server.js:2384:2988\n    at c:\\Users\\egoytendia\\.vscode\\extensions\\uqbar.wollok-lsp-ide-0.5.3\\out\\server\\src\\server.js:2393:8440\n    at c:\\Users\\egoytendia\\.vscode\\extensions\\uqbar.wollok-lsp-ide-0.5.3\\out\\server\\src\\server.js:37:74872\n    at Ye (c:\\Users\\egoytendia\\.vscode\\extensions\\uqbar.wollok-lsp-ide-0.5.3\\out\\server\\src\\server.js:7:8527)","timestamp":"2025-12-13T02:07:56.822Z"}
{"level":"info","message":"⌛ Validating parciales/amongUs/tareas.wlk","timeElapsed":113,"timestamp":"2025-12-13T02:07:57.023Z"}
{"level":"info","message":"⌛ Validating parciales/amongUs/tareas.wlk","timeElapsed":105,"timestamp":"2025-12-13T02:07:57.211Z"}
{"level":"info","message":"⌛ Validating parciales/amongUs/tareas.wlk","timeElapsed":107,"timestamp":"2025-12-13T02:07:57.480Z"}
{"level":"info","message":"⌛ Validating parciales/amongUs/tareas.wlk","timeElapsed":120,"timestamp":"2025-12-13T02:07:57.601Z"}
{"level":"info","message":"⌛ Validating parciales/amongUs/tareas.wlk","timeElapsed":118,"timestamp":"2025-12-13T02:07:57.724Z"}
{"level":"info","message":"⌛ Building environment","timeElapsed":109,"timestamp":"2025-12-13T02:08:05.216Z"}
{"level":"info","message":"⌛ Validating parciales/amongUs/tareas.wlk","timeElapsed":112,"timestamp":"2025-12-13T02:08:05.329Z"}
{"level":"info","message":"⌛ Building environment","timeElapsed":289,"timestamp":"2025-12-13T02:08:05.618Z"}
{"level":"info","message":"⌛ Validating parciales/amongUs/tareas.wlk","timeElapsed":126,"timestamp":"2025-12-13T02:08:05.749Z"}
{"level":"info","message":"⌛ Building environment","timeElapsed":115,"timestamp":"2025-12-13T02:08:05.866Z"}
{"level":"error","message":"✘ Completions for node Send ([18:5, 18:32] - parciales/amongUs/tareas.wlk) failed: Error: [Send]{759305} at parciales/amongUs/tareas.wlk:18 exhausted all cases without a match [Send]{759305} at parciales/amongUs/tareas.wlk:18 exhausted all cases without a match","stack":"Error: [Send]{759305} at parciales/amongUs/tareas.wlk:18 exhausted all cases without a match\n    at c:\\Users\\egoytendia\\.vscode\\extensions\\uqbar.wollok-lsp-ide-0.5.3\\out\\server\\src\\server.js:38:6142\n    at D2 (c:\\Users\\egoytendia\\.vscode\\extensions\\uqbar.wollok-lsp-ide-0.5.3\\out\\server\\src\\server.js:2384:42)\n    at Qh (c:\\Users\\egoytendia\\.vscode\\extensions\\uqbar.wollok-lsp-ide-0.5.3\\out\\server\\src\\server.js:2384:1092)\n    at k6n (c:\\Users\\egoytendia\\.vscode\\extensions\\uqbar.wollok-lsp-ide-0.5.3\\out\\server\\src\\server.js:2384:1248)\n    at c:\\Users\\egoytendia\\.vscode\\extensions\\uqbar.wollok-lsp-ide-0.5.3\\out\\server\\src\\server.js:38:6131\n    at D2 (c:\\Users\\egoytendia\\.vscode\\extensions\\uqbar.wollok-lsp-ide-0.5.3\\out\\server\\src\\server.js:2384:42)\n    at c:\\Users\\egoytendia\\.vscode\\extensions\\uqbar.wollok-lsp-ide-0.5.3\\out\\server\\src\\server.js:2384:2988\n    at c:\\Users\\egoytendia\\.vscode\\extensions\\uqbar.wollok-lsp-ide-0.5.3\\out\\server\\src\\server.js:2393:8440\n    at c:\\Users\\egoytendia\\.vscode\\extensions\\uqbar.wollok-lsp-ide-0.5.3\\out\\server\\src\\server.js:37:74872\n    at Ye (c:\\Users\\egoytendia\\.vscode\\extensions\\uqbar.wollok-lsp-ide-0.5.3\\out\\server\\src\\server.js:7:8527)","timestamp":"2025-12-13T02:08:05.903Z"}
{"level":"info","message":"⌛ Validating parciales/amongUs/tareas.wlk","timeElapsed":155,"timestamp":"2025-12-13T02:08:06.069Z"}
{"level":"info","message":"⌛ Building environment","timeElapsed":106,"timestamp":"2025-12-13T02:08:06.208Z"}
{"level":"info","message":"⌛ Validating parciales/amongUs/tareas.wlk","timeElapsed":112,"timestamp":"2025-12-13T02:08:06.321Z"}
{"level":"error","message":"✘ Completions for node Send ([18:5, 18:32] - parciales/amongUs/tareas.wlk) failed: Error: [Send]{d7af86} at parciales/amongUs/tareas.wlk:18 exhausted all cases without a match [Send]{d7af86} at parciales/amongUs/tareas.wlk:18 exhausted all cases without a match","stack":"Error: [Send]{d7af86} at parciales/amongUs/tareas.wlk:18 exhausted all cases without a match\n    at c:\\Users\\egoytendia\\.vscode\\extensions\\uqbar.wollok-lsp-ide-0.5.3\\out\\server\\src\\server.js:38:6142\n    at D2 (c:\\Users\\egoytendia\\.vscode\\extensions\\uqbar.wollok-lsp-ide-0.5.3\\out\\server\\src\\server.js:2384:42)\n    at Qh (c:\\Users\\egoytendia\\.vscode\\extensions\\uqbar.wollok-lsp-ide-0.5.3\\out\\server\\src\\server.js:2384:1092)\n    at k6n (c:\\Users\\egoytendia\\.vscode\\extensions\\uqbar.wollok-lsp-ide-0.5.3\\out\\server\\src\\server.js:2384:1248)\n    at c:\\Users\\egoytendia\\.vscode\\extensions\\uqbar.wollok-lsp-ide-0.5.3\\out\\server\\src\\server.js:38:6131\n    at D2 (c:\\Users\\egoytendia\\.vscode\\extensions\\uqbar.wollok-lsp-ide-0.5.3\\out\\server\\src\\server.js:2384:42)\n    at c:\\Users\\egoytendia\\.vscode\\extensions\\uqbar.wollok-lsp-ide-0.5.3\\out\\server\\src\\server.js:2384:2988\n    at c:\\Users\\egoytendia\\.vscode\\extensions\\uqbar.wollok-lsp-ide-0.5.3\\out\\server\\src\\server.js:2393:8440\n    at c:\\Users\\egoytendia\\.vscode\\extensions\\uqbar.wollok-lsp-ide-0.5.3\\out\\server\\src\\server.js:37:74872\n    at Ye (c:\\Users\\egoytendia\\.vscode\\extensions\\uqbar.wollok-lsp-ide-0.5.3\\out\\server\\src\\server.js:7:8527)","timestamp":"2025-12-13T02:08:06.462Z"}
{"level":"info","message":"⌛ Validating parciales/amongUs/tareas.wlk","timeElapsed":111,"timestamp":"2025-12-13T02:08:06.667Z"}
{"level":"info","message":"⌛ Validating parciales/amongUs/tareas.wlk","timeElapsed":109,"timestamp":"2025-12-13T02:08:06.851Z"}
{"level":"info","message":"⌛ Validating parciales/amongUs/tareas.wlk","timeElapsed":107,"timestamp":"2025-12-13T02:08:07.374Z"}
{"level":"info","message":"⌛ Building environment","timeElapsed":119,"timestamp":"2025-12-13T02:08:09.695Z"}
{"level":"info","message":"⌛ Validating parciales/amongUs/tareas.wlk","timeElapsed":112,"timestamp":"2025-12-13T02:08:09.808Z"}
{"level":"info","message":"⌛ Validating parciales/amongUs/tareas.wlk","timeElapsed":108,"timestamp":"2025-12-13T02:08:09.996Z"}
{"level":"error","message":"✘ Failed to rebuild document Failed to parse parciales/amongUs/tareas.wlk: \n-- PARSING FAILED --------------------------------------------------\n\nGot the end of the input\n\nExpected one of the following: \n\n'@', 'const', 'method', 'override', 'var', '{', '}', any character/byte, comment, whitespace\n","stack":"Error: Failed to parse parciales/amongUs/tareas.wlk: \n-- PARSING FAILED --------------------------------------------------\n\nGot the end of the input\n\nExpected one of the following: \n\n'@', 'const', 'method', 'override', 'var', '{', '}', any character/byte, comment, whitespace\n\n    at c:\\Users\\egoytendia\\.vscode\\extensions\\uqbar.wollok-lsp-ide-0.5.3\\out\\server\\src\\server.js:2348:13026\n    at Array.map (<anonymous>)\n    at W1n (c:\\Users\\egoytendia\\.vscode\\extensions\\uqbar.wollok-lsp-ide-0.5.3\\out\\server\\src\\server.js:2348:12950)\n    at U2.buildEnvironmentFrom (c:\\Users\\egoytendia\\.vscode\\extensions\\uqbar.wollok-lsp-ide-0.5.3\\out\\server\\src\\server.js:2393:5254)\n    at U2.updateEnvironmentWith (c:\\Users\\egoytendia\\.vscode\\extensions\\uqbar.wollok-lsp-ide-0.5.3\\out\\server\\src\\server.js:2393:4989)\n    at JF (c:\\Users\\egoytendia\\.vscode\\extensions\\uqbar.wollok-lsp-ide-0.5.3\\out\\server\\src\\server.js:2393:7383)\n    at F3.invoke (c:\\Users\\egoytendia\\.vscode\\extensions\\uqbar.wollok-lsp-ide-0.5.3\\out\\server\\src\\server.js:3:157334)\n    at o.fire (c:\\Users\\egoytendia\\.vscode\\extensions\\uqbar.wollok-lsp-ide-0.5.3\\out\\server\\src\\server.js:3:158104)\n    at c:\\Users\\egoytendia\\.vscode\\extensions\\uqbar.wollok-lsp-ide-0.5.3\\out\\server\\src\\server.js:37:57871\n    at Zr (c:\\Users\\egoytendia\\.vscode\\extensions\\uqbar.wollok-lsp-ide-0.5.3\\out\\server\\src\\server.js:8:1561)","timestamp":"2025-12-13T02:23:33.089Z"}
{"level":"error","message":"✘ Failed to rebuild document Failed to parse parciales/amongUs/tareas.wlk: \n-- PARSING FAILED --------------------------------------------------\n\nGot the end of the input\n\nExpected one of the following: \n\n'@', 'const', 'method', 'override', 'var', '{', '}', any character/byte, comment, whitespace\n","stack":"Error: Failed to parse parciales/amongUs/tareas.wlk: \n-- PARSING FAILED --------------------------------------------------\n\nGot the end of the input\n\nExpected one of the following: \n\n'@', 'const', 'method', 'override', 'var', '{', '}', any character/byte, comment, whitespace\n\n    at c:\\Users\\egoytendia\\.vscode\\extensions\\uqbar.wollok-lsp-ide-0.5.3\\out\\server\\src\\server.js:2348:13026\n    at Array.map (<anonymous>)\n    at W1n (c:\\Users\\egoytendia\\.vscode\\extensions\\uqbar.wollok-lsp-ide-0.5.3\\out\\server\\src\\server.js:2348:12950)\n    at U2.buildEnvironmentFrom (c:\\Users\\egoytendia\\.vscode\\extensions\\uqbar.wollok-lsp-ide-0.5.3\\out\\server\\src\\server.js:2393:5254)\n    at U2.updateEnvironmentWith (c:\\Users\\egoytendia\\.vscode\\extensions\\uqbar.wollok-lsp-ide-0.5.3\\out\\server\\src\\server.js:2393:4989)\n    at JF (c:\\Users\\egoytendia\\.vscode\\extensions\\uqbar.wollok-lsp-ide-0.5.3\\out\\server\\src\\server.js:2393:7383)\n    at F3.invoke (c:\\Users\\egoytendia\\.vscode\\extensions\\uqbar.wollok-lsp-ide-0.5.3\\out\\server\\src\\server.js:3:157334)\n    at o.fire (c:\\Users\\egoytendia\\.vscode\\extensions\\uqbar.wollok-lsp-ide-0.5.3\\out\\server\\src\\server.js:3:158104)\n    at c:\\Users\\egoytendia\\.vscode\\extensions\\uqbar.wollok-lsp-ide-0.5.3\\out\\server\\src\\server.js:37:57871\n    at Zr (c:\\Users\\egoytendia\\.vscode\\extensions\\uqbar.wollok-lsp-ide-0.5.3\\out\\server\\src\\server.js:8:1561)","timestamp":"2025-12-13T02:23:33.237Z"}
{"level":"error","message":"✘ Failed to rebuild document Failed to parse parciales/amongUs/tareas.wlk: \n-- PARSING FAILED --------------------------------------------------\n\nGot the end of the input\n\nExpected one of the following: \n\n'@', 'const', 'method', 'override', 'var', '{', '}', any character/byte, comment, whitespace\n","stack":"Error: Failed to parse parciales/amongUs/tareas.wlk: \n-- PARSING FAILED --------------------------------------------------\n\nGot the end of the input\n\nExpected one of the following: \n\n'@', 'const', 'method', 'override', 'var', '{', '}', any character/byte, comment, whitespace\n\n    at c:\\Users\\egoytendia\\.vscode\\extensions\\uqbar.wollok-lsp-ide-0.5.3\\out\\server\\src\\server.js:2348:13026\n    at Array.map (<anonymous>)\n    at W1n (c:\\Users\\egoytendia\\.vscode\\extensions\\uqbar.wollok-lsp-ide-0.5.3\\out\\server\\src\\server.js:2348:12950)\n    at U2.buildEnvironmentFrom (c:\\Users\\egoytendia\\.vscode\\extensions\\uqbar.wollok-lsp-ide-0.5.3\\out\\server\\src\\server.js:2393:5254)\n    at U2.updateEnvironmentWith (c:\\Users\\egoytendia\\.vscode\\extensions\\uqbar.wollok-lsp-ide-0.5.3\\out\\server\\src\\server.js:2393:4989)\n    at JF (c:\\Users\\egoytendia\\.vscode\\extensions\\uqbar.wollok-lsp-ide-0.5.3\\out\\server\\src\\server.js:2393:7383)\n    at F3.invoke (c:\\Users\\egoytendia\\.vscode\\extensions\\uqbar.wollok-lsp-ide-0.5.3\\out\\server\\src\\server.js:3:157334)\n    at o.fire (c:\\Users\\egoytendia\\.vscode\\extensions\\uqbar.wollok-lsp-ide-0.5.3\\out\\server\\src\\server.js:3:158104)\n    at c:\\Users\\egoytendia\\.vscode\\extensions\\uqbar.wollok-lsp-ide-0.5.3\\out\\server\\src\\server.js:37:57871\n    at Zr (c:\\Users\\egoytendia\\.vscode\\extensions\\uqbar.wollok-lsp-ide-0.5.3\\out\\server\\src\\server.js:8:1561)","timestamp":"2025-12-13T02:23:33.415Z"}
{"level":"error","message":"✘ Failed to rebuild document Failed to parse parciales/amongUs/tareas.wlk: \n-- PARSING FAILED --------------------------------------------------\n\nGot the end of the input\n\nExpected one of the following: \n\n'@', 'const', 'method', 'override', 'var', '{', '}', any character/byte, comment, whitespace\n","stack":"Error: Failed to parse parciales/amongUs/tareas.wlk: \n-- PARSING FAILED --------------------------------------------------\n\nGot the end of the input\n\nExpected one of the following: \n\n'@', 'const', 'method', 'override', 'var', '{', '}', any character/byte, comment, whitespace\n\n    at c:\\Users\\egoytendia\\.vscode\\extensions\\uqbar.wollok-lsp-ide-0.5.3\\out\\server\\src\\server.js:2348:13026\n    at Array.map (<anonymous>)\n    at W1n (c:\\Users\\egoytendia\\.vscode\\extensions\\uqbar.wollok-lsp-ide-0.5.3\\out\\server\\src\\server.js:2348:12950)\n    at U2.buildEnvironmentFrom (c:\\Users\\egoytendia\\.vscode\\extensions\\uqbar.wollok-lsp-ide-0.5.3\\out\\server\\src\\server.js:2393:5254)\n    at U2.updateEnvironmentWith (c:\\Users\\egoytendia\\.vscode\\extensions\\uqbar.wollok-lsp-ide-0.5.3\\out\\server\\src\\server.js:2393:4989)\n    at JF (c:\\Users\\egoytendia\\.vscode\\extensions\\uqbar.wollok-lsp-ide-0.5.3\\out\\server\\src\\server.js:2393:7383)\n    at F3.invoke (c:\\Users\\egoytendia\\.vscode\\extensions\\uqbar.wollok-lsp-ide-0.5.3\\out\\server\\src\\server.js:3:157334)\n    at o.fire (c:\\Users\\egoytendia\\.vscode\\extensions\\uqbar.wollok-lsp-ide-0.5.3\\out\\server\\src\\server.js:3:158104)\n    at c:\\Users\\egoytendia\\.vscode\\extensions\\uqbar.wollok-lsp-ide-0.5.3\\out\\server\\src\\server.js:37:57871\n    at Zr (c:\\Users\\egoytendia\\.vscode\\extensions\\uqbar.wollok-lsp-ide-0.5.3\\out\\server\\src\\server.js:8:1561)","timestamp":"2025-12-13T02:23:36.093Z"}
{"level":"error","message":"✘ Failed to rebuild document Failed to parse parciales/amongUs/tareas.wlk: \n-- PARSING FAILED --------------------------------------------------\n\nGot the end of the input\n\nExpected one of the following: \n\n'@', 'const', 'method', 'override', 'var', '{', '}', any character/byte, comment, whitespace\n","stack":"Error: Failed to parse parciales/amongUs/tareas.wlk: \n-- PARSING FAILED --------------------------------------------------\n\nGot the end of the input\n\nExpected one of the following: \n\n'@', 'const', 'method', 'override', 'var', '{', '}', any character/byte, comment, whitespace\n\n    at c:\\Users\\egoytendia\\.vscode\\extensions\\uqbar.wollok-lsp-ide-0.5.3\\out\\server\\src\\server.js:2348:13026\n    at Array.map (<anonymous>)\n    at W1n (c:\\Users\\egoytendia\\.vscode\\extensions\\uqbar.wollok-lsp-ide-0.5.3\\out\\server\\src\\server.js:2348:12950)\n    at U2.buildEnvironmentFrom (c:\\Users\\egoytendia\\.vscode\\extensions\\uqbar.wollok-lsp-ide-0.5.3\\out\\server\\src\\server.js:2393:5254)\n    at U2.updateEnvironmentWith (c:\\Users\\egoytendia\\.vscode\\extensions\\uqbar.wollok-lsp-ide-0.5.3\\out\\server\\src\\server.js:2393:4989)\n    at JF (c:\\Users\\egoytendia\\.vscode\\extensions\\uqbar.wollok-lsp-ide-0.5.3\\out\\server\\src\\server.js:2393:7383)\n    at F3.invoke (c:\\Users\\egoytendia\\.vscode\\extensions\\uqbar.wollok-lsp-ide-0.5.3\\out\\server\\src\\server.js:3:157334)\n    at o.fire (c:\\Users\\egoytendia\\.vscode\\extensions\\uqbar.wollok-lsp-ide-0.5.3\\out\\server\\src\\server.js:3:158104)\n    at c:\\Users\\egoytendia\\.vscode\\extensions\\uqbar.wollok-lsp-ide-0.5.3\\out\\server\\src\\server.js:37:57871\n    at Zr (c:\\Users\\egoytendia\\.vscode\\extensions\\uqbar.wollok-lsp-ide-0.5.3\\out\\server\\src\\server.js:8:1561)","timestamp":"2025-12-13T02:23:36.251Z"}
{"level":"error","message":"✘ Failed to rebuild document Failed to parse parciales/amongUs/tareas.wlk: \n-- PARSING FAILED --------------------------------------------------\n\nGot the end of the input\n\nExpected one of the following: \n\n'@', 'const', 'method', 'override', 'var', '{', '}', any character/byte, comment, whitespace\n","stack":"Error: Failed to parse parciales/amongUs/tareas.wlk: \n-- PARSING FAILED --------------------------------------------------\n\nGot the end of the input\n\nExpected one of the following: \n\n'@', 'const', 'method', 'override', 'var', '{', '}', any character/byte, comment, whitespace\n\n    at c:\\Users\\egoytendia\\.vscode\\extensions\\uqbar.wollok-lsp-ide-0.5.3\\out\\server\\src\\server.js:2348:13026\n    at Array.map (<anonymous>)\n    at W1n (c:\\Users\\egoytendia\\.vscode\\extensions\\uqbar.wollok-lsp-ide-0.5.3\\out\\server\\src\\server.js:2348:12950)\n    at U2.buildEnvironmentFrom (c:\\Users\\egoytendia\\.vscode\\extensions\\uqbar.wollok-lsp-ide-0.5.3\\out\\server\\src\\server.js:2393:5254)\n    at U2.updateEnvironmentWith (c:\\Users\\egoytendia\\.vscode\\extensions\\uqbar.wollok-lsp-ide-0.5.3\\out\\server\\src\\server.js:2393:4989)\n    at JF (c:\\Users\\egoytendia\\.vscode\\extensions\\uqbar.wollok-lsp-ide-0.5.3\\out\\server\\src\\server.js:2393:7383)\n    at F3.invoke (c:\\Users\\egoytendia\\.vscode\\extensions\\uqbar.wollok-lsp-ide-0.5.3\\out\\server\\src\\server.js:3:157334)\n    at o.fire (c:\\Users\\egoytendia\\.vscode\\extensions\\uqbar.wollok-lsp-ide-0.5.3\\out\\server\\src\\server.js:3:158104)\n    at c:\\Users\\egoytendia\\.vscode\\extensions\\uqbar.wollok-lsp-ide-0.5.3\\out\\server\\src\\server.js:37:57871\n    at Zr (c:\\Users\\egoytendia\\.vscode\\extensions\\uqbar.wollok-lsp-ide-0.5.3\\out\\server\\src\\server.js:8:1561)","timestamp":"2025-12-13T02:23:36.431Z"}
{"level":"error","message":"✘ Failed to rebuild document Failed to parse parciales/amongUs/tareas.wlk: \n-- PARSING FAILED --------------------------------------------------\n\nGot the end of the input\n\nExpected one of the following: \n\n'@', 'const', 'method', 'override', 'var', '{', '}', any character/byte, comment, whitespace\n","stack":"Error: Failed to parse parciales/amongUs/tareas.wlk: \n-- PARSING FAILED --------------------------------------------------\n\nGot the end of the input\n\nExpected one of the following: \n\n'@', 'const', 'method', 'override', 'var', '{', '}', any character/byte, comment, whitespace\n\n    at c:\\Users\\egoytendia\\.vscode\\extensions\\uqbar.wollok-lsp-ide-0.5.3\\out\\server\\src\\server.js:2348:13026\n    at Array.map (<anonymous>)\n    at W1n (c:\\Users\\egoytendia\\.vscode\\extensions\\uqbar.wollok-lsp-ide-0.5.3\\out\\server\\src\\server.js:2348:12950)\n    at U2.buildEnvironmentFrom (c:\\Users\\egoytendia\\.vscode\\extensions\\uqbar.wollok-lsp-ide-0.5.3\\out\\server\\src\\server.js:2393:5254)\n    at U2.updateEnvironmentWith (c:\\Users\\egoytendia\\.vscode\\extensions\\uqbar.wollok-lsp-ide-0.5.3\\out\\server\\src\\server.js:2393:4989)\n    at JF (c:\\Users\\egoytendia\\.vscode\\extensions\\uqbar.wollok-lsp-ide-0.5.3\\out\\server\\src\\server.js:2393:7383)\n    at F3.invoke (c:\\Users\\egoytendia\\.vscode\\extensions\\uqbar.wollok-lsp-ide-0.5.3\\out\\server\\src\\server.js:3:157334)\n    at o.fire (c:\\Users\\egoytendia\\.vscode\\extensions\\uqbar.wollok-lsp-ide-0.5.3\\out\\server\\src\\server.js:3:158104)\n    at c:\\Users\\egoytendia\\.vscode\\extensions\\uqbar.wollok-lsp-ide-0.5.3\\out\\server\\src\\server.js:37:57871\n    at Zr (c:\\Users\\egoytendia\\.vscode\\extensions\\uqbar.wollok-lsp-ide-0.5.3\\out\\server\\src\\server.js:8:1561)","timestamp":"2025-12-13T02:23:36.604Z"}
{"level":"info","message":"⌛ Building environment","timeElapsed":249,"timestamp":"2025-12-13T02:23:36.998Z"}
{"level":"info","message":"⌛ Validating parciales/amongUs/tareas.wlk","timeElapsed":154,"timestamp":"2025-12-13T02:23:37.153Z"}
{"level":"info","message":"⌛ Building environment","timeElapsed":128,"timestamp":"2025-12-13T02:23:38.431Z"}
{"level":"info","message":"⌛ Validating parciales/amongUs/tareas.wlk","timeElapsed":148,"timestamp":"2025-12-13T02:23:38.580Z"}
{"level":"info","message":"⌛ Building environment","timeElapsed":128,"timestamp":"2025-12-13T02:23:40.274Z"}
{"level":"info","message":"⌛ Validating parciales/amongUs/tareas.wlk","timeElapsed":108,"timestamp":"2025-12-13T02:23:40.383Z"}
{"level":"error","message":"✘ Completions for node Send ([12:5, 12:40] - parciales/amongUs/tareas.wlk) failed: Error: [Send]{b2b4ab} at parciales/amongUs/tareas.wlk:12 exhausted all cases without a match [Send]{b2b4ab} at parciales/amongUs/tareas.wlk:12 exhausted all cases without a match","stack":"Error: [Send]{b2b4ab} at parciales/amongUs/tareas.wlk:12 exhausted all cases without a match\n    at c:\\Users\\egoytendia\\.vscode\\extensions\\uqbar.wollok-lsp-ide-0.5.3\\out\\server\\src\\server.js:38:6142\n    at D2 (c:\\Users\\egoytendia\\.vscode\\extensions\\uqbar.wollok-lsp-ide-0.5.3\\out\\server\\src\\server.js:2384:42)\n    at Qh (c:\\Users\\egoytendia\\.vscode\\extensions\\uqbar.wollok-lsp-ide-0.5.3\\out\\server\\src\\server.js:2384:1092)\n    at k6n (c:\\Users\\egoytendia\\.vscode\\extensions\\uqbar.wollok-lsp-ide-0.5.3\\out\\server\\src\\server.js:2384:1248)\n    at c:\\Users\\egoytendia\\.vscode\\extensions\\uqbar.wollok-lsp-ide-0.5.3\\out\\server\\src\\server.js:38:6131\n    at D2 (c:\\Users\\egoytendia\\.vscode\\extensions\\uqbar.wollok-lsp-ide-0.5.3\\out\\server\\src\\server.js:2384:42)\n    at c:\\Users\\egoytendia\\.vscode\\extensions\\uqbar.wollok-lsp-ide-0.5.3\\out\\server\\src\\server.js:2384:2988\n    at c:\\Users\\egoytendia\\.vscode\\extensions\\uqbar.wollok-lsp-ide-0.5.3\\out\\server\\src\\server.js:2393:8440\n    at c:\\Users\\egoytendia\\.vscode\\extensions\\uqbar.wollok-lsp-ide-0.5.3\\out\\server\\src\\server.js:37:74872\n    at Ye (c:\\Users\\egoytendia\\.vscode\\extensions\\uqbar.wollok-lsp-ide-0.5.3\\out\\server\\src\\server.js:7:8527)","timestamp":"2025-12-13T02:23:41.053Z"}
{"level":"info","message":"⌛ Validating parciales/amongUs/tareas.wlk","timeElapsed":130,"timestamp":"2025-12-13T02:23:41.278Z"}
{"level":"info","message":"⌛ Validating parciales/amongUs/tareas.wlk","timeElapsed":119,"timestamp":"2025-12-13T02:23:41.483Z"}
{"level":"info","message":"⌛ Building environment","timeElapsed":137,"timestamp":"2025-12-13T02:23:41.621Z"}
{"level":"info","message":"⌛ Validating parciales/amongUs/tareas.wlk","timeElapsed":117,"timestamp":"2025-12-13T02:23:41.833Z"}
{"level":"info","message":"⌛ Validating parciales/amongUs/tareas.wlk","timeElapsed":122,"timestamp":"2025-12-13T02:23:42.122Z"}
{"level":"info","message":"⌛ Validating parciales/amongUs/tareas.wlk","timeElapsed":122,"timestamp":"2025-12-13T02:23:42.245Z"}
{"level":"info","message":"⌛ Validating parciales/amongUs/tareas.wlk","timeElapsed":103,"timestamp":"2025-12-13T02:23:42.358Z"}
{"level":"info","message":"⌛ Building environment","timeElapsed":115,"timestamp":"2025-12-13T02:23:46.360Z"}
{"level":"info","message":"⌛ Validating parciales/amongUs/tareas.wlk","timeElapsed":113,"timestamp":"2025-12-13T02:23:46.479Z"}
{"level":"info","message":"⌛ Building environment","timeElapsed":110,"timestamp":"2025-12-13T02:23:46.796Z"}
{"level":"info","message":"⌛ Validating parciales/amongUs/tareas.wlk","timeElapsed":142,"timestamp":"2025-12-13T02:23:47.058Z"}
{"level":"info","message":"⌛ Validating parciales/amongUs/tareas.wlk","timeElapsed":123,"timestamp":"2025-12-13T02:23:47.181Z"}
{"level":"info","message":"⌛ Building environment","timeElapsed":131,"timestamp":"2025-12-13T02:23:47.736Z"}
{"level":"info","message":"⌛ Validating parciales/amongUs/tareas.wlk","timeElapsed":112,"timestamp":"2025-12-13T02:23:47.849Z"}
{"level":"error","message":"✘ Completions for node If ([16:5, 17:42] - parciales/amongUs/tareas.wlk) failed: Error: [If]{137a17} at parciales/amongUs/tareas.wlk:16 exhausted all cases without a match [If]{137a17} at parciales/amongUs/tareas.wlk:16 exhausted all cases without a match","stack":"Error: [If]{137a17} at parciales/amongUs/tareas.wlk:16 exhausted all cases without a match\n    at c:\\Users\\egoytendia\\.vscode\\extensions\\uqbar.wollok-lsp-ide-0.5.3\\out\\server\\src\\server.js:38:6142\n    at D2 (c:\\Users\\egoytendia\\.vscode\\extensions\\uqbar.wollok-lsp-ide-0.5.3\\out\\server\\src\\server.js:2384:42)\n    at Qh (c:\\Users\\egoytendia\\.vscode\\extensions\\uqbar.wollok-lsp-ide-0.5.3\\out\\server\\src\\server.js:2384:1092)\n    at k6n (c:\\Users\\egoytendia\\.vscode\\extensions\\uqbar.wollok-lsp-ide-0.5.3\\out\\server\\src\\server.js:2384:1248)\n    at c:\\Users\\egoytendia\\.vscode\\extensions\\uqbar.wollok-lsp-ide-0.5.3\\out\\server\\src\\server.js:38:6131\n    at D2 (c:\\Users\\egoytendia\\.vscode\\extensions\\uqbar.wollok-lsp-ide-0.5.3\\out\\server\\src\\server.js:2384:42)\n    at c:\\Users\\egoytendia\\.vscode\\extensions\\uqbar.wollok-lsp-ide-0.5.3\\out\\server\\src\\server.js:2384:2988\n    at c:\\Users\\egoytendia\\.vscode\\extensions\\uqbar.wollok-lsp-ide-0.5.3\\out\\server\\src\\server.js:2393:8440\n    at c:\\Users\\egoytendia\\.vscode\\extensions\\uqbar.wollok-lsp-ide-0.5.3\\out\\server\\src\\server.js:37:74872\n    at Ye (c:\\Users\\egoytendia\\.vscode\\extensions\\uqbar.wollok-lsp-ide-0.5.3\\out\\server\\src\\server.js:7:8527)","timestamp":"2025-12-13T02:23:48.365Z"}
{"level":"info","message":"⌛ Validating parciales/amongUs/tareas.wlk","timeElapsed":116,"timestamp":"2025-12-13T02:23:48.485Z"}
{"level":"info","message":"⌛ Validating parciales/amongUs/tareas.wlk","timeElapsed":120,"timestamp":"2025-12-13T02:23:48.854Z"}
{"level":"info","message":"⌛ Validating parciales/amongUs/tareas.wlk","timeElapsed":124,"timestamp":"2025-12-13T02:23:48.978Z"}
{"level":"info","message":"⌛ Validating parciales/amongUs/tareas.wlk","timeElapsed":120,"timestamp":"2025-12-13T02:23:49.206Z"}
{"level":"info","message":"⌛ Validating parciales/amongUs/tareas.wlk","timeElapsed":110,"timestamp":"2025-12-13T02:23:49.317Z"}
{"level":"info","message":"⌛ Building environment","timeElapsed":164,"timestamp":"2025-12-13T02:23:49.759Z"}
{"level":"info","message":"⌛ Validating parciales/amongUs/tareas.wlk","timeElapsed":117,"timestamp":"2025-12-13T02:23:49.970Z"}
{"level":"info","message":"⌛ Validating parciales/amongUs/tareas.wlk","timeElapsed":116,"timestamp":"2025-12-13T02:23:50.171Z"}
{"level":"info","message":"⌛ Validating parciales/amongUs/tareas.wlk","timeElapsed":106,"timestamp":"2025-12-13T02:23:50.278Z"}
{"level":"info","message":"⌛ Building environment","timeElapsed":127,"timestamp":"2025-12-13T02:23:52.451Z"}
{"level":"info","message":"⌛ Validating parciales/amongUs/tareas.wlk","timeElapsed":117,"timestamp":"2025-12-13T02:23:52.569Z"}
{"level":"info","message":"⌛ Validating parciales/amongUs/tareas.wlk","timeElapsed":116,"timestamp":"2025-12-13T02:24:02.002Z"}
{"level":"info","message":"⌛ Validating parciales/amongUs/tareas.wlk","timeElapsed":114,"timestamp":"2025-12-13T02:24:02.200Z"}
{"level":"info","message":"⌛ Building environment","timeElapsed":105,"timestamp":"2025-12-13T02:24:06.319Z"}
{"level":"info","message":"⌛ Validating parciales/amongUs/tareas.wlk","timeElapsed":114,"timestamp":"2025-12-13T02:24:06.440Z"}
{"level":"info","message":"⌛ Building environment","timeElapsed":112,"timestamp":"2025-12-13T02:24:07.243Z"}
{"level":"info","message":"⌛ Validating parciales/amongUs/tareas.wlk","timeElapsed":109,"timestamp":"2025-12-13T02:24:07.352Z"}
{"level":"info","message":"⌛ Building environment","timeElapsed":109,"timestamp":"2025-12-13T02:24:08.685Z"}
{"level":"info","message":"⌛ Validating parciales/amongUs/tareas.wlk","timeElapsed":129,"timestamp":"2025-12-13T02:24:08.815Z"}
{"level":"info","message":"⌛ Building environment","timeElapsed":133,"timestamp":"2025-12-13T02:24:20.003Z"}
{"level":"error","message":"✘ Completions for node Parameter ([15:33, 15:38] - parciales/amongUs/tareas.wlk) failed: Error: [Parameter]{ccad30} at parciales/amongUs/tareas.wlk:15 exhausted all cases without a match [Parameter]{ccad30} at parciales/amongUs/tareas.wlk:15 exhausted all cases without a match","stack":"Error: [Parameter]{ccad30} at parciales/amongUs/tareas.wlk:15 exhausted all cases without a match\n    at c:\\Users\\egoytendia\\.vscode\\extensions\\uqbar.wollok-lsp-ide-0.5.3\\out\\server\\src\\server.js:38:6142\n    at D2 (c:\\Users\\egoytendia\\.vscode\\extensions\\uqbar.wollok-lsp-ide-0.5.3\\out\\server\\src\\server.js:2384:42)\n    at c:\\Users\\egoytendia\\.vscode\\extensions\\uqbar.wollok-lsp-ide-0.5.3\\out\\server\\src\\server.js:2384:2988\n    at c:\\Users\\egoytendia\\.vscode\\extensions\\uqbar.wollok-lsp-ide-0.5.3\\out\\server\\src\\server.js:2393:8440\n    at c:\\Users\\egoytendia\\.vscode\\extensions\\uqbar.wollok-lsp-ide-0.5.3\\out\\server\\src\\server.js:37:74872\n    at Ye (c:\\Users\\egoytendia\\.vscode\\extensions\\uqbar.wollok-lsp-ide-0.5.3\\out\\server\\src\\server.js:7:8527)\n    at qt (c:\\Users\\egoytendia\\.vscode\\extensions\\uqbar.wollok-lsp-ide-0.5.3\\out\\server\\src\\server.js:7:6189)\n    at ot (c:\\Users\\egoytendia\\.vscode\\extensions\\uqbar.wollok-lsp-ide-0.5.3\\out\\server\\src\\server.js:7:6378)\n    at Immediate._onImmediate (c:\\Users\\egoytendia\\.vscode\\extensions\\uqbar.wollok-lsp-ide-0.5.3\\out\\server\\src\\server.js:7:6142)\n    at process.processImmediate (node:internal/timers:485:21)","timestamp":"2025-12-13T02:24:20.029Z"}
{"level":"info","message":"⌛ Validating parciales/amongUs/tareas.wlk","timeElapsed":112,"timestamp":"2025-12-13T02:24:20.150Z"}
{"level":"info","message":"⌛ Building environment","timeElapsed":138,"timestamp":"2025-12-13T02:24:22.137Z"}
{"level":"info","message":"⌛ Validating parciales/amongUs/tareas.wlk","timeElapsed":114,"timestamp":"2025-12-13T02:24:22.260Z"}
{"level":"info","message":"⌛ Building environment","timeElapsed":118,"timestamp":"2025-12-13T02:24:22.665Z"}
{"level":"info","message":"⌛ Validating parciales/amongUs/tareas.wlk","timeElapsed":129,"timestamp":"2025-12-13T02:24:22.800Z"}
{"level":"info","message":"⌛ Validating parciales/amongUs/tareas.wlk","timeElapsed":133,"timestamp":"2025-12-13T02:24:23.106Z"}
{"level":"info","message":"⌛ Validating parciales/amongUs/tareas.wlk","timeElapsed":119,"timestamp":"2025-12-13T02:24:23.226Z"}
{"level":"info","message":"⌛ Building environment","timeElapsed":107,"timestamp":"2025-12-13T02:24:53.740Z"}
{"level":"error","message":"✘ Completions for node Parameter ([15:24, 15:31] - parciales/amongUs/tareas.wlk) failed: Error: [Parameter]{7fe6dc} at parciales/amongUs/tareas.wlk:15 exhausted all cases without a match [Parameter]{7fe6dc} at parciales/amongUs/tareas.wlk:15 exhausted all cases without a match","stack":"Error: [Parameter]{7fe6dc} at parciales/amongUs/tareas.wlk:15 exhausted all cases without a match\n    at c:\\Users\\egoytendia\\.vscode\\extensions\\uqbar.wollok-lsp-ide-0.5.3\\out\\server\\src\\server.js:38:6142\n    at D2 (c:\\Users\\egoytendia\\.vscode\\extensions\\uqbar.wollok-lsp-ide-0.5.3\\out\\server\\src\\server.js:2384:42)\n    at c:\\Users\\egoytendia\\.vscode\\extensions\\uqbar.wollok-lsp-ide-0.5.3\\out\\server\\src\\server.js:2384:2988\n    at c:\\Users\\egoytendia\\.vscode\\extensions\\uqbar.wollok-lsp-ide-0.5.3\\out\\server\\src\\server.js:2393:8440\n    at c:\\Users\\egoytendia\\.vscode\\extensions\\uqbar.wollok-lsp-ide-0.5.3\\out\\server\\src\\server.js:37:74872\n    at Ye (c:\\Users\\egoytendia\\.vscode\\extensions\\uqbar.wollok-lsp-ide-0.5.3\\out\\server\\src\\server.js:7:8527)\n    at qt (c:\\Users\\egoytendia\\.vscode\\extensions\\uqbar.wollok-lsp-ide-0.5.3\\out\\server\\src\\server.js:7:6189)\n    at ot (c:\\Users\\egoytendia\\.vscode\\extensions\\uqbar.wollok-lsp-ide-0.5.3\\out\\server\\src\\server.js:7:6378)\n    at Immediate._onImmediate (c:\\Users\\egoytendia\\.vscode\\extensions\\uqbar.wollok-lsp-ide-0.5.3\\out\\server\\src\\server.js:7:6142)\n    at process.processImmediate (node:internal/timers:485:21)","timestamp":"2025-12-13T02:24:53.815Z"}
{"level":"info","message":"⌛ Validating parciales/amongUs/tareas.wlk","timeElapsed":108,"timestamp":"2025-12-13T02:24:53.928Z"}
{"level":"info","message":"⌛ Building environment","timeElapsed":110,"timestamp":"2025-12-13T02:24:57.682Z"}
{"level":"error","message":"✘ Completions for node Send ([18:4, 18:30] - parciales/amongUs/tareas.wlk) failed: Error: [Send]{df4d7f} at parciales/amongUs/tareas.wlk:18 exhausted all cases without a match [Send]{df4d7f} at parciales/amongUs/tareas.wlk:18 exhausted all cases without a match","stack":"Error: [Send]{df4d7f} at parciales/amongUs/tareas.wlk:18 exhausted all cases without a match\n    at c:\\Users\\egoytendia\\.vscode\\extensions\\uqbar.wollok-lsp-ide-0.5.3\\out\\server\\src\\server.js:38:6142\n    at D2 (c:\\Users\\egoytendia\\.vscode\\extensions\\uqbar.wollok-lsp-ide-0.5.3\\out\\server\\src\\server.js:2384:42)\n    at Qh (c:\\Users\\egoytendia\\.vscode\\extensions\\uqbar.wollok-lsp-ide-0.5.3\\out\\server\\src\\server.js:2384:1092)\n    at k6n (c:\\Users\\egoytendia\\.vscode\\extensions\\uqbar.wollok-lsp-ide-0.5.3\\out\\server\\src\\server.js:2384:1248)\n    at c:\\Users\\egoytendia\\.vscode\\extensions\\uqbar.wollok-lsp-ide-0.5.3\\out\\server\\src\\server.js:38:6131\n    at D2 (c:\\Users\\egoytendia\\.vscode\\extensions\\uqbar.wollok-lsp-ide-0.5.3\\out\\server\\src\\server.js:2384:42)\n    at c:\\Users\\egoytendia\\.vscode\\extensions\\uqbar.wollok-lsp-ide-0.5.3\\out\\server\\src\\server.js:2384:2988\n    at c:\\Users\\egoytendia\\.vscode\\extensions\\uqbar.wollok-lsp-ide-0.5.3\\out\\server\\src\\server.js:2393:8440\n    at c:\\Users\\egoytendia\\.vscode\\extensions\\uqbar.wollok-lsp-ide-0.5.3\\out\\server\\src\\server.js:37:74872\n    at Ye (c:\\Users\\egoytendia\\.vscode\\extensions\\uqbar.wollok-lsp-ide-0.5.3\\out\\server\\src\\server.js:7:8527)","timestamp":"2025-12-13T02:24:57.720Z"}
{"level":"error","message":"✘ Completions for node If ([16:5, 20:6] - parciales/amongUs/tareas.wlk) failed: Error: [If]{9ac3e7} at parciales/amongUs/tareas.wlk:16 exhausted all cases without a match [If]{9ac3e7} at parciales/amongUs/tareas.wlk:16 exhausted all cases without a match","stack":"Error: [If]{9ac3e7} at parciales/amongUs/tareas.wlk:16 exhausted all cases without a match\n    at c:\\Users\\egoytendia\\.vscode\\extensions\\uqbar.wollok-lsp-ide-0.5.3\\out\\server\\src\\server.js:38:6142\n    at D2 (c:\\Users\\egoytendia\\.vscode\\extensions\\uqbar.wollok-lsp-ide-0.5.3\\out\\server\\src\\server.js:2384:42)\n    at Qh (c:\\Users\\egoytendia\\.vscode\\extensions\\uqbar.wollok-lsp-ide-0.5.3\\out\\server\\src\\server.js:2384:1092)\n    at v6n (c:\\Users\\egoytendia\\.vscode\\extensions\\uqbar.wollok-lsp-ide-0.5.3\\out\\server\\src\\server.js:2384:818)\n    at c:\\Users\\egoytendia\\.vscode\\extensions\\uqbar.wollok-lsp-ide-0.5.3\\out\\server\\src\\server.js:38:6131\n    at D2 (c:\\Users\\egoytendia\\.vscode\\extensions\\uqbar.wollok-lsp-ide-0.5.3\\out\\server\\src\\server.js:2384:42)\n    at Qh (c:\\Users\\egoytendia\\.vscode\\extensions\\uqbar.wollok-lsp-ide-0.5.3\\out\\server\\src\\server.js:2384:1092)\n    at D2 (c:\\Users\\egoytendia\\.vscode\\extensions\\uqbar.wollok-lsp-ide-0.5.3\\out\\server\\src\\server.js:2384:544)\n    at Qh (c:\\Users\\egoytendia\\.vscode\\extensions\\uqbar.wollok-lsp-ide-0.5.3\\out\\server\\src\\server.js:2384:1092)\n    at k6n (c:\\Users\\egoytendia\\.vscode\\extensions\\uqbar.wollok-lsp-ide-0.5.3\\out\\server\\src\\server.js:2384:1248)","timestamp":"2025-12-13T02:24:57.720Z"}
{"level":"info","message":"⌛ Validating parciales/amongUs/tareas.wlk","timeElapsed":125,"timestamp":"2025-12-13T02:24:57.848Z"}
{"level":"info","message":"⌛ Building environment","timeElapsed":117,"timestamp":"2025-12-13T02:24:58.052Z"}
{"level":"info","message":"⌛ Validating parciales/amongUs/tareas.wlk","timeElapsed":119,"timestamp":"2025-12-13T02:24:58.256Z"}
{"level":"info","message":"⌛ Validating parciales/amongUs/tareas.wlk","timeElapsed":129,"timestamp":"2025-12-13T02:24:58.385Z"}
{"level":"info","message":"⌛ Validating parciales/amongUs/tareas.wlk","timeElapsed":117,"timestamp":"2025-12-13T02:24:58.507Z"}
{"level":"info","message":"⌛ Building environment","timeElapsed":102,"timestamp":"2025-12-13T02:25:00.007Z"}
{"level":"error","message":"✘ Completions for node Send ([19:4, 19:30] - parciales/amongUs/tareas.wlk) failed: Error: [Send]{ece2c7} at parciales/amongUs/tareas.wlk:19 exhausted all cases without a match [Send]{ece2c7} at parciales/amongUs/tareas.wlk:19 exhausted all cases without a match","stack":"Error: [Send]{ece2c7} at parciales/amongUs/tareas.wlk:19 exhausted all cases without a match\n    at c:\\Users\\egoytendia\\.vscode\\extensions\\uqbar.wollok-lsp-ide-0.5.3\\out\\server\\src\\server.js:38:6142\n    at D2 (c:\\Users\\egoytendia\\.vscode\\extensions\\uqbar.wollok-lsp-ide-0.5.3\\out\\server\\src\\server.js:2384:42)\n    at Qh (c:\\Users\\egoytendia\\.vscode\\extensions\\uqbar.wollok-lsp-ide-0.5.3\\out\\server\\src\\server.js:2384:1092)\n    at k6n (c:\\Users\\egoytendia\\.vscode\\extensions\\uqbar.wollok-lsp-ide-0.5.3\\out\\server\\src\\server.js:2384:1248)\n    at c:\\Users\\egoytendia\\.vscode\\extensions\\uqbar.wollok-lsp-ide-0.5.3\\out\\server\\src\\server.js:38:6131\n    at D2 (c:\\Users\\egoytendia\\.vscode\\extensions\\uqbar.wollok-lsp-ide-0.5.3\\out\\server\\src\\server.js:2384:42)\n    at c:\\Users\\egoytendia\\.vscode\\extensions\\uqbar.wollok-lsp-ide-0.5.3\\out\\server\\src\\server.js:2384:2988\n    at c:\\Users\\egoytendia\\.vscode\\extensions\\uqbar.wollok-lsp-ide-0.5.3\\out\\server\\src\\server.js:2393:8440\n    at c:\\Users\\egoytendia\\.vscode\\extensions\\uqbar.wollok-lsp-ide-0.5.3\\out\\server\\src\\server.js:37:74872\n    at Ye (c:\\Users\\egoytendia\\.vscode\\extensions\\uqbar.wollok-lsp-ide-0.5.3\\out\\server\\src\\server.js:7:8527)","timestamp":"2025-12-13T02:25:00.044Z"}
{"level":"error","message":"✘ Completions for node If ([16:5, 20:6] - parciales/amongUs/tareas.wlk) failed: Error: [If]{cec1e6} at parciales/amongUs/tareas.wlk:16 exhausted all cases without a match [If]{cec1e6} at parciales/amongUs/tareas.wlk:16 exhausted all cases without a match","stack":"Error: [If]{cec1e6} at parciales/amongUs/tareas.wlk:16 exhausted all cases without a match\n    at c:\\Users\\egoytendia\\.vscode\\extensions\\uqbar.wollok-lsp-ide-0.5.3\\out\\server\\src\\server.js:38:6142\n    at D2 (c:\\Users\\egoytendia\\.vscode\\extensions\\uqbar.wollok-lsp-ide-0.5.3\\out\\server\\src\\server.js:2384:42)\n    at Qh (c:\\Users\\egoytendia\\.vscode\\extensions\\uqbar.wollok-lsp-ide-0.5.3\\out\\server\\src\\server.js:2384:1092)\n    at v6n (c:\\Users\\egoytendia\\.vscode\\extensions\\uqbar.wollok-lsp-ide-0.5.3\\out\\server\\src\\server.js:2384:818)\n    at c:\\Users\\egoytendia\\.vscode\\extensions\\uqbar.wollok-lsp-ide-0.5.3\\out\\server\\src\\server.js:38:6131\n    at D2 (c:\\Users\\egoytendia\\.vscode\\extensions\\uqbar.wollok-lsp-ide-0.5.3\\out\\server\\src\\server.js:2384:42)\n    at Qh (c:\\Users\\egoytendia\\.vscode\\extensions\\uqbar.wollok-lsp-ide-0.5.3\\out\\server\\src\\server.js:2384:1092)\n    at D2 (c:\\Users\\egoytendia\\.vscode\\extensions\\uqbar.wollok-lsp-ide-0.5.3\\out\\server\\src\\server.js:2384:544)\n    at Qh (c:\\Users\\egoytendia\\.vscode\\extensions\\uqbar.wollok-lsp-ide-0.5.3\\out\\server\\src\\server.js:2384:1092)\n    at k6n (c:\\Users\\egoytendia\\.vscode\\extensions\\uqbar.wollok-lsp-ide-0.5.3\\out\\server\\src\\server.js:2384:1248)","timestamp":"2025-12-13T02:25:00.044Z"}
{"level":"info","message":"⌛ Validating parciales/amongUs/tareas.wlk","timeElapsed":113,"timestamp":"2025-12-13T02:25:00.163Z"}
{"level":"error","message":"✘ Completions for node Send ([19:4, 19:33] - parciales/amongUs/tareas.wlk) failed: Error: [Send]{d2dfba} at parciales/amongUs/tareas.wlk:19 exhausted all cases without a match [Send]{d2dfba} at parciales/amongUs/tareas.wlk:19 exhausted all cases without a match","stack":"Error: [Send]{d2dfba} at parciales/amongUs/tareas.wlk:19 exhausted all cases without a match\n    at c:\\Users\\egoytendia\\.vscode\\extensions\\uqbar.wollok-lsp-ide-0.5.3\\out\\server\\src\\server.js:38:6142\n    at D2 (c:\\Users\\egoytendia\\.vscode\\extensions\\uqbar.wollok-lsp-ide-0.5.3\\out\\server\\src\\server.js:2384:42)\n    at Qh (c:\\Users\\egoytendia\\.vscode\\extensions\\uqbar.wollok-lsp-ide-0.5.3\\out\\server\\src\\server.js:2384:1092)\n    at k6n (c:\\Users\\egoytendia\\.vscode\\extensions\\uqbar.wollok-lsp-ide-0.5.3\\out\\server\\src\\server.js:2384:1248)\n    at c:\\Users\\egoytendia\\.vscode\\extensions\\uqbar.wollok-lsp-ide-0.5.3\\out\\server\\src\\server.js:38:6131\n    at D2 (c:\\Users\\egoytendia\\.vscode\\extensions\\uqbar.wollok-lsp-ide-0.5.3\\out\\server\\src\\server.js:2384:42)\n    at c:\\Users\\egoytendia\\.vscode\\extensions\\uqbar.wollok-lsp-ide-0.5.3\\out\\server\\src\\server.js:2384:2988\n    at c:\\Users\\egoytendia\\.vscode\\extensions\\uqbar.wollok-lsp-ide-0.5.3\\out\\server\\src\\server.js:2393:8440\n    at c:\\Users\\egoytendia\\.vscode\\extensions\\uqbar.wollok-lsp-ide-0.5.3\\out\\server\\src\\server.js:37:74872\n    at Ye (c:\\Users\\egoytendia\\.vscode\\extensions\\uqbar.wollok-lsp-ide-0.5.3\\out\\server\\src\\server.js:7:8527)","timestamp":"2025-12-13T02:25:00.457Z"}
{"level":"error","message":"✘ Completions for node If ([16:5, 20:6] - parciales/amongUs/tareas.wlk) failed: Error: [If]{b3a16e} at parciales/amongUs/tareas.wlk:16 exhausted all cases without a match [If]{b3a16e} at parciales/amongUs/tareas.wlk:16 exhausted all cases without a match","stack":"Error: [If]{b3a16e} at parciales/amongUs/tareas.wlk:16 exhausted all cases without a match\n    at c:\\Users\\egoytendia\\.vscode\\extensions\\uqbar.wollok-lsp-ide-0.5.3\\out\\server\\src\\server.js:38:6142\n    at D2 (c:\\Users\\egoytendia\\.vscode\\extensions\\uqbar.wollok-lsp-ide-0.5.3\\out\\server\\src\\server.js:2384:42)\n    at Qh (c:\\Users\\egoytendia\\.vscode\\extensions\\uqbar.wollok-lsp-ide-0.5.3\\out\\server\\src\\server.js:2384:1092)\n    at v6n (c:\\Users\\egoytendia\\.vscode\\extensions\\uqbar.wollok-lsp-ide-0.5.3\\out\\server\\src\\server.js:2384:818)\n    at c:\\Users\\egoytendia\\.vscode\\extensions\\uqbar.wollok-lsp-ide-0.5.3\\out\\server\\src\\server.js:38:6131\n    at D2 (c:\\Users\\egoytendia\\.vscode\\extensions\\uqbar.wollok-lsp-ide-0.5.3\\out\\server\\src\\server.js:2384:42)\n    at Qh (c:\\Users\\egoytendia\\.vscode\\extensions\\uqbar.wollok-lsp-ide-0.5.3\\out\\server\\src\\server.js:2384:1092)\n    at D2 (c:\\Users\\egoytendia\\.vscode\\extensions\\uqbar.wollok-lsp-ide-0.5.3\\out\\server\\src\\server.js:2384:544)\n    at Qh (c:\\Users\\egoytendia\\.vscode\\extensions\\uqbar.wollok-lsp-ide-0.5.3\\out\\server\\src\\server.js:2384:1092)\n    at k6n (c:\\Users\\egoytendia\\.vscode\\extensions\\uqbar.wollok-lsp-ide-0.5.3\\out\\server\\src\\server.js:2384:1248)","timestamp":"2025-12-13T02:25:00.457Z"}
{"level":"info","message":"⌛ Validating parciales/amongUs/tareas.wlk","timeElapsed":107,"timestamp":"2025-12-13T02:25:00.567Z"}
{"level":"info","message":"⌛ Validating parciales/amongUs/tareas.wlk","timeElapsed":103,"timestamp":"2025-12-13T02:25:00.671Z"}
{"level":"info","message":"⌛ Validating parciales/amongUs/tareas.wlk","timeElapsed":107,"timestamp":"2025-12-13T02:25:00.779Z"}
{"level":"info","message":"⌛ Building environment","timeElapsed":175,"timestamp":"2025-12-13T02:25:01.455Z"}
{"level":"info","message":"⌛ Validating parciales/amongUs/tareas.wlk","timeElapsed":113,"timestamp":"2025-12-13T02:25:01.664Z"}
{"level":"info","message":"⌛ Validating parciales/amongUs/tareas.wlk","timeElapsed":102,"timestamp":"2025-12-13T02:25:01.766Z"}
{"level":"info","message":"⌛ Validating parciales/amongUs/tareas.wlk","timeElapsed":113,"timestamp":"2025-12-13T02:25:02.195Z"}
{"level":"error","message":"✘ Completions for node Send ([19:4, 19:31] - parciales/amongUs/tareas.wlk) failed: Error: [Send]{5191e6} at parciales/amongUs/tareas.wlk:19 exhausted all cases without a match [Send]{5191e6} at parciales/amongUs/tareas.wlk:19 exhausted all cases without a match","stack":"Error: [Send]{5191e6} at parciales/amongUs/tareas.wlk:19 exhausted all cases without a match\n    at c:\\Users\\egoytendia\\.vscode\\extensions\\uqbar.wollok-lsp-ide-0.5.3\\out\\server\\src\\server.js:38:6142\n    at D2 (c:\\Users\\egoytendia\\.vscode\\extensions\\uqbar.wollok-lsp-ide-0.5.3\\out\\server\\src\\server.js:2384:42)\n    at Qh (c:\\Users\\egoytendia\\.vscode\\extensions\\uqbar.wollok-lsp-ide-0.5.3\\out\\server\\src\\server.js:2384:1092)\n    at k6n (c:\\Users\\egoytendia\\.vscode\\extensions\\uqbar.wollok-lsp-ide-0.5.3\\out\\server\\src\\server.js:2384:1248)\n    at c:\\Users\\egoytendia\\.vscode\\extensions\\uqbar.wollok-lsp-ide-0.5.3\\out\\server\\src\\server.js:38:6131\n    at D2 (c:\\Users\\egoytendia\\.vscode\\extensions\\uqbar.wollok-lsp-ide-0.5.3\\out\\server\\src\\server.js:2384:42)\n    at c:\\Users\\egoytendia\\.vscode\\extensions\\uqbar.wollok-lsp-ide-0.5.3\\out\\server\\src\\server.js:2384:2988\n    at c:\\Users\\egoytendia\\.vscode\\extensions\\uqbar.wollok-lsp-ide-0.5.3\\out\\server\\src\\server.js:2393:8440\n    at c:\\Users\\egoytendia\\.vscode\\extensions\\uqbar.wollok-lsp-ide-0.5.3\\out\\server\\src\\server.js:37:74872\n    at Ye (c:\\Users\\egoytendia\\.vscode\\extensions\\uqbar.wollok-lsp-ide-0.5.3\\out\\server\\src\\server.js:7:8527)","timestamp":"2025-12-13T02:25:02.317Z"}
{"level":"error","message":"✘ Completions for node If ([16:5, 20:6] - parciales/amongUs/tareas.wlk) failed: Error: [If]{4d0ecb} at parciales/amongUs/tareas.wlk:16 exhausted all cases without a match [If]{4d0ecb} at parciales/amongUs/tareas.wlk:16 exhausted all cases without a match","stack":"Error: [If]{4d0ecb} at parciales/amongUs/tareas.wlk:16 exhausted all cases without a match\n    at c:\\Users\\egoytendia\\.vscode\\extensions\\uqbar.wollok-lsp-ide-0.5.3\\out\\server\\src\\server.js:38:6142\n    at D2 (c:\\Users\\egoytendia\\.vscode\\extensions\\uqbar.wollok-lsp-ide-0.5.3\\out\\server\\src\\server.js:2384:42)\n    at Qh (c:\\Users\\egoytendia\\.vscode\\extensions\\uqbar.wollok-lsp-ide-0.5.3\\out\\server\\src\\server.js:2384:1092)\n    at v6n (c:\\Users\\egoytendia\\.vscode\\extensions\\uqbar.wollok-lsp-ide-0.5.3\\out\\server\\src\\server.js:2384:818)\n    at c:\\Users\\egoytendia\\.vscode\\extensions\\uqbar.wollok-lsp-ide-0.5.3\\out\\server\\src\\server.js:38:6131\n    at D2 (c:\\Users\\egoytendia\\.vscode\\extensions\\uqbar.wollok-lsp-ide-0.5.3\\out\\server\\src\\server.js:2384:42)\n    at Qh (c:\\Users\\egoytendia\\.vscode\\extensions\\uqbar.wollok-lsp-ide-0.5.3\\out\\server\\src\\server.js:2384:1092)\n    at D2 (c:\\Users\\egoytendia\\.vscode\\extensions\\uqbar.wollok-lsp-ide-0.5.3\\out\\server\\src\\server.js:2384:544)\n    at Qh (c:\\Users\\egoytendia\\.vscode\\extensions\\uqbar.wollok-lsp-ide-0.5.3\\out\\server\\src\\server.js:2384:1092)\n    at k6n (c:\\Users\\egoytendia\\.vscode\\extensions\\uqbar.wollok-lsp-ide-0.5.3\\out\\server\\src\\server.js:2384:1248)","timestamp":"2025-12-13T02:25:02.317Z"}
{"level":"info","message":"⌛ Validating parciales/amongUs/tareas.wlk","timeElapsed":108,"timestamp":"2025-12-13T02:25:02.428Z"}
{"level":"info","message":"⌛ Building environment","timeElapsed":103,"timestamp":"2025-12-13T02:25:02.531Z"}
{"level":"info","message":"⌛ Validating parciales/amongUs/tareas.wlk","timeElapsed":119,"timestamp":"2025-12-13T02:25:02.651Z"}
{"level":"info","message":"⌛ Building environment","timeElapsed":119,"timestamp":"2025-12-13T02:25:02.853Z"}
{"level":"info","message":"⌛ Validating parciales/amongUs/tareas.wlk","timeElapsed":121,"timestamp":"2025-12-13T02:25:03.081Z"}
{"level":"info","message":"⌛ Validating parciales/amongUs/tareas.wlk","timeElapsed":122,"timestamp":"2025-12-13T02:25:03.282Z"}
{"level":"info","message":"⌛ Validating parciales/amongUs/tareas.wlk","timeElapsed":107,"timestamp":"2025-12-13T02:25:03.394Z"}
{"level":"info","message":"⌛ Building environment","timeElapsed":104,"timestamp":"2025-12-13T02:26:42.605Z"}
{"level":"info","message":"⌛ Validating parciales/amongUs/tareas.wlk","timeElapsed":112,"timestamp":"2025-12-13T02:26:42.718Z"}
{"level":"info","message":"⌛ Building environment","timeElapsed":149,"timestamp":"2025-12-13T02:29:44.538Z"}
{"level":"info","message":"⌛ Validating parciales/amongUs/tareas.wlk","timeElapsed":146,"timestamp":"2025-12-13T02:29:44.685Z"}
{"level":"info","message":"⌛ Building environment","timeElapsed":109,"timestamp":"2025-12-13T02:29:44.893Z"}
{"level":"info","message":"⌛ Validating parciales/amongUs/tareas.wlk","timeElapsed":121,"timestamp":"2025-12-13T02:29:45.018Z"}
{"level":"info","message":"⌛ Validating parciales/amongUs/tareas.wlk","timeElapsed":140,"timestamp":"2025-12-13T02:29:45.159Z"}
{"level":"info","message":"⌛ Building environment","timeElapsed":133,"timestamp":"2025-12-13T02:38:38.624Z"}
{"level":"info","message":"⌛ Validating parciales/amongUs/jugadores.wlk","timeElapsed":160,"timestamp":"2025-12-13T02:38:38.786Z"}
{"level":"info","message":"⌛ Building environment","timeElapsed":143,"timestamp":"2025-12-13T02:38:41.327Z"}
{"level":"info","message":"⌛ Validating parciales/amongUs/jugadores.wlk","timeElapsed":138,"timestamp":"2025-12-13T02:38:41.466Z"}
{"level":"info","message":"⌛ Validating parciales/amongUs/jugadores.wlk","timeElapsed":117,"timestamp":"2025-12-13T02:38:41.682Z"}
{"level":"info","message":"⌛ Validating parciales/amongUs/jugadores.wlk","timeElapsed":124,"timestamp":"2025-12-13T02:38:41.933Z"}
{"level":"info","message":"⌛ Building environment","timeElapsed":118,"timestamp":"2025-12-13T02:38:44.956Z"}
{"level":"info","message":"⌛ Validating parciales/amongUs/jugadores.wlk","timeElapsed":134,"timestamp":"2025-12-13T02:38:45.091Z"}
{"level":"info","message":"⌛ Validating parciales/amongUs/jugadores.wlk","timeElapsed":116,"timestamp":"2025-12-13T02:38:45.350Z"}
{"level":"info","message":"⌛ Building environment","timeElapsed":111,"timestamp":"2025-12-13T02:38:45.564Z"}
{"level":"info","message":"⌛ Validating parciales/amongUs/jugadores.wlk","timeElapsed":142,"timestamp":"2025-12-13T02:38:45.710Z"}
{"level":"info","message":"⌛ Building environment","timeElapsed":125,"timestamp":"2025-12-13T02:38:45.969Z"}
{"level":"info","message":"⌛ Validating parciales/amongUs/jugadores.wlk","timeElapsed":114,"timestamp":"2025-12-13T02:38:46.092Z"}
{"level":"info","message":"⌛ Building environment","timeElapsed":118,"timestamp":"2025-12-13T02:38:49.388Z"}
{"level":"info","message":"⌛ Validating parciales/amongUs/jugadores.wlk","timeElapsed":108,"timestamp":"2025-12-13T02:38:49.497Z"}
{"level":"info","message":"⌛ Building environment","timeElapsed":153,"timestamp":"2025-12-13T02:38:51.554Z"}
{"level":"info","message":"⌛ Validating parciales/amongUs/jugadores.wlk","timeElapsed":119,"timestamp":"2025-12-13T02:38:51.680Z"}
{"level":"info","message":"⌛ Building environment","timeElapsed":112,"timestamp":"2025-12-13T02:38:52.567Z"}
{"level":"info","message":"⌛ Validating parciales/amongUs/jugadores.wlk","timeElapsed":121,"timestamp":"2025-12-13T02:38:52.689Z"}
{"level":"info","message":"⌛ Building environment","timeElapsed":117,"timestamp":"2025-12-13T02:38:53.651Z"}
{"level":"info","message":"⌛ Validating parciales/amongUs/jugadores.wlk","timeElapsed":120,"timestamp":"2025-12-13T02:38:53.777Z"}
{"level":"info","message":"⌛ Validating parciales/amongUs/jugadores.wlk","timeElapsed":118,"timestamp":"2025-12-13T02:38:53.979Z"}
{"level":"info","message":"⌛ Building environment","timeElapsed":112,"timestamp":"2025-12-13T02:38:54.424Z"}
{"level":"info","message":"⌛ Validating parciales/amongUs/jugadores.wlk","timeElapsed":124,"timestamp":"2025-12-13T02:38:54.555Z"}
{"level":"info","message":"⌛ Building environment","timeElapsed":142,"timestamp":"2025-12-13T02:43:22.415Z"}
{"level":"info","message":"⌛ Validating parciales/amongUs/jugadores.wlk","timeElapsed":146,"timestamp":"2025-12-13T02:43:22.771Z"}
{"level":"info","message":"⌛ Validating parciales/amongUs/jugadores.wlk","timeElapsed":117,"timestamp":"2025-12-13T02:43:23.014Z"}
{"level":"info","message":"⌛ Validating parciales/amongUs/jugadores.wlk","timeElapsed":106,"timestamp":"2025-12-13T02:43:23.120Z"}
{"level":"info","message":"⌛ Validating parciales/amongUs/jugadores.wlk","timeElapsed":135,"timestamp":"2025-12-13T02:43:23.420Z"}
{"level":"info","message":"⌛ Validating parciales/amongUs/jugadores.wlk","timeElapsed":107,"timestamp":"2025-12-13T02:43:23.533Z"}
{"level":"info","message":"⌛ Validating parciales/amongUs/jugadores.wlk","timeElapsed":103,"timestamp":"2025-12-13T02:43:23.636Z"}
{"level":"info","message":"⌛ Building environment","timeElapsed":101,"timestamp":"2025-12-13T02:43:23.737Z"}
{"level":"info","message":"⌛ Validating parciales/amongUs/jugadores.wlk","timeElapsed":107,"timestamp":"2025-12-13T02:43:24.039Z"}
{"level":"info","message":"⌛ Validating parciales/amongUs/jugadores.wlk","timeElapsed":127,"timestamp":"2025-12-13T02:43:24.275Z"}
{"level":"info","message":"⌛ Validating parciales/amongUs/jugadores.wlk","timeElapsed":105,"timestamp":"2025-12-13T02:43:24.381Z"}
{"level":"info","message":"⌛ Validating parciales/amongUs/jugadores.wlk","timeElapsed":106,"timestamp":"2025-12-13T02:43:24.488Z"}
{"level":"info","message":"⌛ Validating parciales/amongUs/tareas.wlk","timeElapsed":116,"timestamp":"2025-12-13T02:43:28.793Z"}
{"level":"info","message":"⌛ Building environment","timeElapsed":191,"timestamp":"2025-12-13T02:45:58.640Z"}
{"level":"info","message":"⌛ Validating parciales/amongUs/jugadores.wlk","timeElapsed":146,"timestamp":"2025-12-13T02:45:58.787Z"}
{"level":"info","message":"⌛ Building environment","timeElapsed":261,"timestamp":"2025-12-13T02:46:02.549Z"}
{"level":"info","message":"⌛ Validating parciales/amongUs/tareas.wlk","timeElapsed":162,"timestamp":"2025-12-13T02:46:02.722Z"}
{"level":"info","message":"⌛ Building environment","timeElapsed":107,"timestamp":"2025-12-13T02:47:37.762Z"}
{"level":"info","message":"⌛ Validating parciales/amongUs/jugadores.wlk","timeElapsed":114,"timestamp":"2025-12-13T02:47:37.881Z"}
{"level":"info","message":"⌛ Validating parciales/amongUs/jugadores.wlk","timeElapsed":124,"timestamp":"2025-12-13T02:47:38.245Z"}
{"level":"info","message":"⌛ Building environment","timeElapsed":128,"timestamp":"2025-12-13T02:47:38.612Z"}
{"level":"info","message":"⌛ Validating parciales/amongUs/jugadores.wlk","timeElapsed":134,"timestamp":"2025-12-13T02:47:38.862Z"}
{"level":"info","message":"⌛ Validating parciales/amongUs/jugadores.wlk","timeElapsed":116,"timestamp":"2025-12-13T02:47:38.977Z"}
{"level":"info","message":"⌛ Validating parciales/amongUs/jugadores.wlk","timeElapsed":122,"timestamp":"2025-12-13T02:47:39.195Z"}
{"level":"info","message":"⌛ Validating parciales/amongUs/jugadores.wlk","timeElapsed":121,"timestamp":"2025-12-13T02:47:39.661Z"}
{"level":"info","message":"⌛ Validating parciales/amongUs/jugadores.wlk","timeElapsed":127,"timestamp":"2025-12-13T02:47:39.999Z"}
{"level":"info","message":"⌛ Validating parciales/amongUs/jugadores.wlk","timeElapsed":117,"timestamp":"2025-12-13T02:47:40.198Z"}
{"level":"info","message":"⌛ Validating parciales/amongUs/jugadores.wlk","timeElapsed":119,"timestamp":"2025-12-13T02:47:40.396Z"}
{"level":"info","message":"⌛ Validating parciales/amongUs/jugadores.wlk","timeElapsed":106,"timestamp":"2025-12-13T02:47:40.507Z"}
{"level":"info","message":"⌛ Validating parciales/amongUs/jugadores.wlk","timeElapsed":108,"timestamp":"2025-12-13T02:47:40.616Z"}
{"level":"info","message":"⌛ Validating parciales/amongUs/jugadores.wlk","timeElapsed":117,"timestamp":"2025-12-13T02:47:40.880Z"}
{"level":"info","message":"⌛ Validating parciales/amongUs/jugadores.wlk","timeElapsed":115,"timestamp":"2025-12-13T02:47:41.140Z"}
{"level":"info","message":"⌛ Validating parciales/amongUs/jugadores.wlk","timeElapsed":150,"timestamp":"2025-12-13T02:47:41.391Z"}
{"level":"info","message":"⌛ Building environment","timeElapsed":105,"timestamp":"2025-12-13T02:47:41.782Z"}
{"level":"info","message":"⌛ Validating parciales/amongUs/jugadores.wlk","timeElapsed":116,"timestamp":"2025-12-13T02:47:41.927Z"}
{"level":"error","message":"✘ Completions for node Parameter ([23:21, 23:22] - parciales/amongUs/jugadores.wlk) failed: Error: [Parameter]{355f64} at parciales/amongUs/jugadores.wlk:23 exhausted all cases without a match [Parameter]{355f64} at parciales/amongUs/jugadores.wlk:23 exhausted all cases without a match","stack":"Error: [Parameter]{355f64} at parciales/amongUs/jugadores.wlk:23 exhausted all cases without a match\n    at c:\\Users\\egoytendia\\.vscode\\extensions\\uqbar.wollok-lsp-ide-0.5.3\\out\\server\\src\\server.js:38:6142\n    at D2 (c:\\Users\\egoytendia\\.vscode\\extensions\\uqbar.wollok-lsp-ide-0.5.3\\out\\server\\src\\server.js:2384:42)\n    at c:\\Users\\egoytendia\\.vscode\\extensions\\uqbar.wollok-lsp-ide-0.5.3\\out\\server\\src\\server.js:2384:2988\n    at c:\\Users\\egoytendia\\.vscode\\extensions\\uqbar.wollok-lsp-ide-0.5.3\\out\\server\\src\\server.js:2393:8440\n    at c:\\Users\\egoytendia\\.vscode\\extensions\\uqbar.wollok-lsp-ide-0.5.3\\out\\server\\src\\server.js:37:74872\n    at Ye (c:\\Users\\egoytendia\\.vscode\\extensions\\uqbar.wollok-lsp-ide-0.5.3\\out\\server\\src\\server.js:7:8527)\n    at qt (c:\\Users\\egoytendia\\.vscode\\extensions\\uqbar.wollok-lsp-ide-0.5.3\\out\\server\\src\\server.js:7:6189)\n    at ot (c:\\Users\\egoytendia\\.vscode\\extensions\\uqbar.wollok-lsp-ide-0.5.3\\out\\server\\src\\server.js:7:6378)\n    at Immediate._onImmediate (c:\\Users\\egoytendia\\.vscode\\extensions\\uqbar.wollok-lsp-ide-0.5.3\\out\\server\\src\\server.js:7:6142)\n    at process.processImmediate (node:internal/timers:485:21)","timestamp":"2025-12-13T02:47:42.929Z"}
{"level":"info","message":"⌛ Validating parciales/amongUs/jugadores.wlk","timeElapsed":116,"timestamp":"2025-12-13T02:47:43.054Z"}
{"level":"error","message":"✘ Completions for node Parameter ([23:21, 23:23] - parciales/amongUs/jugadores.wlk) failed: Error: [Parameter]{8495d8} at parciales/amongUs/jugadores.wlk:23 exhausted all cases without a match [Parameter]{8495d8} at parciales/amongUs/jugadores.wlk:23 exhausted all cases without a match","stack":"Error: [Parameter]{8495d8} at parciales/amongUs/jugadores.wlk:23 exhausted all cases without a match\n    at c:\\Users\\egoytendia\\.vscode\\extensions\\uqbar.wollok-lsp-ide-0.5.3\\out\\server\\src\\server.js:38:6142\n    at D2 (c:\\Users\\egoytendia\\.vscode\\extensions\\uqbar.wollok-lsp-ide-0.5.3\\out\\server\\src\\server.js:2384:42)\n    at c:\\Users\\egoytendia\\.vscode\\extensions\\uqbar.wollok-lsp-ide-0.5.3\\out\\server\\src\\server.js:2384:2988\n    at c:\\Users\\egoytendia\\.vscode\\extensions\\uqbar.wollok-lsp-ide-0.5.3\\out\\server\\src\\server.js:2393:8440\n    at c:\\Users\\egoytendia\\.vscode\\extensions\\uqbar.wollok-lsp-ide-0.5.3\\out\\server\\src\\server.js:37:74872\n    at Ye (c:\\Users\\egoytendia\\.vscode\\extensions\\uqbar.wollok-lsp-ide-0.5.3\\out\\server\\src\\server.js:7:8527)\n    at qt (c:\\Users\\egoytendia\\.vscode\\extensions\\uqbar.wollok-lsp-ide-0.5.3\\out\\server\\src\\server.js:7:6189)\n    at ot (c:\\Users\\egoytendia\\.vscode\\extensions\\uqbar.wollok-lsp-ide-0.5.3\\out\\server\\src\\server.js:7:6378)\n    at Immediate._onImmediate (c:\\Users\\egoytendia\\.vscode\\extensions\\uqbar.wollok-lsp-ide-0.5.3\\out\\server\\src\\server.js:7:6142)\n    at process.processImmediate (node:internal/timers:485:21)","timestamp":"2025-12-13T02:47:43.159Z"}
{"level":"info","message":"⌛ Validating parciales/amongUs/jugadores.wlk","timeElapsed":111,"timestamp":"2025-12-13T02:47:43.445Z"}
{"level":"info","message":"⌛ Validating parciales/amongUs/jugadores.wlk","timeElapsed":106,"timestamp":"2025-12-13T02:47:43.551Z"}
{"level":"info","message":"⌛ Building environment","timeElapsed":117,"timestamp":"2025-12-13T02:47:48.110Z"}
{"level":"info","message":"⌛ Validating parciales/amongUs/jugadores.wlk","timeElapsed":120,"timestamp":"2025-12-13T02:47:48.360Z"}
{"level":"info","message":"⌛ Building environment","timeElapsed":107,"timestamp":"2025-12-13T02:47:48.466Z"}
{"level":"info","message":"⌛ Validating parciales/amongUs/jugadores.wlk","timeElapsed":125,"timestamp":"2025-12-13T02:47:48.591Z"}
{"level":"info","message":"⌛ Validating parciales/amongUs/jugadores.wlk","timeElapsed":117,"timestamp":"2025-12-13T02:47:48.712Z"}
{"level":"info","message":"⌛ Validating parciales/amongUs/jugadores.wlk","timeElapsed":113,"timestamp":"2025-12-13T02:47:48.902Z"}
{"level":"info","message":"⌛ Validating parciales/amongUs/jugadores.wlk","timeElapsed":112,"timestamp":"2025-12-13T02:47:49.243Z"}
{"level":"info","message":"⌛ Building environment","timeElapsed":111,"timestamp":"2025-12-13T02:47:54.198Z"}
{"level":"info","message":"⌛ Validating parciales/amongUs/jugadores.wlk","timeElapsed":116,"timestamp":"2025-12-13T02:47:54.329Z"}
{"level":"info","message":"⌛ Validating parciales/amongUs/jugadores.wlk","timeElapsed":115,"timestamp":"2025-12-13T02:47:54.613Z"}
{"level":"info","message":"⌛ Validating parciales/amongUs/jugadores.wlk","timeElapsed":109,"timestamp":"2025-12-13T02:47:54.726Z"}
{"level":"info","message":"⌛ Validating parciales/amongUs/jugadores.wlk","timeElapsed":109,"timestamp":"2025-12-13T02:47:55.142Z"}
{"level":"info","message":"⌛ Building environment","timeElapsed":153,"timestamp":"2025-12-13T02:47:55.302Z"}
{"level":"info","message":"⌛ Validating parciales/amongUs/jugadores.wlk","timeElapsed":122,"timestamp":"2025-12-13T02:47:55.425Z"}
{"level":"info","message":"⌛ Building environment","timeElapsed":178,"timestamp":"2025-12-13T02:47:59.761Z"}
{"level":"error","message":"✘ Completions for node Send ([24:5, 24:22] - parciales/amongUs/jugadores.wlk) failed: Error: [Send]{0e8104} at parciales/amongUs/jugadores.wlk:24 exhausted all cases without a match [Send]{0e8104} at parciales/amongUs/jugadores.wlk:24 exhausted all cases without a match","stack":"Error: [Send]{0e8104} at parciales/amongUs/jugadores.wlk:24 exhausted all cases without a match\n    at c:\\Users\\egoytendia\\.vscode\\extensions\\uqbar.wollok-lsp-ide-0.5.3\\out\\server\\src\\server.js:38:6142\n    at D2 (c:\\Users\\egoytendia\\.vscode\\extensions\\uqbar.wollok-lsp-ide-0.5.3\\out\\server\\src\\server.js:2384:42)\n    at Qh (c:\\Users\\egoytendia\\.vscode\\extensions\\uqbar.wollok-lsp-ide-0.5.3\\out\\server\\src\\server.js:2384:1092)\n    at k6n (c:\\Users\\egoytendia\\.vscode\\extensions\\uqbar.wollok-lsp-ide-0.5.3\\out\\server\\src\\server.js:2384:1248)\n    at c:\\Users\\egoytendia\\.vscode\\extensions\\uqbar.wollok-lsp-ide-0.5.3\\out\\server\\src\\server.js:38:6131\n    at D2 (c:\\Users\\egoytendia\\.vscode\\extensions\\uqbar.wollok-lsp-ide-0.5.3\\out\\server\\src\\server.js:2384:42)\n    at c:\\Users\\egoytendia\\.vscode\\extensions\\uqbar.wollok-lsp-ide-0.5.3\\out\\server\\src\\server.js:2384:2988\n    at c:\\Users\\egoytendia\\.vscode\\extensions\\uqbar.wollok-lsp-ide-0.5.3\\out\\server\\src\\server.js:2393:8440\n    at c:\\Users\\egoytendia\\.vscode\\extensions\\uqbar.wollok-lsp-ide-0.5.3\\out\\server\\src\\server.js:37:74872\n    at Ye (c:\\Users\\egoytendia\\.vscode\\extensions\\uqbar.wollok-lsp-ide-0.5.3\\out\\server\\src\\server.js:7:8527)","timestamp":"2025-12-13T02:47:59.800Z"}
{"level":"info","message":"⌛ Validating parciales/amongUs/jugadores.wlk","timeElapsed":110,"timestamp":"2025-12-13T02:48:00.079Z"}
{"level":"info","message":"⌛ Building environment","timeElapsed":122,"timestamp":"2025-12-13T02:48:00.203Z"}
{"level":"info","message":"⌛ Validating parciales/amongUs/jugadores.wlk","timeElapsed":130,"timestamp":"2025-12-13T02:48:00.333Z"}
{"level":"info","message":"⌛ Validating parciales/amongUs/jugadores.wlk","timeElapsed":104,"timestamp":"2025-12-13T02:48:00.546Z"}
{"level":"info","message":"⌛ Validating parciales/amongUs/jugadores.wlk","timeElapsed":140,"timestamp":"2025-12-13T02:48:00.827Z"}
{"level":"info","message":"⌛ Validating parciales/amongUs/tareas.wlk","timeElapsed":135,"timestamp":"2025-12-13T02:48:09.818Z"}
{"level":"info","message":"⌛ Building environment","timeElapsed":110,"timestamp":"2025-12-13T02:48:10.366Z"}
{"level":"info","message":"⌛ Validating parciales/amongUs/tareas.wlk","timeElapsed":111,"timestamp":"2025-12-13T02:48:10.483Z"}
{"level":"info","message":"⌛ Building environment","timeElapsed":107,"timestamp":"2025-12-13T02:48:10.859Z"}
{"level":"info","message":"⌛ Validating parciales/amongUs/tareas.wlk","timeElapsed":111,"timestamp":"2025-12-13T02:48:10.971Z"}
{"level":"info","message":"⌛ Building environment","timeElapsed":114,"timestamp":"2025-12-13T02:48:11.780Z"}
{"level":"info","message":"⌛ Validating parciales/amongUs/tareas.wlk","timeElapsed":116,"timestamp":"2025-12-13T02:48:11.903Z"}
{"level":"error","message":"✘ Failed to rebuild document Failed to parse parciales/amongUs/tareas.wlk: \n-- PARSING FAILED --------------------------------------------------\n\n  18 |     quitarItem()\n  19 |     }\n> 20 |   }\n     |   ^\n  21 | }\n  22 | \n\nExpected one of the following: \n\n' ', '@', 'class', 'const', 'describe', 'mixin', 'object', 'only', 'package', 'program', 'test', 'var', '{', EOF, comment, not \"}\r\n\", whitespace\n","stack":"Error: Failed to parse parciales/amongUs/tareas.wlk: \n-- PARSING FAILED --------------------------------------------------\n\n  18 |     quitarItem()\n  19 |     }\n> 20 |   }\n     |   ^\n  21 | }\n  22 | \n\nExpected one of the following: \n\n' ', '@', 'class', 'const', 'describe', 'mixin', 'object', 'only', 'package', 'program', 'test', 'var', '{', EOF, comment, not \"}\r\n\", whitespace\n\n    at c:\\Users\\egoytendia\\.vscode\\extensions\\uqbar.wollok-lsp-ide-0.5.3\\out\\server\\src\\server.js:2348:13026\n    at Array.map (<anonymous>)\n    at W1n (c:\\Users\\egoytendia\\.vscode\\extensions\\uqbar.wollok-lsp-ide-0.5.3\\out\\server\\src\\server.js:2348:12950)\n    at U2.buildEnvironmentFrom (c:\\Users\\egoytendia\\.vscode\\extensions\\uqbar.wollok-lsp-ide-0.5.3\\out\\server\\src\\server.js:2393:5254)\n    at U2.updateEnvironmentWith (c:\\Users\\egoytendia\\.vscode\\extensions\\uqbar.wollok-lsp-ide-0.5.3\\out\\server\\src\\server.js:2393:4989)\n    at JF (c:\\Users\\egoytendia\\.vscode\\extensions\\uqbar.wollok-lsp-ide-0.5.3\\out\\server\\src\\server.js:2393:7383)\n    at F3.invoke (c:\\Users\\egoytendia\\.vscode\\extensions\\uqbar.wollok-lsp-ide-0.5.3\\out\\server\\src\\server.js:3:157334)\n    at o.fire (c:\\Users\\egoytendia\\.vscode\\extensions\\uqbar.wollok-lsp-ide-0.5.3\\out\\server\\src\\server.js:3:158104)\n    at c:\\Users\\egoytendia\\.vscode\\extensions\\uqbar.wollok-lsp-ide-0.5.3\\out\\server\\src\\server.js:37:57871\n    at Zr (c:\\Users\\egoytendia\\.vscode\\extensions\\uqbar.wollok-lsp-ide-0.5.3\\out\\server\\src\\server.js:8:1561)","timestamp":"2025-12-13T02:48:12.107Z"}
{"level":"info","message":"⌛ Building environment","timeElapsed":133,"timestamp":"2025-12-13T02:48:13.431Z"}
{"level":"info","message":"⌛ Validating parciales/amongUs/tareas.wlk","timeElapsed":111,"timestamp":"2025-12-13T02:48:13.542Z"}
{"level":"error","message":"✘ Failed to rebuild document Failed to parse parciales/amongUs/tareas.wlk: \n-- PARSING FAILED --------------------------------------------------\n\n  18 |     quitarItem()\n  19 |     }\n> 20 |   }\n     |   ^\n  21 | }\n  22 | \n\nExpected one of the following: \n\n' ', '@', 'class', 'const', 'describe', 'mixin', 'object', 'only', 'package', 'program', 'test', 'var', '{', EOF, comment, not \"}\r\n\", whitespace\n","stack":"Error: Failed to parse parciales/amongUs/tareas.wlk: \n-- PARSING FAILED --------------------------------------------------\n\n  18 |     quitarItem()\n  19 |     }\n> 20 |   }\n     |   ^\n  21 | }\n  22 | \n\nExpected one of the following: \n\n' ', '@', 'class', 'const', 'describe', 'mixin', 'object', 'only', 'package', 'program', 'test', 'var', '{', EOF, comment, not \"}\r\n\", whitespace\n\n    at c:\\Users\\egoytendia\\.vscode\\extensions\\uqbar.wollok-lsp-ide-0.5.3\\out\\server\\src\\server.js:2348:13026\n    at Array.map (<anonymous>)\n    at W1n (c:\\Users\\egoytendia\\.vscode\\extensions\\uqbar.wollok-lsp-ide-0.5.3\\out\\server\\src\\server.js:2348:12950)\n    at U2.buildEnvironmentFrom (c:\\Users\\egoytendia\\.vscode\\extensions\\uqbar.wollok-lsp-ide-0.5.3\\out\\server\\src\\server.js:2393:5254)\n    at U2.updateEnvironmentWith (c:\\Users\\egoytendia\\.vscode\\extensions\\uqbar.wollok-lsp-ide-0.5.3\\out\\server\\src\\server.js:2393:4989)\n    at JF (c:\\Users\\egoytendia\\.vscode\\extensions\\uqbar.wollok-lsp-ide-0.5.3\\out\\server\\src\\server.js:2393:7383)\n    at F3.invoke (c:\\Users\\egoytendia\\.vscode\\extensions\\uqbar.wollok-lsp-ide-0.5.3\\out\\server\\src\\server.js:3:157334)\n    at o.fire (c:\\Users\\egoytendia\\.vscode\\extensions\\uqbar.wollok-lsp-ide-0.5.3\\out\\server\\src\\server.js:3:158104)\n    at c:\\Users\\egoytendia\\.vscode\\extensions\\uqbar.wollok-lsp-ide-0.5.3\\out\\server\\src\\server.js:37:57871\n    at Zr (c:\\Users\\egoytendia\\.vscode\\extensions\\uqbar.wollok-lsp-ide-0.5.3\\out\\server\\src\\server.js:8:1561)","timestamp":"2025-12-13T02:48:15.919Z"}
{"level":"error","message":"✘ Failed to rebuild document Failed to parse parciales/amongUs/tareas.wlk: \n-- PARSING FAILED --------------------------------------------------\n\n  18 |     jquitarItem()\n  19 |     }\n> 20 |   }\n     |   ^\n  21 | }\n  22 | \n\nExpected one of the following: \n\n' ', '@', 'class', 'const', 'describe', 'mixin', 'object', 'only', 'package', 'program', 'test', 'var', '{', EOF, comment, not \"}\r\n\", whitespace\n","stack":"Error: Failed to parse parciales/amongUs/tareas.wlk: \n-- PARSING FAILED --------------------------------------------------\n\n  18 |     jquitarItem()\n  19 |     }\n> 20 |   }\n     |   ^\n  21 | }\n  22 | \n\nExpected one of the following: \n\n' ', '@', 'class', 'const', 'describe', 'mixin', 'object', 'only', 'package', 'program', 'test', 'var', '{', EOF, comment, not \"}\r\n\", whitespace\n\n    at c:\\Users\\egoytendia\\.vscode\\extensions\\uqbar.wollok-lsp-ide-0.5.3\\out\\server\\src\\server.js:2348:13026\n    at Array.map (<anonymous>)\n    at W1n (c:\\Users\\egoytendia\\.vscode\\extensions\\uqbar.wollok-lsp-ide-0.5.3\\out\\server\\src\\server.js:2348:12950)\n    at U2.buildEnvironmentFrom (c:\\Users\\egoytendia\\.vscode\\extensions\\uqbar.wollok-lsp-ide-0.5.3\\out\\server\\src\\server.js:2393:5254)\n    at U2.updateEnvironmentWith (c:\\Users\\egoytendia\\.vscode\\extensions\\uqbar.wollok-lsp-ide-0.5.3\\out\\server\\src\\server.js:2393:4989)\n    at JF (c:\\Users\\egoytendia\\.vscode\\extensions\\uqbar.wollok-lsp-ide-0.5.3\\out\\server\\src\\server.js:2393:7383)\n    at F3.invoke (c:\\Users\\egoytendia\\.vscode\\extensions\\uqbar.wollok-lsp-ide-0.5.3\\out\\server\\src\\server.js:3:157334)\n    at o.fire (c:\\Users\\egoytendia\\.vscode\\extensions\\uqbar.wollok-lsp-ide-0.5.3\\out\\server\\src\\server.js:3:158104)\n    at c:\\Users\\egoytendia\\.vscode\\extensions\\uqbar.wollok-lsp-ide-0.5.3\\out\\server\\src\\server.js:37:57871\n    at Zr (c:\\Users\\egoytendia\\.vscode\\extensions\\uqbar.wollok-lsp-ide-0.5.3\\out\\server\\src\\server.js:8:1561)","timestamp":"2025-12-13T02:48:19.414Z"}
{"level":"error","message":"✘ Completions for node If ([15:5, 18:6] - parciales/amongUs/tareas.wlk) failed: Error: [If]{ecda03} at parciales/amongUs/tareas.wlk:15 exhausted all cases without a match [If]{ecda03} at parciales/amongUs/tareas.wlk:15 exhausted all cases without a match","stack":"Error: [If]{ecda03} at parciales/amongUs/tareas.wlk:15 exhausted all cases without a match\n    at c:\\Users\\egoytendia\\.vscode\\extensions\\uqbar.wollok-lsp-ide-0.5.3\\out\\server\\src\\server.js:38:6142\n    at D2 (c:\\Users\\egoytendia\\.vscode\\extensions\\uqbar.wollok-lsp-ide-0.5.3\\out\\server\\src\\server.js:2384:42)\n    at Qh (c:\\Users\\egoytendia\\.vscode\\extensions\\uqbar.wollok-lsp-ide-0.5.3\\out\\server\\src\\server.js:2384:1092)\n    at v6n (c:\\Users\\egoytendia\\.vscode\\extensions\\uqbar.wollok-lsp-ide-0.5.3\\out\\server\\src\\server.js:2384:818)\n    at c:\\Users\\egoytendia\\.vscode\\extensions\\uqbar.wollok-lsp-ide-0.5.3\\out\\server\\src\\server.js:38:6131\n    at D2 (c:\\Users\\egoytendia\\.vscode\\extensions\\uqbar.wollok-lsp-ide-0.5.3\\out\\server\\src\\server.js:2384:42)\n    at c:\\Users\\egoytendia\\.vscode\\extensions\\uqbar.wollok-lsp-ide-0.5.3\\out\\server\\src\\server.js:2384:2988\n    at c:\\Users\\egoytendia\\.vscode\\extensions\\uqbar.wollok-lsp-ide-0.5.3\\out\\server\\src\\server.js:2393:8440\n    at c:\\Users\\egoytendia\\.vscode\\extensions\\uqbar.wollok-lsp-ide-0.5.3\\out\\server\\src\\server.js:37:74872\n    at Ye (c:\\Users\\egoytendia\\.vscode\\extensions\\uqbar.wollok-lsp-ide-0.5.3\\out\\server\\src\\server.js:7:8527)","timestamp":"2025-12-13T02:48:19.448Z"}
{"level":"error","message":"✘ Failed to rebuild document Failed to parse parciales/amongUs/tareas.wlk: \n-- PARSING FAILED --------------------------------------------------\n\n  18 |     juquitarItem()\n  19 |     }\n> 20 |   }\n     |   ^\n  21 | }\n  22 | \n\nExpected one of the following: \n\n' ', '@', 'class', 'const', 'describe', 'mixin', 'object', 'only', 'package', 'program', 'test', 'var', '{', EOF, comment, not \"}\r\n\", whitespace\n","stack":"Error: Failed to parse parciales/amongUs/tareas.wlk: \n-- PARSING FAILED --------------------------------------------------\n\n  18 |     juquitarItem()\n  19 |     }\n> 20 |   }\n     |   ^\n  21 | }\n  22 | \n\nExpected one of the following: \n\n' ', '@', 'class', 'const', 'describe', 'mixin', 'object', 'only', 'package', 'program', 'test', 'var', '{', EOF, comment, not \"}\r\n\", whitespace\n\n    at c:\\Users\\egoytendia\\.vscode\\extensions\\uqbar.wollok-lsp-ide-0.5.3\\out\\server\\src\\server.js:2348:13026\n    at Array.map (<anonymous>)\n    at W1n (c:\\Users\\egoytendia\\.vscode\\extensions\\uqbar.wollok-lsp-ide-0.5.3\\out\\server\\src\\server.js:2348:12950)\n    at U2.buildEnvironmentFrom (c:\\Users\\egoytendia\\.vscode\\extensions\\uqbar.wollok-lsp-ide-0.5.3\\out\\server\\src\\server.js:2393:5254)\n    at U2.updateEnvironmentWith (c:\\Users\\egoytendia\\.vscode\\extensions\\uqbar.wollok-lsp-ide-0.5.3\\out\\server\\src\\server.js:2393:4989)\n    at JF (c:\\Users\\egoytendia\\.vscode\\extensions\\uqbar.wollok-lsp-ide-0.5.3\\out\\server\\src\\server.js:2393:7383)\n    at F3.invoke (c:\\Users\\egoytendia\\.vscode\\extensions\\uqbar.wollok-lsp-ide-0.5.3\\out\\server\\src\\server.js:3:157334)\n    at o.fire (c:\\Users\\egoytendia\\.vscode\\extensions\\uqbar.wollok-lsp-ide-0.5.3\\out\\server\\src\\server.js:3:158104)\n    at c:\\Users\\egoytendia\\.vscode\\extensions\\uqbar.wollok-lsp-ide-0.5.3\\out\\server\\src\\server.js:37:57871\n    at Zr (c:\\Users\\egoytendia\\.vscode\\extensions\\uqbar.wollok-lsp-ide-0.5.3\\out\\server\\src\\server.js:8:1561)","timestamp":"2025-12-13T02:48:19.461Z"}
{"level":"error","message":"✘ Failed to rebuild document Failed to parse parciales/amongUs/tareas.wlk: \n-- PARSING FAILED --------------------------------------------------\n\n  18 |     jugquitarItem()\n  19 |     }\n> 20 |   }\n     |   ^\n  21 | }\n  22 | \n\nExpected one of the following: \n\n' ', '@', 'class', 'const', 'describe', 'mixin', 'object', 'only', 'package', 'program', 'test', 'var', '{', EOF, comment, not \"}\r\n\", whitespace\n","stack":"Error: Failed to parse parciales/amongUs/tareas.wlk: \n-- PARSING FAILED --------------------------------------------------\n\n  18 |     jugquitarItem()\n  19 |     }\n> 20 |   }\n     |   ^\n  21 | }\n  22 | \n\nExpected one of the following: \n\n' ', '@', 'class', 'const', 'describe', 'mixin', 'object', 'only', 'package', 'program', 'test', 'var', '{', EOF, comment, not \"}\r\n\", whitespace\n\n    at c:\\Users\\egoytendia\\.vscode\\extensions\\uqbar.wollok-lsp-ide-0.5.3\\out\\server\\src\\server.js:2348:13026\n    at Array.map (<anonymous>)\n    at W1n (c:\\Users\\egoytendia\\.vscode\\extensions\\uqbar.wollok-lsp-ide-0.5.3\\out\\server\\src\\server.js:2348:12950)\n    at U2.buildEnvironmentFrom (c:\\Users\\egoytendia\\.vscode\\extensions\\uqbar.wollok-lsp-ide-0.5.3\\out\\server\\src\\server.js:2393:5254)\n    at U2.updateEnvironmentWith (c:\\Users\\egoytendia\\.vscode\\extensions\\uqbar.wollok-lsp-ide-0.5.3\\out\\server\\src\\server.js:2393:4989)\n    at JF (c:\\Users\\egoytendia\\.vscode\\extensions\\uqbar.wollok-lsp-ide-0.5.3\\out\\server\\src\\server.js:2393:7383)\n    at F3.invoke (c:\\Users\\egoytendia\\.vscode\\extensions\\uqbar.wollok-lsp-ide-0.5.3\\out\\server\\src\\server.js:3:157334)\n    at o.fire (c:\\Users\\egoytendia\\.vscode\\extensions\\uqbar.wollok-lsp-ide-0.5.3\\out\\server\\src\\server.js:3:158104)\n    at c:\\Users\\egoytendia\\.vscode\\extensions\\uqbar.wollok-lsp-ide-0.5.3\\out\\server\\src\\server.js:37:57871\n    at Zr (c:\\Users\\egoytendia\\.vscode\\extensions\\uqbar.wollok-lsp-ide-0.5.3\\out\\server\\src\\server.js:8:1561)","timestamp":"2025-12-13T02:48:19.557Z"}
{"level":"error","message":"✘ Failed to rebuild document Failed to parse parciales/amongUs/tareas.wlk: \n-- PARSING FAILED --------------------------------------------------\n\n  18 |     jugaquitarItem()\n  19 |     }\n> 20 |   }\n     |   ^\n  21 | }\n  22 | \n\nExpected one of the following: \n\n' ', '@', 'class', 'const', 'describe', 'mixin', 'object', 'only', 'package', 'program', 'test', 'var', '{', EOF, comment, not \"}\r\n\", whitespace\n","stack":"Error: Failed to parse parciales/amongUs/tareas.wlk: \n-- PARSING FAILED --------------------------------------------------\n\n  18 |     jugaquitarItem()\n  19 |     }\n> 20 |   }\n     |   ^\n  21 | }\n  22 | \n\nExpected one of the following: \n\n' ', '@', 'class', 'const', 'describe', 'mixin', 'object', 'only', 'package', 'program', 'test', 'var', '{', EOF, comment, not \"}\r\n\", whitespace\n\n    at c:\\Users\\egoytendia\\.vscode\\extensions\\uqbar.wollok-lsp-ide-0.5.3\\out\\server\\src\\server.js:2348:13026\n    at Array.map (<anonymous>)\n    at W1n (c:\\Users\\egoytendia\\.vscode\\extensions\\uqbar.wollok-lsp-ide-0.5.3\\out\\server\\src\\server.js:2348:12950)\n    at U2.buildEnvironmentFrom (c:\\Users\\egoytendia\\.vscode\\extensions\\uqbar.wollok-lsp-ide-0.5.3\\out\\server\\src\\server.js:2393:5254)\n    at U2.updateEnvironmentWith (c:\\Users\\egoytendia\\.vscode\\extensions\\uqbar.wollok-lsp-ide-0.5.3\\out\\server\\src\\server.js:2393:4989)\n    at JF (c:\\Users\\egoytendia\\.vscode\\extensions\\uqbar.wollok-lsp-ide-0.5.3\\out\\server\\src\\server.js:2393:7383)\n    at F3.invoke (c:\\Users\\egoytendia\\.vscode\\extensions\\uqbar.wollok-lsp-ide-0.5.3\\out\\server\\src\\server.js:3:157334)\n    at o.fire (c:\\Users\\egoytendia\\.vscode\\extensions\\uqbar.wollok-lsp-ide-0.5.3\\out\\server\\src\\server.js:3:158104)\n    at c:\\Users\\egoytendia\\.vscode\\extensions\\uqbar.wollok-lsp-ide-0.5.3\\out\\server\\src\\server.js:37:57871\n    at Zr (c:\\Users\\egoytendia\\.vscode\\extensions\\uqbar.wollok-lsp-ide-0.5.3\\out\\server\\src\\server.js:8:1561)","timestamp":"2025-12-13T02:48:19.748Z"}
{"level":"error","message":"✘ Failed to rebuild document Failed to parse parciales/amongUs/tareas.wlk: \n-- PARSING FAILED --------------------------------------------------\n\n  18 |     jugadquitarItem()\n  19 |     }\n> 20 |   }\n     |   ^\n  21 | }\n  22 | \n\nExpected one of the following: \n\n' ', '@', 'class', 'const', 'describe', 'mixin', 'object', 'only', 'package', 'program', 'test', 'var', '{', EOF, comment, not \"}\r\n\", whitespace\n","stack":"Error: Failed to parse parciales/amongUs/tareas.wlk: \n-- PARSING FAILED --------------------------------------------------\n\n  18 |     jugadquitarItem()\n  19 |     }\n> 20 |   }\n     |   ^\n  21 | }\n  22 | \n\nExpected one of the following: \n\n' ', '@', 'class', 'const', 'describe', 'mixin', 'object', 'only', 'package', 'program', 'test', 'var', '{', EOF, comment, not \"}\r\n\", whitespace\n\n    at c:\\Users\\egoytendia\\.vscode\\extensions\\uqbar.wollok-lsp-ide-0.5.3\\out\\server\\src\\server.js:2348:13026\n    at Array.map (<anonymous>)\n    at W1n (c:\\Users\\egoytendia\\.vscode\\extensions\\uqbar.wollok-lsp-ide-0.5.3\\out\\server\\src\\server.js:2348:12950)\n    at U2.buildEnvironmentFrom (c:\\Users\\egoytendia\\.vscode\\extensions\\uqbar.wollok-lsp-ide-0.5.3\\out\\server\\src\\server.js:2393:5254)\n    at U2.updateEnvironmentWith (c:\\Users\\egoytendia\\.vscode\\extensions\\uqbar.wollok-lsp-ide-0.5.3\\out\\server\\src\\server.js:2393:4989)\n    at JF (c:\\Users\\egoytendia\\.vscode\\extensions\\uqbar.wollok-lsp-ide-0.5.3\\out\\server\\src\\server.js:2393:7383)\n    at F3.invoke (c:\\Users\\egoytendia\\.vscode\\extensions\\uqbar.wollok-lsp-ide-0.5.3\\out\\server\\src\\server.js:3:157334)\n    at o.fire (c:\\Users\\egoytendia\\.vscode\\extensions\\uqbar.wollok-lsp-ide-0.5.3\\out\\server\\src\\server.js:3:158104)\n    at c:\\Users\\egoytendia\\.vscode\\extensions\\uqbar.wollok-lsp-ide-0.5.3\\out\\server\\src\\server.js:37:57871\n    at Zr (c:\\Users\\egoytendia\\.vscode\\extensions\\uqbar.wollok-lsp-ide-0.5.3\\out\\server\\src\\server.js:8:1561)","timestamp":"2025-12-13T02:48:19.775Z"}
{"level":"error","message":"✘ Failed to rebuild document Failed to parse parciales/amongUs/tareas.wlk: \n-- PARSING FAILED --------------------------------------------------\n\n  18 |     jugadoquitarItem()\n  19 |     }\n> 20 |   }\n     |   ^\n  21 | }\n  22 | \n\nExpected one of the following: \n\n' ', '@', 'class', 'const', 'describe', 'mixin', 'object', 'only', 'package', 'program', 'test', 'var', '{', EOF, comment, not \"}\r\n\", whitespace\n","stack":"Error: Failed to parse parciales/amongUs/tareas.wlk: \n-- PARSING FAILED --------------------------------------------------\n\n  18 |     jugadoquitarItem()\n  19 |     }\n> 20 |   }\n     |   ^\n  21 | }\n  22 | \n\nExpected one of the following: \n\n' ', '@', 'class', 'const', 'describe', 'mixin', 'object', 'only', 'package', 'program', 'test', 'var', '{', EOF, comment, not \"}\r\n\", whitespace\n\n    at c:\\Users\\egoytendia\\.vscode\\extensions\\uqbar.wollok-lsp-ide-0.5.3\\out\\server\\src\\server.js:2348:13026\n    at Array.map (<anonymous>)\n    at W1n (c:\\Users\\egoytendia\\.vscode\\extensions\\uqbar.wollok-lsp-ide-0.5.3\\out\\server\\src\\server.js:2348:12950)\n    at U2.buildEnvironmentFrom (c:\\Users\\egoytendia\\.vscode\\extensions\\uqbar.wollok-lsp-ide-0.5.3\\out\\server\\src\\server.js:2393:5254)\n    at U2.updateEnvironmentWith (c:\\Users\\egoytendia\\.vscode\\extensions\\uqbar.wollok-lsp-ide-0.5.3\\out\\server\\src\\server.js:2393:4989)\n    at JF (c:\\Users\\egoytendia\\.vscode\\extensions\\uqbar.wollok-lsp-ide-0.5.3\\out\\server\\src\\server.js:2393:7383)\n    at F3.invoke (c:\\Users\\egoytendia\\.vscode\\extensions\\uqbar.wollok-lsp-ide-0.5.3\\out\\server\\src\\server.js:3:157334)\n    at o.fire (c:\\Users\\egoytendia\\.vscode\\extensions\\uqbar.wollok-lsp-ide-0.5.3\\out\\server\\src\\server.js:3:158104)\n    at c:\\Users\\egoytendia\\.vscode\\extensions\\uqbar.wollok-lsp-ide-0.5.3\\out\\server\\src\\server.js:37:57871\n    at Zr (c:\\Users\\egoytendia\\.vscode\\extensions\\uqbar.wollok-lsp-ide-0.5.3\\out\\server\\src\\server.js:8:1561)","timestamp":"2025-12-13T02:48:19.874Z"}
{"level":"error","message":"✘ Failed to rebuild document Failed to parse parciales/amongUs/tareas.wlk: \n-- PARSING FAILED --------------------------------------------------\n\n  18 |     jugadorquitarItem()\n  19 |     }\n> 20 |   }\n     |   ^\n  21 | }\n  22 | \n\nExpected one of the following: \n\n' ', '@', 'class', 'const', 'describe', 'mixin', 'object', 'only', 'package', 'program', 'test', 'var', '{', EOF, comment, not \"}\r\n\", whitespace\n","stack":"Error: Failed to parse parciales/amongUs/tareas.wlk: \n-- PARSING FAILED --------------------------------------------------\n\n  18 |     jugadorquitarItem()\n  19 |     }\n> 20 |   }\n     |   ^\n  21 | }\n  22 | \n\nExpected one of the following: \n\n' ', '@', 'class', 'const', 'describe', 'mixin', 'object', 'only', 'package', 'program', 'test', 'var', '{', EOF, comment, not \"}\r\n\", whitespace\n\n    at c:\\Users\\egoytendia\\.vscode\\extensions\\uqbar.wollok-lsp-ide-0.5.3\\out\\server\\src\\server.js:2348:13026\n    at Array.map (<anonymous>)\n    at W1n (c:\\Users\\egoytendia\\.vscode\\extensions\\uqbar.wollok-lsp-ide-0.5.3\\out\\server\\src\\server.js:2348:12950)\n    at U2.buildEnvironmentFrom (c:\\Users\\egoytendia\\.vscode\\extensions\\uqbar.wollok-lsp-ide-0.5.3\\out\\server\\src\\server.js:2393:5254)\n    at U2.updateEnvironmentWith (c:\\Users\\egoytendia\\.vscode\\extensions\\uqbar.wollok-lsp-ide-0.5.3\\out\\server\\src\\server.js:2393:4989)\n    at JF (c:\\Users\\egoytendia\\.vscode\\extensions\\uqbar.wollok-lsp-ide-0.5.3\\out\\server\\src\\server.js:2393:7383)\n    at F3.invoke (c:\\Users\\egoytendia\\.vscode\\extensions\\uqbar.wollok-lsp-ide-0.5.3\\out\\server\\src\\server.js:3:157334)\n    at o.fire (c:\\Users\\egoytendia\\.vscode\\extensions\\uqbar.wollok-lsp-ide-0.5.3\\out\\server\\src\\server.js:3:158104)\n    at c:\\Users\\egoytendia\\.vscode\\extensions\\uqbar.wollok-lsp-ide-0.5.3\\out\\server\\src\\server.js:37:57871\n    at Zr (c:\\Users\\egoytendia\\.vscode\\extensions\\uqbar.wollok-lsp-ide-0.5.3\\out\\server\\src\\server.js:8:1561)","timestamp":"2025-12-13T02:48:19.991Z"}
{"level":"info","message":"⌛ Building environment","timeElapsed":157,"timestamp":"2025-12-13T02:48:20.218Z"}
{"level":"info","message":"⌛ Validating parciales/amongUs/tareas.wlk","timeElapsed":126,"timestamp":"2025-12-13T02:48:20.353Z"}
{"level":"error","message":"✘ Failed to rebuild document Failed to parse parciales/amongUs/tareas.wlk: \n-- PARSING FAILED --------------------------------------------------\n\n  18 |     jugadorquitarItem()\n  19 |     }\n> 20 |   }\n     |   ^\n  21 | }\n  22 | \n\nExpected one of the following: \n\n' ', '@', 'class', 'const', 'describe', 'mixin', 'object', 'only', 'package', 'program', 'test', 'var', '{', EOF, comment, not \"}\r\n\", whitespace\n","stack":"Error: Failed to parse parciales/amongUs/tareas.wlk: \n-- PARSING FAILED --------------------------------------------------\n\n  18 |     jugadorquitarItem()\n  19 |     }\n> 20 |   }\n     |   ^\n  21 | }\n  22 | \n\nExpected one of the following: \n\n' ', '@', 'class', 'const', 'describe', 'mixin', 'object', 'only', 'package', 'program', 'test', 'var', '{', EOF, comment, not \"}\r\n\", whitespace\n\n    at c:\\Users\\egoytendia\\.vscode\\extensions\\uqbar.wollok-lsp-ide-0.5.3\\out\\server\\src\\server.js:2348:13026\n    at Array.map (<anonymous>)\n    at W1n (c:\\Users\\egoytendia\\.vscode\\extensions\\uqbar.wollok-lsp-ide-0.5.3\\out\\server\\src\\server.js:2348:12950)\n    at U2.buildEnvironmentFrom (c:\\Users\\egoytendia\\.vscode\\extensions\\uqbar.wollok-lsp-ide-0.5.3\\out\\server\\src\\server.js:2393:5254)\n    at U2.updateEnvironmentWith (c:\\Users\\egoytendia\\.vscode\\extensions\\uqbar.wollok-lsp-ide-0.5.3\\out\\server\\src\\server.js:2393:4989)\n    at JF (c:\\Users\\egoytendia\\.vscode\\extensions\\uqbar.wollok-lsp-ide-0.5.3\\out\\server\\src\\server.js:2393:7383)\n    at F3.invoke (c:\\Users\\egoytendia\\.vscode\\extensions\\uqbar.wollok-lsp-ide-0.5.3\\out\\server\\src\\server.js:3:157334)\n    at o.fire (c:\\Users\\egoytendia\\.vscode\\extensions\\uqbar.wollok-lsp-ide-0.5.3\\out\\server\\src\\server.js:3:158104)\n    at c:\\Users\\egoytendia\\.vscode\\extensions\\uqbar.wollok-lsp-ide-0.5.3\\out\\server\\src\\server.js:37:57871\n    at Zr (c:\\Users\\egoytendia\\.vscode\\extensions\\uqbar.wollok-lsp-ide-0.5.3\\out\\server\\src\\server.js:8:1561)","timestamp":"2025-12-13T02:48:21.112Z"}
{"level":"info","message":"⌛ Validating parciales/amongUs/tareas.wlk","timeElapsed":114,"timestamp":"2025-12-13T02:48:21.358Z"}
{"level":"info","message":"⌛ Building environment","timeElapsed":107,"timestamp":"2025-12-13T02:48:30.637Z"}
{"level":"info","message":"⌛ Validating parciales/amongUs/tareas.wlk","timeElapsed":144,"timestamp":"2025-12-13T02:48:30.791Z"}
{"level":"info","message":"⌛ Validating parciales/amongUs/tareas.wlk","timeElapsed":111,"timestamp":"2025-12-13T02:48:30.997Z"}
{"level":"info","message":"⌛ Building environment","timeElapsed":108,"timestamp":"2025-12-13T02:48:32.015Z"}
{"level":"info","message":"⌛ Validating parciales/amongUs/tareas.wlk","timeElapsed":116,"timestamp":"2025-12-13T02:48:32.132Z"}
{"level":"info","message":"⌛ Building environment","timeElapsed":101,"timestamp":"2025-12-13T02:48:32.319Z"}
{"level":"info","message":"⌛ Validating parciales/amongUs/tareas.wlk","timeElapsed":134,"timestamp":"2025-12-13T02:48:32.455Z"}
{"level":"info","message":"⌛ Validating parciales/amongUs/tareas.wlk","timeElapsed":119,"timestamp":"2025-12-13T02:48:32.752Z"}
{"level":"info","message":"⌛ Validating parciales/amongUs/tareas.wlk","timeElapsed":133,"timestamp":"2025-12-13T02:48:32.884Z"}
{"level":"info","message":"⌛ Validating parciales/amongUs/tareas.wlk","timeElapsed":114,"timestamp":"2025-12-13T02:48:33.004Z"}
{"level":"info","message":"⌛ Building environment","timeElapsed":107,"timestamp":"2025-12-13T02:48:33.527Z"}
{"level":"info","message":"⌛ Validating parciales/amongUs/tareas.wlk","timeElapsed":120,"timestamp":"2025-12-13T02:48:33.648Z"}
{"level":"info","message":"⌛ Validating parciales/amongUs/tareas.wlk","timeElapsed":114,"timestamp":"2025-12-13T02:48:33.931Z"}
{"level":"info","message":"⌛ Validating parciales/amongUs/tareas.wlk","timeElapsed":117,"timestamp":"2025-12-13T02:48:34.121Z"}
{"level":"info","message":"⌛ Validating parciales/amongUs/tareas.wlk","timeElapsed":116,"timestamp":"2025-12-13T02:48:34.424Z"}
{"level":"info","message":"⌛ Validating parciales/amongUs/tareas.wlk","timeElapsed":106,"timestamp":"2025-12-13T02:48:34.699Z"}
{"level":"info","message":"⌛ Validating parciales/amongUs/tareas.wlk","timeElapsed":111,"timestamp":"2025-12-13T02:48:35.014Z"}
{"level":"info","message":"⌛ Building environment","timeElapsed":134,"timestamp":"2025-12-13T02:57:57.045Z"}
{"level":"info","message":"⌛ Validating parciales/amongUs/tareas.wlk","timeElapsed":172,"timestamp":"2025-12-13T02:57:57.219Z"}
{"level":"info","message":"⌛ Building environment","timeElapsed":101,"timestamp":"2025-12-13T02:57:57.321Z"}
{"level":"info","message":"⌛ Validating parciales/amongUs/tareas.wlk","timeElapsed":157,"timestamp":"2025-12-13T02:57:57.479Z"}
{"level":"info","message":"⌛ Validating parciales/amongUs/tareas.wlk","timeElapsed":164,"timestamp":"2025-12-13T02:57:57.975Z"}
{"level":"info","message":"⌛ Validating parciales/amongUs/tareas.wlk","timeElapsed":125,"timestamp":"2025-12-13T02:57:58.191Z"}
{"level":"info","message":"⌛ Validating parciales/amongUs/tareas.wlk","timeElapsed":121,"timestamp":"2025-12-13T02:57:58.391Z"}
{"level":"info","message":"⌛ Validating parciales/amongUs/tareas.wlk","timeElapsed":109,"timestamp":"2025-12-13T02:57:58.537Z"}
{"level":"info","message":"⌛ Validating parciales/amongUs/tareas.wlk","timeElapsed":118,"timestamp":"2025-12-13T02:57:58.753Z"}
{"level":"info","message":"⌛ Building environment","timeElapsed":130,"timestamp":"2025-12-13T02:58:00.267Z"}
{"level":"info","message":"⌛ Validating parciales/amongUs/tareas.wlk","timeElapsed":175,"timestamp":"2025-12-13T02:58:00.469Z"}
{"level":"info","message":"⌛ Building environment","timeElapsed":187,"timestamp":"2025-12-13T02:58:00.659Z"}
{"level":"info","message":"⌛ Building environment","timeElapsed":102,"timestamp":"2025-12-13T02:58:00.810Z"}
{"level":"info","message":"⌛ Validating parciales/amongUs/tareas.wlk","timeElapsed":151,"timestamp":"2025-12-13T02:58:00.961Z"}
{"level":"info","message":"⌛ Validating parciales/amongUs/tareas.wlk","timeElapsed":119,"timestamp":"2025-12-13T02:58:01.184Z"}
{"level":"info","message":"⌛ Validating parciales/amongUs/tareas.wlk","timeElapsed":121,"timestamp":"2025-12-13T02:58:01.416Z"}
{"level":"info","message":"⌛ Validating parciales/amongUs/tareas.wlk","timeElapsed":166,"timestamp":"2025-12-13T02:58:01.583Z"}
{"level":"info","message":"⌛ Validating parciales/amongUs/tareas.wlk","timeElapsed":132,"timestamp":"2025-12-13T02:58:01.838Z"}
{"level":"info","message":"⌛ Validating parciales/amongUs/tareas.wlk","timeElapsed":109,"timestamp":"2025-12-13T02:58:02.055Z"}
{"level":"info","message":"⌛ Building environment","timeElapsed":101,"timestamp":"2025-12-13T02:58:02.347Z"}
{"level":"info","message":"⌛ Validating parciales/amongUs/tareas.wlk","timeElapsed":120,"timestamp":"2025-12-13T02:58:02.468Z"}
{"level":"info","message":"⌛ Validating parciales/amongUs/tareas.wlk","timeElapsed":113,"timestamp":"2025-12-13T02:58:02.661Z"}
{"level":"info","message":"⌛ Validating parciales/amongUs/tareas.wlk","timeElapsed":106,"timestamp":"2025-12-13T02:58:03.002Z"}
{"level":"info","message":"⌛ Validating parciales/amongUs/tareas.wlk","timeElapsed":121,"timestamp":"2025-12-13T02:58:03.336Z"}
{"level":"info","message":"⌛ Building environment","timeElapsed":129,"timestamp":"2025-12-13T02:58:03.465Z"}
{"level":"info","message":"⌛ Validating parciales/amongUs/tareas.wlk","timeElapsed":109,"timestamp":"2025-12-13T02:58:03.574Z"}
{"level":"info","message":"⌛ Validating parciales/amongUs/tareas.wlk","timeElapsed":122,"timestamp":"2025-12-13T02:58:03.903Z"}
{"level":"info","message":"⌛ Validating parciales/amongUs/tareas.wlk","timeElapsed":116,"timestamp":"2025-12-13T02:58:04.126Z"}
{"level":"error","message":"✘ Failed to rebuild document Failed to parse parciales/amongUs/tareas.wlk: \n-- PARSING FAILED --------------------------------------------------\n\n  21 | }\n  22 | \n> 23 | class SacarBasura i {\n     |                   ^\n  24 |   \n  25 | }\n\nExpected one of the following: \n\n'inherits', '{', whitespace\n","stack":"Error: Failed to parse parciales/amongUs/tareas.wlk: \n-- PARSING FAILED --------------------------------------------------\n\n  21 | }\n  22 | \n> 23 | class SacarBasura i {\n     |                   ^\n  24 |   \n  25 | }\n\nExpected one of the following: \n\n'inherits', '{', whitespace\n\n    at c:\\Users\\egoytendia\\.vscode\\extensions\\uqbar.wollok-lsp-ide-0.5.3\\out\\server\\src\\server.js:2348:13026\n    at Array.map (<anonymous>)\n    at W1n (c:\\Users\\egoytendia\\.vscode\\extensions\\uqbar.wollok-lsp-ide-0.5.3\\out\\server\\src\\server.js:2348:12950)\n    at U2.buildEnvironmentFrom (c:\\Users\\egoytendia\\.vscode\\extensions\\uqbar.wollok-lsp-ide-0.5.3\\out\\server\\src\\server.js:2393:5254)\n    at U2.updateEnvironmentWith (c:\\Users\\egoytendia\\.vscode\\extensions\\uqbar.wollok-lsp-ide-0.5.3\\out\\server\\src\\server.js:2393:4989)\n    at JF (c:\\Users\\egoytendia\\.vscode\\extensions\\uqbar.wollok-lsp-ide-0.5.3\\out\\server\\src\\server.js:2393:7383)\n    at F3.invoke (c:\\Users\\egoytendia\\.vscode\\extensions\\uqbar.wollok-lsp-ide-0.5.3\\out\\server\\src\\server.js:3:157334)\n    at o.fire (c:\\Users\\egoytendia\\.vscode\\extensions\\uqbar.wollok-lsp-ide-0.5.3\\out\\server\\src\\server.js:3:158104)\n    at c:\\Users\\egoytendia\\.vscode\\extensions\\uqbar.wollok-lsp-ide-0.5.3\\out\\server\\src\\server.js:37:57871\n    at Zr (c:\\Users\\egoytendia\\.vscode\\extensions\\uqbar.wollok-lsp-ide-0.5.3\\out\\server\\src\\server.js:8:1561)","timestamp":"2025-12-13T02:58:04.210Z"}
{"level":"error","message":"✘ Failed to rebuild document Failed to parse parciales/amongUs/tareas.wlk: \n-- PARSING FAILED --------------------------------------------------\n\n  21 | }\n  22 | \n> 23 | class SacarBasura in {\n     |                   ^\n  24 |   \n  25 | }\n\nExpected one of the following: \n\n'inherits', '{', whitespace\n","stack":"Error: Failed to parse parciales/amongUs/tareas.wlk: \n-- PARSING FAILED --------------------------------------------------\n\n  21 | }\n  22 | \n> 23 | class SacarBasura in {\n     |                   ^\n  24 |   \n  25 | }\n\nExpected one of the following: \n\n'inherits', '{', whitespace\n\n    at c:\\Users\\egoytendia\\.vscode\\extensions\\uqbar.wollok-lsp-ide-0.5.3\\out\\server\\src\\server.js:2348:13026\n    at Array.map (<anonymous>)\n    at W1n (c:\\Users\\egoytendia\\.vscode\\extensions\\uqbar.wollok-lsp-ide-0.5.3\\out\\server\\src\\server.js:2348:12950)\n    at U2.buildEnvironmentFrom (c:\\Users\\egoytendia\\.vscode\\extensions\\uqbar.wollok-lsp-ide-0.5.3\\out\\server\\src\\server.js:2393:5254)\n    at U2.updateEnvironmentWith (c:\\Users\\egoytendia\\.vscode\\extensions\\uqbar.wollok-lsp-ide-0.5.3\\out\\server\\src\\server.js:2393:4989)\n    at JF (c:\\Users\\egoytendia\\.vscode\\extensions\\uqbar.wollok-lsp-ide-0.5.3\\out\\server\\src\\server.js:2393:7383)\n    at F3.invoke (c:\\Users\\egoytendia\\.vscode\\extensions\\uqbar.wollok-lsp-ide-0.5.3\\out\\server\\src\\server.js:3:157334)\n    at o.fire (c:\\Users\\egoytendia\\.vscode\\extensions\\uqbar.wollok-lsp-ide-0.5.3\\out\\server\\src\\server.js:3:158104)\n    at c:\\Users\\egoytendia\\.vscode\\extensions\\uqbar.wollok-lsp-ide-0.5.3\\out\\server\\src\\server.js:37:57871\n    at Zr (c:\\Users\\egoytendia\\.vscode\\extensions\\uqbar.wollok-lsp-ide-0.5.3\\out\\server\\src\\server.js:8:1561)","timestamp":"2025-12-13T02:58:04.247Z"}
{"level":"info","message":"⌛ Validating parciales/amongUs/tareas.wlk","timeElapsed":114,"timestamp":"2025-12-13T02:58:04.361Z"}
{"level":"error","message":"✘ Failed to rebuild document Failed to parse parciales/amongUs/tareas.wlk: \n-- PARSING FAILED --------------------------------------------------\n\n  21 | }\n  22 | \n> 23 | class SacarBasura inh {\n     |                   ^\n  24 |   \n  25 | }\n\nExpected one of the following: \n\n'inherits', '{', whitespace\n","stack":"Error: Failed to parse parciales/amongUs/tareas.wlk: \n-- PARSING FAILED --------------------------------------------------\n\n  21 | }\n  22 | \n> 23 | class SacarBasura inh {\n     |                   ^\n  24 |   \n  25 | }\n\nExpected one of the following: \n\n'inherits', '{', whitespace\n\n    at c:\\Users\\egoytendia\\.vscode\\extensions\\uqbar.wollok-lsp-ide-0.5.3\\out\\server\\src\\server.js:2348:13026\n    at Array.map (<anonymous>)\n    at W1n (c:\\Users\\egoytendia\\.vscode\\extensions\\uqbar.wollok-lsp-ide-0.5.3\\out\\server\\src\\server.js:2348:12950)\n    at U2.buildEnvironmentFrom (c:\\Users\\egoytendia\\.vscode\\extensions\\uqbar.wollok-lsp-ide-0.5.3\\out\\server\\src\\server.js:2393:5254)\n    at U2.updateEnvironmentWith (c:\\Users\\egoytendia\\.vscode\\extensions\\uqbar.wollok-lsp-ide-0.5.3\\out\\server\\src\\server.js:2393:4989)\n    at JF (c:\\Users\\egoytendia\\.vscode\\extensions\\uqbar.wollok-lsp-ide-0.5.3\\out\\server\\src\\server.js:2393:7383)\n    at F3.invoke (c:\\Users\\egoytendia\\.vscode\\extensions\\uqbar.wollok-lsp-ide-0.5.3\\out\\server\\src\\server.js:3:157334)\n    at o.fire (c:\\Users\\egoytendia\\.vscode\\extensions\\uqbar.wollok-lsp-ide-0.5.3\\out\\server\\src\\server.js:3:158104)\n    at c:\\Users\\egoytendia\\.vscode\\extensions\\uqbar.wollok-lsp-ide-0.5.3\\out\\server\\src\\server.js:37:57871\n    at Zr (c:\\Users\\egoytendia\\.vscode\\extensions\\uqbar.wollok-lsp-ide-0.5.3\\out\\server\\src\\server.js:8:1561)","timestamp":"2025-12-13T02:58:04.365Z"}
{"level":"error","message":"✘ Failed to rebuild document Failed to parse parciales/amongUs/tareas.wlk: \n-- PARSING FAILED --------------------------------------------------\n\n  21 | }\n  22 | \n> 23 | class SacarBasura inhe {\n     |                   ^\n  24 |   \n  25 | }\n\nExpected one of the following: \n\n'inherits', '{', whitespace\n","stack":"Error: Failed to parse parciales/amongUs/tareas.wlk: \n-- PARSING FAILED --------------------------------------------------\n\n  21 | }\n  22 | \n> 23 | class SacarBasura inhe {\n     |                   ^\n  24 |   \n  25 | }\n\nExpected one of the following: \n\n'inherits', '{', whitespace\n\n    at c:\\Users\\egoytendia\\.vscode\\extensions\\uqbar.wollok-lsp-ide-0.5.3\\out\\server\\src\\server.js:2348:13026\n    at Array.map (<anonymous>)\n    at W1n (c:\\Users\\egoytendia\\.vscode\\extensions\\uqbar.wollok-lsp-ide-0.5.3\\out\\server\\src\\server.js:2348:12950)\n    at U2.buildEnvironmentFrom (c:\\Users\\egoytendia\\.vscode\\extensions\\uqbar.wollok-lsp-ide-0.5.3\\out\\server\\src\\server.js:2393:5254)\n    at U2.updateEnvironmentWith (c:\\Users\\egoytendia\\.vscode\\extensions\\uqbar.wollok-lsp-ide-0.5.3\\out\\server\\src\\server.js:2393:4989)\n    at JF (c:\\Users\\egoytendia\\.vscode\\extensions\\uqbar.wollok-lsp-ide-0.5.3\\out\\server\\src\\server.js:2393:7383)\n    at F3.invoke (c:\\Users\\egoytendia\\.vscode\\extensions\\uqbar.wollok-lsp-ide-0.5.3\\out\\server\\src\\server.js:3:157334)\n    at o.fire (c:\\Users\\egoytendia\\.vscode\\extensions\\uqbar.wollok-lsp-ide-0.5.3\\out\\server\\src\\server.js:3:158104)\n    at c:\\Users\\egoytendia\\.vscode\\extensions\\uqbar.wollok-lsp-ide-0.5.3\\out\\server\\src\\server.js:37:57871\n    at Zr (c:\\Users\\egoytendia\\.vscode\\extensions\\uqbar.wollok-lsp-ide-0.5.3\\out\\server\\src\\server.js:8:1561)","timestamp":"2025-12-13T02:58:04.394Z"}
{"level":"error","message":"✘ Failed to rebuild document Failed to parse parciales/amongUs/tareas.wlk: \n-- PARSING FAILED --------------------------------------------------\n\n  21 | }\n  22 | \n> 23 | class SacarBasura inher {\n     |                   ^\n  24 |   \n  25 | }\n\nExpected one of the following: \n\n'inherits', '{', whitespace\n","stack":"Error: Failed to parse parciales/amongUs/tareas.wlk: \n-- PARSING FAILED --------------------------------------------------\n\n  21 | }\n  22 | \n> 23 | class SacarBasura inher {\n     |                   ^\n  24 |   \n  25 | }\n\nExpected one of the following: \n\n'inherits', '{', whitespace\n\n    at c:\\Users\\egoytendia\\.vscode\\extensions\\uqbar.wollok-lsp-ide-0.5.3\\out\\server\\src\\server.js:2348:13026\n    at Array.map (<anonymous>)\n    at W1n (c:\\Users\\egoytendia\\.vscode\\extensions\\uqbar.wollok-lsp-ide-0.5.3\\out\\server\\src\\server.js:2348:12950)\n    at U2.buildEnvironmentFrom (c:\\Users\\egoytendia\\.vscode\\extensions\\uqbar.wollok-lsp-ide-0.5.3\\out\\server\\src\\server.js:2393:5254)\n    at U2.updateEnvironmentWith (c:\\Users\\egoytendia\\.vscode\\extensions\\uqbar.wollok-lsp-ide-0.5.3\\out\\server\\src\\server.js:2393:4989)\n    at JF (c:\\Users\\egoytendia\\.vscode\\extensions\\uqbar.wollok-lsp-ide-0.5.3\\out\\server\\src\\server.js:2393:7383)\n    at F3.invoke (c:\\Users\\egoytendia\\.vscode\\extensions\\uqbar.wollok-lsp-ide-0.5.3\\out\\server\\src\\server.js:3:157334)\n    at o.fire (c:\\Users\\egoytendia\\.vscode\\extensions\\uqbar.wollok-lsp-ide-0.5.3\\out\\server\\src\\server.js:3:158104)\n    at c:\\Users\\egoytendia\\.vscode\\extensions\\uqbar.wollok-lsp-ide-0.5.3\\out\\server\\src\\server.js:37:57871\n    at Zr (c:\\Users\\egoytendia\\.vscode\\extensions\\uqbar.wollok-lsp-ide-0.5.3\\out\\server\\src\\server.js:8:1561)","timestamp":"2025-12-13T02:58:04.508Z"}
{"level":"error","message":"✘ Failed to rebuild document Failed to parse parciales/amongUs/tareas.wlk: \n-- PARSING FAILED --------------------------------------------------\n\n  21 | }\n  22 | \n> 23 | class SacarBasura inhert {\n     |                   ^\n  24 |   \n  25 | }\n\nExpected one of the following: \n\n'inherits', '{', whitespace\n","stack":"Error: Failed to parse parciales/amongUs/tareas.wlk: \n-- PARSING FAILED --------------------------------------------------\n\n  21 | }\n  22 | \n> 23 | class SacarBasura inhert {\n     |                   ^\n  24 |   \n  25 | }\n\nExpected one of the following: \n\n'inherits', '{', whitespace\n\n    at c:\\Users\\egoytendia\\.vscode\\extensions\\uqbar.wollok-lsp-ide-0.5.3\\out\\server\\src\\server.js:2348:13026\n    at Array.map (<anonymous>)\n    at W1n (c:\\Users\\egoytendia\\.vscode\\extensions\\uqbar.wollok-lsp-ide-0.5.3\\out\\server\\src\\server.js:2348:12950)\n    at U2.buildEnvironmentFrom (c:\\Users\\egoytendia\\.vscode\\extensions\\uqbar.wollok-lsp-ide-0.5.3\\out\\server\\src\\server.js:2393:5254)\n    at U2.updateEnvironmentWith (c:\\Users\\egoytendia\\.vscode\\extensions\\uqbar.wollok-lsp-ide-0.5.3\\out\\server\\src\\server.js:2393:4989)\n    at JF (c:\\Users\\egoytendia\\.vscode\\extensions\\uqbar.wollok-lsp-ide-0.5.3\\out\\server\\src\\server.js:2393:7383)\n    at F3.invoke (c:\\Users\\egoytendia\\.vscode\\extensions\\uqbar.wollok-lsp-ide-0.5.3\\out\\server\\src\\server.js:3:157334)\n    at o.fire (c:\\Users\\egoytendia\\.vscode\\extensions\\uqbar.wollok-lsp-ide-0.5.3\\out\\server\\src\\server.js:3:158104)\n    at c:\\Users\\egoytendia\\.vscode\\extensions\\uqbar.wollok-lsp-ide-0.5.3\\out\\server\\src\\server.js:37:57871\n    at Zr (c:\\Users\\egoytendia\\.vscode\\extensions\\uqbar.wollok-lsp-ide-0.5.3\\out\\server\\src\\server.js:8:1561)","timestamp":"2025-12-13T02:58:04.684Z"}
{"level":"error","message":"✘ Failed to rebuild document Failed to parse parciales/amongUs/tareas.wlk: \n-- PARSING FAILED --------------------------------------------------\n\n  21 | }\n  22 | \n> 23 | class SacarBasura inherti {\n     |                   ^\n  24 |   \n  25 | }\n\nExpected one of the following: \n\n'inherits', '{', whitespace\n","stack":"Error: Failed to parse parciales/amongUs/tareas.wlk: \n-- PARSING FAILED --------------------------------------------------\n\n  21 | }\n  22 | \n> 23 | class SacarBasura inherti {\n     |                   ^\n  24 |   \n  25 | }\n\nExpected one of the following: \n\n'inherits', '{', whitespace\n\n    at c:\\Users\\egoytendia\\.vscode\\extensions\\uqbar.wollok-lsp-ide-0.5.3\\out\\server\\src\\server.js:2348:13026\n    at Array.map (<anonymous>)\n    at W1n (c:\\Users\\egoytendia\\.vscode\\extensions\\uqbar.wollok-lsp-ide-0.5.3\\out\\server\\src\\server.js:2348:12950)\n    at U2.buildEnvironmentFrom (c:\\Users\\egoytendia\\.vscode\\extensions\\uqbar.wollok-lsp-ide-0.5.3\\out\\server\\src\\server.js:2393:5254)\n    at U2.updateEnvironmentWith (c:\\Users\\egoytendia\\.vscode\\extensions\\uqbar.wollok-lsp-ide-0.5.3\\out\\server\\src\\server.js:2393:4989)\n    at JF (c:\\Users\\egoytendia\\.vscode\\extensions\\uqbar.wollok-lsp-ide-0.5.3\\out\\server\\src\\server.js:2393:7383)\n    at F3.invoke (c:\\Users\\egoytendia\\.vscode\\extensions\\uqbar.wollok-lsp-ide-0.5.3\\out\\server\\src\\server.js:3:157334)\n    at o.fire (c:\\Users\\egoytendia\\.vscode\\extensions\\uqbar.wollok-lsp-ide-0.5.3\\out\\server\\src\\server.js:3:158104)\n    at c:\\Users\\egoytendia\\.vscode\\extensions\\uqbar.wollok-lsp-ide-0.5.3\\out\\server\\src\\server.js:37:57871\n    at Zr (c:\\Users\\egoytendia\\.vscode\\extensions\\uqbar.wollok-lsp-ide-0.5.3\\out\\server\\src\\server.js:8:1561)","timestamp":"2025-12-13T02:58:04.751Z"}
{"level":"error","message":"✘ Failed to rebuild document Failed to parse parciales/amongUs/tareas.wlk: \n-- PARSING FAILED --------------------------------------------------\n\n  21 | }\n  22 | \n> 23 | class SacarBasura inhertis {\n     |                   ^\n  24 |   \n  25 | }\n\nExpected one of the following: \n\n'inherits', '{', whitespace\n","stack":"Error: Failed to parse parciales/amongUs/tareas.wlk: \n-- PARSING FAILED --------------------------------------------------\n\n  21 | }\n  22 | \n> 23 | class SacarBasura inhertis {\n     |                   ^\n  24 |   \n  25 | }\n\nExpected one of the following: \n\n'inherits', '{', whitespace\n\n    at c:\\Users\\egoytendia\\.vscode\\extensions\\uqbar.wollok-lsp-ide-0.5.3\\out\\server\\src\\server.js:2348:13026\n    at Array.map (<anonymous>)\n    at W1n (c:\\Users\\egoytendia\\.vscode\\extensions\\uqbar.wollok-lsp-ide-0.5.3\\out\\server\\src\\server.js:2348:12950)\n    at U2.buildEnvironmentFrom (c:\\Users\\egoytendia\\.vscode\\extensions\\uqbar.wollok-lsp-ide-0.5.3\\out\\server\\src\\server.js:2393:5254)\n    at U2.updateEnvironmentWith (c:\\Users\\egoytendia\\.vscode\\extensions\\uqbar.wollok-lsp-ide-0.5.3\\out\\server\\src\\server.js:2393:4989)\n    at JF (c:\\Users\\egoytendia\\.vscode\\extensions\\uqbar.wollok-lsp-ide-0.5.3\\out\\server\\src\\server.js:2393:7383)\n    at F3.invoke (c:\\Users\\egoytendia\\.vscode\\extensions\\uqbar.wollok-lsp-ide-0.5.3\\out\\server\\src\\server.js:3:157334)\n    at o.fire (c:\\Users\\egoytendia\\.vscode\\extensions\\uqbar.wollok-lsp-ide-0.5.3\\out\\server\\src\\server.js:3:158104)\n    at c:\\Users\\egoytendia\\.vscode\\extensions\\uqbar.wollok-lsp-ide-0.5.3\\out\\server\\src\\server.js:37:57871\n    at Zr (c:\\Users\\egoytendia\\.vscode\\extensions\\uqbar.wollok-lsp-ide-0.5.3\\out\\server\\src\\server.js:8:1561)","timestamp":"2025-12-13T02:58:04.918Z"}
{"level":"error","message":"✘ Failed to rebuild document Failed to parse parciales/amongUs/tareas.wlk: \n-- PARSING FAILED --------------------------------------------------\n\n  21 | }\n  22 | \n> 23 | class SacarBasura inhertis  {\n     |                   ^\n  24 |   \n  25 | }\n\nExpected one of the following: \n\n'inherits', '{', whitespace\n","stack":"Error: Failed to parse parciales/amongUs/tareas.wlk: \n-- PARSING FAILED --------------------------------------------------\n\n  21 | }\n  22 | \n> 23 | class SacarBasura inhertis  {\n     |                   ^\n  24 |   \n  25 | }\n\nExpected one of the following: \n\n'inherits', '{', whitespace\n\n    at c:\\Users\\egoytendia\\.vscode\\extensions\\uqbar.wollok-lsp-ide-0.5.3\\out\\server\\src\\server.js:2348:13026\n    at Array.map (<anonymous>)\n    at W1n (c:\\Users\\egoytendia\\.vscode\\extensions\\uqbar.wollok-lsp-ide-0.5.3\\out\\server\\src\\server.js:2348:12950)\n    at U2.buildEnvironmentFrom (c:\\Users\\egoytendia\\.vscode\\extensions\\uqbar.wollok-lsp-ide-0.5.3\\out\\server\\src\\server.js:2393:5254)\n    at U2.updateEnvironmentWith (c:\\Users\\egoytendia\\.vscode\\extensions\\uqbar.wollok-lsp-ide-0.5.3\\out\\server\\src\\server.js:2393:4989)\n    at JF (c:\\Users\\egoytendia\\.vscode\\extensions\\uqbar.wollok-lsp-ide-0.5.3\\out\\server\\src\\server.js:2393:7383)\n    at F3.invoke (c:\\Users\\egoytendia\\.vscode\\extensions\\uqbar.wollok-lsp-ide-0.5.3\\out\\server\\src\\server.js:3:157334)\n    at o.fire (c:\\Users\\egoytendia\\.vscode\\extensions\\uqbar.wollok-lsp-ide-0.5.3\\out\\server\\src\\server.js:3:158104)\n    at c:\\Users\\egoytendia\\.vscode\\extensions\\uqbar.wollok-lsp-ide-0.5.3\\out\\server\\src\\server.js:37:57871\n    at Zr (c:\\Users\\egoytendia\\.vscode\\extensions\\uqbar.wollok-lsp-ide-0.5.3\\out\\server\\src\\server.js:8:1561)","timestamp":"2025-12-13T02:58:05.371Z"}
{"level":"error","message":"✘ Failed to rebuild document Failed to parse parciales/amongUs/tareas.wlk: \n-- PARSING FAILED --------------------------------------------------\n\n  21 | }\n  22 | \n> 23 | class SacarBasura inhertis {\n     |                   ^\n  24 |   \n  25 | }\n\nExpected one of the following: \n\n'inherits', '{', whitespace\n","stack":"Error: Failed to parse parciales/amongUs/tareas.wlk: \n-- PARSING FAILED --------------------------------------------------\n\n  21 | }\n  22 | \n> 23 | class SacarBasura inhertis {\n     |                   ^\n  24 |   \n  25 | }\n\nExpected one of the following: \n\n'inherits', '{', whitespace\n\n    at c:\\Users\\egoytendia\\.vscode\\extensions\\uqbar.wollok-lsp-ide-0.5.3\\out\\server\\src\\server.js:2348:13026\n    at Array.map (<anonymous>)\n    at W1n (c:\\Users\\egoytendia\\.vscode\\extensions\\uqbar.wollok-lsp-ide-0.5.3\\out\\server\\src\\server.js:2348:12950)\n    at U2.buildEnvironmentFrom (c:\\Users\\egoytendia\\.vscode\\extensions\\uqbar.wollok-lsp-ide-0.5.3\\out\\server\\src\\server.js:2393:5254)\n    at U2.updateEnvironmentWith (c:\\Users\\egoytendia\\.vscode\\extensions\\uqbar.wollok-lsp-ide-0.5.3\\out\\server\\src\\server.js:2393:4989)\n    at JF (c:\\Users\\egoytendia\\.vscode\\extensions\\uqbar.wollok-lsp-ide-0.5.3\\out\\server\\src\\server.js:2393:7383)\n    at F3.invoke (c:\\Users\\egoytendia\\.vscode\\extensions\\uqbar.wollok-lsp-ide-0.5.3\\out\\server\\src\\server.js:3:157334)\n    at o.fire (c:\\Users\\egoytendia\\.vscode\\extensions\\uqbar.wollok-lsp-ide-0.5.3\\out\\server\\src\\server.js:3:158104)\n    at c:\\Users\\egoytendia\\.vscode\\extensions\\uqbar.wollok-lsp-ide-0.5.3\\out\\server\\src\\server.js:37:57871\n    at Zr (c:\\Users\\egoytendia\\.vscode\\extensions\\uqbar.wollok-lsp-ide-0.5.3\\out\\server\\src\\server.js:8:1561)","timestamp":"2025-12-13T02:58:06.062Z"}
{"level":"error","message":"✘ Failed to rebuild document Failed to parse parciales/amongUs/tareas.wlk: \n-- PARSING FAILED --------------------------------------------------\n\n  21 | }\n  22 | \n> 23 | class SacarBasura inherti {\n     |                   ^\n  24 |   \n  25 | }\n\nExpected one of the following: \n\n'inherits', '{', whitespace\n","stack":"Error: Failed to parse parciales/amongUs/tareas.wlk: \n-- PARSING FAILED --------------------------------------------------\n\n  21 | }\n  22 | \n> 23 | class SacarBasura inherti {\n     |                   ^\n  24 |   \n  25 | }\n\nExpected one of the following: \n\n'inherits', '{', whitespace\n\n    at c:\\Users\\egoytendia\\.vscode\\extensions\\uqbar.wollok-lsp-ide-0.5.3\\out\\server\\src\\server.js:2348:13026\n    at Array.map (<anonymous>)\n    at W1n (c:\\Users\\egoytendia\\.vscode\\extensions\\uqbar.wollok-lsp-ide-0.5.3\\out\\server\\src\\server.js:2348:12950)\n    at U2.buildEnvironmentFrom (c:\\Users\\egoytendia\\.vscode\\extensions\\uqbar.wollok-lsp-ide-0.5.3\\out\\server\\src\\server.js:2393:5254)\n    at U2.updateEnvironmentWith (c:\\Users\\egoytendia\\.vscode\\extensions\\uqbar.wollok-lsp-ide-0.5.3\\out\\server\\src\\server.js:2393:4989)\n    at JF (c:\\Users\\egoytendia\\.vscode\\extensions\\uqbar.wollok-lsp-ide-0.5.3\\out\\server\\src\\server.js:2393:7383)\n    at F3.invoke (c:\\Users\\egoytendia\\.vscode\\extensions\\uqbar.wollok-lsp-ide-0.5.3\\out\\server\\src\\server.js:3:157334)\n    at o.fire (c:\\Users\\egoytendia\\.vscode\\extensions\\uqbar.wollok-lsp-ide-0.5.3\\out\\server\\src\\server.js:3:158104)\n    at c:\\Users\\egoytendia\\.vscode\\extensions\\uqbar.wollok-lsp-ide-0.5.3\\out\\server\\src\\server.js:37:57871\n    at Zr (c:\\Users\\egoytendia\\.vscode\\extensions\\uqbar.wollok-lsp-ide-0.5.3\\out\\server\\src\\server.js:8:1561)","timestamp":"2025-12-13T02:58:06.225Z"}
{"level":"error","message":"✘ Failed to rebuild document Failed to parse parciales/amongUs/tareas.wlk: \n-- PARSING FAILED --------------------------------------------------\n\n  21 | }\n  22 | \n> 23 | class SacarBasura inhert {\n     |                   ^\n  24 |   \n  25 | }\n\nExpected one of the following: \n\n'inherits', '{', whitespace\n","stack":"Error: Failed to parse parciales/amongUs/tareas.wlk: \n-- PARSING FAILED --------------------------------------------------\n\n  21 | }\n  22 | \n> 23 | class SacarBasura inhert {\n     |                   ^\n  24 |   \n  25 | }\n\nExpected one of the following: \n\n'inherits', '{', whitespace\n\n    at c:\\Users\\egoytendia\\.vscode\\extensions\\uqbar.wollok-lsp-ide-0.5.3\\out\\server\\src\\server.js:2348:13026\n    at Array.map (<anonymous>)\n    at W1n (c:\\Users\\egoytendia\\.vscode\\extensions\\uqbar.wollok-lsp-ide-0.5.3\\out\\server\\src\\server.js:2348:12950)\n    at U2.buildEnvironmentFrom (c:\\Users\\egoytendia\\.vscode\\extensions\\uqbar.wollok-lsp-ide-0.5.3\\out\\server\\src\\server.js:2393:5254)\n    at U2.updateEnvironmentWith (c:\\Users\\egoytendia\\.vscode\\extensions\\uqbar.wollok-lsp-ide-0.5.3\\out\\server\\src\\server.js:2393:4989)\n    at JF (c:\\Users\\egoytendia\\.vscode\\extensions\\uqbar.wollok-lsp-ide-0.5.3\\out\\server\\src\\server.js:2393:7383)\n    at F3.invoke (c:\\Users\\egoytendia\\.vscode\\extensions\\uqbar.wollok-lsp-ide-0.5.3\\out\\server\\src\\server.js:3:157334)\n    at o.fire (c:\\Users\\egoytendia\\.vscode\\extensions\\uqbar.wollok-lsp-ide-0.5.3\\out\\server\\src\\server.js:3:158104)\n    at c:\\Users\\egoytendia\\.vscode\\extensions\\uqbar.wollok-lsp-ide-0.5.3\\out\\server\\src\\server.js:37:57871\n    at Zr (c:\\Users\\egoytendia\\.vscode\\extensions\\uqbar.wollok-lsp-ide-0.5.3\\out\\server\\src\\server.js:8:1561)","timestamp":"2025-12-13T02:58:06.358Z"}
{"level":"error","message":"✘ Failed to rebuild document Failed to parse parciales/amongUs/tareas.wlk: \n-- PARSING FAILED --------------------------------------------------\n\n  21 | }\n  22 | \n> 23 | class SacarBasura inher {\n     |                   ^\n  24 |   \n  25 | }\n\nExpected one of the following: \n\n'inherits', '{', whitespace\n","stack":"Error: Failed to parse parciales/amongUs/tareas.wlk: \n-- PARSING FAILED --------------------------------------------------\n\n  21 | }\n  22 | \n> 23 | class SacarBasura inher {\n     |                   ^\n  24 |   \n  25 | }\n\nExpected one of the following: \n\n'inherits', '{', whitespace\n\n    at c:\\Users\\egoytendia\\.vscode\\extensions\\uqbar.wollok-lsp-ide-0.5.3\\out\\server\\src\\server.js:2348:13026\n    at Array.map (<anonymous>)\n    at W1n (c:\\Users\\egoytendia\\.vscode\\extensions\\uqbar.wollok-lsp-ide-0.5.3\\out\\server\\src\\server.js:2348:12950)\n    at U2.buildEnvironmentFrom (c:\\Users\\egoytendia\\.vscode\\extensions\\uqbar.wollok-lsp-ide-0.5.3\\out\\server\\src\\server.js:2393:5254)\n    at U2.updateEnvironmentWith (c:\\Users\\egoytendia\\.vscode\\extensions\\uqbar.wollok-lsp-ide-0.5.3\\out\\server\\src\\server.js:2393:4989)\n    at JF (c:\\Users\\egoytendia\\.vscode\\extensions\\uqbar.wollok-lsp-ide-0.5.3\\out\\server\\src\\server.js:2393:7383)\n    at F3.invoke (c:\\Users\\egoytendia\\.vscode\\extensions\\uqbar.wollok-lsp-ide-0.5.3\\out\\server\\src\\server.js:3:157334)\n    at o.fire (c:\\Users\\egoytendia\\.vscode\\extensions\\uqbar.wollok-lsp-ide-0.5.3\\out\\server\\src\\server.js:3:158104)\n    at c:\\Users\\egoytendia\\.vscode\\extensions\\uqbar.wollok-lsp-ide-0.5.3\\out\\server\\src\\server.js:37:57871\n    at Zr (c:\\Users\\egoytendia\\.vscode\\extensions\\uqbar.wollok-lsp-ide-0.5.3\\out\\server\\src\\server.js:8:1561)","timestamp":"2025-12-13T02:58:06.490Z"}
{"level":"error","message":"✘ Failed to rebuild document Failed to parse parciales/amongUs/tareas.wlk: \n-- PARSING FAILED --------------------------------------------------\n\n  21 | }\n  22 | \n> 23 | class SacarBasura inhe {\n     |                   ^\n  24 |   \n  25 | }\n\nExpected one of the following: \n\n'inherits', '{', whitespace\n","stack":"Error: Failed to parse parciales/amongUs/tareas.wlk: \n-- PARSING FAILED --------------------------------------------------\n\n  21 | }\n  22 | \n> 23 | class SacarBasura inhe {\n     |                   ^\n  24 |   \n  25 | }\n\nExpected one of the following: \n\n'inherits', '{', whitespace\n\n    at c:\\Users\\egoytendia\\.vscode\\extensions\\uqbar.wollok-lsp-ide-0.5.3\\out\\server\\src\\server.js:2348:13026\n    at Array.map (<anonymous>)\n    at W1n (c:\\Users\\egoytendia\\.vscode\\extensions\\uqbar.wollok-lsp-ide-0.5.3\\out\\server\\src\\server.js:2348:12950)\n    at U2.buildEnvironmentFrom (c:\\Users\\egoytendia\\.vscode\\extensions\\uqbar.wollok-lsp-ide-0.5.3\\out\\server\\src\\server.js:2393:5254)\n    at U2.updateEnvironmentWith (c:\\Users\\egoytendia\\.vscode\\extensions\\uqbar.wollok-lsp-ide-0.5.3\\out\\server\\src\\server.js:2393:4989)\n    at JF (c:\\Users\\egoytendia\\.vscode\\extensions\\uqbar.wollok-lsp-ide-0.5.3\\out\\server\\src\\server.js:2393:7383)\n    at F3.invoke (c:\\Users\\egoytendia\\.vscode\\extensions\\uqbar.wollok-lsp-ide-0.5.3\\out\\server\\src\\server.js:3:157334)\n    at o.fire (c:\\Users\\egoytendia\\.vscode\\extensions\\uqbar.wollok-lsp-ide-0.5.3\\out\\server\\src\\server.js:3:158104)\n    at c:\\Users\\egoytendia\\.vscode\\extensions\\uqbar.wollok-lsp-ide-0.5.3\\out\\server\\src\\server.js:37:57871\n    at Zr (c:\\Users\\egoytendia\\.vscode\\extensions\\uqbar.wollok-lsp-ide-0.5.3\\out\\server\\src\\server.js:8:1561)","timestamp":"2025-12-13T02:58:06.627Z"}
{"level":"error","message":"✘ Failed to rebuild document Failed to parse parciales/amongUs/tareas.wlk: \n-- PARSING FAILED --------------------------------------------------\n\n  21 | }\n  22 | \n> 23 | class SacarBasura inhei {\n     |                   ^\n  24 |   \n  25 | }\n\nExpected one of the following: \n\n'inherits', '{', whitespace\n","stack":"Error: Failed to parse parciales/amongUs/tareas.wlk: \n-- PARSING FAILED --------------------------------------------------\n\n  21 | }\n  22 | \n> 23 | class SacarBasura inhei {\n     |                   ^\n  24 |   \n  25 | }\n\nExpected one of the following: \n\n'inherits', '{', whitespace\n\n    at c:\\Users\\egoytendia\\.vscode\\extensions\\uqbar.wollok-lsp-ide-0.5.3\\out\\server\\src\\server.js:2348:13026\n    at Array.map (<anonymous>)\n    at W1n (c:\\Users\\egoytendia\\.vscode\\extensions\\uqbar.wollok-lsp-ide-0.5.3\\out\\server\\src\\server.js:2348:12950)\n    at U2.buildEnvironmentFrom (c:\\Users\\egoytendia\\.vscode\\extensions\\uqbar.wollok-lsp-ide-0.5.3\\out\\server\\src\\server.js:2393:5254)\n    at U2.updateEnvironmentWith (c:\\Users\\egoytendia\\.vscode\\extensions\\uqbar.wollok-lsp-ide-0.5.3\\out\\server\\src\\server.js:2393:4989)\n    at JF (c:\\Users\\egoytendia\\.vscode\\extensions\\uqbar.wollok-lsp-ide-0.5.3\\out\\server\\src\\server.js:2393:7383)\n    at F3.invoke (c:\\Users\\egoytendia\\.vscode\\extensions\\uqbar.wollok-lsp-ide-0.5.3\\out\\server\\src\\server.js:3:157334)\n    at o.fire (c:\\Users\\egoytendia\\.vscode\\extensions\\uqbar.wollok-lsp-ide-0.5.3\\out\\server\\src\\server.js:3:158104)\n    at c:\\Users\\egoytendia\\.vscode\\extensions\\uqbar.wollok-lsp-ide-0.5.3\\out\\server\\src\\server.js:37:57871\n    at Zr (c:\\Users\\egoytendia\\.vscode\\extensions\\uqbar.wollok-lsp-ide-0.5.3\\out\\server\\src\\server.js:8:1561)","timestamp":"2025-12-13T02:58:06.902Z"}
{"level":"error","message":"✘ Failed to rebuild document Failed to parse parciales/amongUs/tareas.wlk: \n-- PARSING FAILED --------------------------------------------------\n\n  21 | }\n  22 | \n> 23 | class SacarBasura inhe {\n     |                   ^\n  24 |   \n  25 | }\n\nExpected one of the following: \n\n'inherits', '{', whitespace\n","stack":"Error: Failed to parse parciales/amongUs/tareas.wlk: \n-- PARSING FAILED --------------------------------------------------\n\n  21 | }\n  22 | \n> 23 | class SacarBasura inhe {\n     |                   ^\n  24 |   \n  25 | }\n\nExpected one of the following: \n\n'inherits', '{', whitespace\n\n    at c:\\Users\\egoytendia\\.vscode\\extensions\\uqbar.wollok-lsp-ide-0.5.3\\out\\server\\src\\server.js:2348:13026\n    at Array.map (<anonymous>)\n    at W1n (c:\\Users\\egoytendia\\.vscode\\extensions\\uqbar.wollok-lsp-ide-0.5.3\\out\\server\\src\\server.js:2348:12950)\n    at U2.buildEnvironmentFrom (c:\\Users\\egoytendia\\.vscode\\extensions\\uqbar.wollok-lsp-ide-0.5.3\\out\\server\\src\\server.js:2393:5254)\n    at U2.updateEnvironmentWith (c:\\Users\\egoytendia\\.vscode\\extensions\\uqbar.wollok-lsp-ide-0.5.3\\out\\server\\src\\server.js:2393:4989)\n    at JF (c:\\Users\\egoytendia\\.vscode\\extensions\\uqbar.wollok-lsp-ide-0.5.3\\out\\server\\src\\server.js:2393:7383)\n    at F3.invoke (c:\\Users\\egoytendia\\.vscode\\extensions\\uqbar.wollok-lsp-ide-0.5.3\\out\\server\\src\\server.js:3:157334)\n    at o.fire (c:\\Users\\egoytendia\\.vscode\\extensions\\uqbar.wollok-lsp-ide-0.5.3\\out\\server\\src\\server.js:3:158104)\n    at c:\\Users\\egoytendia\\.vscode\\extensions\\uqbar.wollok-lsp-ide-0.5.3\\out\\server\\src\\server.js:37:57871\n    at Zr (c:\\Users\\egoytendia\\.vscode\\extensions\\uqbar.wollok-lsp-ide-0.5.3\\out\\server\\src\\server.js:8:1561)","timestamp":"2025-12-13T02:58:07.207Z"}
{"level":"error","message":"✘ Failed to rebuild document Failed to parse parciales/amongUs/tareas.wlk: \n-- PARSING FAILED --------------------------------------------------\n\n  21 | }\n  22 | \n> 23 | class SacarBasura inher {\n     |                   ^\n  24 |   \n  25 | }\n\nExpected one of the following: \n\n'inherits', '{', whitespace\n","stack":"Error: Failed to parse parciales/amongUs/tareas.wlk: \n-- PARSING FAILED --------------------------------------------------\n\n  21 | }\n  22 | \n> 23 | class SacarBasura inher {\n     |                   ^\n  24 |   \n  25 | }\n\nExpected one of the following: \n\n'inherits', '{', whitespace\n\n    at c:\\Users\\egoytendia\\.vscode\\extensions\\uqbar.wollok-lsp-ide-0.5.3\\out\\server\\src\\server.js:2348:13026\n    at Array.map (<anonymous>)\n    at W1n (c:\\Users\\egoytendia\\.vscode\\extensions\\uqbar.wollok-lsp-ide-0.5.3\\out\\server\\src\\server.js:2348:12950)\n    at U2.buildEnvironmentFrom (c:\\Users\\egoytendia\\.vscode\\extensions\\uqbar.wollok-lsp-ide-0.5.3\\out\\server\\src\\server.js:2393:5254)\n    at U2.updateEnvironmentWith (c:\\Users\\egoytendia\\.vscode\\extensions\\uqbar.wollok-lsp-ide-0.5.3\\out\\server\\src\\server.js:2393:4989)\n    at JF (c:\\Users\\egoytendia\\.vscode\\extensions\\uqbar.wollok-lsp-ide-0.5.3\\out\\server\\src\\server.js:2393:7383)\n    at F3.invoke (c:\\Users\\egoytendia\\.vscode\\extensions\\uqbar.wollok-lsp-ide-0.5.3\\out\\server\\src\\server.js:3:157334)\n    at o.fire (c:\\Users\\egoytendia\\.vscode\\extensions\\uqbar.wollok-lsp-ide-0.5.3\\out\\server\\src\\server.js:3:158104)\n    at c:\\Users\\egoytendia\\.vscode\\extensions\\uqbar.wollok-lsp-ide-0.5.3\\out\\server\\src\\server.js:37:57871\n    at Zr (c:\\Users\\egoytendia\\.vscode\\extensions\\uqbar.wollok-lsp-ide-0.5.3\\out\\server\\src\\server.js:8:1561)","timestamp":"2025-12-13T02:58:07.611Z"}
{"level":"error","message":"✘ Failed to rebuild document Failed to parse parciales/amongUs/tareas.wlk: \n-- PARSING FAILED --------------------------------------------------\n\n  21 | }\n  22 | \n> 23 | class SacarBasura inheri {\n     |                   ^\n  24 |   \n  25 | }\n\nExpected one of the following: \n\n'inherits', '{', whitespace\n","stack":"Error: Failed to parse parciales/amongUs/tareas.wlk: \n-- PARSING FAILED --------------------------------------------------\n\n  21 | }\n  22 | \n> 23 | class SacarBasura inheri {\n     |                   ^\n  24 |   \n  25 | }\n\nExpected one of the following: \n\n'inherits', '{', whitespace\n\n    at c:\\Users\\egoytendia\\.vscode\\extensions\\uqbar.wollok-lsp-ide-0.5.3\\out\\server\\src\\server.js:2348:13026\n    at Array.map (<anonymous>)\n    at W1n (c:\\Users\\egoytendia\\.vscode\\extensions\\uqbar.wollok-lsp-ide-0.5.3\\out\\server\\src\\server.js:2348:12950)\n    at U2.buildEnvironmentFrom (c:\\Users\\egoytendia\\.vscode\\extensions\\uqbar.wollok-lsp-ide-0.5.3\\out\\server\\src\\server.js:2393:5254)\n    at U2.updateEnvironmentWith (c:\\Users\\egoytendia\\.vscode\\extensions\\uqbar.wollok-lsp-ide-0.5.3\\out\\server\\src\\server.js:2393:4989)\n    at JF (c:\\Users\\egoytendia\\.vscode\\extensions\\uqbar.wollok-lsp-ide-0.5.3\\out\\server\\src\\server.js:2393:7383)\n    at F3.invoke (c:\\Users\\egoytendia\\.vscode\\extensions\\uqbar.wollok-lsp-ide-0.5.3\\out\\server\\src\\server.js:3:157334)\n    at o.fire (c:\\Users\\egoytendia\\.vscode\\extensions\\uqbar.wollok-lsp-ide-0.5.3\\out\\server\\src\\server.js:3:158104)\n    at c:\\Users\\egoytendia\\.vscode\\extensions\\uqbar.wollok-lsp-ide-0.5.3\\out\\server\\src\\server.js:37:57871\n    at Zr (c:\\Users\\egoytendia\\.vscode\\extensions\\uqbar.wollok-lsp-ide-0.5.3\\out\\server\\src\\server.js:8:1561)","timestamp":"2025-12-13T02:58:07.686Z"}
{"level":"error","message":"✘ Failed to rebuild document Failed to parse parciales/amongUs/tareas.wlk: \n-- PARSING FAILED --------------------------------------------------\n\n  21 | }\n  22 | \n> 23 | class SacarBasura inherit {\n     |                   ^\n  24 |   \n  25 | }\n\nExpected one of the following: \n\n'inherits', '{', whitespace\n","stack":"Error: Failed to parse parciales/amongUs/tareas.wlk: \n-- PARSING FAILED --------------------------------------------------\n\n  21 | }\n  22 | \n> 23 | class SacarBasura inherit {\n     |                   ^\n  24 |   \n  25 | }\n\nExpected one of the following: \n\n'inherits', '{', whitespace\n\n    at c:\\Users\\egoytendia\\.vscode\\extensions\\uqbar.wollok-lsp-ide-0.5.3\\out\\server\\src\\server.js:2348:13026\n    at Array.map (<anonymous>)\n    at W1n (c:\\Users\\egoytendia\\.vscode\\extensions\\uqbar.wollok-lsp-ide-0.5.3\\out\\server\\src\\server.js:2348:12950)\n    at U2.buildEnvironmentFrom (c:\\Users\\egoytendia\\.vscode\\extensions\\uqbar.wollok-lsp-ide-0.5.3\\out\\server\\src\\server.js:2393:5254)\n    at U2.updateEnvironmentWith (c:\\Users\\egoytendia\\.vscode\\extensions\\uqbar.wollok-lsp-ide-0.5.3\\out\\server\\src\\server.js:2393:4989)\n    at JF (c:\\Users\\egoytendia\\.vscode\\extensions\\uqbar.wollok-lsp-ide-0.5.3\\out\\server\\src\\server.js:2393:7383)\n    at F3.invoke (c:\\Users\\egoytendia\\.vscode\\extensions\\uqbar.wollok-lsp-ide-0.5.3\\out\\server\\src\\server.js:3:157334)\n    at o.fire (c:\\Users\\egoytendia\\.vscode\\extensions\\uqbar.wollok-lsp-ide-0.5.3\\out\\server\\src\\server.js:3:158104)\n    at c:\\Users\\egoytendia\\.vscode\\extensions\\uqbar.wollok-lsp-ide-0.5.3\\out\\server\\src\\server.js:37:57871\n    at Zr (c:\\Users\\egoytendia\\.vscode\\extensions\\uqbar.wollok-lsp-ide-0.5.3\\out\\server\\src\\server.js:8:1561)","timestamp":"2025-12-13T02:58:07.788Z"}
{"level":"error","message":"✘ Failed to rebuild document Failed to parse parciales/amongUs/tareas.wlk: \n-- PARSING FAILED --------------------------------------------------\n\n  21 | }\n  22 | \n> 23 | class SacarBasura inherits {\n     |                            ^\n  24 |   \n  25 | }\n\nExpected one of the following: \n\n'@', comment, identifier, package identifier, whitespace\n","stack":"Error: Failed to parse parciales/amongUs/tareas.wlk: \n-- PARSING FAILED --------------------------------------------------\n\n  21 | }\n  22 | \n> 23 | class SacarBasura inherits {\n     |                            ^\n  24 |   \n  25 | }\n\nExpected one of the following: \n\n'@', comment, identifier, package identifier, whitespace\n\n    at c:\\Users\\egoytendia\\.vscode\\extensions\\uqbar.wollok-lsp-ide-0.5.3\\out\\server\\src\\server.js:2348:13026\n    at Array.map (<anonymous>)\n    at W1n (c:\\Users\\egoytendia\\.vscode\\extensions\\uqbar.wollok-lsp-ide-0.5.3\\out\\server\\src\\server.js:2348:12950)\n    at U2.buildEnvironmentFrom (c:\\Users\\egoytendia\\.vscode\\extensions\\uqbar.wollok-lsp-ide-0.5.3\\out\\server\\src\\server.js:2393:5254)\n    at U2.updateEnvironmentWith (c:\\Users\\egoytendia\\.vscode\\extensions\\uqbar.wollok-lsp-ide-0.5.3\\out\\server\\src\\server.js:2393:4989)\n    at JF (c:\\Users\\egoytendia\\.vscode\\extensions\\uqbar.wollok-lsp-ide-0.5.3\\out\\server\\src\\server.js:2393:7383)\n    at F3.invoke (c:\\Users\\egoytendia\\.vscode\\extensions\\uqbar.wollok-lsp-ide-0.5.3\\out\\server\\src\\server.js:3:157334)\n    at o.fire (c:\\Users\\egoytendia\\.vscode\\extensions\\uqbar.wollok-lsp-ide-0.5.3\\out\\server\\src\\server.js:3:158104)\n    at c:\\Users\\egoytendia\\.vscode\\extensions\\uqbar.wollok-lsp-ide-0.5.3\\out\\server\\src\\server.js:37:57871\n    at Zr (c:\\Users\\egoytendia\\.vscode\\extensions\\uqbar.wollok-lsp-ide-0.5.3\\out\\server\\src\\server.js:8:1561)","timestamp":"2025-12-13T02:58:07.965Z"}
{"level":"error","message":"✘ Failed to rebuild document Failed to parse parciales/amongUs/tareas.wlk: \n-- PARSING FAILED --------------------------------------------------\n\n  21 | }\n  22 | \n> 23 | class SacarBasura inherits  {\n     |                             ^\n  24 |   \n  25 | }\n\nExpected one of the following: \n\n'@', comment, identifier, package identifier, whitespace\n","stack":"Error: Failed to parse parciales/amongUs/tareas.wlk: \n-- PARSING FAILED --------------------------------------------------\n\n  21 | }\n  22 | \n> 23 | class SacarBasura inherits  {\n     |                             ^\n  24 |   \n  25 | }\n\nExpected one of the following: \n\n'@', comment, identifier, package identifier, whitespace\n\n    at c:\\Users\\egoytendia\\.vscode\\extensions\\uqbar.wollok-lsp-ide-0.5.3\\out\\server\\src\\server.js:2348:13026\n    at Array.map (<anonymous>)\n    at W1n (c:\\Users\\egoytendia\\.vscode\\extensions\\uqbar.wollok-lsp-ide-0.5.3\\out\\server\\src\\server.js:2348:12950)\n    at U2.buildEnvironmentFrom (c:\\Users\\egoytendia\\.vscode\\extensions\\uqbar.wollok-lsp-ide-0.5.3\\out\\server\\src\\server.js:2393:5254)\n    at U2.updateEnvironmentWith (c:\\Users\\egoytendia\\.vscode\\extensions\\uqbar.wollok-lsp-ide-0.5.3\\out\\server\\src\\server.js:2393:4989)\n    at JF (c:\\Users\\egoytendia\\.vscode\\extensions\\uqbar.wollok-lsp-ide-0.5.3\\out\\server\\src\\server.js:2393:7383)\n    at F3.invoke (c:\\Users\\egoytendia\\.vscode\\extensions\\uqbar.wollok-lsp-ide-0.5.3\\out\\server\\src\\server.js:3:157334)\n    at o.fire (c:\\Users\\egoytendia\\.vscode\\extensions\\uqbar.wollok-lsp-ide-0.5.3\\out\\server\\src\\server.js:3:158104)\n    at c:\\Users\\egoytendia\\.vscode\\extensions\\uqbar.wollok-lsp-ide-0.5.3\\out\\server\\src\\server.js:37:57871\n    at Zr (c:\\Users\\egoytendia\\.vscode\\extensions\\uqbar.wollok-lsp-ide-0.5.3\\out\\server\\src\\server.js:8:1561)","timestamp":"2025-12-13T02:58:08.962Z"}
{"level":"error","message":"✘ Completions for node ParameterizedType ([23:28, 23:29] - parciales/amongUs/tareas.wlk) failed: Error: [ParameterizedType]{0fa118} at parciales/amongUs/tareas.wlk:23 exhausted all cases without a match [ParameterizedType]{0fa118} at parciales/amongUs/tareas.wlk:23 exhausted all cases without a match","stack":"Error: [ParameterizedType]{0fa118} at parciales/amongUs/tareas.wlk:23 exhausted all cases without a match\n    at c:\\Users\\egoytendia\\.vscode\\extensions\\uqbar.wollok-lsp-ide-0.5.3\\out\\server\\src\\server.js:38:6142\n    at D2 (c:\\Users\\egoytendia\\.vscode\\extensions\\uqbar.wollok-lsp-ide-0.5.3\\out\\server\\src\\server.js:2384:42)\n    at Qh (c:\\Users\\egoytendia\\.vscode\\extensions\\uqbar.wollok-lsp-ide-0.5.3\\out\\server\\src\\server.js:2384:1092)\n    at k6n (c:\\Users\\egoytendia\\.vscode\\extensions\\uqbar.wollok-lsp-ide-0.5.3\\out\\server\\src\\server.js:2384:1248)\n    at c:\\Users\\egoytendia\\.vscode\\extensions\\uqbar.wollok-lsp-ide-0.5.3\\out\\server\\src\\server.js:38:6131\n    at D2 (c:\\Users\\egoytendia\\.vscode\\extensions\\uqbar.wollok-lsp-ide-0.5.3\\out\\server\\src\\server.js:2384:42)\n    at c:\\Users\\egoytendia\\.vscode\\extensions\\uqbar.wollok-lsp-ide-0.5.3\\out\\server\\src\\server.js:2384:2988\n    at c:\\Users\\egoytendia\\.vscode\\extensions\\uqbar.wollok-lsp-ide-0.5.3\\out\\server\\src\\server.js:2393:8440\n    at c:\\Users\\egoytendia\\.vscode\\extensions\\uqbar.wollok-lsp-ide-0.5.3\\out\\server\\src\\server.js:37:74872\n    at Ye (c:\\Users\\egoytendia\\.vscode\\extensions\\uqbar.wollok-lsp-ide-0.5.3\\out\\server\\src\\server.js:7:8527)","timestamp":"2025-12-13T02:58:09.383Z"}
